keyword,title,date,section
달러강세,"9만불 넘기도 버거운데 또 질렀네...JP모건 ""최대 17만불까지 오를 것",2026-01-01 07:06:00,real_assets
채권금리,"불확실성 파고"" 넘는다...베스트 자산컨설턴트 14人의 활약상",2026-01-01 07:53:00,domestic_bond
국채,고객 불안 줄이는 자산관리...설계 전문가현장 누비며 트렌드 찾는다,2026-01-01 07:54:00,domestic_bond
국채,"선택 폭 넓혀주는 자산배분 전문가...""자산관리 본질은 고객의 감정 이해",2026-01-01 07:54:00,domestic_bond
국채,뉴욕증시 3년 연속 두자릿수 상승...승자는 AI,2026-01-01 08:56:00,domestic_bond
기준금리,"아버님, 꼭 오래 사세요""...국내 첫 낸 돈보다 38% 더주는 ""이 연금"" 나온다",2026-01-01 09:00:00,domestic_bond
환율,"작년 물가 안정됐다니, 말이 돼?""...소비자물가 뛰어넘은 체감물가 왜",2026-01-01 09:46:00,real_assets
환율,"국민 절반 ""코스피 5000 가능""...""올해 경기 더 어려울 것"" 46% 응답",2026-01-01 09:48:00,real_assets
국채,"디지털자산 시장 2025년 3가지 회고, 2026년 3가지 전망",2026-01-01 10:09:00,domestic_bond
기준금리,"아 옛날이여"" 인기 떨어진 지방銀, 예금 유치도 인뱅과 격차 벌어져",2026-01-01 10:35:00,domestic_bond
국채,"AI거품론 쏘아올린 올트먼, 리딩방 오픈한 버블무새...월가를 울렸다",2026-01-01 10:38:00,domestic_bond
환율,"9000원대 초가성비""... 롯데마트 PB ""오늘좋은 엑스트라버진 올리브유"" 출시",2026-01-01 11:05:00,real_assets
기준금리,벌써 한숨만...1300원대 환율 다시 못 보나,2026-01-01 13:00:00,domestic_bond
환율,"소상공인 상환부담 덜어준다...서울시, 금융지원 2조4000억원 투입",2026-01-01 13:02:00,real_assets
환율,성장률 반등 韓경제 뜨겁게 질주하라,2026-01-01 16:10:00,real_assets
국채,정부 개입에 잠시 고개 든 원화값 구조화된 원화 약세 극복이 관건,2026-01-01 16:11:00,domestic_bond
기준금리,물가·환율·집값 금리 인하 막는 '3개의 벽,2026-01-01 16:11:00,domestic_bond
기준금리,올해 수도권 집값 2%대 완만한 상승...지역별 양극화 심화,2026-01-01 16:11:00,domestic_bond
기준금리,"이번 생엔 서울 포기"" 사실로?...""못잡겠네"" 아파트값, 미친듯 올랐다",2026-01-01 16:16:00,domestic_bond
국제유가,석화 고강도 구조조정 본격화... 370만t 감축 여정은 험로,2026-01-01 16:51:00,real_assets
국제유가,통합 대한항공' 연내 출범 시너지 기대,2026-01-01 16:51:00,real_assets
환율,각국 경기 부양땐 섬유수출 소폭 늘듯,2026-01-01 16:51:00,real_assets
환율,"국민 절반 ""새해 경기 어려울 것""... 수출성과 가린 내수 챙길 때",2026-01-01 17:02:00,real_assets
국채,美 국채부터 주식·금·원유까지...실물연계 디지털자산 폭풍 성장,2026-01-01 17:19:00,domestic_bond
달러강세,세계 500대 부자 총재산 1경7000조원,2026-01-01 17:25:00,real_assets
환율,삼성의 결단...갤럭시 S26 가격 동결한다,2026-01-01 17:26:00,real_assets
국제유가,"金·銀, 올해 전망도 '반짝",2026-01-01 17:32:00,real_assets
환율,외국환율고시표,2026-01-01 17:38:00,real_assets
원유,"美, 中기업·유조선 제재... 베네수 갈등 G2로 확전",2026-01-01 17:39:00,real_assets
원유,"내가 틀렸다"" 론스타 판정 취소가 남긴 교훈",2026-01-01 17:40:00,real_assets
기준금리,"3년전 죽은 남친 그리워 편지 보냈는데...""소름돋게도 답장이 왔습니다",2026-01-01 18:30:00,domestic_bond
기준금리,"미장 좋지만 ""중화권 증시""도 주목...2026년 자산배분 전략",2026-01-01 21:00:00,domestic_bond
금값,"금값 고공행진에 밀수 기승...중앙은행들 ""직접 매입"" 나섰다",2026-01-02 06:59:00,real_assets
환율,"POSCO홀딩스, 4Q 컨센 하회 전망에도 ""사라""...이유는?",2026-01-02 07:54:00,real_assets
국채,"신의 한수""로 버핏에게 2000억을 받아낸 남자...그의 투자전략이 궁금했다",2026-01-02 08:00:00,domestic_bond
기준금리,"최대 420만원 할인""...르노코리아, 2026년 첫 판매조건 공개",2026-01-02 09:20:00,domestic_bond
금값,불안 없는 퇴직을 위한 성공적 은퇴설계,2026-01-02 09:21:00,real_assets
환율,"신동빈 롯데 회장 ""혁신 바탕으로 새 역사 만들자",2026-01-02 09:37:00,real_assets
달러강세,"올해 성장률 1.8% 반도체 빼면 1.4%""...한은 총재 ""체감경기와 괴리"" 우려",2026-01-02 09:59:00,real_assets
달러강세,"새해 첫 거래일"" 코스피, 장중 사상 최고치 경신...4239.88",2026-01-02 10:18:00,real_assets
국채,"코인베이스 ""올해 실물 연계·인프라 코인이 디지털자산 시장 주도",2026-01-02 11:22:00,domestic_bond
환율,"불가리아, 올해부터 유로화 쓴다...친러시아 진영 반대 뚫고 유로존 가입",2026-01-02 11:26:25,real_assets
금값,금 밀수 막으려...중앙은행이 금광과 직거래,2026-01-02 11:38:00,real_assets
기준금리,새해 맞아 매출 목표부터 세우는 착각...기업이 실패하는 이유,2026-01-02 13:00:00,domestic_bond
국채,"코스피 5000 뒷받침""...이순호 예탁원 사장, 6대 경영과제 제시",2026-01-02 13:32:00,domestic_bond
환율,"코스피 5000 뒷받침""...이순호 예탁원 사장, 6대 경영과제 제시",2026-01-02 13:32:04,real_assets
금값,금값 급등에 밀수 기승...각국 중앙은행 비상이라는데,2026-01-02 13:35:00,real_assets
국채,금 온스당 5000달러간다?...금값과 달러로 본 2026년 투자 전망은,2026-01-02 13:52:00,domestic_bond
환율,금 온스당 5000달러간다?...금값과 달러로 본 2026년 투자 전망은,2026-01-02 13:52:11,real_assets
기준금리,금·은 뛰는데...비트코인 왜 조용할까,2026-01-02 14:18:00,domestic_bond
기준금리,"1달러=1400원대""...구조개혁 없인 백약 무효",2026-01-02 14:24:00,domestic_bond
환율,"1달러=1400원대""...구조개혁 없인 백약 무효",2026-01-02 14:24:51,real_assets
환율,이혜훈의 선택...배신이다? 아니다?,2026-01-02 14:42:40,real_assets
채권금리,"이창용 ""올해 1.8% 성장, 체감경기와 괴리...IT부문 빼면 1.4% 그쳐",2026-01-02 14:53:00,domestic_bond
환율,"이창용 ""올해 1.8% 성장, 체감경기와 괴리...IT부문 빼면 1.4% 그쳐",2026-01-02 14:53:49,real_assets
달러강세,"공급·실적·환율 ""3박자""...올해 항공주 훈풍부나",2026-01-02 15:18:00,real_assets
환율,"공급·실적·환율 ""3박자""...올해 항공주 훈풍부나",2026-01-02 15:18:32,real_assets
환율,"이창용 ""원화가 휴지조각? 유튜버들 얘기...해외 시각 달라",2026-01-02 15:31:58,real_assets
달러강세,"새해 첫날 최고치 ""4300선"" 마감한 코스피...삼성전자는 7%대 급등",2026-01-02 16:33:00,real_assets
환율,기술보다 재무가 어렵죠? 스타트업 금융비서 될게요,2026-01-02 16:49:42,real_assets
달러강세,"13만전자·68만닉스"" 임박...반도체 투톱, ""붉은 말의 해"" 질주 시동",2026-01-02 17:02:00,real_assets
환율,"13만전자·68만닉스"" 임박...반도체 투톱, ""붉은 말의 해"" 질주 시동",2026-01-02 17:02:04,real_assets
국제유가,재정경제부 / 기획예산처 / 한국거래소 등,2026-01-02 17:18:00,real_assets
달러강세,"2026년 제2의 팔란티어 찾아라...미국 증시 ""여기""에 주목",2026-01-02 17:30:00,real_assets
원달러,"또 사상 최고치...증권가선 ""더 상승할 것"" 올해 증시 판도는",2026-01-02 17:34:00,real_assets
환율,"또 사상 최고치...증권가선 ""더 상승할 것"" 올해 증시 판도는",2026-01-02 17:34:40,real_assets
기준금리,"신동빈 ""유통 혁신으로 위기돌파"" 김승연 ""마스가 책임지고 실행",2026-01-02 17:37:00,domestic_bond
환율,"신동빈 ""유통 혁신으로 위기돌파"" 김승연 ""마스가 책임지고 실행",2026-01-02 17:37:43,real_assets
기준금리,반도체 제외 전산업 생산성 악화... 韓 1% 저성장 굳어진다,2026-01-02 17:46:00,domestic_bond
환율,원화값 약세 기대심리 과도,2026-01-02 17:46:41,real_assets
환율,외국환율고시표,2026-01-02 17:46:43,real_assets
환율,코스피 '화끈한 새해' 개장 첫날 4300 돌파,2026-01-02 17:48:23,real_assets
환율,실적 개선에 환율효과까지... 항공株 이젠 날아오를까,2026-01-02 17:49:37,real_assets
국채,"이근 한국경제학회장 ""보호무역 강화 물결...韓, CPTPP 조속히 가입해야",2026-01-02 17:50:00,domestic_bond
원달러,새해 첫 개장에 급등한 코스피,2026-01-02 18:07:00,real_assets
환율,새해 첫 개장에 급등한 코스피,2026-01-02 18:07:47,real_assets
채권금리,"금융·광산·방산주 치솟아""...영국, FTSE 100지수 장중 10,000 첫 돌파",2026-01-02 19:42:00,domestic_bond
원달러,"코스피 ""화끈한 새해""...개장 첫날 4300 돌파 ""새역사",2026-01-02 20:38:00,real_assets
환율,"코스피 ""화끈한 새해""...개장 첫날 4300 돌파 ""새역사",2026-01-02 20:38:09,real_assets
환율,"삼성전자 주가 7% 급등한 날...이재용, 삼성 사장단과 ""전략회의",2026-01-02 20:51:44,real_assets
기준금리,"3% 넘는 고성장시대, 이젠 불가능""...올해 세계경제 최대 위협 요소는?",2026-01-02 22:57:00,domestic_bond
달러강세,"마이크론테크놀로지, 2026년 매출 98% 성장 및 EPS 311% 급증 전망으로 주목",2026-01-03 05:21:00,real_assets
환율,"이재용·최태원 회장이 세뱃돈 줬네요""...13만전자·70만닉스 보인다",2026-01-03 06:02:55,real_assets
기준금리,"바슈 헬스 컴퍼니, 28억 달러 대출 리파이낸싱 완료..이자율 인하·만기 연장",2026-01-03 06:18:00,domestic_bond
원유,"옥시덴탈페트롤리엄, OxyChem 97억달러에 버크셔에 매각..부채감축 가속화",2026-01-03 06:19:00,real_assets
달러강세,"삼전·하닉만 날아간게 아니네""...오랜만에 서학개미 웃게한 ""이 종목",2026-01-03 10:38:00,real_assets
환율,"삼성은 갤럭시 4년 연속 가격 동결하고 애플도 ""조율 중""...이들의 속사정은",2026-01-03 15:11:07,real_assets
기준금리,"지금 안사면 벼락거지""...영끌족 조바심에 퇴직금까지 당겨 썼다",2026-01-04 08:01:00,domestic_bond
기준금리,"나스닥도 제친 홍콩IPO...올해도 ""상장 러쉬",2026-01-04 11:18:30,domestic_bond
달러강세,"1년새 260% 올랐는데 올해 더 오른다고?""...마이크론 급등",2026-01-04 11:30:00,real_assets
채권금리,국내 주식 외국인 비중 5년 8개월 만에 최대,2026-01-04 13:51:00,domestic_bond
원달러,"올 투자는 국장, 그 중에서도 OOO...삼성증권 고액자산가에 물어보니",2026-01-04 14:22:00,real_assets
환율,"올 투자는 국장, 그 중에서도 OOO...삼성증권 고액자산가에 물어보니",2026-01-04 14:22:07,real_assets
원유,"체포된 독재자 마두로는 누구?...""경제 파탄 낸 포퓰리스트",2026-01-04 15:30:00,real_assets
환율,"대한항공, 여객 수요 탄탄한 북미 노선 지배력 강화",2026-01-04 16:01:05,real_assets
국채,트럼프發 유동성 폭탄... 2026년 세계를 흔든다,2026-01-04 16:49:00,domestic_bond
기준금리,트럼프發 유동성 폭탄... 2026년 세계를 흔든다,2026-01-04 16:49:49,domestic_bond
기준금리,코스피 추가상승의 풍향계 '삼성전자 4분기 실적,2026-01-04 16:52:10,domestic_bond
금값,브레이크 걸린 은값...지금 저가매수 해볼까,2026-01-04 16:54:00,real_assets
국채,"채권값 더 떨어진다""... 대차잔액 184조 사상최대",2026-01-04 16:55:00,domestic_bond
기준금리,"채권값 더 떨어진다""... 대차잔액 184조 사상최대",2026-01-04 16:55:10,domestic_bond
국채,6% 넘긴 주담대 금리... 영끌족 허리휜다,2026-01-04 16:57:00,domestic_bond
기준금리,6% 넘긴 주담대 금리... 영끌족 허리휜다,2026-01-04 16:57:05,domestic_bond
환율,외국환율고시표,2026-01-04 16:57:08,real_assets
국제유가,"매장량 전세계 1위지만 생산량 미미...""베네수 사태, 국제유가 영향 제한적",2026-01-04 17:44:00,real_assets
원유,"反美' 눈엣가시 빼낸 트럼프 ""美석유회사 투입해 인프라 재건",2026-01-04 17:44:00,real_assets
기준금리,경제위기 반복될 수밖에... 정책 능력이 국가 명운 가를것,2026-01-04 18:02:23,domestic_bond
금값,"요즘 빠졌다는데 지금 사야 돼?""...잘나가던 은값 주춤, 저가매수 기회?",2026-01-04 18:24:00,real_assets
국채,"수억빚 영끌족 ""비명"" 더 커진다...주담대 금리, 어느덧 6%대 훌쩍",2026-01-04 19:44:00,domestic_bond
기준금리,"수억빚 영끌족 ""비명"" 더 커진다...주담대 금리, 어느덧 6%대 훌쩍",2026-01-04 19:44:24,domestic_bond
원달러,"이젠 부자들도 못 버티겠다""...한 달만에 ""확"" 뒤집힌 경기전망, 무슨 일",2026-01-04 21:21:00,real_assets
환율,"이젠 부자들도 못 버티겠다""...한 달만에 ""확"" 뒤집힌 경기전망, 무슨 일",2026-01-04 21:21:05,real_assets
국제유가,"석유 매장량 1위 베네수엘라, 생산량은 미미...""유가 영향 크지 않을 것",2026-01-05 05:50:00,real_assets
기준금리,"오천피 풍향계 이번주에 나옵니다""...삼성전자 4분기 실적 ""오매불망",2026-01-05 05:51:16,domestic_bond
달러강세,"이 친구 보니 삼성전자 아직 싸네""...새해 첫날 10% 폭등한 마이크론",2026-01-05 05:52:00,real_assets
기준금리,"결국 오르는 집만 더 올랐다...서울 아파트값, 절반은 文정부때 보다 낮아",2026-01-05 06:50:34,domestic_bond
원달러,13만전자·70만닉스 뚫었다...코스피 2% 급등해 4400선 돌파,2026-01-05 09:12:00,real_assets
달러강세,13만전자·70만닉스 뚫었다...코스피 2% 급등해 4400선 돌파,2026-01-05 09:12:42,real_assets
기준금리,"2990만원 국산 픽업트럭""...KGM, 내연기관 ""무쏘"" 판매 개시",2026-01-05 09:45:13,domestic_bond
환율,"현대차, 증권사 목표가 상향에 강세...3.02%",2026-01-05 09:47:48,real_assets
환율,또 사상 최고치 경신한 코스피...장중 4400선 터치,2026-01-05 09:50:42,real_assets
국채,"예수님 올해 재림 안하심""에 베팅했을 뿐인데...5.5% 수익 냈다",2026-01-05 09:55:00,domestic_bond
기준금리,"예수님 올해 재림 안하심""에 베팅했을 뿐인데...5.5% 수익 냈다",2026-01-05 09:55:54,domestic_bond
국채,"월 2%대 분배율"" SOL 팔란티어 커버드콜, 새해 첫 분배금",2026-01-05 10:00:00,domestic_bond
달러강세,"코스피 4400"" 이끈 삼성전자·SK하이닉스...초고수들 매도세 집중",2026-01-05 10:13:02,real_assets
원유,"드디어 반등하나요""...비트코인, 베네수엘라 변수에도 9만달러 회복",2026-01-05 10:23:00,real_assets
달러강세,"드디어 반등하나요""...비트코인, 베네수엘라 변수에도 9만달러 회복",2026-01-05 10:23:40,real_assets
환율,"신학기 Sh수협은행장 ""바다는 늘 같은 모습이지만 변화...도약 원년으로",2026-01-05 10:23:40,real_assets
기준금리,"엔저가 기회다""... 메타플래닛, ""美 스트래티지"" 넘는 우위 입증",2026-01-05 10:35:04,domestic_bond
금값,"김숙, 장혜진 ""칸 드레스"" 플렉스...""30년 절친"" 의리(""동상이몽2"")",2026-01-05 11:51:00,real_assets
달러강세,"GTA6가 15만원 ""가격 논란""...치솟는 게임값에 ""위기의 게이머",2026-01-05 13:06:59,real_assets
국채,"국내 ICO 허용, 그리고 스테이블코인 패권",2026-01-05 13:42:00,domestic_bond
기준금리,"국내 ICO 허용, 그리고 스테이블코인 패권",2026-01-05 13:42:16,domestic_bond
환율,"이젠 커피도 아껴 마셔야겠네...새해부터 커피빈, 디카페인·드립커피 가격 인상",2026-01-05 14:17:15,real_assets
채권금리,"엇갈린 금리 사이클""에 안전마진 재정립",2026-01-05 14:25:00,domestic_bond
국채,"엇갈린 금리 사이클""에 안전마진 재정립",2026-01-05 14:25:59,domestic_bond
환율,"한은 총재 ""올해 부문간 격차 큰 ""K자형"" 성장 전망, 체감경기와 괴리클 듯",2026-01-05 14:41:42,real_assets
환율,"이창용 ""펀더멘털과 다른 원화 약세, 범정부 협력 없인 한계",2026-01-05 14:45:59,real_assets
기준금리,"금감원장 ""쿠팡파이낸셜 납득 안가는 이자 폭리는 ""갑질""...검사 전환할 터",2026-01-05 15:00:41,domestic_bond
달러강세,"코스피 쌍끌이"" 삼성전자는 매수...SK하이닉스는 매도",2026-01-05 15:32:51,real_assets
달러강세,"반도체주 날자 지수도 최고치...외국인 2조원 ""사자""에 코스피 4400선 마감",2026-01-05 15:50:52,real_assets
채권금리,우량채 투자·金 늘리고...변동성 이길 ETF로 필승 전략을,2026-01-05 16:17:00,domestic_bond
기준금리,年 10%대 고금리로 '쏠쏠' 초단기·미션형 적금 주목,2026-01-05 16:17:12,domestic_bond
기준금리,"AI랠리·트럼프 부양책 지속...""S&P500 올해 8000 넘을 것",2026-01-05 16:17:36,domestic_bond
기준금리,"올해 코스피 上高下低...""오천피 넘어 5500까지 간다",2026-01-05 16:17:57,domestic_bond
채권금리,병오년 오천피 여정 시작...달리는 말에 올라타라,2026-01-05 16:18:00,domestic_bond
기준금리,병오년 오천피 여정 시작...달리는 말에 올라타라,2026-01-05 16:18:44,domestic_bond
채권금리,"AI부터 안전자산까지""...KB자산운용이 꼽은 1분기 유망펀드는?",2026-01-05 16:37:00,domestic_bond
국채,"AI부터 안전자산까지""...KB자산운용이 꼽은 1분기 유망펀드는?",2026-01-05 16:37:31,domestic_bond
기준금리,올 신용등급 양극화... 방산·반도체 웃고 석화·건설 우울,2026-01-05 17:30:03,domestic_bond
기준금리,"이찬진 ""회장 6년 연임에 후보군 골동품 돼",2026-01-05 17:34:12,domestic_bond
환율,외국환율고시표,2026-01-05 17:34:19,real_assets
환율,"절박한 재계 ""글로벌시장서 실질적 성과내야",2026-01-05 17:45:18,real_assets
기준금리,"개미, 예금서 발빼 국내증시行...증시 대기자금 90조 육박",2026-01-05 17:52:38,domestic_bond
기준금리,"연준 독립성 흔들리면 인플레 위험""... 옐런, 재정중독 경고",2026-01-05 17:54:37,domestic_bond
국제유가,"원유조달 비용 낮아질수도""... 정유주 강세",2026-01-05 17:59:00,real_assets
국제유가,독재정권 부패 덮으려 '돈풀기'... 몰락한 석유부국,2026-01-05 18:01:00,real_assets
기준금리,"예금서 발뺀 개미들, 국장으로...증시 대기자금 90조 육박",2026-01-05 18:13:05,domestic_bond
원유,"PBF 에너지, 마르티네즈 공장 재건 2026년 2월까지 연장...보험금 8.9억 달러 수령",2026-01-05 20:02:00,real_assets
국채,"국민의 연금""인가 ""정부의 지갑""인가...정치적 동원 가속화하는 ""국민연금",2026-01-05 21:00:00,domestic_bond
국제유가,"인기 떨어졌다고? 돈 좀 풀면 그만""...언발에 오줌눴던 부패 독재정권",2026-01-05 22:19:00,real_assets
환율,"인기 떨어졌다고? 돈 좀 풀면 그만""...언발에 오줌눴던 부패 독재정권",2026-01-05 22:19:16,real_assets
기준금리,"메스터 전 연은 총재 ""연준, 금리인하 여력 줄어...섣부른 판단 말아야",2026-01-05 22:40:38,domestic_bond
원유,"KNOT 오프쇼어, 정족수 미달로 연례 파트너 총회 연기...2025년 EPS 488% 급증 전망",2026-01-06 00:26:00,real_assets
기준금리,"페넌트파크 플로팅 레이트, 1월 주당 0.1025달러 배당금 선언",2026-01-06 06:06:59,domestic_bond
기준금리,"어그리 리얼티, 2026년 최대 15억 달러 투자계획 발표...유동성 20억 달러 확보",2026-01-06 06:08:59,domestic_bond
원유,"트리오 페트롤리엄, 캐나다 생산자산 인수...일일 47배럴 증대",2026-01-06 06:17:00,real_assets
환율,"마이크로칩 테크놀러지, 3분기 매출 11억8500만 달러..전년비 7% 증가",2026-01-06 06:30:00,real_assets
원유,"美, 마두로 압송"" 반영되며 에너지株 일제히 상승...다우는 사상 최고",2026-01-06 07:23:00,real_assets
국채,"가본 적 없는 길을 간다...""부채 광풍"" 세계 경제",2026-01-06 07:49:00,domestic_bond
국채,사상 최고치 기록한 글로벌 부채...떨어지지 않는 美 장기 국채금리,2026-01-06 07:49:00,domestic_bond
국채,"기업 ""돈맥경화""로 이어지는 국고채 금리 상승",2026-01-06 07:50:00,domestic_bond
기준금리,"연준 독립성 흔들리면 인플레 위험""...독불장군식 돈풀기에 경고",2026-01-06 07:57:58,domestic_bond
기준금리,"계속 연임하니 다음 리더들 골동품 돼""...금감원장, 금융사 지배구조 또 저격",2026-01-06 07:59:09,domestic_bond
국제유가,"치솟는 환율 꼭 잡아야 돼""...7개월만에 감소로 돌아선 외환보유액",2026-01-06 08:37:00,real_assets
국채,"치솟는 환율 꼭 잡아야 돼""...7개월만에 감소로 돌아선 외환보유액",2026-01-06 08:37:39,domestic_bond
국제유가,"급한 불 끄느라 달러 곳간 헐었다 ""...외환보유액 7개월만에 감소",2026-01-06 08:38:00,real_assets
국채,"급한 불 끄느라 달러 곳간 헐었다 ""...외환보유액 7개월만에 감소",2026-01-06 08:38:31,domestic_bond
달러강세,"美 베네수엘라 장악에 에너지주 ""펄펄""...다우 사상 최고치",2026-01-06 08:56:00,real_assets
채권금리,"스마트파이낸셜, 2035년 만기 7.25% 고정금리-변동금리 후순위채 교환 제안 연장 발표",2026-01-06 08:59:00,domestic_bond
환율,"9년전 ""새로운 평범"" 경고한 이창용...지금 그의 눈엔 어떤 공포가 보이나",2026-01-06 09:07:52,real_assets
환율,"팀원에 ""아아"" 쐈더니 10만원 삭제""...살벌한 커피값, 새해 줄인상",2026-01-06 09:54:06,real_assets
국채,"AI 에이전트가 지갑 열고 결제한다... ""인터넷이 곧 은행 되는 원년",2026-01-06 09:57:46,domestic_bond
달러강세,"미래에셋증권, ""역대급 서프라이즈 가능성"" 증권사 발표에 강세",2026-01-06 10:20:33,real_assets
국채,"한투운용, 연금 수탁고 6조원 육박...""역대 최대 수탁고",2026-01-06 10:27:02,domestic_bond
기준금리,"中, ""내수 살리기"" 총력전 ""경제노관"" 부동산·부채 리스크가 관건",2026-01-06 10:32:00,domestic_bond
환율,"어닝서프라이즈 없다""에 7% 하락한 전력기기주",2026-01-06 10:44:49,real_assets
금값,대통령 잡혀가니 금·은값 또 올라...불안한 국제정세에 믿을 건 안전자산뿐?,2026-01-06 10:58:00,real_assets
환율,"풍산, ""4Q25 우호적 환경, 막판 스퍼트"" 증권사 발표에 강세",2026-01-06 11:05:47,real_assets
기준금리,"돈 벌어줘도 징징대길래""...고객 다 걷어찬 레버리지의 神, 자기돈 7800% 불렸다",2026-01-06 11:31:41,domestic_bond
달러강세,베네수엘라 변수에도 비트코인 강세...9만4000달러 안착하나,2026-01-06 11:31:42,real_assets
원유,"아직 영포티인데, 그곳의 털까지 다 빠졌습니다""...뭔짓을 했길래",2026-01-06 13:00:00,real_assets
금값,마두로 체포 여파에 금값 또 사상 최고...안전자산 선호,2026-01-06 14:40:00,real_assets
기준금리,마두로 체포 여파에 금값 또 사상 최고...안전자산 선호,2026-01-06 14:40:58,domestic_bond
달러강세,"끊임 없이 오르는 코스피, 사상 첫 4500 마감...삼전닉스도 신고가 경신",2026-01-06 16:03:51,real_assets
채권금리,"불붙은 코스피 불장에...""국민 재테크"" ETF도 ""300조 시대"" 열었다",2026-01-06 16:50:00,domestic_bond
기준금리,"불붙은 코스피 불장에...""국민 재테크"" ETF도 ""300조 시대"" 열었다",2026-01-06 16:50:44,domestic_bond
국채,"한투운용, 연금 수탁고 6조원 육박 ""역대 최대",2026-01-06 16:52:26,domestic_bond
달러강세,"너무 올랐다""... 코스피 하락 베팅나선 개미",2026-01-06 17:43:08,real_assets
달러강세,"목표주가 또 올랐네""...글로벌 반도체 장비株 강세",2026-01-06 17:47:18,real_assets
기준금리,"반도체 다음은 나""... 바이오株 시선 집중",2026-01-06 17:47:21,domestic_bond
기준금리,거침없는 서울 집값...시가총액 2천조 육박,2026-01-06 17:48:43,domestic_bond
금값,"금 맡기면 이자"" 골드신탁 완판... 하나銀 한도 2배↑",2026-01-06 17:56:00,real_assets
기준금리,회비부터 생활비 관리까지...10조원대로 커진 모임통장,2026-01-06 17:56:25,domestic_bond
환율,외국환율고시표,2026-01-06 17:56:31,real_assets
국제유가,"마두로 축출 놓고 갈라진 세계...""부정선거 정권"" vs ""주권 침해",2026-01-06 17:58:00,real_assets
원유,베네수 자원·통신 공들여온 中... 미국 개입에 투자 물거품 위기,2026-01-06 17:58:00,real_assets
환율,원화값 방어위해 달러 투입...외환보유액 7개월만에 감소,2026-01-06 18:00:10,real_assets
국채,"韓, 보호무역·저성장 이중고...돌파구는 피지컬 AI·반도체",2026-01-06 18:01:21,domestic_bond
WTI,"선코에너지, 4분기 원유생산 91만배럴 사상 최고치 기록",2026-01-06 20:03:00,real_assets
원유,"칼루멧 스페셜티, 2025년 순손실 전망·부채 2.2억 달러 감축",2026-01-06 20:05:00,real_assets
환율,"국민생선, 너 마저 오르냐""...고등어 1만원 돌파에 정부 비축분 푼다",2026-01-06 20:05:00,real_assets
달러강세,금·은 뛰니 이제 구리 차례 맞네...AI 전력망 열풍에 연간 44% 급등,2026-01-06 20:26:27,real_assets
환율,"써볼까 말까 고민이신가요""...서학개미 유턴계좌 사용 설명서",2026-01-06 21:00:00,real_assets
기준금리,"계통장 아니에요?"" 했더니 10조원 쌓였다...카뱅 독주에 안달난 은행들",2026-01-06 21:12:09,domestic_bond
기준금리,1년만에 200조 불어난 서울 아파트값...시가총액 2000조 육박,2026-01-06 21:28:41,domestic_bond
국채,"전미경제학회 ""한국, 보호무역·저성장 이중고 직면...돌파구는 있다",2026-01-06 21:38:56,domestic_bond
채권금리,"리얼티 인컴, 7.5억 달러 규모 전환사채 발행..자금조달 완료",2026-01-06 21:46:02,domestic_bond
채권금리,"인스톨드 빌딩 프로덕츠, 5억 달러 무담보채권 발행..기존채권 상환",2026-01-06 22:33:55,domestic_bond
국제유가,"마두로 체포에 두쪽난 세계...중·러 ""미국, 주권국 짓밟아"" 이때다 비판",2026-01-06 23:00:00,real_assets
원유,"탑 쉽스, Suezmax 유조선 일일 운임 22% 인상..2026년부터 5년 계약",2026-01-06 23:16:51,real_assets
기준금리,"라이프MD, 시티즌스뱅크와 5천만달러 신속대출시설 체결",2026-01-06 23:20:51,domestic_bond
기준금리,"너무 오르길래 겁나서 팔았어요""...반도체 바통 이을 다음 주자는",2026-01-07 05:50:04,domestic_bond
달러강세,"마이크론테크놀러지, 번스타인 목표가 상향과 메모리 업사이클 전망에 급등",2026-01-07 06:00:55,real_assets
기준금리,"페넌트파크 플로팅 레이트 캐피탈, 2025 회계연도 1Q 실적 2월 9일 발표 예정",2026-01-07 06:09:26,domestic_bond
달러강세,"사우스이스트 에어포트, 12월 승객 수 0.4% 증가..콜롬비아 6% 성장 견인",2026-01-07 06:38:48,real_assets
기준금리,올해도 AI 훈풍...뉴욕증시 사상 최고치,2026-01-07 06:55:54,domestic_bond
원유,"머피 오일, 3분기 조정 EBITDA 21% 증가..흑자전환 성공",2026-01-07 07:21:06,real_assets
기준금리,"코스피 올해 5650까지 간다""...한투증권 ""반도체 중심 기업 이익 급증",2026-01-07 08:38:08,domestic_bond
원유,"트럼프 ""베네수 제재 원유, 미국에 인도해 시장가격에 판매",2026-01-07 08:56:12,real_assets
원달러,"삼성바이오로직스, 견조한 실적 성장 지속...목표주가 210만원 유지",2026-01-07 09:04:00,real_assets
달러강세,"삼성바이오로직스, 견조한 실적 성장 지속...목표주가 210만원 유지",2026-01-07 09:04:08,real_assets
달러강세,코스피 1.7% 상승하며 4600 돌파...삼성전자 14만원대 진입,2026-01-07 09:14:11,real_assets
환율,"신세계, 증권사 목표가 상향에 강세...5.44%",2026-01-07 09:31:56,real_assets
환율,"삼성바이오로직스, ""4Q25 Preview: 다사다난 했던 25년, 무난히 마무리"" 증권사 발표에 강세",2026-01-07 09:36:07,real_assets
달러강세,"HD현대중공업, ""4Q25 Preview: 2026년에도 Top-Pick, 의심은 없다"" 증권사 발표에 강세",2026-01-07 10:06:30,real_assets
기준금리,"케이카, ""대한민국 퍼스트브랜드 대상"" 중고차 유통 부문 7년째 1위",2026-01-07 11:04:10,domestic_bond
원유,"트럼프 ""베네수엘라, 美에 석유 넘길 것...시장가격으로 판매",2026-01-07 11:05:59,real_assets
기준금리,부자들 ETF로 돈벌었네···수익률 1위는?,2026-01-07 13:56:34,domestic_bond
달러강세,"노보노디스크 ""먹는 위고비""로 저점탈출 기대감",2026-01-07 14:20:14,real_assets
원유,"그린란드 획득, 군사작전도 고려"" 美 위협에...EU ""그린란드는 주민들 땅",2026-01-07 14:32:59,real_assets
기준금리,"김사장, 은행서 대출 또 퇴짜 맞았어? 올해는 여기 가봐""...대출시장 ""지각변동",2026-01-07 15:47:37,domestic_bond
원달러,"코스피, 장중 4600 찍고 4500선 마감...현대차 13%대 급등",2026-01-07 15:57:00,real_assets
달러강세,"코스피, 장중 4600 찍고 4500선 마감...현대차 13%대 급등",2026-01-07 15:57:18,real_assets
환율,"재고 없다는 약점, 빠른 대응으로 메워... 팔리는 상품보다 팔리는 '구조'에 집중",2026-01-07 16:16:37,real_assets
환율,미술시장 바닥 찍어... 고품질 아트페어만이 살길,2026-01-07 17:11:14,real_assets
기준금리,내수 한파에 더 쓸쓸한 의류·외식株,2026-01-07 17:28:03,domestic_bond
달러강세,"SSD 가격 더 뛴다""... 샌디스크 질주",2026-01-07 17:38:59,real_assets
달러강세,글로벌 방산·희토류株...마두로 축출에 신바람,2026-01-07 17:39:00,real_assets
원유,"SK어스온, 베트남 광구 원유 시추 또 성공",2026-01-07 17:40:17,real_assets
환율,외국환율고시표,2026-01-07 17:45:23,real_assets
기준금리,실속없는 모범납세자 우대... 세무조사 유예비율 2.7% 그쳐,2026-01-07 17:47:52,domestic_bond
기준금리,"올해 1%P 인하""vs""금리 중립""... 1월 FOMC 앞두고 분열",2026-01-07 17:54:05,domestic_bond
원유,"멕시코, 베네수 제치고 쿠바 석유 수출 1위로",2026-01-07 17:54:06,real_assets
국채,"위기를 먹고 사는 비트코인, 이번은 베네수엘라다",2026-01-07 18:08:48,domestic_bond
환율,"소고기 가격 내려가나""...미국산 소고기 관세율 14년 만에 ""제로",2026-01-07 19:25:14,real_assets
채권금리,"아크록, 8억 달러 규모 선순위 채권 발행..6% 이자율",2026-01-07 20:03:42,domestic_bond
금값,"매출 7조 클럽 진입 한국금거래소...뒷골목 무자료 거래, 디지털 전환하니 금맥",2026-01-07 21:00:00,real_assets
달러강세,"애포지 엔터프라이즈, 3Q 매출 2.1% 증가·EPS 19.8% 감소",2026-01-07 21:07:21,real_assets
달러강세,"비트푸푸, 12월 188BTC 채굴·담보물 56% 감소...유동성 개선",2026-01-07 22:02:02,real_assets
달러강세,"LM 펀딩 아메리카, 12월 7.5 비트코인 채굴·4700만달러 BTC 매입",2026-01-07 22:04:52,real_assets
기준금리,"블루 아울 캐피탈, 2025년 4분기·연간 실적 2월 18일 발표",2026-01-07 22:31:53,domestic_bond
기준금리,"꼬박꼬박 세금내봤자 좋은게 없다""...모범납세자 우대혜택 ""맹탕",2026-01-08 05:47:47,domestic_bond
달러강세,"가격 안 보고 삽니다""...만성 ""공급부족""에 폭등, 젠슨 황도 찜한 이 업종",2026-01-08 05:49:24,real_assets
원유,"엑슨모빌, 4분기 실적 전망 악화..원유가격 하락 압박",2026-01-08 06:04:54,real_assets
달러강세,"컨스텔레이션, 3Q 맥주 사업 선방에도 매출 10% 감소",2026-01-08 06:09:04,real_assets
기준금리,"사라토가 인베스트먼트, 3Q NII 5.2% 상승...ROE 13.5% 기록",2026-01-08 06:10:34,domestic_bond
환율,"프라이스스마트, 1Q 매출 13.8억 달러...전년비 9.9% 증가",2026-01-08 06:15:55,real_assets
달러강세,"AZZ, 3Q 매출 4.3억달러 5.5%↑...EPS 9.4% 성장",2026-01-08 06:17:05,real_assets
채권금리,"인스톨드 빌딩 프로덕츠, 5억 달러 규모 채권 발행..기존 고금리 채권 상환",2026-01-08 06:34:32,domestic_bond
환율,"캐네디언 솔라, 1분기 매출 1.3% 감소..배터리 사업 성장에도 적자전환",2026-01-08 06:36:02,real_assets
환율,"리소시즈 커넥션, 2Q 매출 19% 감소...구조조정 비용 부담",2026-01-08 07:08:13,real_assets
기준금리,"오키드 아일랜드 캐피탈, 1월 배당 주당 0.12달러 확정",2026-01-08 07:15:54,domestic_bond
원유,"유로나브, 노후 선박 8척 매각으로 2.7억 달러 자본이익 확보",2026-01-08 07:22:54,real_assets
원달러,"이거 환율 더 오르는거 아냐""...글로벌 IB ""한·미 성장률 역전, 4년째 계속될 듯",2026-01-08 08:51:00,real_assets
기준금리,"이거 환율 더 오르는거 아냐""...글로벌 IB ""한·미 성장률 역전, 4년째 계속될 듯",2026-01-08 08:51:38,domestic_bond
환율,"삼성바이오로직스, 관세 리스크에도 고성장 입증""...목표가↑",2026-01-08 08:52:26,real_assets
달러강세,"알파벳, 애플 넘어 시총 2위 ""우뚝""...지수는 혼조세 마감",2026-01-08 09:07:01,real_assets
달러강세,"AZZ, 2026 회계연도 3분기 실적 호조 발표...운영 역량 강화 속 매출 및 주당순이익(EPS) 성장 두드러져",2026-01-08 09:16:26,real_assets
기준금리,"원금은커녕 이자 낼 돈도 없어요""...빚 못갚아 법원에 넘어가는 집",2026-01-08 09:32:22,domestic_bond
국채,"경제·금융 수장 ""주식시장 외국인 유입 등 활기...금융시장 안정적",2026-01-08 09:40:01,domestic_bond
환율,"삼성전기 ""4Q25 Preview: AI 모멘텀 본격화"" 증권사 발표에 강세...4.67%",2026-01-08 10:57:16,real_assets
달러강세,삼성전자 장 초반 팔아치운 초고수들...상승 전환에 후회할까,2026-01-08 11:05:37,real_assets
기준금리,"차봇 ""2025년, 쏘렌토 하이브리드·BMW 5시리즈 잘 나갔다",2026-01-08 11:13:43,domestic_bond
국채,"구윤철 경제부총리 ""환율, 韓 펀더멘털과 괴리",2026-01-08 11:34:06,domestic_bond
기준금리,김재식·장종필의 법을 알면 부동산이 보인다 - 아파트 가격 어디까지 갈까: 생산비용을 중심으로,2026-01-08 11:57:44,domestic_bond
달러강세,"LG이노텍, 증권사 목표가 상향에 강세...3.45%",2026-01-08 13:08:41,real_assets
환율,"삼성바이오로직스 ""관세 리스크에도 고성장세를 입증한 2025년"" 증권사 발표에 강세...5.72%",2026-01-08 13:08:52,real_assets
환율,3분기 가계의 여윳돈 58조원... 대출은 줄고 소비쿠폰은 효과,2026-01-08 13:56:59,real_assets
달러강세,"트럼프 ""국방비 2000억"" 외치자...한화에어로 111만원 터치",2026-01-08 14:02:30,real_assets
환율,"신한미국인덱스펀드, 북미주식형 펀드 순유입 1위",2026-01-08 14:16:29,real_assets
원달러,"다시 미장으로""...서학개미에 베네수엘라에 환율 고공행진",2026-01-08 14:47:00,real_assets
달러강세,"다시 미장으로""...서학개미에 베네수엘라에 환율 고공행진",2026-01-08 14:47:52,real_assets
기준금리,"지난해 주식투자 대기자금 33조 증가... 자본시장 ""머니무브"" 가속화",2026-01-08 14:53:15,domestic_bond
기준금리,"연말엔 뛰더니 연초엔 멈췄다""...주담대 오픈런, 진정 국면 들어섰나",2026-01-08 14:56:08,domestic_bond
환율,"카드고릴라 선정, 2026년 신용카드 키워드는 ""PIVOT",2026-01-08 15:19:09,real_assets
기준금리,"해외 IB, 美는 웃고 韓은 제자리...성장률 역전 지속",2026-01-08 15:45:45,domestic_bond
달러강세,"이지스 ""부동산·인프라 경계 무너진다...프라임 오피스 강세 지속",2026-01-08 15:50:14,real_assets
기준금리,올해도 역대급 공급 가뭄...'똘똘한 한 채' 더 귀해진다,2026-01-08 16:18:57,domestic_bond
기준금리,"최고가 경신하는 금""... 미래에셋 ""TIGER KRX금현물 ETF"" 순자산 1조원 돌파",2026-01-08 16:28:49,domestic_bond
국제유가,"코스피 불장에도 6일째 치솟은 환율""...외환당국 개입에도 1450선 돌파",2026-01-08 17:00:00,real_assets
기준금리,"코스피 불장에도 6일째 치솟은 환율""...외환당국 개입에도 1450선 돌파",2026-01-08 17:00:22,domestic_bond
환율,"환율대책, 외화펀드가 답이다",2026-01-08 17:02:23,real_assets
달러강세,끊이지않는 국제갈등에 LIG넥스원 올 22% 올라,2026-01-08 17:36:01,real_assets
원유,미국 이미 세계1위 산유국인데...트럼프는 왜 베네수 원유에 눈독들이나,2026-01-08 17:40:26,real_assets
환율,외국환율고시표,2026-01-08 17:43:22,real_assets
채권금리,"李 '잔인하다' 지적에... 당국, 서민 대출금리 최대 6%P 인하",2026-01-08 17:43:23,domestic_bond
기준금리,새해 우량 회사채 수요예측에 자금 몰려,2026-01-08 17:46:55,domestic_bond
채권금리,불장서 소외된 은행株...언제쯤 볕들까,2026-01-08 17:48:23,domestic_bond
기준금리,한은 순이익 11조 '역대 최대'고환율에 외화증권 수익 늘어,2026-01-08 17:50:54,domestic_bond
원유,"미국의 新제국주의...""베네수엘라 원유판매 무기한 통제",2026-01-08 17:54:45,real_assets
기준금리,"부친 전재산 말아먹은 극장 운영자...""저도 한국 가면 빚탕감해주나요?",2026-01-08 18:00:00,domestic_bond
채권금리,"롯데웰푸드, 공모채 수요예측서 목표액 8배 확보",2026-01-08 18:12:23,domestic_bond
채권금리,불장에도 웃지 못하는 은행주...실적 전망치 쑥 내려간 이유는,2026-01-08 18:56:41,domestic_bond
원유,"에코페트롤, 노동조합과 단체협약 재협상 돌입...장기 수익성 관건",2026-01-08 20:01:58,real_assets
원유,"베네수엘라 운영 관여 1년 넘나"" 묻자...트럼프 ""훨씬 더 길 것",2026-01-08 20:45:22,real_assets
달러강세,"HBM 1위에도 SK하이닉스 주가 아직 저평가, 왜?",2026-01-08 21:00:00,real_assets
원달러,실적 견인 1등 공신 HBM 경쟁력 여전...SK하이닉스 SWOT 들여다보니,2026-01-08 21:00:00,real_assets
환율,"TD 시넥스, 4분기 매출 9.7% 증가·영업익 18% 급증",2026-01-08 21:09:06,real_assets
채권금리,"머피 오일, 5억달러 채권 발행으로 부채 구조조정 단행",2026-01-08 22:03:12,domestic_bond
달러강세,"컬리지엄 파마슈티컬, 2026년 매출 8억 달러대 전망..조르네이 PM 성장세",2026-01-08 22:09:19,real_assets
달러강세,"커머셜 메탈스, 1분기 EPS 1.84달러..전년 대비 흑자전환",2026-01-08 22:33:10,real_assets
기준금리,"고럽 캐피탈 BDC, 2026년 1분기 실적발표 2월 4일 예정",2026-01-08 22:55:51,domestic_bond
달러강세,"콘트롤라도라 부엘라, 12월 국제선 ASM 17% 증가..탑승률 하락",2026-01-08 23:02:01,real_assets
달러강세,"엘피엘 파이낸셜 홀딩스, 디지털 전략 전문가 카나 이사 영입",2026-01-08 23:09:47,real_assets
달러강세,"코스트코홀세일, 디지털 매출 19% 급증하며 12월 실적 호조",2026-01-09 00:30:30,real_assets
채권금리,"인스톨드빌딩프로덕츠, 5억 달러 규모 채권 발행으로 재무 유연성 확보",2026-01-09 01:11:11,domestic_bond
채권금리,"머피오일, 5억달러 선순위 채권 발행으로 재무유연성 확보",2026-01-09 03:00:47,domestic_bond
원유,"코노코필립스, 세계 최대 원유 매장국 베네수엘라 투자 재개 논의 진전",2026-01-09 04:00:38,real_assets
원유,막 오른 미국의 신제국주의...러 유조선 나포하고 베네수 원유 접수,2026-01-09 06:03:22,real_assets
금값,"아그니코 이글 마인스, 2025년 4분기 실적발표 일정 확정",2026-01-09 06:08:00,real_assets
달러강세,"아그니코 이글 마인스, 2025년 4분기 실적발표 일정 확정",2026-01-09 06:08:02,real_assets
환율,"WD 40, 1분기 매출 1.5억달러로 1% 증가...연간 가이던스 유지",2026-01-09 06:09:23,real_assets
원유,"이뮤셀, 4분기 매출 1.6% 감소..Tri-Shield 제품 41% 성장",2026-01-09 06:15:03,real_assets
기준금리,"캐노피 그로스, 2031년까지 부채만기 연장·4.25억 캐나다달러 유동성 확보",2026-01-09 06:18:13,domestic_bond
채권금리,"리얼티 인컴, 8.6억 달러 전환사채 발행...5억 달러 만기채권 상환 예정",2026-01-09 06:18:53,domestic_bond
국채,"방코 산탄데르 칠레, 5억달러 채권 발행..4.55% 이율",2026-01-09 06:22:44,domestic_bond
기준금리,"포스탈 리얼티 트러스트, 2025년 자산 20% 확대·99.8% 점유율 달성",2026-01-09 06:31:04,domestic_bond
기준금리,"비치바디, 타이거 파이낸스와 신용계약 개정..재무유연성 강화",2026-01-09 06:33:55,domestic_bond
채권금리,"칼루멧 스페셜티, 4억500만달러 채권발행..고금리 부채 상환",2026-01-09 06:38:55,domestic_bond
원유,"11월 경상수지 122억4000만달러...31개월 연속 흑자, 증가폭도 확대",2026-01-09 08:00:00,real_assets
환율,"HD현대일렉트릭, 올해 수주액 예상 뛰어넘을 것""...목표가 100만원 ""상향",2026-01-09 08:07:41,real_assets
기준금리,"서민대출 ""햇살론""의 배신...지원 필요한 저신용자 줄고 고신용자는 급증",2026-01-09 08:38:52,domestic_bond
원달러,"대체 며칠째야? 환율 7일 연속 오르나""...야간시장서 1454원대 ""터치",2026-01-09 08:51:00,real_assets
달러강세,"혼조세 속 방산주↑·기술주↓...알파벳, 시총 4조달러 눈앞",2026-01-09 08:51:37,real_assets
국채,"대체 며칠째야? 환율 7일 연속 오르나""...야간시장서 1454원대 ""터치",2026-01-09 08:51:57,domestic_bond
국채,"코스피 불장 예감했나""...외국인 한 달만에 ""바이 코리아"" 전환, 매수 규모보니",2026-01-09 09:15:32,domestic_bond
국채,"트럼프 상호관세 ""위법"" 판결 나도...주식시장 안 흔들린다는데",2026-01-09 09:25:14,domestic_bond
원유,"제국주의 문법 소환한 ""미국 우선주의""...21세기 新자원 전쟁의 서막",2026-01-09 09:55:25,real_assets
환율,국민성장펀드 전용 ISA 나온다...올 성장률은 2%로 상향,2026-01-09 10:35:07,real_assets
기준금리,현대차 사면 최고 연 8.8% 이자 준다...신한은행 적금 출시,2026-01-09 10:46:53,domestic_bond
기준금리,장기 유지할수록 연금 증가...노후소득보장 강화한 연금보험 출시,2026-01-09 10:47:52,domestic_bond
기준금리,"손님이 스스로 마케팅을 하게 만들어라""...잘되는 식당의 마케팅 비결",2026-01-09 13:00:00,domestic_bond
기준금리,"부동산 용도만 바꾸면 살아날까...실패를 부르는 ""밸류애드""라는 착각",2026-01-09 13:55:38,domestic_bond
원유,마두로 체포 이후...불안한 건 北이 아니다,2026-01-09 13:56:06,real_assets
국채,국내 증시 불장에...외국인 지난달 1.5조 사들이며 한달 만에 순매수 전환,2026-01-09 14:09:55,domestic_bond
환율,"미국 사는 피터, 로빈후드 계좌로 삼성전자 주식 실시간 매수 가능",2026-01-09 14:10:00,real_assets
원유,"中 최대정유사 시노펙, 항공유 유통사 합병...석유제국 탄생",2026-01-09 14:42:39,real_assets
달러강세,트럼프 한마디에 이틀 만에 20만원 올랐다...52주 신고가 찍은 한화에어로,2026-01-09 14:47:28,real_assets
기준금리,"연초 보험료 잔혹사 반복되나""...보장성 보험, 손해율 반영에 인상설 ""솔솔",2026-01-09 15:23:55,domestic_bond
환율,"한샘 ""모든 고객에 감동·확신 주는 기업으로""...2030년 비전 제시",2026-01-09 15:42:52,real_assets
국채,정부 안간힘 쓰는데도...1450원 또 뚫은 원·달러 환율,2026-01-09 16:00:13,domestic_bond
기준금리,"주식 초고수, 바이오·조선주에서 순환매 기회 모색",2026-01-09 16:01:03,domestic_bond
국채,"미래에셋증권, 개인투자용국채 올해 첫 청약...""가산금리 확대",2026-01-09 16:12:02,domestic_bond
국채,원화 스테이블코인 시대 개막 임박...은행권-빅테크 신경전 치열,2026-01-09 16:27:37,domestic_bond
달러강세,"300달러까지 빠진다"" 경고에도...서학개미, 새해도 식지 않는 ""테슬라 사랑",2026-01-09 16:56:07,real_assets
환율,MLB 모자로 중국 어린이 홀렸던 F&F...골프 시장까지 점령가능할까,2026-01-09 17:30:00,real_assets
환율,외국환율고시표,2026-01-09 17:37:14,real_assets
환율,하나 '트래블로그'의 힘...외환거래이익 최강자,2026-01-09 17:37:14,real_assets
기준금리,"한일CEO ""올해 경영환경 좋아질 것""... 유망 시장은 美·동남아",2026-01-09 17:41:56,domestic_bond
환율,미국 개인투자자 현지 증권계좌로 삼성전자株 산다,2026-01-09 17:46:43,real_assets
기준금리,"오빠, 넷플릭스 보더니 외국인 줄 섰어""...PPL로 불황 돌파 ""K고깃집",2026-01-09 20:23:46,domestic_bond
달러강세,"AXT, 4분기 매출 2250만~2350만 달러 전망..中 수출규제 직격탄",2026-01-09 22:03:27,real_assets
달러강세,"갈리아노 골드, 2025년 4Q·연간 실적 2월 12일 발표 예정",2026-01-09 22:32:47,real_assets
달러강세,"리듬 파마슈티컬스, 4Q 매출 5700만 달러..전년비 11% 증가",2026-01-09 23:09:05,real_assets
기준금리,"엘링턴 레지덴셜, 월간 배당금 주당 0.08달러 발표",2026-01-09 23:11:55,domestic_bond
달러강세,"허코 코스, 4Q 매출 15% 감소·주당 0.47달러 적자",2026-01-10 01:00:27,real_assets
원유,"오케아니스 에코 탱커스, 최대주주 4,129주 매도...18.74% 지분 유지",2026-01-10 06:23:53,real_assets
기준금리,엔화가치 1년만 최저치...당국 개입으로 간신히 상승시켜놓은 원화는?,2026-01-10 09:35:51,domestic_bond
환율,"팬티 한장으로 10년 버텼다...전원주·김종국→이준, ""짠스타"" 자산가들의 생존법",2026-01-10 10:01:00,real_assets
환율,세르비아 수도 베오그라드 여행...아름답지 않은 도시에서도 아름다움은 피어난다,2026-01-10 17:35:04,real_assets
달러강세,"테크 강세론자가 엔비디아를 ""톱픽""서 뺐다",2026-01-10 21:00:00,real_assets
달러강세,"테슬라, 한물 간거 아니었어?""...일주일 새 4700억 쓸어담은 서학개미",2026-01-11 05:56:26,real_assets
기준금리,"제발 애국투자 합시다"" 애원에도...서학개미 3조규모 폭풍매수 왜",2026-01-11 10:35:42,domestic_bond
기준금리,"환율·물가·집값 모두 불안""...기준금리 5연속 동결 가능성은?",2026-01-11 10:51:50,domestic_bond
국채,"트럼프가 구국의 영웅""...""마두로 축출"" 베네수 증시 169% 폭등",2026-01-11 10:59:41,domestic_bond
원달러,"뭔짓을 해도 달러는 오른다""...달러예금, 일주일만에 1조원 증가",2026-01-11 11:29:00,real_assets
달러강세,"뭔짓을 해도 달러는 오른다""...달러예금, 일주일만에 1조원 증가",2026-01-11 11:29:14,real_assets
기준금리,"그 집도 깡통전세라며?""...작년 강제경매 아파트·빌라 ""역대 최다",2026-01-11 11:38:18,domestic_bond
환율,"카드 하나 바꿔볼까""...2026년 신용카드 키워드 ""PIVOT",2026-01-11 13:00:00,real_assets
기준금리,"강남역 노른자땅 ""라이온미싱 용지"" 개발 시동...최상급 오피스로 재탄생",2026-01-11 13:51:52,domestic_bond
채권금리,"세입자 피눈물 값만큼 싸게""...강제경매 쏟아져 나온 전세사기 빌라",2026-01-11 14:27:37,domestic_bond
기준금리,"결국 환율에 발목""...1인당 GDP 3만6천달러 턱걸이, 3년만에 뒷걸음",2026-01-11 14:40:47,domestic_bond
국제유가,美의 베네수엘라 원유 통제... 유가 하락으로 韓경제 숨통 트이나,2026-01-11 15:27:00,real_assets
달러강세,美의 베네수엘라 원유 통제... 유가 하락으로 韓경제 숨통 트이나,2026-01-11 15:27:44,real_assets
기준금리,"강남역 노른자 땅, '라이온미싱 용지' 개발 시동",2026-01-11 16:11:18,domestic_bond
기준금리,규제 적고 수익률 5%...역세권 오피스텔 눈길가네,2026-01-11 16:31:22,domestic_bond
기준금리,달라진 통화량 기준... 투자자 착시 '주의보,2026-01-11 16:31:24,domestic_bond
기준금리,TSMC 실적에 쏠린 시선... JP모건 바이오 행사도 관심,2026-01-11 17:06:43,domestic_bond
국채,"그래도 미장이 좋아""... 서학개미 연초 3조원 폭풍매수",2026-01-11 17:17:57,domestic_bond
원유,마두로 압송이 남긴 교훈,2026-01-11 17:20:49,real_assets
달러강세,"엔비디아·오픈AI 안부럽네""... 中 반도체株 강세",2026-01-11 17:25:08,real_assets
기준금리,"대출 규제가 ""저신용자"" 벼랑끝 몰았다...1·2금융서 불법고리사채로",2026-01-11 17:25:39,domestic_bond
환율,외국환율고시표,2026-01-11 17:28:39,real_assets
기준금리,대출규제에 저신용자부터 막혔다... 인터넷은행은 2년새 반토막,2026-01-11 17:28:40,domestic_bond
국제유가,환율·집값 이중불안에...한은 금리동결 유력,2026-01-11 17:30:00,real_assets
기준금리,환율·집값 이중불안에...한은 금리동결 유력,2026-01-11 17:30:39,domestic_bond
환율,1인당 GDP 韓 추월한 대만... '4만달러 벽'도 먼저 넘을듯,2026-01-11 17:30:42,real_assets
환율,서울시의 실험... 자영업 대출금리 낮춰준다,2026-01-11 17:31:37,real_assets
환율,"이자 내려고 꾸역꾸역 장사합니다""...2.5% 환승대출 생긴다",2026-01-11 17:34:37,real_assets
기준금리,저신용자 대출 全금융권서 급감,2026-01-11 17:40:53,domestic_bond
환율,"수출 잘 됐다더니, 달러 다 어디로...""수출대금 회수 규제완화로 달러공급 차질",2026-01-11 18:28:20,real_assets
환율,"먼저 갑니다, 한국 욕보세요""...대만 ""GDP 4만달러"" 먼저 찍는다",2026-01-11 19:09:44,real_assets
기준금리,인뱅서도 저신용자 신용대출 2년새 반토막...고금리·사금융에 내몰려,2026-01-11 19:35:20,domestic_bond
원달러,"서학개미 ""애국투자"" 콧방귀도 안뀌었다...일주일 3조원 순매수로 화답",2026-01-11 20:37:00,real_assets
국채,"서학개미 ""애국투자"" 콧방귀도 안뀌었다...일주일 3조원 순매수로 화답",2026-01-11 20:37:37,domestic_bond
기준금리,"사실상 담보대출인데 이자가 최고 18.9%?""...""쿠팡 판매자 대출"" 논란",2026-01-11 20:53:38,domestic_bond
기준금리,"토허제·대출규제 피하고 월수입도 짭짤""...아파트 대신 향하는 이곳",2026-01-11 21:00:03,domestic_bond
원유,"두번이나 털렸는데, 이번엔?""...석유사에 베네수엘라 투자 독려나선 트럼프",2026-01-11 21:45:15,real_assets
달러강세,"엔비디아 안부럽네""...""중국 AI·반도체"" 새내기주 가파른 상승",2026-01-11 23:44:22,real_assets
국제유가,"환율·집값 이중압박 포위된 한은...15일 첫 금통위 ""금리동결"" 유력",2026-01-12 08:12:00,real_assets
기준금리,"환율·집값 이중압박 포위된 한은...15일 첫 금통위 ""금리동결"" 유력",2026-01-12 08:12:03,domestic_bond
환율,"LG전자, 4분기 적자전환...로봇 등 신사업 모멘텀 부각될 것",2026-01-12 08:35:21,real_assets
달러강세,"코스피, 장중 최고치 경신 후 강보합...4610선 등락",2026-01-12 09:28:42,real_assets
달러강세,"코스피 최고치 또 경신, 4630대 상승 출발...글로벌 반도체 업종 강세 영향",2026-01-12 09:32:40,real_assets
기준금리,9만달러에 갇힌 비트코인...관세 판결·연준 결단만 기다린다,2026-01-12 09:54:21,domestic_bond
원유,"코인 거래까지 노리는 X, 코인 태그 기능 선보여",2026-01-12 10:08:22,real_assets
기준금리,"불황인데 다들 잘만 쓰네요""...그 사람들 대부분 ""억대"" 빚 있습니다",2026-01-12 10:17:34,domestic_bond
기준금리,"키움증권, 증권사 목표가 상향에 강세...3.02%",2026-01-12 10:27:35,domestic_bond
원유,반도체만 홀로 웃었다...이달 수출 2%↓·무역적자 27억달러,2026-01-12 10:29:27,real_assets
환율,"5만원 한 장이면 끝""...설 고민 덜어줄 롯데마트, 가성비 세트 사전 예약",2026-01-12 10:36:52,real_assets
달러강세,강달러와 엔화약세에...원화값 올해 들어 7거래일 연속 하락하나,2026-01-12 10:45:06,real_assets
원유,미중 소리없는 전쟁 2라운드...마두로 압송이 쏘아올린 신호탄,2026-01-12 10:46:12,real_assets
환율,"재정폭탄 코앞인데 ""선거부터""...기초연금·정년연장 개혁도 밀렸다",2026-01-12 11:12:17,real_assets
기준금리,"육휴하면 주담대는 누가 갚나요""...원금 상환 ""잠시 스톱"" 하세요",2026-01-12 12:00:00,domestic_bond
환율,"현대글로비스 ""이제는 프리미엄 시대"" 증권사 발표에 강세...8.61%",2026-01-12 13:41:57,real_assets
국채,"트럼프 따라가면 돈냄새 솔솔""...베네수엘라 다음은 여기라는데",2026-01-12 14:28:38,domestic_bond
환율,"두쫀쿠"" 열풍 이 정도였어?""...피스타치오 가격까지 급등",2026-01-12 14:59:12,real_assets
기준금리,50만원 넣으면 6만원 얹어준다...쥐꼬리 월급으로 통장 불리는 방법,2026-01-12 15:16:24,domestic_bond
원달러,"코스피 불장에도 환율 8일째 상승""...정부, 구두개입 후 첫 1460원선",2026-01-12 15:44:00,real_assets
기준금리,"코스피 불장에도 환율 8일째 상승""...정부, 구두개입 후 첫 1460원선",2026-01-12 15:44:09,domestic_bond
달러강세,"환율 8일 연속 급등...장중 1470원 돌파, 12월 24일來 최고치",2026-01-12 15:49:49,real_assets
달러강세,"일주일 새 40% 올랐다고?""...전운 속 질주하는 ETF",2026-01-12 15:51:05,real_assets
달러강세,"코스피, 4600 돌파 마감...역대 최고치 또 경신",2026-01-12 15:56:41,real_assets
달러강세,환율 다시 꿈틀...외환시장 개입은 미봉책일 뿐,2026-01-12 16:54:51,real_assets
환율,"백화점 ""외국인 잡아라""... 여행상품도 내놔",2026-01-12 17:25:20,real_assets
환율,"침대×소파×카페... 가구업체 ""불황에 뭉쳐야 산다",2026-01-12 17:27:33,real_assets
환율,원화값 7거래일 연속 하락 다시 1460원대로 주저앉아,2026-01-12 17:30:10,real_assets
환율,외국환율고시표,2026-01-12 17:30:11,real_assets
국채,자산가치 고평가·AI낙관 과도... 급격한 금융시장 조정 올 수도,2026-01-12 17:30:14,domestic_bond
기준금리,"韓, 이민자 고숙련 위주로 받고...정년 늘리며 연금 개혁하라",2026-01-12 17:30:14,domestic_bond
환율,"K푸드, K팝 만나자 인기 폭발...신라면×에스파, 글로벌 광고 40여일 만에 2억뷰",2026-01-12 17:51:19,real_assets
환율,"SQM, 3분기 매출 9%↑·영업익 27%↑...리튬 시장 회복 기대",2026-01-12 20:04:31,real_assets
환율,"버켄스탁 홀딩, 1분기 매출 4억200만 유로..유기적 성장률 17.8% 기록",2026-01-12 20:22:56,real_assets
원유,"코스모스 에너지, 3.5억 달러 채권 발행으로 부채 구조조정 단행",2026-01-12 20:41:56,real_assets
달러강세,"액섬 테라퓨틱스, 4분기 매출 1억9600만 달러..전년비 65% 급증",2026-01-12 21:11:07,real_assets
달러강세,"주미에즈, 4분기 북미 매출 6.5% 성장..EPS 전망치 상향",2026-01-12 21:12:11,real_assets
기준금리,"뉴텍 비즈니스, 2026년 만기 채권 교환 제안 기한 연장",2026-01-12 21:14:47,domestic_bond
환율,"소테라 헬스, 2025년 매출 5.5% 증가 11억6천만달러 전망",2026-01-12 21:26:48,real_assets
달러강세,"온콜로지 인스티튜트, 2026년 매출 28% 성장·첫 흑자 전환 전망",2026-01-12 22:03:45,real_assets
기준금리,"CVR엑스, 2025년 4분기 매출 1,590만~1,610만 달러 전망..전년비 4~5% 성장",2026-01-12 22:13:01,domestic_bond
달러강세,"트위스트 바이오사이언스, 1Q 매출 1억370만달러..전년比 17% 성장",2026-01-12 22:18:22,real_assets
달러강세,"주미에즈, 북미 매출 성장 및 EPS 상향에 힘입어 강세",2026-01-12 22:23:06,real_assets
환율,"펫코 헬스&웰니스, 15억 달러 부채 재융자 착수..4분기 전망 유지",2026-01-12 22:25:57,real_assets
기준금리,"글로벌 파트너스, 우선주 분기배당 주당 0.59달러 지급 결정",2026-01-12 22:39:47,domestic_bond
환율,"콘메드, 2026년 매출 6% 성장 전망...EPS 5.08달러까지 상승 가능성",2026-01-12 23:03:19,real_assets
환율,"마시모, 4분기 매출 12% 증가·4억1100만 달러...연간 EPS 상한선 도달",2026-01-12 23:05:39,real_assets
달러강세,"퍼시픽 바이오사이언스, 4Q 매출 14% 증가...시스템 출하량 확대",2026-01-12 23:09:04,real_assets
달러강세,"다나허, 4분기 매출 중단위% 성장 전망...EPS 가이던스 상단 도달 예상",2026-01-12 23:11:24,real_assets
채권금리,"코스모스에너지, 3.5억 달러 채권 발행으로 부채 구조 최적화 단행",2026-01-13 00:13:11,domestic_bond
기준금리,"트러스트코 뱅크 NY, 1월21일 4분기 실적발표 예정",2026-01-13 06:04:04,domestic_bond
기준금리,"브로드스톤 넷 리즈, 2025년 4분기·연간 실적 2월 18일 발표 예정",2026-01-13 06:20:05,domestic_bond
환율,"인베스코, 12월 운용자산 2.1조달러..전월대비 0.7% 증가",2026-01-13 06:21:59,real_assets
기준금리,"매튜 인터내셔널, 3억달러 채권 조기상환...부채 구조 개선",2026-01-13 06:23:09,domestic_bond
채권금리,"칼루멧 스페셜티, 채권발행 4.05억 달러로 증액...고금리 채무 전액 상환",2026-01-13 06:34:30,domestic_bond
채권금리,"T-모바일, 선순위 담보부 채권 발행 추진..재무구조 개선 목적",2026-01-13 06:38:01,domestic_bond
달러강세,"아메리칸 이글, 4분기 매출 8~9% 증가·영업익 전망치 상향",2026-01-13 07:01:51,real_assets
원유,"미사일 대신 관세폭탄 먼저 쏜 트럼프...""이란과 거래하는 나라에 관세 25% 부과",2026-01-13 07:29:46,real_assets
기준금리,"OECD 사무총장 ""한국, 고숙련 이민자 받고 정년 늘리며 연금 개혁을",2026-01-13 07:47:02,domestic_bond
채권금리,"NH투자증권, 활황세 타고 실적 반등에 배당 매력도 쑥""...목표가↑",2026-01-13 08:09:08,domestic_bond
환율,"POSCO홀딩스, 4분기 영업이익 시장 전망치 하회 전망""...목표가↓",2026-01-13 08:48:05,real_assets
기준금리,"트럼프–연준 갈등에도 강세 마감...S&P500·다우 ""사상 최고",2026-01-13 09:00:34,domestic_bond
원달러,"삼전·하이닉스 너무 오른거 아냐""...사상 최고가 행진에 ""이것""도 급등했다는데",2026-01-13 09:12:50,real_assets
기준금리,"코스피, 4662.44 상승 출발...8거래일 연속 최고치 경신",2026-01-13 09:22:25,domestic_bond
환율,"올려도 사실 거잖아요""...샤넬백, 이제 2천만원 시대",2026-01-13 09:34:04,real_assets
원유,"김 총리 ""사이비 이단, 척결할 사회악...통일교·신천지 철저수사",2026-01-13 09:37:06,real_assets
금값,"트럼프, 일부러 금·은값 올리는건 아니지?""...연준 때리자 금은 사상 최고가",2026-01-13 09:38:00,real_assets
달러강세,"트럼프, 일부러 금·은값 올리는건 아니지?""...연준 때리자 금은 사상 최고가",2026-01-13 09:38:58,real_assets
원유,"트럼프 ""이란과 거래하면 25% 관세""...한국 영향은?",2026-01-13 10:26:22,real_assets
환율,"어제 1460원 넘은 원화값, 오늘은 1470원도 뚫었다",2026-01-13 10:31:50,real_assets
원유,상인 민심 돌아서면 정권이 무너졌다...착잡하게 이란 시위 바라보는 두바이 거주 이란인들,2026-01-13 13:40:00,real_assets
환율,"확장보다 버티기""...광주·전남 제조기업들, 2026년 ""안정 경영"" 선택",2026-01-13 13:40:23,real_assets
환율,"수출하고 옆으로 샌 달러 얼마나 많은거야?""...기업 외환거래 전방위 조사",2026-01-13 13:52:57,real_assets
달러강세,"반도체株 안 부러워요""...""돈로주의""에 방산주 불기둥",2026-01-13 14:05:27,real_assets
기준금리,"환율 변동성에 달러예금도 ""출렁""...은행들 ""수요 눌러라"" 금리인하",2026-01-13 14:24:28,domestic_bond
달러강세,"생산적 금융, 투자선별 실패하면 3~5년 뒤 리스크로 돌아온다",2026-01-13 14:56:37,real_assets
국제유가,"베네수엘라 석유 집착하는 트럼프...40년 전부터 다 ""계획""이 있었구나",2026-01-13 15:15:00,real_assets
원유,"베네수엘라 석유 집착하는 트럼프...40년 전부터 다 ""계획""이 있었구나",2026-01-13 15:15:10,real_assets
환율,"생일 케이크는 부담"" 초코파이에 초 꽂았다...""푸드플레이션""이 만든 유행",2026-01-13 15:25:42,real_assets
환율,"BTS노믹스"" 다시 작동한다...완전체 컴백 기대되는 이유",2026-01-13 15:37:16,real_assets
달러강세,"8일째 고공행진"" 코스피, 4700선 문턱서 마감",2026-01-13 15:45:04,real_assets
국제유가,"채권 전문가 96% ""1월 금통위 기준금리 동결할 것",2026-01-13 15:57:00,real_assets
국채,"채권 전문가 96% ""1월 금통위 기준금리 동결할 것",2026-01-13 15:57:33,domestic_bond
환율,"올려도 살 사람은 산다""...샤넬, 새해 벽두부터 기습 인상",2026-01-13 16:11:29,real_assets
달러강세,"천장 뚫린 환율, 9일째 상승""...2008년來 최장 흐름, 1470원선도 돌파",2026-01-13 16:40:21,real_assets
기준금리,"지금껏 나만 생돈 내고 자취했어?""...월 20만원 받는 청년, 조건 보니",2026-01-13 16:56:01,domestic_bond
환율,환율 오르자 서학개미 다시 해외로...열흘 새 4.5조원 순유출,2026-01-13 17:05:36,real_assets
원유,"석유화학 돌파구 현장서 찾자""...김동춘 사장, 사업장 돌며 점검",2026-01-13 17:08:28,real_assets
달러강세,美 국방예산 급증에...조선株 다시 급등세,2026-01-13 17:11:30,real_assets
기준금리,1억 보호'에도...저축銀 예수금 100조 붕괴,2026-01-13 17:17:25,domestic_bond
환율,외국환율고시표,2026-01-13 17:17:27,real_assets
환율,환율 대책이 고작 한국기업 옥죄기여서야,2026-01-13 17:19:44,real_assets
국채,"20대부터 노후준비""... TDF 15조 넘어서",2026-01-13 17:20:45,domestic_bond
원유,"트럼프 ""이란과 거래하면 25% 관세""... 중국 ""불법적 제재"" 반발",2026-01-13 17:32:02,real_assets
환율,구두개입은 땜질 그쳐... 외국기업의 韓투자 유인책 내놔야,2026-01-13 17:32:11,real_assets
기준금리,환율 비상걸린 정부... 수출기업 외환거래 집중 단속,2026-01-13 17:32:12,domestic_bond
기준금리,은행에 치이고 증권사에 밀리고...저축은행 예수금 100조 깨졌다,2026-01-13 18:54:00,domestic_bond
원유,"델렉 US 홀딩스, 2026년 EBITDA 5.2억 달러 전망..현금흐름 개선 주력",2026-01-13 20:02:11,real_assets
원유,"콜리브리 글로벌 에너지, 타이쇼밍고 유정 최대 634BOEPD 생산",2026-01-13 20:46:58,real_assets
기준금리,대출 조이지만 월세 세액공제 확대...2026년 바뀌는 제도 총정리,2026-01-13 21:00:00,domestic_bond
기준금리,"펠토스 테라퓨틱스, 5천만달러 대출 확보...3개 피부질환 치료제 출시 가속화",2026-01-13 22:33:19,domestic_bond
달러강세,"엔LIGHT, 4분기 매출 8천만달러 전망...가이던스 상회",2026-01-13 22:48:00,real_assets
달러강세,"엔LIGHT, 4분기 매출 가이던스 상회하며 항공우주·방위 산업 수요 강세 주도",2026-01-13 22:51:04,real_assets
달러강세,"로얄 골드, 4분기 스트림 6만4000 GEO 기록..샌드스톰 인수 시너지 발현",2026-01-13 23:14:54,real_assets
환율,"레비티, 4분기 매출 7.7억달러 전망...EPS 가이던스 상단 초과 기대",2026-01-13 23:16:54,real_assets
채권금리,"캐네디언 솔라, 2.31억 달러 전환사채 성공 발행..자금조달 강화",2026-01-13 23:26:54,domestic_bond
원유,"탬보란 리소시스, 원유·가스 전문가 토드 애보트 신임 CEO 임명",2026-01-14 06:09:33,real_assets
달러강세,"사이텍 바이오사이언시스, 4분기 매출 6200만 달러·전년비 8% 증가",2026-01-14 06:12:53,real_assets
기준금리,"프록터 & 갬블, 주당 1.0568달러 배당 발표..69년 연속 배당 인상",2026-01-14 06:30:35,domestic_bond
원유,"에너지 트랜스퍼, 30억 달러 규모 선순위 채권 발행 완료",2026-01-14 07:06:59,real_assets
환율,"난 주식 한주도 없는데, 1년 새 시총 80% 껑충""...삼전·하이닉스 끌어올려",2026-01-14 08:49:36,real_assets
기준금리,"고환율, 통화량 많이 풀린 영향?...경제규모 대비 美의 2배라는데",2026-01-14 08:54:10,domestic_bond
기준금리,신용카드 이자율 상한 소식에 하락 마감...다우 0.8%↓,2026-01-14 08:56:14,domestic_bond
기준금리,"정책 모멘텀""이 다시 그리는 배당주 지도",2026-01-14 09:12:03,domestic_bond
환율,"코스피, 장중 4700 돌파...사상 최고치 경신",2026-01-14 09:29:03,real_assets
달러강세,"코스피, 9거래일째 올라 사상 첫 4700 돌파...환율은 1470원대",2026-01-14 09:59:14,real_assets
환율,주식 상위 1% 초고수 순매수 1위 뉴로메카...HD현대일렉·현대차도 담았다,2026-01-14 10:36:03,real_assets
원유,"고립된 이란의 SOS에도...석유 90% 사가던 ""깐부"" 중국 묵묵부답",2026-01-14 10:40:56,real_assets
기준금리,"비트코인 드디어 반등하나요""...금리 인하 기대감에 9만5000달러 돌파",2026-01-14 10:43:01,domestic_bond
기준금리,공모 회사채 나왔다 하면 兆단위 자금 모집...월말 발행 몰릴듯,2026-01-14 11:03:16,domestic_bond
환율,"국민연금 돈 벌어준 삼전닉스가 애국자""...주식가치 118조 늘었다",2026-01-14 11:06:25,real_assets
환율,"HL만도 ""4분기 일회성 품질비용 예상. 로봇 사업은 2026년 시작"" 증권사 발표에 강세...4.64%",2026-01-14 11:10:27,real_assets
기준금리,"청약통장 ""있으나 마나"", 지난해만 22만명 떠났다...가점 인플레에 고분양가 겹쳐",2026-01-14 14:42:17,domestic_bond
달러강세,EU과세 규정 강화에...사생활보호 코인 강세,2026-01-14 15:36:25,real_assets
금값,"현금 쥐고 있으면 손해""...환율 쇼크에 불붙은 ""금테크",2026-01-14 15:44:00,real_assets
달러강세,"현금 쥐고 있으면 손해""...환율 쇼크에 불붙은 ""금테크",2026-01-14 15:44:40,real_assets
원유,"대한조선, 연초부터 원유운반선 2척 수주",2026-01-14 15:44:52,real_assets
WTI,"주식 곱버스서 날렸는데 원유 인버스도, 어쩌나""...개미들 거꾸로 가다 ""쪽박",2026-01-14 15:56:00,real_assets
달러강세,"주식 곱버스서 날렸는데 원유 인버스도, 어쩌나""...개미들 거꾸로 가다 ""쪽박",2026-01-14 15:56:55,real_assets
기준금리,"보증금 한푼이라도 건져야""...강제경매 사상 최대, 전세사기 피해 주택 추정",2026-01-14 15:57:07,domestic_bond
환율,"손절 용기 없어 8억원 잃었다""...코스피 하락에 전재산 투자한 남성 ""한숨",2026-01-14 15:59:41,real_assets
달러강세,코스피 4723.1 사상 최고치 마감...환율 1480원 눈앞,2026-01-14 16:00:41,real_assets
달러강세,"코스피, 4723.10 상승 마감...사상 첫 4700선 돌파",2026-01-14 16:02:01,real_assets
원유,한국인의 장을 튼튼하게...'건강한 노화'까지 책임져요,2026-01-14 16:17:53,real_assets
채권금리,파월 찍어내려는 트럼프... 월가 황제 다이먼조차 '역효과' 경고,2026-01-14 17:32:57,domestic_bond
기준금리,다카이치 조기총선 승부수...日금리인상 시계 빨라지나,2026-01-14 17:32:59,domestic_bond
달러강세,AI 고속도로 구축' 아리스타 목표가 껑충,2026-01-14 17:33:20,real_assets
달러강세,자율주행 분사추진 '앱티브' 2년만에 신고가,2026-01-14 17:33:21,real_assets
환율,"신한은행, 유튜버 환전 우대...달러 원화로 바꿀때 최대 90%",2026-01-14 17:37:24,real_assets
환율,외국환율고시표,2026-01-14 17:37:26,real_assets
원유,"고령화 직면한 영암...HD현대 ""디지털·자동화로 승부수",2026-01-14 17:43:49,real_assets
채권금리,"불장에 거래대금 급증""...실적기대 커진 증권株",2026-01-14 17:46:20,domestic_bond
달러강세,오천피 눈앞인데...소비재株는 언제 가나,2026-01-14 17:46:21,real_assets
기준금리,①해외투자 ②통화 증가 ③한미 금리차...원화값 짓누른 3대 악재,2026-01-14 17:50:02,domestic_bond
환율,역대최대로 불어난 기업 대외채무... 원화값 10원 하락땐 1.8조원 늘어,2026-01-14 17:50:03,real_assets
기준금리,"수요폭증·공급부족...달러, 서울부동산 닮아간다",2026-01-14 17:50:11,domestic_bond
기준금리,"수요폭증·공급부족...서울부동산 닮아가는 ""달러"" 백약이 무효",2026-01-14 19:43:37,domestic_bond
달러강세,AI 달릴 고속도로 깔아드립니다...빅테크 박터질수록 웃는 이 회사,2026-01-14 19:49:33,real_assets
달러강세,"트리플 플래그 프레셔스 메탈스, 4분기 매출 1.2억달러...연간 실적 사상 최고치 경신",2026-01-14 20:12:56,real_assets
국제유가,"초고강도 개입 약발, 한달도 못갔다...원화값 다시 1480원대 위협",2026-01-14 20:46:25,real_assets
달러강세,"XTI 에어로스페이스, 9개월 순이익 217% 급증...매출은 5.5% 감소",2026-01-14 22:02:07,real_assets
채권금리,"대통령님, 이건 좀 아니지 않습니까?""...깐부들마저 등돌린 트럼프 몽니",2026-01-14 22:07:23,domestic_bond
기준금리,"아크로"" 세글자 붙이려다 입주 못할판...성남 상대원2구역 사업 지연",2026-01-14 22:37:27,domestic_bond
달러강세,"페더럴 시그널, 3분기 실적 호조로 연간 가이던스 상향",2026-01-15 02:30:07,real_assets
달러강세,"오천피, 그만 얘기하세요""...환율 발목잡힌 소비재株엔 딴나라 이야기",2026-01-15 06:00:40,real_assets
원유,"퍼포먼스 시핑, LNG 준비 LR2급 유조선 인도 완료...장기용선 계약 체결",2026-01-15 06:06:55,real_assets
기준금리,"오키드 아일랜드 캐피탈, 4분기 EPS 0.62달러...RMBS 포트폴리오 호실적",2026-01-15 06:53:11,domestic_bond
환율,눈 뜨고 코 베인다더니...환율 10원 오를 때 기업 대외채무 1.8조↑,2026-01-15 07:09:33,real_assets
달러강세,"이머전트 바이오솔루션즈, 2025년 매출 22% 감소 전망...2026년 급반등 예상",2026-01-15 07:15:42,real_assets
달러강세,"이때가 매수 신호?""...원화값 ""깜짝 강세""에 개인들 달러 담았다",2026-01-15 07:31:05,real_assets
원유,"베네수엘라 임시 대통령 ""트럼프와 통화...협력의제 논의",2026-01-15 07:33:25,real_assets
환율,"유튜버·틱톡커 모십니다...인플루언서 ""달러 광고비"" 혜택 준다는 이 은행",2026-01-15 08:06:34,real_assets
WTI,이란 리스크·은행주 부진 겹쳐 이틀째 하락...나스닥 1%↓,2026-01-15 09:14:00,real_assets
국제유가,이란 리스크·은행주 부진 겹쳐 이틀째 하락...나스닥 1%↓,2026-01-15 09:14:16,real_assets
달러강세,"코스피, 4710.28 하락 출발 후 상승 전환...미 기술주 약세 영향",2026-01-15 09:21:36,real_assets
기준금리,"다들 애쓰셨습니다""...서울 ""생애 첫 집"" 마련 11년만에 최고",2026-01-15 09:24:20,domestic_bond
기준금리,"올해 첫 금통위...""환율·물가"" 걱정에 기준금리 5연속 동결",2026-01-15 09:50:14,domestic_bond
기준금리,"한은, 고환율·집값 부담에 기준금리 5연속 동결...연 2.5%",2026-01-15 10:00:59,domestic_bond
환율,"볼보코리아, 연내 국내에 플래그십 전기차 EX90·ES90 투입",2026-01-15 10:15:31,real_assets
환율,"美재무장관 ""원화약세 과도하다"" 이례적 개입에...1460원대 진정세",2026-01-15 10:19:06,real_assets
원유,"이 정도면 말차24""...이마트24, 말차 차별화상품만 16종 출시",2026-01-15 11:03:20,real_assets
기준금리,"금리인하 가능성 아예 지워버렸다""...한은 통화정책 의결문 살펴보니",2026-01-15 11:05:36,domestic_bond
원유,"대한조선, 새해 벽두부터 원유운반선 4척 계약...연간 목표 30% 달성",2026-01-15 11:14:29,real_assets
기준금리,"이창용 ""3개월 뒤 금리 유지 가능성 커...개인투자자 해외 주식 꾸준해",2026-01-15 13:29:11,domestic_bond
환율,"폐차만 아니면 팔립니다""...불티나는 K자동차, 美 판매 꺾여도 역대 최고 수출",2026-01-15 13:46:21,real_assets
기준금리,"나라살림 문제 없는거죠?""...작년 1~11월 89조 적자, 역대 3번째라는데",2026-01-15 13:53:11,domestic_bond
원유,수소 넘어 친환경 종합 에너지 기업 도약,2026-01-15 15:24:08,real_assets
원유,초판 공시,2026-01-15 15:33:57,real_assets
국제유가,"반도체 경기 호조 이어지네""...한은이 본 국내외 경제상황은",2026-01-15 15:48:21,real_assets
달러강세,"열흘째 상승"" 코스피, 4800선 문턱 마감...코스닥도 올라",2026-01-15 15:48:22,real_assets
기준금리,신규 코픽스 4개월 연속 상승...주담대 변동금리 부담 더 커진다,2026-01-15 15:49:45,domestic_bond
원유,대통령 체포 소식에 수익률 뛴 ETF 5종...만들어주고 밀어준 이는 현직 대통령,2026-01-15 16:00:00,real_assets
달러강세,올해도 '돈맥' 넘치네... 반도체 계속 캐야지,2026-01-15 16:00:14,real_assets
환율,미장보다 국장 올라탈때...ISA에 담으면 수익·稅혜택 다 잡아,2026-01-15 16:04:22,real_assets
채권금리,"대신증권, ""온라인 채권 타임딜"" 출시",2026-01-15 16:21:50,domestic_bond
환율,"대한항공, 역대 최대 매출에도...고환율·고비용에 수익성은 뒷걸음",2026-01-15 16:24:16,real_assets
환율,K유학붐' '4050 라이더' 기획... 새로운 사회 현상 잘 짚어내,2026-01-15 17:05:47,real_assets
기준금리,"美 재무 ""원화약세 우려""... 한미 통화스왑 전향 검토를",2026-01-15 17:08:26,domestic_bond
환율,외국환율고시표,2026-01-15 17:27:58,real_assets
기준금리,"호남 대표 건설사들, 속속 서울로 본사 이전",2026-01-15 17:31:30,domestic_bond
원유,미국에 감정 상한 캐나다... 중국과 밀착 나선다,2026-01-15 17:33:58,real_assets
달러강세,"美재무장관 원화강세 보증에도 한국인들 ""더 떨어진다"" 베팅",2026-01-15 17:34:58,real_assets
기준금리,"원화값 백약이 무효...한은, 의결문서 '금리인하 가능성'도 삭제",2026-01-15 17:34:59,domestic_bond
환율,"韓증시 복귀' RIA 계좌, 빠르면 내달부터 시행",2026-01-15 17:42:41,real_assets
원유,K조선 연초부터 잇단 수주 낭보,2026-01-15 17:44:12,real_assets
기준금리,"美베선트 구두개입도 역부족...정부, 외환 규제책 고심",2026-01-15 17:48:05,domestic_bond
국채,주식비중 높이자... 채권혼합ETF 인기몰이,2026-01-15 17:50:20,domestic_bond
기준금리,현대제철·한진 나란히 공모채 수요예측 흥행,2026-01-15 17:52:04,domestic_bond
기준금리,내란 국가 돈으론 햄버거도 못 사먹는다...공항서 국제미아된 중년 남성,2026-01-15 18:40:00,domestic_bond
원유,"발코에너지, 2025년 매출 26.4% 감소...2026년 생산 확대로 실적 회복 전망",2026-01-15 20:17:07,real_assets
달러강세,"인스틸 인더스트리즈, 1분기 EPS 0.39달러...전년비 550% 급증",2026-01-15 20:31:57,real_assets
달러강세,"블랙록, 4분기 매출 70억 달러..연간 운용자산 22% 증가",2026-01-15 20:38:08,real_assets
기준금리,"사두면 오르던 시대 끝"" 부동산 판 흔드는 ""용도변경",2026-01-15 21:00:00,domestic_bond
달러강세,"TRX 골드, 1분기 EBITDA 201% 급증..금 생산량 최고치 경신",2026-01-15 21:07:08,real_assets
원달러,"이쯤되니 무서워지는데""...새해들어 열흘째 기록경신 중인 코스피",2026-01-15 21:19:56,real_assets
기준금리,"뱅크7, 4Q 순이익 1080만 달러..전분기 대비 0.6% 감소",2026-01-15 22:03:43,domestic_bond
환율,"베일 리조트, 북미 스키시즌 초반 매출 1.8% 하락..극심한 강설 부족 영향",2026-01-15 22:04:03,real_assets
달러강세,"인스틸인더스트리즈, 1분기 실적 대폭 개선에 무차입 경영 눈길",2026-01-15 22:31:34,real_assets
원유,"트럼프 싫어 시진핑 손 잡을 판""...감정 상한 캐나다, 中과 협력 모색",2026-01-15 22:32:54,real_assets
달러강세,"알라모스 골드, 4분기 금 생산 14만1500온스·매출 최대치 경신",2026-01-15 22:33:44,real_assets
달러강세,"사이텍바이오사이언시스, 4분기 매출 전년비 8%·전분기비 19% 증가 기록",2026-01-15 23:01:15,real_assets
달러강세,"이머전트바이오솔루션즈, 2025년 매출 감소 전망에 주가 하락",2026-01-16 00:21:27,real_assets
채권금리,"자빌, 10억 달러 채권발행 확정으로 만기 분산 및 재무구조 강화",2026-01-16 03:10:44,domestic_bond
기준금리,"웨스트아메리카 뱅코프, 4분기 EPS 1.12달러..안정적 자본 유지",2026-01-16 04:22:05,domestic_bond
채권금리,"인데버 실버, 3.5억 달러 규모 전환사채 발행...2031년 만기",2026-01-16 05:36:56,domestic_bond
원유,"왜 가난하게 살아야 하나요""...47년 묵은 정치 체제 거부하는 시민들",2026-01-16 06:00:00,real_assets
환율,"돌아온 서학개미에 양도세 감면...RIA 계좌, 빠르면 2월부터 시행",2026-01-16 06:09:41,real_assets
채권금리,"브룩필드 리뉴어블 파트너스, 5억 캐나다달러 규모 장기채 발행",2026-01-16 06:19:57,domestic_bond
원유,"DHT 홀딩스, 4분기 일일 스팟 운임 6만9500달러..5년 용선계약 체결",2026-01-16 06:20:58,real_assets
기준금리,"인베스코 모기지 캐피탈, 주당 0.12달러 월간배당 결정",2026-01-16 06:28:38,domestic_bond
기준금리,"큐엑스오, 4분기 매출 21.9억 달러·EBITDA 1.5억 달러",2026-01-16 07:15:50,domestic_bond
기준금리,"열흘째 ""불기둥"" 코스피...오늘 상승세로 4800선 넘길까",2026-01-16 08:10:17,domestic_bond
달러강세,TSMC 사상 최대 실적에 반도체주 강세...TSMC 4.44%↑,2026-01-16 08:55:18,real_assets
기준금리,"신용도 낮은 대학생·주부, ""통신정보""로 4대 시중은행서 대출 받는다",2026-01-16 09:05:01,domestic_bond
달러강세,코스피 4800까지 뚫었다...美 반도체주 훈풍에 상승 출발,2026-01-16 09:05:24,real_assets
원유,"가만있는데 재산 90%가 날아갔어요""...현찰이 휴지조각 된 나라, 생존법은?",2026-01-16 09:08:27,real_assets
달러강세,"꿈의 오천피 보인다""...코스피, 사상 첫 4800대 돌파 마감",2026-01-16 09:13:10,real_assets
달러강세,"11일 연속 최고치 뚫으며 달린다""...코스피 사상 첫 4800선 돌파",2026-01-16 09:38:32,real_assets
기준금리,"억장 무너지는 영끌족""...오늘부터 주택담보대출 또 줄줄이 오른다",2026-01-16 09:41:50,domestic_bond
환율,이재명 대통령 지지율 소폭 하락...물가·환율에 발목 잡혀,2026-01-16 10:22:40,real_assets
국채,SOL 미국배당미국채혼합50 ETF 순자산 3000억,2026-01-16 10:36:08,domestic_bond
환율,"고환율, 경기 발목잡을 수준 아냐""...석달째 ""경기회복"" 진단내린 정부",2026-01-16 11:21:05,real_assets
환율,"한가한 오찬쇼 할때 아니다""...국힘, 이 대통령에 영수회담 제안",2026-01-16 11:34:33,real_assets
달러강세,삼성전자 넘어섰다...TSMC 매출·순이익 사상 최대 기록,2026-01-16 13:28:01,real_assets
기준금리,1500원 넘보는 환율에...진퇴양난 빠진 한은,2026-01-16 13:37:16,domestic_bond
기준금리,트럼프 견제에도 굳건...美 주택 임대 괴물,2026-01-16 14:42:56,domestic_bond
국채,"ETF 300조 시대...국내 ETF 수익률 ""톱30""에 내 것은 어디에",2026-01-16 14:43:06,domestic_bond
기준금리,"고환율에 ""달러 보험"" 열풍...금감원 경고한 이유는",2026-01-16 14:44:37,domestic_bond
환율,"1조원 규모 쿠팡 리츠 퇴짜...""괘씸죄"" 때문?",2026-01-16 14:59:53,real_assets
환율,"현상 유지만 하자""...움츠러든 제조업",2026-01-16 15:00:46,real_assets
채권금리,"자본시장 대통령?"" ""독이 든 성배?""...1400조 국민연금 CIO 누가 오나",2026-01-16 15:00:56,domestic_bond
기준금리,"하나증권, 첫 발행어음 일주일 만에 3000억원 규모 완판",2026-01-16 15:12:25,domestic_bond
금값,"막장 불륜""이 부른 참극...김순금 유괴 살인 사건 전말(""형수다2"")",2026-01-16 15:21:00,real_assets
기준금리,"하나증권, 첫 발행어음 일주일 만에 3000억원 규모 완판",2026-01-16 15:24:40,domestic_bond
달러강세,"자고 일어나면 신기록, 주말이 아쉽네""...4800대 뚫고 마감한 코스피",2026-01-16 15:55:51,real_assets
환율,"상시적 위기""의 시대... 새해 재계 생존 키워드는 ""확실한"" ROI투자·""돈버는"" AI 기술력",2026-01-16 16:45:20,real_assets
환율,무섭게 오른다... 코스피 상승률 세계 1위,2026-01-16 17:06:45,real_assets
환율,"삼성·SK·한화 주가 달릴때 홀로 뒤처진 ""이곳""...이번에도 정공법 통할까",2026-01-16 17:30:00,real_assets
국채,금융위가 은행 주도 발행사 추진하자...여당·핀테크기업 '반발,2026-01-16 17:32:41,domestic_bond
환율,외국환율고시표,2026-01-16 17:48:48,real_assets
환율,"원화약세에...구윤철 ""상반기 대미투자 어려워",2026-01-16 17:50:56,real_assets
환율,"오세훈 ""또 하나의 정치특검 통과...사냥개 풀어 놓은 것",2026-01-16 18:21:55,real_assets
원유,"에코페트롤, 이사회 후보 세자르 아레나스 선출..정부 추천 인사",2026-01-16 20:08:05,real_assets
기준금리,"M&T뱅크, 4분기 순이익 7.6억 달러·전년비 12% 증가",2026-01-16 20:08:35,domestic_bond
채권금리,"유니티 그룹, 9.6억달러 광섬유 자산담보 채권 발행 결정",2026-01-16 20:08:55,domestic_bond
기준금리,"PNC 파이낸셜 서비스, 4분기 순익 25%↑...EPS 4.88달러",2026-01-16 20:39:06,domestic_bond
달러강세,"인데버 실버, 2026년 은 생산량 최대 890만 온스 예상...매출 79% 급증 전망",2026-01-16 20:53:06,real_assets
달러강세,"BOK 파이낸셜, 4분기 순이익 26% 급증..연간 실적 사상 최대",2026-01-17 06:06:04,real_assets
기준금리,"아머 레지던셜 REIT, 200억 달러 모기지 포트폴리오 유지·유동성 52% 확보",2026-01-17 06:16:06,domestic_bond
기준금리,"메트로폴리탄 뱅크 홀딩, 분기 배당금 33% 인상...주당 0.20달러로",2026-01-17 06:18:33,domestic_bond
환율,"스노코, 3Q 순익 1.29억 달러...전년比 42% 급증",2026-01-17 06:34:54,real_assets
기준금리,"MOUNT LOGAN CAPITAL, 시니어 무보증채권 공모 착수...재무구조 강화",2026-01-17 07:26:58,domestic_bond
환율,"BTS, 티켓 매출만 1조 넘어""...하이브 목표가 줄상향",2026-01-17 09:00:00,real_assets
달러강세,"국민연금이 원화약세 주범?...""환율 오를수록 국민연금 성과급 감소",2026-01-17 10:24:07,real_assets
기준금리,"미국 재무장관도 걱정한 ""원·달러 환율""...개인은 주범인가 희생양인가",2026-01-17 20:02:14,domestic_bond
기준금리,"예금이자 떨어지는데 대출금리 말이 돼?""...연6% 중반까지 치솟은 주담대",2026-01-18 10:37:18,domestic_bond
달러강세,"더 갈 것 같긴 한데 들어가기는 겁나고""...지금부턴 삼전닉스 보다 여기가 정답",2026-01-18 10:37:40,real_assets
기준금리,"들고 있어 봤자 당첨되겠나""...지난해 청약통장 30만명 더 이탈했다",2026-01-18 11:12:40,domestic_bond
기준금리,"인버스에 베팅하는 개미들...""더 오를 이유가 없다",2026-01-18 14:00:32,domestic_bond
금값,"이란 입지 흔들리자 치솟았다...부실채권 전문가들 여기에 ""눈독",2026-01-18 15:20:00,real_assets
국제유가,"이란 입지 흔들리자 치솟았다...부실채권 전문가들 여기에 ""눈독",2026-01-18 15:20:05,real_assets
기준금리,올해 AI랠리 더 간다...옥석가리기는 본격화,2026-01-18 15:39:11,domestic_bond
채권금리,"유진투자증권, 단기·중기채 비중 탄력조절해 변동성 대응",2026-01-18 16:04:41,domestic_bond
국채,"키움증권, 모멘텀 알고리즘 활용,채권·주식 비중 조절",2026-01-18 16:04:44,domestic_bond
국채,"메리츠증권, 일본 장기 국채에 인버스·레버리지로 투자",2026-01-18 16:04:45,domestic_bond
채권금리,"iM증권, 종목당 비중은 5~15%로 유지... 과도한 집중 방지",2026-01-18 16:05:12,domestic_bond
채권금리,"대신증권, 주로 AA- 등급 이상 만기 1년 이내 채권 집중",2026-01-18 16:05:16,domestic_bond
기준금리,2026년 기본적으로 강세장...주가 상승 최대 암초는 지정학,2026-01-18 16:08:11,domestic_bond
환율,"반도체 실적 레벨업' 연초 랠리 ""이젠 추격 매수 보단 분할 매수",2026-01-18 16:08:47,real_assets
환율,통화스왑과 CPTPP 외환시장 안정 조건,2026-01-18 16:19:38,real_assets
기준금리,올해 AI랠리 더 간다 옥석가리기는 본격화,2026-01-18 16:49:47,domestic_bond
채권금리,"금리인하 없다""... 불안감 커지는 채권시장",2026-01-18 16:49:48,domestic_bond
국채,잠재성장률 제고의 선행 조건,2026-01-18 16:54:31,domestic_bond
환율,외국환율고시표,2026-01-18 17:15:52,real_assets
환율,"달러예금·보험 판매 자제"" 환율불안에 경고나선 당국",2026-01-18 17:15:53,real_assets
기준금리,금리인하 급제동... 주담대 6% 중반 치솟아,2026-01-18 17:15:54,domestic_bond
원유,오천피 선봉에 '삼전닉스'가 섰다면 이젠 로봇·원전·조선株가 힘보탠다,2026-01-18 17:17:20,real_assets
기준금리,삼성바이오·인텔·넷플릭스... 실적발표 주목,2026-01-18 17:17:23,domestic_bond
원유,K조선 연초부터 LNG운반선 수주 행진,2026-01-18 17:30:12,real_assets
환율,환율 잡겠다며 '3배 레버리지 ETF' 검토한다는 정부,2026-01-18 17:35:45,real_assets
달러강세,트럼프 농가 지원책에 농산물株 들썩,2026-01-18 17:47:12,real_assets
채권금리,"예금 깨서 주식·IMA 투자""... 하루에 15조 빠져나가기도",2026-01-18 17:47:43,domestic_bond
기준금리,"5년 고정 끝나니 이자 2배로 껑충""...6% 중반까지 치솟은 주담대 금리",2026-01-18 19:17:47,domestic_bond
기준금리,"예금 깨서 주식 투자합니다""...하루에만 15조원 빠져나가기도",2026-01-18 21:08:06,domestic_bond
원유,"비싼 LNG운반선, 중국에 맡기기엔 불안""...연초부터 K조선 수주행진",2026-01-18 22:54:11,real_assets
달러강세,"올해 최대 20%까지 떨어질 것""...골드만삭스가 ""과열"" 경고한 투자처는",2026-01-19 05:58:53,real_assets
기준금리,"서울 아파트, 아직 갭투자 됩니다""...""나만의 상한가""로 경매 도전하세요",2026-01-19 06:51:24,domestic_bond
환율,"은행 부행장들 다 모이세요""...금감원 ""달러예금"" 한마디 한다는데",2026-01-19 06:59:21,real_assets
원유,"삼전이 계속 오를 순 없잖아요""...5천피 이후 국장 책임질 주도주는",2026-01-19 07:51:18,real_assets
환율,"삼전닉스 너무 올라 부담된다고?...""메모리 강세 지속, 비중확대 유효",2026-01-19 08:38:58,real_assets
금값,"중국 ""예금액 1경원"" 빠져나간다...""돈이 복사되는데 왜 묶어놔?",2026-01-19 09:41:00,real_assets
달러강세,"삼성중공업, 증권사 목표가 상향에 강세...4.71%",2026-01-19 09:49:50,real_assets
기준금리,"6% 이자 내더라도 간다""...서울 15억 이하 아파트 신고가 2배 이상 늘었다",2026-01-19 10:34:44,domestic_bond
환율,"삼전·하이닉스 3배 베팅 가능?...""고위험 레버리지 ETF"" 나오나",2026-01-19 10:57:00,real_assets
채권금리,"키움증권, 공모 김치본드 단독주관...규제완화 후 최초",2026-01-19 11:02:25,domestic_bond
기준금리,"0.2%P라도 아끼자""... 치솟는 주담대 금리에 주택 전자계약 지난해 2배↑",2026-01-19 11:10:27,domestic_bond
환율,"코스피 5000 무난히 돌파?...현대차證 ""여전히 저렴...수출주 담아야",2026-01-19 13:15:29,real_assets
환율,"코스피 5000P 달성 순간 잡자"" 금융사들 ""딜링룸"" 노출 전쟁",2026-01-19 13:29:40,real_assets
환율,한국인이 가장 많이 먹은 수입육은 미국산,2026-01-19 13:38:50,real_assets
기준금리,"2026년 폭발적 성장""...피델리티 ""비트코인, ""컨테이너 혁명"" 순간 왔다",2026-01-19 13:53:26,domestic_bond
달러강세,"HD현대중공업 ""근거 있는 자신감"" 증권사 발표에 강세...3.05%",2026-01-19 13:57:41,real_assets
원달러,"코스피, 4900선 돌파...5000포인트 코앞",2026-01-19 14:13:17,real_assets
달러강세,"12일 연속 상승"" 코스피, 사상 첫 4900선 마감...현대차, 시총 3위 우뚝",2026-01-19 15:51:39,real_assets
기준금리,만기 길고 중도 환매 어렵지만...年 최대 8% 수익에 원금보장까지,2026-01-19 16:30:54,domestic_bond
원유,이란에 흔들리는 中 일대일로,2026-01-19 17:14:12,real_assets
환율,킬러문항 없는 李 성장 전략,2026-01-19 17:14:13,real_assets
기준금리,"노란봉투법, 고환율 스파크될 수 있다",2026-01-19 17:22:20,domestic_bond
금값,AI인프라·광산개발 호재...'K장비' 기지개,2026-01-19 17:26:00,real_assets
달러강세,"銀ETF 올해만 벌써 22% ""100달러 벽도 뛰어넘을까",2026-01-19 17:28:08,real_assets
원유,전선 넓히는 미중 자원전쟁,2026-01-19 17:28:39,real_assets
국채,국세 100조 떼어 '지방 이전,2026-01-19 17:31:06,domestic_bond
기준금리,금리 할인혜택에... 부동산 전자계약 두 배로 급증,2026-01-19 17:32:41,domestic_bond
환율,연체율·정책 지연에... 생산적금융 발목,2026-01-19 17:36:48,real_assets
환율,5천피 전광판' 우리가... 은행 홍보전쟁,2026-01-19 17:36:49,real_assets
환율,"신한銀, 달러 → 원화 환전... 수수료 90% 감면 이벤트",2026-01-19 17:36:49,real_assets
환율,외국환율고시표,2026-01-19 17:36:51,real_assets
국제유가,"블랙록 래리 핑크 ""증시 급락 온다면 ""이것"" 때문",2026-01-19 18:20:26,real_assets
국채,"국세 100조 떼어 ""지방 이전""...교부세 57조·통합특별시 40조",2026-01-19 18:37:08,domestic_bond
기준금리,"작년에 140% 뛰고 올해 30% 올랐네요""...100달러 멀지 않은 은값",2026-01-19 20:39:19,domestic_bond
기준금리,"금리 0.2% 깎아주는데 무조건 하죠""...부동산 전자계약 2배로 껑충",2026-01-19 22:07:34,domestic_bond
금값,"데이터센터 짓든 광산 파든, 굴삭기 안쓸거야?...기지개 켜는 K장비",2026-01-19 23:06:00,real_assets
환율,"생산적 금융 외쳤지만...높은 연체율·정책 지연에 기업대출 ""역성장",2026-01-20 00:28:34,real_assets
국채,"올해 비트코인, 트럼프 등에 업고 ""상저하고""로 간다",2026-01-20 06:00:00,domestic_bond
기준금리,"NH투자증권, 4분기 호실적에 고배당 기대""...목표가↑",2026-01-20 08:13:49,domestic_bond
원달러,"달러 이렇게 비싼데도 맙소사""... ""서학개미"" 줄섰다, 투자액 250조 돌파",2026-01-20 08:46:33,real_assets
국제유가,"숨만 쉬어도 돈이 사라져요""...사과 20%·D램 15%, 생산자물가 넉달째 상승",2026-01-20 09:00:57,real_assets
환율,킬러문항 왜 없을까...50점짜리 그친 李정부 첫 성장 전략,2026-01-20 09:11:46,real_assets
국채,"치솟는 환율 때문에 정말 힘든데""...한미 시장금리 축소에도 환율 불안 왜?",2026-01-20 09:27:03,domestic_bond
금값,"트럼프 그린란드 관세""에 비트코인 휘청... 9만2천달러 선 위협",2026-01-20 09:50:38,real_assets
환율,"코스피 5000 코앞이었는데""...하락 폭 늘려가며 4800선까지 내려",2026-01-20 09:58:02,real_assets
기준금리,"묻어두면 ""무적권"" 돈복사 두바이 부동산...이제는 끝물인가",2026-01-20 10:00:00,domestic_bond
환율,성장펀드 3년 이상 투자땐 최대 40% 소득공제...납입금 2억원 한도,2026-01-20 10:02:21,real_assets
달러강세,"SK텔레콤, ""재도약하는 26년, 그리고 앤트로픽 가치"" 증권사 발표에 강세",2026-01-20 10:17:14,real_assets
원유,에너지 봉쇄의 데자뷔...1941년 일본과 닮아가는 2026년 중국,2026-01-20 10:48:16,real_assets
환율,"국힘 ""퇴직연금 기금화는 위헌...국민 자산 국유화 시도 결코 좌시 안 해",2026-01-20 11:12:37,real_assets
원유,"세계화 대신 ""美우선주의""...트럼프가 바꾼 다보스포럼",2026-01-20 11:23:41,real_assets
국채,그린란드 관세 위협에 EU 반격...미·유럽 금융전쟁 가능성,2026-01-20 13:03:54,domestic_bond
금값,"돈 생길 때 마다 반짝반짝 콩알금 모아요""...요즘 유행한다는 ""소액 금테크",2026-01-20 13:39:57,real_assets
환율,"외환거래 시장 뜨자...SC제일은행, 365일 24시간 가능하게 확대개편",2026-01-20 13:49:57,real_assets
국채,엇비슷해진 한미 시장금리...그래도 고환율 왜?,2026-01-20 14:12:19,domestic_bond
환율,"전세계 63개국 CEO, 기업 최대 위험은...""사이버 공격""과 ""사업 중단",2026-01-20 15:10:48,real_assets
환율,서학개미 국장 유턴하면 5천만원 양도세 0원···이후 다시 美 주식 샀을 땐?,2026-01-20 15:30:39,real_assets
채권금리,"10분 만에 매진...대신증권 ""온라인 채권 타임딜"" 첫날 완판",2026-01-20 15:59:52,domestic_bond
기준금리,수입차 30만대 시대... 하이브리드 살까 전기차 살까,2026-01-20 16:04:03,domestic_bond
금값,"금 한돈 100만원 시대"" 초읽기...트럼프 관세 압박에 98만원",2026-01-20 16:12:41,real_assets
환율,"새학기 노트북 사야하는데""...메모리·환율 부담에 노트북값 급등",2026-01-20 16:44:20,real_assets
기준금리,113년 지킨 연준 독립성 깨질까···대법원 해임 심리 주목,2026-01-20 16:50:30,domestic_bond
기준금리,서울 아파트 준월세 비중 55%로 확대,2026-01-20 17:02:04,domestic_bond
원유,파국으로 향하는 '돈로 독트린,2026-01-20 17:03:27,real_assets
환율,"모두투어, 비토즈 네트워크 밸리데이터 참여...여행 정산에 블록체인 도입",2026-01-20 17:14:35,real_assets
달러강세,AI 슈퍼사이클' 韓 변압기 수출 역대최대,2026-01-20 17:28:19,real_assets
환율,10번째 내놓은 환율대책,2026-01-20 17:47:31,real_assets
달러강세,서학개미 美주식 250조원 돌파... 해외에 달러계좌 개설도 급증,2026-01-20 17:50:19,real_assets
금값,그린란드 분쟁에... 금값 사상 최고가,2026-01-20 17:50:55,real_assets
원유,HD현대중공업,2026-01-20 17:50:56,real_assets
환율,외국환율고시표,2026-01-20 17:54:29,real_assets
달러강세,치솟은 광물값... 소재 웃고 배터리 울어,2026-01-20 17:57:52,real_assets
국채,감세'외치는 日 여야... 국채값 하락 부채질,2026-01-20 17:59:14,domestic_bond
채권금리,"李대통령, 추경 통해 K컬처 지원 시사",2026-01-20 18:00:31,domestic_bond
환율,"고환율에 달러族 급증... 정부, RIA 꼼수 막는다",2026-01-20 18:00:32,real_assets
금값,"금 진작 사둘걸""...대서양 무역전운에 ""금값 4700달러"" 돌파",2026-01-20 19:04:50,real_assets
원유,"에코페트롤, 콜롬비아 정부 추천 로드리게스 이사 재지명",2026-01-20 20:05:20,real_assets
원유,"에코페트롤, 새 이사회 후보 명단 공개...정부 제안 7인 확정",2026-01-20 20:30:02,real_assets
WTI,"옥시덴탈페트롤리엄, 4Q 글로벌 원유 실현가격 배럴당 58.99달러 기록",2026-01-20 21:06:00,real_assets
원유,"옥시덴탈페트롤리엄, 4Q 글로벌 원유 실현가격 배럴당 58.99달러 기록",2026-01-20 21:06:33,real_assets
달러강세,"US 골드마이닝, 알래스카 프로젝트서 4개 신규 금-구리 타깃 발굴",2026-01-20 21:19:33,real_assets
환율,"고환율에 ""달러족"" 급증...정부 RIA 꼼수 막는다",2026-01-20 21:27:23,real_assets
기준금리,"머컨틸 뱅크, 4분기 순이익 2,284만 달러..전년비 15% 증가",2026-01-20 22:05:05,domestic_bond
기준금리,"전기차 충전하다 이웃과 원수됐다""...테슬라 포기하고 하브 간다는데",2026-01-20 22:05:30,domestic_bond
달러강세,"인포시스, 3Q 매출 3.2% 성장...AI 솔루션 수요에 대형 수주 48억 달러 확보",2026-01-20 22:30:18,real_assets
달러강세,"아이엠골드, 4분기 최고 생산량 달성..2026년 최대 82만온스 금 생산 전망",2026-01-20 22:32:10,real_assets
달러강세,"올라 마이닝, 2025년 금생산 30만온스 돌파...연간 가이던스 초과",2026-01-20 23:34:19,real_assets
달러강세,"올라마이닝, 금생산 가이던스 초과달성과 2026년 생산량 상향 전망",2026-01-20 23:40:49,real_assets
달러강세,엔비디아 할아버지가 와도 우리 없으면 못돌립니다...큰물 만난 K변압기,2026-01-20 23:51:16,real_assets
원유,"페르미안 베이슨 로열티 트러스트, 2월 배당금 0.040056달러 확정",2026-01-21 00:58:11,real_assets
달러강세,"핸콕 휘트니, 4분기 EPS 1.49달러..전년비 6.4% 증가",2026-01-21 06:02:54,real_assets
환율,"넷플릭스, 4분기 매출 18% 급증·워너 인수로 성장 가속화",2026-01-21 06:10:05,real_assets
국제유가,"아파치, Q4 천연가스 생산량 감축...자사주 2.7백만주 매입",2026-01-21 06:24:02,real_assets
환율,"이재명 대통령, 오늘 신년 기자회견...집권 2년 차 ""대도약"" 구상 제시",2026-01-21 06:25:32,real_assets
기준금리,"어맬거메이티드 뱅크, 1분기 배당 21% 인상...주당 0.17달러",2026-01-21 06:31:53,domestic_bond
원유,"오케아니스 에코 탱커스, 4Q TCE 7만5400달러 기록..1Q 일부 예약 10만6700달러",2026-01-21 06:32:53,real_assets
금값,"맥유언 마이닝, 타르탄 광산서 고품위 금광석 발견..자원 확장",2026-01-21 06:48:04,real_assets
기준금리,"FVC뱅코프, 4분기 순이익 5.65억 달러...전년比 15% 증가",2026-01-21 06:55:04,domestic_bond
WTI,"트럼프 ""그린란드 관세""에 ""셀 아메리카"" 공포",2026-01-21 09:07:00,real_assets
국제유가,"트럼프 ""그린란드 관세""에 ""셀 아메리카"" 공포",2026-01-21 09:07:02,real_assets
국채,"자꾸 이러면, 빌려준 돈 다 털고 나간다""...덴마크 연기금, 미국채 1억달러 매각",2026-01-21 09:18:08,domestic_bond
국채,그린란드에 꽂힌 트럼프? 21세기 안보자산 희토류 쟁탈전,2026-01-21 09:26:44,domestic_bond
달러강세,"트럼프 ""알래스카 LNG"" 발언에...가스관·강관 관련주 급등",2026-01-21 09:38:34,real_assets
원달러,"원·달러 환율, 하루 만에 1470원대로 하락...李 대통령 발언에 급변",2026-01-21 09:44:32,real_assets
기준금리,LG유플러스 회사채 수요예측서 목표액 9배 이상 확보...조달금리 낮춰,2026-01-21 09:51:25,domestic_bond
기준금리,"이러다 다 죽어""...전세대출 규제 강화에 서울 아파트 준월세 확산 ""경고등",2026-01-21 09:58:38,domestic_bond
국채,"트럼프발 지정학 리스크에 비트코인 9만불 붕괴... ""공포의 화요일",2026-01-21 10:17:35,domestic_bond
기준금리,"돈 안되는 사업은 쳐다도 안봐""...불황 속 ""선별 수주""에 사활 건 건설사들",2026-01-21 10:25:15,domestic_bond
환율,"이 대통령 ""당국, 환율 1∼2달 뒤 1400원 전후 떨어질 것 예측",2026-01-21 10:25:48,real_assets
환율,"이 대통령 ""고환율은 뉴노멀...한두달내 1400원 전후로 떨어질 것",2026-01-21 10:35:43,real_assets
원유,"누구인가? 버블이야기 하는게""...올들어 반도체 수출 70% 급증",2026-01-21 10:51:39,real_assets
환율,"李 대통령 ""고환율은 세계적 흐름...원화, 한두 달 뒤 1400원대 안정 전망",2026-01-21 11:18:09,real_assets
환율,대한항공도 이젠 방산 테마주?...블랙호크·무인기 승부,2026-01-21 11:30:52,real_assets
국채,"미 증시 급락, 이 변수가 결정적...베센트 이번에도 수습할까?",2026-01-21 13:27:50,domestic_bond
원유,암호화폐에도 코스피처럼 대표 지수 생길까?,2026-01-21 13:33:48,real_assets
기준금리,"우리은행, 6억 달러 규모 외화 조달 성공",2026-01-21 14:33:25,domestic_bond
환율,"환율대책, 벌써 10번째...文정부 부동산 대책이 떠오르는 이유",2026-01-21 15:06:29,real_assets
환율,"서진시스템, 증권사 목표가 상향에 강세...3.33%",2026-01-21 15:35:53,real_assets
환율,"항공사들 ""적자 눈물"" 쏟는데...맏형 대한항공만 웃는다고?",2026-01-21 15:43:55,real_assets
기준금리,"미래에셋증권, 고객맞춤형랩 잔고 6조원 돌파",2026-01-21 15:59:43,domestic_bond
환율,"이창용 총재 ""현재 환율 수준 누가 봐도 높아...조정될 여지 크다",2026-01-21 16:46:50,real_assets
환율,"정점식 국민의힘 정책위의장 ""대통령 신년기자회견은 아무 말 대잔치",2026-01-21 16:48:41,real_assets
기준금리,"조합원 70%가 이주비 대출 0원"" 날벼락",2026-01-21 17:02:19,domestic_bond
국채,"덴마크 연기금 ""美 국채 전량 매각""···그린란드 사태 확산일로",2026-01-21 17:10:09,domestic_bond
환율,"에그플레이션 불안, 근본대책으로 풀어야",2026-01-21 17:11:06,real_assets
환율,삼성바이오 '영업익 2조' 새 역사 썼다,2026-01-21 17:14:58,real_assets
환율,불안한 미래가 만든 원화값,2026-01-21 17:19:06,real_assets
달러강세,AI전력난 수혜' 블룸에너지 올 53% 질주,2026-01-21 17:24:15,real_assets
국채,그린란드 갈등 고조되자...비트코인 9만弗선 또 붕괴,2026-01-21 17:24:17,domestic_bond
환율,외국환율고시표,2026-01-21 17:26:41,real_assets
국채,그린란드가 불러온...美·유럽 '자본전쟁,2026-01-21 17:31:50,domestic_bond
환율,"李대통령 ""부동산 세금은 마지막 수단",2026-01-21 17:31:51,real_assets
국채,수십조 추경은 없을것... 퇴직연금으로 외환방어 헛소문,2026-01-21 17:32:43,domestic_bond
환율,韓경제 최대위협은 환율 불안·물가 상승... 산업 개편 서둘러야,2026-01-21 17:32:55,real_assets
국채,日 총선 변수까지 겹쳐... 美 국채값 뚝뚝,2026-01-21 17:33:38,domestic_bond
환율,"李 기자회견 발언후, 원화값 10원 급반등",2026-01-21 17:33:38,real_assets
국채,시장 뒤흔든 '셀 아메리카'... 美·유럽 동맹끼리 치고받아 더 충격,2026-01-21 17:33:39,domestic_bond
국채,"미국채 전량매도""...그린란드가 불러온 美·유럽 ""자본전쟁",2026-01-21 17:43:12,domestic_bond
국채,"금융시장 뒤흔든 ""셀 아메리카""...동맹끼리 치고받아 충격 더 커",2026-01-21 18:18:26,domestic_bond
국채,"일본 ""소비세 폐지 공약""에 채권시장 요동...美국채 가격 급락해",2026-01-21 19:20:18,domestic_bond
금값,"실버코프 메탈스, 키르기스스탄 금광 70% 지분 1.6억달러에 인수",2026-01-21 20:03:03,real_assets
원유,"선코에너지, 2025년 매출 1.4% 증가·EPS 3.4% 상승 전망...2026년 실적 하락 예상",2026-01-21 20:03:03,real_assets
기준금리,"토론토 도미니언 뱅크, 12.5억달러 규모 중기채 전액 상환 결정",2026-01-21 20:05:43,domestic_bond
달러강세,"엘도라도 골드, 그리스 핵심 프로젝트 본격화..2026년 매출 75% 급증 기대",2026-01-21 20:06:03,real_assets
기준금리,"조합원 열에 일곱은 이주비 ""0원""...서울 재개발 이주난민 쏟아진다",2026-01-21 20:06:07,domestic_bond
달러강세,"메이크마이트립, 3Q 매출 2억9568만 달러..전년비 10.6% 증가",2026-01-21 20:08:36,real_assets
달러강세,"올드 내셔널 뱅코프, 4분기 조정 EPS 0.62달러..전분기比 개선",2026-01-21 21:20:19,real_assets
달러강세,"테크리소시즈, 구리 생산 목표 달성과 금속가격 상승으로 인한 정산가격 조정 효과",2026-01-21 21:21:00,real_assets
국채,"이 대통령 ""수십조 추경 없을것...퇴직연금으로 외환방어는 헛소문",2026-01-21 21:38:27,domestic_bond
환율,"닥터 레디스 연구소, 3분기 매출 4.4% 증가...북미 매출 위축에 EPS 14% 감소",2026-01-22 02:30:00,real_assets
달러강세,"크레도테크놀러지, 단기 수익성 우려에 반도체 섹터 강세 속에서도 약세 보여",2026-01-22 03:00:40,real_assets
달러강세,"골드 리소스, 4Q 은 생산 66만oz...현금 2,500만달러 무부채로 재무개선",2026-01-22 04:21:11,real_assets
달러강세,"올드내셔널뱅코프, 4분기 실적 개선과 대출 포트폴리오 확대로 주목받아",2026-01-22 04:40:41,real_assets
달러강세,"다이오즈, 2027년 EPS 90% 급증 전망에 투자자 관심 집중",2026-01-22 04:50:51,real_assets
기준금리,"유니언 뱅크셰어스, 2025년 연간 순이익 1110만 달러...전년比 26.5% 증가",2026-01-22 05:39:02,domestic_bond
달러강세,"그린 카운티 뱅코프, 2분기 순이익 39.3% 증가..역대 최고 실적",2026-01-22 05:46:02,real_assets
환율,"올해도 주머니 사정 빠듯해""...소비여력 물었더니 10명중 4명 ""알바 뛰겠다",2026-01-22 06:00:00,real_assets
환율,"이재명 ""부동산 세금은 마지막 수단""...보유세 인상론 선긋기",2026-01-22 06:00:19,real_assets
기준금리,"트러스트코 뱅크 NY, 4분기 순이익 38% 급증...대출·순이자마진 성장 주도",2026-01-22 06:03:23,domestic_bond
기준금리,"올드 세컨드 뱅코프, 4분기 순익 2880만 달러..전년比 51% 급증",2026-01-22 06:07:13,domestic_bond
원유,"킨더 모건, 4분기 순이익 50% 급증..2026년 5% 성장 전망",2026-01-22 06:15:04,real_assets
환율,"영업익 1조"" 달성 2년만에 2조 찍었다...새 이정표 세운 삼성바이오",2026-01-22 06:15:35,real_assets
달러강세,"인터 파퓸스, 4Q 매출 7% 증가·라코스테 부문 23% 급성장",2026-01-22 06:24:15,real_assets
채권금리,"아크록, 8억달러 규모 선순위 채권 발행 완료··· 신용대출 상환 목적",2026-01-22 06:29:55,domestic_bond
기준금리,"레이크 쇼어 뱅코프, 4분기 순익 31.7% 증가·주당 장부가치 56.4% 상승",2026-01-22 06:33:46,domestic_bond
기준금리,"홈 페더럴 뱅코프, 1분기 주당 0.135달러 배당 결정",2026-01-22 06:35:56,domestic_bond
기준금리,"FS 뱅코프, 4분기 순이익 840만달러..전년비 13.5% 증가",2026-01-22 06:43:07,domestic_bond
기준금리,"뱅크 오브 캘리포니아, 4Q EPS 0.42달러·매출 2.93억달러 기록",2026-01-22 06:44:07,domestic_bond
달러강세,"골드 로열티, 4분기 매출 37% 증가...연매출 사상 최대 1,770만 달러",2026-01-22 07:07:07,real_assets
환율,"국민 55% ""올해 소비 늘릴 것""...최대 리스크는 ""고환율·고물가",2026-01-22 07:07:22,real_assets
기준금리,"Strive, 1억5천만 달러 규모 우선주 후속 공모 발표",2026-01-22 07:15:58,domestic_bond
국채,"뉴텍 비즈니스 서비스, 2.95억달러 규모 사상 최대 대출 유동화 완료",2026-01-22 07:22:47,domestic_bond
달러강세,"골드로열티, 4분기 매출 37% 증가와 사상 최대 연매출 달성",2026-01-22 07:50:27,real_assets
달러강세,"엄청 나가더니 2800만원씩 벌어왔네""...작년 서학개미 양도세 신고 52만명",2026-01-22 08:45:30,real_assets
WTI,"트럼프 다보스 발언에 안도...뉴욕증시 상승 출발, AI·반도체 강세",2026-01-22 08:55:00,real_assets
국제유가,"트럼프 다보스 발언에 안도...뉴욕증시 상승 출발, AI·반도체 강세",2026-01-22 08:55:48,real_assets
기준금리,"전기차 진입장벽 낮춘다""...기아, 전기차 구매·서비스·중고차 혜택 확대",2026-01-22 09:18:48,domestic_bond
국채,"9조원 美 국채 ETF, 블록체인 위로 올라간다... ""월가 인프라 혁명 시작",2026-01-22 09:33:57,domestic_bond
국채,"日·추경 이슈에 ""국채 변동성"" 폭발...냉온탕 끝낼 환율·경제지표 촉각",2026-01-22 09:46:09,domestic_bond
기준금리,"직원 평균연봉 1.6억 몸값 했네""...4대금융, 사상 최대 성적표 나온다",2026-01-22 09:52:52,domestic_bond
금값,"지금은 맞고 그때는 틀리다, 일본의 부활과 독일의 후회(feat. 원자력)",2026-01-22 11:04:59,real_assets
국채,"사상 첫 ""한 돈 100만원"" 돌파한 금값 얼마까지 올라갈까",2026-01-22 11:18:02,domestic_bond
환율,"연말정산 ""간소화 서비스"" 너무 믿지 마세요""...""13월 보너스"" 더 받으려면",2026-01-22 11:22:23,real_assets
국채,"미국이 크립토 선도할 것"" 트럼프 한마디에 비트코인 반등",2026-01-22 11:30:03,domestic_bond
기준금리,"애매한"" 저신용자만 운다...700점 6.09%인데 750점은 0.5%P 더 부담",2026-01-22 14:00:55,domestic_bond
국채,"안전자산은 역시 금""...금값 고공행진에 금 ETF 불붙었다",2026-01-22 14:47:03,domestic_bond
국채,"돈나무 언니""가 이끄는 아크 ""디지털 자산 시총 5년 내 28조달러 간다",2026-01-22 15:35:29,domestic_bond
기준금리,"월 50만·3년 넣으면 최대 2200만원""...정부, ""이 통장"" 갈아타기도 지원",2026-01-22 15:36:32,domestic_bond
달러강세,"꿈의 지수 5000피"" 장중 돌파한 코스피, 오름폭 줄여 4952.53 마감",2026-01-22 15:48:27,real_assets
달러강세,"얼마나 벌었길래""...""서학개미"" 양도세 신고 50만명 넘어",2026-01-22 15:53:18,real_assets
달러강세,"예산통 민주 안도걸의 직언...""코스피 5천 시대에 고환율, 물가·민생에 직격탄",2026-01-22 16:08:55,real_assets
환율,우리도 '원화 국제화'를 해보자,2026-01-22 16:58:50,real_assets
국채,토큰 증권 플랫폼 구축... 금융 패러다임 바꿀 것,2026-01-22 17:22:18,domestic_bond
기준금리,"18년의 기다림, 7개월의 질주...5천피 시대 열렸다",2026-01-22 17:23:48,domestic_bond
국채,또 겁만 준 트럼프 '타코 쇼'...美증시 하루만에 급반등,2026-01-22 17:51:13,domestic_bond
국채,국내 채권시장 위축되자 기업들 외화채 발행 러시,2026-01-22 17:51:55,domestic_bond
채권금리,지정학 리스크·美연준 과도기... 기업 실적이 변동성 이길 것,2026-01-22 17:58:58,domestic_bond
달러강세,반도체 끌고 로봇·조선·방산 받치고... '대표선수' 많아진 코스피,2026-01-22 17:59:52,real_assets
달러강세,코스피 5000시대 열렸지만... 외환시장 불안은 비정상적,2026-01-22 18:02:36,real_assets
기준금리,월19만원대 전기차... 기아도 가격경쟁 참전,2026-01-22 18:03:15,domestic_bond
환율,외국환율고시표,2026-01-22 18:04:23,real_assets
달러강세,"반도체 끌고 조선·방산 받치고...""대표선수"" 늘며 코스피 체질개선",2026-01-22 18:22:12,real_assets
금값,"3000억원대 횡령"" 은행원, 금값 치솟자 추징금은 ""뚝",2026-01-22 18:47:46,real_assets
국채,"저점매수하란 트럼프 깊은 뜻 몰랐네""...하루만에 美증시 급반등",2026-01-22 19:12:53,domestic_bond
기준금리,"트리코 뱅크쉐어스, 4분기 순이익 3360만 달러..전년비 15.8% 증가",2026-01-22 20:04:19,domestic_bond
환율,"더 싼 줄 알고 왕창 담았는데""...수입 소고기 가격에 주부들 ""멘붕",2026-01-22 20:07:44,real_assets
기준금리,"아틀란틱 유니언 뱅크셰어스, 4분기 EPS 0.97달러..샌디스프링 인수 효과 가시화",2026-01-22 21:03:35,domestic_bond
달러강세,"프록터 & 갬블, 2Q 매출 1%↑ 222억 달러...순이익은 5%↓",2026-01-22 21:04:05,real_assets
달러강세,"모빌아이 글로벌, 4분기 매출 9% 감소·연간 15% 성장...2026년 보수적 가이던스",2026-01-22 21:06:05,real_assets
환율,"맥코믹 앤드, 4분기 매출 3% 성장·EPS 7.5% 증가",2026-01-22 21:32:05,real_assets
달러강세,"아이콘 에너지, SEPA 통해 350만 달러 조달..주당 3.11달러 평균단가로 우량 매각",2026-01-22 22:01:56,real_assets
달러강세,"프리포트 맥모란, 4Q 조정 EPS 0.47달러..인도네시아 광산사고 불구 견조한 실적",2026-01-22 22:09:17,real_assets
기준금리,"키어니 파이낸셜, 2Q26 순익 940만달러..순이자마진 개선",2026-01-22 22:36:06,domestic_bond
원유,"C3IS, 주가 상승 위한 1:20 액면병합 결정...나스닥 상장 유지 위한 조치",2026-01-22 22:44:57,real_assets
기준금리,"시티즌 파이낸셜, 4분기 EPS 1.13달러..전분기比 8% 증가",2026-01-22 23:14:18,domestic_bond
기준금리,"홈트러스트 뱅크셰어스, 4분기 순이익 1610만 달러..전년비 2.2% 감소",2026-01-22 23:50:09,domestic_bond
달러강세,"ARM홀딩스, 클라우드 및 AI CPU 수요 강세로 1분기 실적 호조 전망",2026-01-23 00:21:50,real_assets
기준금리,"그레이트 서던 뱅코프, 4분기 EPS 1.45달러...전년비 14% 증가",2026-01-23 00:48:20,domestic_bond
환율,"프록터 & 갬블, 2분기 자체성장률 0%..시장 점유율 하락세",2026-01-23 01:55:02,real_assets
WTI,"옵시디안 에너지, 2026년 자본지출 2.1억달러 투입·생산 확대 계획",2026-01-23 02:00:00,real_assets
기준금리,"웨스트아메리카 뱅코프, 주당 0.46달러 분기배당 결정...예상 배당률 3.6%",2026-01-23 04:18:05,domestic_bond
기준금리,"뱅크 퍼스트 내셔널, 4분기 순익 5% 증가·배당 11.1% 인상",2026-01-23 06:04:36,domestic_bond
기준금리,"헌팅턴 뱅크셰어스, 분기 배당금 주당 0.155달러 유지...4월 1일 지급",2026-01-23 06:15:17,domestic_bond
달러강세,"알코아, 4분기 매출 15% 증가 34억5천만 달러..알루미늄 부문 강세",2026-01-23 06:16:57,real_assets
채권금리,"어반 엣지 프로퍼티즈, 9.5억 달러 무담보 신용한도 확보·만기 2030년으로 연장",2026-01-23 06:17:07,domestic_bond
채권금리,"어소시에이티드 뱅코프, 2025년 순이익 315% 급증..2026년 5~6% 성장 전망",2026-01-23 06:20:28,domestic_bond
기준금리,"파케 뱅코프, 4분기 순이익 1,107만 달러..전분기 대비 4.3% 증가",2026-01-23 06:21:18,domestic_bond
기준금리,"시티즌스&노선, 분기 현금배당 주당 0.28달러 선언",2026-01-23 06:21:58,domestic_bond
채권금리,"인스톨드 빌딩 프로덕츠, 5억 달러 채권발행 및 3.75억 달러 신용한도 확보",2026-01-23 06:39:16,domestic_bond
기준금리,"사우스 플레인스 파이낸셜, 분기 배당금 6% 인상..주당 0.17달러",2026-01-23 06:48:46,domestic_bond
달러강세,"오션퍼스트 파이낸셜, 4Q25 순이익 1,309만 달러..특별비용 영향 전년비 36% 감소",2026-01-23 06:59:07,real_assets
기준금리,"다임 커뮤니티 뱅크셰어스, 우선주에 분기 현금배당 선언..2월 지급",2026-01-23 07:02:57,domestic_bond
기준금리,삼전닉스현대가 멱살잡고 가는 증시...액티브ETF에 뭉칫돈 몰렸다,2026-01-23 07:05:51,domestic_bond
달러강세,"알래스카 에어 그룹, 4분기 EPS 0.43달러로 전망치 상회·합병 시너지 가속화",2026-01-23 07:17:08,real_assets
원유,"도체스터 미네랄스, 4분기 현금배당 0.76달러 발표..수익률 11.6%",2026-01-23 07:20:08,real_assets
기준금리,"인베스타 홀딩, 4분기 EPS 0.51달러로 16.4% 감소...순이자마진 개선",2026-01-23 07:26:08,domestic_bond
채권금리,"알버슨 컴퍼니즈, 16억 달러 규모 채권 발행..2027년 만기 채권 리파이낸싱 목적",2026-01-23 07:30:58,domestic_bond
기준금리,"집값 상승 기대감은 여전""...증시·수출 호조에 ""소비심리"" 소폭 올라",2026-01-23 08:35:11,domestic_bond
채권금리,"인스톨드빌딩프로덕츠, 대규모 부채 리파이낸싱 발표에도 투자자 우려 확대",2026-01-23 08:40:29,domestic_bond
기준금리,"현대차, 전기차 저금리 할부 혜택 강화...아이오닉5·6 금리 2.8% 적용",2026-01-23 08:58:45,domestic_bond
기준금리,"불장인데, 살림살이 좀 나아졌습니까?""...꽁꽁 얼었던 소비심리 살아난다",2026-01-23 09:13:58,domestic_bond
금값,"한 돈 100만원 찍은 금값...""여윳돈 생길 때마다 계속 금 사모은다",2026-01-23 09:15:00,real_assets
환율,"코스피, 하루 만에 다시 ""5000선"" 돌파",2026-01-23 09:30:14,real_assets
기준금리,"0.1%도 놓칠 수 없죠""...편의성·금리 혜택에 부동산 전자계약 1년 새 두 배↑",2026-01-23 09:35:41,domestic_bond
기준금리,"주식계좌 보니 장 좀 봐도 되겠네요""...1월 소비심리 소폭 상승",2026-01-23 10:45:14,domestic_bond
환율,"코스피 5000시대, 주가·환율 안정 대책은 ""24시간 영업""이라고?",2026-01-23 10:47:20,real_assets
국채,"금융위의 1거래소-1은행 완화 검토, 그 속내는?",2026-01-23 13:44:22,domestic_bond
기준금리,美·日·中 증시 뛸 때...코스피 94% 날았다,2026-01-23 13:48:30,domestic_bond
국채,"조각투자"" 시장 안착은 언제나...잘 풀리면 360조?",2026-01-23 15:02:17,domestic_bond
달러강세,"보스턴다이내믹스, 정의선의 ""마법 상자""...현대차그룹 지배구조 재편에 쏠리는 시선",2026-01-23 15:02:54,real_assets
기준금리,"미국투자이민, ""정부 참여""가 갈랐다...보스턴 벙커힐 공공 인프라 프로젝트가 보여주는 EB-5의 변화",2026-01-23 15:05:57,domestic_bond
기준금리,"안방 다 내줄라...""중국산"" 테슬라 공세에 현대차 맞불",2026-01-23 15:56:03,domestic_bond
국채,"일본은행, 기준금리 동결...올해 성장률은 0.7%에서 1.0%로 상향",2026-01-23 16:23:57,domestic_bond
환율,"증시 활활 타올라도...""살림살이 개선 기대"" 응답은 28%",2026-01-23 16:27:50,real_assets
환율,현대차그룹이 글로비스 키워야 하는 이유...순환출자 끊을 마지막 열쇠,2026-01-23 17:30:00,real_assets
환율,외국환율고시표,2026-01-23 17:47:04,real_assets
환율,자본시장 개혁 완성하면 7천피도 가능,2026-01-23 17:55:05,real_assets
채권금리,"펫코 헬스&웰니스 컴퍼니, 6억 달러 규모 담보부 채권 발행...8.25% 고금리",2026-01-23 20:05:03,domestic_bond
채권금리,"콜롬버스 맥키넌, 키토 크로스비 인수 위한 9억달러 채권 발행",2026-01-23 20:17:03,domestic_bond
원유,"오케아니스 에코 탱커스, 1억3000만 달러 규모 신주 발행 완료",2026-01-23 20:34:04,real_assets
채권금리,"맥시온 솔라 테크놀러지스, 2029년 만기 담보부 채권 계약조건 변경...말레이시아 자산 담보권 해제",2026-01-23 20:34:34,domestic_bond
환율,"코포라시온 아메리카 에어포츠, 아르메니아 공항 운영권 35년 연장",2026-01-23 21:04:04,real_assets
기준금리,"SB 파이낸셜 그룹, 분기 배당 7% 인상...주주가치 제고 지속",2026-01-24 01:55:55,domestic_bond
기준금리,"프로피던트 파이낸셜 홀딩스, 주당 0.14달러 분기배당 결정..3월 5일 지급",2026-01-24 02:56:56,domestic_bond
달러강세,"B2골드, 4Q·연간 실적 2월 18일 발표..배당률 1.35% 전망",2026-01-24 03:52:46,real_assets
달러강세,"퓨리 골드 마인스, 사카미 프로젝트서 금 82.5만 온스 첫 자원량 확인",2026-01-24 05:40:18,real_assets
달러강세,"퓨리골드마인스, 사카미 프로젝트에서 대규모 금 자원량 첫 확인",2026-01-24 05:40:48,real_assets
환율,"꼬리에 꼬리를 무는 의혹...이혜훈 해명에도 여야 ""변명 안돼",2026-01-24 05:55:11,real_assets
기준금리,"아메스 내셔널, 4분기 순이익 650만달러..전년비 85% 급증",2026-01-24 06:10:08,domestic_bond
국제유가,"국내 주유소 기름값 7주째 하락...""다음주 상승 전환 가능성",2026-01-24 06:12:25,real_assets
기준금리,"XTL 바이오파마슈티컬스, 나스닥 상장유지 위기...주주자본 요건 미충족",2026-01-24 06:17:00,domestic_bond
원유,"베네수엘라·그린란드 이어 여기도?...""미국, 쿠바 해상 봉쇄 검토",2026-01-24 06:31:40,real_assets
원유,"배탤리언 오일, 가스처리계약 변경으로 일일 원유생산 1200배럴 증가",2026-01-24 06:31:51,real_assets
원유,"김민석 총리, 밴스 미 부통령과 워싱턴DC서 회담",2026-01-24 06:33:03,real_assets
원유,"배탤리언오일, 가스처리계약 변경으로 원유생산량 1,200배럴 증가",2026-01-24 07:00:32,real_assets
기준금리,"퍼스트 파이낸셜 뱅크셰어, 4분기 순이익 18% 증가..2025년 연간 순익 13.5% 성장",2026-01-24 07:07:12,domestic_bond
기준금리,"월 270만원 벌어 언제 독립해""...2030 첫 번째 벽, ""목돈 모으기",2026-01-24 07:08:22,domestic_bond
기준금리,"퍼스트 인더스트리얼, 8억 달러 무담보 대출 리파이낸싱 완료",2026-01-24 07:15:54,domestic_bond
금값,"그때 살걸"" 불붙은 실버랠리...은값 사상 첫 100弗 넘었다",2026-01-24 09:47:28,real_assets
원유,"김 총리 ""쿠팡 차별 안 했다""...미 부통령 ""오해 없게 관리하길",2026-01-24 10:38:33,real_assets
기준금리,"국민의힘 ""이 대통령, 5000피에 자기도취...실물경제 역성장 외면",2026-01-24 15:07:32,domestic_bond
원유,"중국이 20년이나 공들였는데...베네수 석유, 이젠 트럼프 맘대로?",2026-01-24 19:06:29,real_assets
원유,"이라크, 친 이란파 숙청 안하면 돈줄 차단""...마두로 제거에 자신감 얻은 트럼프의 경고",2026-01-24 20:00:39,real_assets
기준금리,"영끌족 악소리 난다...주담대 금리 상단 7% 근접, 예대금리차는 확대",2026-01-25 07:21:28,domestic_bond
환율,"나경원 ""연기금으로 코스피 올려""...민주 ""국민 부자되는 게 배아픈가",2026-01-25 08:56:40,real_assets
기준금리,"더 이상 쓸모없어요""...청약통장 가입자 급감, 왜?",2026-01-25 09:00:00,domestic_bond
금값,"얼마나 더 오를까""...""금값 랠리""에 월가 큰손도 비중 높인다",2026-01-25 09:00:00,real_assets
환율,"올해 기업경영, 환율에 달렸다""...원화값 하락 고민 쌓이는 식품업계",2026-01-25 10:45:59,real_assets
국채,LTV 담합 제재는 시작일 뿐...국고채 입찰담합도 과징금 폭탄 예고,2026-01-25 11:05:43,domestic_bond
기준금리,"금리 하락에 리츠 성장률 두자릿수로 ""껑충",2026-01-25 11:48:44,domestic_bond
기준금리,"증시 분기점 온다""...빅테크 실적부터 FOMC까지 ""빅이벤트"" 대기",2026-01-25 13:07:51,domestic_bond
국채,"달러 사재기"" 이제 안 할래...뚜렷한 달러 매도세",2026-01-25 13:14:07,domestic_bond
환율,"경제학교수 과반 ""韓 1%대 저성장 갇힐것""...1500원대 고환율 전망도",2026-01-25 14:19:59,real_assets
원달러,"가뜩이나 대만한테 잡혔는데...""한국, 당분간 1%대 저성장",2026-01-25 14:24:43,real_assets
기준금리,"美 강타한 ""생활비 위기""... 韓도 코로나 이후 체감물가 부담 커져",2026-01-25 15:15:15,domestic_bond
환율,"효성, '소통'을 핵심 가치로 내걸고 본격 행보",2026-01-25 16:03:33,real_assets
기준금리,외화예금 이자 0%대로 뚝...'환율방어' 동참나선 은행권,2026-01-25 17:19:43,domestic_bond
환율,외국환율고시표,2026-01-25 17:19:44,real_assets
기준금리,"이건 꼭 알아야죠""... AI가 나를 위해 선별한 3분 뉴스",2026-01-25 17:25:01,domestic_bond
금값,"골드·실버뱅킹으로 소액투자, 금·은 고공행진에 올라타기... ETF는 장기투자·환금성 '굿",2026-01-25 17:39:26,real_assets
기준금리,정치금융의 시대 시장과 샅바싸움,2026-01-25 17:43:36,domestic_bond
기준금리,시장 금리 반등에 렌탈주 직격탄,2026-01-25 17:45:52,domestic_bond
달러강세,메모리값 폭등에 글로벌 IT기기株 '울상,2026-01-25 17:46:48,real_assets
달러강세,日 증시 강세 흐름 지속에 일학개미 매도세도 주춤,2026-01-25 17:46:49,real_assets
국채,"안전자산 대우받는 銀, 온스당 100달러 넘었다",2026-01-25 17:46:51,domestic_bond
기준금리,환헤지 방식' 노출 막자 원화값 안정세...커지는 연금 역할론,2026-01-25 17:50:52,domestic_bond
기준금리,"다카이치, 美와 엔저방어 ""모든 조치할 것",2026-01-25 18:02:58,domestic_bond
달러강세,"줍줍 외치기엔 바닥 안보이네요""...메모리칩 쓰는 ""이 기업들"" 주가 추락",2026-01-25 19:34:59,real_assets
환율,"아아 대신 아이스녹차 마셔야 될 수도""...커피수입액 41% 급증",2026-01-25 20:49:31,real_assets
국채,"돌반지 다 팔고, 이제 커플링 팔 차례""...은값 ""온스당 100달러"" 뚫었다",2026-01-26 05:57:10,domestic_bond
금값,"무작정 골드바 사두면 되나요?""...세금 따져보면 KRX금시장 유리",2026-01-26 05:57:42,real_assets
기준금리,"환헤지 전략"" 유턴에 원화값 안정세...커지는 국민연금 역할론",2026-01-26 06:45:09,domestic_bond
금값,국제 금값 온스당 5000달러 사상 첫 돌파,2026-01-26 08:17:52,real_assets
금값,"명품 백 든다고 돈이 되니? 차라리 금팔찌를 해""...""하이주얼리""에 쏠린 눈",2026-01-26 09:27:19,real_assets
금값,"금값 온스당 5000달러 첫 돌파...그린란드 긴장에 ""지붕킥",2026-01-26 10:23:21,real_assets
달러강세,"테슬라 예언"" 월가 천재, 다음 업종 찍었다...""2050년까지 14억대쯤 팔릴 것",2026-01-26 10:40:02,real_assets
달러강세,"내가 오른댔잖아, 올해 두 배 뛸걸""...부자아빠, 이번엔 ""이것"" 찍었다",2026-01-26 11:09:46,real_assets
달러강세,"엔화야 고맙다"" 덩달아 급등한 원화값",2026-01-26 11:10:11,real_assets
환율,"9900원 vs 10만원...대형마트 위스키도 ""소비 양극화",2026-01-26 13:12:07,real_assets
원유,"에쓰오일, 지난해 4분기 전년 대비 영업이익 91% 증가",2026-01-26 13:35:40,real_assets
금값,"너, 금반지 꼈구나"" 이 말의 무게감 달라져...""미친 금값""에 K주얼리도 가격 인상",2026-01-26 14:52:15,real_assets
국채,지난해 채권결제대금 6362조원...전년비 16.2% ↑,2026-01-26 15:17:59,domestic_bond
달러강세,"닷컴버블 이후 최고치""...코스닥 7% 급등, 4년 만에 ""천스닥"" 회복",2026-01-26 15:54:40,real_assets
환율,"NH농협은행, 자영업자·소상공인 이자 2천억 넘게 환급...저금리 대환도 확대",2026-01-26 16:01:30,real_assets
기준금리,"신한은행, 최대 17조원 포용 시동...中企·자영업자 대출 원금까지 감면",2026-01-26 16:03:51,domestic_bond
기준금리,"KB국민은행, 채무조정까지 모바일로 간편하게 신청...'국민행복' 최우선",2026-01-26 16:04:23,domestic_bond
환율,동국제강 지난해 영업익 594억원...전년비 42%↓,2026-01-26 16:25:46,real_assets
국채,설 연휴 전날 파생상품 야간거래 쉰다...거래소 2월 13일 휴장,2026-01-26 16:28:15,domestic_bond
금값,"금값 5400달러·코스피 5700""...골드만삭스가 딱 찍어 내놓은 숫자",2026-01-26 17:13:47,real_assets
원달러,환율 고래' 국민연금 외화채 직접발행 추진,2026-01-26 17:41:38,real_assets
국채,"천장 뚫린 금값, 5천달러 첫 돌파",2026-01-26 17:45:25,domestic_bond
달러강세,원자재 강세에 브라질 펀드 고공행진,2026-01-26 17:45:26,real_assets
기준금리,"밸류업 정책 훈풍 타보자""...하루새 7% 폭등 천스닥 탈환",2026-01-26 17:53:13,domestic_bond
금값,"금 사모으자""... 골드뱅킹에 2조원 몰려",2026-01-26 17:57:14,real_assets
환율,외국환율고시표,2026-01-26 17:57:15,real_assets
달러강세,4년 만에 1000스닥...기관 2.6조 순매수 상승 주도,2026-01-26 17:59:43,real_assets
금값,"B2골드, 실적 발표 앞두고 글로벌 금값 강세에 주목",2026-01-26 18:20:34,real_assets
기준금리,"정책 믿고 가보자""...오천피 찍고 숨고르자 천스닥 불기둥",2026-01-26 18:39:42,domestic_bond
달러강세,"얼라이드 골드, 55억 캐나다달러에 Zijin Gold에 매각...27% 프리미엄",2026-01-26 20:05:15,real_assets
채권금리,"타이탄 마이닝, 535만 달러 어음 발행..10% 고금리 차입 단행",2026-01-26 20:05:35,domestic_bond
기준금리,"TC 에너지, 시리즈6 우선주 전량 시리즈5로 자동전환..1400만주 고정배당 확보",2026-01-26 20:05:55,domestic_bond
달러강세,"스카이워터테크놀러지, 이온큐에 18억 달러 규모 피인수 합의...양자컴퓨팅 통합 플랫폼 탄생",2026-01-26 20:10:36,real_assets
달러강세,"프랑코 네바다, 분기 배당금 16% 인상..19년 연속 상승 행진",2026-01-26 20:10:41,real_assets
환율,"국민연금, 해외주식 비중 38.9%→37.2%...원화값 안정위해 외화채권 발행 검토",2026-01-26 20:16:16,real_assets
국채,"개장 70년 만에 새 역사...""꿈의 오천피"" 전인미답 고지 밟았지만",2026-01-26 21:00:00,domestic_bond
국채,"계속 오르기만 하는 게 진짜 있네요""...사상 첫 5천달러 돌파한 금값",2026-01-26 21:26:55,domestic_bond
기준금리,"메인스트리트 뱅크셰어스, 2025 회계연도 순이익 1561만달러...적자서 흑자전환",2026-01-26 22:03:55,domestic_bond
기준금리,"피프스 써드 뱅코프, 4분기 EPS 1.04달러..전년비 22% 증가",2026-01-26 22:43:07,domestic_bond
달러강세,"뱅크 오브 하와이, 4분기 EPS 1.39달러...전년비 63.5% 급증",2026-01-26 23:21:08,real_assets
기준금리,"피플스 뱅코프 오브 노스 캐롤라이나, 4분기 순이익 84% 급증..특별이익 반영",2026-01-26 23:48:59,domestic_bond
기준금리,"오크 밸리 뱅코프, 4Q 순이익 633만달러..대손충당금 증가 영향",2026-01-27 03:31:02,domestic_bond
국채,"암호화폐 법제화 틀도 못짜고 정쟁만...""제도 뒷받침 서둘러야",2026-01-27 05:58:31,domestic_bond
기준금리,"지금은 베팅 아니라 관망할 때...부동산 시장, 3대 경제지표 보면 훤히 보인다",2026-01-27 06:00:00,domestic_bond
달러강세,"산미나, 1분기 매출 59% 급증...AI 인프라 수요 강세",2026-01-27 06:05:56,real_assets
달러강세,"W.R. 버클리, 4분기 영업익 4.5억달러 사상최대..연간 ROE 21%대 고수익성 지속",2026-01-27 06:13:58,real_assets
달러강세,"WSFS 파이낸셜, 4분기 EPS 23% 상승..연간 수익성 개선 뚜렷",2026-01-27 06:14:08,real_assets
채권금리,"트라이엄프 뱅코프, 4Q 순익 1,841만달러..일회성 이익 실적 견인",2026-01-27 06:16:08,domestic_bond
달러강세,"셔멍 파이낸셜, 4Q 순익 770만달러..전년비 30.9%↑",2026-01-27 06:16:58,real_assets
환율,"그래스코, 4분기 매출 8% 증가·영업익 22% 확대...연간 매출 사상 최대",2026-01-27 06:16:58,real_assets
달러강세,"크레인, 4Q25 주당이익 21% 성장...26년 EPS 10% 성장 전망",2026-01-27 06:30:39,real_assets
기준금리,"NBT 뱅코프, 4분기 EPS 1.06달러..전년比 37.7% 증가",2026-01-27 06:33:09,domestic_bond
채권금리,"뉴텍 비즈니스 서비스, 채권교환 8.29% 달성...만기 연장 성공",2026-01-27 06:38:59,domestic_bond
기준금리,"퍼스트 커뮤니티 뱅크셰어스, 홈타운 뱅크셰어스 인수 완료..자산 37억달러 규모로 확대",2026-01-27 06:46:00,domestic_bond
원유,"원오크, 에너지 산업 전문가 2명 독립이사 선임... 거버넌스 강화",2026-01-27 06:51:00,real_assets
원유,"델렉 로지스틱 파트너스 LP, 분기 배당금 1.125달러로 상향",2026-01-27 06:53:33,real_assets
채권금리,"IM 카나비스, 217만 달러 채권 발행..부채 구조조정 본격화",2026-01-27 07:14:03,domestic_bond
국제유가,정제마진 급등 가능성 제기...S-OIL 목표가 14만원 등장,2026-01-27 09:20:39,real_assets
금값,"빅테크 ""칩 독립"" 시동에...젠슨황, 코어위브로 ""맞불",2026-01-27 09:24:04,real_assets
환율,"돈 불리기엔 금보다 이게 낫지""...은 통장 잔액 1년새 7배로 불었다는데",2026-01-27 09:38:26,real_assets
환율,"알뜰한 연금수급자 위한 혜택...수협銀, ""Sh골든데이연금통장"" 출시",2026-01-27 10:45:06,real_assets
기준금리,"LG유플러스, 증권사 목표가 상향에 강세...4.81%",2026-01-27 10:52:19,domestic_bond
금값,"혈세낭비 욕먹었는데...""함평 황금박쥐상"" 금값만 386억원, 14배 올랐다",2026-01-27 10:55:09,real_assets
달러강세,"삼성E&A, ""2026년은 수주에 방점. 특히 신사업에 기대"" 증권사 발표에 강세",2026-01-27 13:18:36,real_assets
기준금리,"SK증권, 위기 속 ""내실 경영""...선제적 리스크 관리로 실적 방어",2026-01-27 13:39:10,domestic_bond
기준금리,"통화·금융 상황 급변 시 국회에 ""지체 없이"" 보고""...한은법 개정안 나온다",2026-01-27 14:10:03,domestic_bond
금값,"금·주식 제치고 수익률 1등""...""천스닥·오천피"" 속 은값 질주",2026-01-27 14:13:15,real_assets
기준금리,지난해 서울시 청년안심주택 입주자 만족도 93.7%,2026-01-27 14:28:02,domestic_bond
기준금리,"김성은 주건협 신임 회장 ""현 정책 기조 서민 주거 안정 우려...공급 실행력 확보해야",2026-01-27 14:37:26,domestic_bond
기준금리,주식시장으로 이동한 자금...정기예금 한 달 새 4조원 넘게 빠져,2026-01-27 14:40:55,domestic_bond
금값,"금값 천장 뚫었는데...한은 13년째 ""뒷짐""진 이유는?",2026-01-27 15:07:10,real_assets
원유,"대한조선, 작년 영업익 2941억원...전년비 86.1%↑",2026-01-27 15:31:16,real_assets
기준금리,"똑같은 데이터를 보는데, 왜 저 사람만 부자가 될까...""부자는 자본주의를 어떻게 읽는가",2026-01-27 15:31:17,domestic_bond
채권금리,"관세폭탄에 다 죽어도, 한국은 생존""...최대 채권운용사 ""엄지척"" 날린 이유는",2026-01-27 15:36:49,domestic_bond
기준금리,가계대출 금리 3달 연속 상승...주담대 0.06%p·신용대출 0.41%p 올라,2026-01-27 15:42:52,domestic_bond
금값,"혈세 낭비"" 오명 벗고 ""대박""...몸값 14배 뛴 함평 황금박쥐상",2026-01-27 16:09:16,real_assets
금값,혈세 낭비 비판' 황금박쥐상... 금값 올라 27억서 386억으로,2026-01-27 17:34:15,real_assets
금값,금보다 뜨는 은,2026-01-27 17:35:27,real_assets
환율,외국환율고시표,2026-01-27 17:50:02,real_assets
국채,"국민연금, 기금위 회의록 '봉인'... 4년간 비공개",2026-01-27 17:51:15,domestic_bond
원유,한화·HD현대 수조원대 패키지... 加 총력전,2026-01-27 17:51:27,real_assets
국제유가,"한국 성장률 2% 전망""...""오천피·천스닥"" 이후 자본시장은",2026-01-27 19:16:47,real_assets
국채,"국민연금, 기금위 회의록 '봉인'... 4년간 비공개",2026-01-27 19:54:37,domestic_bond
기준금리,"파이브 스타 뱅코프, 4분기 순익 32%↑..대출·예금 잔액 증가 견인",2026-01-27 20:04:03,domestic_bond
달러강세,"웨스턴 얼라이언스, 4분기 순이익 35.2% 급증·293억달러 달성",2026-01-27 20:08:00,real_assets
달러강세,"제트블루 에어웨이즈, 4분기 매출 22억4400만 달러..전년비 1.5% 감소",2026-01-27 20:32:11,real_assets
환율,"킴벌리클락, 4Q 영업이익 13% 증가..2026년 EPS 2자리 성장 전망",2026-01-27 20:39:11,real_assets
원유,"이온 리소시스, 33세 금융전문가 벌피트 독립이사 영입.. 인수합병 역량 강화",2026-01-27 20:47:01,real_assets
달러강세,"RTX, 4분기 매출 12% 증가·EPS 1.55달러...2026년 매출 930억달러 전망",2026-01-27 20:59:01,real_assets
달러강세,"인베스코, 4Q 조정 EPS 0.62달러...전년비 19.2%↑",2026-01-27 21:01:01,real_assets
달러강세,"컴볼트 시스템즈, 3분기 매출 19% 성장..SaaS 수익 44% 급증",2026-01-27 21:49:38,real_assets
환율,"시스코, 2026 회계년도 2분기 매출 3% 증가..EPS 가이던스 상향",2026-01-27 22:07:56,real_assets
원유,"인터내셔널 시웨이스, 수에즈막스 시장 진출..사업 다각화 추진",2026-01-27 23:12:07,real_assets
환율,"어플라이드 인더스트리얼 테크놀러지스, 2분기 EPS 2.51달러..전년비 4.6% 증가",2026-01-27 23:22:41,real_assets
기준금리,"이글 뱅코프 몬테나, 4분기 순이익 37.8% 증가..EPS 0.60달러",2026-01-28 00:02:10,domestic_bond
달러강세,"시게이트테크놀러지, 2분기 EPS 40% 증가 전망에 AI 데이터센터 수요 강세 지속",2026-01-28 00:40:37,real_assets
달러강세,"C&F 파이낸셜, 4분기 순이익 11.4% 증가·연간 35.5% 성장",2026-01-28 03:51:22,real_assets
기준금리,"핀워드 뱅코프, 4Q 순이익 200만 달러..증권 매각 손실로 전분기比 43% 감소",2026-01-28 06:05:04,domestic_bond
달러강세,"텍사스 인스트루먼트, 4분기 매출 10% 성장...1분기 EPS 가이던스 최대 1.48달러",2026-01-28 06:06:54,real_assets
기준금리,"QCR 홀딩스, 4분기 주당순익 2.21달러..전년비 14.5% 증가",2026-01-28 06:07:44,domestic_bond
기준금리,"QCR 홀딩스, 2025년 매출 21%↑·EPS 10.6%↑..실적 호조",2026-01-28 06:08:59,domestic_bond
기준금리,"아머 스포츠, 8000만 달러 선순위 채권 조기상환...재무구조 개선",2026-01-28 06:13:51,domestic_bond
기준금리,"내셔널 뱅크 홀딩스, 4분기 희석EPS 0.42달러..금리인하 영향 순이자마진 축소",2026-01-28 06:16:02,domestic_bond
환율,"이노바 인터내셔널, 4분기 매출 8.4억 달러..전년비 15% 증가",2026-01-28 06:19:42,real_assets
달러강세,"코보, 3분기 매출 8.4% 성장...영업이익 262.5% 급증",2026-01-28 06:20:32,real_assets
달러강세,"텍사스인스트루먼트, 4분기 매출 성장세와 견고한 1분기 가이던스 제시",2026-01-28 06:20:47,real_assets
기준금리,"스톡 야드 뱅코프, 4분기 순이익 3660만달러..전년비 15.5% 증가",2026-01-28 07:01:06,domestic_bond
채권금리,"컨슈머 포트폴리오, 3.5억 달러 자산유동화 거래 성공...41연속 AAA 등급 획득",2026-01-28 07:11:06,domestic_bond
원유,"SM 에너지, 시비타스와 합병안 압도적 찬성으로 통과",2026-01-28 07:26:00,real_assets
기준금리,미국 정부發 메디케어 쇼크에 보험주 급락...S&P500은 신고가,2026-01-28 07:44:58,domestic_bond
금값,"장기 근속자여도 이건 좀 부담이죠""...사상 최고 금값에 포상 대체하는 기업들",2026-01-28 08:34:28,real_assets
기준금리,빅테크 실적 기대에 S&P500 사상 최고...다우지수는 하락,2026-01-28 09:00:16,domestic_bond
금값,"살 사람은 이미 다 샀다""...美개미, 주식 역사상 최대 ""올인",2026-01-28 09:23:35,real_assets
달러강세,트럼프 약달러 용인 발언에...원화값 15.2원 급등,2026-01-28 09:55:36,real_assets
환율,"농협은행, 스테이블코인 기반 ""K팝 토큰증권"" 유통 실험 완료",2026-01-28 09:55:56,real_assets
환율,"경제는 심리라는데, 당분간 걱정 없겠네""...4년6개월새 최고 찍은 뉴스심리지수",2026-01-28 10:07:10,real_assets
달러강세,"코스피 5100선·코스닥 1100선 돌파...""16만전자"" 달성",2026-01-28 10:21:55,real_assets
원유,"윤희숙 ""김 총리, 미국에 사진 찍으러 갔나...대통령 된 것처럼 의기양양",2026-01-28 10:29:16,real_assets
환율,"국민연금 ""국내 투자 비중 상향""에...野 ""대통령 쌈짓돈 아냐"" 비난",2026-01-28 10:45:36,real_assets
기준금리,중국 전기차에 밀리잖아...고전하는 테슬라가 내놓은 파격 혜택,2026-01-28 11:27:34,domestic_bond
국채,"美 규제 맞춤 테더 ""USAT"" 드디어 출시",2026-01-28 13:27:01,domestic_bond
금값,"달러화 지금 훌륭하다"" 트럼프 한마디에 무너졌다...달러가치 4년만에 최저",2026-01-28 13:32:46,real_assets
원유,"삼성중공업, LNG 운반선 등 5척 수주...1.2조 규모",2026-01-28 13:37:45,real_assets
국채,"달러 못 믿겠다""...""머니무브"" 속 금값 5200달러",2026-01-28 15:03:39,domestic_bond
금값,"두근두근, 오늘은 돈 얼마나 불었을까?""...금은동 ETF 순자산 올해 2.2조↑",2026-01-28 15:40:30,real_assets
달러강세,"코스피, 5100선 마감 사상 최고치 경신...코스닥 4%대↑",2026-01-28 16:06:44,real_assets
원유,딸콤함' 듬뿍 담은 케이크... 특급호텔은 '급'이 다르네,2026-01-28 16:13:33,real_assets
환율,"20년내 집값 상당히 떨어질 것""...이웃나라 예로 든 국회의원",2026-01-28 16:21:47,real_assets
국제유가,"韓경제, 불황 딛고 정상항로 진입... 암초는 투자·고용 위축",2026-01-28 16:56:42,real_assets
환율,"설탕세 도입 띄우는 당정, 자영업·물가에 미칠 영향 숙고하길",2026-01-28 17:22:06,real_assets
원달러,기아 年매출 신기록...관세로 영업익 뒷걸음,2026-01-28 17:41:25,real_assets
국채,시장금리 고공행진...회사채 발행 급감,2026-01-28 17:50:59,domestic_bond
환율,"與정책위의장 ""20년내 집값 상당히 떨어질 것",2026-01-28 17:59:41,real_assets
금값,중간선거 코너 몰린 트럼프... 美제조업 살리려 '약달러' 강행,2026-01-28 18:02:18,real_assets
기준금리,천스닥' 찍자... 은행서 이틀새 16조 '썰물,2026-01-28 18:02:29,domestic_bond
환율,외국환율고시표,2026-01-28 18:02:59,real_assets
국채,美 정부 규제 맞춰...달러코인 'USAT' 출시,2026-01-28 18:03:27,domestic_bond
달러강세,반도체·2차전지 '쌍끌이'...파죽지세 韓증시,2026-01-28 18:04:12,real_assets
국채,"연일 늦춰지는 미국판 디지털자산기본법, 쟁점이 뭐길래",2026-01-28 18:44:16,domestic_bond
달러강세,"다나허, 4Q 매출 68억달러로 4.5% 증가..바이오텍 부문 9% 성장 주도",2026-01-28 20:02:43,real_assets
달러강세,"엘레반스 헬스, 4분기 매출 10% 증가·EPS 37% 급등...2026년 성장세 둔화 전망",2026-01-28 20:09:49,real_assets
원유,"우드사이드 에너지 그룹, 4분기 매출 10% 감소...스카버러 프로젝트 94% 완공",2026-01-28 20:12:20,real_assets
달러강세,"오티스 월드와이드, 4Q 서비스 부문 견조..현대화 수주 43% 급증",2026-01-28 20:17:10,real_assets
환율,"닥터 레디스 연구소, 3분기 매출 9.7억 달러...전년비 4.4% 증가",2026-01-28 20:17:20,real_assets
달러강세,"AT&T, 2025년 4분기 매출 3.6% 증가..연간 EPS 3.04달러로 강세",2026-01-28 20:28:01,real_assets
환율,"버켄스탁 홀딩, 1분기 조정 EPS 50% 급증..글로벌 전역 두 자릿수 성장",2026-01-28 20:59:03,real_assets
기준금리,"시비스타 뱅크쉐어스, 1분기 배당금 5.9% 인상...연수익률 3.24%",2026-01-28 21:02:33,domestic_bond
환율,"테바 파마슈티컬, 4분기 매출 11% 성장·핵심 브랜드 첫 분기 10억 달러 돌파",2026-01-28 21:22:14,real_assets
환율,"CGI, 1분기 매출 7.7% 증가·EPS 15.7% 상승..유럽·호주 사업 호조",2026-01-28 21:35:05,real_assets
기준금리,"은행서 돈이 줄줄 샌다...이틀새 16조 썰물, 뭉칫돈 향하는 곳은",2026-01-28 21:59:52,domestic_bond
기준금리,"파머스 내셔널 뱅코프, 4Q 순이익 1,460만 달러...전년비 소폭 증가",2026-01-28 22:02:46,domestic_bond
환율,"키이우스타 그룹, 2025년 매출 21.7% 증가한 11.2억 달러 전망",2026-01-28 22:21:58,real_assets
환율,"베온, 2025년 매출·조정EBITDA 24~26% 성장 전망",2026-01-28 22:39:59,real_assets
달러강세,주식도 역직구 시대?...코스피 추종 미국ETF 올해 70% 뛰었다,2026-01-28 22:40:39,real_assets
환율,"테바파마슈티컬, 호실적에도 불구하고 보수적 가이던스에 주가 하락",2026-01-28 23:11:15,real_assets
기준금리,"존 마샬 뱅코프, 4분기 순이익 592만달러..6분기 연속 성장",2026-01-28 23:12:25,domestic_bond
달러강세,"베선트 ""한국이 의회서 승인하기 전까지는 무역합의 성립안해",2026-01-29 01:06:02,real_assets
금값,대통령이 환율포기 선언...선거 앞두고 제조업 살리기 올인한 트럼프,2026-01-29 03:13:01,real_assets
원달러,"사상 최대"" 매출인데 관세 발목...관세비용 3조 쓴 기아, 영업익 ""뒷걸음",2026-01-29 03:13:14,real_assets
기준금리,"美기준금리 ""3.5~3.75%"" 동결...3연속 인하후 속도조절",2026-01-29 04:03:44,domestic_bond
기준금리,"연준, 올해 첫 회의서 금리동결...인하 사이클 중단",2026-01-29 04:04:47,domestic_bond
기준금리,차기 연준 의장 후보 월러 반대표...트럼프 코드 맞추기,2026-01-29 04:12:30,domestic_bond
환율,"페로비알, 1314만 유로 규모 자사주 23만주 매입 단행",2026-01-29 04:13:47,real_assets
기준금리,"SR 뱅코프, 4Q 순이익 83만4000달러..전년비 18.3% 감소",2026-01-29 06:02:09,domestic_bond
달러강세,"SEI 인베스트먼트, 4분기 EPS 16% 증가·영업이익률 27% 확대",2026-01-29 06:05:19,real_assets
금값,"美연준 기준금리 동결...""경제 좋아"" 추가 인하 선그은 파월",2026-01-29 06:09:36,real_assets
금값,"파월 ""금값 상승 모니터링하지만 동요안해...신뢰성 상실 아냐",2026-01-29 06:12:09,real_assets
달러강세,"서비스나우, 4Q 매출 35억6800만 달러..전년比 20.5% 증가",2026-01-29 06:13:08,real_assets
달러강세,"라스베가스 샌즈, 4분기 매출 36.5억 달러·순이익 14% 증가",2026-01-29 06:13:48,real_assets
채권금리,"지뱅크 파이낸셜 홀딩스, 4Q 순이익 740만달러..EPS 0.51달러",2026-01-29 06:14:18,domestic_bond
달러강세,"프랑코 네바다, 3월 10일 2025년 연간 실적 발표 예정..증권가 EPS 88.8% 상승 전망",2026-01-29 06:14:38,real_assets
달러강세,"레이몬드 제임스 파이낸셜, 1Q 매출 6% 증가...자산관리 수수료 15% 성장",2026-01-29 06:15:58,real_assets
환율,"콘메드, 4분기 매출 3억7320만 달러...전년대비 7.9% 증가",2026-01-29 06:15:58,real_assets
달러강세,"C.H. 로빈슨, 4Q 조정영업익 7.1% 증가...물동량 회복세",2026-01-29 06:20:54,real_assets
달러강세,"체인 브리지 뱅코프, 4분기 순이익 44% 급증..EPS 0.81달러",2026-01-29 06:22:24,real_assets
환율,"월풀, 4분기 매출 40.9억 달러·순익 1.08억 달러 흑자전환",2026-01-29 06:25:04,real_assets
기준금리,"애널리 캐피탈, 4분기 주당순이익 0.74달러..전년비 2.8%↑",2026-01-29 06:28:14,domestic_bond
달러강세,"랜드스타, 4분기 EPS 0.70달러..전년比 46% 급감",2026-01-29 06:28:45,real_assets
달러강세,"리바이스트라우스 앤 코, 4Q 매출 1% 성장·DTC 채널 8% 강세",2026-01-29 06:30:30,real_assets
달러강세,"아이비엠, 4분기 매출 12% 증가와 소프트웨어·인프라 두 자릿수 성장 기록",2026-01-29 06:31:00,real_assets
달러강세,"헥셀, 4Q 매출 4.9억 달러·3.7% 증가..주당이익 7.6배 급증",2026-01-29 06:32:21,real_assets
달러강세,"앨러러스 파이낸셜, 4Q 일회성 손실로 적자전환·조정 EPS는 개선",2026-01-29 06:33:11,real_assets
기준금리,"내 후임은 선출직 공무원과 엮이지 마라""...파월, 트럼프 겨냥 ""직격발언",2026-01-29 06:35:30,domestic_bond
기준금리,"S&T 뱅코프, 주당 0.36달러 배당 선언..전년比 5.9% 증가",2026-01-29 06:37:51,domestic_bond
기준금리,"홈 페더럴 뱅코프, 4Q 순익 167만달러..전년비 64% 증가",2026-01-29 06:38:01,domestic_bond
원유,"머피 오일, 4분기 EPS 0.08달러..생산량 18만 배럴 가이던스 상회",2026-01-29 06:45:21,real_assets
달러강세,"내셔널 퓨얼 가스, 2026 회계연도 EPS 14% 성장 전망..오하이오 인수 진행 중",2026-01-29 06:52:12,real_assets
기준금리,"프로비덴트 파이낸셜 서비스, 분기 현금배당 0.24달러 결정..연 배당률 4.6% 전망",2026-01-29 07:12:55,domestic_bond
기준금리,"라이먼 호스피탈리티, 신용대출 8.5억 달러로 확대...만기 2030년으로 연장",2026-01-29 07:20:56,domestic_bond
기준금리,"오일 스테이트 인터내셔널, 1.25억 달러 신용계약 체결..재무유연성 강화",2026-01-29 07:25:46,domestic_bond
환율,"초대형 크루즈부터 원화 결제까지, 한국 크루즈 여행 더 커진다",2026-01-29 07:57:27,real_assets
환율,"기아, 신차 효과에 로봇 사업 지분가치 확대""...목표가 21만원으로 상향",2026-01-29 08:00:02,real_assets
기준금리,"한국 25% 관세 직면"" 美 재무 압박...평안했던 FOMC에도 긴장 풀긴 일러",2026-01-29 08:29:06,domestic_bond
환율,"스테이블코인 시총 3천억달러 돌파...""가상자산 넘어 금융 인프라로",2026-01-29 08:45:22,real_assets
기준금리,S&P500 장중 사상 첫 7000 돌파...반도체 랠리 속 혼조 마감,2026-01-29 08:49:11,domestic_bond
기준금리,"코스피, 5200선 넘어 또 사상 최고치 경신...코스닥 2%대 급등",2026-01-29 09:26:54,domestic_bond
국채,"한국은행 ""미국 통화정책 불확실성 지속...시장 면밀히 점검해 갈 것",2026-01-29 09:43:32,domestic_bond
환율,"파크시스템스 ""안정성과 성장성 겸비"" 증권사 발표에 강세...5.7%",2026-01-29 09:55:31,real_assets
환율,글로벌 판로 개척...대구 기계산업 10년만에 1790억원 수출 성과,2026-01-29 10:40:37,real_assets
국채,"테더, 금값 급등에 7조 ""잭팟""...한국은행보다 금 보유량 많아",2026-01-29 11:28:09,domestic_bond
금값,"트럼프가 말한 ""약달러"" 그뜻이 아니라는 재무장관...달러화 2개월새 최대 상승",2026-01-29 11:28:55,real_assets
금값,"이번엔 이란 핑계로 날아가요""...금값 5500달러 가볍게 돌파",2026-01-29 13:35:11,real_assets
국채,"예탁원, ICSD 역외 국채 결제 및 원천징수 가이드라인 발표",2026-01-29 13:47:01,domestic_bond
국채,BDC(기업성장집합투자기구) 출범한다는데... 2억원 한도 배당소득 9% 분리과세,2026-01-29 13:52:03,domestic_bond
환율,"삼성운용 ""KODEX 은선물(H)"" 올해 수익률 50.5%...ETF 전체 1위",2026-01-29 14:20:18,real_assets
환율,두쫀쿠 열풍에 자영업자 한숨 왜?,2026-01-29 14:36:21,real_assets
기준금리,"요즘 현기증 나? 아니면 더 갈까?""...코스피 6000도 가능하다는 모건스탠리",2026-01-29 15:04:23,domestic_bond
금값,"가격 상한선 가늠하기 어렵다""...금·은 이어 가파르게 오르는 이 녀석",2026-01-29 15:40:57,real_assets
달러강세,"LG에너지솔루션, 공모채 발행 연기...""채권시장 불확실",2026-01-29 16:38:05,real_assets
금값,"디지털 금이라더니 왜 이래?""...금 폭등하는데 암호화폐 일제히 하락",2026-01-29 16:55:58,real_assets
환율,"EY한영 ""지금은 NAVI의 시대""...AI로 기업 경쟁력 재설계를",2026-01-29 17:29:57,real_assets
달러강세,"코스피 랠리 이어지는데, 큰손은 ""팔자""...강화하는 국민연금 매도세",2026-01-29 17:37:08,real_assets
환율,방향 튼 1400조 연기금... 국내 투자 늘린다,2026-01-29 17:38:22,real_assets
채권금리,성장펀드 1호 투자는 '풍력'... 신안우이에 7500억 저리대출,2026-01-29 17:55:19,domestic_bond
금값,"파월 ""美경제 견고한 성장""... 추가 금리인하 일축",2026-01-29 17:55:34,real_assets
금값,천장 뚫린 금값 사흘만에 5000달러서 5500달러로,2026-01-29 17:59:30,real_assets
환율,외국환율고시표,2026-01-29 18:01:50,real_assets
기준금리,"코인결제망 선점""...네·카·토 오프라인 전쟁",2026-01-29 18:01:51,domestic_bond
금값,"끝도 없이 오른다, 금값 5500달러 돌파...실물없는 토큰화 금도 껑충",2026-01-29 18:57:24,real_assets
환율,"국민연금도 코스닥 전폭 지원...""더 많은 수익 난다면 투자확대",2026-01-29 19:34:06,real_assets
기준금리,"사우스사이드 뱅크셰어스, 4분기 순익 2100만달러...AFS 증권 매각 손실 영향",2026-01-29 20:03:01,domestic_bond
달러강세,"허니웰 인터내셔널, 4Q 조정 EPS 17% 증가·항공우주 부문 강세",2026-01-29 20:08:12,real_assets
채권금리,"벨로시티 파이낸셜, 5억달러 규모 9.375% 고금리 채권 발행",2026-01-29 20:08:32,domestic_bond
환율,"써모 피셔 사이언티픽, 4분기 매출 122억달러 7% 증가...EPS 8% 성장",2026-01-29 20:08:52,real_assets
환율,"제록스, 4분기 매출 26% 급증...렉스마크 통합 가속화 중",2026-01-29 20:37:23,real_assets
환율,"1400조 연기금, 코스닥 투자 물길 튼다...정부 첫 ""가이드라인"" 발표",2026-01-29 20:51:59,real_assets
원유,"CNX 리소시즈, 4분기 매출 6억1100만 달러...전년비 330% 급증",2026-01-29 20:58:05,real_assets
달러강세,"A.O. 스미스, 4분기 EPS 20% 증가·연간 사상 최고치 달성",2026-01-29 20:59:15,real_assets
기준금리,"속속 거래되는 외식 프랜차이즈 M&A...수천억 달하는 외식업 몸값, 다음 타자는",2026-01-29 21:00:00,domestic_bond
달러강세,"도버, 4분기 매출 9% 증가·EPS 17% 상승..올해 5~7% 성장 전망",2026-01-29 21:01:15,real_assets
환율,"마시 앤 맥레넌, 4분기 매출 9% 증가..조정 EPS 10% 상승",2026-01-29 21:05:14,real_assets
기준금리,"밸리 내셔널 뱅코프, 4분기 EPS 0.33달러..전년비 65% 급증",2026-01-29 21:05:24,domestic_bond
기준금리,"웨스트 뱅코프, 4분기 EPS 0.43달러...순이자마진 확대에 연간 이익 35% 증가",2026-01-29 21:11:44,domestic_bond
기준금리,"코스탈 파이낸셜, 4분기 EPS 0.82달러..전분기 대비 7% 감소",2026-01-29 21:18:16,domestic_bond
달러강세,"나스닥, 4분기 EPS 전년비 47% 급증...매출 13% 성장",2026-01-29 21:32:17,real_assets
기준금리,"코넥트원 뱅코프, 4Q 순이익 3800만 달러..전년비 101% 증가",2026-01-29 21:33:07,domestic_bond
환율,"맨파워, 4분기 매출 7.1% 증가..순익 영향 일회성 비용 주목",2026-01-29 21:34:07,real_assets
채권금리,"CVR 에너지, 10억 달러 규모 채권 발행으로 기존 부채 재구조화 추진",2026-01-29 21:44:03,domestic_bond
환율,"마스터카드, 4분기 매출 18% 급증·EPS 24% 상승...부가가치 서비스 성장 주도",2026-01-29 22:05:53,real_assets
금값,"미국 경제 좋다""...금리 동결한 연준, 추가인하 가능성에도 선그어",2026-01-29 22:10:31,real_assets
기준금리,"카터 뱅크, 4분기 순이익 8.05억 달러..EPS 58.3% 급증",2026-01-29 22:18:44,domestic_bond
원유,"그랜 티에라 에너지, 4분기 매출 6억달러 기록...EPS 3.12달러로 급증",2026-01-29 22:49:16,real_assets
기준금리,"에이씨엔비, 1분기 주당배당금 18.7% 인상..연간 1.52달러 전망",2026-01-29 22:49:46,domestic_bond
환율,"사노피, 4Q 매출 13.3% 급증...듀피젠트 호조로 연간 EPS 15% 성장",2026-01-29 22:58:17,real_assets
국채,"AI가 지갑 열고 10원씩 결제한다""... 돈이 잠들지 않는 시대가 온다",2026-01-29 23:02:19,domestic_bond
기준금리,관세 대상국 美 덕에 사는 현금인출기,2026-01-29 23:10:13,domestic_bond
달러강세,"워싱턴트러스트뱅코프, 4Q 순익 1600만달러로 47% 급증하며 강세",2026-01-29 23:49:27,real_assets
국채,최휘영 장관 238억... 노재헌 주중대사 530억,2026-01-30 00:00:00,domestic_bond
달러강세,"노르웨이크루즈라인홀딩스, 4Q 마진 대폭 개선과 2026년 성장 가이던스 상향",2026-01-30 00:52:30,real_assets
기준금리,"로저스 커뮤니케이션, 주당 50센트 분기배당 선언..배당률 5.5%",2026-01-30 03:08:49,domestic_bond
달러강세,"컬비, 4분기 EPS 127% 급증..연간 매출 33.6억 달러 기록",2026-01-30 03:29:09,real_assets
기준금리,"SL 그린 리얼티, 4분기 EPS 적자전환...맨해튼 임대료 상승 불구 실적 부진",2026-01-30 03:46:00,domestic_bond
채권금리,"캐나디안 임페리얼 뱅크, 20억 달러 규모 채권 발행 계약 체결",2026-01-30 04:22:01,domestic_bond
환율,"국민연금 ""21세기중 소진 걱정없게 할것""...코스닥 확대가능성 언급",2026-01-30 06:00:01,real_assets
기준금리,"마자르 뱅코프, 1분기 순익 50.4% 증가..순이자마진 37bp 개선",2026-01-30 06:03:03,domestic_bond
달러강세,"LCNB, 2025년 순이익 91% 급증..웰스매니지먼트 자산 사상 최대",2026-01-30 06:03:23,real_assets
달러강세,"홀로직, 1Q 매출 10.5억 달러 2.5%↑...비GAAP EPS 1%↑",2026-01-30 06:05:03,real_assets
달러강세,"슈나이더 내셔널, 4분기 매출 5%↑..주당이익 28%↓",2026-01-30 06:08:24,real_assets
달러강세,"아틀란틱 유니언 뱅크셰어스, 분기 배당 0.37달러 유지...연간 8.8% 인상",2026-01-30 06:12:15,real_assets
환율,"미국, 한국 환율 관찰 대상국 재지정...독일·일본·대만 포함",2026-01-30 06:12:56,real_assets
달러강세,"파이브 포인트 홀딩스, 4Q 매출 7590만 달러..토지 매각 주도",2026-01-30 06:15:56,real_assets
기준금리,"시티즌스 파이낸셜 서비시스, 4분기 EPS 2.18달러..연간 7.62달러 기록",2026-01-30 06:16:46,domestic_bond
기준금리,"PCB 뱅코프, 4분기 순익 910만 달러..전년比 36% 증가",2026-01-30 06:17:06,domestic_bond
기준금리,"비저 홈즈 USA, 1분기 매출 21.9% 급감..3260만 달러 순손실",2026-01-30 06:18:40,domestic_bond
달러강세,"아서 J 갤러거, 4분기 매출 36억달러..전년비 32% 증가",2026-01-30 06:23:27,real_assets
기준금리,"인베스코 모기지 캐피탈, 4분기 주당순익 0.68달러..배당 월별 지급으로 전환",2026-01-30 06:23:37,domestic_bond
달러강세,"카펜터 테크놀러지, 2Q 영업익 31% 급증..항공우주 호조로 연간 가이던스 상향",2026-01-30 06:24:58,real_assets
달러강세,"씨코스트 뱅킹 오브 플로리다, 4Q 매출 53% 증가·1.1억달러 핵심예금자산 상각",2026-01-30 06:31:08,real_assets
달러강세,"힐탑 홀딩스, 4분기 EPS 0.69달러..전년비 25% 증가·자사주 매입 확대",2026-01-30 06:32:40,real_assets
기준금리,"페니맥 모기지, 4분기 순이익 4190만 달러..전년비 16% 감소",2026-01-30 06:33:00,domestic_bond
기준금리,"오키드 아일랜드 캐피탈, 4분기 순이익 1억340만 달러..전년비 1746% 급증",2026-01-30 06:43:11,domestic_bond
기준금리,"피팩-글래드스톤 파이낸셜, 4Q 순이익 1220만달러..전년비 32% 증가",2026-01-30 06:48:11,domestic_bond
환율,"버크스 그룹, 홀리데이 매출 11.8% 증가...유럽 럭셔리 인수 효과",2026-01-30 07:02:02,real_assets
달러강세,"미네랄스 테크놀러지스, 4분기 EPS 13% 감소·5.2억 달러 매출 기록",2026-01-30 07:06:13,real_assets
금값,"지금 사야 하나, 말아야 하나""...5500달러 돌파하고 쉼표 찍은 금값",2026-01-30 07:10:56,real_assets
달러강세,"페더레이티드 에르메스, 4Q 주당순익 1.39달러..전년比 34% 증가",2026-01-30 07:12:13,real_assets
채권금리,"골드만 삭스 BDC, 2월26일 4분기 실적발표 예고..EPS 급증 전망",2026-01-30 07:26:49,domestic_bond
기준금리,"트럼프 ""다음주 새 연준 의장 발표...미국 금리 가장 낮아야",2026-01-30 08:35:00,domestic_bond
금값,"증명 못 하면 죽는다""...빅테크, AI로 돈 법니까?",2026-01-30 08:54:23,real_assets
기준금리,"연준 의장, 내일 발표하겠다""...트럼프, 금리 내릴 ""예스맨"" 예고",2026-01-30 09:38:56,domestic_bond
국채,"네이버 거쳐간 ""200억대 자산가"" 최휘영·한성숙...어디 투자했는지 보니",2026-01-30 10:28:27,domestic_bond
원달러,"원화 약세? 韓 대기업이 배당 안해서""...美, 환율 문제에 서학개미 언급했다는데",2026-01-30 10:29:32,real_assets
기준금리,"트럼프 ""타국은 저렴한 ATM...내 펜 한번에 거액 들어온다",2026-01-30 11:18:23,domestic_bond
채권금리,"차기 연준 의장에 케빈 워시 유력...트럼프, 30일 지명",2026-01-30 11:55:47,domestic_bond
달러강세,"한은 총재 ""환율 급등, 달러의 ""풍요 속 빈곤"" 때문...국민연금은 환헤지 비율 늘려야",2026-01-30 12:19:16,real_assets
금값,올해 수익률 나홀로 마이너스...비트코인 8만1000弗,2026-01-30 12:51:50,real_assets
환율,"한국 또 ""환율 관찰 대상국""...靑 ""기계적 결정",2026-01-30 13:29:07,real_assets
금값,"차이나머니"" 쓸어담았나...구리·알루미늄까지 폭등",2026-01-30 13:37:13,real_assets
기준금리,"금·은 너무 올랐지만, ""이것""이 남아 있다""...대체 투자처로 떠오른 구리",2026-01-30 15:10:53,domestic_bond
국채,"연내 6000달러 간다고?""...점점 가속화하는 금값",2026-01-30 15:20:39,domestic_bond
기준금리,"쿠팡 사외이사가 美 연준 의장?...트럼프, 발표 임박",2026-01-30 15:23:22,domestic_bond
기준금리,"5천피에 가려진 그늘도...아슬아슬 환율, 칼날 위 외환 시장",2026-01-30 15:41:48,domestic_bond
기준금리,유행에 휘둘리지 않고 트렌드를 전략으로 만드는 법,2026-01-30 16:09:22,domestic_bond
국채,"이창용 ""환율 급등 정말 의아...국민연금, 환 헤지 늘려야",2026-01-30 16:52:23,domestic_bond
금값,"예금말고 투자할 걸""...""불장""에 ""벼락거지"" 불안 확산",2026-01-30 16:54:01,real_assets
환율,"7초에 1개 팔리는 효자템...그런데 주가는 60% 넘게 뚝, 대체 왜",2026-01-30 17:30:00,real_assets
달러강세,"낮은 배당·PBR, 대기업 집중""... 미국이 분석한 원화약세 3요인",2026-01-30 17:35:48,real_assets
환율,"이번엔 문서로... 美재무부 ""원화 저평가 지나치다",2026-01-30 17:38:07,real_assets
국제유가,하나금융 순익 4조 돌파... 절반은 주주환원,2026-01-30 17:45:26,real_assets
환율,외국환율고시표,2026-01-30 17:45:46,real_assets
금값,"직원이 금 4kg 들고 사라져""... 금은방 털이 '기승",2026-01-30 17:48:25,real_assets
기준금리,"차기 연준의장은 무조건 ""예스맨""...유력 후보 워시는 누구?",2026-01-30 18:41:53,domestic_bond
금값,"직원이 금 4kg 들고 사라졌습니다""...금은방 털이 ""기승",2026-01-30 19:42:49,real_assets
기준금리,"노스이스트 커뮤니티 뱅코프, 4분기 순이익 1,081만 달러..견조한 자산 품질 유지",2026-01-30 20:05:55,domestic_bond
원유,"셰브론, 4분기 순익 27.7억 달러..전년비 14.4% 감소",2026-01-30 20:18:26,real_assets
원유,"엑슨모빌, 2025년 순이익 288억달러..업스트림 40년만 최고 생산량",2026-01-30 20:33:09,real_assets
달러강세,"낮은 배당률에 개인·기관 해외로""...미국이 분석한 원화약세 이유",2026-01-30 20:37:09,real_assets
환율,"에이온, 4분기 EPS 138% 급증...연간 매출 9% 성장·재무구조 개선",2026-01-30 20:37:09,real_assets
기준금리,"청약통장 가입자 급감, 왜?...치솟는 분양가에 지난해 30만명 줄었다",2026-01-30 21:00:00,domestic_bond
환율,"아메리칸 익스프레스, 4Q 매출 10% 증가·EPS 16% 상승",2026-01-30 21:02:30,real_assets
달러강세,"캐내디언 내셔널 레일웨이, 4분기 EPS 12% 증가.. 30년 연속 배당 인상",2026-01-30 21:38:51,real_assets
달러강세,"에어프로덕츠 앤 케미컬스, 1분기 EPS 10% 증가...가이던스 상회",2026-01-30 21:42:02,real_assets
기준금리,"초이스원 파이낸셜, 4분기 순이익 94% 급증...펜투라 합병 시너지 본격화",2026-01-30 21:42:12,domestic_bond
기준금리,"리퍼블릭 뱅코프, 2025년 4Q 순익 20% 증가..역대 최대 실적 달성",2026-01-30 22:02:21,domestic_bond
기준금리,"시에라 뱅코프, 주당 0.26달러 배당 선언..4% 인상",2026-01-30 22:03:11,domestic_bond
원유,"임페리얼 오일, 1분기 주당배당금 20.8% 인상...31년 연속 배당 상승",2026-01-30 22:05:52,real_assets
원유,"임페리얼 오일, 4분기 순이익 60% 감소·비경상항목 제외시 21% 하락",2026-01-30 22:09:52,real_assets
기준금리,"오펜하이머 홀딩스, 4분기 순이익 593% 급증..매출 26% 증가",2026-01-30 22:15:32,domestic_bond
달러강세,"프랭클린 리소스, 1분기 순이익 56% 급증...AUM 1.68조 달러 돌파",2026-01-30 22:42:59,real_assets
기준금리,"레드 리버 뱅크셰어스, 4분기 순이익 1,140만 달러..전분기비 5.7%↑",2026-01-30 22:47:09,domestic_bond
달러강세,"야누스 헨더슨 그룹, 4Q25 EPS 전년비 두배 급증..자산 30% 증가",2026-01-30 23:02:00,real_assets
기준금리,매파서 비둘기로 변신... 트럼프와 금리인하 보조 맞출듯,2026-01-30 23:08:53,domestic_bond
달러강세,"무그, 1분기 매출 21% 증가·EPS 38% 급증..연간 가이던스 상향",2026-01-30 23:10:14,real_assets
채권금리,美연준 차기 의장에 월가출신 케빈 워시,2026-01-30 23:10:43,domestic_bond
달러강세,"에어프로덕츠앤케미컬스, 1분기 실적 가이던스 상회하며 주목받아",2026-01-30 23:42:36,real_assets
환율,"앤호이저부시 인베브, 미국 금속용기 공장 잔여지분 29억 달러에 인수",2026-01-31 06:04:54,real_assets
국채,"피플스 파이낸셜 서비스, 4분기 EPS 1.19달러..전년비 95% 급증",2026-01-31 06:07:14,domestic_bond
채권금리,"벨로시티 파이낸셜, 5억 달러 규모 9.375% 채권 발행 완료",2026-01-31 06:15:04,domestic_bond
기준금리,"카터 뱅크 & 트러스트, 4분기 순이익 31% 급증..충당금 환입 효과",2026-01-31 06:32:12,domestic_bond
국채,"PRAETORIAN ACQUISITION, 2억2천만 달러 공모 완료..운영자금 246만 달러 보유",2026-01-31 06:33:02,domestic_bond
원유,"에코페트롤, 2025년 지배구조 보고서 제출...올해 EPS 16.7% 감소 예상",2026-01-31 07:21:04,real_assets
원유,"EQV VENTURES ACQUISITION, SEC 승인 받고 Presidio와 합병 절차 돌입",2026-01-31 07:27:04,real_assets
기준금리,"빵 뜨면 오래 못 간다...""핫플의 저주",2026-01-31 09:00:00,domestic_bond
기준금리,"하루만 맡겨도 이자 붙는다""...노는 돈 줄이는 ""이것""의 힘",2026-01-31 13:05:23,domestic_bond
금값,"황금송어 잡으면 금 한돈이 ""공짜""...13만 명 오간 평창 송어축제 가보니",2026-01-31 14:29:18,real_assets
금값,"폐기 휴대폰 유심 카드""로 5천만원어치 금 모았다...전문가들은 글쎄?",2026-01-31 14:47:20,real_assets
달러강세,"은값 200달러 간다고?""...""부자아빠"" 이번엔 맞출까",2026-01-31 17:00:00,real_assets
채권금리,맘다니 비판하더니...反시장 정책 거센 역풍,2026-01-31 21:00:00,domestic_bond
환율,"원치 않을 때 사고, 갈망할 때 내놓는다",2026-01-31 21:00:00,real_assets
환율,"거기서 카다이프 마구 사들인다던데?""...""두쫀쿠""에 불붙은 기업들",2026-02-01 06:06:45,real_assets
기준금리,"유로화 강세는 반갑지만, 수출 타격 어쩌나""...""달러 딜레마"" 닮아가는 유로화",2026-02-01 06:42:26,domestic_bond
달러강세,"1월 수출 659억달러 34%↑...사상 첫 600달러 돌파, 반도체가 이끌어",2026-02-01 09:01:33,real_assets
기준금리,"8만 달러 깨진 비트코인...""디지털 금? 더이상 안전자산 아니다",2026-02-01 09:58:59,domestic_bond
기준금리,"보너스 받아서 뭐 했냐고? 주식 샀지""...증시 더 뜨겁게 만든 ""머니 무브",2026-02-01 10:53:03,domestic_bond
달러강세,"금융硏 ""국민연금·개인 해외투자가 원화값 급락 영향",2026-02-01 11:06:29,real_assets
금값,"많이 오른 한국증시, 최대 20% 조정 올 수도""...활황에 경고 날린 전문가",2026-02-01 14:30:28,real_assets
환율,"불법은 아니지만 정상 아니다""...수출대금 회수 늦어지는 동안 뉴노멀 된 고환율",2026-02-01 15:14:28,real_assets
기준금리,"연준 의장 영향력 이 정도?...비트코인 ""와르르",2026-02-01 15:18:03,domestic_bond
달러강세,구글·아마존·AMD... '나스닥 풍향계' 빅테크 실적 발표,2026-02-01 15:43:04,real_assets
환율,외국인 한국에 2000만명 오지만 연 14조 관광적자...밑빠진 독 메우기 위한 3대 전략,2026-02-01 16:04:32,real_assets
원유,테헤란의 봄을 기다리며,2026-02-01 17:03:58,real_assets
환율,외국환율고시표,2026-02-01 17:13:25,real_assets
달러강세,당국 경고에도... 달러보험 여전히 '불티,2026-02-01 17:13:27,real_assets
기준금리,증권사 발행 회사채 인기 떴다 하면 1조 넘게 몰려,2026-02-01 17:16:05,domestic_bond
국채,사실상 매파' 연준의장 공포... 달러·장기채 금리 상승,2026-02-01 17:47:38,domestic_bond
채권금리,워시 앞에 놓인 3가지 과제... ① QT 재개 ② 독립성 수호 ③ 연준 통합,2026-02-01 17:47:38,domestic_bond
달러강세,호실적 발표에도...잇달아 급락한 美대형주,2026-02-01 17:49:15,real_assets
달러강세,SSD 대박난 샌디스크 이틀만에 주가 9% 상승,2026-02-01 17:49:18,real_assets
국채,파월 후임 워시發 쇼크... 치솟던 은값 30% 폭락,2026-02-01 17:56:48,domestic_bond
국채,"매야 비둘기야?""...새 연준의장 지명에 금·은 급락하고 달러 ""요동",2026-02-01 20:45:42,domestic_bond
국채,"트럼프 ""예스맨"" 워시, 연준의장 되자...치솟던 銀 30% 폭락",2026-02-01 21:41:59,domestic_bond
기준금리,"들고 있으면 짭짤합니다""...호실적 날개 단 증권사 회사채, 경쟁률이 무려",2026-02-02 06:03:38,domestic_bond
달러강세,"실적발표 잔칫날 주가는 역대급 폭락...""살얼음판"" 걷는 美 대형주",2026-02-02 06:03:59,real_assets
달러강세,"금융당국 경고도 안 통했다...달러보험, 은행서만 한달새 2천억 팔려",2026-02-02 06:08:19,real_assets
국채,"반도체·자동차, 수익 실현했어요""...개미들 조급증 참아야 한다는데",2026-02-02 08:48:16,domestic_bond
기준금리,"자고 일어나니 내 돈 56% 녹았습니다""...안전자산이라더니 ""배신",2026-02-02 09:14:43,domestic_bond
국제유가,"코스피, 미국발 불확실성에 하락 출발...장 초반 5100선 깨지기도",2026-02-02 09:30:16,real_assets
기준금리,"워시 공포"" 미국발 불확실성에...환율, 1450원 재돌파",2026-02-02 09:53:35,domestic_bond
기준금리,"최대 480만원 혜택""...르노코리아, 2월 ""봉주르 2026"" 프로모션",2026-02-02 10:11:12,domestic_bond
환율,KCGI피델리티미국AI테크 펀드 출시...7% 수익 도달 시 채권형 전환,2026-02-02 10:36:16,real_assets
기준금리,"1억 근처 오면 사려 했는데, 막상 겁나서""...""워시 쇼크"" 비트코인 1억1200만원선 뚝",2026-02-02 11:42:26,domestic_bond
환율,한국 대기업 초봉 이 정도라니...일본·대만의 1.4배,2026-02-02 13:07:16,real_assets
환율,"창립 47년 맞은 중진공 "" 중기·벤처 지속가능한 성장 도울 것",2026-02-02 14:00:11,real_assets
금값,"전세계 금 8%, 여기서 다 캔다...광물 대장주 ""뉴몬트",2026-02-02 14:17:00,real_assets
달러강세,"검은 월요일"" 코스피...5%대 폭락해 5000선 붕괴",2026-02-02 16:16:25,real_assets
국채,"증시급락에 금·비트코인 ""흔들"", 그래도 코스피는 간다...2월 증시 전략은",2026-02-02 16:17:27,domestic_bond
금값,"더 오를 줄 알았는데""...금값, 12년 만에 최대 폭락 왜?",2026-02-02 16:48:31,real_assets
기준금리,시장 뒤흔드는 케빈 워시의 경제관,2026-02-02 17:03:02,domestic_bond
환율,재경부 2차관에 IMF 근무한 허장... 우주항공청장에 오태석 발탁,2026-02-02 17:21:44,real_assets
기준금리,달러패권 균열 노린 中... 해외기업에 위안화 대출 확 풀어준다,2026-02-02 17:25:07,domestic_bond
환율,외국환율고시표,2026-02-02 17:29:58,real_assets
기준금리,고액전세대출도 DSR 검토...집값 올리는 전세 옥죈다,2026-02-02 17:30:00,domestic_bond
기준금리,소액주주 위한 공개매수 큰 장 설 것,2026-02-02 17:35:15,domestic_bond
국채,매파' 워시가 불붙인 强달러...원화 하락 압박,2026-02-02 17:36:59,domestic_bond
달러강세,워시 쇼크' 한방에 5천피 붕괴,2026-02-02 17:45:11,real_assets
달러강세,"워시 쇼크"" 한방에 5천피 붕괴...5%대 급락에 첫 매도 사이드카",2026-02-02 18:14:08,real_assets
채권금리,"나인 에너지 서비스, 3.2억달러 부채 제11장 파산보호 신청",2026-02-02 20:12:48,domestic_bond
달러강세,"아이덱스 래버러토리, 4Q 매출 10억9천만 달러..전년비 14% 증가",2026-02-02 20:41:59,real_assets
달러강세,"월트디즈니, 1Q 매출 5% 증가했으나 영업이익 9% 감소",2026-02-02 20:45:09,real_assets
환율,"앱티브, 4Q 매출 5% 성장·조정 EPS 6.3% 상승..전기분배 부문 강세",2026-02-02 20:51:29,real_assets
기준금리,李 한마디에 LS 백기...재계 중복상장 급브레이크,2026-02-02 21:00:00,domestic_bond
달러강세,"레비티, 4분기 매출 7.7억 달러...전년比 6% 증가",2026-02-02 21:07:10,real_assets
달러강세,"타이슨 푸드, 2025회계연도 영업이익 22% 감소...치킨 부문 견인",2026-02-02 21:14:57,real_assets
원유,"데본에너지, 코테라와 580억달러 규모 합병...연간 10억달러 시너지 기대",2026-02-02 21:55:09,real_assets
원유,"헤스 미드스트림 파트너스, 4분기 EPS 0.72달러...전년대비 6% 증가",2026-02-02 22:01:59,real_assets
기준금리,"클라로스 모기지 트러스트, 5억달러 담보대출 확보로 부채구조 개선",2026-02-02 22:30:21,domestic_bond
환율,"송언석 ""사법악법 강행하면 국회 정상운영 불가""...전면 필버 시사",2026-02-02 23:43:04,real_assets
달러강세,"샌디스크, 2분기 매출 급증과 흑자전환으로 투자자들의 주목",2026-02-03 01:31:03,real_assets
기준금리,"인터내셔널 뱅크쉐어, 분기 배당 4.3% 인상..주당 0.73달러 결정",2026-02-03 01:41:13,domestic_bond
달러강세,"슈퍼마이크로컴퓨터, 2분기 실적 발표 앞두고 AI 인프라 수주잔고 130억달러 돌파",2026-02-03 03:01:04,real_assets
기준금리,"쇼워 뱅크셰어스, 4분기 EPS 0.48달러..전분기比 15.2% 증가",2026-02-03 06:04:52,domestic_bond
기준금리,"약달러 기회노린 중국, 위안화 해외빗장 풀었다...""경영·투자도 OK",2026-02-03 06:06:12,domestic_bond
기준금리,무주택 고액전세대출도 DSR 적용하나...사각지대 없애겠단 정부,2026-02-03 06:06:35,domestic_bond
기준금리,"퍼스트 파이낸셜 뱅코프, 4Q 조정 EPS 0.80달러..전년비 7% 증가",2026-02-03 06:18:07,domestic_bond
기준금리,"야누스 인터내셔널 그룹, 선순위 대출 금리 50bp 인하...연간 자금조달 비용 감소",2026-02-03 06:26:07,domestic_bond
원유,"한국은 25%까지 관세 올린다더니...트럼프, 인도 관세 50%→18% 인하",2026-02-03 07:04:25,real_assets
달러강세,"인테그라리소시즈, 데라마 금-은 프로젝트 타당성 조사 완료...대규모 매장량 확인",2026-02-03 07:11:11,real_assets
환율,"애쉬랜드 글로벌 홀딩스, 1분기 매출 4.7% 감소..가이던스 하향",2026-02-03 07:13:11,real_assets
환율,"그리프, 1분기 순이익 1억7660만 달러...전년비 2600% 급증",2026-02-03 07:27:02,real_assets
달러강세,호실적인데 불안감 안 끝났다...밥 아이거 퇴임 소식에 디즈니 7% 급락,2026-02-03 07:44:04,real_assets
환율,"KB증권 ""하나금융지주, 핵심 지표 기대보다 우수...주주환원도 기대",2026-02-03 08:49:23,real_assets
국채,"워시, 파월보다 비둘기...긴축공포 과도·금리인하 사이클 지속",2026-02-03 08:56:55,domestic_bond
금값,금값 급락 속 기술주 강세...S&P500 사상 최고치 턱밑 마감,2026-02-03 09:07:28,real_assets
국제유가,"코스피, 저가 매수세 유입에 ""5000피"" 재탈환...코스닥도 올라",2026-02-03 09:13:12,real_assets
달러강세,"금 들고 있다 놀라셨죠? 그래도 더 갈겁니다""...월가서 6000달러 장담하는 이유",2026-02-03 09:29:16,real_assets
금값,"비트코인보다 널뛰는 금이 안전자산?""...롤러코스터 금값 이유가",2026-02-03 10:00:11,real_assets
국채,"SOL 팔란티어커버드콜 ETF 시리즈, 월 2% 분배금 지급",2026-02-03 10:04:52,domestic_bond
국채,"플룸 ""韓 자본시장 블록체인 활용하면 전세계적 수요 발굴 가능",2026-02-03 10:14:15,domestic_bond
기준금리,"가격·유지비 최우선, SUV 선호 여전""...차봇 ""2026 신차 구매 트렌드",2026-02-03 10:17:20,domestic_bond
기준금리,"연준의장을 막후에서 조종?""...""전설적 투자자"" 드러켄밀러에 쏠리는 눈",2026-02-03 10:28:05,domestic_bond
기준금리,"신한은행, ""하위 20% 저신용자, 새희망홀씨로 갈아타세요""...대안신용평가모형도 1분기 도입",2026-02-03 10:48:04,domestic_bond
환율,"케이뱅크, 태국 최대은행 ""카시콘""과 협업...""해외송금·결제 혁신",2026-02-03 10:48:04,real_assets
금값,"워시 충격에 패닉? 5월에 진짜 큰 거 온다""...연준의장 교체기 항상 급락했다는데",2026-02-03 11:14:03,real_assets
기준금리,"본예산 잉크도 마르기 전 ""벚꽃 추경""설 유감",2026-02-03 11:41:46,domestic_bond
달러강세,환율 오르면 외려 주가 뛴다고?...연간 138% 오른 이 업종 뭐길래,2026-02-03 13:23:03,real_assets
금값,"이틀 만에 금값 13% 폭락했지만...월가 ""올해 6000달러 간다",2026-02-03 13:54:55,real_assets
환율,이녹스첨단소재 2025년 매출 4396억원...4% 증가,2026-02-03 14:51:14,real_assets
환율,"정신 없이 오르는 경기도 분양가...5년새 44%↑, 광명 국평 ""16억 시대",2026-02-03 14:52:48,real_assets
환율,"천일테크윈·대원에스디, 대구국가산단에 295억원 투자",2026-02-03 14:58:09,real_assets
국채,"트럼프 1년간 뭐 한거니?...""관세전쟁, 물가만 올렸다"" 미국서 혹독한 평가 왜",2026-02-03 15:29:54,domestic_bond
달러강세,"코스피 5288.08 마감, 사상 최고치 경신...코스닥도 4% 올라",2026-02-03 15:52:22,real_assets
원달러,"롤러코스터 탄 코스피...""블랙먼데이"" 지우고 사상 최고가",2026-02-03 16:16:16,real_assets
달러강세,"서학개미, 오늘밤 돈쭐 날 준비하세요""...코스피 급등이 美증시 랠리 이끈다는데",2026-02-03 16:27:15,real_assets
환율,"아시아나, 화물기 사업부 매각·통합비용 지출에 3400억원대 적자",2026-02-03 16:49:22,real_assets
금값,"안전자산"" 금의 배신...코인보다 더 요동쳤다",2026-02-03 16:55:11,real_assets
환율,"호텔신라, 연간실적 흑자로 전환...""내실 경영에 주력",2026-02-03 16:55:21,real_assets
환율,"호텔신라, 지난해 영업이익 135억원...1년 만에 흑자전환",2026-02-03 17:05:29,real_assets
기준금리,저축銀 중금리대출 39% '뚝'... 대출 장벽에 서민금융 막혀,2026-02-03 17:41:12,domestic_bond
환율,외국환율고시표,2026-02-03 17:41:14,real_assets
국제유가,석유 안정에 물가 꺾였지만...IT·먹거리는 쑥,2026-02-03 17:41:20,real_assets
환율,커피원두값 고공행진에 작년 수입액 36% 급증,2026-02-03 17:48:20,real_assets
원유,"인도 ""러시아산 원유 안 사겠다""... 트럼프 ""관세 50% → 18% 인하",2026-02-03 17:51:35,real_assets
국채,오랜 인연 워시·베선트...'작은 연준' 전환 손잡나,2026-02-03 17:51:36,domestic_bond
국채,역대급 금리' 개인투자용 국채 쏠쏠하네,2026-02-03 17:52:13,domestic_bond
달러강세,"반도체 의심말라""... 코스피 338P 폭등",2026-02-03 17:56:11,real_assets
원유,"엔터프라이즈 프로덕트 파트너스, 4분기 견조한 실적·기록적 물량 달성",2026-02-03 20:03:21,real_assets
환율,"펩시코, 4분기 매출 6% 증가·EPS 68% 급증..100억달러 자사주매입 발표",2026-02-03 20:03:21,real_assets
기준금리,"엘링턴 파이낸셜, 2025년말 주당순자산 13.16달러 추정",2026-02-03 20:04:32,domestic_bond
달러강세,"가트너, 4분기 매출 18억 달러..전년비 2% 성장",2026-02-03 20:09:02,real_assets
달러강세,"테라다인, 4Q 매출 44% 급증..AI 수요에 연간 실적도 호조",2026-02-03 20:09:43,real_assets
원유,"세이블 오프쇼어, 해상처리선박 도입에 4.8억달러 투자...2027년 흑자전환 전망",2026-02-03 20:09:57,real_assets
달러강세,"어제 못버틴 개미님들 다 털고 갑니다""...코스피 338포인트 폭등",2026-02-03 20:23:41,real_assets
원유,"MPLX, 4Q 순이익 11.9억달러 증가..2026년 투자 27억달러 계획",2026-02-03 20:38:11,real_assets
원유,"RPC, 4분기 매출 4.26억 달러..전분기비 5% 감소",2026-02-03 20:47:46,real_assets
기준금리,"방코 데 칠레, 4분기 순이익 10.9% 감소..고객 수익·비용 효율화는 개선",2026-02-03 20:49:16,domestic_bond
기준금리,"PJT파트너스, 4분기 매출 5.4억달러 12%↑...연간 실적 사상 최대",2026-02-03 20:52:46,domestic_bond
기준금리,연 3%대 금리 솔깃하네...넌 은행에만 예금? 난 증권사 발행어음!,2026-02-03 21:00:00,domestic_bond
국제유가,"PC바꾸니 월급삭제, 장보니 용돈삭제...물가상승률 꺾인 것 맞나요",2026-02-03 21:00:28,real_assets
달러강세,"화이자, 2025년 매출 626억 달러...코로나 제외 포트폴리오 6% 성장",2026-02-03 21:05:25,real_assets
달러강세,"벨링 브랜즈, 1분기 매출 0.8% 증가·순이익 33% 감소...연간 가이던스 유지",2026-02-03 21:06:05,real_assets
달러강세,"벨링브랜즈, 원재료 비용 상승으로 순이익 33% 감소",2026-02-03 21:30:36,real_assets
원유,"러시아산 원유 안 산다고?""...트럼프, 말 듣겠단 인도에 관세 50→18%",2026-02-03 21:31:32,real_assets
달러강세,"ATI, 4분기 조정 EPS 0.93달러로 전년비 18% 증가..현금흐름 개선 두드러져",2026-02-03 21:39:17,real_assets
달러강세,"허벨, 4분기 EPS 15% 증가·매출 12% 성장...2026년 7~9% 매출 확대 전망",2026-02-03 22:05:11,real_assets
환율,"볼, 4분기 매출 16.2% 증가·EPS 흑자전환...연간 실적 사상 최고치",2026-02-03 22:07:31,real_assets
기준금리,"제라시 홀딩스, 주당 0.05달러 분기배당 결정..연 6.54% 시가배당률",2026-02-03 22:08:17,domestic_bond
환율,"그래픽 패키징 홀딩, 4분기 실적 부진·올해 전망 하향",2026-02-03 22:18:48,real_assets
기준금리,"사채 아니면 손 내밀 곳이 없어요""...저축은행 중금리대출 39% ""뚝",2026-02-04 06:01:29,domestic_bond
환율,"저가 커피, 계속할 수 있을까요?""...치솟는 원두값에 비용부담 ""눈덩이",2026-02-04 06:02:31,real_assets
달러강세,"시러스 로직, 3Q 매출 5.81억달러로 전년비 4.5%↑...AI·스마트폰 견인",2026-02-04 06:04:37,real_assets
환율,"콜롬비아 스포츠웨어, 4Q 매출 2% 감소·美사업 부진",2026-02-04 06:08:28,real_assets
기준금리,"미드랜드 스테이츠 뱅코프, 주당 0.32달러 분기배당 결정",2026-02-04 06:08:38,domestic_bond
기준금리,"페넌트파크 플로팅 레이트 캐피, 2월 분기 배당 0.1025달러 선언",2026-02-04 06:08:48,domestic_bond
달러강세,"에이비엇 네트웍스, 2Q 순이익 27% 증가·현금자산 45% 확대",2026-02-04 06:10:28,real_assets
달러강세,"클로락스, 2분기 매출 1.7% 감소·1.39달러 EPS...연간전망 유지",2026-02-04 06:13:59,real_assets
환율,"라탐 에어라인스 그룹, 2025년 영업익 51.5% 급증..항공 수요 회복 수혜",2026-02-04 06:15:29,real_assets
기준금리,"뱅크 오브 마린 뱅코프, 4Q 조정EPS 0.59달러...대출 5.8% 증가",2026-02-04 06:16:09,domestic_bond
기준금리,"유나이티드 뱅코프, 4분기 EPS 12.9% 증가..고금리 속 순이자마진 개선",2026-02-04 06:18:50,domestic_bond
달러강세,"매치그룹, 4분기 영업이익 14% 증가·자사주 7.9억 달러 매입",2026-02-04 06:19:30,real_assets
달러강세,"전 워터 솔루션스, 4분기 매출 10% 증가..연간 실적 사상 최대",2026-02-04 06:20:41,real_assets
기준금리,"글래드스톤 인베스트먼트, 3분기 순손실 650만달러..NAV 14.95달러로 10.5%↑",2026-02-04 06:21:30,domestic_bond
달러강세,"시러스로직, 3분기 가이던스 상회하며 AI·스마트폰 부문 성장 견인",2026-02-04 06:22:10,real_assets
국제유가,환율 방어에 또 줄었다...1월 말 외환보유액 약 3조원 감소,2026-02-04 06:29:06,real_assets
달러강세,"웨더포드 인터내셔널, 4분기 EPS 1.91달러..전년비 27% 증가",2026-02-04 06:32:01,real_assets
국채,"기그캐피털9, 자산총액 2억5549만 달러 기록..사업결합 추진 중",2026-02-04 06:33:42,domestic_bond
환율,"푸르덴셜 파이낸셜, 4Q 흑자전환..순이익 9억달러 달성",2026-02-04 06:34:22,real_assets
기준금리,"퍼스트 비즈니스 파이낸셜, 4Q 순이익 5032만달러..전년비 14% 증가",2026-02-04 06:35:02,domestic_bond
기준금리,"르네상트, 4분기 EPS 0.83달러..First Bancshares 인수 통합 순항",2026-02-04 06:36:02,domestic_bond
기준금리,"KKR 리얼 이스테이트 파이낸스, 4Q 3200만달러 순손실..부동산 자산재배치 주력",2026-02-04 07:01:04,domestic_bond
채권금리,"커뮤니티 웨스트 뱅크셰어스, 2025년 순이익 3817만 달러..전년비 대폭 개선",2026-02-04 07:05:54,domestic_bond
달러강세,"슈퍼마이크로, 분기 매출 123% 급증하며 연간 목표 400억 달러 이상으로 상향",2026-02-04 07:10:34,real_assets
환율,"0.2초새 5억 날렸다""...코스피 급반등에 선물 이상 폭등, 투자자들 ""비명",2026-02-04 08:13:17,real_assets
기준금리,"KKR 리얼에스테이트 파이낸스 트러스트, 2025년 4분기 및 연간 재무 실적 발표... 전략적 유동성 및 대출 실적 부각",2026-02-04 08:41:23,domestic_bond
금값,"금값은 회복했지만 비트코인은 빠졌다...톰리 ""지금이 바로 크립토 바닥",2026-02-04 09:00:24,real_assets
환율,"5300선 다시 올라탄 코스피...""워시 쇼크"" 진정, 수급은 엇갈려",2026-02-04 09:33:11,real_assets
달러강세,"코스피, 하락 출발 후 상승 전환해 5300 재돌파...코스닥도 반등",2026-02-04 09:33:22,real_assets
기준금리,"미국투자이민, ""상환 능력""을 넘어 ""상환 구조""를 보라",2026-02-04 10:00:00,domestic_bond
금값,인생 해피엔딩 세대별 은퇴전략과 재무관리,2026-02-04 10:02:50,real_assets
금값,급락했던 금값 다시 반등...2008년 11월 이후 최대 일일 상승률,2026-02-04 10:26:32,real_assets
환율,"장동혁 ""이 대통령에게 다시 영수회담 요청...허비할 시간 없다",2026-02-04 10:41:34,real_assets
기준금리,"교섭단체 대표 연설 나선 장동혁, 이 대통령에 영수회담 재차 요구",2026-02-04 10:57:58,domestic_bond
국제유가,1월 말 외환보유액 4259.1억달러...환율 관리로 두 달째 감소세,2026-02-04 11:04:32,real_assets
달러강세,"머스크 ""예스"" 한마디에 들썩...스페이스X·xAI 합병설 수혜주는?",2026-02-04 11:06:29,real_assets
환율,"시장 눈높이 못 맞춘 호텔신라...증권사 목표주가도 ""뚝",2026-02-04 11:13:25,real_assets
기준금리,신한투자증권 발행어음 첫 상품 나온다...수시·약정형 금리 최고 수준,2026-02-04 11:18:58,domestic_bond
기준금리,"작년 서울 아파트 준공 51.5% 급증...""정비사업이 핵심 역할",2026-02-04 14:00:42,domestic_bond
환율,"민주 ""장동혁 연설, ""尹 내란 외면"" 유체이탈 화법...무책임 정치 반복",2026-02-04 14:39:51,real_assets
기준금리,"카드론 금리가 낮아졌다는데""...카드사의 전략 변화, 왜?",2026-02-04 14:49:22,domestic_bond
환율,"장동혁, 내일 홍익표 정무수석 만난다",2026-02-04 15:06:07,real_assets
금값,2008년 이후 최대 상승률 기록한 금값...하루 만에 5% 급반등,2026-02-04 15:35:30,real_assets
달러강세,"코스피, 5300선 뚫고 사상 최고치 경신...코스닥도 상승 마감",2026-02-04 15:57:27,real_assets
달러강세,"1억원 위협받는 비트코인, 저점인가 추락인가?",2026-02-04 16:05:19,real_assets
환율,"수호아이오, ""디지털 자산·스테이블코인 서밋"" 개최",2026-02-04 16:33:57,real_assets
국채,"코스피가 오를수록 같이 돈이 몰리는 곳, 파킹형 ETF가 뜬 이유는",2026-02-04 16:50:32,domestic_bond
환율,환율방어' 영향... 외환보유액 두달째 감소,2026-02-04 17:25:31,real_assets
환율,외국환율고시표,2026-02-04 17:48:38,real_assets
달러강세,"소비株의 반격... 월마트, 시총 1조달러 돌파",2026-02-04 17:51:59,real_assets
원유,"선코에너지, 주당 0.60캐나다달러 분기배당 결정",2026-02-04 20:05:13,real_assets
환율,"암독스, 1분기 매출 11억6천만 달러..전년비 4.1% 증가",2026-02-04 20:06:33,real_assets
환율,"스탠리 블랙 & 데커, 4분기 매출 37억 달러..전년비 1% 감소",2026-02-04 20:07:17,real_assets
환율,"얌 차이나 홀딩스, 4Q 매출 9% 성장·영업익 25% 급증",2026-02-04 20:07:57,real_assets
기준금리,"아레스 캐피탈, 4분기 핵심 EPS 0.50달러 유지...연간 순이익 13.7% 감소",2026-02-04 20:08:37,domestic_bond
기준금리,"오크트리 스페셜티 렌딩, 1Q 순이익 3610만달러..전분기比 2% 증가",2026-02-04 20:14:09,domestic_bond
환율,"바이오테크네, 2Q 영업이익 15% 증가..수익성 개선 지속",2026-02-04 20:32:10,real_assets
달러강세,"코그니전트, 2025년 매출 7% 증가...2026년 최대 7.4% 성장 전망",2026-02-04 20:34:10,real_assets
환율,"웨스트포트 퓨얼 시스템즈, 경량차 부문 매각으로 650만 달러 마일스톤 수령",2026-02-04 20:47:00,real_assets
달러강세,"애디언트, 4분기 EPS 0.35달러로 29% 증가...아시아 사업 강세",2026-02-04 20:53:01,real_assets
달러강세,"노바티스 AG, 2025년 매출 8% 증가·EPS 17% 상승..핵심 영업이익률 40%대 진입",2026-02-04 20:53:11,real_assets
국채,"코스피 5000 ""뉴 웨이브""...""머니 무브"" 자산 시장 ""주인공"" 바뀐다",2026-02-04 21:00:00,domestic_bond
환율,"ATS, 3분기 매출 7.6억 달러 16.7%↑..조정 EPS 50% 급증",2026-02-04 21:20:02,real_assets
원달러,"일라이 릴리, 4분기 매출 193억 달러·EPS 7.39달러..전년비 각각 43%·51% 급증",2026-02-04 21:21:32,real_assets
국채,"CME그룹, 2025년 4분기 매출 8.2%↑...역대 최고 일평균 거래량 달성",2026-02-04 21:25:03,domestic_bond
환율,"아젠타, 1분기 매출 1억4900만 달러..적자폭 축소",2026-02-04 21:27:03,real_assets
달러강세,"퍼스트서비스, 2025년 매출 5% 증가..연간 조정 EPS 15% 상승",2026-02-04 22:32:57,real_assets
달러강세,"매튜 인터내셔널, 1Q 흑자전환·주당순익 1.39달러...영업이익 급증",2026-02-04 22:34:07,real_assets
기준금리,"초이스원 파이낸셜 서비스, 2025년 매출 77.2% 급증..펜투라 합병 시너지 효과",2026-02-04 23:14:08,domestic_bond
원유,"필립스 66, 4분기 매출 12% 증가..실적호전·50억 달러 영업현금흐름 달성",2026-02-04 23:44:09,real_assets
달러강세,"지이헬스케어, 4분기 매출 호조와 인텔러래드 인수로 주목",2026-02-04 23:57:10,real_assets
기준금리,"이글 뱅코프 몬테나, 2025년 순이익 1480만달러·EPS 1.90달러 기록",2026-02-05 00:02:13,domestic_bond
달러강세,"실간홀딩스, 긍정적 2026년 가이던스와 안정적 현금흐름 주목받아",2026-02-05 02:22:38,real_assets
원유,"미중정상 두달만에 통화...""미국산 석유사라"" ""대만 무기판매 신중히",2026-02-05 03:23:19,real_assets
달러강세,"아트스웨이 매뉴팩처링, 2025회계연도 흑자전환...순이익 103만달러 달성",2026-02-05 04:34:30,real_assets
기준금리,"고럽 캐피탈 BDC, 1Q26 EPS 30.6% 감소..배당 15% 삭감",2026-02-05 06:03:04,domestic_bond
달러강세,"클리어필드, 1Q 매출 3430만달러로 16% 증가..데이터센터·AI 수요 대응 NOVA 플랫폼 출시",2026-02-05 06:03:44,real_assets
달러강세,"폼팩터, 4분기 매출 2억1520만 달러·EPS 70% 급증..예상치 상회",2026-02-05 06:05:54,real_assets
달러강세,"TTM 테크놀러지스, 4Q 매출 7억7천만달러...전년比 19% 증가",2026-02-05 06:08:53,real_assets
환율,"크라운 홀딩스, 4분기 EPS 9% 상승·연간 사상 최대 실적 달성",2026-02-05 06:15:06,real_assets
달러강세,"알라모스 골드, 2028년까지 금 생산량 46% 증가·비용 20% 감축 전망",2026-02-05 06:18:07,real_assets
달러강세,"엘프뷰티, 3Q 매출 38% 급증·가이던스 상향...화장품 점유율 확대 주목",2026-02-05 06:19:27,real_assets
금값,"알라모스 골드, IGD 확장으로 금 생산량 27% 증가 전망",2026-02-05 06:20:07,real_assets
채권금리,"오메가 헬스케어, 4분기 순이익 48% 급증..연간 투자 11억달러 초과",2026-02-05 06:21:37,domestic_bond
달러강세,"이너시스, 3분기 EPS 전년비 50% 급증..모티브파워 부진 불구 실적 선방",2026-02-05 06:22:17,real_assets
채권금리,"하워드 휴즈, 10억 달러 규모 채권 발행..2028년 만기 채권 상환 자금 충당",2026-02-05 06:24:58,domestic_bond
달러강세,"아플락, 4분기 순이익 13.8억 달러..전년비 27.5% 감소",2026-02-05 06:25:08,real_assets
달러강세,"실간 홀딩스, 2025년 매출 11% 증가·순이익 2.9억달러 달성",2026-02-05 06:34:16,real_assets
달러강세,"킹스톤 컴퍼니스, 4분기 영업이익 2배 이상 급증..연간 수익성 최고치 경신",2026-02-05 06:37:16,real_assets
달러강세,"웩스, 4분기 매출 6억7290만 달러..전년비 5.7% 증가",2026-02-05 06:38:36,real_assets
달러강세,"퍼스트 인더스트리얼 리얼티, 4분기 FFO 8.5% 증가..임대료 35% 상승",2026-02-05 06:46:57,real_assets
달러강세,"매트릭스 서비스, 2Q 매출 12% 증가·EBITDA 흑자전환..전력인프라 부문 강세",2026-02-05 06:52:08,real_assets
달러강세,"킴볼 일렉트로닉스, 의료부문 15% 성장에 연간 가이던스 상향",2026-02-05 06:52:08,real_assets
원유,"코어 래버러토리즈, 4분기 매출 1.4억달러로 7% 성장...순익은 부진",2026-02-05 07:00:33,real_assets
기준금리,"퍼스트 유나이티드, 2025년 연간 순이익 18.5% 증가..EPS 3.77달러 기록",2026-02-05 07:09:53,domestic_bond
국채,"KRAKACQUISITION CORP, SPAC 공모 통해 3억4500만달러 조달 완료",2026-02-05 07:22:04,domestic_bond
원유,"한화오션 주가 한방 더 남았다...""마스가 수혜에 20% 추가 상승 기대",2026-02-05 08:25:24,real_assets
달러강세,"지오스페이스 테크놀로지스, 경제적 어려움 속 전략적 성장 계획 추진하며 2026 회계연도 1분기 실적 발표",2026-02-05 08:43:37,real_assets
달러강세,"AI 고평가"" 우려에 기술주 약세 지속...AMD 17%↓",2026-02-05 08:56:13,real_assets
기준금리,"트럼프 ""기준금리, 내려갈 것이라고 생각...차기 연준 의장도 그럴 것",2026-02-05 09:32:19,domestic_bond
달러강세,"늦었나 했는데, 오늘 들어가?""...코스피, 2%대 하락 출발, 코스닥도 내려",2026-02-05 09:36:03,real_assets
기준금리,"돈 엄청 풀렸는데, 나만 피해가는 거니?""...화폐 증가율 코로나 이후 최고",2026-02-05 09:54:09,domestic_bond
국채,中 증시 연초부터 상승세...경기회복 기대감에 위안화 강세,2026-02-05 10:07:38,domestic_bond
환율,"연말까지 해외 송금 수수료 0원"" 카카오페이, 서비스 베타 출시",2026-02-05 10:57:27,real_assets
기준금리,"트럼프 ""워시, 금리 내리고 싶어할것...올리자 했으면 연준의장 탈락",2026-02-05 11:09:23,domestic_bond
환율,"강성진 신임 한국경제학회장 ""경제정책, 이념 벗어나 시스템으로",2026-02-05 11:32:43,real_assets
기준금리,"의사·변호사·회계사 사장님 모이세요"" 토스뱅크, 전문직사업자대출 출시",2026-02-05 14:09:52,domestic_bond
환율,"뜨거운 증시, 경제에도 온기 확산되나""...씨티, 韓성장률 2.2→2.4% 상향",2026-02-05 14:32:30,real_assets
국제유가,"이번엔 다릅니다""...""IPO 삼수"" 케이뱅크, 승부수 던졌다",2026-02-05 14:56:43,real_assets
기준금리,"신한금융, 글로벌 힘입어 ""역대 최대 실적"" 달성",2026-02-05 15:11:33,domestic_bond
환율,"에코프로, 흑자전환에 매출 3조4315억원 10% 껑충",2026-02-05 15:47:36,real_assets
달러강세,"코스피, 3%대 급락해 5200선 내줘...코스닥도 하락 마감",2026-02-05 15:51:52,real_assets
기준금리,"KB금융 순익 5.8조 ""사상 최대""...주주환원 첫 3조 돌파",2026-02-05 15:53:54,domestic_bond
기준금리,무용론 나오는 청약통장... 특공·공공분양 노린다면 가져가야,2026-02-05 16:02:34,domestic_bond
기준금리,"투자 초보' 사회초년생, 주식 사기 전 ISA부터 여세요",2026-02-05 16:02:45,domestic_bond
국채,"자녀 출산하면 1억""...부영, 출산장려금 누적 134억원",2026-02-05 16:15:29,domestic_bond
환율,中 증시 투자가이드 A to Z,2026-02-05 16:22:48,real_assets
달러강세,"좀 반등하나 싶더니, ""은값"" 13% 급락...급등·폭락 반복 ""불안불안",2026-02-05 16:42:26,real_assets
기준금리,"트럼프 ""워시, 금리 내릴 것...그러라고 연준 의장 임명",2026-02-05 17:37:03,domestic_bond
환율,외국환율고시표,2026-02-05 17:47:00,real_assets
환율,순익 1위 KB...주주환원 3조 돌파,2026-02-05 17:47:01,real_assets
기준금리,"신한, 해외덕에 '5조클럽' 눈앞",2026-02-05 17:47:03,domestic_bond
환율,빅맥지수로 본 적정 원화값 1100원,2026-02-05 17:49:10,real_assets
달러강세,"외국인, 코스피서 사상최대 5조 팔았다",2026-02-05 17:50:54,real_assets
채권금리,"기관 81% ""향후 5년간 사모시장 자산배분 확대",2026-02-05 18:06:45,domestic_bond
달러강세,"도리안 LPG, 3분기 순이익 4720만 달러..전년비 122% 급증",2026-02-05 20:04:17,real_assets
채권금리,"사이퍼 마이닝, 자회사 통해 20억달러 담보부 채권 발행",2026-02-05 20:12:39,domestic_bond
원유,"쉘, 2025년 매출 6.6% 감소에도 EPS 21% 증가...재무건전성 개선",2026-02-05 20:18:52,real_assets
환율,"스냅온, 4분기 매출 2.8%↑..분기 EPS 4.94달러로 호실적",2026-02-05 20:33:34,real_assets
달러강세,"서몬 그룹 홀딩스, 3분기 EPS 17.9%↑...연간 가이던스 상향",2026-02-05 20:47:44,real_assets
달러강세,"카디널 헬스, 2분기 매출 656억 달러..전년비 19% 증가",2026-02-05 20:49:45,real_assets
국채,"5천피 시대"" 투자 전략은...""넥스트 반도체""도 AI서 찾을 때",2026-02-05 21:00:00,domestic_bond
환율,"에너자이저 홀딩스, 1분기 매출 7.8억 달러 증가..EPS 53% 급감",2026-02-05 21:00:06,real_assets
기준금리,"영국, 기준금리 3.75%로 동결",2026-02-05 21:05:06,domestic_bond
기준금리,"트레이드웹 마켓, 4분기 매출 5.2억 달러 12.5% 증가..순이익 129% 급증",2026-02-05 21:05:13,domestic_bond
달러강세,"브로드윈드 에너지, 2025년 예비실적 발표..2026년 매출 20% 성장 전망",2026-02-05 21:09:05,real_assets
달러강세,"브리스톨마이어스스큅, 4분기 매출 1% 증가·성장 포트폴리오 16% 확대",2026-02-05 21:10:15,real_assets
달러강세,"헌팅턴 잉걸스, 4분기 매출 15.7% 증가..EPS 28.3% 상승",2026-02-05 21:18:06,real_assets
달러강세,"인터콘티넨탈 익스체인지, 2025년 매출 7% 성장·사상 최대 영업이익 달성",2026-02-05 21:32:07,real_assets
달러강세,"캐나다 구스, 3분기 매출 14.3% 증가..영업이익 소폭 감소",2026-02-05 21:39:58,real_assets
달러강세,"DHT 홀딩스, 4분기 EPS 21% 증가..선박 매각 및 운임 상승 수혜",2026-02-05 21:45:18,real_assets
국채,"그냥 국장할걸 그랬어""...서학개미 애착종목 열에 여덟 녹았다",2026-02-05 21:48:51,domestic_bond
환율,"린데, 4분기 매출 87억6400만 달러...연간 배당·자사주 매입 74억 달러",2026-02-05 21:49:12,real_assets
채권금리,"사이퍼마이닝, 고금리 20억달러 담보부 채권 발행으로 투자자 우려 확산",2026-02-05 21:51:52,domestic_bond
달러강세,"커민스, 4Q 매출 1%↑·EPS 41% 급증...데이터센터 전력수요 호조",2026-02-05 21:57:33,real_assets
환율,"인사이트 엔터프라이즈, 4Q 매출 소폭 감소·EPS 69% 급증",2026-02-05 22:06:14,real_assets
기준금리,ECB 5연속 금리 동결...예금금리 연 2.00％ 유지,2026-02-05 22:25:03,domestic_bond
달러강세,"UGI, 1분기 부문별 실적 차별화..유틸리티 호조·중상류 부진",2026-02-05 22:33:55,real_assets
달러강세,"MDU 리소시즈 그룹, 2025년 순이익 1.9억달러 기록..2026년 EPS 최대 7.5% 성장 전망",2026-02-05 22:34:15,real_assets
기준금리,"MKS 인스트루먼트, 10억 유로 채권 발행으로 연 2700만 달러 이자비용 절감",2026-02-05 22:41:02,domestic_bond
환율,"AGCO, 4분기 매출 소폭 증가·흑자전환...올해 매출 2.9% 성장 전망",2026-02-05 22:42:52,real_assets
달러강세,"MDU리소시즈, 2026년 EPS 가이던스 시장 기대에 미치지 못해",2026-02-05 22:51:42,real_assets
기준금리,"CF 뱅크셰어스, 4Q 순이익 574만달러..전년비 31% 증가",2026-02-05 23:06:13,domestic_bond
원유,"EQV VENTURES, Presidio 합병과 연 1.35달러 배당정책 발표",2026-02-05 23:18:04,real_assets
환율,"마그네라, 1Q 매출 7.9억 달러·13% 증가...영업이익 흑자전환",2026-02-05 23:19:04,real_assets
환율,"마그네라, 1분기 흑자전환에 성공하며 투자자 관심 집중",2026-02-06 00:12:06,real_assets
달러강세,"노브, 4분기 매출 감소 및 순손실 기록에 주가 약세",2026-02-06 00:31:41,real_assets
기준금리,"이타우 유니방코 홀딩스, 주당 0.37헤알 이자지급금 배당 발표",2026-02-06 02:36:58,domestic_bond
달러강세,"유니언 뱅크셰어스, 2025년 순이익 26.5% 증가...배당률 5.75% 유지",2026-02-06 03:25:51,real_assets
기준금리,"BRBI BR PARTNERS SA, 4분기 순이익 5.7% 증가..비용절감 효과",2026-02-06 06:03:26,domestic_bond
원유,"매그놀리아 오일 & 가스, 4Q 생산량 11% 증가..연간 실적 안정세",2026-02-06 06:03:46,real_assets
달러강세,"암테크 시스템즈, 1Q 매출 감소에도 AI 장비 비중 확대..신규 수주 강세",2026-02-06 06:04:16,real_assets
달러강세,"빌컴 홀딩스, 2Q 매출 14% 증가·거래 수수료 20% 급증",2026-02-06 06:04:36,real_assets
환율,"애로우 일렉트로닉스, 4분기 매출 20%↑·EPS 101%↑...실적 가이던스 상회",2026-02-06 06:04:46,real_assets
달러강세,"포티넷, 4Q 매출 19억1000만 달러·영업익 15% 증가...연간 매출 68억 달러 달성",2026-02-06 06:09:07,real_assets
달러강세,"노바골드 리소시즈, 3억1000만 달러 유상증자 성공적 마감",2026-02-06 06:09:57,real_assets
기준금리,"헤네시 어드바이저, 1분기 매출액 14.3% 감소한 832만 달러 기록...배당금 9% 인상",2026-02-06 06:17:02,domestic_bond
기준금리,"엔젤 오크 모기지, 주당 0.32달러 분기 배당 결정...연간 배당률 14.5%",2026-02-06 06:18:13,domestic_bond
달러강세,"디지털 리얼티 트러스트, 4Q 매출 14% 증가·핵심 EBITDA 8.6억달러 기록",2026-02-06 06:20:44,real_assets
달러강세,"파워 인테그레이션, 4분기 매출 1억320만 달러..전년비 2% 감소",2026-02-06 06:21:34,real_assets
환율,"리인슈어런스 그룹 오브 아메리카, 4분기 순이익 214% 급증...자사주 매입 5억 달러 결정",2026-02-06 06:23:24,real_assets
달러강세,"커즌스 프로퍼티즈, 4Q 임대료 10.4% 상승·FFO 10% 증가",2026-02-06 06:25:35,real_assets
기준금리,"실버크레스트 에셋, 1주당 0.21달러 분기 배당 결정",2026-02-06 06:26:13,domestic_bond
기준금리,"퍼스트 캐시, 4분기 매출 10억달러 첫 돌파...26% 순익 증가",2026-02-06 06:28:34,domestic_bond
환율,"스트래텍 시큐리티, 2Q 매출 6% 증가·조정 EPS 42.5% 급증",2026-02-06 06:32:15,real_assets
달러강세,"위니바고 인더스트리즈, 1억달러 고금리 채권 조기상환 결정",2026-02-06 06:38:52,real_assets
환율,"제프스 브랜즈, 사명 변경·역주식병합 위한 특별 주총 3월 개최",2026-02-06 07:04:54,real_assets
원유,"사우스 보우, 3월 5일 2025년 4분기·연간 실적 발표 예정",2026-02-06 07:07:04,real_assets
금값,"디지털 금이라더니""‥비트코인 6만4천불 붕괴 ""검은 금요일",2026-02-06 07:29:33,real_assets
원유,지난해 경상흑자 1230억달러...12월은 187억달러로 역대 최대,2026-02-06 08:00:00,real_assets
달러강세,"암테크 시스템스, AI 제품 수요와 운영 현금 흐름 증가로 2026 회계연도 1분기 실적 호조 기록",2026-02-06 08:58:13,real_assets
환율,"**스트라텍 시큐리티, 2026 회계연도 2분기 실적 호조...영업활동으로 1,400만 달러 현금 확보**",2026-02-06 08:58:43,real_assets
금값,"진작 내다 팔 걸 그랬나""...국제 금·은값, 다시 낙폭 확대",2026-02-06 09:07:16,real_assets
원달러,"나흘 만에 또 ""매도 사이드카""...현기증 나는 코스피",2026-02-06 09:11:17,real_assets
기준금리,"월급은 그대로인데, 이 돈 언제 갚나""...40대 가장 평균 빚 1.1억 돌파 역대급",2026-02-06 12:01:23,domestic_bond
기준금리,"어디까지 떨어질까""...비트코인 끝모를 폭락",2026-02-06 14:29:09,domestic_bond
기준금리,"금리·문턱 낮긴 한데""...사업자 대출, 안전할까",2026-02-06 15:13:59,domestic_bond
달러강세,빅테크 미끄러지는데...방어력 입증한 애플,2026-02-06 15:32:06,real_assets
환율,"HD현대일렉트릭, 2025년 영업익 50% 급등...5년 연속 상승",2026-02-06 15:37:55,real_assets
달러강세,"코스피, 외국인 투매 속 5089.14 하락 마감...코스닥도 내려",2026-02-06 15:46:29,real_assets
금값,"진작 내다 팔 걸""...은값, 폭락하며 상승분 모두 반납",2026-02-06 15:49:11,real_assets
환율,부자가 되려면 시장을 읽는 눈부터 떠라,2026-02-06 16:40:43,real_assets
기준금리,美고용한파... 1월 신규채용 17년래 최악,2026-02-06 17:16:21,domestic_bond
환율,"중국관광객 보면 절하고 싶어진다""...지난해 90% 오른 호텔주",2026-02-06 17:30:00,real_assets
국채,"원화약세 막자""... 정부, 외평채 17년만에 최대규모 30억弗 발행",2026-02-06 17:37:23,domestic_bond
기준금리,다주택자 압박에 강남·한강벨트 매물 증가... 성북·노원은 줄어,2026-02-06 17:37:24,domestic_bond
기준금리,금융지주 실적잔치...카드·보험 부진은 숙제,2026-02-06 17:47:11,domestic_bond
국제유가,경상수지 1230억弗 흑자...반도체 힘입어 역대 최대,2026-02-06 17:47:13,real_assets
환율,외국환율고시표,2026-02-06 17:47:31,real_assets
달러강세,"증권가 ""추세 전환 아닌 단기 조정장... 펀더멘털보다 투자심리가 하락 요인",2026-02-06 17:54:49,real_assets
환율,언제까지 단톡방서 투자 배울건가요?...진짜 부자들의 시장 읽는 법은,2026-02-06 18:40:42,real_assets
환율,"대출 이자에 주식 거래수수료...4대금융 순이익, 연 20조 육박",2026-02-06 18:41:14,real_assets
기준금리,"뱅크 오브 캘리포니아, 배당금 20% 인상...주당 0.12달러로",2026-02-06 20:01:59,domestic_bond
환율,"퀴아젠, 4분기 매출 5.4억 달러 기대치 상회...2026년 5%이상 성장 전망",2026-02-06 20:06:10,real_assets
환율,"토요타 모터, 1분기 매출 6.8% 증가에도 영업익 13.1% 감소...환율 여파",2026-02-06 20:08:21,real_assets
환율,"국내 경영진 53% ""올해 한국 경제 긍정적""... 최근 5년 새 최고치",2026-02-06 20:30:58,real_assets
환율,"마켓액세스 홀딩스, 4Q 매출 2억940만 달러 3%↑...EPS 36% 급증",2026-02-06 20:32:15,real_assets
환율,"고물가 강요 독과점 구조 바로 잡아야""...대통령 말에 생리대·설탕 ""줄인하",2026-02-06 20:34:17,real_assets
환율,"엔벤트 일렉트릭, 4Q 매출 11억달러...전년비 42% 급증",2026-02-06 20:46:59,real_assets
달러강세,"바이오젠, 4Q 매출 7% 감소한 23억 달러..주당순손실 0.33달러",2026-02-06 20:57:09,real_assets
기준금리,"대체 어디가면 일자리가 있나요""...고용한파 美, 1월 채용 17년래 최악",2026-02-06 21:32:16,domestic_bond
달러강세,"플레인스 그룹 홀딩스, 4Q 순이익 3억4200만 달러..적자서 흑자전환",2026-02-06 22:51:25,real_assets
원유,"플레인즈 올 아메리칸, 4분기 순이익 3.42억 달러..전년 대비 흑자전환",2026-02-06 22:52:15,real_assets
달러강세,"노바골드리소시즈, 대규모 유상증자 성공으로 도널린 금광 개발 가속화",2026-02-06 23:10:35,real_assets
기준금리,"캐럿 패키징, 분기 주당 0.45달러 배당 선언..연 배당률 7.03%",2026-02-07 01:58:58,domestic_bond
달러강세,"이타우 유니방코 홀딩스, 4Q 순이익 13.2% 증가·123.2억 레알 기록",2026-02-07 03:04:10,real_assets
달러강세,"시게이트테크놀러지, 반도체 강세와 AI 데이터센터 수요 견인으로 주가 상승",2026-02-07 03:11:40,real_assets
달러강세,"클라우드플레어, AI 인프라 수요 증가와 연평균 27% 매출 성장 전망에 주목",2026-02-07 04:50:45,real_assets
국제유가,"한국, 반도체 없으면 어쩔뻔...작년 경상수지 1230억불 흑자 ""사상최대",2026-02-07 05:18:25,real_assets
환율,대장주 투톱이 주저앉으니 방법이 없네...증시 랠리서 소외된 바이오,2026-02-07 05:27:43,real_assets
국채,"M EVO GLOBAL ACQUISITION, 3억 달러 IPO 성공적 완료..특수목적인수회사 출범",2026-02-07 06:49:03,domestic_bond
원유,"라일리 익스플로레이션 퍼미안, 석유·가스 업계 베테랑 사아다티 사외이사 영입",2026-02-07 06:56:53,real_assets
기준금리,"불확실성에 신용위험 확대""...산은硏 ""은행권 기업대출, 올해 큰 폭 증가 어렵다",2026-02-07 10:13:52,domestic_bond
원유,"이란과 거래 국가 25% 관세""...트럼프 ""자금줄 원천 차단"" 행정명령 서명",2026-02-07 10:15:34,real_assets
금값,"금 부자"" 중국 인민은행, 지난달까지 15개월 연속 금 매입",2026-02-07 15:05:10,real_assets
금값,"금값 상승에 프랑스 예비부부들 ""부모님 결혼반지 녹이자",2026-02-07 20:16:45,real_assets
원유,"한국엔 관세 인상 위협하더니...미국, 인도와 관세 ""50%→25% 인하"" 잠정 합의",2026-02-07 20:28:22,real_assets
국채,이자 주는 중국 vs 이자 막는 미국 코인,2026-02-07 21:00:00,domestic_bond
기준금리,14조 이익 냈는데 얼굴에 그늘이...4대은행 부실대출 12.5조 역대급,2026-02-08 15:22:15,domestic_bond
금값,화이트데이에 딱 한 커플만 테마파크 통째 빌려드려요,2026-02-08 16:09:39,real_assets
국채,"미래에셋증권, 개인투자용국채 2월 청약 실시... ""10·20년물 확대",2026-02-08 16:51:26,domestic_bond
국채,증시 변동성 커져... 자산배분펀드·ETF·미국채 분산을,2026-02-08 17:12:26,domestic_bond
금값,1998년 금모으기... 2026년 금사재기,2026-02-08 17:12:27,real_assets
환율,우리은행서 달러 환전시 90% 환율우대 혜택준다,2026-02-08 17:30:43,real_assets
환율,외국환율고시표,2026-02-08 17:30:45,real_assets
기준금리,한국서 2000만원대 전기차 가성비 대전,2026-02-08 17:33:35,domestic_bond
국채,벚꽃추경 가능성에...3년물 국채금리 3%대 급등,2026-02-08 17:41:24,domestic_bond
달러강세,AI가 대체 못하는 식음료株...스타벅스·맥도날드 빛보네,2026-02-08 17:42:52,real_assets
환율,"여야, 9일부터 대정부질문... 관세협상·부동산 충돌",2026-02-08 17:55:59,real_assets
국채,日증시엔 호재... 채권·엔화값은 약세 가능성,2026-02-08 20:00:00,domestic_bond
국채,금기였던 헌법개정도 수면으로...방위비 증액·자위대 역할 주목,2026-02-08 20:00:00,domestic_bond
국채,다카이치 트레이드 재개될 듯...채권·엔화값은 약세로,2026-02-08 20:00:00,domestic_bond
국채,"더 강해져 돌아온 다카이치...경제·안보·외교 ""직진"" 예고",2026-02-08 20:00:00,domestic_bond
금값,"금 직거래합니다"" 당근 나갔다가...피싱조직 돈세탁 당하고 계좌동결",2026-02-08 20:48:29,real_assets
달러강세,금·은값 폭등에...동계 올림픽 선수들 가장 비싼 메달 걸겠네,2026-02-08 22:18:42,real_assets
채권금리,"요동치는 코스피만 보려니 심장 터진다""...세 곳에 나눠 담으세요",2026-02-09 05:58:04,domestic_bond
기준금리,2000만원대 전기차는 다 중국산?...현대 캐스퍼·기아 레이도 있죠,2026-02-09 06:30:55,domestic_bond
달러강세,잘난 AI도 햄버거 못만들죠...투자피난처 부상한 스타벅스·맥도날드,2026-02-09 08:06:26,real_assets
원유,"플레인스 GP 홀딩스, 2025년 4분기 및 연간 실적 발표, 2026년 전망 및 배당금 증액 계획 제시",2026-02-09 08:57:49,real_assets
기준금리,"만트럭버스코리아, 창립 25주년 기념 ""보증연장·무상점검 캠페인",2026-02-09 09:47:07,domestic_bond
원달러,"롤러코스터"" 탄 코스피...4%대 급등하며 5300선 눈앞",2026-02-09 09:47:09,real_assets
달러강세,"HD현대일렉트릭, 4분기 호실적에 9%대 급등...목표가 줄상향",2026-02-09 09:51:23,real_assets
국채,"美 CFTC, ""국법신탁은행"" 발행 스테이블코인도 담보 인정... 규제 장벽 낮췄다",2026-02-09 09:56:41,domestic_bond
달러강세,"韓 증시 시총 ""세계 8위"" 등극...독일·대만 제쳤다",2026-02-09 10:38:49,real_assets
환율,코스피 5000시대지만 K양극화 굳어져...2.8조 민생 집중 투입,2026-02-09 11:12:43,real_assets
금값,"금이 안전자산? 잡코인보다 요동""...밈자산 전락한 진짜 이유는",2026-02-09 11:22:25,real_assets
국채,"압승"" 다카이치에 남은 3가지 과제...국민통합 리더십·고물가 대응·한미중 외교",2026-02-09 11:29:33,domestic_bond
기준금리,"AI 붐에 금리인하 가능"" 워시 주장에...경제학자 60% ""아니다",2026-02-09 13:51:47,domestic_bond
환율,"불황 무풍지대"" 백화점, 역대급 실적...신세계, 작년 영업이익 4800억원",2026-02-09 14:55:09,real_assets
환율,"크래프톤, 지난해 첫 매출 3조 돌파...1조 이상 주주환원 정책도 발표",2026-02-09 15:40:30,real_assets
금값,"이 대통령 ""등록임대에 ""영구적 양도세 특혜"" 줄 필요 있냐는 의견도 있어",2026-02-09 15:44:20,real_assets
환율,"원재료가 상승 영향""...오뚜기, 작년 영업익 1773억 20.2%↓",2026-02-09 16:15:02,real_assets
국제유가,"성장률 0%대 현실로... ""단기부양 아닌 진짜 성장 필요",2026-02-09 17:39:53,real_assets
달러강세,13년만에 부활한 김치본드... 자금조달 '제3지대' 급부상,2026-02-09 17:51:40,real_assets
환율,외국환율고시표,2026-02-09 17:59:08,real_assets
국채,"월가서 의심받는 워시 긴축론... ""연준 방향에 혼란 우려",2026-02-09 17:59:55,domestic_bond
국채,"中 ""은행들, 美국채 줄여라"" 달러 흔들기",2026-02-09 17:59:56,domestic_bond
금값,"美재무 ""최근 금값 변동성... 중국의 무분별한 투기 탓",2026-02-09 17:59:56,real_assets
국채,日 부채비율 230%에도 '더 센 확장재정'... 채권시장은 긴장,2026-02-09 18:00:15,domestic_bond
달러강세,"황태덕장도 아니고, 얼었다 녹은 코스피...4.1% 올라 ""도로 5300",2026-02-09 18:34:32,real_assets
환율,"에쓰오일, 아람코 계열사에 5.5조 폴리에틸렌 수출계약",2026-02-09 19:31:14,real_assets
금값,"중국 아줌마·MZ, 금괴 432톤 사들였다...美재무 ""금값 뒤흔든 세력",2026-02-09 19:41:44,real_assets
금값,"워시 쇼크""에 ""털썩""...비트코인 지금이 바닥?",2026-02-09 21:00:00,real_assets
환율,"6070도 ""레버리지 ETF 사달라""...코스닥 연기금 동원령까지",2026-02-09 21:00:00,real_assets
금값,"부자아빠 ""단 하나의 자산만 고르라면 비트코인""...이유 들어 보니",2026-02-09 22:34:06,real_assets
국채,"금 이어 또 ""불안한 안전자산""...中, 은행에 ""美국채 줄여라"" 지침",2026-02-09 23:54:24,domestic_bond
기준금리,"한일시멘트, 지속가능경영으로 백년 기업 지향",2026-02-10 00:00:00,domestic_bond
환율,"신세계, ""질 좋은 실적""에 밸류에이션 재평가""...목표가↑",2026-02-10 07:49:01,real_assets
환율,"제주항공, 5분기 만에 흑자 비행...지난해 4분기 영업익 186억",2026-02-10 08:11:19,real_assets
환율,"한화에어로 168만원 정조준""...유럽 ""재무장""에 목표가 줄상향",2026-02-10 08:21:57,real_assets
기준금리,"삼성증권, 안정적 실적에 거래대금 증가 수혜""...목표가↑",2026-02-10 08:34:16,domestic_bond
국채,"베센트 ""워시발 QT 당장 없다""...위기의 미국, 해법은 이것 뿐이다",2026-02-10 08:47:42,domestic_bond
국채,"안그래도 힘든데 일본 선거까지 ""으악""...""투심 위축"" 채권시장 겹악재에 흔들",2026-02-10 08:53:11,domestic_bond
환율,"반도체 없었으면 어쩔뻔, GDP 1.6%P 끌어올려""...韓성장률 전망 줄상향",2026-02-10 10:14:48,real_assets
기준금리,"금리 절벽에 등 돌린 예금족...연 3%대 수익률 ""파킹형 ETF""로 몰려",2026-02-10 10:56:38,domestic_bond
국제유가,고물가로 지탱된 성장률의 역설...집값 개혁 환경 만들었다,2026-02-10 12:00:00,real_assets
국채,"은행은 그냥 피 빠는 거머리야""...아내 잃은 대통령, 자본가에 칼날 겨눴다",2026-02-10 13:00:00,domestic_bond
기준금리,"연 3% 수익률에 일주일 새 3000억 ""완판""...몸집 불리는 발행어음 시장",2026-02-10 13:23:11,domestic_bond
기준금리,"예·적금 들려면 지방·인뱅 가는 게 이득""...4% 금리 주는 곳 어디?",2026-02-10 14:37:41,domestic_bond
기준금리,"DB증권, 작년 영업이익 1167억원...전년比 88.7% 증가",2026-02-10 15:03:29,domestic_bond
환율,"미리 준비하는 설날이 알차다"" 2026 설 연휴를 위한 실속 가이드",2026-02-10 16:22:34,real_assets
환율,"유치원생·초등생 둔 워킹맘에 ""희소식""...1~2주 단기 육아휴직 할 수 있어",2026-02-10 16:58:22,real_assets
환율,"중국보다 80만원 저렴해요""...전세계 최대규모 ""이곳"", 매일 줄 선다는데",2026-02-10 17:37:50,real_assets
환율,외국환율고시표,2026-02-10 17:47:39,real_assets
환율,"金 ""美관세 압박 원인은 투자 지연이 100%",2026-02-10 17:59:18,real_assets
환율,"동전주 상폐"" 시동 건 금융당국...시총·매출 요건도 더 강화한다",2026-02-10 18:00:12,real_assets
국채,AI패권 노리는 구글... 200억달러 투자실탄 장전한다,2026-02-10 18:12:02,domestic_bond
국채,달러·금·국채...모든 자산 토큰화 될것,2026-02-10 18:16:36,domestic_bond
국채,"에릭 트럼프 ""달러·금·국채 모든 자산이 토큰화 될 것",2026-02-10 21:27:55,domestic_bond
환율,"오천피·천스닥에 내 주식은 140원""...동전주 증시퇴출 속도낸다",2026-02-11 06:05:40,real_assets
원유,설날 대통령에게 세배하면 100만원 준다?,2026-02-11 08:00:00,real_assets
달러강세,"연말 소비 꺾이자 기술주 흔들...다우만 최고가, 뉴욕증시 ""숨 고르기",2026-02-11 09:03:19,real_assets
국채,"알파벳, AI 실탄 풍성해졌다···美·유럽서 채권 발행해 46조원 확보",2026-02-11 10:40:29,domestic_bond
환율,기술상장 첫해부터 호실적...로킷헬스케어 11% 상승,2026-02-11 13:34:22,real_assets
환율,과천 20억·광명 15억·고양 8억...서울 인접지 국평 아파트가 6억대?,2026-02-11 13:34:33,real_assets
기준금리,"국내 은행주 여전히 싸다""...하나證, 목표가 일제히 상향",2026-02-11 14:13:52,domestic_bond
원유,"삼성重, 컨테이너 운반선 2척 4686억원에 수주",2026-02-11 14:26:48,real_assets
환율,"애경그룹, 항공·유통 흑자전환...재무개선 바탕 재도약 ""시동",2026-02-11 14:41:30,real_assets
기준금리,"고금리 역풍 속 카드업계 지각변동, 잘 나가는 곳 비결은?",2026-02-11 15:00:55,domestic_bond
기준금리,"한국투자증권, 지난해 영업익 2조3427억원...업계 최초 ""2조 클럽"" 진입",2026-02-11 15:27:32,domestic_bond
달러강세,"보상까지 내건다""...글로벌 인센티브 시장 선점 나선 해변 도시",2026-02-11 15:48:01,real_assets
원유,"팬오션, LNG·탱커 호조에 지난해 실적 선방..영업익 4.4%↑",2026-02-11 15:59:43,real_assets
환율,"엑스트라버진 올리브유가 9990원"" 맘카페 입소문 타고 15만개 팔렸죠",2026-02-11 16:18:02,real_assets
환율,집값전쟁의 진정한 승부처,2026-02-11 17:35:49,real_assets
환율,"KDI ""올 성장률 1.9%""... 美관세·반도체 경기·환율이 3대 복병",2026-02-11 17:39:26,real_assets
기준금리,"트러스톤, KCC에 주주서한 발송...""기업가치 제고해야",2026-02-11 17:39:40,domestic_bond
채권금리,"한투證, 채권·주식 운용수익 76% 늘었다",2026-02-11 17:45:54,domestic_bond
기준금리,저소득 서민층 위한 새희망홀씨대출 '쑥,2026-02-11 17:48:52,domestic_bond
환율,외국환율고시표,2026-02-11 17:52:02,real_assets
채권금리,"SK에코플랜트, 회사채 수요예측서 1조원 넘게 모집",2026-02-11 18:05:21,domestic_bond
환율,"19만 중국인 몰려온다...큰손 귀환에 유통업계 ""들썩",2026-02-11 18:44:01,real_assets
환율,"실버코프 메탈스, 4분기 매출 51% 급증에도 주당 0.07달러 적자전환",2026-02-11 20:01:55,real_assets
달러강세,"큐엑스오, 코디악 빌딩파트너스 22.5억달러 인수..시장 크게 확대",2026-02-11 20:08:26,real_assets
기준금리,"ING 그룹, 총 15억 달러 규모 시니어 노트 만기 상환 계획 발표",2026-02-11 20:08:56,domestic_bond
달러강세,"버티브홀딩스, 4분기 매출 23% 증가와 EPS 200% 급증으로 주목받아",2026-02-11 20:20:27,real_assets
환율,"비사이 프리시젼, 4분기 매출 10.9% 증가·8060만 달러 기록",2026-02-11 20:22:07,real_assets
달러강세,"테일러 모리슨 홈, 4Q 매출 9.7%↓·EPS 27.6% 하락...2026년 마감 1.1만건 전망",2026-02-11 20:22:47,real_assets
환율,"인터 앤 코, 주당 0.11달러 현금배당 결정..전년대비 EPS 67.9% 증가",2026-02-11 20:27:57,real_assets
기준금리,"키메라 인베스트먼트, 보통주 배당금 22% 인상··· 0.45달러로 확대",2026-02-11 20:47:58,domestic_bond
환율,"비사이프리시젼, 매출 증가에도 수익성 우려로 주가 급락",2026-02-11 20:51:09,real_assets
환율,"방산·원전에 5년간 100조 지원""...수출입은행, 우선순위 정했다",2026-02-11 20:56:48,real_assets
국채,"스티븐 도버 美 프랭클린템플턴 최고시장전략가 "" ""5천피"" 아직 저평가...뒷바람 남았다",2026-02-11 21:00:00,domestic_bond
달러강세,"제네락 홀딩스, 4분기 매출 10.9억달러 12%↓...법적합의금 반영 적자전환",2026-02-11 21:01:59,real_assets
달러강세,"유니티 소프트웨어, 4Q 매출액 10% 증가한 5억300만 달러...벡터 사업 급성장",2026-02-11 21:03:39,real_assets
환율,"오틀리 그룹, 4Q 매출 9.1% 성장...영업현금흐름 크게 개선",2026-02-11 21:06:10,real_assets
환율,"크래프트 하인즈, 4분기 매출 3.4% 감소...감액손실로 연간 58억달러 순손실",2026-02-11 21:08:20,real_assets
달러강세,"제네락홀딩스, 데이터센터 수요 강세에 주목...2026년 산업용 제품 30% 성장 전망",2026-02-11 21:11:00,real_assets
달러강세,"래드콤, 4Q 매출 1890만 달러 전년비 15.9% 증가..연간 매출 사상 최고치",2026-02-11 21:12:40,real_assets
달러강세,"웨스팅하우스 에어 프레이크, 4분기 매출 14.8% 증가·주당이익 25% 상승",2026-02-11 21:15:11,real_assets
환율,"셀러브라이트 DI, 4분기 매출 18% 증가..클라우드·구독 사업 호조",2026-02-11 21:17:31,real_assets
달러강세,"셰프스 웨어하우스, 4분기 매출 10.5% 증가·자체성장률 9.7% 강세",2026-02-11 21:44:02,real_assets
기준금리,"NNN 리츠, 2025년 매출 9.3억달러 6.6%↑...2026년 AFFO 3.2% 성장 전망",2026-02-11 22:33:14,domestic_bond
원유,"토털에너지스, 4분기 순이익 30억달러..전년대비 21% 감소",2026-02-11 22:33:34,real_assets
달러강세,"링키지글로벌, 2월 특허 라이선스 매출 72만달러 기록에 강세",2026-02-11 22:51:15,real_assets
기준금리,美 고용 '깜짝 호조,2026-02-11 23:01:39,domestic_bond
기준금리,"마자르 뱅코프, 2025년 순이익 9760만달러...전년비 25%↑",2026-02-12 00:03:02,domestic_bond
환율,"AMC 네트웍스, 4분기 매출 5.9억 달러...스트리밍 매출 14% 성장",2026-02-12 06:05:10,real_assets
달러강세,"인디펜던스 리얼티 트러스트, 4분기 순이익 3327만 달러..전년 적자서 흑자전환",2026-02-12 06:08:31,real_assets
달러강세,"스태그 인더스트리얼, 4분기 주당순이익 57% 증가..임대율 97% 안정적",2026-02-12 06:09:01,real_assets
달러강세,"맥그로 힐, 3분기 매출 4.3억 달러로 4.2% 성장...연간 가이던스 상향",2026-02-12 06:09:31,real_assets
환율,"에퀴닉스, 4분기 매출 24억2천만 달러..전년比 7% 증가",2026-02-12 06:13:02,real_assets
환율,"지에프엘 인바이런멘탈, 4분기 매출 7.3% 증가..순익 흑자전환",2026-02-12 06:19:44,real_assets
채권금리,"내셔널 뱅크 홀딩스, 1.5억 달러 후순위채 발행...자본 확충 나서",2026-02-12 06:22:15,domestic_bond
환율,"크레인 NXT, 4분기 매출 4억7690만달러...전년비 19.5%↑",2026-02-12 06:23:05,real_assets
환율,"인터내셔널 플래이버스 & 프래그랜스, 4Q 매출 7% 감소..26년 가이던스 보수적",2026-02-12 06:27:05,real_assets
기준금리,"게티 리얼티, 4Q 주당순이익 0.45달러..전년비 15.4% 증가",2026-02-12 06:32:36,domestic_bond
환율,"코그넥스, 4Q 매출 10% 성장·순익 35% 급증...올해도 두자릿수 성장 전망",2026-02-12 06:32:56,real_assets
기준금리,"글래시어 뱅코프, 4분기 EPS 0.49달러..전년比 9% 감소",2026-02-12 06:33:56,domestic_bond
기준금리,"포 코너스 프로퍼티 트러스트, 4Q 매출 6784만 달러..11.6% 증가",2026-02-12 06:34:06,domestic_bond
환율,"올 경제성장률 1.9%로 높인 KDI...美관세·AI거품·환율 ""3대 복병",2026-02-12 06:44:05,real_assets
환율,"와츠 워터 테크놀러지스, 4분기 매출 16% 성장..영업이익률 18.2%로 개선",2026-02-12 06:50:01,real_assets
기준금리,"그래나이트 포인트 모기지, 4분기 EPS 0.58달러 적자..신용손실충당금 부담",2026-02-12 07:05:07,domestic_bond
기준금리,"어번 내셔널 뱅코프, 1분기 주당 0.27달러 현금배당 결정",2026-02-12 07:05:47,domestic_bond
달러강세,"매뉴라이프 파이낸셜, 4분기 핵심순이익 5% 증가·주당 핵심이익 9% 상승",2026-02-12 07:18:02,real_assets
환율,"매뉴라이프 파이낸셜, 2025년 매출 35% 급증..주당순익 21% 상승",2026-02-12 07:19:02,real_assets
환율,"이마트, 목표가 올리지만 투자 의견은 ""중립""...왜?",2026-02-12 07:59:13,real_assets
환율,집값전쟁의 진정한 승부처,2026-02-12 08:30:33,real_assets
기준금리,"반에크, ""개미 털고 채굴자 떠났다...지금이 변동성 사이클의 변곡점",2026-02-12 08:40:09,domestic_bond
달러강세,"위안화 섞지 마""...中, 홍콩 ""코인 허브"" 꿈에 찬물",2026-02-12 08:42:24,real_assets
기준금리,"1분기에만 3만 가구 쏟아진다""...10대 건설사 ""공급 경쟁"" 본격화",2026-02-12 08:58:37,domestic_bond
달러강세,고용 지표 호조에도 숨 고른 뉴욕증시...3대 지수 보합권 마감,2026-02-12 09:01:00,real_assets
원달러,"코스피 ""5500선"" 돌파 마감...사상 최고가 경신",2026-02-12 09:13:11,real_assets
기준금리,"양도세 중과 맞기전에 팔자""...서울서 한 달여 만에 매물 3000채 쏟아져",2026-02-12 09:51:48,domestic_bond
환율,"오리온, ""밸류업 본격화"" 증권사 발표에 강세",2026-02-12 10:56:20,real_assets
환율,"천만원짜리 가방 팔면서 보안은...360만명 고객정보 털린 루이비통, 과징금 214억",2026-02-12 11:00:00,real_assets
달러강세,"미래에셋증권 ""미래에셋은 증권이다"" 증권사 발표에 강세...4.48%",2026-02-12 11:04:50,real_assets
환율,"엔비디아 팔아도 양도세 0원?"" 현실적인 RIA 손익계산서 따져보니...",2026-02-12 11:13:36,real_assets
환율,"신세계百, 1월 외국인 매출만 900억 뚫었다...역대 최대치 경신",2026-02-12 11:43:26,real_assets
기준금리,"한은 금융시장국장 ""현 국고채 금리 과도하게 높아...시장 변화 면밀히 점검",2026-02-12 12:20:34,domestic_bond
기준금리,韓 스테이블코인 거래 회복세···연초대비 4배,2026-02-12 13:31:29,domestic_bond
원유,SK해운 VLCC 10척 팬오션에 매각...1조원 확보,2026-02-12 13:31:41,real_assets
환율,"공정위 담합 지적에...CJ제일제당 ""협회 탈퇴, 임직원 경쟁사 접촉 금지",2026-02-12 13:48:32,real_assets
기준금리,"왜 너만 자꾸 바닥으로?""...""나홀로 추락"" 비트코인",2026-02-12 13:59:41,domestic_bond
국채,현대카드 김치본드 8000만弗 추가 발행...조달 다변화 속도,2026-02-12 14:17:09,domestic_bond
국채,한·미 금리 동결에 日 재정 확대 우려까지...1월 국채금리 상승 마감,2026-02-12 15:32:49,domestic_bond
달러강세,"OCI홀딩스, 증권사 목표가 상향에 강세...4.03%",2026-02-12 15:54:44,real_assets
환율,"덕산네오룩스, ""4Q25 Review: 일회성 제외 시 무난"" 증권사 발표에 강세",2026-02-12 15:54:54,real_assets
달러강세,"18만전자, 이제 바로 눈앞이다""...코스피 사상 첫 5500선 마감",2026-02-12 15:55:31,real_assets
국제유가,"유류세 한시 인하, 4월 말까지 2개월 추가연장",2026-02-12 16:02:18,real_assets
기준금리,수도권 누르니... 울산·부산 집값 '꿈틀,2026-02-12 17:32:20,domestic_bond
환율,외국환율고시표,2026-02-12 17:55:57,real_assets
환율,"삼일PwC ""고착화된 통상리스크...산업구조∙기업전략 대전환 필요",2026-02-12 19:08:23,real_assets
달러강세,"웨스턴 코퍼 & 골드, C$5000만 규모 주식발행 통해 카지노 프로젝트 자금 확보",2026-02-12 20:06:28,real_assets
환율,"HDFC 은행, ICICI 그룹 지분 9.95%까지 확대 승인 획득",2026-02-12 20:14:30,real_assets
달러강세,"트랜스유니언, 4분기 매출 11억7천만 달러..전년비 13% 증가",2026-02-12 20:17:10,real_assets
달러강세,"아기오스 파마슈티컬스, 4분기 미국 내 미타피밧 매출 49% 증가",2026-02-12 20:34:01,real_assets
기준금리,"매출 방어하고 이익 챙겼다""...한샘, 작년 영업이익 185억원 거둬",2026-02-12 20:39:44,domestic_bond
달러강세,"버켄스탁 홀딩, 1분기 EPS 157% 급증..아시아태평양 매출 37% 성장",2026-02-12 20:40:01,real_assets
달러강세,"레스토랑 브랜드 인터내셔널, 4분기 매출 7.4% 증가...미국 버거킹 회복 조짐",2026-02-12 20:46:21,real_assets
기준금리,"오니티 그룹, 4분기 순익 1억2600만달러..전년비 급증",2026-02-12 20:48:02,domestic_bond
달러강세,"스콜피오 탱커스, 4분기 순익 87% 급증..1억2812만달러 기록",2026-02-12 20:52:22,real_assets
국채,"블랙 타이탄, 2억달러 전환사채 조달 완료..디지털자산 재무전략 확대",2026-02-12 20:58:02,domestic_bond
달러강세,"킴코 리얼티, 4분기 FFO 4.8% 성장..임대율 96.4% 사상 최고치",2026-02-12 20:59:12,real_assets
환율,어느새 환호보다 한숨만...언다이내믹 코리아,2026-02-12 21:00:00,real_assets
환율,"브루커, 4분기 매출 9.8억 달러..영업이익률 15.7%로 하락",2026-02-12 21:05:50,real_assets
환율,"버켄스탁 홀딩, 2026년 가이던스 유지..매출 13~15% 성장 전망",2026-02-12 21:19:01,real_assets
달러강세,"텔러스, 4분기 수익 2% 감소에도 모바일·인터넷 고객 37.7만명 순증",2026-02-12 21:21:11,real_assets
채권금리,"어드밴스드 드레니쥐 시스템즈, 5억달러 채권발행·신용한도 확대 추진",2026-02-12 21:24:16,domestic_bond
환율,"피니아, 2025년 4분기 EPS 전년비 859% 급증·2026년 7%까지 성장 전망",2026-02-12 21:35:17,real_assets
환율,"게이츠 인더스트리얼, 4분기 매출 3.2% 증가·수익성 견고",2026-02-12 21:40:57,real_assets
기준금리,"제록스, 보유주식 2대1 워런트 배포...부채 감축 가속화 전략",2026-02-12 22:12:39,domestic_bond
국채,"BGC 그룹, 4분기 매출 32% 증가·EPS 0.31달러...연간 실적 사상 최대",2026-02-12 22:19:09,domestic_bond
국채,"BGC그룹, 4분기 실적 급증과 FMX 플랫폼 미국 국채 시장 점유율 40% 확대",2026-02-12 22:51:11,domestic_bond
원유,"제네시스 에너지, 4분기 순이익 흑자전환·배당 9.1% 인상",2026-02-12 22:54:01,real_assets
달러강세,"콘탱고 오어, 5천만 달러 규모 유상증자 확정...금 헤지 청산 자금 확보",2026-02-12 23:24:53,real_assets
달러강세,"레스토랑 브랜드 인터내셔널, 매출 성장에도 수익성 우려와 보수적 전망에 주가 하락",2026-02-12 23:54:08,real_assets
달러강세,"제네락홀딩스, 데이터센터 판매 호조와 2026년 성장 전망으로 주목받아",2026-02-13 00:31:40,real_assets
달러강세,"테렉스, 4Q 매출 13억 달러·EPS 1.12달러...REV 합병 시너지 본격화",2026-02-13 00:41:20,real_assets
환율,"툿시롤 인더스트리즈, 4분기 EPS 29% 증가...원재료 가격 부담 지속",2026-02-13 01:02:01,real_assets
원유,"본격화하는 ""자원 전쟁""...석유로 압박하고, 중국 ""무기"" 무력화하려는 미국",2026-02-13 06:00:00,real_assets
달러강세,"코세어 게이밍, 4Q 매출 6% 증가·EBITDA 62% 급증..자사주 매입 첫 승인",2026-02-13 06:04:27,real_assets
달러강세,"더치 브로스, 4분기 매출 29% 증가·EPS 467% 급증...올해 매출 20억달러 전망",2026-02-13 06:10:16,real_assets
국채,"헤네시 캐피탈 인베스트먼트 V, 총자산 2억4277만달러...SPAC 인수 후보 탐색 중",2026-02-13 06:11:16,domestic_bond
달러강세,"라이언 스페셜티 그룹 홀딩스, 4분기 매출 13.2% 증가...순이익 26.6% 감소",2026-02-13 06:11:26,real_assets
환율,"핀터레스트, 4분기 매출 14% 성장..전년비 14% 증가한 13.2억달러 기록",2026-02-13 06:11:27,real_assets
기준금리,"식스스 스트리트 스페셜티 렌딩, 2025년 EPS 10.8% 하락..18.3% 고배당 유지",2026-02-13 06:13:07,domestic_bond
채권금리,"바이오마린 파마슈티컬, 아미커스 인수 위해 8.5억달러 채권 발행 완료",2026-02-13 06:14:07,domestic_bond
달러강세,"옐프, 2025년 매출 4% 증가·EPS 19% 상승...AI 투자 확대",2026-02-13 06:19:19,real_assets
채권금리,"어드밴스드 드레니쥐 시스템즈, 5억달러 무담보사채 발행·기존 담보대출 재구조화",2026-02-13 06:19:39,domestic_bond
달러강세,"브라이트 호라이즌, 연간 순이익 38% 증가...2026년 성장 지속 전망",2026-02-13 06:20:19,real_assets
환율,"진격의 코스피"" 1년새 2548→5522...개미 던지자 외국인이 넙죽",2026-02-13 06:23:47,real_assets
환율,"누스킨, 4분기 영업익 2324만 달러 흑자전환..5분기 가이던스 부진",2026-02-13 06:25:10,real_assets
원유,"오케아니스 에코 탱커스, 내주 2025년 4분기·연간 실적 발표 예정",2026-02-13 06:26:50,real_assets
달러강세,"PDF 솔루션즈, 4Q 매출 25% 성장·EPS 0.30달러...2026년 20% 매출 성장 전망",2026-02-13 06:27:50,real_assets
기준금리,"에어 리스, 4분기 매출 8.2억 달러..전년比 15.1% 증가",2026-02-13 06:29:00,domestic_bond
달러강세,"더치브로스, 분기 실적 대폭 개선에 공격적 확장 계획 발표",2026-02-13 06:35:11,real_assets
환율,"머서 인터내셔널, 4분기 3억달러 순손실..평화강 공장 자산손상 반영",2026-02-13 06:35:11,real_assets
기준금리,"LXP 인더스트리얼 트러스트, 4분기 매출 14% 감소..임대율 97.1%로 상승",2026-02-13 06:48:06,domestic_bond
달러강세,"다이오즈, 4분기 매출 3억9160만달러 '분기 최고'..연간 15억달러 달성",2026-02-13 07:02:08,real_assets
기준금리,"트럼프 가문 주도 WLFI, 대출 넘어 외환시장 진출 선언",2026-02-13 08:17:47,domestic_bond
국채,홍콩서 위안화 국채 4배 흥행...1%대 초저금리에도 자금 몰린 이유,2026-02-13 11:15:06,domestic_bond
환율,"달러 쓸어담아도 환율 울상...한·일·대만 ""통화 약세"" 이유는",2026-02-13 13:42:23,real_assets
국채,"외국인 1월 주식 ""셀코리아""...코스닥 팔고 채권으로",2026-02-13 14:01:49,domestic_bond
국채,"일본주식 거래 ""24시간·즉시 결제"" 시대로‥·日 메가뱅크·증권사 맞손",2026-02-13 14:21:18,domestic_bond
금값,"9만원이 23만원 됐다""...매년 세뱃돈 받아 금 산 10살 소녀 ""대박",2026-02-13 15:17:53,real_assets
국채,"달러 약세 속 유로·위안화 부상...""통화 다극화"" 신호탄 되나",2026-02-13 15:22:12,domestic_bond
기준금리,"연말 직장인들 보너스 많이 탔나""...시중에 풀린 돈 4080조, 다시 늘어",2026-02-13 15:31:21,domestic_bond
환율,1300조' 美투자 쏠림...큰손 된 韓,2026-02-13 15:45:04,real_assets
환율,외국환율고시표,2026-02-13 15:59:51,real_assets
환율,서학개미 미국투자 1300조원 시대...큰손 된 한국,2026-02-13 16:04:17,real_assets
기준금리,"삼성증권 ""눈 앞으로 다가온 별도 자본 8조원"" 증권사 발표에 강세...5.36%",2026-02-13 16:04:24,domestic_bond
환율,대한항공 새 성장엔진 장착...방산·우주산업 날개 펴고 '이륙,2026-02-13 16:04:34,real_assets
달러강세,"서학개미, 달러·美증시 급변동땐 위험...정부, 국민연금 채권 환헤지 검토",2026-02-13 16:06:18,real_assets
달러강세,"아그니코 이글 마인스, 4분기 순이익 114% 급증·사상 최대 실적",2026-02-13 20:03:14,real_assets
기준금리,"사운드 파이낸셜 뱅코프, 5월 주총 개최·올해 배당률 1.92% 전망",2026-02-13 20:04:55,domestic_bond
채권금리,"W.P. 캐리, 10억유로 무담보채권 발행..평균이자율 3.5%",2026-02-13 20:06:05,domestic_bond
달러강세,"세멘토스 파카스마요, 4Q 매출 6.2% 증가했으나 일회성 비용으로 영업이익 60% 급감",2026-02-13 20:06:45,real_assets
기준금리,"마커스&밀리챕, 4Q 주당순익 57% 급증...연매출 8.5% 성장",2026-02-13 20:08:15,domestic_bond
기준금리,"스튜디오 시티, 4분기 영업이익 151% 급증..대중 시장 테이블 게임 호조",2026-02-13 20:09:35,domestic_bond
달러강세,"마그나 인터내셔널, 4분기 조정 EBIT 18% 증가..연간 실적 견고",2026-02-13 20:09:55,real_assets
환율,"애트머스 필트레이션 테크놀러, 4분기 EPS 21% 증가..코치 필터 인수로 올해 성장 가속화",2026-02-13 20:50:17,real_assets
환율,"앤호이저부시 인베브, 4분기 EPS 7.5% 증가..자사주 매입 진행 중",2026-02-13 21:33:18,real_assets
달러강세,"LCI 인더스트리즈, 33년 재임 게로 이사 2026년 은퇴 발표",2026-02-13 22:08:55,real_assets
기준금리,"일렉트로바야, 4분기 매출 39% 증가·흑자전환...EXIM 대출 1635만 달러 확보",2026-02-13 22:50:07,domestic_bond
달러강세,"PDF솔루션즈, 4분기 매출 25% 성장과 2026년 20% 성장 목표 제시",2026-02-14 00:41:00,real_assets
기준금리,"콜롬비아 뱅킹 시스템, 주당 0.37달러 분기 배당 결정",2026-02-14 03:23:56,domestic_bond
금값,"갈리아노 골드, 2025년 매출 94% 급증...헤지 손실로 적자전환",2026-02-14 04:14:06,real_assets
달러강세,"무빙 이미지 테크놀러지스, 2Q 매출 10% 증가·영업손실 축소···프리미엄 스피커 브랜드 인수",2026-02-14 05:21:57,real_assets
달러강세,"스프랏, 19일 2025년 4Q 실적발표...연간 매출 28% 증가 전망",2026-02-14 06:02:58,real_assets
환율,"세멘토스 파카스마요, 2025년 매출 7.1% 증가...순이익은 22.5% 감소",2026-02-14 06:16:05,real_assets
기준금리,"페블브룩 호텔 트러스트, 11억 달러 부채 재융자 완료..재무 안정성 강화",2026-02-14 06:36:10,domestic_bond
채권금리,"그랜 티에라 에너지, 6.4억 달러 규모 채권교환 89% 완료..재무구조 개선",2026-02-14 06:49:00,domestic_bond
기준금리,"급매 맞아? 여전히 비싸네""...매물 바라보는 두가지의 시선",2026-02-14 06:55:57,domestic_bond
국채,"인베스코 모기지 캐피탈, 1주당 0.12달러 분기배당 결정",2026-02-14 07:00:01,domestic_bond
채권금리,"콘센트릭스, 6억달러 규모 채권발행으로 기존 고금리 부채 상환 추진",2026-02-14 07:11:51,domestic_bond
기준금리,"미장 ""94% 몰빵"" 서학개미 주의보...정부, 국민연금 ""채권 환헤지"" 도입 검토",2026-02-14 08:42:27,domestic_bond
국채,"증시 랠리에도...日 ""다카이치 트레이드"" 신중론, 왜?",2026-02-14 09:00:00,domestic_bond
기준금리,"설 연휴 끝나면 대형이벤트가 열립니다""...FOMC 의사록에 쏠린 눈",2026-02-14 16:28:36,domestic_bond
환율,설 연휴 마다 올랐던 비트코인.... 올해도 또?,2026-02-15 10:25:32,real_assets
환율,"前 SBI VC트레이드 CTO ""한일 스테이블코인 협력 시너지 엄청날 것",2026-02-15 17:38:11,real_assets
달러강세,"월가, 美증시 낙관론에 베팅... ""S&P500 올해 두자릿수 오를 것",2026-02-15 18:00:45,real_assets
환율,韓증시 반도체·AI인프라株 매력... 서학개미는 피지컬AI 주목,2026-02-15 18:00:46,real_assets
달러강세,"설명할 시간 없어 빨리 타""... 18만전자 뚫자 ""재드래곤"" 밈 확산",2026-02-15 20:06:39,real_assets
환율,"IMF 때보다 더 불안하다""...대출 못 갚는 중소기업 속출",2026-02-15 21:30:24,real_assets
원달러,"외국인 던지고 ""동학개미"" 받고...K반도체 앞날은",2026-02-16 09:00:00,real_assets
국제유가,美·이란 핵협상 결렬 땐 이스라엘까지 참전할수도,2026-02-16 15:07:12,real_assets
국채,"실물자산토큰화 관건은 ""속도""...K컬처가 기회될 것",2026-02-16 17:46:45,domestic_bond
기준금리,물가 불안한데 아마존·UPS 해고 '칼바람'... 美경제 한치앞 안보여,2026-02-16 18:00:21,domestic_bond
국제유가,"美·이란 핵협상 결렬땐... 이스라엘, 재공격 나설듯",2026-02-16 18:03:28,real_assets
달러강세,"코스피 랠리"" 계속되나...환율·트럼프·AI 삼중 변수",2026-02-16 21:00:00,real_assets
기준금리,"앞으로 어떻게 살아가나""...대출금리 7% 돌파 목전에 ""영끌족"" 비상",2026-02-17 11:22:38,domestic_bond
국채,"악화된 청년고용에 ""벚꽃추경"" 가능성 솔솔···KDI는 ""반도체 호황 감안해야",2026-02-17 12:00:00,domestic_bond
국채,"비트코인, AI 시대 안전자산 역할"" 돈나무 언니 전망에...닥터둠 ""암호화폐, 시장 붕괴 앞당겨",2026-02-17 15:23:10,domestic_bond
채권금리,"트럼프가 불안감 키워""...달러 투자심리, 14년 만에 최악",2026-02-17 15:35:36,domestic_bond
금값,"유흥비로 쓰려고""...금은방서 1000만원어치 들고 도주 ""간 큰"" 10대들",2026-02-17 17:31:10,real_assets
채권금리,"설이후 금융시장, 3대 변수가 좌우",2026-02-17 17:45:58,domestic_bond
원유,"트럼프, 이란에 '핵 합의 불발 후폭풍' 경고",2026-02-17 17:46:09,real_assets
기준금리,"2% 금리 엊그제 같은데""...가계 신용대출 5%·주담대도 4% 중후반",2026-02-17 18:11:53,domestic_bond
원유,"우드사이드 에너지 그룹, 입증매장량 4.7% 감소..개발투자 32억달러 집행",2026-02-17 20:12:00,real_assets
환율,"루이지애나-퍼시픽, 4Q 매출 5.67억 달러..OSB 부문 부진",2026-02-17 20:12:51,real_assets
기준금리,"아르마다 호플러 프로퍼티즈, 4Q 적자 전환·NOI 6.3% 성장",2026-02-17 20:15:25,domestic_bond
환율,"에어로그로우 인터내셔널, 4Q 매출 14.4억 달러...전년비 3.4% 증가",2026-02-17 20:16:16,real_assets
환율,"소노코 프로덕트 컴퍼니, 4분기 매출 29.7% 증가..ThermoSafe 매각으로 흑자전환",2026-02-17 20:17:06,real_assets
국제유가,"레이센 에너지 홀딩, 2025회계연도 매출 23.9% 감소·순익 684만달러 축소",2026-02-17 20:21:37,real_assets
달러강세,"얼리전, 4분기 매출 9.3% 증가·영업이익 13.5% 성장",2026-02-17 20:22:57,real_assets
달러강세,"랩코프 홀딩스, 4분기 매출 35억달러 달성..전년比 5.6%↑",2026-02-17 20:57:14,real_assets
원유,"이란, 해군 훈련으로 호르무즈 해협 수시간 폐쇄",2026-02-17 20:57:52,real_assets
환율,"제뉴인 파츠, 4Q 매출 4.1% 증가·순손실 6.1억달러...자동차·산업부문 분할 추진",2026-02-17 21:11:16,real_assets
달러강세,"밸몬트 인더스트리즈, 4Q 조정 EPS 28% 증가..인프라 부문 강세",2026-02-17 21:13:16,real_assets
원유,"스노코, 4Q 조정 EBITDA 7.1억 달러...전년비 58% 증가",2026-02-17 21:16:06,real_assets
원유,"에너지 트랜스퍼, 4Q 매출 253억달러 30%↑..26년 가이던스 상향",2026-02-17 21:43:57,real_assets
기준금리,"CNX 리소시즈, 5억달러 규모 선순위채권 발행·2029년 만기채 조기상환",2026-02-17 22:05:08,domestic_bond
채권금리,"쿠퍼-스탠다드, 11억 달러 규모 선순위 담보채권 발행...기존 고금리 채권 상환 목적",2026-02-17 22:32:59,domestic_bond
기준금리,"인베스터스 타이틀, 4분기 매출 소폭 감소에도 연간 실적 5.6% 성장",2026-02-17 22:36:10,domestic_bond
채권금리,"쿠퍼스탠다드, 11억 달러 담보채권 발행으로 부채 구조 개선 나서",2026-02-17 22:40:40,domestic_bond
달러강세,"비트마인 이머전 테크놀로지스, 암호화폐 시장 2026년 회복세 전망·이더리움 투자 확대",2026-02-17 22:43:10,real_assets
환율,"오북 홀딩스, 미국 2300억 달러 송금시장 겨냥 'OwlPay Cash' 출시",2026-02-17 22:49:01,real_assets
원유,"페르미안 베이슨 로열티, 2월 배당 0.014달러..전월比 감소",2026-02-18 01:40:01,real_assets
원유,"마린 페트롤리엄, 1분기 배당 107% 증가..유닛당 0.1달러 지급",2026-02-18 01:42:01,real_assets
달러강세,"케이던스, 4분기 매출 14% 증가..AI 제품 수요 호조에 연간 실적도 강세",2026-02-18 06:04:55,real_assets
달러강세,"RB 글로벌, 4Q 매출 5% 증가·EPS 17% 상승...2026년 EBITDA 최대 15.3억 달러 전망",2026-02-18 06:05:44,real_assets
환율,"크레디콥, 4Q 순이익 40.9% 급증..연간 ROE 19% 달성",2026-02-18 06:08:04,real_assets
달러강세,"케이던스, 4분기 실적 호조와 AI 제품 수요 강세에 주목",2026-02-18 06:10:25,real_assets
환율,"로저스, 4분기 매출 2억달러 흑자전환...1Q 매출 최대 2억800만달러 전망",2026-02-18 06:11:05,real_assets
환율,"글라우코스, 4분기 매출 36% 급증...인수 관련 손상차손으로 적자 확대",2026-02-18 06:13:05,real_assets
채권금리,"하워드 휴즈, 10억 달러 규모 채권 발행 성공..기존 채무 리파이낸싱",2026-02-18 06:18:16,domestic_bond
기준금리,"JBG 스미스 프로퍼티즈, 4Q Core FFO 주당 0.17달러...전년비 16%↓",2026-02-18 06:19:26,domestic_bond
기준금리,"트러스트코 뱅크 NY, 주당 0.38달러 분기 배당 발표...연율 1.52달러",2026-02-18 06:19:27,domestic_bond
원유,"데본에너지, 4분기 생산량 가이던스 상회...코테라 합병 통해 배당 31% 인상",2026-02-18 06:19:57,real_assets
원유,"마타도르 리소시즈, 분기 배당 0.375달러 확정...3월 10일 지급",2026-02-18 06:21:27,real_assets
달러강세,"벨 퓨즈, 4Q 매출 17.4% 증가..연간 EBITDA 마진 21.2% 달성",2026-02-18 06:22:17,real_assets
환율,"아카마이 테크놀러지스, 성과·ESG 연계 임원 보너스 플랜 발표",2026-02-18 06:24:08,real_assets
기준금리,"아머 레지던셜 REIT, 3월 보통주 배당금 0.24달러 결정",2026-02-18 06:24:58,domestic_bond
달러강세,"엘레먼트 솔루션즈, 4분기 매출 8% 증가·전자재료 부문 21% 급성장",2026-02-18 06:26:58,real_assets
환율,"헌츠맨, 4분기 매출 13.5억달러..적자폭 축소",2026-02-18 06:35:39,real_assets
달러강세,"이큐티, 4분기 매출 21.9억 달러..전년비 16% 증가",2026-02-18 06:36:39,real_assets
기준금리,"메트라이프, 2026년 1분기 우선주 배당 공시...EPS 57% 급증 전망",2026-02-18 06:36:50,domestic_bond
달러강세,"헤클라 마이닝, 2025년 매출 53% 급증·순이익 9배↑...금속가격 강세 수혜",2026-02-18 06:38:50,real_assets
환율,"JELD-WEN 홀딩, 4Q 매출 10.5% 감소·분기적자 지속..2026년 실적 추가 악화 전망",2026-02-18 06:39:40,real_assets
달러강세,"켄뷰, 4Q 매출 3.2% 증가·영업이익률 14.2% 개선",2026-02-18 06:48:01,real_assets
기준금리,"톨 브라더스, 1Q 순이익 2억1090만달러..전년비 18.7% 증가",2026-02-18 06:52:21,domestic_bond
채권금리,"엠파이어 스테이트 리얼티, 4분기 주당순이익 0.12달러..뉴욕시 상업용 포트폴리오 전환 완료",2026-02-18 06:59:51,domestic_bond
기준금리,"그레이트 서던 뱅코프, 5월 13일 제37차 주주총회 온라인 개최",2026-02-18 07:12:02,domestic_bond
원유,"오빈티브, 아나다코 자산 30억 달러에 매각...부채감소·주주환원 강화",2026-02-18 07:16:02,real_assets
원유,"도체스터 미네랄스, A. 트로이 스터록 이사회 신임 매니저 영입",2026-02-18 07:30:53,real_assets
달러강세,"셀렉트에너지, 워터인프라 부문 20~25% 성장 전망에 투자자들 주목",2026-02-18 07:40:43,real_assets
달러강세,"AI 파괴론"" 여전했지만...저가 매수세 유입에 강보합 마감",2026-02-18 08:58:16,real_assets
금값,변동성 커진 금값...그래도 고고?,2026-02-18 09:00:00,real_assets
기준금리,"대출 받아 빚투""...5대은행 신용대출 최저금리 4%대 재진입",2026-02-18 10:41:51,domestic_bond
국채,"日 다카이치 2기의 3대 전략...일본성장투자, 사회구조개편, 新인·태선언",2026-02-18 14:35:06,domestic_bond
기준금리,주택규제 심해지자... 성수 꼬마빌딩에 다시 볕드나,2026-02-18 15:56:22,domestic_bond
국채,외국에 손벌리는 미국 국채의 '민낯,2026-02-18 15:56:23,domestic_bond
원유,日보다 늦은 韓 대미투자...美 압박에 사업성 놓치면 안될 일,2026-02-18 16:30:08,real_assets
환율,"AI 특수"" 대만, 올해 성장률 7.71%·GDP 4만4000달러 전망...""한국보다 높아",2026-02-18 16:56:46,real_assets
기준금리,예·적금 깨고 신탁으로...0.1%P 금리차에도 자금이동,2026-02-18 17:01:23,domestic_bond
환율,외국환율고시표,2026-02-18 17:01:25,real_assets
기준금리,아파트 3년내 완공 '옛말'...40개월 뉴노멀,2026-02-18 17:07:43,domestic_bond
금값,5천달러 못지킨 금값...은도 10% 넘게 급락,2026-02-18 17:10:27,real_assets
기준금리,3.3조 대어' 케이뱅크...삼수끝에 상장 청신호,2026-02-18 17:13:22,domestic_bond
채권금리,AA급보다 잘나가는 A급 회사채,2026-02-18 17:13:22,domestic_bond
원유,對美 1호 투자처는 AI 인프라... 데이터센터 전력용 발전소 건설,2026-02-18 17:36:35,real_assets
기준금리,특정금전신탁 700조원 돌파,2026-02-18 17:46:53,domestic_bond
원유,"이란, 호르무즈 봉쇄 훈련... 밴스 ""핵 못갖게 할 것",2026-02-18 17:47:05,real_assets
금값,"더 이상 안전자산 아닙니다""...금값·은값 또 널뛰기 한 이유는",2026-02-18 19:52:41,real_assets
달러강세,"아이엠골드, 4Q 매출 10.9억 달러·연간 28.5억 달러 기록..금 가격 상승 수혜",2026-02-18 20:03:18,real_assets
달러강세,"콘스텔리움, 4분기 매출 22억달러 28%↑..순이익 1.1억달러 흑자전환",2026-02-18 20:14:09,real_assets
달러강세,"불장 전에도 잘 나갔었는데""...식지 않는 K푸드 인기, 식품주 다시 뛴다",2026-02-18 20:44:06,real_assets
달러강세,"바슈롬, 4분기 매출 14억 달러·전년비 10% 증가...제약 부문 14% 성장",2026-02-18 21:04:11,real_assets
환율,"인슐릿, 4분기 매출 7억8380만달러..전년비 31% 증가",2026-02-18 21:07:01,real_assets
환율,"필립 모리스 인터내셔널, 2026년 EPS 전망치 8.38~8.53달러 상향 발표",2026-02-18 21:07:51,real_assets
달러강세,"페리온 네트워크, 4분기 순익 61% 급증·매출 채널 다변화 가속",2026-02-18 21:08:11,real_assets
환율,"찰스리버 래버러토리, 4분기 매출 9억9420만 달러..전년비 0.8% 감소",2026-02-18 21:15:02,real_assets
환율,"베리스크 애널리틱스, 4분기 매출 5.9% 증가...배당 11% 인상",2026-02-18 21:19:12,real_assets
기준금리,"지금은 큰 거 사면 안돼""...주택규제 심해지자 성수 ""꼬마빌딩"" 볕든다",2026-02-18 21:24:02,domestic_bond
달러강세,"아이엠골드, 2025년 매출 74% 급증·28억 달러 달성",2026-02-18 21:25:46,real_assets
달러강세,"I-80 골드, 5억달러 자금조달 패키지 확보..생산능력 7배 확대 가능",2026-02-18 22:27:23,real_assets
기준금리,"3년이면 됐었는데""...아파트 공사 40개월이 기본, 공사비 끌어 올린다",2026-02-18 22:35:21,domestic_bond
기준금리,"아메리카 퍼스트 모기지, 4Q 순익 4360만달러..전년비 58% 급증",2026-02-18 22:48:14,domestic_bond
국채,"다카이치 내각 2.0 시동...""헌법 개정안 신속히 발의할 것",2026-02-18 23:41:16,domestic_bond
달러강세,"아이엠골드, 2025년 매출 74% 급증하고 2026년 EPS 242% 성장 전망",2026-02-19 00:21:04,real_assets
환율,"에이비스 버짓 그룹, 4분기 조정 EBITDA 흑자전환·전기차 자산 5억달러 감액",2026-02-19 06:04:09,real_assets
채권금리,"글래드스톤 커머셜, 4분기 FFO 1,782만 달러..전분기比 8.9% 증가",2026-02-19 06:07:49,domestic_bond
환율,"스프랏, 4분기 주당배당 0.40달러 확정··3월 17일 지급",2026-02-19 06:08:19,real_assets
환율,"이베이, 4분기 매출 30억 달러...전년비 15% 증가",2026-02-19 06:11:10,real_assets
환율,"옴니컴, 4Q 매출 55억달러 27.9%↑..IPG 인수 효과·자사주 50억달러 매입 승인",2026-02-19 06:12:20,real_assets
달러강세,"씨알에이치, 4분기 순이익 10.4억 달러..전년비 46% 급증",2026-02-19 06:13:10,real_assets
환율,"몰슨 쿠어스 브루잉, 4분기 매출 2.7% 감소..2026년 수익성 하락 전망",2026-02-19 06:14:31,real_assets
기준금리,"이번에는 진짜 상장할까""...3.3조 대어 케이뱅크, 코스피 입성 청신호",2026-02-19 06:14:50,domestic_bond
원유,AI데이터센터용 발전소·원유 시설·산업용 다이아 공장 짓는다,2026-02-19 06:15:20,real_assets
달러강세,"코카콜라 보틀링, 4분기 매출 9% 증가..알루미늄 가격 상승에도 견조한 실적",2026-02-19 06:16:01,real_assets
WTI,"옥시덴탈페트롤리엄, 4Q 매출 51억달러..OxyChem 매각 영향으로 적자전환",2026-02-19 06:17:00,real_assets
원유,"옥시덴탈페트롤리엄, 4Q 매출 51억달러..OxyChem 매각 영향으로 적자전환",2026-02-19 06:17:11,real_assets
기준금리,"인비테이션 홈즈, 4분기 매출 4% 증가...임대료 1.8% 상승",2026-02-19 06:17:21,domestic_bond
원유,"SM 에너지, 텍사스 자산 9.5억 달러 매각..부채 축소 가속화",2026-02-19 06:19:22,real_assets
원유,"텍사스 퍼시픽 랜드, 4분기 매출 2.1억 달러..전년비 4.2% 증가",2026-02-19 06:19:42,real_assets
기준금리,"아머 레지던셜 REIT, 4Q 흑자전환..연간 경제수익률 12.79% 달성",2026-02-19 06:21:43,domestic_bond
달러강세,"레이몬드 제임스 파이낸셜, 1월 자산관리액 1조8038억 달러..전년비 13% 증가",2026-02-19 06:23:03,real_assets
기준금리,"아머 레지던셜 REIT, 포트폴리오 가치 210억달러·배당수익률 16.6% 기록",2026-02-19 06:25:03,domestic_bond
채권금리,"아다마스 트러스트, 4분기 순익 4160만달러..적자서 흑자 전환",2026-02-19 06:28:03,domestic_bond
달러강세,"CVR 파트너스, 4Q 설비점검으로 순손실 1000만 달러..연간 이익 9900만 달러",2026-02-19 06:31:04,real_assets
원유,"CVR 에너지, 4분기 1.1억 달러 순손실..가속 감가상각 영향",2026-02-19 06:32:14,real_assets
환율,"노드슨, 1Q 매출 6억6900만 달러·EPS 44% 급증... 연간 가이던스 상향",2026-02-19 06:34:03,real_assets
환율,"허벌라이프, 4분기 매출 12억8300만 달러..전년비 6.3% 증가",2026-02-19 06:35:13,real_assets
원유,"오케아니스 에코 탱커스, 1.55달러 분기배당 선언...지급일 3월 10일",2026-02-19 06:35:43,real_assets
달러강세,"호스트 호텔 & 리조트, 4분기 매출 12.3% 증가·EPS 33.3% 상승",2026-02-19 06:37:53,real_assets
달러강세,"CF 인더스트리즈 홀딩스, 4분기 매출 23% 증가...연간 주당순익 8.97달러",2026-02-19 06:56:54,real_assets
달러강세,"트리플 플래그, 4분기 매출 60% 급증·분기 최고 실적 달성",2026-02-19 07:02:05,real_assets
달러강세,"트리플 플래그 프레셔스 메탈스, 4분기 매출 60% 급증..연간 순이익 2.4억달러 흑자전환",2026-02-19 07:08:56,real_assets
달러강세,"리버티 라틴 아메리카, 4Q 조정 EBITDA 8% 증가..현금흐름 개선",2026-02-19 07:09:06,real_assets
원유,"CVR에너지, 4분기 순손실 기록하며 가속 감가상각 영향 커",2026-02-19 07:11:46,real_assets
환율,"카던트, 4Q 매출 2.86억 달러로 11% 성장...2026년 매출 11.6억 달러 전망",2026-02-19 07:13:56,real_assets
금값,"킨로스 골드, 2025년 연간 매출 71% 급증...금값 상승 덕분",2026-02-19 07:18:37,real_assets
원유,"웨스턴 가스, 4분기 EBITDA 6.4억달러 최대실적..배당 2.2% 인상",2026-02-19 07:20:17,real_assets
금값,"킨로스 골드, 4분기 EPS 235% 급증..금값 상승 수혜",2026-02-19 07:20:47,real_assets
기준금리,서울 집합건물 생애 최초 매수자 절반이 30대...2010년 이후 최대,2026-02-19 08:07:52,domestic_bond
환율,"클래시스, 브라질 파트너사 인수 지연""...목표가↓",2026-02-19 08:20:59,real_assets
달러강세,"금리 인상"" 거론에도 저가 매수 유입...강세 마감",2026-02-19 08:50:47,real_assets
달러강세,"코스피 사상 첫 5600선 돌파...삼성전자 ""19만전자"" 등극",2026-02-19 09:10:10,real_assets
환율,"장동혁 ""요즘 대통령 SNS에 온통 부동산뿐...관세부터 해결해야",2026-02-19 10:09:05,real_assets
국채,"대통령님 덕에 줍줍 기회 잡았죠""...美금융자산 2551조원 순매수",2026-02-19 10:20:31,domestic_bond
환율,"맥도날드, 내일부터 가격 100∼400원 인상...빅맥세트 7600원",2026-02-19 10:29:20,real_assets
환율,"맥도날드마저""...고환율 여파에 가격 최대 400원 인상",2026-02-19 10:50:39,real_assets
달러강세,"극단적 공포"" 수준까지...美 증시 훈풍에도 끝없는 하락세 ""비트코인",2026-02-19 10:57:35,real_assets
금값,"금값 72% 오를 때 180% 올랐다...""내가 금값 랠리 진짜 승자",2026-02-19 10:59:13,real_assets
원유,"전쟁 가능성 90%""...24시간 내 전투기 50대 중동 진입, 이란 ""초긴장",2026-02-19 11:26:23,real_assets
금값,"비트코인 반토막, 단순 조정 아니다... AI발 ""신용 쇼크"" 전조현상",2026-02-19 13:24:02,real_assets
기준금리,RWA 야심 발표에 트럼프 일가 코인 19% 급등,2026-02-19 13:36:41,domestic_bond
채권금리,"대신증권, 고객 맞춤형 대신밸런스 멀티인컴랩 출시",2026-02-19 15:12:08,domestic_bond
원유,"이란 전쟁 임박?""...미국, 중동에 전투기 50대 급파",2026-02-19 15:35:42,real_assets
기준금리,"코스피, 3%대 올라 5600선 마감...코스닥 4.94% 급등",2026-02-19 15:52:50,domestic_bond
국제유가,"주춤하는 금값, 이제 끝물? ""수요 아직 살아있다"" 무게",2026-02-19 16:03:24,real_assets
WTI,연휴 직후 금값 반등...19일 한 돈 102만1000원,2026-02-19 16:39:00,real_assets
국제유가,연휴 직후 금값 반등...19일 한 돈 102만1000원,2026-02-19 16:39:13,real_assets
달러강세,코스피 고공행진 하자···미장서도 한국 관련 ETF 훨훨,2026-02-19 16:43:52,real_assets
원유,"美·이란 전면전 가능성 90%... 트럼프, 軍고위급 긴급소집",2026-02-19 17:38:44,real_assets
환율,외국환율고시표,2026-02-19 17:40:33,real_assets
WTI,국제유가 4%대 오르고 금값 급등... 美금리 불확실성에 이란 戰雲 덮쳐,2026-02-19 17:42:00,real_assets
달러강세,미장서도 한국관련 ETF 고공행진,2026-02-19 17:42:14,real_assets
국제유가,국제유가 4%대 오르고 금값 급등... 美금리 불확실성에 이란 戰雲 덮쳐,2026-02-19 17:42:41,real_assets
기준금리,1월 코픽스 다섯 달 만에 하락...0.12%포인트 내려,2026-02-19 18:12:33,domestic_bond
달러강세,"코인체크 그룹, 1Q 매출 32억 달러...성장세에도 적자 지속",2026-02-19 20:02:12,real_assets
환율,"오시스코 골드 로얄티스, 2025년 매출 44.5% 증가...순이익 27% 상승",2026-02-19 20:06:43,real_assets
환율,"젠썸, 4분기 EPS 69% 급증...연간 영업현금 7% 성장",2026-02-19 20:12:07,real_assets
환율,"발네바, 2025년 매출 3% 증가...2026년 라임병 백신 3상 결과 주목",2026-02-19 20:21:07,real_assets
기준금리,"아메리콜드 리얼티 트러스트, 4분기 조정 FFO 2.7% 증가·비용절감 효과 뚜렷",2026-02-19 20:52:09,domestic_bond
달러강세,"페디아트릭스 메디컬 그룹, 4분기 EPS 0.4달러..전년 적자서 흑자 전환",2026-02-19 20:52:09,real_assets
환율,"UL 솔루션스, 4분기 매출 7.9억 달러·EBITDA 28.4% 증가...배당 11.5% 인상",2026-02-19 20:58:20,real_assets
환율,"가렛 모션, 4Q 매출 6%↑·순익 9.4% 달성..환율·상업용차 호조",2026-02-19 21:00:10,real_assets
달러강세,"콴타 서비스, 2025년 4분기 매출 19.7% 증가..2026년 두자릿수 성장 전망",2026-02-19 21:00:50,real_assets
달러강세,"쿠시먼 앤 웨이크필드, 4분기 매출 11% 성장..역대 최대 실적",2026-02-19 21:03:10,real_assets
달러강세,"월마트, 4Q 매출 1907억 달러로 5.6% 증가...신규 300억 달러 자사주 매입 계획 발표",2026-02-19 21:03:50,real_assets
환율,"브래디, 2Q 매출 7.7% 증가·EPS 1.01달러..20분기 연속 성장",2026-02-19 21:09:11,real_assets
환율,"엔다바, 2분기 매출 1억8410만 파운드..전년비 5.9% 감소",2026-02-19 21:21:01,real_assets
채권금리,"방코 산탄데르 칠레, 5만UF 규모 무기명 채권 2.70% 금리로 발행",2026-02-19 21:38:57,domestic_bond
WTI,"이란 ""전운""에 美금리 불확실성까지...국제유가·금값도 급등",2026-02-19 22:32:00,real_assets
국제유가,"이란 ""전운""에 美금리 불확실성까지...국제유가·금값도 급등",2026-02-19 22:32:49,real_assets
달러강세,"GATX 코러페이션, 4분기 순이익 27% 증가·웰스파고 철도 리스 포트폴리오 인수 완료",2026-02-19 22:33:43,real_assets
기준금리,"올드 내셔널 뱅코프, 배당 3.6% 인상·자사주매입 2억달러 확대",2026-02-19 23:54:05,domestic_bond
달러강세,"알라모스 골드, 행정오류 수정위해 2025-2024년 재무제표 재제출",2026-02-20 00:26:56,real_assets
원유,"텍사스퍼시픽랜드, 4분기 실적 호조와 미들랜드 분지 대규모 자산 확보로 주목",2026-02-20 01:41:00,real_assets
환율,"트래블주, 4분기 매출 9% 성장..마케팅 투자로 손익분기점 기록",2026-02-20 02:25:00,real_assets
WTI,"옵시디안 에너지, 4분기 FFO 5,660만 달러..한파 영향 불구 채무구조 개선",2026-02-20 02:43:00,real_assets
기준금리,"옵시디안 에너지, 4분기 FFO 5,660만 달러..한파 영향 불구 채무구조 개선",2026-02-20 02:43:11,domestic_bond
원유,"세노버스 에너지, 4분기 업스트림 일일생산량 5% 증가...현금흐름 24억 달러",2026-02-20 03:24:31,real_assets
달러강세,"코스피 7250까지 간다""...최대 분수령은 미국 ""이 회사"" 실적",2026-02-20 08:41:18,real_assets
WTI,이란 공습 긴장감·AI 파괴론 겹악재...일제히 하락 마감,2026-02-20 08:54:00,real_assets
국제유가,이란 공습 긴장감·AI 파괴론 겹악재...일제히 하락 마감,2026-02-20 08:54:44,real_assets
WTI,미국-이란 전쟁 불안에 국제유가 2% 상승...6개월 만에 최고치,2026-02-20 09:00:00,real_assets
국제유가,미국-이란 전쟁 불안에 국제유가 2% 상승...6개월 만에 최고치,2026-02-20 09:00:38,real_assets
기준금리,"영끌 아파트로 너무 고생인데""...다섯달 만에 꺾인 ""이것""에 시장금리는",2026-02-20 09:15:56,domestic_bond
환율,"현대코퍼레이션, 저평가 구간 및 사업 다각화 부각 등에 주가 상승세... MK시그널 추천 후 상승률 17.04% 기록",2026-02-20 10:11:52,real_assets
기준금리,"韓에 관세폭탄 던져놓고 ""물가"" 뒷감당 못해 쩔쩔...멕시코 기준금리 동결",2026-02-20 10:39:39,domestic_bond
환율,"사스포칼립스"" 속 국민연금이 PICK한 종목은?",2026-02-20 10:50:23,real_assets
기준금리,"모두를 잡으려다 아무도 못 잡는다...레이디 두아에서 배우는 ""포기"" 전략",2026-02-20 13:00:00,domestic_bond
기준금리,"힘 잃고 ""풀썩""...비트코인, 다시 1억 밑으로",2026-02-20 13:23:33,domestic_bond
기준금리,"여보, 우리 이제 그만할까""...역대급 주식 열풍에 ""안절부절"" 직장인들 왜?",2026-02-20 13:26:36,domestic_bond
달러강세,"코스피 7250 간다""...美 ""이 회사"" 실적에 달렸다는데",2026-02-20 13:27:00,real_assets
국제유가,"코스피 5800선 돌파 마감...사상 최고치 경신하며 ""6천피"" 눈앞",2026-02-20 13:50:59,real_assets
원유,미국이 이란 공격하면 중동 정세는...BBC가 분석한 최악의 시나리오,2026-02-20 13:53:06,real_assets
채권금리,"불법사채 신고 1만건 육박...대출조이기에 저신용자부터 ""질식",2026-02-20 14:26:47,domestic_bond
국채,함정 정비 협약 · DEI · 한국무위험지표금리,2026-02-20 14:51:50,domestic_bond
채권금리,"원금 절반 이상을 돌려주네""...목돈 만드는 달러보험, 환율 변동 주의",2026-02-20 15:46:45,domestic_bond
환율,"코스피, 사상 첫 5800 돌파",2026-02-20 17:13:34,real_assets
기준금리,금융소송서 투자자 책임 커져...꼼꼼히 따져야,2026-02-20 17:22:42,domestic_bond
금값,내 자산을 지키는 최후의 보루...금·은을 포트폴리오에 담아볼까,2026-02-20 17:30:00,real_assets
채권금리,불법사채 신고 1만건 육박... 저신용자 돈줄 더 막힐 듯,2026-02-20 17:40:28,domestic_bond
환율,외국환율고시표,2026-02-20 17:40:28,real_assets
WTI,"호르무즈 원유 수송 막힐라""... 글로벌 경제 충격파",2026-02-20 17:47:00,real_assets
국제유가,"호르무즈 원유 수송 막힐라""... 글로벌 경제 충격파",2026-02-20 17:47:15,real_assets
WTI,"이란, 보름주겠다"" 트럼프 최후통첩",2026-02-20 17:54:00,real_assets
국제유가,"이란, 보름주겠다"" 트럼프 최후통첩",2026-02-20 17:54:51,real_assets
국채,美·유럽 가상자산 규제 틀 구체화...전통 금융이 몰려온다,2026-02-20 18:04:34,domestic_bond
WTI,"이란, 보름 주겠다""...트럼프, 핵합의 시한 제시하며 최후통첩",2026-02-20 18:31:00,real_assets
국제유가,"이란, 보름 주겠다""...트럼프, 핵합의 시한 제시하며 최후통첩",2026-02-20 18:31:15,real_assets
원유,"에코페트롤, 이사회 의장·부의장 선임 및 위원회 전면 재편",2026-02-20 20:04:25,real_assets
원유,"에코페트롤, 임시주총 앞두고 주주 대표성 강화 조치 발표",2026-02-20 20:06:15,real_assets
달러강세,"코스타마레 벌커스, 4분기 조정 순손실 170만 달러 기록",2026-02-20 20:44:36,real_assets
기준금리,관세 역풍에...4분기 美성장률 1.4%로 급락,2026-02-20 23:33:27,domestic_bond
원유,"옵시디안에너지, 연간 흑자 전환 성공...고금리 채권 상환으로 재무구조 대폭 개선",2026-02-21 00:51:13,real_assets
기준금리,"게이밍 앤 레저 프로퍼티즈, 4분기 매출 4억700만 달러..전년비 4.5% 증가",2026-02-21 02:47:35,domestic_bond
달러강세,"에퀴녹스 골드, 2025년 매출 18억 달러..전년비 99% 급증",2026-02-21 05:42:16,real_assets
달러강세,"5600 하루뒤 5800피, 현기증 납니다""...95만닉스 만든 미국 큰손",2026-02-21 06:01:47,real_assets
채권금리,"쿠퍼-스탠다드 홀딩스, 11억 달러 선순위 채권 발행...고금리 차환",2026-02-21 06:06:57,domestic_bond
기준금리,"콜리어스 인터내셔널 그룹, 22억5000만 달러 신용한도 2031년까지 연장",2026-02-21 06:08:37,domestic_bond
기준금리,"엔터지, 바클레이즈와 주식 선도매매 계약 체결·자본 운용 효율화",2026-02-21 06:14:18,domestic_bond
국채,"U.S. 글로벌 인베스터스, 2Q AUM 15억 달러·법인세 전 흑자전환",2026-02-21 07:02:39,domestic_bond
기준금리,"어디서 대출받아야 이자 부담 가장 적을까""...의외의 금리 맛집은?",2026-02-21 13:04:19,domestic_bond
국채,"美 상호관세 무효화에 한경연 원장 ""더 짙어진 불확실성 제거 최우선",2026-02-21 15:05:13,domestic_bond
금값,"금값이 미쳤다더니...""고객 금 3천돈"" 챙겨 달아난 금은방 주인, 경찰 자진출석",2026-02-21 15:16:14,real_assets
기준금리,"빅테크 ""회사채 러시""...코스피엔 기회이자 부담?",2026-02-21 17:00:00,domestic_bond
기준금리,"노력해도 달라지기 힘든 사회...""개천 용"" 옛말, 자산·교육까지 대물림",2026-02-21 21:00:00,domestic_bond
국채,"성과급 아직도 통장에 그대로 있어?""...파킹형 ETF로 3% 노린다",2026-02-22 08:03:05,domestic_bond
국채,"위안화만 치고 나가네""...한중일 통화 저평가 속 위안화 강세 전환 이유는",2026-02-22 09:00:51,domestic_bond
기준금리,이젠 전기차 2000만원대...생존 건 가격전쟁,2026-02-22 16:22:34,domestic_bond
환율,"990원 도시락, 1만원 피자...고물가에 입소문 난 ""초저가"" 먹거리",2026-02-22 17:04:06,real_assets
달러강세,무서운 성장세 앤스로픽 연매출 오픈AI 추월하나,2026-02-22 17:08:05,real_assets
기준금리,"돈 빌려줄 기업 못찾겠네""... 은행들 골머리",2026-02-22 17:13:37,domestic_bond
환율,외국환율고시표,2026-02-22 17:13:39,real_assets
기준금리,"경남, 지역건설 살리기 총력전",2026-02-22 17:43:33,domestic_bond
국채,"韓, 블록체인 역량 뛰어나... 규제 전 인프라 선점 중요",2026-02-22 17:43:55,domestic_bond
환율,원자재 의존 높아...고환율=수출효과 옛말,2026-02-22 17:48:37,real_assets
기준금리,신임 한국은행 총재... 민물이냐 짠물이냐,2026-02-22 17:52:09,domestic_bond
기준금리,26일 금통위 기준금리 결정...엔비디아 실적 발표 주목,2026-02-22 17:53:51,domestic_bond
국채,"美국채 금리 뛰고, 달러는 하락... 자산시장 '변동성 쇼크",2026-02-22 18:10:30,domestic_bond
기준금리,"제발 대출 받아가세요""...대놓고 곳간 열었는데 ""자격미달"" 투성이",2026-02-22 22:13:43,domestic_bond
원유,"신제국주의 시대의 개막...트럼프 대통령의 ""돈로주의""와 ""함포 외교",2026-02-22 23:59:13,real_assets
환율,"증권株 지금 담아도 안 늦었나요?""...신고가 행진 시장의 평가는",2026-02-23 06:20:07,real_assets
달러강세,"챗GPT는 초보들이나 쓰는거죠""...오픈AI 매출 추월한다는 앤스로픽",2026-02-23 07:31:55,real_assets
환율,"아미쿠스 테라퓨틱스, 2025년 연간 재무 실적 및 기업 업데이트 발표, 바이오마린(BioMarin)의 인수 제안 포함",2026-02-23 08:47:01,real_assets
달러강세,"한 달 새 25% 뚝...""공포"" 휩싸인 코인판, 바닥 다지나",2026-02-23 08:47:46,real_assets
달러강세,"상장 후 주가 80% 폭락, 실직자 속출하네요""...역대급 ""거품"" 기업은?",2026-02-23 08:50:31,real_assets
기준금리,"정말 돈 빌릴 곳이 없네""...금융권 대출 거절에 서민들 대부업체로 몰린다",2026-02-23 09:02:44,domestic_bond
기준금리,"삼성생명 ""확인이 필요"" 증권사 발표에 강세...5.94%",2026-02-23 09:54:06,domestic_bond
국채,"50년 전보다 월급이 줄어든 느낌""...엔화 가치, 52년만에 최저 수준",2026-02-23 11:19:36,domestic_bond
기준금리,"이러다 크게 물리는 거 아냐""...코스피 역대급 불장에도 외국인 9조 매도, 왜?",2026-02-23 11:41:05,domestic_bond
기준금리,"뱅크샐러드 ""신용점수 올리기"" 쓴 중·저신용자...금리 부담 덜었네",2026-02-23 14:00:21,domestic_bond
원유,"이 숫자 보면 반도체 주가 거품은 아닌 듯""...이달 1~20일 수출 역대 최대",2026-02-23 14:06:38,real_assets
기준금리,"지난해 서울 아파트 값, 13% 상승""... 토허구역 지정 후 전년비 상승폭 커져",2026-02-23 14:18:08,domestic_bond
기준금리,"압구정 현대도 휘청""...규제 강화 예고에 강남 아파트 20억 낮춘 매물도",2026-02-23 14:23:22,domestic_bond
원유,"이란 외톨이 되나...미국 공격에 푸틴 시진핑 도와주기 어렵다는데, 왜?",2026-02-23 14:48:01,real_assets
국채,"KCGI운용, 코리아목표전환형6호 채권혼합 펀드 모집",2026-02-23 16:04:23,domestic_bond
환율,"코스피, 사상 첫 5900선 돌파 후 5840 마감...코스닥 숨고르기",2026-02-23 16:30:00,real_assets
달러강세,"곽노정 SK하이닉스 대표이사 사장 ""자부심은 갖되 자만심은 갖지 말자",2026-02-23 17:30:02,real_assets
기준금리,급전 300만원 빌리기 어렵네... 인뱅 비상금대출 5천억 감소,2026-02-23 17:33:48,domestic_bond
환율,외국환율고시표,2026-02-23 17:33:50,real_assets
환율,2년 표류' 韓 차기 구축함 7월까지 사업자 선정한다,2026-02-23 17:37:01,real_assets
기준금리,저신용자들 300만원도 빌리기 어렵다...인뱅 비상금대출 5000억 급감,2026-02-23 17:41:21,domestic_bond
달러강세,서학개미 변심...엔비디아 팔고 메모리株 찜,2026-02-23 17:42:41,real_assets
국채,"크고 아름다운 야당, 시장(市場)",2026-02-23 17:42:59,domestic_bond
국채,일본 저성장 장기화에 엔화가치 53년래 최저,2026-02-23 17:45:42,domestic_bond
금값,"고양이한테 생선 맡겼네""...고객이 세공 맡긴 금 3000돈 챙겨 달아난 금은방 주인",2026-02-23 18:39:07,real_assets
환율,"에퀴노르, 3분기 배당 0.37달러 확정...2월 27일 지급",2026-02-23 20:07:00,real_assets
달러강세,"엔비디아 무지성 매수는 옛말""...미국판 삼전닉스 담는 서학개미들",2026-02-23 20:14:11,real_assets
기준금리,"이스털리 거버먼트 프로퍼티즈, 4분기 핵심 조정 FFO 주당 0.77달러·2026년 가이던스 상향",2026-02-23 20:47:40,domestic_bond
달러강세,"액섬 테라퓨틱스, 4분기 매출 1억9600만 달러..전년비 65% 급증",2026-02-23 21:20:01,real_assets
기준금리,"베리스 레지덴셜, 4Q Core FFO 주당 0.19달러..전년비 73% 급증",2026-02-23 21:25:01,domestic_bond
채권금리,"AMC 엔터테인먼트, 2031년 만기 채권 17억3000만 달러 발행 추진",2026-02-23 21:49:56,domestic_bond
환율,정부 '엘리엇 ISDS 취소소송' 승소,2026-02-23 23:16:10,real_assets
기준금리,거래가 증발한 부동산시장...환상은 짧고 빚잔치 해소의 시간은 길다,2026-02-24 06:00:00,domestic_bond
채권금리,"리젠시 센터, 4.50% 4억5000만 달러 선순위채 발행",2026-02-24 06:10:13,domestic_bond
원유,"다이아몬드백 에너지, 4분기 매출 34억 달러·9% 감소...연간은 34% 급증",2026-02-24 06:10:53,real_assets
달러강세,"앨리슨 트랜스미션 홀딩스, 4분기 매출 7억3700만 달러..전년비 7% 감소",2026-02-24 06:19:13,real_assets
기준금리,"보이즈 케스케이드, 4분기 EPS 0.24달러·매출 15억 달러 7% 감소",2026-02-24 06:23:34,domestic_bond
기준금리,"젠워스 파이낸셜, 4분기 EPS 0.02달러...LTC 손실 확대 부담",2026-02-24 06:32:15,domestic_bond
환율,"노반타, 4분기 매출 2억5830만 달러·조정 EPS 20% 급등",2026-02-24 06:47:56,real_assets
달러강세,"타르수스파마슈티컬스, 4분기 매출 128% 급증·연간 4.5억 달러 달성에 강세",2026-02-24 07:00:46,real_assets
국채,"WILLOW LANE ACQUISITION, IPO로 1억4375만 달러 조달·24개월내 M&A 완료 의무",2026-02-24 07:02:17,domestic_bond
원유,"오빈티브, 4분기 EPS 3.70달러 흑자전환·30억 달러 자사주 매입 승인",2026-02-24 07:09:17,real_assets
기준금리,"AMC 네트웍스, 2029년 채권→2032년 채권 교환 제안·자사주 매입 조항 개정 추진",2026-02-24 07:17:18,domestic_bond
환율,"갈라파고스, 2025년 매출 304% 급증·흑자전환 성공",2026-02-24 07:18:08,real_assets
달러강세,"이달 중 ""6000피·20만 전자"" 갈까...26일 엔비디아 실적 발표 주목",2026-02-24 07:41:26,real_assets
국채,"야당보다 유능한 야당 ""시장""...그곳을 향하는 정책 언어의 품격",2026-02-24 08:23:12,domestic_bond
기준금리,"현대해상, 올해 큰 폭의 기저효과 기대""...목표가↑",2026-02-24 08:28:21,domestic_bond
기준금리,"제2 서브프라임 여기서 터진다?""...""AI기업 자금줄"" 美 사모대출 ""경고음",2026-02-24 08:28:54,domestic_bond
금값,"금값 뛰자, 도둑도 날뛴다""...귀금속점 특화 AI 보안 솔루션 특수",2026-02-24 09:13:31,real_assets
국제유가,"흥구석유, 중동 지역의 지정학적 긴장 고조 등에 주가 상승세... MK시그널 추천 후 상승률 27.37% 기록",2026-02-24 09:18:28,real_assets
달러강세,"뜨거운 증시 열기 여기까지 달궜나""...원화 실질가치 7개월만에 반등",2026-02-24 09:25:11,real_assets
기준금리,"김포 분양가, 5년새 2배 넘게 올랐다...교통 호재 등 영향",2026-02-24 10:12:32,domestic_bond
기준금리,"5년새 분양가 두 배 뛰었다...김포 국평 신축 ""10억"" 눈앞",2026-02-24 10:42:13,domestic_bond
달러강세,"미장 탈출은 지능순?""...""트럼프 리스크""에 애타는 서학개미",2026-02-24 11:05:53,real_assets
환율,"올해도 분양가 오른다는데...""분양 중""인 단지 주목",2026-02-24 11:31:27,real_assets
달러강세,"코스피 6000 돌파는 시간 문제""...키움證, 예상 상단 7300으로 상향",2026-02-24 11:32:50,real_assets
기준금리,"큰손 된 서학개미...증시 조정오면 환차손까지 ""쌍코피"" 터진다",2026-02-24 12:00:00,domestic_bond
달러강세,"무지성 M7 매수는 옛말""...서학개미가 담은 ""이 종목",2026-02-24 14:10:30,real_assets
기준금리,"우투證, 예금자 보호 발행어음 기반 예금⋅CMA 금리 0.3%p 인상",2026-02-24 14:19:32,domestic_bond
기준금리,"전세 찾기 힘들어요""...서울 빌라 월세가 대세",2026-02-24 15:04:32,domestic_bond
환율,삼전·하닉 시총 합산 비트코인 넘었다,2026-02-24 15:05:37,real_assets
금값,트럼프 관세 혼란에 금값 반등···안전자산 선호 여전,2026-02-24 15:22:32,real_assets
달러강세,"20만 전자·100만 닉스"" 현실로...코스피, 6000 눈앞",2026-02-24 16:30:59,real_assets
금값,금값 급등에 귀금속점 보안 수요도 늘어,2026-02-24 16:39:20,real_assets
WTI,이란戰 가능성에 흥구석유 '쑥,2026-02-24 17:18:00,real_assets
국제유가,이란戰 가능성에 흥구석유 '쑥,2026-02-24 17:18:18,real_assets
기준금리,송도 원룸 月90만원...대학가 주거비 '한숨,2026-02-24 17:22:51,domestic_bond
원유,"석유화학, 어쩌면 새드엔딩",2026-02-24 17:32:10,real_assets
환율,외국환율고시표,2026-02-24 17:39:54,real_assets
기준금리,퇴직연금 코스피로 대이동...주식 실적배당형에 65% 집중,2026-02-24 18:51:48,domestic_bond
환율,"테넌트, 4분기 매출 2억9160만 달러..ERP 차질로 11% 급감",2026-02-24 20:04:03,real_assets
원유,"블랙 스톤 미네랄스, 4분기 순이익 56% 급감·매출 42% 증가",2026-02-24 20:09:55,real_assets
달러강세,"칩모스 테크놀러지스, 4분기 매출 20.8% 급증·연간 흑자 전환",2026-02-24 20:25:26,real_assets
달러강세,"퍼펙트 코퍼레이션, 4Q 매출 1,810만 달러·전년비 14% 성장",2026-02-24 20:31:56,real_assets
환율,"헨리 쉐인, 4분기 매출 34억 달러..전년비 7.7% 증가",2026-02-24 20:32:37,real_assets
달러강세,"제니아 호텔&리조트, 4분기 조정 EBITDAre 7.5% 증가·연간 FFO 10.7% 상승",2026-02-24 20:34:17,real_assets
달러강세,"은퇴자금까지 탈탈 털어 넣습니다""...부동산서 국장으로, 개미들 ""머니무브",2026-02-24 20:40:03,real_assets
기준금리,"하루도 조용한 날 없다""...업계 1위 이지스자산운용에 무슨 일이",2026-02-24 21:00:00,domestic_bond
기준금리,"송도 원룸에 월세 90만원 내라고?""...대학가 주거비 평균이 무려",2026-02-24 21:23:58,domestic_bond
달러강세,"이스테블리시먼트 랩스, 4분기 매출 6460만 달러·45% 급증...2026년 가이던스 상향",2026-02-24 22:05:57,real_assets
환율,"엔비리, 4분기 매출 5억5600만 달러·순손실 8600만 달러",2026-02-24 22:13:07,real_assets
채권금리,"어드밴티지 솔루션즈, 채권 교환 99% 동의 확보...2030년 만기 신규 채권 전환",2026-02-24 22:16:07,domestic_bond
달러강세,"탱저 팩토리 아웃렛 센터, 4분기 EPS 26%↑·FFO 17% 성장 견조",2026-02-25 06:14:45,real_assets
기준금리,"밸리 내셔널 뱅코프, 2,500만주 자사주 매입 프로그램 신규 승인",2026-02-25 06:15:25,domestic_bond
원유,"CVR 에너지, 2025년 조정 EBITDA 3억9300만 달러..EPS 216% 급증 전망",2026-02-25 06:30:17,real_assets
원유,"마타도르 리소시즈, 4분기 매출 8억5000만 달러...2026년 생산 3% 확대·CapEx 11% 축소",2026-02-25 06:44:08,real_assets
환율,"인터내셔널 제네럴 인슈어런스, 4분기 EPS 13% 증가·연매출 6.67억 달러",2026-02-25 06:48:08,real_assets
기준금리,"제네시스 에너지, 5억 달러 규모 2034년 만기 선순위 채권 공모 개시",2026-02-25 06:58:47,domestic_bond
기준금리,"뉴마운틴 파이낸스, 4Q 순투자수익 3300만 달러...2Q 배당 0.25달러로 인하 예고",2026-02-25 07:02:09,domestic_bond
환율,"알콘, 2025년 매출 103억 달러·EPS 2.11달러 달성",2026-02-25 07:10:10,real_assets
기준금리,"선 커뮤니티즈, 4분기 EPS 흑자전환·배당 8% 인상",2026-02-25 07:12:20,domestic_bond
기준금리,"CNX 리소시즈, 2029년 만기 선순위 사채 4억2천만 달러 인수 완료",2026-02-25 07:16:10,domestic_bond
기준금리,"윈덤 호텔 앤 리조트, 6억5000만 달러 규모 선순위 채권 발행",2026-02-25 07:16:40,domestic_bond
기준금리,"뱅크 오브 마린 뱅코프, 4분기 매출 67% 급증·EPS 흑자전환",2026-02-25 07:19:40,domestic_bond
원유,"도체스터 미네랄스, 2025년 순이익 38% 급감·EPS 1.16달러",2026-02-25 07:23:51,real_assets
환율,"인터 파퓸스, 4분기 매출 3억8600만 달러..전년비 7% 증가",2026-02-25 07:25:11,real_assets
원유,"석유화학, 어쩌면 새드엔딩",2026-02-25 08:27:12,real_assets
국제유가,"삼성E&A, 유가 의존 벗어난 사업구조 재편에 투자가치 쑥""...목표가↑",2026-02-25 08:31:12,real_assets
환율,"한국카본, 4분기 실적 시장 전망치 상회""...목표가↑",2026-02-25 08:34:48,real_assets
국채,"한투운용 ""ACE 글로벌반도체TOP4 Plus"" ETF, 순자산액 1조 돌파",2026-02-25 08:47:36,domestic_bond
달러강세,"비트코인 4년 주기 80% 대폭락장 없다""...피델리티, ""장기적 우상향 자산",2026-02-25 08:49:42,real_assets
기준금리,"IMF 외환위기 때 보다 더 심해""...은행권 장기 정기예금 역대급 줄어 왜?",2026-02-25 08:50:47,domestic_bond
달러강세,앤트로픽 협력 발표에 투매 멈춰...3대 지수 동반 상승,2026-02-25 08:53:51,real_assets
기준금리,"증시 뜨거운데 아직도 거기 있으면 어떡해""...2년 이상 예금 최대폭 감소",2026-02-25 08:56:05,domestic_bond
달러강세,"꿈의 6천피"" 시대 열렸다...코스피, 장중 사상 첫 6000 돌파",2026-02-25 09:02:25,real_assets
국채,"주말·새벽에도 펀드 사고판다...위즈덤트리, 美 SEC ""24시간 토큰화 MMF"" 첫 승인",2026-02-25 09:52:58,domestic_bond
환율,"경동나비엔, 북미 HVAC 신시장 선점 및 하반기 실적 가시화 등에 주가 상승세... MK시그널 추천 후 상승률 20.06% 기록",2026-02-25 10:31:36,real_assets
달러강세,"삼성E&A, 증권사 목표가 상향에 강세...3.84%",2026-02-25 10:55:12,real_assets
국제유가,"TSMC, 美 ""시총 2조 클럽"" 진입... 아시아 기업 최초",2026-02-25 11:02:26,real_assets
기준금리,"대출금리 또 올랐는데""...내일부터 은행 줄 안서도 이자 깎아주는 ""이것",2026-02-25 12:52:13,domestic_bond
기준금리,"하나오피스리츠, 증권신고서 효력 발생... 본격 공모 돌입",2026-02-25 13:26:33,domestic_bond
기준금리,"프랭클린템플턴 ""한국 증시 재평가 국면...기업의 행동 변화 동반돼야",2026-02-25 14:41:49,domestic_bond
기준금리,"신용대출 1억 조기상환 수수료, 어딘지 따라 최대 200만원 차이",2026-02-25 14:55:54,domestic_bond
환율,"공항은 북적, 지갑은 해외로?...관광수지 3년 연속 14조원 적자",2026-02-25 15:13:11,real_assets
기준금리,"연일 상승하며 신고가 썼던 은행·보험주...""숨고르기"" 들어가나",2026-02-25 16:16:12,domestic_bond
환율,"코스피, 사상 첫 ""6000피"" 개막...5000피 이후 18거래일 만에 ""새 역사",2026-02-25 16:37:52,real_assets
기준금리,"정부, 채권시장 안정화 위해 1분기 발행량 줄인다",2026-02-25 16:53:38,domestic_bond
기준금리,"LS전선, 공모채 수요예측서 목표액 8배 넘는 자금 모아",2026-02-25 17:32:29,domestic_bond
환율,외국환율고시표,2026-02-25 17:34:27,real_assets
기준금리,금리 인상에 제동 건 다카이치 日銀 새 위원에 비둘기파 지명,2026-02-25 17:48:24,domestic_bond
채권금리,공공채 발행 급증에... 회사채 금리 역전 심화,2026-02-25 17:58:19,domestic_bond
국채,개인·기관 해외투자잔액 1.3조달러로 사상 최대,2026-02-25 18:02:10,domestic_bond
기준금리,반도체가 끌고 밸류업이 밀고... 李정부서 125% 수직상승 '불스피,2026-02-25 18:04:14,domestic_bond
기준금리,"상여금 300%+700만원""에 ""1시간 조기퇴근""은 덤...이 금융사 직원 부럽네",2026-02-25 19:38:17,domestic_bond
기준금리,"플러싱 파이낸셜, 119회 연속 분기배당 0.22달러 선언",2026-02-25 20:03:42,domestic_bond
기준금리,"WESCO 인터내셔널, 13억 달러 선순위 채권 발행·고금리 채무 상환",2026-02-25 20:05:10,domestic_bond
원유,"탈로스 에너지, 4분기 매출 3억9224만 달러·순손실 2억258만 달러",2026-02-25 20:06:43,real_assets
기준금리,"블랙스톤 시큐어 렌딩 펀드, 4Q 주당순투자소득 0.80달러...배당 완전 커버·자사주 2.5억 달러 승인",2026-02-25 20:18:04,domestic_bond
환율,"오웬스 코닝, 4분기 매출 21억 달러·EPS 적자전환...도어 손상차손 직격",2026-02-25 20:37:04,real_assets
기준금리,"스타우드 프로퍼티 트러스트, 4분기 EPS 0.26달러·127억 투자 역대 2위",2026-02-25 20:57:35,domestic_bond
기준금리,"자본 선진화 정책 ""땡큐"" 금융지주 시총 추월...증권주 ""뜨거운 계절",2026-02-25 21:00:00,domestic_bond
채권금리,사상 최대 실적에도 웃지 못하는 풀무원 왜?,2026-02-25 21:00:00,domestic_bond
기준금리,"그레이엄 홀딩스, 4분기 매출 12억5100만 달러·영업익 34% 급감",2026-02-25 22:35:38,domestic_bond
달러강세,"알코아, 알루미늄 강세 속 자산 매각·스페인 운영 확대로 2026년 전환점 기대",2026-02-26 01:31:15,real_assets
기준금리,"UWM홀딩스, 4분기 깜짝 실적에도 연간 순이익 감소·불투명한 전망에 급락",2026-02-26 01:51:15,domestic_bond
기준금리,"크레센트 캐피탈 비디씨, 4분기 NII 주당 0.45달러·NAV 19.10달러 소폭 하락",2026-02-26 04:04:55,domestic_bond
기준금리,"선 커뮤니티즈, 4Q 코어 FFO 주당 1.40달러..NOI 7.9% 성장",2026-02-26 05:57:56,domestic_bond
달러강세,"알카미 테크놀러지, 4분기 매출 34.7% 증가·1억2080만 달러 달성",2026-02-26 06:17:35,real_assets
원유,HD현대·롯데케미칼 5대5 통폐합...에틸렌 생산 110만t 줄인다,2026-02-26 07:10:20,real_assets
기준금리,"애쉬포드 호스피탈러티, 4분기 매출 2억6천만 달러·EPS -12.33달러 부진",2026-02-26 07:19:29,domestic_bond
채권금리,"UMH 프로퍼티즈, 2025년 매출 9% 증가·FFO 15% 성장",2026-02-26 07:24:10,domestic_bond
국채,"아르마다 애퀴지션 I, 2485만 달러 SPAC 공모 완료...FinTech·AI 인수 타깃",2026-02-26 07:27:11,domestic_bond
달러강세,"너드월렛, 4분기 매출 2억2540만 달러·전년비 23% 성장",2026-02-26 07:28:51,real_assets
채권금리,"미드 아메리카 아파트 커뮤니티, 2억 달러 선순위 무담보채권 발행",2026-02-26 07:31:01,domestic_bond
원유,"베이텍스 에너지, 2025년 연간 실적 3월 4일 발표 예정",2026-02-26 07:39:32,real_assets
원유,"페데브코, 합병 후 확정 매장량 3212만 배럴·PV-10 3억5800만 달러",2026-02-26 07:40:52,real_assets
금값,"125억 책상에 쌓아두고 ""센 만큼 가져가라""...성과급 대박난 ""이 회사",2026-02-26 08:23:14,real_assets
달러강세,"젠슨황 형님이 살려주실거야""...반토막 비트코인, 7만달러 탈환시동",2026-02-26 08:36:42,real_assets
국채,"400조원 삼킨 ""달러 스테이블코인""...""아날로그"" 일본 보다 뒤쳐진 한국",2026-02-26 08:37:03,domestic_bond
기준금리,"금통위, 오늘 기준금리 결정...성장률 올리고 금리 6연속 ""동결"" 무게",2026-02-26 08:38:44,domestic_bond
국채,"크립토 겨울"" 뚫은 서클...깜짝 실적에 35% ""불기둥",2026-02-26 08:47:43,domestic_bond
기준금리,엔비디아 실적 발표 앞두고 강세 마감...나스닥 1.26%↑,2026-02-26 08:56:13,domestic_bond
환율,"국민연금 해외투자, 환율 충격 완화장치 마련된다...""외환시장 영향 최소화",2026-02-26 09:00:49,real_assets
환율,"코스피, 6200선도 코앞...개인 매수세 주도",2026-02-26 09:47:59,real_assets
기준금리,"한은 금통위, 기준금리 연 2.5%...6연속 동결",2026-02-26 09:50:29,domestic_bond
달러강세,"떨어질 만큼 떨어졌나...비트코인, 이더리움 등 주요 디지털 자산 일제히 랠리",2026-02-26 10:05:39,real_assets
달러강세,21만7500원·106만2000원...엔비디아 훈풍에 삼전·닉스 장중 신고가,2026-02-26 10:05:59,real_assets
원유,"코어 래버러토리즈 매도신호 포착, 수익률 48.1% 달성",2026-02-26 10:10:17,real_assets
환율,"내가 진짜 AI 비서""...27일부터 ""갤럭시 S26"" 사전판매",2026-02-26 10:43:10,real_assets
국채,"하루 만에 35% 불기둥 ""서클""...""가상화폐 침체 뚫었다",2026-02-26 10:49:32,domestic_bond
기준금리,"한은, 기준금리 연 2.5% 6연속 동결...성장률 전망치 2%로 상향",2026-02-26 10:50:12,domestic_bond
환율,"삼정KPMG ""아태 지역 PE 시장 반등 조짐",2026-02-26 11:20:58,real_assets
환율,"국경 넘는 코인 2.5조달러...자본시장연구원 ""한국, 낡은 외환 모니터링 체계 재검토",2026-02-26 11:24:14,real_assets
기준금리,"한은 총재 ""주식시장 변동성 취약...중앙은행으로서 유심히 볼 것",2026-02-26 13:33:09,domestic_bond
국제유가,"소외주의 반란 시작된다""...화학주 주목하는 증권가",2026-02-26 14:56:31,real_assets
달러강세,"2.1조 차익실현? 우습지""...코스피, ""6천피"" 하루 만에 6300 돌파 마감",2026-02-26 15:26:50,real_assets
환율,"올해 경제성장은 반도체가 큰 역할""...한국은행이 내다본 전망은",2026-02-26 15:48:44,real_assets
달러강세,"엔화 약세·美 증시 훈풍에...닛케이, 사상 첫 5만9000선 돌파",2026-02-26 16:04:13,real_assets
기준금리,"고물가엔 맞춤형 한 끼가 답""...한솥도시락, 식(食)유형별 메뉴 전략 ""눈길",2026-02-26 16:12:55,domestic_bond
기준금리,"기준금리 그대로인데, 주담대 금리 왜 오르는거야?""...한은 금리동결에도 영끌족 한숨",2026-02-26 16:16:59,domestic_bond
환율,"노태문 ""AI의 경쟁무대는 결국 디바이스",2026-02-26 17:12:10,real_assets
기준금리,올 성장 전망 상향 조정했는데도 2.0%...심각한 주가·실물 괴리,2026-02-26 17:17:36,domestic_bond
달러강세,불스피에 국민연금 두달새 127조 벌었다...삼성전자 시총 1조달러 육박,2026-02-26 17:28:14,real_assets
원유,"美, F-22 전진배치 '위협'... 이란, 석유 개발권으로 '달래기",2026-02-26 17:31:08,real_assets
기준금리,한은 K점도표 공개...8월까지 금리동결 무게,2026-02-26 17:53:05,domestic_bond
환율,외국환율고시표,2026-02-26 17:53:06,real_assets
기준금리,"올 성장률 1.8→2%... 한은, 기준금리 6연속 동결",2026-02-26 18:06:20,domestic_bond
달러강세,불스피' 덕에... 국민연금 올해 127조 벌어,2026-02-26 18:06:20,real_assets
환율,"타이탄 인터내셔널, 4분기 매출 7% 증가·4억1040만 달러..토목·건설 21%↑",2026-02-26 20:04:07,real_assets
채권금리,"엘링턴 파이낸셜, 4분기 순이익 1467만 달러·전분기比 50% 감소",2026-02-26 20:06:07,domestic_bond
달러강세,"클리어 채널 아웃도어 홀딩스, 4분기 매출 4.6억달러·8.2%↑..공항부문 13.7% 급증",2026-02-26 20:07:38,real_assets
환율,"TSMC, 4분기 순이익 47% 급증··· 2026년 매출 30% 성장 전망",2026-02-26 20:09:38,real_assets
기준금리,"포트리아 홀딩스, 4분기 매출 6억6050만 달러로 5.2% 감소",2026-02-26 20:11:09,domestic_bond
환율,"아쿠쉬네트 홀딩스, 4분기 매출 4억7,720만 달러..3,490만 달러 적자 전환",2026-02-26 20:15:09,real_assets
달러강세,"서타라, 4분기 매출 1억360만 달러..순손실 590만 달러 전환",2026-02-26 20:25:52,real_assets
원유,"하프니아, 4분기 순이익 1억970만 달러..전년비 38% 증가",2026-02-26 20:28:52,real_assets
환율,"페리고, 4분기 조정 EPS 0.77달러..전년비 17% 감소",2026-02-26 20:39:53,real_assets
달러강세,"유나이티드 파크 앤 리조트, 4분기 매출 3억7350만 달러..전년비 2.8% 감소",2026-02-26 20:48:07,real_assets
환율,"누가 뭐라든 승진은 싫다...""리더 포비아",2026-02-26 21:00:00,real_assets
달러강세,"인터내셔널 시웨이스, 4분기 순이익 1억2750만 달러..전년比 흑자전환",2026-02-26 21:02:17,real_assets
달러강세,"텔레플렉스, 2025년 매출 20억 달러 돌파..전년비 17% 성장",2026-02-26 21:05:24,real_assets
환율,"벤틀리 시스템즈, 4분기 매출 3억9160만 달러·12% 증가",2026-02-26 21:06:55,real_assets
환율,"자이 랩, 4분기 매출 17% 증가한 1억2760만 달러..XACDURO 225% 급증",2026-02-26 21:08:15,real_assets
환율,"테크노글래스, 4분기 매출 2억4530만 달러..EPS 43% 감소",2026-02-26 21:10:46,real_assets
환율,"J.M. 스머커, 3분기 매출 23억 달러..전년비 7% 증가",2026-02-26 21:11:16,real_assets
원유,"킴벨 로열티 파트너스, 4분기 매출 7,652만 달러..전년비 10% 증가",2026-02-26 21:14:03,real_assets
달러강세,"세니에르 에너지, 4Q 순이익 23억 달러..전년비 136% 급증",2026-02-26 21:34:04,real_assets
달러강세,"린드블래드 엑스퍼디션즈 홀딩스, 2025년 매출 20% 성장·7억7100만 달러 달성",2026-02-26 21:39:16,real_assets
달러강세,"지브랄타 인더스트리즈, 4분기 매출 16% 증가에도 조정 EPS 15% 감소",2026-02-26 21:42:17,real_assets
채권금리,"마타도르 리소시즈, 7억5000만 달러 선순위 채권 발행..2028년 만기 채권 상환",2026-02-26 21:50:47,domestic_bond
채권금리,"스노코, 10억 달러 선순위 채권 발행..기존 채무 재구조화",2026-02-26 22:12:53,domestic_bond
기준금리,"MVB 파이낸셜, 2000만 달러 회전신용한도 확보",2026-02-26 22:19:54,domestic_bond
채권금리,"CACI 인터내셔널, ARKA Group 인수 위해 5억 달러 선순위채권 발행",2026-02-26 22:20:24,domestic_bond
기준금리,"시리우스 XM 홀딩스, 10억 달러 규모 2032년 만기 선순위 담보부 채권 발행",2026-02-26 22:26:27,domestic_bond
기준금리,"이쿼티 라이프스타일 프로퍼티즈, 2025년 보정 FFO 5% 증가·배당 5.3% 인상",2026-02-26 22:58:03,domestic_bond
기준금리,"허드슨 퍼시픽 프로퍼티즈, 4분기 매출 2억5600만 달러..전년비 22% 증가",2026-02-26 23:02:44,domestic_bond
기준금리,"ING 그룹, 2025년 연간보고서 공시..ESG 등급 AAA로 상향",2026-02-26 23:33:56,domestic_bond
달러강세,"칼라일그룹, 20억 달러 자사주 매입·3개년 성장 목표 발표에 강세",2026-02-26 23:55:07,real_assets
달러강세,"세니에르에너지, 4분기 순이익 136% 급증...자사주 매입 한도 100억 달러 이상 확대",2026-02-27 00:42:30,real_assets
원유,"아파치, 4분기 EPS 예상치 30% 초과...원유 생산 가이던스도 상향",2026-02-27 01:21:11,real_assets
환율,"스텔란티스, 2025년 223억 유로 순손실·매출 2% 감소",2026-02-27 02:09:02,real_assets
기준금리,"인터내셔널 뱅크쉐어, 2025년 순이익 4억1230만 달러·EPS 6.62달러 기록",2026-02-27 03:01:53,domestic_bond
달러강세,"이타우 유니방코 홀딩스, 2025년 순이익 448억 헤알..전년비 9.2% 증가",2026-02-27 04:20:29,real_assets
달러강세,"유나이티드파크앤리조트, 1인당 지출 신기록·2026년 실적 성장 전망에 강세",2026-02-27 05:21:10,real_assets
달러강세,"NPK 인터내셔널, 4분기 매출 2억7700만 달러..전년비 31% 증가",2026-02-27 06:07:21,real_assets
기준금리,"TFS 파이낸셜, 주당 0.28달러 분기 배당 선언..3월 25일 지급",2026-02-27 06:08:41,domestic_bond
환율,"옵코 헬스, 4분기 매출 1억4850만 달러..전년비 19% 감소",2026-02-27 06:16:08,real_assets
국채,"TORM, 임직원에 136만주 RSU 부여..1,090만 달러 규모",2026-02-27 06:17:08,domestic_bond
환율,"쿠팡, 4분기 매출 12조8103억원...전년 동기보다 11% 성장",2026-02-27 06:18:45,real_assets
환율,"쿠팡, 4분기 매출 88억 달러로 11% 성장..순손실 2600만 달러 기록",2026-02-27 06:19:19,real_assets
환율,"퍼브매틱, 4분기 매출 8005만 달러..전년비 6% 감소",2026-02-27 06:21:09,real_assets
환율,"글로반트, 4분기 EPS 0.93달러로 9.4% 증가..연간 FCF 사상 최대",2026-02-27 06:22:00,real_assets
달러강세,"브레마 호텔&리조트, 4Q 순손실 4600만 달러..전년비 적자 지속",2026-02-27 06:22:40,real_assets
환율,"넥사 리소시즈, 2025년 매출 30억 달러·영업이익 80% 급증",2026-02-27 06:23:20,real_assets
환율,"몬스터 베버리지, 4분기 매출 18% 증가한 21억 달러..순이익 66% 급증",2026-02-27 06:28:50,real_assets
환율,"쿠팡, 49조원 연매출로 ""사상 최대""...""유출사고"" 4분기 영업이익은 97% 급감",2026-02-27 06:29:19,real_assets
기준금리,"글로벌 넷 리스, 4분기 EPS 0.22달러·연간 AFFO 가이던스 상단 달성",2026-02-27 06:35:31,domestic_bond
환율,"어슈어드 개런티, 2025년 순이익 5억 달러·EPS 49% 증가",2026-02-27 06:36:52,real_assets
환율,"사이텍 바이오사이언시스, 4분기 매출 6210만 달러로 8% 증가..주당 0.34달러 적자 전환",2026-02-27 06:39:12,real_assets
환율,"암파스타 파마슈티컬스, 4분기 매출 1억8310만 달러..전년비 2%↓",2026-02-27 06:41:43,real_assets
기준금리,"미드캡 파이낸셜 인베스트먼트, 4분기 주당순투자소득 0.39달러..NAV는 3.3%↓",2026-02-27 06:49:17,domestic_bond
채권금리,"케무어스, 6억 달러 규모 2034년 만기 선순위 채권 발행 계획",2026-02-27 06:57:59,domestic_bond
달러강세,"클리퍼 리얼티, 4분기 순손실 1130만 달러..적자폭 10배 확대",2026-02-27 06:58:49,real_assets
환율,"정보 유출 악재에 성장세 꺾였나...쿠팡Inc, 4분기 영업익 97% ""뚝",2026-02-27 07:03:51,real_assets
환율,"뉴마켓, 분기 배당 주당 3달러로 인상··4월 1일 지급",2026-02-27 07:06:50,real_assets
원유,"옵시디안 에너지, 자사주 645만주 매입 프로그램 승인",2026-02-27 07:07:40,real_assets
환율,"베터웨어 드 멕시코, 4분기 EBITDA 42% 급증·마진 19% 달성",2026-02-27 07:17:00,real_assets
원유,"코테라 에너지, 4분기 순이익 28% 급증..델라웨어 합병 시너지 10억 달러 목표",2026-02-27 07:19:00,real_assets
달러강세,"유로나브, 4분기 순이익 9010만 달러..EBITDA 78% 급증",2026-02-27 07:24:00,real_assets
기준금리,"로켓 컴퍼니즈, 4분기 조정 매출 24억4000만 달러로 가이던스 상회",2026-02-27 07:24:10,domestic_bond
기준금리,"CNX 리소시즈, 5억 달러 규모 2034년 만기 선순위 채권 발행 완료",2026-02-27 07:26:20,domestic_bond
기준금리,"FTAI 인프라스트럭쳐, 4분기 조정 EBITDA 8020만 달러..전년비 66% 급증",2026-02-27 07:31:51,domestic_bond
환율,갤럭시S26 사면 AI에이전트 따라온다...택시호출·음식배달 한방에 끝,2026-02-27 07:40:20,real_assets
기준금리,"주식·부동산 돈벼락 맞는데 왜 나만?""...현 시스템에선 그게 당연하다는 경제학자",2026-02-27 08:00:00,domestic_bond
환율,"쿠팡 김범석, 정보 유출 첫 사과...""고객 심려 끼쳐 사과, 기대에 부응",2026-02-27 08:57:09,real_assets
환율,"AI가 상담부터 해결까지 한번에""...KT, 자율형 인공지능 콘택트 센터 첫선",2026-02-27 09:57:53,real_assets
기준금리,2026년 위기를 기회로 바꾸는 기업의 선택,2026-02-27 10:11:26,domestic_bond
기준금리,"국민연금 ""갓스피 덕에 231조 벌었습니다""...年수익률 18.8% 역대최고",2026-02-27 10:42:39,domestic_bond
기준금리,"작년 한해에 231조6000억 벌었어요""...국민연금 수익률 18.8% ""역대 최고",2026-02-27 11:01:24,domestic_bond
기준금리,주택담보대출 금리 떨어졌다...3년만에 최저수준 기록한 미국,2026-02-27 11:12:23,domestic_bond
달러강세,"현대차, ""지금이 가장 싼 이유: 피지컬 AI 가치 재평가"" 증권사 발표에 강세",2026-02-27 13:20:57,real_assets
기준금리,"임대료·인건비만 생각하면 낭패...소자본 창업의 성패는 ""변동비 통제""에 달렸다",2026-02-27 13:32:58,domestic_bond
원유,"HD한국조선해양, 컨테이너선 6척 수주",2026-02-27 13:56:39,real_assets
기준금리,"소공연, ""일하는 사람 기본법"" 반대 대국민 서명운동 돌입",2026-02-27 14:35:10,domestic_bond
달러강세,선박·정밀화학 수출 효자로...중견기업 수출 증가 품목 살펴보니,2026-02-27 14:37:17,real_assets
환율,"Interview | 원화 스테이블 코인의 미래는? ""증명(Proof) 없이는 아무도 믿지 않는다",2026-02-27 14:58:41,real_assets
기준금리,"여기가 ""금리 맛집""이었네""...예금금리 경쟁 인뱅, 내게 맞는 상품은?",2026-02-27 15:02:13,domestic_bond
기준금리,"발품 넘어 ""AI품""...달라진 N잡러의 세계",2026-02-27 15:26:33,domestic_bond
환율,해외 식품 매출 역대 최대라지만...K푸드 열풍에도 웃지 못하는 CJ제일제당,2026-02-27 15:27:05,real_assets
기준금리,대형마트·편의점 우울한데...역대급 불황에도 백화점은 웃었다,2026-02-27 15:27:26,domestic_bond
환율,"5년 새 매출 4배로...K뷰티 ""킹메이커"" 어디?",2026-02-27 15:28:08,real_assets
환율,코스피 활황에 농특세 2배...1월 6000억 전년比 2배,2026-02-27 15:40:25,real_assets
금값,"인류사의 ""잇템"" 은(銀)...세계 최대 은 생산 기업이 국내에?",2026-02-27 16:50:32,real_assets
환율,외국환율고시표,2026-02-27 17:48:27,real_assets
금값,"고작 6300원에 순금 살 수 있다고?"" 젊은이들 몰렸다...중국인들 금 엄청 좋아하네",2026-02-27 18:22:22,real_assets
환율,"아우라 미네랄스, 주당 0.66달러 배당 선언..배당수익률 6.2%",2026-02-27 20:06:56,real_assets
채권금리,"스노코, 12억 달러 선순위 채권 증액 발행..고금리 부채 상환 추진",2026-02-27 20:10:07,domestic_bond
원유,"마타도르 리소시즈, 7억5000만 달러 규모 2034년 만기 채권 발행",2026-02-27 20:19:17,real_assets
원유,"델렉 로지스틱 파트너스 LP, 4분기 순이익 4730만 달러..전년비 34% 증가",2026-02-27 20:34:37,real_assets
원유,"델렉 US 홀딩스, 4분기 조정 EBITDA 3.7억 달러..흑자전환 성공",2026-02-27 20:34:47,real_assets
달러강세,"인테스트, 4분기 매출 3282만 달러..전년비 10% 감소",2026-02-27 20:41:58,real_assets
환율,"도세보, 4분기 매출액 6,303만 달러·전년비 10.5%↑",2026-02-27 21:01:20,real_assets
달러강세,"인데버 실버, 4분기 매출 1억7260만 달러..전년비 709% 급증",2026-02-27 21:02:40,real_assets
달러강세,"글로벌 파트너스, 4분기 매출 46억 달러..전년比 11% 증가",2026-02-27 22:09:32,real_assets
채권금리,"칼루멧 스페셜티 프로덕츠 파트너스, 2025년 적자폭 85% 축소·EBITDA 30% 급증",2026-02-27 22:20:12,domestic_bond
채권금리,"시리우스 XM 홀딩스, 12억5000만 달러 선순위 채권 발행",2026-02-27 22:32:33,domestic_bond
채권금리,"아보 리얼티 트러스트, 4분기 EPS 0.07달러..전년比 78% 급감",2026-02-27 22:47:14,domestic_bond
원유,"선코에너지, 최대 1억1870만주 자사주 매입 프로그램 재개",2026-02-28 01:18:56,real_assets
달러강세,"브레마 호텔&리조트, 4Q 매출 1.8% 증가·주당순손실 0.67달러 적자",2026-02-28 02:35:57,real_assets
채권금리,"케무어스, 6억 달러 채권 발행으로 고금리 부채 조기 상환...EPS 40% 급증 전망",2026-02-28 05:30:42,domestic_bond
기준금리,"트라이엄프 뱅코프, 시리즈C 우선주 배당 주당 17.81달러 지급",2026-02-28 06:17:44,domestic_bond
기준금리,"미드 아메리카 아파트 커뮤니티, 2026년 Core FFO 주당 8.53달러 가이던스 제시",2026-02-28 06:22:04,domestic_bond
환율,"월풀, 8억 달러 규모 공모로 부채 감축 및 자동화 투자 추진",2026-02-28 06:35:55,real_assets
달러강세,"FTI 컨설팅, 4분기 매출 9억9070만 달러·EPS 1.78달러로 두자릿수 성장",2026-02-28 06:41:06,real_assets
환율,"차트 인더스트리즈, 4분기 매출 10억8000만 달러·EPS 1.01달러 기록",2026-02-28 06:54:10,real_assets
환율,"내 집 마련 쉽지 않네""...전국 분양가 ""평당 2천만원"" 돌파했다",2026-02-28 08:56:24,real_assets
환율,"코스닥 랠리 올라타고 싶다면...여의도서 강추하는 ""이 종목",2026-02-28 09:00:00,real_assets
국채,"미국 도매물가에 급등 후 반락""...원·달러 환율, 1440원 마감",2026-02-28 09:18:14,domestic_bond
국제유가,"기름값 다시 꿈틀...휘발유 ℓ당 1700만원 눈앞, 경유도 오름세 지속",2026-02-28 10:10:39,real_assets
달러강세,"20% 웃돈 주더라도 삼전·닉스 사고 싶어""...대륙 개미들 ""바이 코리아"" 열풍",2026-02-28 13:53:05,real_assets
국제유가,"무역협회 ""한국 단기적 수출 영향 제한적",2026-02-28 19:58:10,real_assets
원유,"산업부, 에너지 수급 긴급 점검...""수급 위기 대응력 충분",2026-02-28 20:54:58,real_assets
국제유가,"산업부 ""LNG선 운항 특이사항 없어...일부 유조선 호르무즈 해협 통과 예정",2026-02-28 20:56:30,real_assets
국채,AI가 인플레 구원?...FOMC 합의는?,2026-02-28 21:00:00,domestic_bond
원유,"100년전 ""친구"" 美·이란...이슬람혁명 이후 ""적",2026-02-28 22:02:00,real_assets
국제유가,"월요일이 두렵다"" 美 패닉셀 벌어지나...이란 공습에 요동",2026-02-28 23:10:53,real_assets
국제유가,중간선거 승부수? 자충수?...트럼프 또다시 전쟁 도박,2026-03-01 00:24:11,real_assets
국제유가,"이란, 호르무즈 해협 봉쇄...유가 100달러 현실로?",2026-03-01 01:28:11,real_assets
원유,"미국의 이란 공격...글로벌 시장 충격에 ""코스피"" 변동성도 커지나",2026-03-01 06:50:59,real_assets
WTI,"하메네이 후계자 유력 라리자니...""미국·이스라엘 후회하게 만들것",2026-03-01 09:14:00,real_assets
국제유가,"하메네이 후계자 유력 라리자니...""미국·이스라엘 후회하게 만들것",2026-03-01 09:14:21,real_assets
기준금리,"확장재정 세상에서 ""2% 물가 목표제""...그 골대 과연 괜찮을까",2026-03-01 09:43:21,domestic_bond
금값,미국-이란 지정학적 갈등 고조...금값 한 달만 5200불선 회복,2026-03-01 10:12:46,real_assets
기준금리,"3.8조달러 묶인 글로벌 VC, AI·크립토 ""옥석 가리기"" 본격화",2026-03-01 10:50:04,domestic_bond
환율,"차바이오텍, 2025년 매출 1조2683억원...전년比 21% 성장",2026-03-01 10:54:24,real_assets
국제유가,"미국 이란 공격에 국내 산업계 긴장 최고조...해운·정유·항공, 대응 고심",2026-03-01 10:59:18,real_assets
국제유가,"개장일이 두려워요""...확전 우려에 각국 금융시장 ""공포",2026-03-01 11:14:03,real_assets
기준금리,"미국투자이민 벙커힐 공공 인프라 2차, 잔여 13세대...투자자 관심 집중",2026-03-01 14:00:00,domestic_bond
원유,"이란과 절친"" 중국, 미국 공격에 입다문 이유...군사력 확인하고 놀랐나?",2026-03-01 15:34:52,real_assets
환율,"국힘 지지율 바닥인데 한동훈 출마에 오세훈 컷오프까지 가나··· ""8년 전 지선 보다 훨씬 심각해",2026-03-01 16:25:48,real_assets
환율,외국환율고시표,2026-03-01 17:26:42,real_assets
국제유가,美 이란 공습에 중동전쟁 확산... 경제·안보 물 샐 틈 없는 관리를,2026-03-01 17:37:13,real_assets
원유,하메네이 사망... 美공습에 37년 이란 철권통치 끝,2026-03-01 17:53:15,real_assets
국제유가,하메네이 사망에 비트코인 반등... 금값도 요동,2026-03-01 17:55:06,real_assets
국제유가,韓 원유 70% 중동에 의존... 호르무즈 해협 봉쇄에 유가 초비상,2026-03-01 17:55:07,real_assets
원유,유가·환율 '이중고' 韓기업 중동 주재원 안전 확보 총력,2026-03-01 17:55:07,real_assets
원유,하메네이 사망...하루 공습에 37년 철권통치 끝났다,2026-03-01 18:32:49,real_assets
국제유가,호르무즈 해협 봉쇄에 유가 초비상...韓 원유 70% 중동에 의존,2026-03-01 19:58:51,real_assets
국제유가,하메네이 사망에 비트코인 반등·금값 요동...원화값 급락 전망도,2026-03-01 21:37:31,real_assets
원유,"이란 봉쇄"" 호르무즈해협서 선박 잇단 피격 침몰...해협 150척 선박 정박",2026-03-01 22:44:06,real_assets
국제유가,"호르무즈해협서 선박 피습, 홍해까지 불똥...유가폭등 우려",2026-03-02 05:25:45,real_assets
금값,"킬로당 6천만원, 부르는게 값""...귀하신 몸 ""메모리"" 뜬 인천공항 가보니",2026-03-02 08:42:17,real_assets
환율,"지난달 ""불장"" 속 코스피 거래대금 사상 최대...30조원 돌파",2026-03-02 09:58:52,real_assets
국제유가,"잠이 안 와요""...美 이란 공습에 비트코인·금값 출렁",2026-03-02 10:16:12,real_assets
WTI,"하루 더 쉬어가는 코스피 좀 나을까?""...전쟁 발발 후 열린 美증시 1% 하락",2026-03-02 10:24:00,real_assets
국제유가,"하루 더 쉬어가는 코스피 좀 나을까?""...전쟁 발발 후 열린 美증시 1% 하락",2026-03-02 10:24:34,real_assets
국제유가,"중동 전운에 외환시장 ""비상""...원달러 환율 1500원 돌파할까",2026-03-02 10:42:41,real_assets
국제유가,"4대 금융지주, 중동 리스크에 일제히 비상체계 가동",2026-03-02 10:53:18,real_assets
기준금리,"7.0% 6.9% 6.8%...은행권 신용대출 금리 상한선 ""0.1%P의 전쟁",2026-03-02 11:26:33,domestic_bond
원유,"한국은 그나마 나은 편...""중동원유 96%"" 호르무즈 봉쇄에 일본, 초비상",2026-03-02 13:37:05,real_assets
국채,"유진투자증권, 글로벌 리서치 역량 기반 국내외 균형 있는 가치투자",2026-03-02 16:03:45,domestic_bond
국채,"키움증권, 알고리즘 활용 시장추세 따라 채권·주식 비중 조절",2026-03-02 16:03:46,domestic_bond
채권금리,"대신증권, 주로 AA- 등급 이상 만기 1년 이내 채권 집중",2026-03-02 16:04:22,domestic_bond
기준금리,"하나증권, 은행 파킹통장처럼 언제든 자유롭게 입출금",2026-03-02 16:04:23,domestic_bond
국채,"코스피 6천피 '독주'... ""꽉 잡아라 더 달린다",2026-03-02 16:05:13,domestic_bond
국채,금융ETF·건설자재株... 월가 큰손은 가치株 사모으는 중,2026-03-02 16:38:21,domestic_bond
환율,집값과의 전쟁에 등터진 사람들,2026-03-02 16:45:19,real_assets
WTI,유조선 피격·유가 급등... 실물 경기 충격 대비할 때,2026-03-02 16:57:22,real_assets
국채,명분·실리 모두 잃은 트럼프의 '관세폭탄,2026-03-02 17:05:59,domestic_bond
채권금리,금융권 '이란전쟁' 피해기업 대출연장,2026-03-02 17:24:18,domestic_bond
환율,외국환율고시표,2026-03-02 17:24:19,real_assets
국제유가,"중동전쟁 파장 철저히 대비""... 모든 靑직원 연휴에도 비상근무",2026-03-02 17:39:26,real_assets
원유,중동 '허브공항' 속속 폐쇄... 유럽출장·물류대란 비상,2026-03-02 17:39:26,real_assets
달러강세,미국서 S&P보다 인기 많은 '코리아ETF,2026-03-02 17:39:37,real_assets
국제유가,"정부 ""7개월치 석유비축""...유가 100달러가 1차 마지노선",2026-03-02 17:40:30,real_assets
국채,"달러당 1500원 갈수도""...원화값 약세 전환",2026-03-02 17:46:50,domestic_bond
국제유가,커지는 오일쇼크 공포... 상승랠리 달리던 韓증시 '최대 암초,2026-03-02 17:46:51,real_assets
WTI,유가 치솟고 亞증시 불안...'살얼음' 코스피,2026-03-02 17:47:59,real_assets
달러강세,"미드캡파이낸셜, 1억 달러 자사주 매입 승인에 강세",2026-03-02 18:31:00,real_assets
원유,이란 공습發 중동 항로 마비·유가 급등...델타항공 직격탄,2026-03-02 19:20:40,real_assets
기준금리,"TPG RE 파이낸스 트러스트, 4분기 배당 0.24달러·연간 0.96달러 확정",2026-03-02 20:03:51,domestic_bond
원유,"오케아니스 에코 탱커스, 4분기 배당 주당 1.55달러..3월 2일 배당락",2026-03-02 20:12:42,real_assets
원유,"토털에너지스, 쿠웨이트 석유공사와 탐사 기술협력 MoU 체결",2026-03-02 20:14:52,real_assets
원유,"김민석 총리 ""국민안전 최우선... 유사시 수송작전 빈틈없이 준비",2026-03-02 20:18:25,real_assets
환율,"슈퍼 하이 인터내셔널 홀딩, 2025년 순이익 3,400만 달러..전년비 56% 증가",2026-03-02 20:21:53,real_assets
원유,"사우디 ""최대 정유시설서 드론 2대 파괴...일부 시설 가동 중단",2026-03-02 20:38:43,real_assets
원유,"코스모스 에너지, 4분기 순손실 3억7천만 달러..생산량 4% 증가",2026-03-02 20:44:05,real_assets
WTI,"유가 치솟고 아시아 증시 불안...""전쟁 암운""에 숨죽인 자산시장",2026-03-02 21:00:45,real_assets
기준금리,"ADT, 4분기 조정 EPS 0.23달러로 15% 증가..연간 자유현금흐름 16% 상승",2026-03-02 21:03:44,domestic_bond
기준금리,"카스피KZ, 4분기 매출 15% 증가·8540억 텐게",2026-03-02 21:06:45,domestic_bond
환율,"실드에어, 4분기 매출 14억1000만 달러..전년비 2.1% 증가",2026-03-02 21:14:06,real_assets
국제유가,"정부 ""원유 석유 208일분 비축...3일 증시 개장 전 관계부처 회의",2026-03-02 21:16:41,real_assets
국제유가,"정부 ""7개월치 석유 비축""...유가 100불 넘으면 경제 비상",2026-03-02 21:21:03,real_assets
기준금리,"화이트홀스 파이낸스, 4분기 순투자수익 660만 달러..전년비 17.5% 감소",2026-03-02 21:33:37,domestic_bond
기준금리,"다이아몬드락 호스피탈러티, 2025년 조정 EBITDA 2억9760만 달러..가이던스 상회",2026-03-02 21:34:47,domestic_bond
채권금리,"유니티 그룹, 4분기 매출 9억1730만 달러..전년비 대폭 증가",2026-03-02 22:14:14,domestic_bond
채권금리,"그레이트 엘름 캐피탈, 5.875% 채권 2천만 달러 조기상환",2026-03-02 22:15:14,domestic_bond
원유,"캘리포니아 리소시즈, 2025년 조정 EBITDAX 12억 달러..2021년 이후 최고",2026-03-02 22:48:10,real_assets
원유,"이란 공습에 靑 비상 대응...위성락 ""모든 분야서 대비",2026-03-02 22:53:36,real_assets
환율,"카메코, 인도와 2.6억달러 규모 우라늄 9년 장기공급 계약",2026-03-03 05:36:55,real_assets
WTI,"이란 ""호르무즈 통과하면 불태울 것""...해협 폐쇄에 유가 급등",2026-03-03 05:45:50,real_assets
원유,"팜파 에너지아, 4분기 순이익 1억6100만 달러..전년비 52% 급증",2026-03-03 05:58:06,real_assets
달러강세,"외국인 셀 코리아, 버티면 되겠네""...ETF 시장선 역대급 매수세 유입",2026-03-03 05:59:22,real_assets
채권금리,"중동 피해기업 대출금리 낮춥니다""...금융권도 비상대응체계 가동",2026-03-03 05:59:54,domestic_bond
원유,"팜파 에너지아, 2025년 매출 20억 달러 달성..영업익 14% 증가",2026-03-03 06:07:11,real_assets
달러강세,"아이하트미디어, 4분기 매출 11억2700만 달러..정치광고 제외 시 7.7%↑",2026-03-03 06:11:12,real_assets
원유,"비테스 에너지, 4분기 조정 EBITDA 3670만 달러..파우더 리버 분지 3500만 달러 인수",2026-03-03 06:12:32,real_assets
달러강세,"브레마 호텔&리조트, 4분기 호텔 EBITDA 3800만 달러..전년비 1.1% 감소",2026-03-03 06:13:35,real_assets
원유,"더 루비콘 프로젝트, NAV 주당 22.88달러..현 주가 94% 할인",2026-03-03 06:19:06,real_assets
기준금리,"파워 솔루션스 인터내셔널, 4분기 매출 1억9120만 달러·33% 증가",2026-03-03 06:19:36,domestic_bond
원유,"크레센트 에너지, 4억 달러 규모 전환사채 발행..2028년 만기 고금리 선순위채 상환",2026-03-03 06:25:31,real_assets
국채,"뱅크 오브 N.T. 버터필드&손, CET1비율 27.6%..전년比 4.1%p 상승",2026-03-03 06:33:22,domestic_bond
기준금리,"OFS 캐피탈, 4분기 순투자수익 주당 0.20달러..순자산가치 9.6% 하락",2026-03-03 06:34:12,domestic_bond
국채,"국장을 왜 하냐"" 묻던 서학개미들...박탈감에 월가 큰손 투자처 봤더니",2026-03-03 06:34:51,domestic_bond
달러강세,"렌딩트리, 4분기 매출 3억2000만 달러..전년비 22% 증가",2026-03-03 06:37:32,real_assets
환율,"투야, 4분기 순이익 97% 급증..영업이익률 흑자 전환",2026-03-03 07:13:20,real_assets
WTI,"뉴욕증시, 이란 사태에도 충격 제한적...유가·천연가스는 급등",2026-03-03 07:19:05,real_assets
원유,"호르무즈 오지 말라, 통과 선박 다 불태우겠다""...경고 날린 이란",2026-03-03 07:43:44,real_assets
달러강세,"중동 전쟁은 물타기 좋은 찬스""...비트코인 3000개 추가매수한 ""고래",2026-03-03 08:31:12,real_assets
국채,"테더, 美 규제 준수 스테이블코인 ""USAT"" 준비금 보고서 첫 공개",2026-03-03 08:34:00,domestic_bond
달러강세,"삼성전자, 릴리 제치고 글로벌 시총 13위...톱 10 가능성은",2026-03-03 08:39:01,real_assets
국제유가,"중동 전운에도 ""선방"" 혼조세...국제유가는 급등",2026-03-03 08:53:51,real_assets
달러강세,"코스피, 미·이란 전쟁에 2%대 급락...장중 6100선 내줘",2026-03-03 09:08:48,real_assets
WTI,"석유 한 방울도 못 빠져나가""...국제 유가 100달러 넘어가나 ""촉각",2026-03-03 09:15:55,real_assets
환율,전쟁 리스크에도 코스피 6100선 회복...20만전자·100만닉스도 사수,2026-03-03 09:32:48,real_assets
WTI,"한국가스공사, ""유가 하락에 따른 자회사 부진, 미수금 회수는 희망적"" 증권사 발표에 강세",2026-03-03 09:50:25,real_assets
달러강세,"LIG넥스원, 증권사 목표가 상향에 강세...29.86%",2026-03-03 09:56:25,real_assets
국제유가,살다살다 이란 미사일 쏜걸 실제로 보게 될 줄이야,2026-03-03 10:00:00,real_assets
환율,"중동 난리에 13.3조 푼다... 금융위 ""가짜뉴스·시세조종 무관용 엄단",2026-03-03 10:01:47,real_assets
국제유가,호르무즈 해협 봉쇄 리스크 현실화되나...산업계 촉각,2026-03-03 10:10:21,real_assets
달러강세,"방공 미사일 수요 몰려든다""...미국 이란 전쟁에 방산주 급등",2026-03-03 10:26:42,real_assets
원유,"기름값 뛰면 어쩌죠""...수출입銀, 중동 사태에 원유 구매 자금 지원",2026-03-03 10:29:09,real_assets
WTI,"정부 ""비축유 충분...해협 봉쇄 대비해 중동 외 물량확보 추진",2026-03-03 10:30:58,real_assets
국제유가,"금이 최고 안전자산""...이란 공습에 금값 뛰고 美국채 하락",2026-03-03 10:32:13,real_assets
원유,"S-Oil ""중동 전쟁 - 정제된 기름이 보다 귀해진다"" 증권사 발표에 강세...15.91%",2026-03-03 10:43:26,real_assets
원유,美·이란전쟁에 방산·정유株 급등...한화에어로 역사적 신고가 터치,2026-03-03 10:49:07,real_assets
국제유가,"한국중부발전, 중동 사태 관련 긴급상황 점검 회의 개최",2026-03-03 11:02:00,real_assets
국제유가,호르무즈 위기에 가장 취약한 나라는? 인도,2026-03-03 11:06:13,real_assets
금값,"역시 금만한게 없어""...이란 사태에 금값 들썩, KRX 금현물 5%대 급등",2026-03-03 11:24:09,real_assets
WTI,"이란 사태로 국제 유가 상승...""정유주"" 신고가 쓴 뒤 상승폭 줄여",2026-03-03 11:25:04,real_assets
환율,"코스피, 미국·이란 전쟁 여파에 한때 ""6000선"" 붕괴",2026-03-03 11:28:15,real_assets
환율,지난해 서울·분당 오피스 투자만 26조... 역대 최대 규모,2026-03-03 13:27:56,real_assets
국제유가,"정부 ""韓경제 당장 문제없다""...전쟁 장기화 땐 ""위험"" 전망도",2026-03-03 13:36:37,real_assets
WTI,"힘들게 잡혀가던 식품 물가 또 오르나...이란 공격에 식품업계도 ""비상",2026-03-03 13:47:51,real_assets
환율,아파트 집값 잡겠다는 전쟁인데...등터지는 건 대학생·임대업자들,2026-03-03 13:57:20,real_assets
환율,"한국동서발전, ""중동정세 대응 긴급 상황점검회의"" 개최",2026-03-03 14:39:30,real_assets
달러강세,美·이란 전쟁에 방산주 급등...해운주도 탄력받아,2026-03-03 14:41:22,real_assets
원유,"이란 공습에도 흔들림은 잠시...""방산주"" 불붙나",2026-03-03 14:58:25,real_assets
국제유가,미국과 이란 교전에...상승세였던 삼전닉스·현대차 9~11%대 하락,2026-03-03 15:26:57,real_assets
환율,"내돈 주곤 도저히 못가겠다""...특급호텔 뷔페 ""1인 20만원"" 속속 합류",2026-03-03 15:46:56,real_assets
달러강세,"코스피 ""검은 화요일""...중동 리스크에 5800선 붕괴, 7%대 폭락",2026-03-03 15:50:39,real_assets
국제유가,"호르무즈 지나는 선박 전부 불태운다""... K해운업계 ""비상",2026-03-03 15:59:56,real_assets
국채,"국채 수익률 보다 못한 연금저축의 배신...""이젠 수익률 비교 쉬워진다",2026-03-03 16:14:09,domestic_bond
WTI,"트럼프 이란 공습""에 국제 유가 급등...미국 휘발유 갤런당 3달러 넘어",2026-03-03 16:19:46,real_assets
기준금리,전국 3만 7천가구 쏟아진다...서울도 3월 연중최대 분양,2026-03-03 16:25:11,domestic_bond
국제유가,"금감원 ""시장안정에 감독역량 집중""...중동발 리스크에 비상대응",2026-03-03 16:46:32,real_assets
원유,증시 사이드카 발동·환율 상승... 고조되는 3高 위기,2026-03-03 17:17:49,real_assets
기준금리,日시대 다시 오나,2026-03-03 17:26:40,domestic_bond
기준금리,변동성 큰 원화값...남미보다 더 흔들렸다,2026-03-03 17:40:41,domestic_bond
환율,외국환율고시표,2026-03-03 17:40:43,real_assets
환율,서울·분당 오피스 거래 작년 26조... 사상 최대,2026-03-03 17:57:14,real_assets
국제유가,美의 이란 공습 대가,2026-03-03 18:00:45,real_assets
환율,"금융당국, 중동 피해기업에 13.3조 지원",2026-03-03 18:04:27,real_assets
원유,"美, 반미 중심축 이란 때려 중동 군기 잡고... 中 고립까지 노려",2026-03-03 18:05:32,real_assets
국제유가,韓증시 당분간 조정국면... 상승동력 여전해 중장기 매수 기회,2026-03-03 18:06:54,real_assets
국제유가,"유가 급등에 인플레 공포 엄습... 다이먼 ""장기전땐 물가 위험 심각해질 것",2026-03-03 18:06:54,real_assets
원유,"중동체류 국민 2만1000명... 당정 ""인접국 이동 검토",2026-03-03 18:09:49,real_assets
WTI,"결사항전 이란 ""선박 다 불탈것""... 원유·가스 초비상",2026-03-03 18:09:50,real_assets
국제유가,"외국인, 삼전닉스 4.4조 '매도 폭탄'... 방산·정유株는 급등",2026-03-03 18:09:50,real_assets
환율,6244→5791...이란發 '검은 화요일,2026-03-03 18:15:00,real_assets
국제유가,"외국인, 삼전닉스 4조4000억 ""매도폭격""...방산·정유株는 급등",2026-03-03 19:15:47,real_assets
기준금리,"널뛰는 원화값, 남미보다 더 흔들렸다...일평균 변동성 세계 6위",2026-03-03 19:26:32,domestic_bond
원유,"플로우코 홀딩스, 발리언트 인수 완료..2억 달러 규모 M&A",2026-03-03 20:07:47,real_assets
원유,"코스피 6244→5791 역대급 급락...이란發 ""검은 화요일",2026-03-03 20:13:09,real_assets
환율,"온 홀딩, 2025 회계연도 매출 30억 CHF 돌파..전년비 30% 성장",2026-03-03 20:33:08,real_assets
달러강세,"소어 인더스트리즈, 2026년 2분기 매출 21억 달러·EPS 0.34달러 흑자 전환",2026-03-03 20:36:58,real_assets
환율,"오토존, 2분기 매출 44억 달러·8% 증가..EPS는 소폭 감소",2026-03-03 20:57:23,real_assets
달러강세,고통과 탐욕지수 바닥...비트코인 지금 사도 될까,2026-03-03 21:00:00,real_assets
달러강세,"오픈레인, 2026년 조정 EBITDA 3.5억~3.7억 달러 가이던스 제시",2026-03-03 21:01:23,real_assets
원달러,"비상 걸린"" 환율, 연장거래서 1480원대 돌파...연고점 경신",2026-03-03 21:02:05,real_assets
환율,"스포츠레이더 그룹, 4분기 매출 20% 증가..조정EBITDA 48% 급증",2026-03-03 21:22:00,real_assets
원유,"프레리 오퍼레이팅, 리차드 프롬머 임시 CEO 선임..토레센 이사회 의장 취임",2026-03-03 23:03:05,real_assets
WTI,"막무가내 이란 ""선박 다 불태울 것""...원유·가스 초비상",2026-03-03 23:07:32,real_assets
원달러,원·달러 환율 한때 1500원 돌파...2009년來 처음,2026-03-04 00:57:26,real_assets
달러강세,"로스스토어, 4분기 매출 66억 달러‥EPS 2.00달러로 예상 상회",2026-03-04 06:06:10,real_assets
기준금리,"B&G 푸즈, 4분기 매출 5억4000만 달러..전년비 2.2% 감소",2026-03-04 06:09:50,domestic_bond
환율,"박스, 4분기 매출 3억5860만 달러..전년비 9% 증가",2026-03-04 06:13:21,real_assets
환율,"오큘리스 홀딩, 2025년 연간 순손실 1.2억 달러..2029년까지 운영자금 확보",2026-03-04 06:19:34,real_assets
WTI,"확전·장기전 우려에 美증시 급락...트럼프 ""유조선 호위",2026-03-04 06:33:53,real_assets
국제유가,"한국증시 당분간 조정국면...상승동력 여전, 중장기 매수 기회",2026-03-04 06:43:57,real_assets
환율,"웹툰엔터테인먼트, 4분기 매출 3억3천만 달러..전년비 6% 감소",2026-03-04 06:47:47,real_assets
국제유가,"트럼프 ""유가 잠시 높겠지만, 이 일 끝나면 이전보다 더 낮아질 것",2026-03-04 06:48:30,real_assets
국제유가,"트럼프 ""호르무즈 통과 유조선, 미군이 호위할 것...보험·보증도 제공",2026-03-04 06:53:02,real_assets
국제유가,"트럼프 ""온건파 포함해 염두했던 이란 ""차기지도자""감들 다수 사망",2026-03-04 08:49:11,real_assets
WTI,중동 확전 공포에 일제히 하락...트럼프 개입 시사에 낙폭 축소,2026-03-04 08:54:30,real_assets
기준금리,"예치금에 11% 이자 내건 ""온체인 거래소"" GRVT",2026-03-04 09:01:33,domestic_bond
국제유가,"검은 수요일"" 코스피 3%대 급락...장중 5570선대로 밀려",2026-03-04 09:03:51,real_assets
국제유가,"유조선 10척 그대로 불탔다...이란 폭격에 호르무즈 해협 ""완전 봉쇄",2026-03-04 09:46:35,real_assets
WTI,호르무즈 위기인데도 유가 오름폭 완만한 이유는?,2026-03-04 10:00:05,real_assets
환율,"웹툰엔터, 작년 매출 2조 육박...영업손실은 902억",2026-03-04 10:39:13,real_assets
환율,"성능 얼마나 좋아졌길래...110만원 비싸진 M5 맥북 프로, 돈값 할까",2026-03-04 10:41:49,real_assets
국제유가,"가득 채워 주세요"" 더 오르기 전에 주유소로 직행...서울 휘발유 1800원 돌파",2026-03-04 11:24:14,real_assets
국제유가,"이란전쟁 장기화 공포""...비트코인 7만달러 다시 내줬다",2026-03-04 11:27:20,real_assets
금값,"이란 공습에 무너진 비트코인...""디지털 금"" 신화 끝나",2026-03-04 11:27:20,real_assets
국제유가,금리 인하는커녕 물가 상승 압박...연이은 악재에 채권 시장 위기,2026-03-04 11:44:24,real_assets
원유,"이란 사태""로 새파랗게 질린 아시아 증시...한·일에 대만도 급락",2026-03-04 12:57:53,real_assets
국채,"신한자산운용 ""SOL 팔란티어 커버드콜"" 2종, 3월 분배금 지급",2026-03-04 13:33:46,domestic_bond
국제유가,"평행선 달렸던 이란 핵협상...""거대한 분노""의 결과는 전세계 몫",2026-03-04 13:47:45,real_assets
국채,금값 4% 폭락...안전자산 공식 무너졌다,2026-03-04 14:49:09,domestic_bond
국제유가,트럼프의 기세가 등등하면 비트코인 가격이 오른다?,2026-03-04 14:59:33,real_assets
국제유가,"석유 충분히 있다""...호르무즈 봉쇄에 국민들 달래기 나선 아태국가들",2026-03-04 15:00:54,real_assets
국제유가,코스피 급락·커지는 환율 변동성에...금융당국도 대책 마련 고심,2026-03-04 15:01:26,real_assets
국제유가,"원달러 환율 1500원 넘길까...한은 ""현 상황, 과거와 달라",2026-03-04 15:14:54,real_assets
국채,"전쟁 통에는 금이 금값 된다더니, 왜이래?""...반짝하던 금 다시 급락",2026-03-04 15:34:48,domestic_bond
환율,"이런 낙폭은 처음 본다""...미·이란 충돌에 코스피 12% 추락",2026-03-04 15:47:51,real_assets
국채,"신한자산운용 ""SOL 팔란티어 커버드콜 ETF 시리즈"", 10개월 연속 월배당 2%대",2026-03-04 15:51:08,domestic_bond
기준금리,"빚투 32조, 더 이상 안돼요""...증권사들, 신용거래 일시 중단",2026-03-04 15:54:27,domestic_bond
국채,"김치 프리미엄 0% 수렴""‥원화 스테이블코인이 바꿀 금융 패러다임",2026-03-04 15:58:11,domestic_bond
환율,"여야, 대미투자법 12일 처리 합의...투자 방식은 이견",2026-03-04 16:19:02,real_assets
원유,"트럼프는 이란만 공격한게 아니었다...중동발 폭탄 맞은 아시아 증시 ""와르르",2026-03-04 16:38:28,real_assets
환율,요동치는 환율,2026-03-04 16:41:38,real_assets
환율,불안한 환율,2026-03-04 16:41:41,real_assets
국제유가,"중동 전쟁 불안에 비트코인 ""털썩""...7만달러선 붕괴",2026-03-04 16:50:09,real_assets
국제유가,벌집을 건드린 트럼프,2026-03-04 16:53:31,real_assets
환율,"중동 불안에 불똥 튄 K뷰티...배송 중단에 물류 리스크 ""촉각",2026-03-04 16:58:36,real_assets
기준금리,코스피 5100 붕괴·환율 1500원 돌파... 유독 충격에 약한 韓경제,2026-03-04 17:00:53,domestic_bond
국제유가,"이란 전쟁에 한국·대만 특히 취약""...모건스탠리 콕 집어 ""인플레"" 경고 이유",2026-03-04 17:34:02,real_assets
환율,코스피 초토화' 버티던 개미들도 탈출... 삼전 시총 130조 증발,2026-03-04 17:44:37,real_assets
달러강세,전쟁 충격 피난처 美 소비재주 눈길,2026-03-04 17:44:53,real_assets
금값,韓 증시·금값 하락에도 비트코인 1억원선 수성,2026-03-04 17:46:21,real_assets
환율,"웹툰 엔터, 작년 매출 2조 육박",2026-03-04 17:48:24,real_assets
환율,외국환율고시표,2026-03-04 17:51:22,real_assets
금값,韓증시 사상최대 폭락... 9·11때보다 충격 컸다,2026-03-04 17:52:18,real_assets
원유,유조선 운임 17배 폭등... 호르무즈 봉쇄 '쓰나미,2026-03-04 17:52:18,real_assets
국제유가,중동發 스태그플레이션 공포... ECB 금리인상 확률 25%→60%,2026-03-04 17:53:15,real_assets
금값,强달러에 원화값 급락... 17년 만에 '1500원대' 위기,2026-03-04 17:53:15,real_assets
원유,"운임 폭등, 수출에 직격탄... 車·가전, 제조원가·납기 '이중고",2026-03-04 17:59:37,real_assets
원유,"장금상선, 유조선에 3조원 선제적 베팅",2026-03-04 17:59:37,real_assets
환율,美 관세 압박에... 與野 대미투자법 12일 처리키로,2026-03-04 18:00:44,real_assets
채권금리,美 사모대출 불안 확산... 블랙스톤서 투자금 5.6조원 이탈,2026-03-04 18:01:55,domestic_bond
국제유가,"내일 금융위 당정협의 전격 순연...""중동·이란 사태"" 대책회의 여파",2026-03-04 19:24:31,real_assets
금값,죄다 흐르는데 홀로 버티는 비트코인...이와중에 믿는 구석 있다는데,2026-03-04 19:42:28,real_assets
원유,"해상운임 폭등에...車·가전 수출, 원가 쇼크·납기지연 ""이중고",2026-03-04 19:45:50,real_assets
금값,한국증시 사상최대 폭락...9·11때보다 더 큰 충격 빠졌다,2026-03-04 20:00:37,real_assets
금값,"폭격 맞은 원화값...17년 만에 ""1500원대"" 위기",2026-03-04 20:01:18,real_assets
원유,"그랜 티에라 에너지, 2025년 생산량 32% 급증·순손실 1억9천만 달러",2026-03-04 20:03:03,real_assets
환율,"리스키파이드, 4분기 GAAP 흑자전환..조정 EBITDA 58% 급증",2026-03-04 20:58:00,real_assets
기준금리,"서울 15억 이하 ""불장"", 눈여겨볼 단지는",2026-03-04 21:00:00,domestic_bond
환율,"주진우 코스피 급락에...""빚투 권했으면 주가 폭락 책임도 정부에 있다",2026-03-04 21:15:56,real_assets
원유,"유조선 운임 17배로 폭등...호르무즈 봉쇄 ""쓰나미",2026-03-04 21:17:12,real_assets
원유,"전 나토 총장 ""이란전쟁, 우크라전 시선 빼앗아...러시아에 유리",2026-03-04 21:18:39,real_assets
국제유가,중동發 스태그플레이션 공포...ECB 금리인상 확률 25%→60%,2026-03-04 21:19:45,real_assets
환율,"아베크롬비앤피치, 4분기 매출 16억7,000만 달러..전년비 5% 증가",2026-03-04 21:35:56,real_assets
환율,"최근 이틀간 20% 가까이 빠졌는데""...코스피 폭락 언제 멈추려나",2026-03-04 22:07:50,real_assets
원유,"SM 에너지, 7억5000만 달러 채권 발행..고금리 부채 조기 상환",2026-03-04 22:07:57,real_assets
원유,"이재명 대통령, 내일 임시 국무회의...""중동 상황"" 경제 여파 등 점검",2026-03-04 22:46:26,real_assets
달러강세,"로빈 에너지, 2월 탱커 운임 93% 급증·LPG 계약매출 700만달러 돌파",2026-03-04 23:32:45,real_assets
환율,"스테바나토 그룹, 2025 회계연도 매출 11.9억 유로..전년비 7% 증가",2026-03-05 06:07:26,real_assets
환율,"스테바나토 그룹, 2025 회계연도 4분기 매출 14억6100만 유로..전년비 7% 증가",2026-03-05 06:13:27,real_assets
원유,"헤스 미드스트림 파트너스, 6000만 달러 자사주 매입..공개 지분 62.2%로 확대",2026-03-05 06:19:04,real_assets
금값,"CPS 테크놀러지스, 2025 회계연도 매출 3260만 달러·흑자전환",2026-03-05 06:24:25,real_assets
원유,"바이퍼 에너지 파트너스, 2차 공모로 약 8억 달러 조달 완료",2026-03-05 06:25:05,real_assets
채권금리,"아무리 봐도 거품 터질 것 같다""...5.6조 사모펀드 환매폭탄에 월가 ""흔들",2026-03-05 06:34:22,domestic_bond
환율,"다이아나 시핑, 파나맥스선 용선료 17% 인상 계약 체결",2026-03-05 06:34:47,real_assets
원유,"인터피드 포테쉬, 4분기 매출 7590만 달러·전년비 36%↑",2026-03-05 06:37:18,real_assets
원유,"퍼포먼스 시핑, 4분기 순이익 760만 달러..매출 21% 증가",2026-03-05 06:40:48,real_assets
환율,"프리폼드 라인 프로덕트, 2025년 4분기 매출 1억7310만 달러..전년비 4%↑",2026-03-05 06:44:08,real_assets
달러강세,"엘링턴 레지덴셜 모기지 리츠, 4분기 순손실 2110만 달러..NAV 주당 5.19달러",2026-03-05 06:45:28,real_assets
국제유가,"귀국하자마자 ""이란 변수"" 챙긴다...이 대통령, 오늘 임시 국무회의 주재",2026-03-05 06:59:30,real_assets
원유,"라일리 익스플로레이션 퍼미안, 4분기 순이익 8500만 달러..주당 4.02달러",2026-03-05 07:04:09,real_assets
원유,"에코페트롤, 순이익 50% 배당 결정·주당 110페소 지급",2026-03-05 07:05:50,real_assets
채권금리,"컨슈머 포트폴리오 서비스, 5천만 달러 규모 잔여 이익 증권화 거래 완료",2026-03-05 07:07:00,domestic_bond
WTI,"1500원 쇼크, 외환시장 진정되나""...이란-미국 접촉 소식에 야간시장 환율 ""하락전환",2026-03-05 08:49:49,real_assets
달러강세,"코스피, 장중 11%대 급등...뉴욕증시 반등에 3.09% 상승 출발",2026-03-05 09:03:20,real_assets
환율,이틀 연속 폭락 뒤 급등...코스피·코스닥 매수 사이드카 발동,2026-03-05 09:09:27,real_assets
기준금리,"살기 힘들어 가게 하나 열었는데""...""벼랑 끝"" 개인사업자 연체율 보니 ""맙소사",2026-03-05 09:20:27,domestic_bond
환율,"지금 투매하면 후회합니다""...""코스피 쇼크""에 증권가 ""분할매수할 때",2026-03-05 09:23:38,real_assets
금값,"바닥 찍고 탄력받은 ""이것""...이란 공습 지속에도 7만달러선 회복",2026-03-05 09:26:18,real_assets
금값,"재산 측정불가"" 오승환, 금만 1000돈...요즘 시세로 9억 ""깜짝",2026-03-05 09:46:02,real_assets
기준금리,"보증금 낮추고 일부 월세로 낼게요""...전셋값 고공행진에 반전세 계약 늘어",2026-03-05 10:05:39,domestic_bond
국제유가,"어제 그제는 정말 나락가는 줄""...삼성전자·SK하이닉스, 14% 급반등",2026-03-05 10:07:53,real_assets
환율,"이 대통령 ""시장 안정 위한 100조원대 프로그램 신속 집행",2026-03-05 10:09:45,real_assets
원유,"이 대통령 ""교민 안전 철수 계획 수립...군용기·전세기 총동원",2026-03-05 10:15:39,real_assets
환율,"이 대통령 ""유류 최고가격 지정 필요...바가지 제제 방안도 논의",2026-03-05 10:17:03,real_assets
원유,"바겐세일 감사했습니다""...삼성전자·SK하이닉스 매도세 집중",2026-03-05 10:27:55,real_assets
국제유가,"구윤철 ""휘발유가격 담합 엄단...오늘 장관회의 소집해 시정조치",2026-03-05 10:34:03,real_assets
원유,"호르무즈 막혀도""...비축량 세계 6위 ""원유 수급"" OK",2026-03-05 10:40:59,real_assets
원유,"이 대통령 ""100조원 금융 안정 조치 신속집행",2026-03-05 11:05:17,real_assets
국제유가,"민주 ""중동 불안 장기화 대비해야""...재계 ""정유·반도체 타격 우려",2026-03-05 11:07:14,real_assets
환율,"KB증권, COMEX 은선물 ETN 4종 동시 상장",2026-03-05 12:35:30,real_assets
국제유가,"중동 전쟁 터지자 마자 치솟았다""...전국 휘발유 1800원 돌파",2026-03-05 13:16:25,real_assets
원유,"한국 유조선 7척, 호르무즈 해협 갇혀 있다...""1척당 국내 하루 소비량",2026-03-05 13:18:18,real_assets
WTI,"환율 1550원까지 뛸 수도""...전쟁 장기화 우려 속 수혜주 찾아라",2026-03-05 13:23:17,real_assets
환율,"국내 최초·최저 보수, 예금만큼 안전...금감원 ""이런 ETF 과장 광고 주의하세요",2026-03-05 13:58:58,real_assets
원유,"반클리프, 두달 만에 또 올렸다...중동 불안에 명품 가격도 줄인상되나",2026-03-05 14:00:52,real_assets
환율,"숨 쉬고 밥만 먹고 살기도 쉽지 않네""...소고기·쌀 가격 두자릿수 ""껑충",2026-03-05 14:25:28,real_assets
환율,"장동혁 ""혈세로 선거용 주가 띄우기""...정부 금융시장 안정조치 비판",2026-03-05 15:10:24,real_assets
원유,"치솟는 기름값에 산업부도 나섰다...""유통시장 특별점검 진행",2026-03-05 15:19:38,real_assets
국제유가,"이란 공습 반사이익 노린다""...""정유주"" 에쓰오일·SK이노 투심 강세",2026-03-05 15:24:01,real_assets
환율,"귀국 후 ""중동사태"" 챙긴 이 대통령...야당 ""대통령은 본인 리스크만 관리",2026-03-05 15:32:22,real_assets
환율,"2025년 한국 외채 7628억달러...""대외차입 부담 커지면 변동성 확대",2026-03-05 15:32:26,real_assets
원유,"HD한국조선해양, LNG선 4척 1조4872억원에 수주",2026-03-05 15:32:38,real_assets
달러강세,중국 양회 개막...정책 모멘텀·유동성 주목,2026-03-05 16:00:43,real_assets
환율,코스피 출렁...롱숏·손익차등형 펀드로 '방패' 세워라,2026-03-05 16:03:11,real_assets
달러강세,"코스피, 폭락 이틀만에 극적 반등...중동 리스크 일부 해소에 강세 마감",2026-03-05 16:07:40,real_assets
WTI,이란전은 투자 저가매수 기회...WTI 85달러 마지노선,2026-03-05 16:38:17,real_assets
국제유가,"기름 넣기 무서워요""...정부 ""최고가 지정"" 초강수 검토",2026-03-05 16:55:20,real_assets
국제유가,이틀 폭락 뒤 폭등...반도체 소부장株 신고가 찍었다,2026-03-05 16:58:54,real_assets
원유,호르무즈 봉쇄에 물류비용 천정부지... 韓 무역이 위험하다,2026-03-05 17:14:31,real_assets
국제유가,트럼프가 그리는 '新중동'은 없다,2026-03-05 17:14:32,real_assets
달러강세,"주가 박살났다고? 그럼 담아야지""...월가도 베팅한 ""나이키 킬러",2026-03-05 17:30:00,real_assets
기준금리,"예금은 밋밋해""... 올 은행판매 ETF에 16.8조 뭉칫돈",2026-03-05 17:38:42,domestic_bond
기준금리,"보험사, 주담대·신용대출 금리 낮춘다",2026-03-05 17:38:43,domestic_bond
환율,외국환율고시표,2026-03-05 17:38:44,real_assets
달러강세,외환보유액 석달만에 반등...외평채 발행 효과,2026-03-05 17:44:16,real_assets
국제유가,달러당 1468원... 원화값도 반등,2026-03-05 17:50:49,real_assets
환율,수직 급등락에 올들어 6번째 사이드카... 역대급 '롤러코스피,2026-03-05 17:50:49,real_assets
국제유가,"12% 폭락 뒤 하루새 9% 급등...롤러코스터 탄 코스피, 그 이유가",2026-03-05 17:52:28,real_assets
국채,"내우외환' 중국, 성장률 목표 4%대로 하향",2026-03-05 17:56:33,domestic_bond
원유,"美 ""트럼프 암살시도한 지휘관 제거""... 韓유조선 7척 호르무즈 갇혀",2026-03-05 17:56:49,real_assets
환율,100조 시장안정자금... 신속 집행 주문한 李,2026-03-05 17:57:42,real_assets
환율,수직 급등락에 올해 6번째 사이드카 발동...코스피 역대급 롤러코스터,2026-03-05 19:26:13,real_assets
환율,"李, 100조 시장안정자금 신속집행 주문...휘발유 최고가 지정제 지시",2026-03-05 19:35:43,real_assets
원유,"베이텍스 에너지, 2025년 4분기 조정 펀드 플로우 2억6,200만 달러..전년비 23%↓",2026-03-05 20:03:43,real_assets
원유,"에코페트롤, 2025년 순이익 39.5% 감소..유가 하락 영향",2026-03-05 20:03:53,real_assets
원유,"에코페트롤, 2025년 ESG 관련 지표 공개..투명성 강화",2026-03-05 20:05:43,real_assets
원유,"SM 에너지, 10억 달러 선순위채권 발행..2028년 만기 고금리채 조기 상환",2026-03-05 20:07:34,real_assets
국제유가,"이 대통령 ""하루만에 200원 올린 주유소도""...전쟁 틈탄 폭리 정조준",2026-03-05 20:16:21,real_assets
달러강세,"메이크마이트립, 플라밍고 트랜스월드 과반 지분 인수",2026-03-05 20:36:46,real_assets
달러강세,"BJ 홀세일 클럽 홀딩스, 4분기 매출 54억 달러·EPS 0.96달러 기록",2026-03-05 20:59:07,real_assets
기준금리,아파트 시대 끝? 다시 주목받는 꼬마빌딩,2026-03-05 21:00:00,domestic_bond
달러강세,코스닥 3000...YES or NO,2026-03-05 21:00:00,real_assets
환율,"랜팩 홀딩스, 4분기 매출 1.1억 달러..순손실 950만 달러 기록",2026-03-05 21:33:02,real_assets
원유,"美 ""트럼프 암살시도 지휘관 제거""...한국 유조선 7척 호르무즈 갇혀",2026-03-05 21:45:13,real_assets
달러강세,"맥케슨, 8년 재직 CFO 은퇴·케니 청 후임 선임",2026-03-05 22:18:52,real_assets
기준금리,"시리우스 XM 홀딩스, 2026년 만기 채권 5억 달러 조기 매수..재무구조 개선",2026-03-05 22:38:54,domestic_bond
달러강세,"존 윌리 앤 손, 3분기 영업익 21% 증가·EPS 흑자전환",2026-03-06 01:11:14,real_assets
국제유가,"석유 단 한방울도 못 빠져나가""...결국 터진 미국·이란 전쟁 후폭풍은",2026-03-06 06:00:00,real_assets
기준금리,"내 노후 책임질 연금이었는데..."" 최후의 보루 401K 깨는 미국인들",2026-03-06 06:02:35,domestic_bond
환율,"트럼프 ""글로벌 관세""도 위법 소송 제기...24개주 참여",2026-03-06 06:06:38,real_assets
환율,"아르다 메탈 패키징, 2025년 사업보고서서 광범위한 리스크 요인 공개",2026-03-06 06:07:00,real_assets
달러강세,"마벨 테크놀러지 그룹, 4분기 매출 22억 달러로 22% 성장",2026-03-06 06:11:51,real_assets
달러강세,"풀하우스 리조트, 4분기 매출 7,542만 달러..전년비 3.4%↑",2026-03-06 06:14:22,real_assets
환율,"삼사라, 4분기 매출 4억4400만 달러·28% 성장..2분기 연속 흑자",2026-03-06 06:14:22,real_assets
WTI,"국제유가, 걸프해역 유조선 공격에 상승폭 확대...WTI 6%↑",2026-03-06 06:21:43,real_assets
환율,"코스트코 홀세일, 2분기 매출 682억달러..전년비 9.1% 증가",2026-03-06 06:22:07,real_assets
환율,"퀘넥스 빌딩 프로덕트, 1분기 매출 4억910만 달러..전년비 2.3% 증가",2026-03-06 06:23:47,real_assets
국채,"경제성장률 4년만에 하향한 중국...74조원 쏟아부어 내수진작 ""올인",2026-03-06 06:25:47,domestic_bond
환율,"클라루스, 4분기 매출 6540만 달러..전년비 8% 감소",2026-03-06 06:25:48,real_assets
기준금리,"메트라이프, 시리즈 A 우선주 배당금 주당 0.32달러 확정",2026-03-06 06:26:18,domestic_bond
기준금리,"남들은 돈 복사 한다는데""...은행서도 예금 대신 ETF에 16조 뭉칫돈",2026-03-06 06:26:19,domestic_bond
원유,"그래나이트 릿지 리소시스, 4분기 생산량 27% 증가·연간 순이익 2,435만 달러",2026-03-06 06:29:58,real_assets
달러강세,"쿠퍼, 1분기 매출 10억 달러·EPS 0.66달러..전년비 27% 증가",2026-03-06 06:30:28,real_assets
원유,"링 에너지, 4분기 매출 6690만 달러·순손실 1280만 달러 기록",2026-03-06 06:30:58,real_assets
기준금리,"JP모건 ""美 금리인하 사이클 종료""...유가 충격에 물가 불확실성↑",2026-03-06 06:31:33,domestic_bond
환율,"메소드 일렉트로닉스, 3분기 매출 2억3370만 달러·순손실 1590만 달러",2026-03-06 06:35:00,real_assets
국채,"FORTRESS VALUE ACQUISITION CORP V, IPO로 2.5억 달러 조달..신탁계좌 보유",2026-03-06 07:10:54,domestic_bond
기준금리,"엘링턴 파이낸셜, 1월 말 주당 장부가 13.31달러 집계",2026-03-06 07:16:54,domestic_bond
원유,지난 1월 경상수지 132억6000만달러...33개월 연속 흑자 흐름,2026-03-06 08:00:00,real_assets
기준금리,"신한證 ""증권주 펀더멘털 탄탄...변동성 확대 구간에서 분할매수 전략 유효",2026-03-06 08:47:48,domestic_bond
WTI,중동 정세 불안·유가 급등 여파...3대 지수 일제히 하락,2026-03-06 08:54:56,real_assets
국제유가,"이대통령 ""기름값 담합은 대국민 중대범죄...악덕기업들 깨우칠 것",2026-03-06 08:59:59,real_assets
기준금리,"현대차, 렌터카 업체 대상 ""최대 100만원 할인 상생 프로모션"" 확대",2026-03-06 09:10:07,domestic_bond
WTI,"중동 사태에 유가 급등, 물가 ""초비상""...트럼프 행정부 ""모든 방안 검토",2026-03-06 09:24:03,real_assets
국제유가,"희비 엇갈린 국내 증시...삼전닉스 2%대 하락, 코스닥은 불기둥",2026-03-06 09:26:05,real_assets
원달러,코스닥 급등에 매수 사이드카 발동,2026-03-06 09:26:27,real_assets
환율,"동학개미"" 3조 매수로 코스피 방어...코스닥 3%대 상승",2026-03-06 09:40:21,real_assets
국제유가,"국민의힘 ""공기업 주유소 휘발유값도 급등...방치한 정부 책임 커",2026-03-06 10:19:15,real_assets
원유,"이란 다음은 ""이 나라""?...트럼프 ""쿠바서 벌어지고 있는 일 놀라워",2026-03-06 10:55:18,real_assets
원유,"호르무즈 봉쇄 공포 속...""중국, 이란과 석유·가스선박 안전통행 협의",2026-03-06 11:04:04,real_assets
환율,"트럼프 ""대체 관세""도 불법""...美 24개주 무효 소송",2026-03-06 13:24:28,real_assets
국제유가,"기름값 폭주...정부, 30년 만에 ""가격상한제"" 칼 빼나",2026-03-06 13:30:19,real_assets
국제유가,"트럼프, 이란 군·외교관에 ""투항·망명하라",2026-03-06 13:35:50,real_assets
원유,알짜 사업 매각설 나온 이 종목 판다,2026-03-06 14:07:18,real_assets
원유,이란 전쟁으로 비료 공급 차질...전세계 식량 부족 경고음,2026-03-06 14:13:22,real_assets
달러강세,트럼프 발언에 비트코인 7% 급등...규제vs혁신의 갈림길,2026-03-06 14:25:03,real_assets
국채,CBDC·스테이블코인·비트코인·금 4파전,2026-03-06 14:31:22,domestic_bond
국채,"존 그레이 블랙스톤 사장 ""반도체, 21세기 ""곡괭이와 삽""...K컬처 금맥",2026-03-06 14:33:26,domestic_bond
환율,담서원 전략 사령탑...오리온 글로벌·바이오 챙긴다,2026-03-06 14:35:04,real_assets
달러강세,"AI가 만든 ""램마겟돈""...No Problem?",2026-03-06 14:38:07,real_assets
국제유가,"테크 리딩뱅크"" 약속은 현실이 됐다...최우형 케이뱅크 은행장",2026-03-06 14:38:28,real_assets
기준금리,"이란 사태"" 이후 폭락했던 韓 증시 ""패닉셀""이었나...주도주 매수 기회?",2026-03-06 14:39:09,domestic_bond
WTI,"환율·유가·증시 3중 충격...이란發 쇼크, 한국 경제 버틸 수 있나",2026-03-06 14:40:19,real_assets
원유,"힘에 의한 질서""...대북 정책 이대론 안 된다",2026-03-06 14:41:03,real_assets
환율,파죽지세 K증시...ETF 운용사 점유율 격차 확대,2026-03-06 14:41:54,real_assets
원유,"강훈식 ""UAE서 600만 배럴 이상 원유 긴급 도입 확정",2026-03-06 15:08:54,real_assets
원유,"가격 오르면 오르는 것이고""...""중동전쟁 유가 상승"" 걱정 안한다는 트럼프",2026-03-06 15:08:55,real_assets
국제유가,"기름 넣다 눈물 났어요""...서울 주유소 기름값 1900원대 돌파",2026-03-06 15:11:02,real_assets
국제유가,"강훈식 ""UAE서 韓국민 태운 여객기 출발...원유 600만 배럴 긴급도입",2026-03-06 15:18:59,real_assets
WTI,전쟁이 호재...오전 이어 오후도 이 종목 풀매수,2026-03-06 15:26:55,real_assets
WTI,"중동 상황 불확실성으로 공사비 상승 압력... ""분양가 더 오르나",2026-03-06 15:41:20,real_assets
국제유가,"법무부, 대검에 유가담합 엄정 대응 지시...""중대 범죄행위",2026-03-06 15:50:22,real_assets
국제유가,"코스피, 5580대 강보합 마감...코스닥은 3%대 상승",2026-03-06 15:56:40,real_assets
기준금리,"콘셉트가 좋다고 장사가 되는 건 아니다"" 식당이 오래 살아남는 진짜 이유",2026-03-06 16:02:51,domestic_bond
원유,"강훈식 ""UAE로부터 원유 600만배럴 긴급 도입하기로",2026-03-06 16:14:43,real_assets
원유,경쟁자 궤멸시킨 석유 황제... 세상에는 5억弗 돌려줬다,2026-03-06 16:41:03,real_assets
국제유가,"바가지 기름값 막아야 하지만, 최고가격제는 시장왜곡 부를 수도",2026-03-06 17:25:04,real_assets
환율,"코스피 7000까지도 가능""...韓 자산시장 대격변 이제 시작이라는데",2026-03-06 17:30:00,real_assets
원유,"하메네이 차남, 이란시민 지지 못받을 것",2026-03-06 17:36:05,real_assets
원유,다음 패권은...,2026-03-06 17:36:09,real_assets
WTI,실적불안에 유가까지...전기·가스株 '울상,2026-03-06 17:36:55,real_assets
기준금리,국제 위상 높아진 위안화...자금 유입 2000억弗 최대,2026-03-06 17:40:24,domestic_bond
국제유가,호르무즈 통과 유조선 0척... 유가 배럴당 150달러 전망까지,2026-03-06 17:41:10,real_assets
국제유가,물가 자극할라...유가관리 총력,2026-03-06 17:41:11,real_assets
국제유가,"미국도 오일쇼크 공포... 트럼프 행정부 ""모든 대책 검토",2026-03-06 17:41:11,real_assets
국제유가,"기름 넣으려다 뒷목잡네""... 휘발유·경유 1900원 돌파",2026-03-06 17:44:30,real_assets
WTI,불붙은 국제유가... 한국 '3중고,2026-03-06 17:48:29,real_assets
원유,"美 ""이란 함정 30척 이상 격침... 다음 단계는 무기 생산기반 초토화",2026-03-06 17:52:00,real_assets
환율,외국환율고시표,2026-03-06 17:52:39,real_assets
국제유가,유가 급등에 원화값 1470원대로 하락... 당정 '환율안정법' 속도 낸다,2026-03-06 17:52:55,real_assets
환율,"低생산성·산업경쟁력 약화·원화약세... 韓, 4만弗 엔진 식었다",2026-03-06 17:52:55,real_assets
국채,"미래에셋증권, 우리카드 5000만달러 소셜 김치본드 주관 완료",2026-03-06 18:03:36,domestic_bond
국제유가,"호르무즈 통과하는 유조선 ""0""...""유가 배럴당 150달러"" 전망까지",2026-03-06 18:53:19,real_assets
국제유가,"전쟁이 한국 주유소에서 터졌나""...휘발유·경유 1900원 돌파",2026-03-06 19:45:34,real_assets
WTI,"중동 무력 충돌에 결국...아시아에 파는 원유 ""대폭"" 인상",2026-03-06 20:04:03,real_assets
원유,중동전쟁 직격탄 韓석화...'에틸렌 원료' 나프타 2주뒤 동난다,2026-03-06 20:04:59,real_assets
국제유가,경유값이 휘발유값 보다 높아졌다.,2026-03-06 20:16:44,real_assets
국제유가,"유가 급등에 원화값 1470원대 출렁...당정 ""환율안정법"" 속도 낸다",2026-03-06 20:23:48,real_assets
WTI,"국제유가 전쟁...한국 고유가·고환율·고금리 ""3중高",2026-03-06 21:12:35,real_assets
기준금리,"앱티브, 최대 13억5000만 달러 규모 채권 공개 매수 단행",2026-03-06 22:03:53,domestic_bond
달러강세,"허코 코스, 2026회계연도 1분기 매출 4290만 달러..전년비 8% 감소",2026-03-06 22:20:54,real_assets
원유,"美 ""이란 함정 30척 이상 격침...다음 단계는 이란 무기생산기반 초토화",2026-03-06 22:47:46,real_assets
국제유가,"주유소 가격 안정에 적극 협조""...석유 3단체, 공식입장 내놨다",2026-03-06 23:00:53,real_assets
WTI,美고용 9만2천명 감소 커지는 경기침체 공포,2026-03-06 23:14:35,real_assets
국제유가,"미국도 오일쇼크 공포...트럼프 행정부 ""모든 대책 검토",2026-03-06 23:30:17,real_assets
원유,"캐내디언 내추럴 리소시즈, 4분기 순이익 53억 달러..전년비 366% 급증",2026-03-07 02:53:19,real_assets
원유,"캐내디언 내추럴 리소시즈, 분기 배당 6.4% 인상..0.625달러 지급",2026-03-07 02:55:49,real_assets
원유,"하메네이 차남, 시민들 환영 못 받을 것""...이란전문가 확신 이유는?",2026-03-07 06:08:15,real_assets
환율,"인터 앤 코, 브라질 BDR 보유자에 주당 0.11달러 배당 지급",2026-03-07 06:09:22,real_assets
WTI,"호르무즈 막히자 유가 폭주""...국제유가, 배럴당 90달러 돌파",2026-03-07 06:09:30,real_assets
국제유가,"중동 전쟁에 차 시장도 ""충격""...""현대차·도요타 잠재적 타격",2026-03-07 06:21:04,real_assets
국채,"ILLUMINATION ACQUISITION CORP I, IPO로 2억3000만 달러 조달 완료",2026-03-07 06:38:31,domestic_bond
채권금리,"AMC 엔터테인먼트 홀딩스, 4억2500만 달러 규모 신규 대출 계약 체결",2026-03-07 07:20:45,domestic_bond
원유,"팜파 에너지아, 2025년 매출 47% 급증·영업익 56% 상승",2026-03-07 07:30:55,real_assets
환율,낮은 생산성·투자 부족·원화 약세...한국 국민소득 성장판 닫혔다,2026-03-07 07:46:11,real_assets
원유,"이란 사태 속 증권가 주목받는 ""이곳""...영업익 추정치 ""쑥",2026-03-07 09:00:00,real_assets
국제유가,중동 긴장에 기름값 급등...경유 1900원 눈앞,2026-03-07 10:07:04,real_assets
WTI,"이란 전쟁에 웃는 러시아...유가 급등에 美 ""러 원유 제재 해제 가능성",2026-03-07 10:56:28,real_assets
달러강세,"위기 때마다 사들였는데...이란 공습후 오히려 약세 뚜렷한 ""엔화",2026-03-07 14:36:05,real_assets
원유,"美 재무 ""오늘밤 對이란 최대 규모 폭격 작전 예상...군수공장 겨냥",2026-03-07 16:53:09,real_assets
기준금리,"신용카드 잘못 썼다 빚더미""...돈 버는 카드 활용법 따로 있다",2026-03-07 17:12:37,domestic_bond
원유,"호르무즈 해협 봉쇄 여파...쿠웨이트, 결국 원유 생산 감축 ""비상 조치",2026-03-08 09:37:37,real_assets
국제유가,"하루 새 200원 팍 올랐다""...정부, 기름값 폭등에 ""가격상한제"" 카드 만지작",2026-03-08 09:45:54,real_assets
기준금리,"코스피 의심하지 말지어다""...증시 폭락하던 날, 은행 마통 파서 주식계좌 쐈다",2026-03-08 10:06:20,domestic_bond
국제유가,"이제 조금 꿈틀했는데, 올해도 또 어렵다고?""...중동사태로 ""2% 성장"" 흔들",2026-03-08 11:10:49,real_assets
원유,"호르무즈 막히고 저장시설 꽉 차""...쿠웨이트 처음으로 ""감산 선언",2026-03-08 11:32:56,real_assets
기준금리,"카드론도 안 나가네...카드사들 ""울며 겨자먹기"" 금리 인하",2026-03-08 12:36:30,domestic_bond
원유,"남들은 중동 탈출하는데""...아부다비 향해 떠난 수산그룹 엔지니어들",2026-03-08 13:01:20,real_assets
원유,日 2차 대미 투자에 디스플레이 사업도 검토,2026-03-08 14:06:12,real_assets
환율,"한동훈 ""계엄 안했으면 尹정부서 코스피 6000""...민주 ""안 놀았으면 만점 같은 소리",2026-03-08 14:17:19,real_assets
기준금리,"어머 지금 사야돼""...빚투 개미들 마통 잔액 1.3조원 급증",2026-03-08 14:59:19,domestic_bond
기준금리,"김병장, 충성론 받아서 주식·코인하나?""...현역병 ""연 20%"" 대부업 대출만 242억",2026-03-08 16:01:51,domestic_bond
국제유가,휘발유 재고 소진,2026-03-08 16:27:52,real_assets
WTI,"이란전쟁 확산 일로, 사태 장기화에 철저히 대비해야",2026-03-08 16:36:15,real_assets
환율,롤러코스터 증시에... ETF가격도 멀미나네,2026-03-08 16:59:02,real_assets
WTI,유가 급등에 원유ETF 활활 뭉칫돈 몰리며 수익률 질주,2026-03-08 16:59:03,real_assets
국채,미국채 금리를 보면 전쟁의 향방 보인다,2026-03-08 17:01:20,domestic_bond
WTI,美 물가지표·오라클 실적발표 주목,2026-03-08 17:04:30,real_assets
기준금리,K방산 롱런의 조건 '현지 생산,2026-03-08 17:18:02,domestic_bond
원유,"중동 포성에도, UAE 원전약속 지키러 갑니다",2026-03-08 17:47:16,real_assets
기준금리,이란發 급락장에 '빚투'... 사흘새 마통 1.3조 폭증,2026-03-08 17:53:49,domestic_bond
환율,외국환율고시표,2026-03-08 17:53:52,real_assets
국제유가,"휘발유값 2000원 눈앞... 李, 9일 비상경제회의",2026-03-08 17:56:59,real_assets
WTI,"쿠웨이트, 감산 '불가항력' 선언... 韓정유업계 ""가동률 하향 검토",2026-03-08 17:57:00,real_assets
WTI,원유 감산 도미노...전세계 'S 공포,2026-03-08 17:57:52,real_assets
기준금리,"바겐세일 기회 아닌가요""...이란발 급락장, 닷새만에 마통 1.3조 폭증",2026-03-08 19:04:23,domestic_bond
국제유가,"휘발유값 리터당 2000원 눈앞...구윤철 ""폭리요금 단호하게 대응",2026-03-08 19:44:26,real_assets
환율,"ETF가격이 시장을 못 따라가네요""...증시 급등락에 ETF 괴리율 ""멀미",2026-03-08 21:05:13,real_assets
WTI,"전쟁 장기화땐 석유 감산 도미노...국내 석화업계 ""셧다운까지 고려해야",2026-03-08 22:33:45,real_assets
국제유가,"중동 위기 속 역설, 중국의 원유 수요 감소가 빨라진다",2026-03-09 07:00:00,real_assets
국제유가,"국제유가 배럴당 100달러 넘어"" <블룸버그>",2026-03-09 07:31:24,real_assets
WTI,유가 100달러 돌파...4년만에 다시 오일쇼크,2026-03-09 07:37:36,real_assets
환율,이 대통령 지지율 58.2%...민주 48.1%·국힘 32.4%,2026-03-09 08:01:21,real_assets
원유,"에코프로비엠, 유가 상승에 유럽정책 발표로 반사수혜""...목표가↑",2026-03-09 08:19:57,real_assets
금값,"빙그레, 내년부터 실적 본격 반등 예상...목표가 내려도 사라",2026-03-09 08:20:28,real_assets
국제유가,"김정관 산업 ""국제유가 상승에 편승한 물가안정 역행 행위 엄정대처",2026-03-09 08:28:52,real_assets
원유,"에코프로비엠, 원유값 상승 수혜""...목표주가 20만→27만원",2026-03-09 08:46:18,real_assets
기준금리,"금리 변동성 뚫고...신한지주, 신종자본증권 발행 순항",2026-03-09 08:48:09,domestic_bond
WTI,"주식시장, 최악은 오지도 않았다""...""오일쇼크"" 덮치자 글로벌 증시 패닉",2026-03-09 08:55:22,real_assets
WTI,110달러마저 돌파...중동 사태 장기화에 치솟는 국제유가,2026-03-09 08:55:34,real_assets
국제유가,"트럼프 ""이란 핵 제거되면 유가 단기 급락...바보들만 다르게 생각",2026-03-09 09:00:16,real_assets
국제유가,코스피 급락에 매도 사이드카 발동,2026-03-09 09:08:27,real_assets
WTI,"유가 폭등에 또다시 ""블랙먼데이""...코스피, 7%대 폭락 5200선 붕괴",2026-03-09 09:08:59,real_assets
국제유가,"코스피, 국제유가 급등 속 매도 사이드카 발동",2026-03-09 09:20:28,real_assets
WTI,유가·환율 초비상에 자동차주 급락...현대차 9%대↓,2026-03-09 09:39:20,real_assets
환율,"매일경제신문 | ①경제위기 예측하고 선제적 대안 제시, 언론사상 유례 없는 국가컨설팅 진행",2026-03-09 10:00:00,real_assets
WTI,유가 급등 여파에...삼성전자·SK하이닉스 8% 넘게 동반 하락,2026-03-09 10:04:52,real_assets
국제유가,"정청래 ""경제 상황 엄중...환율 안정 3법 조속히 처리할 것",2026-03-09 10:24:36,real_assets
국제유가,"장동혁 ""오일 쇼크 공포 현실로...비축유 방출 검토해야",2026-03-09 10:25:24,real_assets
국제유가,"반도체株 세일한다""...삼전·하닉 8% 하락에 저가 매수 이어져",2026-03-09 10:29:01,real_assets
환율,코스피 서킷브레이커 발동...코스닥은 매도 사이드카,2026-03-09 10:36:53,real_assets
원달러,李 대통령 지지율 58.2%로 반등...민주 48.1%·국힘 32.4% 격차 확대,2026-03-09 10:49:21,real_assets
기준금리,연초까지 무섭게 치솟더니...강남·용산 고가 아파트값 상승세 위축 뚜렷,2026-03-09 10:52:02,domestic_bond
WTI,"간신히 만회했는데 또""...유가 폭등에 얼어붙은 비트코인",2026-03-09 10:52:02,real_assets
기준금리,"정부, 강호동 농협회장 등 ""횡령·금품수수"" 수사 의뢰",2026-03-09 11:01:41,domestic_bond
WTI,"6천피는 언제나 회복?""...""롤러코스터"" 코스피, 美 물가지표·국제유가 ""촉각",2026-03-09 11:11:04,real_assets
기준금리,"작년 4만명 자영업자 몰린 안심통장, 올해도 출시된다",2026-03-09 11:15:00,domestic_bond
WTI,장초반 1490원대로 급락한 원화값...금융위기후 16년만에 최저,2026-03-09 12:05:15,real_assets
채권금리,매일경제신문 | ② 이석채의 퇴장과 3·5 개각,2026-03-09 12:30:00,domestic_bond
WTI,"하메네이 차남"" 모즈타바, 이란 새 최고지도자 선출...중동 긴장 고조",2026-03-09 12:56:48,real_assets
국제유가,"경유차 타는데 한숨 나와요""...휘발유보다 더 뛴 경유값, 왜?",2026-03-09 13:01:33,real_assets
WTI,100달러 넘은 유가에 코스피 투매나왔지만...정유·에너지주는 웃었다,2026-03-09 13:31:07,real_assets
국제유가,"중동전쟁"" 비축유 200일분...다른 나라보다 여유는 있지만, 안심해도 될까",2026-03-09 13:41:12,real_assets
환율,"내일 또 폭락하면 어쩌지""...급락에 버틸 ""방어주"" 찾는 방법은",2026-03-09 14:51:42,real_assets
국제유가,"김정관 산업부 장관 ""기름값 오를 땐 빨리, 내릴 땐 천천히"" 질타",2026-03-09 15:34:19,real_assets
국제유가,"삼전 주가 한달 전으로 복귀""...매수 기회로 삼았다",2026-03-09 15:35:10,real_assets
국제유가,"증시 급락에 ""빚투 폭탄"" 터지는거 아냐""...금감원, 금융시장 긴급점검 강화",2026-03-09 15:39:28,real_assets
국제유가,"공정위, 정유4사 담합 혐의 포착...현장조사 착수",2026-03-09 15:41:13,real_assets
원유,"靑 ""금주 내 석유 최고가격제 시행되도록 절차 신속 진행",2026-03-09 15:54:43,real_assets
국제유가,"검은 월요일"" 유가·원화값·증시 모두 패닉...코스피, 5.96% 급락 마감",2026-03-09 16:03:41,real_assets
국제유가,"공포에 사자""...강제청산 리스크 무릅쓰고 개미들 ""풀베팅",2026-03-09 16:12:04,real_assets
WTI,"중동 전쟁 장기화 조짐에 산업계도 ""전쟁통""...유가 100달러 돌파에 희비",2026-03-09 16:14:41,real_assets
국제유가,"검은 하늘, 유독가스에 기름비까지""...중동 무차별 난타에 ""지구종말"" 온 듯",2026-03-09 16:18:09,real_assets
원유,전쟁 커질수록 좋다?! S-Oil이 웃는 이유,2026-03-09 16:19:31,real_assets
WTI,"여기서 더 빠지면, 싹 팔아서 다 가져갈텐데""...빚투 개미들 ""반대매매"" 공포",2026-03-09 16:34:03,real_assets
국제유가,"유가 100달러에 산업계 비상...항공·석화·정유 ""먹구름",2026-03-09 17:01:36,real_assets
채권금리,"죽을때까지 계속"" 하루 100통 협박전화...불법대출 고통 없애준다는데",2026-03-09 17:16:56,domestic_bond
환율,외국환율고시표,2026-03-09 17:20:14,real_assets
WTI,이란 유전 폭격에 요동친 금융시장,2026-03-09 17:24:46,real_assets
WTI,유가 110달러·환율 1500원... 韓경제에 날아든 미사일,2026-03-09 17:32:18,real_assets
WTI,"골드만 ""유가 150弗까지 뛸수도""... 트럼프 ""평화 위한 작은 비용",2026-03-09 17:34:33,real_assets
국제유가,고유가 충격파...대한항공 벌써 年1.4조 비용 폭증,2026-03-09 17:34:33,real_assets
국제유가,워시 효과 날려버렸다... 트럼프의 적은 트럼프,2026-03-09 17:39:40,real_assets
국제유가,전쟁이 부른 고물가...방어 빠를수록 좋다,2026-03-09 17:39:40,real_assets
국제유가,"靑 ""추경도 진지하게 논의",2026-03-09 17:46:00,real_assets
국제유가,30년만의 '기름값 상한제'... 다음 카드는 유류세 인하·비축유 방출,2026-03-09 17:46:01,real_assets
국제유가,고유가 반사익... 에너지 개발株 불기둥,2026-03-09 17:47:06,real_assets
국채,부동산부터 원자재까지... 토큰화 시장 1년새 4배,2026-03-09 17:48:18,domestic_bond
WTI,유가 널뛰기 못 쫓아가... 원유ETF '괴리율 주의보,2026-03-09 17:48:20,real_assets
국제유가,"이란, 핵폭탄 11기 분량 우라늄 보유... 美 '핵제거' 특수군 투입 검토",2026-03-09 17:50:54,real_assets
원유,중동전쟁에 나프타값 26% 껑충... 석화산업 '3중 악재' 휩싸여,2026-03-09 17:51:30,real_assets
국제유가,한은 구두개입에도... 원화값 17년래 최저,2026-03-09 17:54:05,real_assets
WTI,인플레 우려에... 국채금리 21개월래 최고,2026-03-09 17:54:06,real_assets
WTI,유가 119弗 쇼크...아시아증시 '패닉,2026-03-09 17:54:44,real_assets
국제유가,"기름값과 전쟁...靑 ""최고가격제 이번주 시행",2026-03-09 17:54:45,real_assets
기준금리,"아메리칸 스트래티직 인베스트먼트, 26일 4분기 및 연간 실적 발표 예정",2026-03-09 19:04:58,domestic_bond
금값,"시그넷 쥬얼러스, 2026 회계연도 4분기 매출 23억5000만 달러·영업이익 3억1800만 달러",2026-03-09 19:06:18,real_assets
원유,"배탤리언 오일, 1500만 달러 규모 신주발행 증자 단행",2026-03-09 19:21:54,real_assets
WTI,"W&T 오프쇼어, 2025년 매출 5억 달러..EPS 1.01달러 적자",2026-03-09 19:57:05,real_assets
환율,"콘 페리, 3분기 매출 7.2억 달러·EPS 1.23달러...전년比 각각 7%, 12% 증가",2026-03-09 19:57:05,real_assets
원유,"걸프포트 에너지, 존 라인하트 CEO 전격 사임..신임 CEO 선발 착수",2026-03-09 20:03:25,real_assets
국제유가,전쟁벌인 미국은 1.3% 올랐는데...한국 주식형펀드는 -11% 전세계 꼴등,2026-03-09 20:08:06,real_assets
채권금리,"텔러스, 5억 캐나다달러 규모 채권 조기 상환..부채구조 효율화",2026-03-09 20:08:46,domestic_bond
환율,"엘텍, 4분기 매출 1,320만 달러..전년비 23%↑·순손실 30만 달러",2026-03-09 20:38:53,real_assets
원유,"바닥인 줄 알았는데 전쟁까지""...치솟는 나프타값, 석화 구조조정 먹구름",2026-03-09 21:51:33,real_assets
환율,"온다스 홀딩스, 4분기 매출 3천만 달러..적자 2천만 달러 확대",2026-03-09 21:53:05,real_assets
WTI,"유가 119달러 쇼크에 아시아증시 ""패닉""...코스피 6% 폭락",2026-03-09 22:27:39,real_assets
국제유가,"유가 급등과 중동 갈등, 유나이티드에어라인 연료비 직격탄",2026-03-09 23:04:00,real_assets
환율,"퀘넥스빌딩프로덕트, 1분기 매출 소폭 성장에도 실질 수요 부재·불확실성 우려",2026-03-09 23:23:56,real_assets
환율,"팜파 에너지아, 2025 회계연도 순이익 4,957억 페소..배당 없이 전액 재투자",2026-03-10 00:50:58,real_assets
채권금리,"크레센트 에너지, 6억 달러 전환사채 발행..고금리 부채 상환",2026-03-10 05:07:31,domestic_bond
채권금리,"방코 산탄데르 칠레, 160만 UF 규모 채권 발행..2030년 만기 금리 2.40%",2026-03-10 05:16:53,domestic_bond
채권금리,"옥시덴탈페트롤리엄, 채권 공개매수 한도 12억 달러로 확대",2026-03-10 05:21:40,domestic_bond
원유,"반웰 인더스트리즈, 1분기 원유 일평균 950배럴 생산..겨울철 안정 운영",2026-03-10 05:35:52,real_assets
WTI,유가 하루만에 다시 80달러대...뉴욕증시 반색,2026-03-10 05:38:10,real_assets
달러강세,"케이시스 제너럴 스토어스, 3분기 순이익 49% 급증·주당 3.49달러",2026-03-10 05:38:42,real_assets
원유,"엠플리파이 에너지, 4Q 순이익 6440만 달러 흑자전환..연간 4400만 달러",2026-03-10 05:39:12,real_assets
국제유가,"기름값, 월 100만원씩 더 들어가""...화물기사·택배 사장님들 ""곡소리"" 난다",2026-03-10 05:54:37,real_assets
국제유가,"청와대 ""고유가 장기화땐 추경도 논의""...李 ""담합에 이익 몇배 제재",2026-03-10 06:11:53,real_assets
기준금리,"엘링턴 파이낸셜, 보통주 월배당 0.13달러·시가배당률 13% 유지",2026-03-10 06:15:51,domestic_bond
원유,"트럼프 ""전쟁 마무리 수순...호르무즈해협 장악도 생각 중",2026-03-10 07:09:25,real_assets
금값,"돌잔치 때 금반지 준다""...이수지 말에 타일러 반응",2026-03-10 08:30:36,real_assets
WTI,"1978년 이란혁명 버금가는 ""오일쇼크""...아시아 사재기 에 유가 ""들썩",2026-03-10 08:44:18,real_assets
WTI,"유가 80달러대로 ""급반전""...뉴욕증시 안도 랠리, 반도체 4% 급등",2026-03-10 09:08:14,real_assets
국제유가,"외국인 1조원대 ""사자""에 코스피 5.35% 급반등...5500선 회복",2026-03-10 09:11:37,real_assets
WTI,"이란, 공군·해군 통신도 없던데?""...트럼프 ""조기 종전"" 자신감에 유가 ↓",2026-03-10 09:16:25,real_assets
WTI,"어제는 지옥, 오늘은 천당""...코스피 5%대 급반등, 매수 사이드카 발동",2026-03-10 09:19:31,real_assets
국제유가,"유가 100달러 돌파""...원유 부국 브라질이 못 웃는 이유",2026-03-10 09:24:59,real_assets
국제유가,"정유주·방산주, 트럼프 ""전쟁 끝낸다"" 발언에 급락...S-Oil, 7%대↓",2026-03-10 09:31:59,real_assets
국제유가,비트코인 주춤해도 스테이블코인은 트렌드...서클 10% 급등,2026-03-10 09:39:07,real_assets
국제유가,"이 대통령 ""석유최고가격제·세제조정·재정지원 속도감 있게",2026-03-10 10:17:45,real_assets
WTI,"트럼프 ""한 마디""에...치솟던 유가 80달러대로 급락",2026-03-10 10:19:20,real_assets
국제유가,"전세금 빼서 ""빚투""했다가 맙소사""...개미들 주식시장서 ""이것"" 공포 스멀스멀",2026-03-10 10:22:11,real_assets
기준금리,"4년간의 담금질""...기아, 상품성 개선 ""더 뉴 니로"" 계약 시작",2026-03-10 10:26:55,domestic_bond
환율,멈춰선 국민소득...1인당 3만6천달러 3년째 제자리,2026-03-10 11:04:37,real_assets
WTI,"Airline stocks rise on strong international travel, stabilizing oil prices",2026-03-10 11:28:59,real_assets
원유,"트럼프 이란 종전 언급에...삼전 주가 9% ""쑥",2026-03-10 11:30:11,real_assets
국제유가,"유가 100불, 올것이 왔다""...韓 경제성장률 전망치 낮아지나",2026-03-10 12:00:00,real_assets
WTI,올 하락 마감 10거래일에 26조 던진 외국인...개미가 33조 받아 방어,2026-03-10 13:04:02,real_assets
국제유가,"국세청, 전쟁發 유가상승 악용 석유 불법유통 점검...세무조사도 병행",2026-03-10 13:34:00,real_assets
원유,"하루 140척 지나던 호르무즈 ""한 자릿수""로...해운업계 대체 항로 모색",2026-03-10 13:37:21,real_assets
국제유가,"고유가에 웃는 ""포스코인터내셔널""...3거래일 30% 뛰었다",2026-03-10 15:05:00,real_assets
국제유가,"삼전 들어갈까?"" 잠깐 고민하는 사이 쓸어담았다...외국인 14일만에 순매수 전환",2026-03-10 15:38:10,real_assets
국제유가,"1.1조 싸들고 국장 돌아온 외국인...코스피, 5% 급등해 5500선 마감",2026-03-10 15:52:18,real_assets
원달러,"에코프로 놔두고 이걸 담았어?""...코스닥 보다 4배 더 뛴 액티브 ETF",2026-03-10 16:23:15,real_assets
국제유가,"100→80달러 ""롤러코스터 유가""에...항공사 손익 계산 ""머리 아프네",2026-03-10 16:39:51,real_assets
국제유가,"중동 전쟁이 드러낸 ""석유의 귀환",2026-03-10 17:12:42,real_assets
원유,건설 노조가 반도체社에 교섭 요구... 현실이 된 노봉법 쓰나미,2026-03-10 17:19:19,real_assets
환율,12년째 국민소득 4만弗 좌절... 결국 관건은 생산성,2026-03-10 17:19:19,real_assets
국제유가,"원재료 값 내렸지만 ""시장 지켜보겠다""...아직도 눈치 보는 라면·과자업계",2026-03-10 17:22:52,real_assets
기준금리,생산적 금융' 팔걷은 국민銀... 중기 대상 저금리 대출 2배로,2026-03-10 17:25:21,domestic_bond
기준금리,양극화의 그늘... 채무조정 신청 20만건 돌파,2026-03-10 17:25:21,domestic_bond
환율,외국환율고시표,2026-03-10 17:25:23,real_assets
금값,"우리 딸 예쁘게 받아주길""...""조카 입양"" 홍석천 상견례에 ""눈물바다",2026-03-10 17:41:03,real_assets
국채,국고채 금리 요동...자금조달 미루는 기업들,2026-03-10 17:45:20,domestic_bond
원유,"트럼프 ""군사목표 대부분 달성""... 추가 공격 여지는 남겨",2026-03-10 17:49:19,real_assets
금값,"달러가 더 매력적""... 지정학 리스크에도 금값 주춤",2026-03-10 17:49:38,real_assets
국제유가,"이란전쟁發 고물가 잡아라"" 지자체 총력",2026-03-10 17:59:10,real_assets
WTI,"유가 불붙자 트럼프 진화나서... 美, 비축유 4억배럴 방출 준비",2026-03-10 18:03:39,real_assets
WTI,트럼프 입에 유가 '롤러코스터,2026-03-10 18:05:05,real_assets
기준금리,"중동 불안 뚫고...회사채 발행 나선 해태제과식품, 발행 비용 낮추며 흥행",2026-03-10 18:17:58,domestic_bond
채권금리,"수자노 파펠 에 셀루로스, 25억 헤알 규모 산림채권 발행 승인",2026-03-10 19:05:58,domestic_bond
환율,"트랜스유니언, 2026년 매출 50억 달러·EPS 2.94달러 전망",2026-03-10 19:17:59,real_assets
달러강세,"윌리스 리스 파이낸셜, 2025회계연도 매출 7억달러·EPS 16달러 사상 최고",2026-03-10 20:02:00,real_assets
달러강세,"ABM 인더스트리즈, 1분기 매출 22억 달러..전년비 6.1% 증가",2026-03-10 20:13:07,real_assets
원달러,"코스피 ""줍줍"" 찬스 왔다""...서학개미, 韓증시 3배 레버리지에 베팅",2026-03-10 21:30:02,real_assets
WTI,"트럼프 말 한마디에 유가 롤러코스터...세계 증시도 덩달아 ""출렁",2026-03-10 22:01:47,real_assets
환율,"엔화가 반값?""...토스뱅크, 앱 환전 오류 사태에 ""현재 정상화 단계",2026-03-10 22:19:07,real_assets
환율,토스뱅크 오류... 엔화 반값에 거래,2026-03-10 22:55:46,real_assets
원유,"UAE 국영 석유사 정유단지 드론 공습으로 화재...""가동 중단",2026-03-10 23:04:50,real_assets
원유,"탑 쉽스, 순자산가치 2억8900만 달러..시장가 대비 91% 할인",2026-03-10 23:16:51,real_assets
기준금리,"파이낸스 오브 아메리카 컴퍼니스, 2025년 EPS 175% 급증·펀딩 24억달러",2026-03-11 05:10:33,domestic_bond
채권금리,"무그, 5억 달러 선순위 채권 발행..기존 부채 조기 상환",2026-03-11 05:12:15,domestic_bond
채권금리,"이큐티, 최대 11억5000만 달러 선순위채권 공개매수 개시",2026-03-11 05:12:55,domestic_bond
달러강세,"그루폰, 4분기 영업익 2364만 달러 흑자전환..매출 2% 증가",2026-03-11 05:17:06,real_assets
환율,"아우나, 2025 회계연도 매출 4% 성장·43억9000만 솔 기록",2026-03-11 05:18:56,real_assets
기준금리,"발히, 4분기 순손실 5320만 달러..화학 부문 부진으로 적자전환",2026-03-11 05:19:36,domestic_bond
환율,"인베스코, 2월 AUM 2조2577억 달러..전월비 1.2% 증가",2026-03-11 05:22:17,real_assets
원유,"전쟁 끝? 누구 마음대로""...석유 한 방울도 수출 않겠다는 이란",2026-03-11 05:39:36,real_assets
기준금리,"코로나 때 진 빚, 인생의 족쇄네요""...""못 갚겠다"" 신청 20만건 넘었다",2026-03-11 06:02:31,domestic_bond
기준금리,20년할부 아파트·보증금지원 원룸까지...서울시 7.4만 청년주택 공급,2026-03-11 06:03:13,domestic_bond
환율,"파닉스 뉴 미디어, 4분기 순이익 650만 달러 흑자 전환..유료 서비스 42% 급증",2026-03-11 06:11:32,real_assets
원유,"트럼프 ""이란 기뢰부설 선박 10척 완파""...호르무즈 해협 긴장 고조",2026-03-11 06:31:43,real_assets
원유,"트럼프 ""기뢰부설용 이란선박 10척 타격...완전 파괴",2026-03-11 06:40:45,real_assets
WTI,전쟁 공포 식자 국제유가 급락...하루 만에 11% 빠져 80달러대,2026-03-11 06:45:57,real_assets
환율,"자산 1230조"" 머스크, 2년 연속 세계 부자 1위...이재용 95위",2026-03-11 06:56:19,real_assets
국제유가,"요즘 국장, 코인판 같아요""...변동성 커진 W자 증시, 공포 언제 끝나나",2026-03-11 09:06:58,real_assets
국제유가,"호르무즈 발언 번복에 롤러코스터""...뉴욕증시 혼조 마감",2026-03-11 09:17:56,real_assets
WTI,"금융·조선주 급등...코스피, 외국인 매도에도 2%대 ""안도 랠리",2026-03-11 09:28:45,real_assets
원유,"전쟁통에도 반도체 수출은 ""폭발""...3월 초순 수출 215억달러 ""역대 최대",2026-03-11 09:30:28,real_assets
달러강세,"유가 안정 기대·자사주 소각에...코스피, 장 초반 2% 상승 출발",2026-03-11 09:54:22,real_assets
환율,"엔화 반값"" 토스 7분간 100억대 손실...오류거래 취소 가능성은",2026-03-11 10:00:01,real_assets
국제유가,"치솟던 기름값 꺾였다...국제유가 급락에 휘발유·경유 가격 ""뚝",2026-03-11 10:13:08,real_assets
WTI,"월가*가상자산 콜라보""...24시간 개장 시대 내년 열린다",2026-03-11 10:16:59,real_assets
환율,"연금특화 NH-Amundi ""하나로 TDF"" 순자산 1조 넘어",2026-03-11 10:19:04,real_assets
국제유가,"이란 사태에 횡재세 다시 수면위로...장철민 ""초과소득 20% 추가 과세",2026-03-11 10:20:28,real_assets
기준금리,"0.1% 더 드릴게, 그만 빼시죠""...증시로 돈 몰리자 은행 예금금리 줄인상",2026-03-11 10:20:40,domestic_bond
환율,"엔화가 반값?"" 토스뱅크 환전 오류에 금감원 급파",2026-03-11 10:28:40,real_assets
국제유가,"경유 유가연동보조금 2개월 연장...""25톤 화물차 월 44만원 절감",2026-03-11 10:40:01,real_assets
국제유가,"우크라이나엔 미사일 퍼부으면서""...이란 전쟁엔 중재 나선 푸틴",2026-03-11 10:41:25,real_assets
국제유가,"싼 주유소 찾아다니기 왕짜증, 그래서 바꾸려고""...요즘 전기차 문의 불난다는데",2026-03-11 11:15:38,real_assets
국제유가,"유가급등에 버스업계도 위기...경기도, 662억원 긴급 수혈",2026-03-11 11:28:17,real_assets
국채,"미래에셋증권, 개인투자용국채 이달 청약",2026-03-11 13:06:58,domestic_bond
국제유가,"기름값 폭등에 美 물가 ""경고등""...항공·농가·유통 줄줄이 타격",2026-03-11 13:25:49,real_assets
기준금리,"수익성 비상에 주고객 외면?...지방은행 대출, 대기업 늘고 중소기업 줄고",2026-03-11 13:43:22,domestic_bond
WTI,"갈기갈기 찢긴 회사, 그런데 더 부유해졌다...악당의 길 택한 혁신가",2026-03-11 15:00:00,real_assets
기준금리,"33조 역대급 ""빚투"" 주의보...금감원 ""리스크 관리"" 강조",2026-03-11 15:20:17,domestic_bond
원유,韓 호르무즈 물동량만 1억202만t...전체 물동량 7.61% 차지,2026-03-11 15:36:13,real_assets
기준금리,"자금난 호소한 광주 기업들...광주상의, 금융기관과 지원 해법 모색",2026-03-11 15:48:38,domestic_bond
환율,"줄어드는 교전 긴장감...상승 출발했던 코스피 ""5600선"" 지키며 마감",2026-03-11 16:01:26,real_assets
국제유가,"춘천시, 중동 발 ""민생 위기"" 생활 안정으로 잡는다",2026-03-11 16:03:56,real_assets
환율,2만원대 '카베르네 소비뇽'...와인 초보도 맛있게 즐겨요,2026-03-11 16:05:42,real_assets
국제유가,호르무즈 해협 봉쇄가 불러온 위기... 韓산업이 가야할 길은,2026-03-11 16:09:41,real_assets
기준금리,"서울 옆 사무실 자리 있나요""...합리적 비용·효율적 업무환경 따지는 기업들",2026-03-11 16:20:46,domestic_bond
원유,"이란 사태가 비트코인에 미치는 영향, 베네수엘라와 급이 달라",2026-03-11 16:25:03,real_assets
WTI,"국제유가 내렸다던데 딴나라 얘기?""...한국 수입 가격표 아직 ""100달러"" 왜",2026-03-11 16:56:21,real_assets
국제유가,기름값 오를 때마다 등장하는 포퓰리즘 세금 '횡재세,2026-03-11 17:03:11,real_assets
국제유가,"구윤철 ""석유 최고가격제 2주 단위로 시행",2026-03-11 17:28:14,real_assets
환율,외국환율고시표,2026-03-11 17:35:32,real_assets
환율,토뱅 '반값 엔화' 오류에 관련거래 정정·취소키로,2026-03-11 17:35:33,real_assets
원유,호르무즈 해협 봉쇄 지속에 LG화학도 원료공급망 쇼크,2026-03-11 17:44:06,real_assets
금값,"1400만원까지 뛸 수 있다고?...인류의 ""보물"" 금의 역사",2026-03-11 17:47:25,real_assets
기준금리,"NH증권, IMA 3호 사업자 눈앞",2026-03-11 17:49:49,domestic_bond
국제유가,"정부 기름값 잡기 안간힘... ""최고가격제 2주 단위로 고시",2026-03-11 17:56:24,real_assets
국제유가,"정부, 시장에 비축유 푸나... ""IEA와 공조 논의",2026-03-11 17:56:25,real_assets
국채,분리과세로 세금 깎아준다더니... 건보료가 개인 투자 발목잡나,2026-03-11 17:56:57,domestic_bond
국제유가,"에너지값 급등에 비용부담 쑥 철강株, 지수반등에도 '비실",2026-03-11 17:57:37,real_assets
국제유가,"러, 원유 수출늘고 제재해제도 기대...中, 군사용 희토류로 美협상력 높여",2026-03-11 17:59:17,real_assets
국제유가,"트럼프 '호르무즈 사수' 올인... 이란은 ""올테면 와봐라",2026-03-11 17:59:17,real_assets
국제유가,정유사 '횡재稅' 또 등장,2026-03-11 17:59:58,real_assets
국채,"분리과세 소득, 건보료 적용 놓고 '우왕좌왕",2026-03-11 17:59:59,domestic_bond
국제유가,정유사 횡재세 또 등장...정치권도 기름값과의 전쟁,2026-03-11 18:12:52,real_assets
환율,"플래티넘 그룹 메탈스, 최대 6000만 달러 규모 ATM 프로그램 개시",2026-03-11 19:02:54,real_assets
환율,"우라늄 로열티, 1분기 매출 1,662만 달러·영업익 292만 달러 흑자전환",2026-03-11 19:03:04,real_assets
원유,호르무즈 해협·UAE 해안서 화물선 연이어 피격...선원들 대피,2026-03-11 19:03:11,real_assets
국채,"수자노 파펠 에 셀루로스, 1억7900만 헤알 규모 15년 만기 채권 발행 승인",2026-03-11 19:06:15,domestic_bond
원유,"LG화학도 ""일부 수출 불가항력 가능성""...중동발 원료 수급난 악화",2026-03-11 20:18:44,real_assets
국채,"분리과세 소득 건보료 적용 ""헷갈리네""...부과면제 방침 법근거 없어",2026-03-11 20:35:11,domestic_bond
기준금리,"피프스 써드 뱅코프, 2026년 1분기 순이자수익 19억3000만 달러 전망",2026-03-11 21:02:05,domestic_bond
기준금리,"애셋 엔터티스, SATA 배당률 12.75%로 상향·주당 1.06달러 지급",2026-03-11 21:02:35,domestic_bond
국제유가,"호르무즈 치킨게임...이란 기뢰 설치에 미국 ""부설함 16척 격침",2026-03-11 21:10:49,real_assets
국제유가,美 2월 소비자물가 전년대비 2.4%상승...유가급등 전 물가반영,2026-03-11 21:55:14,real_assets
원유,"코디악 가스 서비시스, 7억5000만 달러 규모 2031년 만기 채권 발행",2026-03-11 22:04:59,real_assets
국제유가,"유가 200달러 각오하라""...호르무즈 해협서 선박 잇단 피격",2026-03-11 22:37:43,real_assets
채권금리,"캘리포니아 리소시즈, 2034년 만기 채권 2억5000만 달러 추가 발행",2026-03-11 22:43:00,domestic_bond
원유,"IEA, 전략비축유 4억 배럴 공동 방출키로...역대 최대량",2026-03-11 23:09:41,real_assets
국제유가,美소비자물가 '안도'... 금리동결 유력,2026-03-11 23:13:57,real_assets
국제유가,"IEA, 사상최대 비축유 방출 승인...일본·독일 등 각국 동참",2026-03-11 23:19:23,real_assets
국제유가,IEA 역사상 6번째 비축유 방출 결정,2026-03-11 23:19:44,real_assets
국제유가,"한국, IEA 할당분 비축유 방출... 2246만 배럴 ""역대 최대",2026-03-12 00:00:37,real_assets
국제유가,러·우크라전 공급 2배 규모... 호르무즈 봉쇄 4개월 버틸양,2026-03-12 00:33:56,real_assets
국제유가,IEA 역대최대 비축유 방출,2026-03-12 00:34:07,real_assets
달러강세,"데니슨 마인스, 2025년 매출 39.8백만 달러..전년비 42.5% 증가",2026-03-12 02:16:44,real_assets
채권금리,"페로비알, 5억 유로 규모 채권 발행 완료..만기 2032년·이율 3.625%",2026-03-12 04:34:56,domestic_bond
기준금리,"에이치비티 파이낸셜, 8천500만 달러 후순위채 발행..자본 확충",2026-03-12 05:24:18,domestic_bond
채권금리,"스텔란티스, 50억 유로 규모 영구 하이브리드 채권 발행",2026-03-12 05:35:58,domestic_bond
국제유가,중동전쟁에 러시아 반사이익...원유 수출 늘고 제재 해제도 기대,2026-03-12 06:00:05,real_assets
국채,"분리과세 소득 건보료 규정 모호...""생산적 금융"" 투자 걸림돌",2026-03-12 06:00:26,domestic_bond
WTI,"뉴욕증시, 유가 상승 속 혼조세로 마감...다우는 0.61% 하락",2026-03-12 06:08:09,real_assets
달러강세,"데카르트 시스템스 그룹, 2026 회계연도 4분기 매출 1억9280만 달러..전년비 15% 증가",2026-03-12 06:48:11,real_assets
WTI,"사상 최대 규모 비축유 방출 결정했는데...5% 오른 국제유가, 왜?",2026-03-12 07:36:06,real_assets
국제유가,"우리가 이겼다""...이란 전쟁 승리했다는 트럼프가 강조한 ""임무 완수"", 뭐길래",2026-03-12 08:04:58,real_assets
환율,"미국, 한국 대상 ""무역 301조"" 조사 착수...""과잉생산·무역장벽 들여다볼 것",2026-03-12 08:12:03,real_assets
WTI,"전략 비축유 ""조금"" 줄이겠다""...방출 시사한 트럼프, 얼마나 풀까",2026-03-12 08:14:11,real_assets
WTI,"1억7200만 배럴 방출할 것""...""비축유 줄이겠다"" 약속 지킨 트럼프",2026-03-12 08:28:26,real_assets
WTI,"전쟁 터졌다고 ""안도 랠리""?...다우지수가 보여준 반전의 ""전쟁 법칙",2026-03-12 08:44:39,real_assets
국제유가,"치솟는 기름값 너무 힘들어요""...특단대책 내놓은 정부에 한은 ""기간은 짧게",2026-03-12 08:51:08,real_assets
국제유가,"유가 92달러 근접...뉴욕증시 혼조 마감, 전쟁 장기화 우려 지속",2026-03-12 09:06:59,real_assets
원유,"삼정KPMG ""중동 충돌, 자원·물류·AI 결합한 복합 위기",2026-03-12 09:22:14,real_assets
환율,"NHN클라우드, 일본 최대 IT 전시회 ""2026 재팬 IT 위크"" 참여",2026-03-12 09:27:48,real_assets
달러강세,"오이솔루션, 증권사 목표가 상향에 강세...5.55%",2026-03-12 09:36:37,real_assets
환율,"개별주식 어지러워, 갈아탄지 좀 됐어""...""순자산 1조 클럽"" ETF 80개 육박",2026-03-12 09:47:55,real_assets
환율,"NHN클라우드, ""2026 재팬 IT 위크"" 참여...日 특화 클라우드 인프라·솔루션 선",2026-03-12 09:52:13,real_assets
WTI,"이란 전쟁으로 원유 부족 우려...유가 반등에 ""정유주"" 줄줄이 오름세",2026-03-12 09:57:29,real_assets
환율,"태국 ATM서 카드 없이 QR로 현금 인출""...GLN, QR출금 서비스 개시",2026-03-12 10:00:22,real_assets
금값,마케팅비 부담에 발목 잡힌 농심 4분기 실적...유럽법인이 새 돌파구 될까,2026-03-12 10:16:21,real_assets
WTI,이란 전쟁에 미국 금리인하 물건너가나...미국채 10년물 4.2% 넘어,2026-03-12 10:21:15,real_assets
환율,"삼성전자 쓸어 담고, 기아·하이닉스는 ""팔자"" 나서",2026-03-12 10:23:04,real_assets
국채,"벚꽃추경 실탄 착착""...달아오른 부동산·증시 덕에 1월 나라살림 11조 흑자",2026-03-12 11:06:55,domestic_bond
기준금리,"서울 지역 사장님들, 마통 뚫으세요"" 카뱅·케뱅, 소상공인 전용 상품 출시",2026-03-12 11:15:13,domestic_bond
원유,"고유가 시대 대안?...원전, 차세대 에너지원으로 꼽히자 주가도 UP",2026-03-12 11:20:01,real_assets
원유,"석유 싸게 샀으니 싸게 팔라고? ""논리의 함정"" 경계해야",2026-03-12 11:34:58,real_assets
원유,"세계 억만장자들의 럭셔리 휴양지, 삽시간에 ""유령도시"" 됐다",2026-03-12 14:02:47,real_assets
국제유가,"국제유가 다시 100달러 돌파...""중동 유조선 꼼짝 못해, 비축유 좀 푼다고 되겠나",2026-03-12 15:27:55,real_assets
원유,"금감원, 변동성 커진 원유 ETF 변동성 점검...""투자자 손실 위험 안내 강화를",2026-03-12 15:52:49,real_assets
기준금리,강남부터 흔들린 아파트값... 5월 9일 이후 '보유세'가 분수령,2026-03-12 16:14:06,domestic_bond
WTI,거세지는 美·이란 전쟁 후폭풍...삼전닉스 주가에 쏠린 눈,2026-03-12 16:19:17,real_assets
국제유가,"네 마녀"" 심술 안통했다...개인 2.2조 매수덕에 버틴 코스피",2026-03-12 16:19:27,real_assets
WTI,"국제유가 200달러 만들 것""...이란 경고에 바로 100달러 돌파",2026-03-12 16:40:22,real_assets
기준금리,"시장 이기는 정부, 정부 이기는 시장",2026-03-12 17:03:01,domestic_bond
채권금리,"미국에만 있는 전세계서 가장 큰 자판기 ""이것""까지 뽑는다는데",2026-03-12 17:30:00,domestic_bond
기준금리,"화약고' 호르무즈 리스크에...당국, 보험사 선박보험 점검",2026-03-12 17:42:50,domestic_bond
환율,외국환율고시표,2026-03-12 17:42:52,real_assets
국제유가,세계 경제 뒤흔드는 국제유가,2026-03-12 17:43:49,real_assets
기준금리,"중동전쟁에 불확실성 커져""... 한은, 통화정책 중립모드로",2026-03-12 17:46:02,domestic_bond
WTI,강남 고급 재건축도 공사비 못내 입주 차질,2026-03-12 17:46:03,real_assets
국제유가,"모즈타바 첫 메시지는 강경 대응...""피의 복수 주저하지 않겠다",2026-03-12 17:51:36,real_assets
원유,"美, 1.7억배럴 비축유 방출... 전체의 40%",2026-03-12 18:01:00,real_assets
WTI,"하루 만에 25% 급등한 ""이 종목""...유가 급등에 신재생에너지 뜬다",2026-03-12 18:13:43,real_assets
환율,"관세 집착하는 미국, 한중일에 ""무역법 301조"" 조사 착수",2026-03-12 18:32:07,real_assets
환율,"오늘만큼은 삼전닉스 안부럽네요""...네 마녀의 날도 버틴 중소형주",2026-03-12 18:33:42,real_assets
채권금리,"방코 산탄데르 칠레, 2천만 달러 규모 달러화 채권 발행",2026-03-12 19:04:26,domestic_bond
채권금리,"코디악 가스 서비시스, 10억 달러 채권 발행..기존 고금리 채권 조기상환",2026-03-12 19:05:06,domestic_bond
원유,"프로프랙 홀딩, 4Q 조정EBITDA 49% 급등·6100만 달러",2026-03-12 19:09:07,real_assets
국제유가,"정유사 공급가 '꽁꽁' 묶고, 폭리 주유소 단속까지",2026-03-12 19:09:37,real_assets
원유,"에코페트롤, CEO 형사 기소로 거버넌스 리스크 부상",2026-03-12 19:11:18,real_assets
WTI,경유 90원·휘발유 50원 이상 싸진다...최고가격제 13일 발효,2026-03-12 19:14:27,real_assets
달러강세,"케논 홀딩스, 2025년 EBITDA 32% 증가·16억 달러..미국 부문 71% 급증",2026-03-12 19:38:24,real_assets
국제유가,휘발유 출고가 1724원·경유 1713원...석유 최고가격제 내일 시행,2026-03-12 20:03:24,real_assets
달러강세,"선벨트 렌털스 홀딩스, 3분기 매출 26억 달러..전년비 2.7%↑",2026-03-12 20:25:15,real_assets
WTI,휘발유 최고 공급가 1724원·경유 1713원,2026-03-12 20:28:52,real_assets
국제유가,"정부 기름값 전쟁...정유사 공급가 ""꽁꽁"" 묶고, 폭리 주유소 단속까지",2026-03-12 22:19:21,real_assets
기준금리,"라이프라스, 2025년 매출 1159억 엔..순이익 22% 감소",2026-03-13 05:07:16,domestic_bond
채권금리,"런웨이 그로스 파이낸스, 4분기 순투자수익 1160만 달러·주당 0.32달러 기록",2026-03-13 05:08:46,domestic_bond
환율,"아퍄, 2025년 순이익 40% 배당 결정..6330만 달러 주주 환원",2026-03-13 05:15:58,real_assets
달러강세,"제지, 2분기 매출 830만 달러로 18% 증가..EPS 0.06달러 흑자전환",2026-03-13 05:20:38,real_assets
WTI,"브렌트유 다시 100달러, 美증시 급락...이란 ""피의 복수 나설 것",2026-03-13 05:21:54,real_assets
원유,"다이아몬드백 에너지, 1100만주 규모 2차 공모 실시",2026-03-13 05:27:00,real_assets
원유,"마크 내추럴 리소시스, 4분기 매출 3억8800만 달러..연간 매장량 109% 급증",2026-03-13 05:53:26,real_assets
환율,"ESAB, 10억 달러 선순위 채권 발행..Eddyfi 인수 자금 조달",2026-03-13 05:54:56,real_assets
원유,"NGL 에너지 파트너스, 9억5000만 달러 선순위 담보대출 마감..우선주 19만5000주 매입",2026-03-13 05:55:57,real_assets
채권금리,"피나클 웨스트 캐피탈, 6억 달러 채권 발행..발행비용 149만 달러",2026-03-13 06:08:49,domestic_bond
원유,"발코에너지, 2025년 4분기 적자전환..손상차손 6720만 달러 영향",2026-03-13 06:10:13,real_assets
원유,"총리실 ""미국 부통령, 韓 대미투자법 통과 환영 뜻 밝혀",2026-03-13 06:24:06,real_assets
기준금리,"주가 어디로 튈지 모르겠다고? 이걸 알면 보이던데""...채권고수의 투자노트 엿보니",2026-03-13 08:00:00,domestic_bond
WTI,"유가 10%나 급등했다""...트럼프 보다 입김 센 이란 최고지도자의 한마디",2026-03-13 08:01:18,real_assets
기준금리,"애큐온 매각 ""속도""... 안정성에 원매자 ""관심",2026-03-13 08:50:22,domestic_bond
WTI,유가 100달러 돌파에 뉴욕증시 급락...다우 4만7000선 붕괴,2026-03-13 09:05:15,real_assets
국제유가,"이란戰에 물가 심상치않아, 이러다 스태그플레이션""...노벨상 경제학자의 경고",2026-03-13 09:16:52,real_assets
국제유가,"또 코스피 2%대 급락...유가 급등·호르무즈 봉쇄 의지에 투심 ""꽁꽁",2026-03-13 09:31:53,real_assets
환율,이 대통령 지지율 66%...민주 47%·국힘 20%,2026-03-13 10:04:58,real_assets
WTI,"이란 소식 불안감에 잠못 이룰 판""...삼전닉스 4%대 하락 출발",2026-03-13 10:10:43,real_assets
환율,"이 대통령 지지율 66% ""최고치""...모든 지역 휩쓸어",2026-03-13 10:14:39,real_assets
WTI,"물가 박살내고 아주 작은 대가?...지금 미국선 ""이게 다 트럼프 때문이다",2026-03-13 10:15:01,real_assets
달러강세,"두산에너빌리티 ""올해 가시화될 수주 성장세"" 증권사 발표에 강세...3.19%",2026-03-13 10:42:15,real_assets
국제유가,중동 긴장 고조에...원화값 1500원대 턱밑,2026-03-13 10:42:44,real_assets
환율,"우리은행, 외국인 관광객 전용 선불카드 4월 출시한다",2026-03-13 10:43:26,real_assets
기준금리,롤러코스터 증시에 영향력 커진 ETF...순자산 400조 육박·1조 클럽 78개,2026-03-13 10:58:01,domestic_bond
WTI,"Gov""t implements fuel price cap system amid rising oil prices",2026-03-13 11:04:23,real_assets
국제유가,"호르무즈 막히자 러시아 ""돈방석""...하루 2200억원 번다",2026-03-13 11:04:34,real_assets
WTI,중동 전쟁 장기화 되나...시장 공포지수 최고조,2026-03-13 11:10:21,real_assets
달러강세,"네덜란드 최대 자산운용사 로베코 ""한국 증시 급락 단기적...우량주 투자 기회",2026-03-13 14:33:14,real_assets
환율,변화를 기회로 만드는 AI력 外,2026-03-13 15:15:57,real_assets
달러강세,"현기증 나는 ""롤러코스피""...동학개미 몰린 피난처는",2026-03-13 15:38:40,real_assets
기준금리,헤일로·수니콘·특정금전신탁,2026-03-13 15:41:32,domestic_bond
국제유가,"美 전역 기름값 3달러 넘어, 호르무즈 쇼크 덮쳤다",2026-03-13 15:43:14,real_assets
기준금리,천당과 지옥 사이...코스피의 줄타기,2026-03-13 15:47:05,domestic_bond
기준금리,과열이냐 K디스카운트 해소냐...숨 가쁜 코스피 랠리의 두 얼굴,2026-03-13 15:47:26,domestic_bond
환율,피지컬 AI 밸류체인 덕분인가...드디어 살아나는 LG그룹주,2026-03-13 15:47:48,real_assets
기준금리,청약 고민 중?...안 보면 후회할 9곳,2026-03-13 15:48:38,domestic_bond
달러강세,"전쟁 방정식을 바꾸다...""AI 지휘관",2026-03-13 15:49:10,real_assets
환율,"외형 성장 멈추고 ""집단 소송""까지...네이버웹툰 발목 잡은 두 개의 장애물",2026-03-13 15:51:33,real_assets
WTI,"이란 전쟁, 트럼프 승부수냐 자충수냐",2026-03-13 15:53:27,real_assets
WTI,"유가 100달러 재돌파...""200달러 쇼크"" 현실화되나",2026-03-13 16:20:51,real_assets
기준금리,"식당이 미디어가 되는 시대...외식 브랜드의 ""미디어화 전략",2026-03-13 16:30:47,domestic_bond
원유,"매일 2200억원씩 꽂힌다""...""이란 전쟁"" 진정한 승자는 이 나라",2026-03-13 16:45:33,real_assets
국제유가,"李 ""바가지 신고하세요""...석유 최고가격제 위반 주유소 신고 당부",2026-03-13 17:13:44,real_assets
국제유가,원/달러 환율 야간 거래 장중 1500원 또 넘어,2026-03-13 17:21:42,real_assets
국제유가,"치솟는 기름값에 덜덜... ""중고차, 전기차로 살까",2026-03-13 17:28:28,real_assets
금값,오래된 집 바닥 뜯었더니 금화 400개 우수수...현재 가치는 무려?,2026-03-13 17:37:03,real_assets
국제유가,"이란 ""美 연계된 석유시설에 보복""... 美, 러 원유 수입 한시허용",2026-03-13 17:48:57,real_assets
국채,추경 속도전...물류업·소상공인 집중 지원,2026-03-13 17:51:15,domestic_bond
국제유가,세계최대 코인거래소에 코리아ETF 나온다,2026-03-13 17:54:54,real_assets
환율,외국환율고시표,2026-03-13 17:55:31,real_assets
국제유가,유가 부담에... 농어업 면세유 연장 검토,2026-03-13 17:55:32,real_assets
국채,"최대 20조 ""고유가 추경'... 지역화폐 검토",2026-03-13 17:55:35,domestic_bond
환율,원·달러 환율 야간 거래 장중 1500원 넘겨,2026-03-13 18:00:36,real_assets
원유,전통 금융과 가상자산의 대통합...실생활 결제 시대 온다,2026-03-13 18:29:19,real_assets
기준금리,"BRT 아파트먼트, 4Q 순손실 432만 달러..FFO는 주당 0.26달러",2026-03-13 19:03:01,domestic_bond
기준금리,"벨로시티 파이낸셜, 4분기 순이익 3480만 달러..전년비 69% 증가",2026-03-13 19:03:31,domestic_bond
달러강세,"싱잉 데이 스포츠, 5MW AI 데이터센터 10년 임대로 1억 달러 계약 체결",2026-03-13 21:02:55,real_assets
국제유가,"美국방 ""이란 새 최고지도자, 겁에 질려있고 정당성도 없어",2026-03-13 21:14:39,real_assets
원유,"튀르키예 ""이란 허가받아 배 1척 호르무즈 무사 통과",2026-03-13 21:27:48,real_assets
국제유가,"다음 주 이란 매우 강하게 타격할 것""...트럼프 인터뷰 시점은?",2026-03-13 21:49:37,real_assets
국채,"추경안 이달 국회제출 ""속도전""...물류업·소상공인 지원에 쓰기로",2026-03-13 22:11:26,domestic_bond
국제유가,"유가 다시 100달러 ""더 커진 S 공포""...이란 ""호르무즈 계속 봉쇄",2026-03-13 22:18:01,real_assets
국제유가,고유가·저성장 이중고... 美 금리인하 딜레마 커져,2026-03-13 23:17:21,real_assets
국제유가,유가 다시 100弗 더 커진 'S 공포,2026-03-13 23:17:51,real_assets
채권금리,"캐피탈 클린 에너지 캐리어스, 4분기 순이익 37% 급증·2,840만 달러",2026-03-14 00:04:59,domestic_bond
기준금리,"뉴텍 비즈니스 서비스, 보통주 배당 주당 0.19달러 결정..4월 1일 지급",2026-03-14 01:30:00,domestic_bond
환율,"몰레큘러 파트너스, 2025년 매출 無...영업손실 5%↓·신약 임상 진행",2026-03-14 02:31:31,real_assets
WTI,"비테스 에너지, 2027년까지 원유 헤징 대폭 확대..배당 안정성 강화",2026-03-14 05:12:09,real_assets
기준금리,"아머 레지던셜 REIT, 포트폴리오 214억 달러·배당수익률 16% 유지",2026-03-14 05:16:00,domestic_bond
채권금리,"칼루멧 스페셜티 프로덕츠 파트너스, 선순위채 1.5억 달러 추가 발행",2026-03-14 06:16:01,domestic_bond
국채,"인베스코 모기지 캐피탈, 3월 배당 주당 0.12달러 선언..4월 14일 지급",2026-03-14 06:20:51,domestic_bond
국제유가,전쟁 나면 올랐던 금값...美·이란 전쟁서 추락한 이유는,2026-03-14 06:26:00,real_assets
국제유가,유가 폭등에 발등 찍힌 트럼프...인플레 우려에 금리인하 물건너가나,2026-03-14 06:28:18,real_assets
국제유가,"널뛰는 기름값 신경 안쓸랍니다""...전기차로 눈돌리는 소비자들",2026-03-14 06:33:00,real_assets
국제유가,"자고 일어나니 60만원 ""껑충""...항공권 가격에 비행기 못탄다 ""비명",2026-03-14 07:13:42,real_assets
국채,"최대 20조 ""고유가 추경""...취약계층 현금지원 아닌 지역화폐 검토",2026-03-14 08:03:50,domestic_bond
국제유가,"진짜 야수를 위한 ""한국증시 10배 레버리지"" 나온다...16일 바이낸스 상장",2026-03-14 08:07:45,real_assets
원유,"트럼프 ""이란 하르그섬 석유인프라 제거 안했다...군사목표물은 완전파괴",2026-03-14 08:37:26,real_assets
WTI,유가 꿈틀에 환율 또 1500원 뚫렸다,2026-03-14 09:19:55,real_assets
금값,"여행 블로거인 줄만 알았더니 ""찐금수저""였네...25살에 1.7조 거부된 사연",2026-03-14 09:57:08,real_assets
국제유가,석유 최고가제에 기름값 또 내렸네,2026-03-14 10:50:09,real_assets
국제유가,"가격 통제하고 비축유 방출"" 각국 고유가 대응 안간힘...한국은 ""추경""까지 꺼낸다",2026-03-14 10:50:51,real_assets
원유,"미국의 하르그섬 공격에...이란, 중동내 석유시설 반격 경고<로이터>",2026-03-14 11:03:31,real_assets
채권금리,심상찮은 美 사모대출...잇딴 환매 중단에 월가 우려 목소리,2026-03-14 17:00:00,domestic_bond
원유,"미사일·기뢰에 선원들 죽을 수 있는데...치솟는 운송비에 호르무즈서 ""목숨 건 도박",2026-03-14 20:31:03,real_assets
원유,"트럼프, 한국 등 5개국에 호르무즈 군함파견 요구",2026-03-14 23:55:39,real_assets
기준금리,"롤러코스피인데 빚투 31조, 선넘겠다""...증권사 줄줄이 신용융자 중단",2026-03-15 07:33:32,domestic_bond
기준금리,외국인 쫓아갔더니 돈이 복사...짧은 댓글 하나로 한 달새 1000억 ETF 비결,2026-03-15 10:09:41,domestic_bond
국제유가,"2008년과 소름끼치게 닮아간다""...금융위기 직전과 유사상황 ""경고음",2026-03-15 10:23:14,real_assets
원유,"호르무즈 해협에 ""청해부대"" 투입할까...""미국측 공식 요청은 아직",2026-03-15 10:33:17,real_assets
국제유가,"오일쇼크 오면 화장실도 못가""...50년 전 트라우마 휩싸인 일본, 무슨 일?",2026-03-15 11:21:02,real_assets
WTI,"이란의 역린"" 하르그섬 때린 트럼프...다음주 증시 변동성 또 치솟나",2026-03-15 11:24:59,real_assets
환율,"불기둥 속 ""사전노출"" 논란...3조 몰린 코스닥 액티브 ETF",2026-03-15 13:20:49,real_assets
WTI,수익률 2배는 기본...유가 급등에 난리 난 원유 ETN,2026-03-15 13:22:11,real_assets
국제유가,"지금 기름 ""만땅"" 채워야 하나?""...석유 최고가격제 효과 사흘째 이어져",2026-03-15 14:09:50,real_assets
국제유가,"석유 최고가격제 사흘째...전국 평균 휘발유 1842원, 전날보다 3원↓",2026-03-15 14:38:31,real_assets
국제유가,"항공권 최소 10만원은 오른다고?""...치솟는 유가에 여행객들도 ""벌벌",2026-03-15 14:53:47,real_assets
원유,"트럼프 ""이번엔 품위있게 때렸지만""...이란 하르그섬 지렛대로 호르무즈 압박",2026-03-15 15:21:32,real_assets
국제유가,고유가 시대 에너지 절약이 절실하다,2026-03-15 17:11:25,real_assets
원유,"트럼프 ""군함 보내라""... 국익 우선 원칙 아래 냉철한 판단을",2026-03-15 17:11:25,real_assets
기준금리,"근본적 경영체질 개선""...롯데건설, 대표·임원·팀장급 한 자리 모였다",2026-03-15 17:22:43,domestic_bond
환율,외국환율고시표,2026-03-15 17:38:02,real_assets
기준금리,금리인하 요구권 수용률 '쑥' 작년 가계이자 감면액 337억,2026-03-15 17:38:03,domestic_bond
WTI,미국 FOMC·엔비디아 개발자회의 주목,2026-03-15 17:39:47,real_assets
WTI,원자재 불장 찾아왔지만...품목별 시세 등락 심해 '사이클' 잘 올라타야,2026-03-15 17:39:48,real_assets
기준금리,"임시일용직 소득, 건설 한파로 14년만에 감소",2026-03-15 17:54:23,domestic_bond
국제유가,"AI, 창조적 파괴로 생산성 높여... 새로 생기는 직업이 더 많을것",2026-03-15 17:54:54,real_assets
국제유가,"노벨 경제학자의 경고...""한국, 실패 두려워하다간 미래설계 실패",2026-03-15 17:58:13,real_assets
국제유가,현 금융시장 2008년 금융위기 직전과 비슷,2026-03-15 17:59:46,real_assets
국제유가,환율 1500원' 뉴노멀 되나...통화가치 하락률 세계최대,2026-03-15 17:59:47,real_assets
원유,"이란, 中선박만 호르무즈 통과""...전쟁자금 확보 목적",2026-03-15 17:59:47,real_assets
국제유가,레드라인 넘은 미국...'이란 경제·석유 생명줄' 하르그섬 때렸다,2026-03-15 17:59:48,real_assets
원유,전쟁 판키우는 美... 韓에 파병 숙제 던졌다,2026-03-15 18:04:10,real_assets
원유,호르무즈 파병 숙제받은 한국...판 커지는 이란전쟁,2026-03-15 18:10:59,real_assets
기준금리,"정 안되면 노가다라도 뛰어야지""...그마저도 월급 깎인 174만원",2026-03-15 18:25:31,domestic_bond
국제유가,지금은 AI 버블 아니다,2026-03-15 19:50:08,real_assets
기준금리,"이자 달란대로 다 주면 바보되죠""...남들은 337억 아꼈다는데",2026-03-15 21:00:19,domestic_bond
원유,"중동전쟁, 원유 넘어 광물대란 우려""...알루미늄 8% 호르무즈 경유",2026-03-16 06:18:22,real_assets
WTI,"완전히 파괴했다""...미국, 이란 하르그섬 공격하자 5000억원 몰린 곳",2026-03-16 08:05:52,real_assets
원유,"하루 뱃삯만 2억을 달라네요""...호르무즈 막히자 해상운임 폭등",2026-03-16 08:45:57,real_assets
WTI,"투자공식 안먹히는 이란전쟁, 수익률 승자는?""...금·나스닥 하락 속 비트코인↑",2026-03-16 08:54:53,real_assets
WTI,"3월 FOMC 앞둔 한국증시 2중고 ""중동리스크·인플레",2026-03-16 09:00:06,real_assets
원유,"트럼프 ""중국, 호르무즈 봉쇄 해제 도와야...미중정상회담 연기할수도",2026-03-16 09:12:43,real_assets
WTI,국제유가 불안에 대체에너지주 주목...SK이터닉스 4.8% 상승 출발,2026-03-16 09:16:11,real_assets
국제유가,"미 유엔대사 ""트럼프, 하르그섬 에너지 인프라 공습할 수도",2026-03-16 09:20:03,real_assets
국제유가,"이란사태 해결기미 안보이지만...코스피 ""5500선"" 회복하며 상승 출발",2026-03-16 09:23:45,real_assets
국제유가,"환율 1497.5원 마감...장중 1500원 터치, 17년 만에 ""심리선"" 위협",2026-03-16 09:33:01,real_assets
원유,"與중동사태 TF ""원전 가동률 60% 후반→80%까지 상향",2026-03-16 09:38:13,real_assets
원유,"호르무즈 봉쇄에 웃는 기업들 어디?...해상 운임 급등에 해운주 ""들썩",2026-03-16 09:41:04,real_assets
국제유가,"이번주 증시도 롤러코스터?""...유가 악재 속 마이크론 실적·엔비디아 GTC 등 주목",2026-03-16 09:51:39,real_assets
국제유가,환율 1500원대로 출발...주간거래서 2009년 금융위기 후 처음,2026-03-16 09:52:11,real_assets
WTI,"17년만에 ""원화값 1500원"" 뚫렸다...고유가에 1520원도 가시권",2026-03-16 10:07:12,real_assets
국제유가,원전·가스터빈 중심 성장세 지속 두산에너빌에 주목,2026-03-16 10:07:12,real_assets
국제유가,원화값 급락에 해외보다 2% 싸진 韓 비트코인,2026-03-16 10:27:00,real_assets
국제유가,"4년 만에 풀리는 일본 비축유...중동 분쟁 장기화에 에너지 안보 ""비상",2026-03-16 13:25:27,real_assets
국채,"조달비용 치솟는 카드사...""내 카드 혜택 줄어들까"" 촉각",2026-03-16 13:26:17,domestic_bond
기준금리,"한양증권, 연 3.5% 이자 RP 첫 특판",2026-03-16 13:27:34,domestic_bond
기준금리,"서울 집값 상승률, 작년 9월 이후 최저치 찍었다",2026-03-16 14:19:02,domestic_bond
국채,"대신증권, 美 장기채 상품 ""환오픈형·환헤지형·타겟수익형""으로 세분화",2026-03-16 14:23:24,domestic_bond
원유,"이란전 최대 승자 된 한국 해운사...빈 유조선 들고가 ""하루 50만달러"" 싹쓸이",2026-03-16 14:41:23,real_assets
원유,"하루 8억 불러도 OK...""유조선 싹쓸이"" 장금상선 자회사 주가 불기둥",2026-03-16 14:45:28,real_assets
국제유가,"뉴욕행 왕복티켓 35만원 더 비싸져...내달 유류할증료 ""최대 3배"" 폭등",2026-03-16 15:36:08,real_assets
국제유가,비트코인 7만4000달러 돌파...금보다 잘 나가는 이유 뭐길래,2026-03-16 15:37:12,real_assets
국채,"與중동사태 TF ""추경안 3월말 국회 제출""...4월 중순 본회의 통과 목표",2026-03-16 16:24:38,domestic_bond
국제유가,뉴욕 왕복 유류할증료 50만원...3배 이상 폭등,2026-03-16 16:25:31,real_assets
국제유가,"이러니 기름값 날뛰면 못버티지""...유가 10% 오를때 제조원가 얼마나 뛰는지 보니",2026-03-16 16:31:18,real_assets
국제유가,"트럼프, 세마리 토끼 모두 놓칠까",2026-03-16 17:11:36,real_assets
기준금리,금고는 지방의 마지막 금융보루...건전성 개선해 국민 사랑방될 것,2026-03-16 17:23:05,domestic_bond
환율,외국환율고시표,2026-03-16 17:23:07,real_assets
기준금리,환율 1500원 '뉴노멀' 돼선 안된다,2026-03-16 17:23:33,domestic_bond
기준금리,국부의 본질과 원인,2026-03-16 17:23:35,domestic_bond
원유,"이틀만에 또 때렸다""...호르무즈 우회 통로 이틀 만에 공격한 이란",2026-03-16 17:29:23,real_assets
국제유가,중동發 위기에 원화 약세... 17년만에 1500원대 추락,2026-03-16 17:32:07,real_assets
환율,당분간 박스권·종목 장세... 텐배거 될 기업 아직 시장에 있다,2026-03-16 17:38:48,real_assets
기준금리,"한양證, 연 3.5% RP 첫 특판",2026-03-16 17:38:50,domestic_bond
달러강세,"EQT, 이란전 우려에 사상 최고가",2026-03-16 17:38:51,real_assets
국제유가,"올여름 항공권, 이달 발권하세요",2026-03-16 17:40:21,real_assets
원유,중동쇼크 플라스틱도 덮쳤다...폴리에틸렌 가격 13% 인상,2026-03-16 17:47:34,real_assets
원유,중동쇼크' 플라스틱까지 덮쳤다,2026-03-16 17:55:48,real_assets
국제유가,"대체 전쟁목표 뭐냐"" 질문에... 트럼프 ""당장 말 못한다",2026-03-16 17:55:52,real_assets
원유,"당정 20조 추경 속도전 ""이달내 편성·4월 처리",2026-03-16 17:57:06,real_assets
국제유가,"치솟는 유가에 다급한 트럼프... ""협조 안한 국가 기억할 것"" 압박",2026-03-16 17:57:17,real_assets
국제유가,"IEA ""아시아 비축유 방출 개시",2026-03-16 17:57:18,real_assets
국제유가,기업 71%가 '원료 절벽' 호소... 이대로면 볼펜도 못만들 판,2026-03-16 17:57:49,real_assets
국제유가,"물가 연쇄폭탄 터지나... IMF ""1년6개월간 오를수도"" 경고",2026-03-16 17:57:49,real_assets
환율,K배터리 조단위 릴레이 수주로 분위기 '업,2026-03-16 17:58:35,real_assets
원유,"사우스 보우, 2025 회계연도 주당순이익 13.5% 증가..1.72달러",2026-03-16 19:03:00,real_assets
국제유가,"물가 연쇄폭탄 터지나...IMF ""1년6개월 동안 오를 수도"" 경고",2026-03-16 19:28:47,real_assets
원유,"세이블 오프쇼어, 日 5만 배럴 원유 운송 재개..4월 첫 판매 시작",2026-03-16 19:42:22,real_assets
원유,"세이블오프쇼어, 연방 명령으로 원유 운송 재개...4월부터 본격 매출 시작",2026-03-16 19:50:33,real_assets
원유,"캐내디언 내추럴 리소시즈, 최대 1억8239만주 자사주 매입·소각 승인",2026-03-16 21:13:26,real_assets
채권금리,"바렉스 이미징, 4.9억 달러 신규 차입으로 재무구조 개선",2026-03-16 21:34:01,domestic_bond
환율,"삼일PwC ""AI 중심 대형딜이 올해 M&A 시장 주도",2026-03-16 21:40:17,real_assets
달러강세,"비트마인 이머전 테크놀로지스, ETH 460만개 보유·총 자산 115억 달러",2026-03-16 21:47:52,real_assets
달러강세,"엠파이어 페트롤리움, 2025회계연도 순손실 7210만 달러..적자 확대",2026-03-17 05:06:43,real_assets
채권금리,"허니웰 인터내셔널, 100억 달러 규모 채권 발행 완료",2026-03-17 05:16:56,domestic_bond
기준금리,"그레이스톤 하우징 임팩트 인베스터스, 4분기 순손실 260만 달러..주당 0.17달러 적자",2026-03-17 05:26:49,domestic_bond
WTI,"W&T 오프쇼어, 4분기 생산량 가이던스 상회·순부채 7400만 달러 감소",2026-03-17 05:33:01,real_assets
달러강세,"큐 바이오파마, 4분기 매출 1292% 폭증·흑자 전환...ImmunoScape와 1500만 달러 계약 체결",2026-03-17 05:41:12,real_assets
원유,"트럼프, 주한미군 숫자 거론하며 한국 호르무즈 파병 재촉구",2026-03-17 06:06:39,real_assets
원유,"하이드마 마리타임 홀딩스, 이사회 임원 니오비 이아세미디 사임 발표",2026-03-17 06:14:55,real_assets
환율,"삼전닉스 이어갈 ""텐배거"" 더 있다""...에이피알 찍었던 남자의 원픽은",2026-03-17 06:18:17,real_assets
원유,UAE 아부다비 내륙 유전까지 때렸다...드론 공격에 화재 발생,2026-03-17 08:04:16,real_assets
환율,"BNK금융, 1분기 순익 2620억 전망...CET1 비율 상승 기대",2026-03-17 08:38:26,real_assets
원유,"Summit Midstream Corp, 2025년 4분기 및 연간 실적 발표, 퍼미안 및 록키 지역 성장 현황 업데이트, 2026년 재무 전망 제시",2026-03-17 08:45:10,real_assets
WTI,"W&T 오프쇼어, 2025년 4분기 및 연간 실적, 연말 확인 매장량, 2026년 전망 발표",2026-03-17 08:46:01,real_assets
달러강세,"연 11% 부담 안고 2조원 빌리더니""... 그대로 비트코인 추매한 ""강철멘탈",2026-03-17 08:52:00,real_assets
기준금리,"이란사태 1년 넘게 이어지면...한국, 최악 상황 시나리오별 분석보니",2026-03-17 08:57:17,domestic_bond
WTI,호르무즈 개방 기대감에 3대 지수 일제히 반등,2026-03-17 08:58:02,real_assets
채권금리,"그레이스톤하우징, 4분기 순손실 260만 달러 적자 전환...포트폴리오 재편 중",2026-03-17 09:00:37,domestic_bond
WTI,"뱃길 뚫리면 다 해결 된다니까""...유조선 호르무즈 통과 소식에 WTI 5%↓",2026-03-17 09:03:27,real_assets
기준금리,새마을금고는 지방의 마지막 금융보루...건전성 개선해 국민 사랑방될 것,2026-03-17 09:16:33,domestic_bond
국제유가,"국제 유가 하락 기대감에...코스피 ""5700선"" 회복하며 연일 상승",2026-03-17 09:30:27,real_assets
국제유가,"이 전쟁 언제 끝나나"" 두바이 파일럿이 본 장기전의 징후들",2026-03-17 10:00:00,real_assets
원유,"미국, 일본에 호르무즈 ""해상연합"" 지지 요청...방위상, 답변 보류",2026-03-17 10:04:30,real_assets
국제유가,"주유소 너무 서둘러 가지 마세요, 내일이 더 쌀수도""...휘발유값 닷새째 하락",2026-03-17 10:05:14,real_assets
원유,"이 대통령 ""車5부제 등 에너지 대책수립...필요시 수출통제 검토",2026-03-17 10:12:37,real_assets
환율,"반도체 핵심 공정 ""심장"" 전력공급장치, 국내 연구진이 완전 국산화해냈다",2026-03-17 10:30:49,real_assets
달러강세,"현대차, ""하드웨어와 데이터를 모두 갖춘 Physical AI 기업"" 증권사 발표에 강세",2026-03-17 10:42:27,real_assets
달러강세,"현대모비스, ""확실한 수주가 보장된 로봇 기업"" 증권사 발표에 강세",2026-03-17 10:43:47,real_assets
원유,"6% 아니고 600%? 인플레 살벌하군""...마두로 축출에도 더 힘들어진 베네수엘라",2026-03-17 11:22:45,real_assets
금값,"금값 채소 걱정 덜어라""... 킴스클럽, 산지 다변화로 제철 물량 ""5배"" 확보 사활",2026-03-17 11:43:51,real_assets
환율,"與 정무위, 19일 당정협 연다...이란 사태·추경 다루고 디지털자산법은 빠져",2026-03-17 12:23:32,real_assets
국제유가,"원화값 1500원""이 뉴노멀? ""전쟁은 일시적이지만 원화값 약세는 구조적 문제",2026-03-17 12:25:03,real_assets
기준금리,금융사 해외 부동산 55조... 전분기 대비 6000억 늘어,2026-03-17 13:13:20,domestic_bond
채권금리,정부 시장달래기에...비우량 회사채 발행도 온기돌아,2026-03-17 13:43:14,domestic_bond
원유,물가상승률 600%...마두로 사라진 뒤 더 나빠진 베네수엘라,2026-03-17 13:47:24,real_assets
WTI,"호르무즈 봉쇄 풀릴까...""유가 급락"" 베팅한 투자자들",2026-03-17 14:33:23,real_assets
환율,"빵값·라면값 잡았지만, 버거값은 왜 못잡나""...외식물가는 여전히 ""고공행진",2026-03-17 15:10:25,real_assets
국제유가,"미국·이란 소통 재개"" ""접촉 없다""...기싸움에 협상 ""불투명",2026-03-17 15:34:44,real_assets
기준금리,"한은 금통위원 ""환율, 걱정할 단계는 아냐...기준금리는 온도차 크다",2026-03-17 15:35:15,domestic_bond
기준금리,"이수형 위원 ""중동 전쟁, 물가·성장에 부담...정확한 영향은 장기화 여부 봐야",2026-03-17 15:40:29,domestic_bond
국제유가,"증권사 CFO·CRO 긴급 소집한 금감원 ""발행어음·IMA 철저 관리",2026-03-17 15:52:16,real_assets
금값,"천정부지 치솟던 금값, 이란 전쟁 이전 수준으로",2026-03-17 16:30:11,real_assets
원달러,"고환율 뉴노멀"" 공포...수출기업도 내수기업도 ""발동동",2026-03-17 16:38:09,real_assets
원유,"한국동서발전, ""초강도 에너지 절감 대책"" 적극 시행...""중동사태 대응",2026-03-17 16:43:42,real_assets
국제유가,"비축유 방출에도 계속 오르잖아""...""중동발 쇼크""에 비명 지르는 일본",2026-03-17 16:50:02,real_assets
환율,"ODM 최강자 코스맥스, 2위와 매출 격차 8000억원대로",2026-03-17 16:55:44,real_assets
원유,트럼프가 맞닥뜨릴 '상처뿐인 승리,2026-03-17 17:42:03,real_assets
달러강세,"비트코인 7만4천弗 안착 세일러, 또 2조원 베팅",2026-03-17 17:50:18,real_assets
원유,원유 한달내 동날수도...최악 대비해 배급제 검토 시작을,2026-03-17 17:57:05,real_assets
기준금리,중동發 에너지 쇼크에 호주 선제적 금리인상,2026-03-17 17:59:47,domestic_bond
WTI,"고유가 패닉 일단 진정... IEA ""필요시 비축유 더 풀 것",2026-03-17 17:59:48,real_assets
원유,"트럼프 ""미군이 韓 방어해 주는데""... 호르무즈 파병 직접 압박",2026-03-17 17:59:49,real_assets
환율,외국환율고시표,2026-03-17 18:04:07,real_assets
원유,"李 ""전쟁 추경 신속 편성 車 5부제 등 대책 수립을",2026-03-17 18:07:58,real_assets
원유,"PELICAN ACQUISITION CORP, 그린란드 에너지와 SPAC 합병 다음주 완료..130억 배럴 원유 매장 잠재력",2026-03-17 19:06:52,real_assets
환율,서학개미 'RIA법안' 통과 눈앞,2026-03-17 19:29:24,real_assets
환율,"텔레셋, 4분기 매출액 9400만 달러..전년비 26% 감소",2026-03-17 20:03:24,real_assets
환율,"정청래 ""내란의 티끌까지도 완전히 청산...국가대도약 시대 열 것",2026-03-17 20:53:35,real_assets
채권금리,"I-80 골드, 프랑코-네바다와 2.5억 달러 로열티 펀딩 완료..구채무 전액 상환",2026-03-17 21:48:53,domestic_bond
원유,"동맹국은 성의를 보여라""...트럼프, 한국·일본 병력 운운하며 ""안보청구서",2026-03-17 22:48:16,real_assets
원유,"그린란드 130억 배럴 원유 개발...펠리컨애퀴지션, SPAC 합병 다음 주 완료 예정",2026-03-17 23:40:53,real_assets
원유,"PELICAN ACQUISITION CORP, 그린란드 에너지와 SPAC 합병 주주 투표 진행",2026-03-18 05:29:53,real_assets
달러강세,"콜게이트 파몰리브, 1분기 매출 51억 달러..전년비 4.9% 증가",2026-03-18 05:38:03,real_assets
WTI,"이란 긴장·유가 반등"" 뚫고 3대 지수 소폭 상승...18일 연준 기자회견에 관심 집중",2026-03-18 06:32:37,real_assets
국채,"美 SEC ""비트코인 증권 아냐""...규제 벗은 가상자산",2026-03-18 06:50:23,domestic_bond
원유,"최대 주주가 무려 사우디 정부""...S-Oil, 중동 전쟁 최대 수혜주 등극",2026-03-18 08:35:19,real_assets
환율,"하나증권 ""우리금융, 1분기 컨센선스 상회 전망...주주환원율 상향도",2026-03-18 08:35:50,real_assets
환율,"룰루레몬 애슬레티카, 2025 회계연도 4분기 및 연간 실적 발표: 매출 성장 및 북미 시장 전략적 집중",2026-03-18 08:41:32,real_assets
WTI,고유가에도 3대 지수 연일 상승...소폭 반등세,2026-03-18 08:59:11,real_assets
원유,"호르무즈 선박에 위협적 존재였다""...이란 미사일 기지 공격한 미군",2026-03-18 09:30:14,real_assets
국제유가,"전쟁나면 하수는 금, 고수는 코인 산다는데...""60일 단타법칙"" 있었다",2026-03-18 10:13:26,real_assets
환율,"나 다시 돌아갈래""...서학개미 국장 오면 양도세 면제",2026-03-18 10:42:17,real_assets
원유,"S-Oil, 증권사 목표가 상향에 강세...3.1%",2026-03-18 10:55:20,real_assets
국제유가,"호주 중앙은행 전격 금리인상, 금리인하 시작도 전에 끝?",2026-03-18 10:56:23,real_assets
환율,"5월까지 돌아오면 양도세 0원...RIA 법안, 서학개미 국장 복귀 이끌 수 있나",2026-03-18 11:03:48,real_assets
기준금리,"중동쇼크에 날뛰던 증시서 발 뺐나""...코스피 거래대금 절반 ""뚝"" 관망세로",2026-03-18 11:10:56,domestic_bond
환율,"어음 대신 코인으로""...자금난 중기 ""구원투수"" K스테이블코인",2026-03-18 11:21:21,real_assets
원유,"강훈식 ""UAE, 한국에 최우선적 원유 공급 약속",2026-03-18 11:34:44,real_assets
국제유가,"강훈식 ""UAE, 한국에 최우선 원유 공급...총 2400만배럴 확보",2026-03-18 11:51:40,real_assets
WTI,"유가 100달러면 그나마 다행""...한국은 150달러에 사온다는데",2026-03-18 14:58:59,real_assets
국제유가,"정부, 원유 위기경보 2단계 ""주의""로 격상...비축유 방출 초읽기",2026-03-18 15:02:38,real_assets
국제유가,"춘천시, 중동發 경제 불안 대응 ""민생경제상황실"" 가동",2026-03-18 15:35:36,real_assets
국제유가,중동전쟁 3주차...궁지몰린 이란 도와줄 유일한 나라 있다는데,2026-03-18 16:00:00,real_assets
환율,"스마트폰으로 담는 빛의 미학""...샤오미코리아, 조세현 작가와 사진 공모전",2026-03-18 16:12:30,real_assets
달러강세,"금감원, 은행에서도 대거 팔린 ETF 점검 나선다",2026-03-18 16:37:42,real_assets
기준금리,"사장님 대출 더 싸게 갈아타세요""...인뱅·핀테크, ""개인사업자 대환"" 시작",2026-03-18 16:48:01,domestic_bond
환율,K자 함정' '무재해2.0' 기획 신선... 청년·근로자 입장도 담아주길,2026-03-18 17:09:01,real_assets
원유,쿠바 최고층 호텔,2026-03-18 17:26:23,real_assets
원유,日 무역수지 두달 만에 흑자 전환,2026-03-18 17:28:46,real_assets
원유,"日, 미국산 원유 수입 늘린다",2026-03-18 17:28:46,real_assets
채권금리,유명무실한 은행 대환대출...1년새 55% 뚝,2026-03-18 17:38:56,domestic_bond
달러강세,"금감원, 은행서 대거 팔린 ETF 점검 나선다",2026-03-18 17:38:56,real_assets
환율,외국환율고시표,2026-03-18 17:38:58,real_assets
원유,"중동發 나프타대란...다급한 석화업계 ""러産 확보하자",2026-03-18 17:39:05,real_assets
원유,UAE서 韓 하루 원유 소비량 8배 확보... 수요억제로 '투트랙' 대응,2026-03-18 17:46:06,real_assets
기준금리,"액티브 ETF 전성시대 ""코스닥 액티브 ETF"" 3월 상장, 투자해볼까?",2026-03-18 17:55:24,domestic_bond
환율,"웨이보, 4분기 매출 4억7330만 달러..전년비 4% 증가",2026-03-18 19:42:29,real_assets
원유,"트럼프, 호르무즈 해협에 ""이용 국가가 책임지게 하면 어떨까",2026-03-18 22:35:47,real_assets
기준금리,美 2월 생산자물가 전년대비 3.4% 급등,2026-03-18 23:13:15,domestic_bond
원유,"해표 식용유, 지속적인 품질 관리로 식탁 가치 높여",2026-03-19 00:00:00,real_assets
국제유가,"美 연준 2연속 금리동결...올해 ""1회 인하"" 전망 유지",2026-03-19 03:02:03,real_assets
국제유가,"원전 깐부"" 덕에 원유 1800만배럴 추가확보...""한국에 우선공급",2026-03-19 03:36:49,real_assets
기준금리,"10년 넣었는데 2.3%가 뭐니?""...수익률 낮은 퇴직연금 퇴출한다",2026-03-19 03:37:21,domestic_bond
국제유가,"美 올해 1회 금리인하...파월 ""스태그플레이션 아니다",2026-03-19 05:23:59,real_assets
WTI,브렌트유 배럴당 110달러 다시 돌파...WTI 100달러 상회,2026-03-19 06:04:05,real_assets
기준금리,"사쳄 캐피탈, 2025회계연도 183만 달러 순이익..흑자 전환 성공",2026-03-19 06:11:54,domestic_bond
원유,"콜리브리 글로벌 에너지, 2025년 개발 중 매장량 30% 증가",2026-03-19 06:14:53,real_assets
달러강세,"내츄럴 가스 서비스, 4분기 매출 4430만 달러..전년비 16% 증가",2026-03-19 06:15:13,real_assets
원유,"PELICAN ACQUISITION CORP, 그린란드 130억 배럴 유전 탐사..올해 시추 착수",2026-03-19 06:17:34,real_assets
WTI,"결국 이란 가스전 폭격...이란 대통령 ""전세계 휩쓸 통제 불능 결과 초래",2026-03-19 06:27:39,real_assets
달러강세,"악텔리스 네트웍스, 4분기 매출 140만 달러..전분기比 113%↑",2026-03-19 06:38:16,real_assets
원유,"트럼프, 호르무즈 안보 책임서 손떼겠다고 압박...""동맹국 정신차리고 나서야",2026-03-19 06:58:44,real_assets
WTI,이란 가스전 피격에 유가 폭등...악재 겹치며 1%대 급락,2026-03-19 08:56:00,real_assets
환율,"직원 평균연봉 2억 육박...""역대급 실적 행진"" 은행권, 주수익원 보니",2026-03-19 09:17:07,real_assets
국제유가,"코스피, 국제유가 급등·美기준금리 동결에 2%대 급락...원화값 1500원대",2026-03-19 09:35:00,real_assets
원유,"슈퍼 금수저 대주주, 무슨짓 했길래""...호르무즈 막혀도 치솟는 K석화기업",2026-03-19 09:35:53,real_assets
국채,커지는 미국 경제 불확실성...차기 연준 의장이 가져올 변화는,2026-03-19 09:36:52,domestic_bond
기준금리,트럼프 때려도 무죄라는 이 기업...역대급 실적 묻어버린 전쟁 악재,2026-03-19 09:37:22,domestic_bond
환율,"원화 월급받느니 차라리 코인으로""...고환율 피난가는 근로자들",2026-03-19 09:39:08,real_assets
기준금리,"한은도 4월에 금리 ""동결"" 가능성...이란 사태로 환율·물가 압박 커져",2026-03-19 09:43:25,domestic_bond
국제유가,"배 3000여척 순식간에 증발""...호르무즈 봉쇄에 선박 통행량 4분의 1토막",2026-03-19 09:43:47,real_assets
국제유가,유가급등에는 장사없네...비트코인 다시 7만1000달러선으로,2026-03-19 09:44:51,real_assets
국채,"페이팔, 스테이블코인 ""PYUSD"" 결제망 70개국 확대",2026-03-19 10:06:58,domestic_bond
WTI,"130달러까지?""...중동 가스전 폭격에 국제유가 재급등",2026-03-19 10:19:58,real_assets
국제유가,중동전쟁 격화에 유가 급등...원전이 대안?,2026-03-19 10:42:49,real_assets
WTI,중동리스크에 사흘 만에 다시 1500원까지 추락한 원화값,2026-03-19 10:47:10,real_assets
기준금리,"미국투자이민 EB-5 시장의 변곡점... 왜 지금 ""인프라 투자이민""인가",2026-03-19 11:00:00,domestic_bond
기준금리,"수신 확보 나선 저축銀...웰컴저축은행, 정기예금 금리 연 3.3%까지 올렸다",2026-03-19 11:08:30,domestic_bond
국채,"스테이블코인 전쟁 2라운드, 3000억달러 시장의 다음 관문",2026-03-19 11:09:33,domestic_bond
원유,"결국 지상군 투입하나...트럼프, 이란 전쟁에 수천 명 추가파병 검토",2026-03-19 11:14:30,real_assets
기준금리,"유가 치솟고 환율은 껑충 뛰고""...""고민 깊어지는"" 한은, 금리 7연속 동결할 듯",2026-03-19 11:15:39,domestic_bond
원유,美日 차세대 원자로 공동 건설...11.5조엔 에너지 투자 발표,2026-03-19 11:23:27,real_assets
기준금리,"당정 ""추경에 중기·소상공인 유가부담 완화 지원 필요",2026-03-19 11:39:52,domestic_bond
국제유가,"일본은행, 기준금리 2회 연속 동결...0.75% 유지",2026-03-19 12:19:01,real_assets
국제유가,"금리보다 유가가 더 무섭다""...증권가, 3월 FOMC에 ""긴축 장기화"" 무게",2026-03-19 14:06:03,real_assets
국제유가,"유가 급등에 대비책 마련...국내 산업계, 공급망 전략 재검토 전망도",2026-03-19 14:15:00,real_assets
원유,"결국 지상군 카드 꺼내나""...美, 수천 명 추가파병 검토",2026-03-19 14:50:11,real_assets
달러강세,"비트코인 290만달러 간다""...이더리움도 초강세 전망한 ""반에크",2026-03-19 14:52:21,real_assets
국제유가,"호르무즈 봉쇄보다 더 큰 ""한방""... 에너지 시설 타격에 전쟁 ""새 국면",2026-03-19 14:54:40,real_assets
기준금리,"카드사 이익 줄고 캐피탈·리스는 급증""...엇갈린 실적",2026-03-19 15:00:34,domestic_bond
환율,"즉각 호르무즈 파병해야"" 국힘 내 커지는 파병론...""대미 협상 주도권 기회",2026-03-19 15:07:47,real_assets
원유,"이 대통령 ""지금은 속도가 생명...전쟁 추경 빠르게 설계해 달라",2026-03-19 15:11:30,real_assets
국제유가,"부천시, ""공공기관 차량 5부제"" 전격 시행",2026-03-19 15:15:34,real_assets
국제유가,"불안정한 기름값에 민생경제 ""흔들""...송언석 ""최악 염두에 둬야",2026-03-19 15:40:35,real_assets
국제유가,"하락은 매수 기회...""국장"" 대장주 줍줍",2026-03-19 15:50:29,real_assets
환율,변동성 큰 장에서도 잘 버티네...바이오ETF 액티브전략 통했다,2026-03-19 16:07:22,real_assets
국제유가,"하이닉스 안 부러워요""...26% 폭등한 SK이터닉스",2026-03-19 16:18:22,real_assets
달러강세,"코스피 5800선 붕괴...유가 급등·파월 매파적 발언에 ""미끌",2026-03-19 16:21:16,real_assets
환율,"은행 순이익 24조 ""역대 최대""...비이자이익 27% 급증",2026-03-19 16:42:50,real_assets
국제유가,"일단 끊고 보자""...유류할증료 12단계 ""폭등""에 3월 항공권 예약 전쟁",2026-03-19 16:51:32,real_assets
원유,호르무즈 위기' 넘을 긴급 처방,2026-03-19 16:52:34,real_assets
WTI,"서울 심장부서 포효하는 BTS""...외신도 환호",2026-03-19 17:18:00,real_assets
국제유가,"중동發 나프타 쇼크, 원유 도입선 다변화 서둘러야",2026-03-19 17:21:47,real_assets
환율,"고환율 시대, 한은총재의 조건",2026-03-19 17:21:48,real_assets
원유,선박 고립에 피해 눈덩이... 韓해운업계 하루에 100억씩 손실,2026-03-19 17:28:12,real_assets
환율,외국환율고시표,2026-03-19 17:31:54,real_assets
기준금리,"이란발 침체 극복""... 경남, 전 도민에 '10만원' 민생지원금",2026-03-19 17:39:28,domestic_bond
원유,이란전 이후 호르무즈 해협 선박 통행량 4분의1로,2026-03-19 17:48:35,real_assets
WTI,가스전 폭격·美반도체 악재... 코스피 5700선으로 미끄러져,2026-03-19 17:50:06,real_assets
국제유가,이란 전쟁에 태양광·풍력株 '날개,2026-03-19 17:50:07,real_assets
국채,"예금 만족 못해""... 개미, 고금리 채권 눈독",2026-03-19 17:55:22,domestic_bond
원유,초유의 에너지 생산기지 상호공격... 석유·가스전 초토화 위기,2026-03-19 17:56:25,real_assets
국제유가,중동戰 직격탄 맞은 원화값 2009년 금융위기 이후 최저,2026-03-19 17:56:26,real_assets
국제유가,고유가 여파에...日·英·유로존도 동결,2026-03-19 17:57:27,real_assets
국제유가,"파월 ""전쟁영향 단기적...연내 1회 인하 유지",2026-03-19 17:57:27,real_assets
원유,日대미투자 2호도 에너지... 美에 SMR 짓는다,2026-03-19 17:57:28,real_assets
국제유가,이·이란 '공멸의 상호폭격' 가스전 폭발에 유가 110弗,2026-03-19 18:01:05,real_assets
환율,與 공소청법부터 본회의 올려... 국힘은 필버 맞불,2026-03-19 18:04:28,real_assets
원유,"발 묶인 韓선박들...""드론파편 떨어지고 눈앞서 화염, 피가 마른다",2026-03-19 18:23:10,real_assets
달러강세,"액센츄어, 2분기 매출 180억 달러·8% 성장..AI 기반 신규수주 221억 달러",2026-03-19 19:44:02,real_assets
환율,"타이탄 머시너리, 4분기 매출 6.4억 달러...적자폭 축소",2026-03-19 20:19:24,real_assets
기준금리,"포워드 인더스트리즈, 2740만 달러 규모 자사주 매입..주당 SOL 보유량 29% 증가",2026-03-19 21:02:02,domestic_bond
원유,"엠파이어 페트롤리움, 1천만 달러 유상증자 100% 초과 청약 완료",2026-03-19 21:20:23,real_assets
기준금리,"영국, 기준금리 3.75% 유지...인하 문구 삭제에 시장 ""긴장",2026-03-19 22:04:54,domestic_bond
원유,"가스전 보복"" 나선 이란...사우디 정유소 타격·카타르 LNG 진화",2026-03-19 22:30:20,real_assets
WTI,"이란 보복에 에너지 시장 ""패닉""...브렌트유 119달러까지 치솟아",2026-03-19 22:53:52,real_assets
원유,"엠파이어페트롤리움, 1천만 달러 유상증자 100% 초과 청약 성공...시장 신뢰 확인",2026-03-19 23:31:05,real_assets
원유,"그랜 티에라 에너지, 콜롬비아 티스키라마 블록 49% 지분 확보로 생산량 5배 증대 목표",2026-03-19 23:41:26,real_assets
기준금리,"캠든 프로퍼티, 15억 달러 규모 신용계약 개정·연장 체결",2026-03-20 02:54:59,domestic_bond
달러강세,"플래닛 랩스, 4분기 매출 8680만 달러·41% 증가..백로그 9억 달러 돌파",2026-03-20 05:09:42,real_assets
기준금리,"아다마스 트러스트, 보통주 배당 0.23달러·우선주 배당 동시 선언",2026-03-20 05:14:35,domestic_bond
달러강세,"ACM 리서치, 2026년 매출 11억~12억 달러·EPS 49% 증가 전망",2026-03-20 05:16:06,real_assets
원유,"트럼프 ""일본 더 나서달라""...다카이치 ""이란 핵보유 용납 못해",2026-03-20 05:17:18,real_assets
기준금리,"서드 코스트 뱅크셰어스, 시리즈A 우선주 배당 주당 16.88달러 확정",2026-03-20 05:22:18,domestic_bond
채권금리,"벙기, 12억 달러 규모 선순위 무담보채권 발행 완료",2026-03-20 05:33:38,domestic_bond
원유,"하루 100억씩 손실보는 중""...""선박고립"" 해운업계 사면초가",2026-03-20 06:03:17,real_assets
환율,평균 연봉 1억2천 찍혔다...직원 수는 줄였는데 역대급 이익 낸 은행,2026-03-20 06:04:22,real_assets
환율,"요즘 물가에 내리는 것도 있네""...롯데·오리온·빙그레 과자값 인하",2026-03-20 06:05:35,real_assets
원유,"DHT 홀딩스, 2025년 연간보고서 제출..2026년 EPS 75% 급증 전망",2026-03-20 06:07:00,real_assets
WTI,"주식계좌, 요즘은 사흘에 한 번 봅니다""...멘탈관리 중요해진 코스피",2026-03-20 06:07:17,real_assets
원유,"유럽·일본 등 7개국 ""이란, 호르무즈 봉쇄 규탄...국제 평화를 위협",2026-03-20 06:40:17,real_assets
원유,"이란 공격 왜 동맹국에 안 알렸냐?""...日기자 질문에 트럼프 ""그럼 왜 일본은",2026-03-20 07:39:15,real_assets
원유,"HD현대, ""정유·로봇"" 수혜주인 줄 알았는데""...목표가 하향, 왜?",2026-03-20 08:26:02,real_assets
WTI,"3대 지수 하락 출발...트럼프 ""확전 자제"" 발언에 약보합 마감",2026-03-20 08:58:30,real_assets
달러강세,"다들 풋 지르는거 보니 여기가 바닥이네""...비트코인 ""역발상"" 내놓은 자산운용사",2026-03-20 09:01:00,real_assets
기준금리,"비트코인 사모으기 위해 ""디지털 크레딧"" 발행...스트래티지 이어 일본 메타플래닛도 합류",2026-03-20 09:02:53,domestic_bond
국제유가,"코스피, 종전 기대·유가 하락 전환에 상승 출발...5800선 회복",2026-03-20 09:21:08,real_assets
국채,"제1회 월드크립토포럼(WCF) 현장 르포 | 에릭 트럼프 ""모든 자산이 토큰이 된다",2026-03-20 09:33:26,domestic_bond
원유,"항공·방산 M&A 잭팟"" 소시어스PE, 이번엔 바이오항공유서 기회 노려",2026-03-20 09:40:35,real_assets
환율,"이 대통령 지지율 67%, 취임 후 최고치",2026-03-20 10:05:56,real_assets
국제유가,"팔만큼 판 거 같은데, 분위기 바뀌면 큰 거 온다""...외국인 ""36조 매도"" 막바지 국면",2026-03-20 10:13:29,real_assets
원유,"SM 에너지, 수익률 38.4% 돌파",2026-03-20 10:13:58,real_assets
환율,이재명 대통령 지지율 취임후 최고치...野 텃밭 영남에서도 60% 넘어,2026-03-20 10:20:03,real_assets
국제유가,미국·이란 전쟁에 대안 떠오른 원자력...두산에너빌에 풀베팅,2026-03-20 10:54:56,real_assets
국제유가,"인플레 압박 ""찬물"" 맞은 코인시장...하룻새 193조원 증발",2026-03-20 10:55:46,real_assets
원유,"산유국 ""미국""에 있어서 다행이다...DL 주가 15%↑",2026-03-20 10:56:46,real_assets
원유,"호르무즈 파병 ""사실상 거부""한 다카이치...한숨돌린 정치권",2026-03-20 11:15:22,real_assets
금값,"안전자산이라 생각했는데""...치솟던 ""금값"" 최근 연일 급락세",2026-03-20 11:20:27,real_assets
국제유가,"나라장터 낙찰됐다더니..."" 공무원 사칭 ""대납사기"" 주의보",2026-03-20 12:00:00,real_assets
환율,"포스코인터내셔널, 증권사 목표가 상향에 강세...6.13%",2026-03-20 13:20:40,real_assets
WTI,BTS THE CITY AIRRANG - 서울을 물들이는 34개 장소,2026-03-20 13:36:00,real_assets
WTI,"서울 전체가 보라빛 축제...""BTS 더 시티 아리랑"" 핵심 코스 가이드",2026-03-20 14:16:04,real_assets
원유,"겁 없는 시장, 전쟁 리스크 과소평가""...월가의 경고",2026-03-20 14:21:05,real_assets
원유,"하이브 55만원 간다""...BTS 효과에 장밋빛 전망",2026-03-20 14:27:32,real_assets
원유,LNG·철강 품은 광양항...북극항로 거점 도약 나선다,2026-03-20 14:28:15,real_assets
국제유가,"IMF, 올해 글로벌 성장률 하향 예고...""유가 10% 오르면, GDP 0.2% 줄어",2026-03-20 14:52:47,real_assets
국채,"박홍근 기획처 장관 후보 ""AI 데이터세엔 공감...추경은 서민 취약계층에 집중",2026-03-20 15:18:19,domestic_bond
원유,"천연가스 쇼크, 신흥국에 ""치명적""...미국과 러시아는 반사이익?",2026-03-20 15:21:03,real_assets
원유,유가 비상인데...비축유 90만 배럴 해외로,2026-03-20 15:28:13,real_assets
국제유가,"결국 뚫린 환율 1500원""...""이것"" 따라 뉴노멀 될 수도",2026-03-20 15:42:23,real_assets
국제유가,과자·아이스크림도 가격 내린다...다음은 어디?,2026-03-20 15:47:03,real_assets
국채,"왜 세계는 다시 ""하드 머니""를 찾는가",2026-03-20 15:55:42,domestic_bond
기준금리,코픽스 반등...커지는 주담대 금리 공포,2026-03-20 15:56:13,domestic_bond
기준금리,"불황에도 팔리는 식당의 조건...외식업, 살아남는 구조는 따로 있다",2026-03-20 15:57:25,domestic_bond
환율,"대한항공 실적 급감에도...조원태 보수 146억 ""시끌",2026-03-20 15:57:46,real_assets
달러강세,SK스퀘어 있는데 美에 또 AI 법인 왜?,2026-03-20 16:01:57,real_assets
달러강세,"희귀 신경질환 치료제 ""게임 체인저"" 어디?",2026-03-20 16:02:28,real_assets
기준금리,"현금 부자"" 삼전닉스...예금한대도 국내 은행 ""NO"" 왜?",2026-03-20 16:02:59,domestic_bond
국채,떨고 있는 美 사모대출...AGAIN 2008?,2026-03-20 16:03:19,domestic_bond
기준금리,한일 2030 설문조사...당신은 행복하십니까?,2026-03-20 16:03:29,domestic_bond
기준금리,"눈에 띄는 CEO...은행·증권 호시절 이끈 ""실적의 거인들",2026-03-20 16:04:57,domestic_bond
원유,"삼성중공업, LNG 운반선 3779억원 수주",2026-03-20 16:13:10,real_assets
원유,"석유화학 구조재편 ""대산 1호"" 시동...2조 금융지원 본격화",2026-03-20 16:30:34,real_assets
원유,"기름 한방울이 아쉬운데, 제정신인가요""...비축해둔 90만배럴 해외 판매",2026-03-20 16:30:56,real_assets
국제유가,"유류할증료 폭탄 온다...최대 3배 인상에 여행객 ""멘붕",2026-03-20 16:58:12,real_assets
국제유가,안전자산 아니었나...전쟁통에 금값 빛 바랜 이유는,2026-03-20 17:00:16,real_assets
원유,천궁II가 기여한 원유 2400만 배럴...K방산의 힘,2026-03-20 17:17:30,real_assets
환율,"K방산, 가성비 넘어 실전에서 증명...20년 구조적 성장 국면 진입했다",2026-03-20 17:30:00,real_assets
국제유가,"호르무즈에 군함 보내라""...동맹국에 거절당하자 트럼프가 내린 ""중대 결단",2026-03-20 17:39:44,real_assets
기준금리,"이자도 못내"" 은행 부실대출 1년새 21% '쑥",2026-03-20 17:39:49,domestic_bond
국채,AI데이터稅 도입에는 공감... 추경은 서민·취약계층 집중,2026-03-20 17:39:50,domestic_bond
국제유가,"IMF, 성장률 하향 예고... 정부는 추경편성 속도",2026-03-20 17:39:52,real_assets
환율,외국환율고시표,2026-03-20 17:39:53,real_assets
원유,장금마리타임 지분 절반... 1위 선사 MSC에 넘긴다,2026-03-20 17:46:25,real_assets
국제유가,"내달 유류할증료 3배 오른다며?"" 이스타항공 예매 1.5배나 늘어",2026-03-20 17:46:26,real_assets
국제유가,에너지 쇼크 커지자... 종전 꺼낸 네타냐후,2026-03-20 17:52:01,real_assets
원유,"트럼프 ""日 기여를""... 다카이치 ""법적 한계",2026-03-20 17:53:04,real_assets
원유,"봉쇄전 최후의 유조선 韓 입항... 정부, 석유제품 수출·소비 모두 조인다",2026-03-20 17:56:13,real_assets
국제유가,"네타냐후 ""이란 가스전 공격 중지""... 트럼프 ""유가안정 위해 최선",2026-03-20 17:56:14,real_assets
원유,"3주간 이란 전쟁발 ""원유 절벽""... 정부, 석유제품 수출 제한 강화 검토",2026-03-20 18:55:31,real_assets
기준금리,"악성 부실대출 4조, 돈버는 속도보다 빨리 늘어""...은행들 초긴장",2026-03-20 19:14:33,domestic_bond
원유,"펠리칸애퀴지션, 그린란드 130억 배럴 유전 개발 착수...친선국 원유 공급 확대 전략 주목",2026-03-20 19:30:35,real_assets
기준금리,"나스닥-블록체인, 미국 증권 토큰화 시대 열렸다",2026-03-20 19:34:38,domestic_bond
국제유가,"종전 꺼낸 네타냐후 ""생각보다 빨리 끝날수도""...에너지戰 숨고르기",2026-03-20 20:25:04,real_assets
원유,"페데브코, 합병 통해 생산량 6,500Boe/d 확보..순부채비율 1.3배 유지",2026-03-20 20:47:49,real_assets
원유,"파병엔 난색, 대규모 투자 약속한 日...109조원 투입할 대미 프로젝트는",2026-03-20 21:10:49,real_assets
달러강세,"시그마 리튬, 1분기 매출 6760만 달러 전망..리튬 미분 판매로 신규 수익원 확보",2026-03-20 22:17:06,real_assets
원유,"페르미안 베이슨 로열티 트러스트, 단위당 0.011달러 배당 지급..전월비 감소",2026-03-21 00:57:57,real_assets
채권금리,"넥스타 미디어 그룹, TEGNA 인수 위해 51억 달러 채권 발행",2026-03-21 05:42:34,domestic_bond
국제유가,"트럼프 ""이란 관련 중동 군사작전 점진적 축소 검토",2026-03-21 06:36:46,real_assets
원유,트럼프 파병 요청에 지지 표명하고 투자 보따리 푼 일본...전략 고심하는 한국,2026-03-21 08:30:00,real_assets
국채,"김태림 대표변호사 ""빗장 건 韓 가상자산, 160조 엑소더스 현실화",2026-03-21 09:03:00,domestic_bond
국제유가,"이게 되네?""...석유 최고가제 시행 첫 주, 주유소 기름값 하락 전환",2026-03-21 09:27:21,real_assets
원유,"이라크, 호르무즈해협 불안에...외국기업 유전 ""불가항력"" 선언",2026-03-21 09:51:26,real_assets
국제유가,"미국 금리인하 기대 소멸""...원·달러 환율 1500원대 재진입",2026-03-21 11:08:48,real_assets
국제유가,"미 재무부 ""이란산 원유 제재 30일간 면제...1.4억 배럴 신속 공급",2026-03-21 11:20:17,real_assets
원유,"설마하던 전쟁 진짜 터진다""...국가필수선박 4척 늘려 92척 확보 검토",2026-03-21 16:17:21,real_assets
국채,"달러 지배력 저하 계속...4∼5년내 금융 충격"" 美 경제석학의 섬뜩 경고",2026-03-21 18:00:14,domestic_bond
국제유가,3월 내에 사라고? 유류할증료 현 상황 총정리,2026-03-21 21:30:20,real_assets
기준금리,"억소리 나도 과감히 투자""...슈퍼리치들 꽂힌 프리미엄 회원권, 뭐길래",2026-03-21 22:54:38,domestic_bond
환율,"네오노드, 2025년 매출 34% 감소했지만 특허 양도로 740만 달러 영업이익 달성",2026-03-22 00:08:55,real_assets
달러강세,"스틸 다이나믹스, 1분기 EPS 2.73~2.77달러 가이던스 제시",2026-03-22 00:10:05,real_assets
국제유가,"트럼프 ""이란, 48시간내 호르무즈 개방 안하면 발전소 격파",2026-03-22 09:05:47,real_assets
원달러,"주식투자 별건가, 묻고 더블로 가는거지""...20대 ""소액 빚투"" 손실률 3배 더 컸다",2026-03-22 10:33:43,real_assets
국제유가,내 계좌 털어간 중동전쟁...개미들 물릴 때 외국인 느긋했던 이유는?,2026-03-22 11:25:14,real_assets
WTI,유전 재가동 얼마나 걸리지 몰라...올 여름 석유부족 위험 선제 대비를,2026-03-22 11:26:52,real_assets
국채,"박홍근 기획예산처장관 후보자 ""AI대전환·저출생·탄소중립·양극화·지방소멸 내년예산에 최우선 반영",2026-03-22 11:27:34,domestic_bond
기준금리,"요즘에 누가 코인하고 미장가니?""...이달 동학개미 순매수 역대최대 ""눈앞",2026-03-22 11:30:27,domestic_bond
기준금리,"대출이자 저희가 부담할게요""...피 흘리는 재건축 수주전, 아파트 품질 ""우려",2026-03-22 12:35:04,domestic_bond
국제유가,중고나라까지 침투한 초국경범죄...경찰 특별단속,2026-03-22 13:08:54,real_assets
원유,"후티 반군, 또다른 핵심 석유 루트 홍해서 참전 가능성",2026-03-22 13:12:46,real_assets
원유,"일본, 호르무즈 파병 안 할거야?""...트럼프, 다카이치에 적극 참여 요구",2026-03-22 13:54:12,real_assets
국제유가,"트럼프 ""발전소 초토화"" 최후통첩에...이란 ""눈에는 눈 원칙 보복",2026-03-22 14:13:03,real_assets
국제유가,중동 리스크 투자 대응법이 가른 운명...외국인 웃고 개인 울었다,2026-03-22 14:18:41,real_assets
국제유가,"한은총재에 내정된 신현송...고유가에도 ""통화정책 신중해야",2026-03-22 15:56:02,real_assets
환율,"SK에코플랜트, 'AI 인프라 밸류체인' 차별화된 가치",2026-03-22 16:01:09,real_assets
국제유가,"대우건설, '1분기 1.8조 수주' 정비사업으로 창사이래 최대... 내실 경영 쑥",2026-03-22 16:01:35,real_assets
환율,"국힘, 대구시장 후보 경선으로 선출하기로",2026-03-22 16:11:44,real_assets
원유,"쿠바, 이달 들어 3번째 대정전...미국 봉쇄에 위기 가중",2026-03-22 16:22:10,real_assets
국채,"신현송 ""달러 1% 강세땐...신흥국 국채투자 1% 감소",2026-03-22 16:29:52,domestic_bond
기준금리,버핏 픽' 금융·에너지株 주목... 중동전쟁 피난처로 부상,2026-03-22 16:48:43,domestic_bond
WTI,한국경제의 취약성 '가격의 울퉁불퉁함,2026-03-22 16:49:46,real_assets
달러강세,"아미들 몰려온다""... 화장품株 봄날",2026-03-22 16:53:47,real_assets
국제유가,"트럼프 ""초토화"" 압박에...이란 ""적과 연계된 선박 빼고 호르무즈 통과",2026-03-22 17:14:31,real_assets
원유,LNG·철강 품은 광양항... 북극항로 거점 도약 나선다,2026-03-22 17:17:09,real_assets
WTI,올여름 석유부족 사태 우려 커져... 선제 대비를,2026-03-22 17:17:52,real_assets
기준금리,"대출이자 내드릴게요"" 재건축 수주 출혈경쟁",2026-03-22 17:18:14,domestic_bond
환율,외국환율고시표,2026-03-22 17:33:01,real_assets
환율,변동성 장세 '포트폴리오 생존전략,2026-03-22 17:35:03,real_assets
원유,헬륨 등 석유·가스 파생자원 수급도 불안하다,2026-03-22 17:46:05,real_assets
국채,"외국인 전략적 헤지에 원화값 하락...국민연금, 자산 재설계해야",2026-03-22 17:56:26,domestic_bond
환율,신현송 '외환규제 3종 세트' 주도... 위기관리 경험 갖춘 국제通,2026-03-22 17:57:23,real_assets
국제유가,이란·이스라엘 핵시설에 서로 폭격 '난타전'...美 지상군 투입 전망,2026-03-22 18:01:14,real_assets
원유,"이란 ""일본 호르무즈 통행 허용 용의",2026-03-22 18:01:14,real_assets
환율,한은 총재 후보에 신현송 BIS 국장,2026-03-22 18:05:22,real_assets
원유,유류세 인하와 바우처 카드로 유가충격 완화,2026-03-22 18:05:23,real_assets
국채,"당정청 ""추경 25조 규모...초과 세수 활용 편성",2026-03-22 18:58:09,domestic_bond
환율,RIA계좌 개설 23일부터,2026-03-22 19:29:11,real_assets
국채,전쟁 추경 25조...국채 발행없이 초과세수 활용,2026-03-22 20:12:38,domestic_bond
국제유가,"호르무즈 해협 개방, 48시간 준다""...트럼프 최후통첩",2026-03-22 20:44:35,real_assets
국제유가,"트럼프 ""발전소 초토화"" 최후통첩에...이란 ""중동 인프라 완전 파괴",2026-03-22 21:01:55,real_assets
기준금리,"소상공인을 돕는 일, 중장년의 새로운 일자리가 되다",2026-03-22 22:46:33,domestic_bond
국제유가,"물가·성장 균형있는 통화정책 고민"" 시장안정과 경제활력 사이 시험대",2026-03-22 22:48:27,real_assets
국제유가,"신현송, 금융위기때 외환규제 3종 주도...시장관리 능력 검증된 ""국제통",2026-03-22 23:25:39,real_assets
원유,"일본엔 호르무즈 통과 허용할 수도""...휴전 거부 이란의 속내는",2026-03-22 23:52:35,real_assets
기준금리,국가총부채 6500조원 넘어...정부·가계·기업 빚 1년 새 4.5% 늘어,2026-03-23 07:08:16,domestic_bond
기준금리,"나중에 공사비 더 내라면 곤란한데""...강남 재건축 ""대출금리 출혈경쟁",2026-03-23 07:21:35,domestic_bond
국제유가,"새 한은총재 ""일시적 충격에 반응 말아야""...4월 기준금리 동결에 무게",2026-03-23 08:05:37,real_assets
환율,"NH투자증권 ""삼성SDI, 1분기 실적은 저점...하반기 흑자전환 기대",2026-03-23 08:46:36,real_assets
기준금리,"돈 빌릴 곳이 없네""...서민들 고금리 카드론·대부업으로 몰린다",2026-03-23 08:49:27,domestic_bond
원유,"전쟁나면 떡상? 계좌 반토막났다""...거품 꺼지고 녹아내린 ""디지털 금",2026-03-23 08:52:14,real_assets
원유,"3월 1∼20일 수출 533억달러, 50.4%↑...일평균 40.4%↑",2026-03-23 09:03:16,real_assets
원유,"이 대통령, ""호르무즈 파병"" 관련 언급할까...오늘 ""통합방위회의"" 주재",2026-03-23 09:26:49,real_assets
국제유가,"이란 전쟁 긴장감 고조""...회복세 보였던 코스피 5500선 급락 출발",2026-03-23 09:37:47,real_assets
원유,"美재무 ""중국에 팔리던 이란 원유, 한국 등에도 판매 가능해 진 것",2026-03-23 09:40:21,real_assets
국제유가,달러당 원화값 1510원 넘어...17년여만에 최저,2026-03-23 09:43:35,real_assets
국제유가,"환율 장중 1510원 돌파...코스피는 5500선 ""털썩",2026-03-23 09:57:35,real_assets
WTI,"17년여 만에 최저 ""1510원""...원화 약세 ""뉴노멀"" 현실화하나",2026-03-23 10:11:56,real_assets
기준금리,"KSS해운, 작년 매출 5614억 ""역대 최대""...가스선 선대 확장 주효",2026-03-23 10:12:30,domestic_bond
국채,"새 한국은행 총재, 내 롤모델이자 전설""...美 최고 싱크탱크 연구원의 숭배",2026-03-23 10:19:01,domestic_bond
국제유가,"반도체 대장주 ""저점매수"" 나섰다",2026-03-23 10:40:51,real_assets
국제유가,"검찰, ""유가 담합"" 정유사 4곳 압수수색",2026-03-23 10:52:47,real_assets
국채,"이재명표 전쟁 추경 25조...정청래 ""골든타임 사수",2026-03-23 10:52:50,domestic_bond
원유,"조현, 이란 외무장관과 첫 통화한다...걸프국과도 잇따라 소통",2026-03-23 11:03:40,real_assets
국제유가,"기름값 사이좋게 올리더니""...검찰, 4대 정유사 담합혐의 압수수색",2026-03-23 11:17:47,real_assets
국제유가,"비축유·대체선으로 통제가능""...정부, ""4월 원유 위기설"" 선 그어",2026-03-23 11:42:05,real_assets
국제유가,"한전 부채 해소부터""...정부, 2분기 전기요금 동결",2026-03-23 12:58:53,real_assets
국제유가,"전쟁 공포 노렸다""...경찰, 중동 사태 악용 ""피싱 주의보"" 발령",2026-03-23 13:29:32,real_assets
국제유가,"당장 전쟁 끝나도 4개월은 간다""...에너지 시장 ""정상화 지연"" 경고",2026-03-23 13:31:51,real_assets
국제유가,"이러다 성장률 0%대, 빈 말 아니다""...이란전쟁 장기화 조짐에 전망치 줄하향",2026-03-23 13:54:24,real_assets
국제유가,"아침에 눈 뜨기가 무서워요""...58년 전통 日대중목욕탕, 문 닫은 이유",2026-03-23 14:12:45,real_assets
국제유가,"항공편이 취소되었습니다"" 문자 눌렀다가...중동전쟁 ""피싱주의보",2026-03-23 14:47:39,real_assets
기준금리,"한손엔 투자, 한손엔 상생... K 대도약, 금융이 이끈다",2026-03-23 16:01:31,domestic_bond
기준금리,"NH농협금융, '지역 밀착형' 금융으로 승부수",2026-03-23 16:03:17,domestic_bond
환율,"한국수출입은행, 150조원 수출 활력 패키지로 기업 응원",2026-03-23 16:03:53,real_assets
환율,"LG화학, 제조·경영 현장 과감한 'AX'...일하는 방식 바꿔 효율성 UP",2026-03-23 16:15:49,real_assets
환율,"JW신약, 피부·탈모 시장서 승승장구...'미래먹거리' 세포치료제로 제2 도약",2026-03-23 16:16:50,real_assets
원유,"엄마, 나 우유 안 마셔도 돼?""...흰우유 소비 80년대 후반 이후 최저",2026-03-23 16:25:29,real_assets
환율,"코스피, 중동 리스크에 6% 급락...""강심장 개미"" 7조 샀다",2026-03-23 16:26:12,real_assets
국제유가,"가격 올리면 욕먹고, 버티면 적자""...중동전쟁 장기화에 식품업계 ""울상",2026-03-23 16:28:05,real_assets
국제유가,중동 분쟁에 엇갈린 SK이터닉스 매매 희비,2026-03-23 16:31:38,real_assets
국채,"박홍근 ""노인 무임수송, 서울시만 5000억 손실...개선 필요",2026-03-23 16:36:34,domestic_bond
원유,"총리가 막 약속했다""...""日자위대 호르무즈 지원"" 미국 주장에 일본의 반응",2026-03-23 16:40:20,real_assets
기준금리,발행어음 경쟁력은 리스크 관리서 판가름,2026-03-23 16:42:03,domestic_bond
국채,형세 읽는 자본시장 전략,2026-03-23 17:01:40,domestic_bond
국제유가,"AI 네이티브 코리아, 앞길은 밝다",2026-03-23 17:01:45,real_assets
국제유가,검찰 '가격 담합 혐의' 정유사 수사,2026-03-23 17:02:43,real_assets
국제유가,"도저히 잠이 안와요""...전쟁 중 금값 하락, 왜?",2026-03-23 17:06:33,real_assets
환율,외국환율고시표,2026-03-23 17:09:46,real_assets
국제유가,"피치, 뉴질랜드 신용 전망...안정 → 부정적 하향 조정",2026-03-23 17:11:46,real_assets
WTI,4월 원유 위기설' 진화나선 정부... LNG가격 급등에 전기요금 비상,2026-03-23 17:13:57,real_assets
달러강세,중동사태에 변동성 커진 원화값... 서학개미 복귀 계좌 효과 촉각,2026-03-23 17:17:01,real_assets
원유,한국도 이란産 원유 수입길 열려,2026-03-23 17:17:22,real_assets
금값,트리플 블랙 먼데이 원화·코스피·金 동반급락,2026-03-23 17:17:23,real_assets
기준금리,"2금융권 내몰리는 20대""...10명 중 3명이 연 15% 넘는 고금리 부담",2026-03-23 17:29:58,domestic_bond
원유,"해안·섬 공격 시도 땐 걸프해역 전체에 기뢰""...이란, 미국에 경고",2026-03-23 18:23:43,real_assets
WTI,"4월 원유 위기설"" 선그은 정부...한전, 2분기 전기료 일단 동결",2026-03-23 19:45:58,real_assets
원유,"LG화학 여수 NCC 2공장 셧다운...나프타 부족에 ""중동發 1호"" 중단",2026-03-23 20:05:56,real_assets
국제유가,"치솟는 기름값에 터지는 ""비명""...중국도 소매가 임시 인상 못 막아",2026-03-23 20:21:06,real_assets
기준금리,"코어 사이언티픽, 신용시설 10억 달러 확대..JP모건 5억 달러 추가 약정",2026-03-23 21:32:20,domestic_bond
기준금리,"트럼프 말 한마디에 널뛰는 환율...1517원→1491원으로 ""뚝",2026-03-23 22:42:42,domestic_bond
WTI,"트럼프 말에 또...국제유가, ""이란과 대화·공격 보류""에 장중 10% 급락세",2026-03-23 22:43:44,real_assets
국제유가,"트럼프 ""이란과 생산적 대화... 5일간 공격 중단",2026-03-23 22:53:30,real_assets
국제유가,"트럼프, 군사공격 12시간전 대화로 선회... 이란 ""시간벌기일뿐",2026-03-23 22:58:11,real_assets
국제유가,"트럼프 ""이란은 합의 원하고 우리도 마찬가지...타결 의향 매우 강해",2026-03-23 23:30:48,real_assets
국제유가,"트럼프 ""이란, 합의 원해...내기한다면 타결에 걸 것",2026-03-23 23:49:36,real_assets
국채,"포노 캐피탈, 총자산 1억2062만 달러 기록·신탁계좌 1억2000만 달러 보유",2026-03-24 04:53:22,domestic_bond
달러강세,"반웰 인더스트리즈, 캐나다 석유자산 매각 검토..유가 상승 수혜",2026-03-24 05:06:53,real_assets
달러강세,"홈스투라이프, 2025 회계연도 순이익 97% 급증..4억~4.2억 달러 전망",2026-03-24 05:07:03,real_assets
채권금리,"위즈덤트리, 5억2500만 달러 규모 전환사채 발행..M&A 자금 조달",2026-03-24 05:17:03,domestic_bond
WTI,8거래일만에 100달러 밑으로 떨어진 유가...뉴욕증시 3대 지수 모두 1.5% 이상 상승,2026-03-24 05:32:02,real_assets
채권금리,"에메라, 7억5000만 달러 규모 후순위채 발행 완료",2026-03-24 05:37:05,domestic_bond
원유,"코어 래버러토리즈, 1분기 가이던스 하향..중동 지정학적 리스크 직격탄",2026-03-24 06:00:46,real_assets
환율,"어슈어드 개런티, 2025년 순이익 1억2456만 달러..전년비 26% 증가",2026-03-24 06:07:57,real_assets
원유,"코어래버러토리즈, 중동 지정학적 리스크에 1분기 가이던스 하향 직격탄",2026-03-24 06:30:47,real_assets
환율,"역외 원화 NDF 시장도 노리는 코인...시타델 지원 해외 거래소, 원화 스테이블코인 ""KRWQ"" 파생상품 출시",2026-03-24 09:06:39,real_assets
기준금리,"길고 긴 ""크립토 겨울""...AI·RWA로 모닥불 지핀다",2026-03-24 09:08:02,domestic_bond
원유,해병대 5000명 이란 향하는데...트럼프 결정 기다리는 이들의 정체,2026-03-24 09:11:45,real_assets
국제유가,"전쟁물가 반영 전인데 이미 빨간불""...2월 생산자물가 6개월 연속 상승",2026-03-24 09:17:13,real_assets
기준금리,"숨만 쉬고 26년 모아야 내 집 마련""...서울 아파트값 작년 월평균 임금 312배",2026-03-24 09:28:25,domestic_bond
환율,"안철수 ""이 대통령, 분노의 대상부터 지목...모든 게 지선에 맞춰져",2026-03-24 09:46:03,real_assets
기준금리,"개미들 정말 탈탈 털린다""...주식 계좌서 ""쓰윽"" 빠지는 ""이것"" 뭐길래",2026-03-24 09:55:59,domestic_bond
국제유가,"이란 전쟁이 앗아간, 뉴스에 나오지 않는 피해자들",2026-03-24 10:00:00,real_assets
원유,"이란과 협상 선언"" 트럼프가 유력 파트너로 거론한 이 남자",2026-03-24 10:04:15,real_assets
국제유가,"이 대통령 ""중동전쟁 비상대응체계 선제 가동...기름값 담합 일벌백계",2026-03-24 10:07:30,real_assets
환율,"한병도 ""김건희 면죄부 가이드라인 하달? 尹 정치검찰의 민낯",2026-03-24 10:31:35,real_assets
국제유가,"갤런당 최대 1.93달러 절감""...미국 배달앱 ""도어대시"" 배달기사 유류비 지원",2026-03-24 10:32:19,real_assets
국제유가,"윤홍근 BBQ 회장, 원가·수급 불안 대응 직접 제시...패밀리 보호 상생 전략 강화",2026-03-24 10:58:33,real_assets
원유,"전기차는 낮에 충전해주세요""...정부, 대국민 에너지 절약 캠페인 시행",2026-03-24 11:00:15,real_assets
원유,LNG수급 비상에 원전·석탄발전 확대...올해 재생에너지 7GW 보급,2026-03-24 11:00:37,real_assets
원유,"차량 5부제 공공기관부터 의무시행...민간엔 일단 ""권고"" 한다지만",2026-03-24 11:00:39,real_assets
국제유가,"李대통령 ""출퇴근 시간 노인 대중교통 무료 이용 제한 검토",2026-03-24 11:12:07,real_assets
국제유가,"전쟁 나면 올랐는데""...금값 추락, 반등 신호 언제 나오나",2026-03-24 11:12:32,real_assets
WTI,트럼프 이란공격 보류 발표 직전 5억8000만달러 규모 석유 선물 거래 발생,2026-03-24 11:23:59,real_assets
국제유가,208일 버틸 석유 있다지만...진짜 버틸수 있는 시간은 68일뿐,2026-03-24 12:00:00,real_assets
WTI,"Concerns over crude oil, LNG supply intensify as Middle East war prolongs",2026-03-24 12:03:16,real_assets
원유,AI로 만든 동물 무협 애니메이션...이 시점에 중국이 왜,2026-03-24 13:47:30,real_assets
원유,"공공 5부제, 원전·석탄 확대...정부, 에너지 절약 대책 발표",2026-03-24 13:57:27,real_assets
국제유가,"유가 100달러 넘자 급선회""...트럼프, 이란과 첫 대면 협상 승부수",2026-03-24 14:28:08,real_assets
국채,"2% 성장률 ""먹구름""...25조 전쟁 추경 돌파구 될까",2026-03-24 14:31:56,domestic_bond
국제유가,"벌써 가격이 확 올랐어요, 이러다 장사 못할라""...불안한 자영업자, 왜?",2026-03-24 14:44:10,real_assets
기준금리,이란전쟁 불확실성에...채권형 ETF 자금 유입 활발,2026-03-24 15:15:11,domestic_bond
원유,"종량제봉투 없어요""...곳곳서 중동발 ""비닐 대란"" 현실화",2026-03-24 15:19:48,real_assets
달러강세,"코스피, 전날 급락 일부 만회해 2.74% 상승 마감...코스닥도 올라",2026-03-24 15:54:28,real_assets
국제유가,"AI가 20일 뒤 환율까지 맞춘다...코어16, 일간 예측 서비스 출시",2026-03-24 15:58:57,real_assets
국제유가,"당장 돈 보내세요, 160만원 아껴 드릴게""...다급하게 걸려온 여행사 전화, 무슨 일",2026-03-24 16:02:03,real_assets
국제유가,중동전쟁 화해 무드에 삼성전자 순매수 몰려,2026-03-24 16:11:36,real_assets
원유,우리는 이미 전쟁 한가운데 있다,2026-03-24 16:43:11,real_assets
국제유가,공공기관 차량 5부제...민간도 적극적 동참 나설 때,2026-03-24 16:43:12,real_assets
환율,"중동 사태 어려움 커"" 중기 호소",2026-03-24 16:48:21,real_assets
환율,요동치는 글로벌 금융시장 생존법은,2026-03-24 17:03:40,real_assets
환율,외국환율고시표,2026-03-24 17:15:08,real_assets
채권금리,외국은행 국내지점 순이익... 1.6조로 4년만에 감소세,2026-03-24 17:15:10,domestic_bond
기준금리,"발행어음, 모험자본 비중 35%로 늘릴것",2026-03-24 17:38:25,domestic_bond
국제유가,금 울고 달러 웃고...ETF 수익 갈렸다,2026-03-24 17:39:25,real_assets
기준금리,이달에만 코스피 22조원 던진 외국인,2026-03-24 17:41:04,domestic_bond
달러강세,"너무 달렸나""... 힘 빠진 美메모리株",2026-03-24 17:41:05,real_assets
환율,에스티로더 '우울한 엑시트,2026-03-24 17:41:05,real_assets
국제유가,"트럼프 ""그들이 협상 매우 원해""... 이란 ""전쟁 피해보상 먼저",2026-03-24 17:43:32,real_assets
원유,日정부 보조금 보따리 풀자...물가상승률 4년 만에 1%대,2026-03-24 17:43:34,real_assets
원유,"중동산 원유 의존도 낮춰라"" 원전·석탄발전까지 '풀가동",2026-03-24 17:49:17,real_assets
국제유가,기름 한방울 나지 않는 나라의 숙명,2026-03-24 17:49:25,real_assets
국제유가,"전쟁 출구찾는 트럼프 ""15개 조항 이란에 요구",2026-03-24 18:02:34,real_assets
채권금리,"퍼시픽 에어포트 그룹, 11억 페소 채권 만기 상환 완료",2026-03-24 19:07:50,domestic_bond
환율,"G. 윌리-푸드 인터내셔널, 2025 회계연도 매출 1억9140만 달러..6% 증가",2026-03-24 19:11:50,real_assets
환율,"G. 윌리-푸드 인터내셔널, 주당 0.51달러 현금배당 결정",2026-03-24 19:24:52,real_assets
국제유가,"렌즈 테라퓨틱스, 4분기 매출 160만 달러..VIZZ 출시 첫해 연간 1900만 달러 기록",2026-03-24 21:13:12,real_assets
기준금리,"외국인 너무 던지는데 괜찮겠지?""...고환율·차익실현 22조 순매도",2026-03-24 21:37:20,domestic_bond
국제유가,"미국 ""핵포기부터"" 이란 ""피해 전액보상""...각자 할말하는 종전협상",2026-03-24 22:35:46,real_assets
달러강세,"허브 그룹, 2026 회계연도 1분기 견조한 수요 지속·규정 준수 계획 진행",2026-03-25 05:18:53,real_assets
WTI,이란전쟁 협상 불확실성에 유가 반등...뉴욕증시 하락,2026-03-25 05:43:40,real_assets
채권금리,"해로우 헬스, 5천만 달러 규모 선순위 무담보채권 발행",2026-03-25 05:59:51,domestic_bond
환율,"7년 기다렸는데 -85% 손절이네요""...K뷰티에 참교육 당한 이 기업",2026-03-25 06:26:31,real_assets
채권금리,"암페놀, 5억 유로 규모 선순위채 발행..3.625% 금리 2031년 만기",2026-03-25 06:29:37,domestic_bond
원유,차량 5부제 반복 위반한 공직자는 징계...배우자 차량 단속도 검토,2026-03-25 07:22:08,real_assets
원유,"발 묶인 선박 3200척인데...""비적대적 선박""만 허용한 이란, 얼마나 나올까",2026-03-25 08:35:00,real_assets
원달러,"AI가 끌고 MLCC 밀고...호황 초입"" 삼성전기 목표가↑",2026-03-25 08:35:12,real_assets
원달러,"주가 20% 더 간다""...""맏형 삼전"" 받쳐주는 삼성전기의 힘",2026-03-25 08:37:55,real_assets
달러강세,"나스닥 이어 뉴욕증권거래소에서도...""주식을 코인처럼 24시간 거래",2026-03-25 08:52:04,real_assets
WTI,"협상 불확실성에 발목"" 일제히 하락...나스닥 0.8%↓",2026-03-25 09:15:36,real_assets
달러강세,"코스피, 미국 증시 부진 딛고 5700선 회복...코스닥도 1%대↑",2026-03-25 09:17:09,real_assets
달러강세,"지금이 확실한 바닥, 연말까지 더블""...월가 큰손도 비트코인 호언장담",2026-03-25 09:29:52,real_assets
국제유가,"김 총리 ""중동發 위기...비상경제 대응체계 가동한다",2026-03-25 09:30:54,real_assets
기준금리,"물가 뛴다고 난리인데, 누가 돈 쓰겠나""...3월 소비심리지수 ""뚝",2026-03-25 09:36:30,domestic_bond
국제유가,기름 한방울 나지 않는 나라의 숙명,2026-03-25 09:46:22,real_assets
국제유가,"靑, 비상경제상황실 가동...김 총리 ""중동발 최악상황 대응 강화",2026-03-25 10:09:38,real_assets
기준금리,"경과원, ""경기가족친화기업"" 인증 설명회 개최...가족친화기업 74종 인센티브 확대",2026-03-25 10:29:10,domestic_bond
국채,"미국 의회가 한국은행 지원사격...스테이블코인 이자 금지법에 ""예금 토큰"" 뜨나",2026-03-25 11:04:41,domestic_bond
환율,"한화자산운용, RIA 계좌 추천 ETF 3종 제시",2026-03-25 11:27:09,real_assets
원유,"이란 대사관 ""미국과 어떠한 대화도 진행된 바 없어",2026-03-25 11:38:09,real_assets
환율,"SK하이닉스, ""ADR 발행과 의미"" 증권사 발표에 강세",2026-03-25 13:38:00,real_assets
원유,"일본 프리미엄 소프트 아이스크림 ""21시아이스"" 국내 첫 홍대 1호점 오픈",2026-03-25 14:00:14,real_assets
국제유가,항공료 오르기 전 마지막 기회...유럽여행 막차 잡아볼까,2026-03-25 14:05:16,real_assets
기준금리,고객 700만·대출 4조 시대...은행권 외국인금융 공략,2026-03-25 14:14:20,domestic_bond
기준금리,"같은 신용등급인데 왜 이자 더 내?""...지방은행 카드론 금리가 더 비싼 이유",2026-03-25 14:26:20,domestic_bond
국제유가,"종량제봉투 품귀 우려 없습니다...경남도 ""6개월분 재고 확보",2026-03-25 14:59:14,real_assets
기준금리,"코인 빙하기에 거래소 영업익 38% ""뚝""...개미들은 실탄 ""8조"" 장전",2026-03-25 15:03:38,domestic_bond
원유,"어디서 터질지 몰라""...나프타 쇼크에 페인트값 줄인상",2026-03-25 15:14:08,real_assets
환율,"하나카드 ""트래블로그 고객, 여태가지 4000억원 아꼈다",2026-03-25 15:28:59,real_assets
원유,"한화오션, LNG·원유 운반선 5척 수주...1조3450억 규모",2026-03-25 15:51:37,real_assets
환율,"겨우 나아지나 했는데""...1500원 환율에 면세업계 ""울상",2026-03-25 16:01:31,real_assets
국제유가,커지는 석유대란 공포... 강력한 소비억제로 극복해야,2026-03-25 16:07:27,real_assets
환율,"중동 사태에 3월 소비심리지수 5p 하락...""계엄사태 후 최대 낙폭",2026-03-25 16:20:47,real_assets
국제유가,"진작 팔걸, 전쟁 끝나면 오르려나?""...깜짝 반등한 금값 전문가 전망은",2026-03-25 16:22:21,real_assets
원유,"트럼프, 최정예 82공수사단 1천명 투입 승인""...하르그섬 침투하나",2026-03-25 16:22:33,real_assets
원유,"롯데, 에너지 절감 위해 차량 5부제 전면 시행",2026-03-25 16:48:57,real_assets
국제유가,중동전쟁이 촉발한 고유가에 뒤바뀐 車산업 지형...중국이 최종 승자라는 이유는?,2026-03-25 17:16:28,real_assets
기준금리,코인 빙하기에 거래소 영업익 38% '뚝,2026-03-25 17:39:19,domestic_bond
국채,인플레 공포에... 美장기채 ETF 투자자 눈물,2026-03-25 17:42:04,domestic_bond
원유,"러시아産 원유·나프타, 국내 수입 길 열려",2026-03-25 17:52:43,real_assets
원유,"필리핀, 에너지비상사태 선포",2026-03-25 18:00:45,real_assets
기준금리,"108조 잡아라""... 은행, 지자체 금고쟁탈전",2026-03-25 18:04:07,domestic_bond
환율,외국환율고시표,2026-03-25 18:04:09,real_assets
원유,부동산 문제 안 잡히면... 보유세 강화는 히든카드,2026-03-25 18:04:15,real_assets
국제유가,삼성·SK·LG 에너지 절감 차 5부제·승강기 격층운행,2026-03-25 18:04:35,real_assets
기준금리,"엘링턴 파이낸셜, 2월 말 추정 장부가치 주당 13.47달러 발표",2026-03-25 19:04:23,domestic_bond
원유,"차량 요일제부터 엘레베이터 격층 운행""...삼성·SK·롯데, 에너지 절약 ""솔선수범",2026-03-25 19:06:58,real_assets
원유,UAE 긴급 도입 원유 200만 배럴 한국 도착...석유공사 여수 비축기지 입고,2026-03-25 19:07:09,real_assets
원유,"중동 향하는 美 지상군 병력 7000명 됐다...최정예 82공수사단, 이란전 작전 투입",2026-03-25 19:19:06,real_assets
국채,"보험사들, 거시경제 우려에도 올해 美증시 낙관""...골드만삭스 설문조사",2026-03-25 20:01:00,domestic_bond
원유,"KNOT 오프쇼어, 4분기 매출 9650만 달러·손상차손 제외 순이익 1400만 달러",2026-03-25 20:07:56,real_assets
채권금리,"로저스 커뮤니케이션, 총 22억 달러 규모 후순위 채권 발행 확정",2026-03-25 20:16:08,domestic_bond
국채,"예금 토큰은 편의점, 해외 송금은 스테이블코인? 둘 차이가 뭐야?",2026-03-25 20:31:01,domestic_bond
환율,"신타즈, 3분기 매출 28억 달러·EPS 1.24달러..사상 최고 매출총이익률 기록",2026-03-25 21:33:34,real_assets
국제유가,"글로벌 금융위기와 유사성 없어""...최대 자산운용사 CEO의 분석",2026-03-25 22:10:33,real_assets
달러강세,"워터드롭, 4분기 순이익 63% 증가한 2,320만 달러 기록",2026-03-25 22:28:03,real_assets
원유,"45일뒤면 나라 마비된다""...중동원유 의존도 90% 필리핀 ""비상사태"" 선포",2026-03-25 22:49:01,real_assets
채권금리,"로이즈 뱅킹 그룹, 10억 달러 규모 2027년 만기 채권 조기상환",2026-03-25 23:35:35,domestic_bond
원유,"이란 ""美종전안 거절...비현실적이고 과도해",2026-03-25 23:50:49,real_assets
기준금리,"리튬 아르헨티나, 간펭 자회사와 1억3000만 달러 대출 계약 체결",2026-03-26 04:37:06,domestic_bond
채권금리,"콜리어스 인터내셔널 그룹, 5억5천만 캐나다달러 규모 선순위 무담보 채권 발행 완료",2026-03-26 05:02:56,domestic_bond
환율,"밀러놀, 3분기 흑자 전환·매출 9억2천만 달러..전년비 5.8%↑",2026-03-26 05:11:18,real_assets
기준금리,"모디브, 4분기 흑자전환·AFFO 15% 증가..자산재배치 본격화",2026-03-26 05:13:05,domestic_bond
달러강세,"레이몬드 제임스 파이낸셜, 2월 운용자산 1조8300억 달러..전년비 16%↑",2026-03-26 05:20:00,real_assets
기준금리,"아머 레지던셜 REIT, 4월 배당금 주당 0.24달러 결정",2026-03-26 05:21:30,domestic_bond
원유,"러시아·이란 원유, 수입할 길 열렸다...정부, 금융결제·2차제재 문제 해소",2026-03-26 05:52:56,real_assets
달러강세,"스콜피오 탱커스, 2분기 LR2 TCE 10만1000달러 전망..전분기비 98% 급등",2026-03-26 06:13:51,real_assets
채권금리,부실 신용대출 10년만에 최악 찍었다...건전성 부담 커지는 은행권,2026-03-26 06:33:27,domestic_bond
국채,"韓 지사 없으면 퇴출?""...격변의 스테이블코인, 암참서 미래 묻는다",2026-03-26 08:24:13,domestic_bond
환율,"코스닥 활성화 정책 수혜 기대감""...에코프로비엠, 목표가↑",2026-03-26 08:25:15,real_assets
기준금리,"10만원 겨우 닷새 밀렸는데""...연체정보 바로 여기로 간다",2026-03-26 08:39:23,domestic_bond
채권금리,"불장에 회장님도 주주님도 신났네...증권사 작년 순익 10조 육박 ""사상 최대",2026-03-26 09:13:00,domestic_bond
기준금리,"휴전 기대감에 위험자산 랠리""...뉴욕증시 3대 지수 동반 상승",2026-03-26 09:19:57,domestic_bond
기준금리,"370만원 착오송금後 즉시 반환 요청했는데 은행서 안돌려줘""...대체 무슨 일",2026-03-26 09:22:21,domestic_bond
원유,"장동혁 ""정부, 추경만 하면 경제위기 해소될 것처럼 국민 기만",2026-03-26 09:49:54,real_assets
원유,"유조선을 군인들이 차지했습니다""...푸틴의 은밀한 돈벌이 차단나선 영국",2026-03-26 10:11:26,real_assets
환율,뉴욕서 잭팟 터트려도 세금은 0...3일만에 1만명 가입했다,2026-03-26 10:13:11,real_assets
국채,"450조원 덩치로 미국채 빨아들인 스테이블 코인, 구세주인가 시한폭탄인가",2026-03-26 10:15:03,domestic_bond
국제유가,"용인특례시, 종량제봉투 재고 8개월분 보유",2026-03-26 10:21:18,real_assets
국채,"당정, 석유 최고가 손실보전·박원순표 태양광 부활... 민생지원금은 ""취약계층·지방 우대",2026-03-26 10:30:14,domestic_bond
국제유가,"1회 통행료 30억씩 받겠다고?....발 묶인 선박 3000척, 이란의 계산법은",2026-03-26 10:37:37,real_assets
원유,"최태원-베트남 총서기 한달만에 재회동...""에너지 깐부"" 협력확대",2026-03-26 10:56:45,real_assets
환율,수입 나프타 80% 이상이 중동산...중소기업 부담 우려,2026-03-26 13:33:16,real_assets
채권금리,은행 대출 부담에 공제기금 찾는 중기 늘어...중기공제기금 대출 10% 확대,2026-03-26 13:36:33,domestic_bond
기준금리,"있는 재산 다 팔아도 빚 못갚아""...고위험가구 셋 중 하나는 2030",2026-03-26 13:36:44,domestic_bond
WTI,"석유 최고가 조정 내일인데""...전국 주유소 휘발윳값 상승 전환",2026-03-26 13:40:02,real_assets
국제유가,"유류세 휘발유 15%, 경유 25% 인하...경유값 87원 내린다",2026-03-26 14:02:00,real_assets
국제유가,유류세 인하폭 확대...경유 10→25%·휘발유 7→15%,2026-03-26 14:03:58,real_assets
국채,"정부, 추경으로 나라 빚 상환···국고채 5조 긴급 ""바이백",2026-03-26 14:36:38,domestic_bond
국제유가,"트럼프가 자랑한 ""이란 큰 선물"" 이거였어...아랍국가 관리 입 열었다",2026-03-26 14:52:00,real_assets
국제유가,"하나오피스리츠, 전쟁 불확실성에 상장 연기... ""투자자 보호",2026-03-26 14:52:42,real_assets
기준금리,"총량 죄는데 포용은 늘리라니""...엇박자 정책 속 ""인뱅 리스크"" 전가 우려",2026-03-26 15:35:30,domestic_bond
기준금리,"이찬진 ""빚투, 2030 충격 경계...시장규모 대비 과하진 않아",2026-03-26 16:01:05,domestic_bond
기준금리,"NH투자증권 1호 IMA 출시...""연 4%"" 4000억원 모집",2026-03-26 16:07:48,domestic_bond
WTI,"휘발유 가격 다시 반등...2차 ""석유 최고가격제"" 앞두고 혼란",2026-03-26 16:10:51,real_assets
국제유가,"이란, 홍해도 봉쇄 위협...원유 해상운송 10% 차지",2026-03-26 16:14:54,real_assets
WTI,"유가 200달러 시나리오 검토...트럼프 ""최악의 전쟁 대비",2026-03-26 16:17:24,real_assets
국제유가,"헤그세스가 전쟁하자고 했어""...트럼프, 국방장관에 이란전 책임 돌려",2026-03-26 16:29:08,real_assets
원유,"기름값 신경쓰기 짜증, 이참에 바꿀라고""...유럽선 중고 전기차까지 난리",2026-03-26 16:55:39,real_assets
기준금리,"미래에셋증권 ""IMA 2호"" 이틀만에 1000억 완판",2026-03-26 16:57:02,domestic_bond
기준금리,"두고보세요, 연내 코스피 6천대 후반갑니다""...운용사 본부장, 호언장담 배경 들어보니",2026-03-26 17:06:45,domestic_bond
원유,종량제 봉투 재고 충분해...대란 없을 것,2026-03-26 17:33:09,real_assets
원유,"트럼프에 뺏길라...""美지상군 대비"" 이란이 하르그섬에 한 일",2026-03-26 17:35:46,real_assets
환율,외국환율고시표,2026-03-26 17:40:01,real_assets
환율,"강달러 시대 자산 리포지셔닝...엠비아, 美부동산투자 세미나",2026-03-26 17:46:27,real_assets
기준금리,"양도세 중과 코앞, 10억 뚝뚝... 퍼렇게 질린 한강벨트",2026-03-26 17:47:41,domestic_bond
원유,"세계경제, 여전히 석유에 의존... AI·전기차 시대에도 대체불가",2026-03-26 17:48:22,real_assets
원유,미국산 경질유 늘리려면 수조원 설비 필요,2026-03-26 17:48:23,real_assets
국제유가,"美 ""트럼프, 지옥 불러올 준비됐다""... 이란에 '종전' 최후통첩",2026-03-26 17:49:59,real_assets
원유,美화물 없지만 안전할 때까지 대기,2026-03-26 17:50:00,real_assets
원유,"암환자 수액 주머니도 걱정""... 나프타 부족에 의료계 긴장",2026-03-26 17:52:11,real_assets
기준금리,코스피 올해 안에 6천대 후반 가능,2026-03-26 17:52:31,domestic_bond
국제유가,이 와중에...'15% 관세'는 강행,2026-03-26 17:53:18,real_assets
국제유가,전쟁발 고유가에 美경제 신음... 소포 보낼때 유류세 부과한다,2026-03-26 17:53:18,real_assets
국제유가,"코스피 8000간다는 노무라...""반도체 하나면 이상 無",2026-03-26 17:53:29,real_assets
기준금리,年4% 수익' NH증권 1호 IMA 4천억 모집,2026-03-26 17:53:45,domestic_bond
국채,"국고채 금리 급등에... 정부, 5조 조기상환 나서",2026-03-26 17:56:11,domestic_bond
국제유가,검은진주' 석유패권...다시 세계를 흔들다,2026-03-26 17:59:57,real_assets
원유,"李 ""전세계 같은 상황 잘 대응해 기회 만들자",2026-03-26 18:00:00,real_assets
원유,"세계경제, 여전히 석유에 의존... AI·전기차 시대에도 대체불가",2026-03-26 18:41:01,real_assets
국제유가,"검은진주"" 석유패권...다시 세계를 흔들다",2026-03-26 18:45:20,real_assets
원유,중동사태로 성장률 전망 큰폭 하향...복합리스크 경계해야,2026-03-26 19:05:56,real_assets
기준금리,"한국 경제 성장률 전망 2.1→1.7%로 OECD ""전쟁 장기화땐 에너지 부담",2026-03-26 19:36:01,domestic_bond
환율,"비알피, 4분기 순이익 4580만 달러..전년비 191% 급증",2026-03-26 20:02:18,real_assets
국제유가,휘발유 1934원·경유 1923원...2차 석유 최고가격 고시,2026-03-26 20:04:02,real_assets
국제유가,"아큐먼 파마슈티컬스, 2025년 순손실 1억2100만 달러..알츠하이머 신약 임상 가속",2026-03-26 20:06:59,real_assets
환율,"H.B. 풀러, 1분기 조정 EPS 0.57달러..전년비 6% 증가",2026-03-26 21:28:03,real_assets
환율,서학개미 사로잡은 RIA계좌...증권사 한곳서만 3일새 1만명 몰려,2026-03-26 22:30:40,real_assets
원유,"영유아부터 실버세대까지...푸디스트, ""케어포유""로 B2C 시장 본격 진출",2026-03-26 22:35:45,real_assets
환율,"게인 테라퓨틱스, 2025년 순손실 2,016만 달러..전년比 1.2% 개선",2026-03-27 05:06:58,real_assets
WTI,"뉴욕증시, 중동 협상기대감 후퇴에 하락...나스닥 2.4% 급락 조정 진입?",2026-03-27 05:14:00,real_assets
환율,"BGC 그룹, 1분기 매출·조정순익 기존 전망 상단 상회",2026-03-27 05:17:10,real_assets
기준금리,"와이어하우저, 2030년까지 15억 달러 EBITDA 증대 목표 발표",2026-03-27 05:19:40,domestic_bond
달러강세,"인터링크 일렉트로닉스, 4Q 매출 4.5%↓·285만 달러..연간 적자폭 축소",2026-03-27 05:38:52,real_assets
채권금리,"울프스피드, 4.8억달러 채권 상환·부채 9700만달러 감축",2026-03-27 05:51:53,domestic_bond
환율,"넥사 리소시즈, 2025 회계연도 연간보고서 제출·광물자원 업데이트 공개",2026-03-27 06:01:53,real_assets
원달러,"사팔사팔 개미들, 저희야 감사하죠""...하루 수수료만 몇백억 번다는데",2026-03-27 06:02:35,real_assets
국제유가,"기름값 아시죠? 택배비 더 내세요""...유류할증료까지 생긴 미국",2026-03-27 06:03:49,real_assets
국제유가,"파병은 전쟁 중에 해야, 기억하겠다""...동맹국에 경고 날린 트럼프",2026-03-27 07:40:18,real_assets
환율,"LG이노텍, 저평가 요인 털고 ""AI기판""으로 날개 단다""...목표가↑",2026-03-27 08:10:54,real_assets
원유,"롯데정밀화학, 하반기 식의약용 판매 증가 예상...케미칼 그린소재 동반 반등 기대감",2026-03-27 08:11:25,real_assets
원유,"공공기관 車 5부제 의무화...민간은 ""자율"" 시행",2026-03-27 09:07:14,real_assets
환율,로봇용 카메라·메모리패키지 기판...LG이노텍 목표주가 일제히 상향,2026-03-27 09:45:22,real_assets
기준금리,"코스피, ""금리·터보퀀트·전쟁"" 트리플 악재에 2.9% 하락 출발...5200선 후퇴",2026-03-27 09:45:54,domestic_bond
환율,"이 대통령 국정 지지율 65%...민주 46%, 국힘 19%",2026-03-27 10:02:58,real_assets
국제유가,"韓 주식 팔고 달러 삽니다""...트럼프 들끓는 변덕에 1500원대 머무는 원화값",2026-03-27 10:08:12,real_assets
달러강세,터보퀀트 쇼크! HBM 낙관론에 균열 일으킨 구글의 논문 한 편,2026-03-27 10:43:03,real_assets
국제유가,"싸우는 건 미국, 돈 버는 건 러시아...亞 석유 고객 싹쓸이에 푸틴 ""미소",2026-03-27 10:49:56,real_assets
원유,"트럼프, 지상군으로 이란 항복 받아내려는 듯""...입 연 중재국 고위관계자",2026-03-27 11:01:49,real_assets
국채,10년 동안 안 담고 뭐한거니...뒤늦은 월가 큰손들의 자산대이동,2026-03-27 11:05:24,domestic_bond
원유,"대중교통 이용·점심시간엔 소등""···중견기업계도 에너지 절약 동참",2026-03-27 13:32:17,real_assets
국제유가,"시장에 겁 먹었나...트럼프, 이란 공격 유예 또 연장",2026-03-27 13:48:39,real_assets
국제유가,오늘부터 2차 최고가격제...기름값 다시 2000원대로,2026-03-27 13:53:43,real_assets
달러강세,"이러면 금리인하 물 건너 가는데""...OECD, 美물가 4.2% ""인플레 경고",2026-03-27 14:00:44,real_assets
환율,"성과급 줄다리기 언제 끝날까?...삼성전자 노사 ""집중 교섭 중",2026-03-27 14:11:51,real_assets
WTI,"기름값 순식간에 ""두 자릿수"" 급등...서울 휘발유 ℓ당 평균 1862.6원",2026-03-27 14:15:03,real_assets
국제유가,"집 사기 힘든데 또 오르네""...주담대 27개월來 최고치, 이자 공포 커진다",2026-03-27 14:21:29,real_assets
기준금리,"교직원공제회, 자산 85조원 돌파... 12년 연속 흑자",2026-03-27 14:25:24,domestic_bond
기준금리,"규제 불확실성의 악재, 국내 가상자산 산업 골든타임을 잃나",2026-03-27 14:27:14,domestic_bond
국채,"비트코인 주춤해도 세일러는 ""직진""...11% 고배당에 개미들 몰렸다",2026-03-27 14:27:16,domestic_bond
환율,"정청래 ""지선 압승? 오버하면 안됩니다""...""쉬운 선거 없다"" 기강잡기",2026-03-27 14:39:07,real_assets
환율,"구글 ""터보퀀트"" 쇼크? 월가 알고리즘의 착각",2026-03-27 15:01:55,real_assets
국제유가,"단기 차익 실현일까 구조적 이탈일까?""...증권가가 본 외국인 매도 성격은?",2026-03-27 15:03:06,real_assets
환율,"제약업계 ""16% 약가인하 유감...부작용 막을 정책 필요",2026-03-27 15:11:41,real_assets
달러강세,"112조 잭팟"" 스페이스X 상장 임박...증권가 콕 집은 수혜주는",2026-03-27 15:25:31,real_assets
환율,"한국은행, 지난해 순이익 ""역대 최대""...외환 매매익 등이 견인",2026-03-27 15:28:34,real_assets
달러강세,머스크식 파격 IPO?...상장 주식 30% 개인투자자에,2026-03-27 15:58:04,real_assets
기준금리,"SBI저축은행 품고 종합금융 ""길"" 열다...신창재 교보생명 회장",2026-03-27 16:00:51,domestic_bond
국제유가,"중동發 딥임팩트...에너지 ""슈퍼 트릴레마",2026-03-27 16:01:28,real_assets
국제유가,저유가 시대 뒤안길로...에너지 질서 흔드는 4가지 변수,2026-03-27 16:01:48,real_assets
국제유가,새로 쓰는 산업 지도...원전 인프라 뜨고 전력 다소비 제조 흔들,2026-03-27 16:02:09,real_assets
원유,"에너지 슈퍼 트릴레마, 한국 생존 전략은",2026-03-27 16:02:19,real_assets
기준금리,"전직 ""김 부장""도 억대 수입...""경험자본가"" 떴다",2026-03-27 16:03:36,domestic_bond
환율,"외국인 3.9조 매도 방어한 개미...코스피, 전쟁·구글 악재에도 5400선 사수",2026-03-27 16:16:48,real_assets
원유,흔들리는 금융시장·치솟는 물가...더 중요해진 위기관리,2026-03-27 17:19:12,real_assets
환율,과잠' 입고 절밥 먹으려 100여명 긴줄... 학식 찾는 학생도 늘어,2026-03-27 17:29:56,real_assets
원유,중동 분쟁에도 반도체·AI붐은 계속된다...미국 빅테크 OOOO에 주목,2026-03-27 17:30:00,real_assets
달러강세,"K증시 ""창투사·바이오""에 집중된 화력...이차전지 관련주도 신고가",2026-03-27 17:32:23,real_assets
채권금리,주식 팔아 똘똘한 한채로... 강남3구·마용성에 자금 60% 몰렸다,2026-03-27 17:49:13,domestic_bond
국채,"성장률 올리려다 물가 기름부을라...""美 내년까지 금리 못내려",2026-03-27 17:50:49,domestic_bond
환율,"한은, 작년 순이익 15조원 거둬... 달러당 원화값 하락에 역대최대",2026-03-27 17:57:58,real_assets
환율,외국환율고시표,2026-03-27 17:57:59,real_assets
국제유가,물가공포 현실로...길잃은 통화정책,2026-03-27 18:01:10,real_assets
원유,전쟁에 유조선 부족...글로벌 신규 발주 봇물,2026-03-27 18:01:33,real_assets
원유,"이스라엘 ""끝을 보겠다"" vs 美 ""협상 순조롭게 진행중",2026-03-27 18:02:16,real_assets
환율,"그래비티, 2025 회계연도 매출 5605억원..11.9%↑·영업익 5.5%↓",2026-03-27 19:16:51,real_assets
채권금리,"콜리어스 인터내셔널 그룹, 5억5000만 캐나다달러 규모 선순위 채권 발행",2026-03-27 20:02:57,domestic_bond
환율,"이콜랩, 2025 회계연도 매출 161억 달러..전년비 2.1% 증가",2026-03-27 21:04:21,real_assets
환율,"성과급 협상 난항"" 삼성전자 노사...산업계 ""대화"" 촉구",2026-03-27 21:06:12,real_assets
달러강세,"플래닛 랩스, 공모 와런트 전량 상환 결정..주가 강세 반영",2026-03-27 22:06:54,real_assets
기준금리,"시브릿지 골드, 2025년 순손실 5,320만 달러..전년비 적자 확대",2026-03-27 23:43:00,domestic_bond
국제유가,"끝장 보겠다는 이스라엘, 협상 순조롭다는 미국...누굴 믿어야 해",2026-03-27 23:48:44,real_assets
달러강세,"워딩턴 엔터프라이즈, 3분기 순매출 3억7900만 달러로 전년비 24% 급증",2026-03-28 05:04:21,real_assets
기준금리,"로저스 커뮤니케이션, 7억5000만 달러 규모 후순위 채권 발행",2026-03-28 05:40:12,domestic_bond
환율,"과잠바 입고 무료 절밥 줄섭니다""...고물가에 학식 인기도 ""쑥",2026-03-28 06:03:00,real_assets
국제유가,"미쳐버린 기름값, 한방울도 아쉽다""...에너지 절약 나선 이통사들",2026-03-28 07:44:56,real_assets
원유,"협상이냐 지상전이냐...""중동전쟁"" 한달째, 최대고비 맞은 미국 이란",2026-03-28 13:20:18,real_assets
원유,"30억원 내면 혁명수비대 특급 호위""...이란 ""호르무즈 톨게이트""로 연 150조 버나",2026-03-28 13:37:03,real_assets
기준금리,"개미 살 때 외국인은 팔았다...삼전, 외인 지분율 12년 만에 최저치",2026-03-28 15:56:13,domestic_bond
기준금리,"일단 이렇게 1억부터 만들어""...캥거루 시절이 저축 ""골든타임",2026-03-29 07:21:05,domestic_bond
국제유가,"대통령 측근이 기밀로 사익챙겨""...백악관 저격한 노벨상 크루그먼",2026-03-29 09:17:55,real_assets
국채,"25조 쏟아부어도 역부족""...한국 경제성장률 ""인플레 빨간불"" 켜졌다",2026-03-29 09:25:28,domestic_bond
환율,"코카콜라 ""우린 콜라 안만들어요""...그런데 경쟁사보다 3배 번다고?",2026-03-29 10:05:20,real_assets
원유,"종량제 봉투 사재기 안해도 된다는데...""나프타 쇼크""에 비상",2026-03-29 10:37:47,real_assets
국채,"주식·채권 다 박살나면 어디로 가요""...피난처 잃어버린 투자자들",2026-03-29 10:55:19,domestic_bond
환율,"구윤철 ""부동산, 안되면 7월께 세제도 검토...강남3구 빠지는건 좋은 시그널",2026-03-29 10:58:01,real_assets
국제유가,"구윤철 ""유가 120~130달러 되면 민간에도 차량5부제 검토",2026-03-29 11:44:28,real_assets
기준금리,"영끌족 ""전쟁보다 이게 더 무서워""...주담대 고정금리 7% 넘었다",2026-03-29 11:48:29,domestic_bond
국제유가,"구윤철 ""유가 120~130달러시 민간 차량 5부제 검토",2026-03-29 11:54:54,real_assets
국채,"WGBI 편입 앞두고 인프라 지원...한은, 금융결제망 운영시간 연장",2026-03-29 13:20:45,domestic_bond
기준금리,"1년간 48% 수익 내더니 최상위 성과까지...""반도체 빅2"" 운용 전략 통했다",2026-03-29 13:25:26,domestic_bond
채권금리,"5부제로 덜 타는데 차보험료 깎죠?""...금융당국, 보험사에 요청",2026-03-29 14:51:55,domestic_bond
채권금리,이란발 에너지 위기에...산은·수은·석유公 긴급 기관장 간담회,2026-03-29 14:56:59,domestic_bond
국채,"日 달러당 엔화 160엔, 10년물 국채 금리 27년 내 최고",2026-03-29 15:52:51,domestic_bond
기준금리,기름값 뛸수록 돋보이네... 하이브리드·전기차 열풍,2026-03-29 16:14:38,domestic_bond
국제유가,신현송 한은 총재 지명자... 라구람 라잔의 길 걸을까,2026-03-29 16:18:39,real_assets
환율,"치킨 시키려다 배달앱 그냥 껐습니다""...닭고기 가격 쇼크에 ""비상",2026-03-29 16:56:46,real_assets
국제유가,호르무즈 이어 홍해까지 위협... 최악·최장 경우의 수 대비할 때,2026-03-29 16:57:30,real_assets
국제유가,"폭탄 맞은 증시, 반등할까... 3월 수출에 달렸다",2026-03-29 17:06:56,real_assets
환율,5월까지 해외주식 팔면 '100% 절세' 수익률 높은 종목이 복귀혜택 더 크죠,2026-03-29 17:06:57,real_assets
국채,M7 시총 1700조 증발... 다우도 조정장,2026-03-29 17:23:53,domestic_bond
국제유가,"고물가에 금리 더 오를 것""... 영끌족 비상",2026-03-29 17:36:08,real_assets
환율,외국환율고시표,2026-03-29 17:36:10,real_assets
기준금리,"매출 제자리, 비용은 껑충...외식업 이중고",2026-03-29 17:40:45,domestic_bond
국채,"한은, 금융결제망 오후 8시까지 연다",2026-03-29 17:40:46,domestic_bond
국제유가,후티반군 참전... 호르무즈 이어 홍해까지 막히나,2026-03-29 17:51:25,real_assets
원유,아파트 공사장까지 덮친 '나프타 쇼크,2026-03-29 17:51:25,real_assets
기준금리,주담대 고정금리 7% 돌파,2026-03-29 17:51:26,domestic_bond
원유,서울 평균 휘발유값 1900원 돌파... 이번주초 2천원 넘을듯,2026-03-29 17:51:52,real_assets
원유,공급난에 놀란 정부... 나프타도 비축 추진,2026-03-29 17:51:53,real_assets
WTI,美 지상군 증파·후티 참전... 공격 수위만 더 올라가,2026-03-29 17:54:34,real_assets
국채,日 국채금리 27년래 최고... 기준금리 조기인상 움직임,2026-03-29 17:54:35,domestic_bond
원유,"태국·파키스탄 ""이란과 호르무즈 통과 합의",2026-03-29 17:54:36,real_assets
환율,"삼전닉스 던진 외국인, 코스닥은 주웠다...줍줍한 종목 대부분 바이오",2026-03-29 18:09:07,real_assets
원유,"중동 미군 철수, 호르무즈 ""통행료"" 내라""...이란 매체 협상조건 제안 주목",2026-03-29 19:38:45,real_assets
국채,"5일간 1700조 녹았다, 내 노후도 함께""...믿었던 빅테크서 곡소리",2026-03-29 19:44:47,domestic_bond
기준금리,"남는게 없다""는 거짓말, 진실됐다...식당 이익률 5년새 12→8%로",2026-03-29 20:46:37,domestic_bond
국제유가,"아껴쓰면 뭐해, 주담대 출금되면 텅텅""...고정금리 7% 얻어맞은 영끌족",2026-03-30 06:04:36,real_assets
환율,이 대통령 지지율 62.2%...민주 51.1%·국힘 30.6%,2026-03-30 08:01:18,real_assets
국제유가,"한달간 외인들이 팔아치운 36조, 개미가 전부 주웠다...이번주 증시 전망은",2026-03-30 08:12:38,real_assets
국제유가,"지난달 23일 트럼프 이란 타격으로 214억 이득...신내림인가, 선행매매인가",2026-03-30 08:42:04,real_assets
환율,"카니발(ADR), 사상 최대의 1분기 실적 달성 및 지속적인 성장을 위한 ""PROPEL"" 이니셔티브 발표",2026-03-30 08:47:35,real_assets
환율,"카니발, 사상 최대의 1분기 실적 달성 및 장기 성장을 위한 ""PROPEL"" 도입",2026-03-30 08:51:45,real_assets
WTI,"코스피, 4%대 급락 5100선 후퇴...코스닥도 3%대↓",2026-03-30 09:14:42,real_assets
환율,"역대급 호황에 이런 숫자 처음봤어요""...자산운용사 순이익 첫 3조 돌파",2026-03-30 09:17:06,real_assets
국제유가,"트럼프 ""미군, 이란 석유 수출 허브 하르그섬 점령 가능",2026-03-30 09:21:42,real_assets
국제유가,"트럼프 ""이란 석유 가져오고 싶다...하르그섬 점령 가능",2026-03-30 09:29:48,real_assets
원유,"미 지상군 투입 때 어디 치나...""이란 호르무즈 7개 섬, 공격 가치 더 높아",2026-03-30 09:42:12,real_assets
원유,중동 주둔하는 미군 5만명 돌파...이란 전면 침공하기엔 부족,2026-03-30 09:43:24,real_assets
국제유가,"리터당 2000원 되겠네요. 경유값이요""...생계형 트럭들 시동 꺼질 판",2026-03-30 09:51:43,real_assets
WTI,중동발 강달러 충격 지속에...원화값 1513원으로 출발,2026-03-30 10:05:51,real_assets
환율,환율 효과 덕분에 그나마...한국서 낙폭 덜한 비트코인,2026-03-30 10:15:34,real_assets
국채,"코스피 박스권 장세 전망 속...이자 대신 배당노린 예금·퇴직연금 81조 머니무브 ""대기",2026-03-30 10:16:47,domestic_bond
원유,"삼성운용 ""미국S&P500변동성확대시커버드콜"", 분배금 138원으로 증액",2026-03-30 10:18:59,real_assets
환율,"한투운용 ""ACE K수출핵심TOP10산업액티브 ETF"" 신규 상장",2026-03-30 10:20:02,real_assets
환율,"빌딩 투자 큰손들 돌아왔나...상업용 부동산 매입 확대 의향 74% ""역대 최고",2026-03-30 10:33:07,real_assets
WTI,"서울 경윳값도 1900원 돌파...2차 석유 최고가제 시행에도 ""비명",2026-03-30 10:46:09,real_assets
환율,"정청래 ""내일 전쟁 추경 국회 제출...역사상 가장 빠른 속도로 처리",2026-03-30 11:08:46,real_assets
기준금리,"이자내기 무서워요""...치솟는 주담대 금리에 영끌족 ""비명",2026-03-30 12:51:43,domestic_bond
환율,李대통령 지지율 62.2%...민주 51.1%·국힘 30.6%,2026-03-30 12:55:15,real_assets
환율,"장동혁 ""100원 주고 1000원 뺏어가는 정권...선거 끝나면 증세",2026-03-30 13:02:27,real_assets
기준금리,한화솔루션 유상증자 투자로 미래 태양광 기술 선점...1분기 흑자 전망,2026-03-30 13:09:10,domestic_bond
금값,"주식 사봐도 안되고, 채권도 손해나고, 금값도 빠지는데...나홀로 꿋꿋한 ""이것",2026-03-30 13:35:10,real_assets
국채,"WGBI 편입"" 원화값 안정될까...""즉각 강세 전환은 어려워",2026-03-30 13:35:31,domestic_bond
원유,"한국남부발전, 삼척빛드림본부 현장 점검...""에너지 수급 위기 대응",2026-03-30 14:50:55,real_assets
원유,"호르무즈 자유롭게 통항""...전쟁서 두들겨 맞고 있지만 이란이 승자",2026-03-30 14:59:56,real_assets
금값,"금, 은값 변동에...가격 올리고 대체소재 찾는 주얼리 업체들",2026-03-30 15:06:45,real_assets
환율,"시몬스 침대, 3년 연속 전통 침대업계 매출 1위",2026-03-30 15:43:21,real_assets
WTI,"코스피 3% 급락, 5270선 후퇴...중동 긴장에 투자심리 위축",2026-03-30 15:47:53,real_assets
환율,"우리카드, 3000억원 규모 ABS 발행...중소상공인 대금 지급 지원",2026-03-30 15:58:26,real_assets
WTI,"중동 리스크, 지긋지긋하다""...코스피 3% 급락, 외국인 2조 던졌다",2026-03-30 16:08:09,real_assets
기준금리,"아파트보다 더 인기네""...서울 오피스텔값 14개월째 상승",2026-03-30 16:10:24,domestic_bond
국채,"당정 ""합성수지도 수출 금지 고민...""매점매석 금지"" 강력 추진",2026-03-30 16:19:29,domestic_bond
국제유가,"정부 ""부동산 보유세"" 카드 쓸까...진성준 ""7월 세제개편 포함 가능성 상당",2026-03-30 16:24:13,real_assets
WTI,원·달러 환율 1520원 넘었다...금융위기 이후 처음,2026-03-30 16:43:07,real_assets
WTI,"원달러 환율, 1520원 넘어...금융위기來 17년만에 처음",2026-03-30 16:44:20,real_assets
원유,"금 대신 ""이것"" 사라""...증권가 콕 찍은 투자처",2026-03-30 16:55:19,real_assets
원유,중동리스크 긴급대응...5대은행 53조원 공급,2026-03-30 17:29:44,real_assets
국제유가,고유가에 항공사 '비상경영'... LCC는 노선 대폭 축소,2026-03-30 17:29:45,real_assets
원유,"석화업계, 나프타 확보 총력전...'러시아산'까지 수입",2026-03-30 17:29:45,real_assets
WTI,민간 차량 5부제 미루지 말고 시행을,2026-03-30 17:30:17,real_assets
국제유가,후티와 홍해,2026-03-30 17:30:17,real_assets
환율,"시몬스, 3년 연속 침대전문업계 매출 1위",2026-03-30 17:38:47,real_assets
기준금리,배민·쿠팡이츠 경쟁자 또 나온다...신한 이어 하나은행도 배달앱 도전,2026-03-30 17:48:30,domestic_bond
환율,외국환율고시표,2026-03-30 17:49:30,real_assets
국제유가,"베트남, 유류세 폐지 '고육책",2026-03-30 17:52:09,real_assets
국제유가,"트럼프 ""합의 안되면 하르그섬 초토화""... 이란 ""NPT 탈퇴 검토",2026-03-30 17:52:09,real_assets
원유,"러시아와 정면충돌 부담됐나... 美, 쿠바에 유조선 입항 허용",2026-03-30 17:52:10,real_assets
국제유가,잘나가던 그룹ETF... 이란전쟁에 급제동,2026-03-30 17:52:17,real_assets
기준금리,"채권값 더 떨어진다""... 줄지않는 하락 베팅",2026-03-30 17:53:25,domestic_bond
국제유가,길어지는 이란전쟁에... 개미도 힘 빠졌나,2026-03-30 17:53:25,real_assets
기준금리,"서울 외식업 매출 첫 감소 ""문 닫는 식당 늘어난 영향",2026-03-30 17:54:14,domestic_bond
WTI,중동 전황 따라...요동친 금융시장,2026-03-30 17:54:58,real_assets
환율,신현송 한은총재 후보자 귀국...고환율·고금리·고물가 '申의 선택'은,2026-03-30 17:54:59,real_assets
원유,전세계가 에너지문제로 난리 저도 잠이 안 올 정도로 심각,2026-03-30 17:59:01,real_assets
WTI,"정유·화학 추천종목 당분간 전혀 없습니다만""...그래도 산다면 ""이 종목",2026-03-30 18:08:59,real_assets
WTI,중동 전황 따라...금융시장도 요동,2026-03-30 18:16:41,real_assets
달러강세,"프리시디오 프로퍼티 트러스트, 2025년 순손실 62% 축소··매출 11% 감소",2026-03-30 19:08:10,real_assets
원유,"정부 ""울산 비축유 90만배럴, 북한 유입""은 가짜뉴스...단호 대응",2026-03-30 19:24:52,real_assets
원유,"세이블 오프쇼어, 하루 5만 배럴 이상 원유 판매 개시",2026-03-30 19:50:08,real_assets
국제유가,"제일 선방한 포스코가 -10% 찍고 찔끔...그룹주 ETF ""잔인한 3월",2026-03-30 20:05:15,real_assets
환율,"포티스, 2025년 조정 EPS 5% 증가..288억 달러 자본지출 계획",2026-03-30 20:18:00,real_assets
기준금리,"코로나때보다 힘들줄은 몰랐습니다""...서울 음식점 줄폐업·매출 뚝",2026-03-30 20:46:37,domestic_bond
원유,"아시아 정유사 ""초비상""...사우디 경질유 5월 가격 역대급 인상",2026-03-30 21:44:21,real_assets
원유,"비트마인 이머전 테크놀로지스, ETH 보유량 473만 토큰·60억 달러 돌파",2026-03-30 21:47:15,real_assets
환율,"페로비알, 자사주 23만주 매입..누적 규모 1억3433만 유로",2026-03-31 01:11:43,real_assets
채권금리,"소켓 모바일, 50만 달러 규모 전환사채 발행 완료",2026-03-31 01:59:44,domestic_bond
WTI,이란전쟁 한달만에 WTI도 100달러 찍었다...뉴욕증시 혼조,2026-03-31 05:34:35,real_assets
국제유가,"나흘째 계좌 안 열고 있습니다""­...전쟁리스크에 코스피도 원화값도 ""뚝뚝",2026-03-31 05:58:19,real_assets
기준금리,"패트파인더 뱅코프, 1분기 주당 0.10달러 배당 선언",2026-03-31 06:36:00,domestic_bond
환율,"프로그레스 소프트웨어, 1분기 매출 4% 증가·순이익 121% 급증",2026-03-31 06:36:51,real_assets
원유,"리버티 오일필드 서비스, 4.5억 달러 규모 전환사채 발행",2026-03-31 06:45:43,real_assets
원유,"프레리 오퍼레이팅, 2025년 매출 2.4억 달러·전년비 3000% 급증",2026-03-31 06:55:16,real_assets
환율,"전쟁 한방에 840조 증발, 이게 끝이 아닐수도""...삼전닉스 시총은 372조↓",2026-03-31 08:46:21,real_assets
원달러,17년만에 천정뚫린 환율...외인 순매도·고유가가 관건,2026-03-31 08:53:40,real_assets
원유,"SK가스, 원자재 공급망 불안...1분기 영업익, 전망치 상회",2026-03-31 08:56:14,real_assets
WTI,"합의 안되면 이란 모든 유정 초토화""...국제유가 100달러 돌파 ""초비상",2026-03-31 08:58:36,real_assets
환율,"환율 장중 1530원대 돌파...고유가·외인 ""엑소더스"" 영향",2026-03-31 09:10:43,real_assets
WTI,"이러다 5천피도 위태""...코스피 4%대 급락 5100선 붕괴",2026-03-31 09:32:23,real_assets
원달러,"코스피 5100선 붕괴...""삼전·닉스"" 필두로 시총 840조 증발",2026-03-31 09:43:22,real_assets
환율,"신현송 ""현 환율 큰 우려 없어...달러 유동성 양호",2026-03-31 09:53:13,real_assets
환율,"대전역세권 복합개발사업 대내외 위기 속 ""내실 다지기""...""안정적 사업 구도 확립 총력",2026-03-31 09:59:26,real_assets
환율,"송언석 ""환율·물가·유가 비상인데...민주당, 한가하게 공소취소 매달려",2026-03-31 10:08:18,real_assets
WTI,"원화값, 1520원대까지 뚫렸다",2026-03-31 10:12:50,real_assets
달러강세,"전쟁도 버거운데 터보퀀트 악재까지""...외국인, 한달 새 삼전닉스 23조 던졌다",2026-03-31 10:34:03,real_assets
기준금리,"신현송 ""매파·비둘기파 이분법 바람직하지않다...유연히 대처해야",2026-03-31 10:37:41,domestic_bond
환율,"여행비 불안 커지자 모두투어 유류할증료 부담 없는 ""가격고정"" 출시",2026-03-31 10:59:35,real_assets
국제유가,"가격 동결하고 차량 줄이고...유통업계 ""정부발 긴축""에 동참",2026-03-31 11:15:51,real_assets
원유,차량 5부제보다 강한 조치 나올까...상황 지켜보겠단 산업장관,2026-03-31 11:22:10,real_assets
국제유가,대한항공 비상경영 선포...티웨이·아시아나 이어 세번째,2026-03-31 11:25:39,real_assets
국제유가,"기름값 폭등에 하늘길도 비상""...대한항공, 결국 비상경영 돌입",2026-03-31 11:33:07,real_assets
기준금리,"美연준 파월, 금리 셈법 ""신중""...""중동전쟁 지켜봐야",2026-03-31 11:38:23,domestic_bond
원유,"김정관 ""중동 상황 악화시 차량 5부제보다 더한 조치 가능",2026-03-31 11:50:40,real_assets
기준금리,"주담대 月25만원 뛰었는데, 더 오른다""...내일부터 2.5억 고액대출자 어쩌나",2026-03-31 12:10:18,domestic_bond
환율,환율 장중 1530원 넘어...금융위기 이후 처음,2026-03-31 12:29:56,real_assets
국채,"추경으로 국채 1조 상환...""성장률 0.2%P 효과",2026-03-31 12:39:53,domestic_bond
국제유가,"신상진 성남시장, 중동사태 대응 비상경제대책 발표...재난 선포 건의·상품권 확대",2026-03-31 12:55:18,real_assets
국채,"전쟁추경"" 26.2조 투입...1인 최대 60만원 준다",2026-03-31 12:57:51,domestic_bond
환율,"비상경영 돌입"" 티웨이항공, 16년만에 사명 바꾼다는데...",2026-03-31 13:18:25,real_assets
달러강세,"1530원도 뚫린 원화값...""환율지옥"" 반년간 이어질수도 있다는데",2026-03-31 14:13:56,real_assets
환율,"이준석 ""회사 어려운데 회식비만 쏘는 사장...이재명 정부 추경이 딱 그 꼴",2026-03-31 14:21:25,real_assets
환율,"강달러 시대 자산 리포지셔닝...엠비아, 美부동산투자 세미나",2026-03-31 14:22:54,real_assets
국채,"민주 안도걸 ""WGBI 편입되면 75조원 외자 유입...외환시장 24시간 체제를",2026-03-31 14:26:13,domestic_bond
국제유가,"콘티넨탈타이어 ""4월, 타이어 4본 구매 시 주유권 제공",2026-03-31 14:30:18,real_assets
기준금리,"월세민국"" 된 부동산 시장...전세 밀어내고 비중 68.3% 역대최대",2026-03-31 14:39:49,domestic_bond
기준금리,"대신운용, DAISHIN343 오피스리츠플러스 ETF 상장",2026-03-31 15:33:35,domestic_bond
환율,"4%대 급락한 증시, 간신히 버텼다...오천피·천스닥 ""턱걸이",2026-03-31 16:01:41,real_assets
국제유가,한솔로지스유 '화물車 우수물류기업 인증' 획득,2026-03-31 16:01:54,real_assets
환율,"공사장 자잿값 줄인상 조짐...나프타 쇼크에 건설현장 ""한숨",2026-03-31 16:05:06,real_assets
환율,"한은 ""외환시장 쏠림 뚜렷하고, 다른 통화와 괴리 심해지면 대응",2026-03-31 16:14:52,real_assets
원유,"호르무즈 막혔는데 전쟁 종료?""...트럼프, 장기화 우려에 전략 선회",2026-03-31 16:30:26,real_assets
국제유가,"우량주 매수할 때?...월가 거물 애크먼 ""약세론 무시하라",2026-03-31 16:42:39,real_assets
환율,"성과급 상한 폐지 아니면 협상 없다""...삼성전자 노조, 벼랑 끝 전략",2026-03-31 17:08:09,real_assets
국제유가,전쟁 추경' 26조... 물가가 관건이다,2026-03-31 17:14:38,real_assets
기준금리,월세가 대세됐다... 임대계약 70% 육박,2026-03-31 17:14:59,domestic_bond
원유,호르무즈가 막히자 드러난 것들,2026-03-31 17:23:41,real_assets
원유,美 '에너지 지배'가 던진 돌,2026-03-31 17:35:20,real_assets
기준금리,"M&A 빅딜 가뭄 속...삼일, 재무·회계 '2관왕",2026-03-31 17:37:43,domestic_bond
채권금리,"IB명가 재건 신호탄... NH證, 주식·채권발행 1위 석권",2026-03-31 17:37:44,domestic_bond
환율,외국환율고시표,2026-03-31 17:39:03,real_assets
국제유가,고유가·강달러 속 美 증시 투자 전략은,2026-03-31 17:45:12,real_assets
국제유가,대한항공도 못버텨...비상경영 돌입,2026-03-31 17:46:24,real_assets
원유,대한조선 석달새 12척...年 수주목표 다 채워,2026-03-31 17:46:25,real_assets
달러강세,D램 가격 11개월 만에 제자리...급등세 멈췄다,2026-03-31 17:46:49,real_assets
기준금리,삼전닉스 개미 3명중 1명 손해보기 시작,2026-03-31 17:49:24,domestic_bond
WTI,"ETF 투자자, 원전서 웃고...美소프트웨어에선 울었다",2026-03-31 17:49:24,real_assets
국제유가,"원화 하락폭, 亞 통화 중 최대... 외국인 증시 탈출이 기름 부어",2026-03-31 17:54:26,real_assets
원유,정유사에 비축유 긴급대여... 원유 확보 일단 숨통,2026-03-31 17:54:26,real_assets
기준금리,매파·비둘기파 이분법 적절치 않아,2026-03-31 17:55:23,domestic_bond
국채,국민 70%에 최소 10만원 현금성 지원,2026-03-31 18:01:52,domestic_bond
국제유가,1530원 뚫린 원화값... 시장선 '1600원 공포,2026-03-31 18:01:53,real_assets
환율,법사위원장에 민주 서영교...행정안전위원장은 권칠승,2026-03-31 18:11:07,real_assets
달러강세,"빗썸, 작년 영업익 1635억 ""껑충""...2년 연속 흑자",2026-03-31 18:27:56,real_assets
환율,"롯데면세점, 지난해 영업이익 518억원...4분기 연속 흑자 달성",2026-03-31 18:36:27,real_assets
채권금리,"JBS, 20억 달러 선순위 담보부 채권 발행..재무구조 개선",2026-03-31 19:11:40,domestic_bond
환율,"암베브, 2025년 순이익 160억 헤알..전년비 7.7% 증가",2026-03-31 19:15:20,real_assets
달러강세,"유니레버, 1분기 매출 14억2천만 달러·영업익 5% 증가",2026-03-31 19:19:41,real_assets
국제유가,"진에어마저 백기...대한항공 전 항공계열사 ""비상경영",2026-03-31 20:09:08,real_assets
국제유가,"여보, 항공권 미리 끊길 잘했지?""...미국, 왕복 유류할증료만 100만원↑",2026-03-31 20:26:21,real_assets
국채,"1인 가구 385만원·2인 630만원""...추경 지원금 월소득 기준 보니",2026-03-31 21:24:12,domestic_bond
국제유가,"샤워기 앞에 서 있지 마""...유가 충격, 동네 목욕탕도 못 피했다는데",2026-03-31 21:44:26,real_assets
기준금리,"베이퍼스트 파이낸셜, 1분기 실적 4월 30일 발표",2026-03-31 22:01:50,domestic_bond
달러강세,"프로페셔널 다이벌시티 네트워크, 4분기 순손실 272% 급증..290만 달러 적자",2026-03-31 22:03:20,real_assets
국제유가,"4월엔 항공편 좀 줄이겠습니다""...대한항공마저 백기, 단축 노선은?",2026-03-31 22:24:10,real_assets
원유,"선코에너지, 자사주 매입 40억 달러로 20% 확대..손익분기 5달러 인하",2026-03-31 22:56:51,real_assets
채권금리,"팜파 에너지아, 2억 달러 3년 만기 채권 발행 성공",2026-03-31 23:02:51,domestic_bond
기준금리,"매·비둘기 구분 적절치 않아""...한은 총재후보, 금리에 ""신중",2026-03-31 23:56:57,domestic_bond
채권금리,"방코 산탄데르 칠레, 100만 UF 규모 장기채권 발행..만기 2037년",2026-04-01 03:53:54,domestic_bond
기준금리,"전세 매물이 아예 없어요""...대세는 월세, 임대계약 70% 육박",2026-04-01 06:00:44,domestic_bond
원유,"트럼프 ""미국, 곧 이란서 떠나...호르무즈는 알 바 아냐",2026-04-01 07:10:14,real_assets
원유,"트럼프 ""이란과 합의 없어도 떠난다""...호르무즈 해협 어떡하나",2026-04-01 07:27:54,real_assets
기준금리,"최대 500만원 할인""...쉐보레, 4월 ""유류비 지원+저금리"" 프로모션",2026-04-01 08:43:20,domestic_bond
국채,"환율·금리 안정 효과낼 수 있을까...韓, 세계국채지수 편입",2026-04-01 08:45:55,domestic_bond
국채,"신한자산운용, SOL 팔란티어 커버드콜 시리즈, 4월 분배금 지급",2026-04-01 09:38:11,domestic_bond
달러강세,"삼성E&A, 증권사 목표가 상향에 강세...3.36%",2026-04-01 10:16:44,real_assets
국제유가,"미국 가는 비행기, 한 번에 40만원 올랐네요""...중동 불똥에 여행객 ""비명",2026-04-01 10:22:42,real_assets
원유,"시장별 대장주 3월 수익률 살펴보니...비트코인 ""나홀로"" 상승",2026-04-01 10:59:26,real_assets
WTI,"한국은 쓰봉 사재기, 옆나라는 휴지 대란...50년전 트라우마 도졌다",2026-04-01 11:00:09,real_assets
원유,"美 ""에너지 지배""가 던진 돌",2026-04-01 11:04:07,real_assets
국제유가,시장선 환율 1600원 공포인데...우려 안 한다는 신현송,2026-04-01 11:08:46,real_assets
국제유가,"대한항공, ""요동치는 매크로 변동성"" 증권사 발표에 강세",2026-04-01 13:18:34,real_assets
금값,"중동 불안에도 명품·주얼리에 지갑 열어...""빅3"" 백화점 봄 세일 실적보니",2026-04-01 13:37:02,real_assets
기준금리,"IPO 앞둔 뱅크샐러드, 매출 77% 늘며 ""흑자전환 가시권",2026-04-01 13:38:44,domestic_bond
국제유가,"4인 가족 뉴욕행 비행기표, 단 하루 만에 163만원 올랐다",2026-04-01 13:40:45,real_assets
국제유가,"중동發 고유가·고환율에 ""백기""...SK가스·E1 두달 연속 가격 인상",2026-04-01 14:40:24,real_assets
원유,"호르무즈 우회로 ""얀부항"" 입항 놓고...해수부, 산업부와 이견",2026-04-01 14:53:23,real_assets
기준금리,"중소기업 재직자 우대저축공제, 직원이 직접 신청 가능",2026-04-01 15:16:27,domestic_bond
국채,"韓, 세계국채지수 편입...금리·환율 숨통 트이나",2026-04-01 15:36:33,domestic_bond
기준금리,"빨리 팔아야 되는데 계속 쌓이기만""...한달새 매물 9% 늘어 8만건 육박",2026-04-01 15:51:55,domestic_bond
국제유가,"유류할증료에 공항세 내도 가격 괜찮네? 티웨이항공, 특가 내놨다",2026-04-01 15:57:35,real_assets
국제유가,"민주 을지로위, 정유·주유업계 만나 ""사후정산·전속거래 폐지·완화 합의",2026-04-01 16:01:00,real_assets
원유,"소상공인 피해 막자""...중기부, 중동전쟁 관련 비상경제 대응 방안 논의",2026-04-01 16:05:13,real_assets
국채,"전쟁 곧 끝난다"" 한마디에 극적 반전...사이드카 발동한 코스피 8%↑",2026-04-01 16:13:14,domestic_bond
기준금리,"부동산 1호 공약으로 ""반값 전세"" 띄운 국민의힘",2026-04-01 16:27:16,domestic_bond
국채,안전자산 된 中국채...에너지·인플레 압박에도 방어력,2026-04-01 16:56:07,domestic_bond
원유,"이란대사 ""미국과 거래많은 한국선박, 호르무즈 못나간다",2026-04-01 17:03:01,real_assets
국제유가,"표 취소될까 잠 못 자는데 가격까지 껑충""...여름휴가 포기족도 속출",2026-04-01 17:15:38,real_assets
원유,호르무즈 통행료로 年 1조원 낼 판...공급망 넓혀야,2026-04-01 17:29:19,real_assets
채권금리,운용사 지분투자도 옥석 가리기,2026-04-01 17:31:36,domestic_bond
국제유가,반도체가 끌어올린 수출...월 800억달러 첫 돌파,2026-04-01 17:39:18,real_assets
국채,공직자 재산등록때 ETF·ELS 별도 분류,2026-04-01 17:47:57,domestic_bond
원유,"이란 대사 ""韓, 中처럼 이란과 협의해 '안전항로' 확보를",2026-04-01 17:49:26,real_assets
원유,"공공기관 차 2부제 8일부터...민간은 ""공영주차장 5부제",2026-04-01 17:54:26,real_assets
국제유가,"정부, 원유 위기경보 3단계 ""경계""로 격상...가스도 ""주의"" 상향",2026-04-01 17:55:49,real_assets
국제유가,트럼프 '일방적 종전' 빌드업,2026-04-01 17:58:26,real_assets
국채,WGBI 효과덕... 국채 3년물 금리 3.4% 아래로,2026-04-01 17:59:29,domestic_bond
WTI,에너지경보 '주의→경계' 격상... 공공기관 車 2부제,2026-04-01 18:00:52,real_assets
달러강세,"공포에 사라 했던 분, 사랑합니다""...종전 희망에 반도체 투톱 두자릿수 ""폭등",2026-04-01 18:53:50,real_assets
기준금리,"SHF 홀딩스, 4분기 매출 210만 달러..전분기비 12% 증가",2026-04-01 19:12:00,domestic_bond
기준금리,"오프 더 훅 YS, 4분기 매출 25% 증가..보트 판매 사상 최대",2026-04-01 19:34:51,domestic_bond
국제유가,"틸레이, 3분기 매출 2억672만 달러로 사상 최대..영업적자 97% 개선",2026-04-01 20:01:55,real_assets
원유,"李 ""홍해 통한 운송 지원하라""...정부 부처간 갈등 '교통정리",2026-04-01 22:56:49,real_assets
달러강세,"아이콘 에너지, Ultramax급 선박 임대 계약 갱신..최소 720만 달러 확보",2026-04-02 03:06:44,real_assets
달러강세,"아이콘에너지, Ultramax급 선박 임대 계약 갱신으로 최소 720만 달러 확정 매출 확보",2026-04-02 03:10:44,real_assets
기준금리,"호라이즌 뱅코프, 1분기 실적 4월 22일 발표 예고",2026-04-02 05:06:57,domestic_bond
기준금리,"아머 레지던셜 REIT, 4월 보통주 배당 주당 0.24달러 확정",2026-04-02 05:22:03,domestic_bond
원유,"트럼프 정책에 전격 공조""...로드리게스, 취임 3개월 만에 미국 제재서 완전 해방",2026-04-02 06:30:18,real_assets
원유,"트럼프 주한미군 거론하며 ""한국 도움 안됐다""...유럽 이어 동맹에 뒤끝",2026-04-02 07:00:54,real_assets
WTI,"이란이 요청했다"" ""그런적 없다""...""휴전 진실 공방"" 속 나스닥 1%대 상승",2026-04-02 07:58:57,real_assets
환율,"3월 소비자물가 상승률 2.2%...""중동쇼크""에 석유류 급등",2026-04-02 08:03:00,real_assets
국제유가,"3월 소비자물가 상승률 2.2%...""중동쇼크""에 석유류 급등",2026-04-02 08:03:35,real_assets
환율,"중동 전쟁 쇼크"" 3월 소비자물가 2.2% 상승...경유가격 17% 급등",2026-04-02 08:09:00,real_assets
원유,"중동 전쟁 쇼크"" 3월 소비자물가 2.2% 상승...경유가격 17% 급등",2026-04-02 08:09:50,real_assets
환율,"삼성바이오로직스, 목표주가 205만원 제시...매출 성장은 유지",2026-04-02 08:41:00,real_assets
환율,"이 돈 언제 다 갚나""...역대급으로 불어나는 빚",2026-04-02 08:43:00,real_assets
기준금리,"이 돈 언제 다 갚나""...역대급으로 불어나는 빚",2026-04-02 08:43:11,domestic_bond
환율,"삼성바이오, 미국 생산거점 품었다...""호실적 타고 205만원 진격",2026-04-02 08:46:00,real_assets
국제유가,종전 기대감에 이틀째 상승...나스닥 1.16%↑,2026-04-02 08:55:31,real_assets
환율,"3월 소비자물가 상승률 2.2%...""중동쇼크""에 석유류 급등",2026-04-02 09:00:00,real_assets
국제유가,"3월 소비자물가 상승률 2.2%...""중동쇼크""에 석유류 급등",2026-04-02 09:00:20,real_assets
원유,"호르무즈 봉쇄·유가 폭등 나중에는 이익으로 돌아올까...SK이노베이션 목표가 17만원 ""껑충",2026-04-02 09:08:36,real_assets
환율,"김용범 ""중동 전쟁에도 코스피 5000지켜...韓 시장 복원력 확인한 계기",2026-04-02 09:23:00,real_assets
달러강세,"삼성중공업, 블랙록 지분 확대·대규모 수주 겹경사에 5%대 급등",2026-04-02 09:25:00,real_assets
환율,알고보면 쓸모많은 은...어떤 ETF로 투자할까,2026-04-02 09:27:00,real_assets
달러강세,알고보면 쓸모많은 은...어떤 ETF로 투자할까,2026-04-02 09:27:19,real_assets
기준금리,"신한지주 ""NIM 개선 사이클과 증권 자회사 이익 기여도 확대"" 증권사 발표에 강세...3.32%",2026-04-02 09:36:06,domestic_bond
환율,"롤러코스터 환율, 이란전쟁 끝날듯말듯 긴장감에...1510원대 반등",2026-04-02 09:41:00,real_assets
WTI,"롤러코스터 환율, 이란전쟁 끝날듯말듯 긴장감에...1510원대 반등",2026-04-02 09:41:21,real_assets
원유,"배럴당 1500원 내라, 안내면 알지""...호르무즈 통행료 계획 마련한 이란",2026-04-02 09:50:35,real_assets
환율,"김용범 ""환율, 안정구간 복귀할것...한국증시 복원력 확인한 시간",2026-04-02 09:51:00,real_assets
환율,"삼성바이오로직스, ""기대치 부합 전망. 불확실성 해소 기대"" 증권사 발표에 강세",2026-04-02 09:57:00,real_assets
환율,"에어프레미아, 작년 최대 매출에도 영업손실 321억...내실없는 성장",2026-04-02 10:08:00,real_assets
국제유가,"트럼프 ""앞으로 2∼3주 이란 극도로 강하게 타격할 것",2026-04-02 10:21:59,real_assets
국채,"전쟁 추경"" 지자체 몫 3.1조...지방선거 전 집행 마무리할 듯",2026-04-02 10:29:51,domestic_bond
원유,"극도로 강하게 타격""...종전 기대 ""찬물"" 뿌린 트럼프 연설",2026-04-02 10:30:03,real_assets
WTI,"국제 유가는 꺾였다는데...국내 휘발유·경유 ""1900원 돌파"" 고공행진, 왜?",2026-04-02 10:43:41,real_assets
국제유가,"어제는 안그러셨잖아요...""앞으로 2~3주간 이란 강하게 타격"" 트럼프 폭탄발언에 코스피 5300선 ""위태",2026-04-02 10:56:08,real_assets
원유,"SK이노베이션 ""호르무즈 봉쇄는 에너지 기업가치를 높인다!"" 증권사 발표에 강세...3.93%",2026-04-02 11:14:56,real_assets
금값,"그래도 결국 금이야, 의심하지마""...주춤하던 금값 다시 100만원대 탈환",2026-04-02 11:34:11,real_assets
국제유가,"고유가에 지갑 닫히자...KB국민카드, 유류비·교통비 지원 나선다",2026-04-02 13:34:28,real_assets
국제유가,"차로 30분이면 가는 거리인데...비행기 9분 타고 간 유명 모델 ""논란",2026-04-02 13:51:14,real_assets
국채,"수은, 공급망안정화기금 첫 글로벌본드 5억달러 발행",2026-04-02 13:59:56,domestic_bond
국제유가,"플라스틱용기 가격 납품가에 제대로 반영되나""...중기부, 직권조사",2026-04-02 14:16:49,real_assets
국채,"이 대통령 ""민생경제 전시상황...촌음 아껴 ""빚없는 추경"" 편성",2026-04-02 14:20:16,domestic_bond
국채,"이 대통령 ""지금 위기는 폭풍우...비상상황에 비상한 대책 필요",2026-04-02 14:28:48,domestic_bond
원유,"노인 무임승차 제한 시사한 이 대통령...""출퇴근 혼잡도 낮출 방안 마련하라",2026-04-02 14:33:12,real_assets
환율,"李대통령 ""내일 전쟁 끝나도 에너지수급 오래 걸려...추경 속도전 필요",2026-04-02 14:51:00,real_assets
국제유가,중동戰 조기 종전해도 유가 90달러 전망...확전땐 170달러대로,2026-04-02 14:53:05,real_assets
국제유가,"우리 애 약 못 먹일까봐 걱정이에요""...""물약통""까지 중동발 대란 번지나",2026-04-02 15:09:12,real_assets
환율,"요즘은 신제품도 세일해요""...불황에 가전 회사들 가격 낮추고 또 낮추고",2026-04-02 15:37:00,real_assets
국제유가,"절대 예전으로 못 돌아가""...종전돼도 국제유가 90달러",2026-04-02 15:37:46,real_assets
환율,"200만원 넘는다""...미국 공장 접수한 삼성바이오, 목표주가 상향",2026-04-02 15:39:00,real_assets
국채,"트럼프 ""한 마디""에 요동치는 금값...증권가선 담으라는데 왜?",2026-04-02 15:40:52,domestic_bond
국제유가,"당장 끝나도 90달러, 최악 땐 174달러""...좋은 시절 쉽게 안온다는 국책연구소",2026-04-02 15:59:02,real_assets
환율,"치킨 이미 3만원 아닌가요""...잇단 악재에 ""더 오를라"" 노심초사",2026-04-02 16:08:00,real_assets
원유,"혼잡시간대 노인 무임승차 제한"" 진짜 하려나?...李 ""국토부가",2026-04-02 16:27:34,real_assets
국제유가,"내 차 기름은 내가 만든다""...고유가에 ""폐식용유""로 디젤로 만드는 남자",2026-04-02 16:41:35,real_assets
국제유가,정통MAGA' 밴스 vs '전쟁설계' 루비오... 대권 불붙인 이란戰,2026-04-02 17:05:20,real_assets
환율,외국환율고시표,2026-04-02 17:28:00,real_assets
국제유가,"중동전쟁 끝나도 고유가""... 물가 충격 장기화 대비해야",2026-04-02 17:39:35,real_assets
국제유가,"호르무즈, 트럼프의 정신승리",2026-04-02 17:39:35,real_assets
원유,"트럼프 ""韓, 우리에게 도움 안됐다""... 종전 후 청구서 날아오나",2026-04-02 17:42:25,real_assets
원유,"英, 한국 등 35개국 긴급소집... 호르무즈 사태 머리 맞댄다",2026-04-02 17:47:16,real_assets
국제유가,"2~3주 극강 타격...이란, 석기시대 될것",2026-04-02 17:53:58,real_assets
국제유가,"현대차 ""픽업트럭 시장 공략""...美서 '볼더' 첫 공개",2026-04-02 17:56:02,real_assets
환율,외국인 셀 코리아 장기화 공포... 5천피가 1차 지지선,2026-04-02 17:57:00,real_assets
환율,외환시장도 쇼크... 원화값 장중 1523원,2026-04-02 17:57:00,real_assets
환율,"위기' 28번 외친 李 ""민생경제 전시상황...골든타임 놓치면 안돼",2026-04-02 17:57:00,real_assets
원유,낡은 매뉴얼 지키다... 원유 90만배럴 못산 석유공사,2026-04-02 17:57:18,real_assets
원유,"이러다 물류비 80% 폭등할 수도""... 반도체 업계, 핵심소재 확보 나서",2026-04-02 17:57:26,real_assets
국채,외환시장도 쇼크... 원화값 장중 1523원,2026-04-02 17:57:57,domestic_bond
WTI,국제유가 '천당과 지옥'... 다시 100弗대,2026-04-02 17:57:58,real_assets
국채,"민주 의원들 ""대통령과 셀카 찍자"" 경쟁...이대통령 시정연설, 국힘은 고성 없어",2026-04-02 18:10:28,domestic_bond
국제유가,"종전과 상관없이 다가오는 ""호르무즈 청구서""...정부, 국제사회와 대응 고심",2026-04-02 18:36:50,real_assets
원유,"당정, 플라스틱업계와 상생협약서 체결하기로...원자재 가격 상승분 1일부터 소급 적용",2026-04-02 18:47:00,real_assets
원유,"탑 쉽스, 2025 회계연도 연례보고서 SEC 제출",2026-04-02 19:09:29,real_assets
국채,"에코페트롤, 정부와 연료가격안정화기금 미수금 1조6천억페소 지급 합의",2026-04-02 19:11:49,domestic_bond
기준금리,"린제이, 2분기 매출액 1억5770만 달러..전년비 16% 감소",2026-04-02 19:47:11,domestic_bond
채권금리,"스키나 리소시스, 7억5000만 달러 선순위 채권 발행..기존 금융 재구조화",2026-04-02 19:51:49,domestic_bond
채권금리,"스키나 리소시스, 7억5000만 달러 고금리 채권 발행...이자 부담·프로젝트 리스크 부각",2026-04-02 20:31:11,domestic_bond
달러강세,"앤지오다이나믹스, 3분기 매출 7840만 달러··전년비 8.9% 증가",2026-04-02 20:33:11,real_assets
원유,"어번디아 글로벌 임팩트, RPD 테크놀로지스 인수 완료..수익 다각화 가속",2026-04-02 21:31:55,real_assets
국채,"에코페트롤, 콜롬비아 정부와 1조6천억페소 미수금 회수 합의로 재무 건전성 회복 기대",2026-04-02 22:52:28,domestic_bond
국제유가,해묵은 매뉴얼만 지키다가...원유 90만 배럴 못 산 한국석유공사,2026-04-03 00:02:27,real_assets
기준금리,"오리온 디지털, 2025년 매출 4983만 달러·자체성장률 17% 달성",2026-04-03 01:19:53,domestic_bond
WTI,"마마스 크리에이션스, M&A 전문가 프레드 할빈 이사 선임",2026-04-03 05:07:46,real_assets
기준금리,"페넌트파크 플로팅 레이트 캐피탈, 4월분 배당 주당 0.1025달러 결정",2026-04-03 05:08:26,domestic_bond
WTI,트럼프 발언에 유가급등...호르무즈 개방 논의에 뉴욕증시 반등,2026-04-03 05:35:07,real_assets
원유,"사우스 보우, 5월 7일 2026년 연례 주주총회 개최",2026-04-03 05:45:30,real_assets
환율,"녹아버린 계좌, 출퇴근때 만회해야죠""...장외거래 석달만에 4배로",2026-04-03 05:58:31,real_assets
달러강세,"서밋 미드스트림, 4200만 달러 증자로 재무 유연성 강화",2026-04-03 05:59:50,real_assets
금값,"삼전닉스에 변화 닥친다고?""...터보퀀트·공급망위기·LTA, 반도체 기본기 총정리",2026-04-03 06:00:00,real_assets
국제유가,"미국냄새 진동하는데 한국차?""...우락부락 픽업트럭 내놓은 현대차",2026-04-03 06:07:38,real_assets
채권금리,"수자노 파펠 에 셀루로스, 27억 헤알 규모 채권 발행 완료",2026-04-03 06:15:51,domestic_bond
국제유가,"세계 12위 수준...환율방어 등에 3월 외환보유액 40억달러 ""뚝",2026-04-03 06:18:57,real_assets
WTI,"휴전 언급하더니 공격지속""...트럼프 연설 실망감에 국제유가 ""폭등",2026-04-03 07:48:55,real_assets
국제유가,"롯데렌터카 G카, 하이브리드 요금 낮추고 ""편도 핫딜"" 운영",2026-04-03 09:03:54,real_assets
국제유가,"환율 방어하느라 곳간 바닥난다 ""...외환보유액 한달만에 40억弗 증발",2026-04-03 09:23:27,real_assets
원유,"호르무즈 숨통 트이나""...코스피 하루 만에 5400선 회복",2026-04-03 09:27:40,real_assets
환율,"안철수 ""사이드카 터지는데 민주당은 환호...선거용 매표 추경",2026-04-03 09:50:37,real_assets
국제유가,"이게 다 대통령 때문이다""...변기업체 파산부터 게임기 인상까지",2026-04-03 09:52:53,real_assets
환율,한달 동안에만 22% 오르락내리락...비트코인보다 컸던 코스피 변동률,2026-04-03 09:56:42,real_assets
환율,이 대통령 지지율 67%...민주 48%·국힘 18%,2026-04-03 10:05:37,real_assets
기준금리,"롯데카드, ESG 경영 가속...""중금리대출"" 확대로 포용금융 강화",2026-04-03 10:07:18,domestic_bond
환율,"인도 진출 K-핀테크 어피닛, 역대 최대 매출 힘입어 상장 추진",2026-04-03 10:10:15,real_assets
달러강세,"달러 환전? 요즘엔 당근이 제일 싸""...수수료 아끼려다 낭패보지 않으려면",2026-04-03 10:58:01,real_assets
기준금리,"허탈·분노·눈물... K증시 ""유증 잔혹사",2026-04-03 11:06:12,domestic_bond
국제유가,"에버 타이트닝 시대...건설·내수 부담, 은행은 반사이익",2026-04-03 11:08:47,real_assets
국제유가,3고 시대 재테크 전략...낙폭 과대 우량주·단기채로 버틸 때,2026-04-03 11:11:10,real_assets
국채,"석화·車부품·2차전지 ""불면의 밤"" 왜?",2026-04-03 11:14:11,domestic_bond
국제유가,"한번도 겪은 적 없는 3高 시대...""에버 타이트닝",2026-04-03 11:18:44,real_assets
기준금리,단기 급매 또 쏟아질까...다주택자 대출 연장 불허에 시장 안갯속,2026-04-03 11:23:13,domestic_bond
환율,민주 48%·국힘 18%...李 취임 후 각각 최대·최저치,2026-04-03 11:24:31,real_assets
국채,"현금 확보 vs 비트코인 집중, 어느 쪽이 맞는가?",2026-04-03 13:19:33,domestic_bond
환율,"달러·엔화는 뛰는동안 ""얼음""된 원화 스테이블 코인...생존 해법은 ""연결",2026-04-03 13:19:55,real_assets
국제유가,"지난달 국내주식 36조 던진 외국인, 채권도 5개월 만에 ""팔자"" 전환",2026-04-03 13:21:52,real_assets
기준금리,강남·한강벨트 떨어지는데 강북은 상승 왜?,2026-04-03 13:56:05,domestic_bond
원유,"자원 전쟁 시대 ""진짜 강자"" 포스코인터",2026-04-03 14:00:02,real_assets
기준금리,금리 인하 기대감 후퇴에도...주목할 바이오株 있다?,2026-04-03 14:45:11,domestic_bond
국제유가,이란 사태 속 파월의 시장 달래기,2026-04-03 14:50:40,real_assets
국채,"국채 없는 추경"" 뜯어보니...3.4조 한은 납입금 왜 뺐나",2026-04-03 15:00:18,domestic_bond
WTI,"구름위로 치솟은 유가, 땅으로 내리꽂힌 항공주",2026-04-03 15:17:55,real_assets
기준금리,"증시 널뛰기에 연 4%가 어디야...개인·법인 가리지 않고 쏟아지는 IMA ""러브콜",2026-04-03 15:19:49,domestic_bond
기준금리,"한국투자증권-신한카드, 국내 첫 카드 플랫폼 발행어음 투자서비스 출시",2026-04-03 15:29:01,domestic_bond
환율,영끌의 청구서...30대 은행 대출 1억 첫 돌파,2026-04-03 15:40:07,real_assets
환율,"언제 다 갚나""...역대급으로 불어난 빚",2026-04-03 15:50:25,real_assets
달러강세,"반도체 랠리에 호르무즈 기대까지...코스피 2% 급등, 5300선 탈환",2026-04-03 15:59:45,real_assets
국제유가,"환율 방어에 외환보유액 40억달러 ""뚝""...10위권 밖으로 밀려",2026-04-03 16:01:20,real_assets
기준금리,국내시장 복귀계좌 ·기술신용평가 · 센추리 본드,2026-04-03 16:03:59,domestic_bond
원유,"금융위기 이후 처음""...천장 뚫은 브렌트유 현물",2026-04-03 16:14:33,real_assets
채권금리,"평범한 내 통장이 범죄 자금 세탁 통로로"" 계좌 이용 사기 주의보",2026-04-03 16:29:24,domestic_bond
원유,항행의 자유 위해 뭉친 40여개국... 호르무즈 통행료는 안 된다,2026-04-03 17:10:16,real_assets
환율,최고의 미술품 구입 기회... 홍콩에서 왔어요,2026-04-03 17:14:01,real_assets
환율,"34만원→4만원→16만원...바닥잡고 올라온 이차전지 ""이곳",2026-04-03 17:30:00,real_assets
금값,외환보유액 40억弗 줄었다,2026-04-03 17:43:17,real_assets
환율,외국환율고시표,2026-04-03 17:43:20,real_assets
국채,고유가發 인플레 압력...日 국채금리 27년來 최고,2026-04-03 17:47:40,domestic_bond
WTI,"정부, 홍해서 원유 도입 속도... 사우디 얀부항으로 향할 선박 리스트 취합",2026-04-03 17:51:46,real_assets
국제유가,유럽·亞 40개국 '호르무즈 정상화' 연합... 佛·日 선박 첫 통과,2026-04-03 17:51:47,real_assets
국제유가,중동發 에너지 위기에... 공직사회 업무혁신 실험,2026-04-03 17:55:00,real_assets
환율,"전쟁發 공사비 인상 도미노... 건설사, 마천4구역에 ""75% 올려달라",2026-04-03 17:56:58,real_assets
국제유가,"7일 청와대 여야정 회담...""중동발 경제위기 초당적 대응",2026-04-03 17:57:21,real_assets
원유,"美, 테헤란 교량 폭격하자 이란, 걸프국 통신사 공격",2026-04-03 17:58:28,real_assets
원유,수익률 꼴찌' 韓ETF 사는 글로벌 개미들,2026-04-03 17:58:42,real_assets
환율,고환율에 해외 고민이라면...가정의 달 겨냥한 6시간 거리 쿠알라룸푸르,2026-04-03 18:16:05,real_assets
원유,"김민석 총리 ""호르무즈 통행세, 원유 수급 영향 크지 않다",2026-04-03 18:40:08,real_assets
환율,"암베브, 2025년 순이익 7.7% 증가·159억9천만 헤알 달성",2026-04-03 19:02:06,real_assets
원유,"비축석유 90만 배럴 北유입설""에...金총리 ""말도 안돼, 엄하게 수사",2026-04-03 19:03:45,real_assets
원유,"에코페트롤, 12억5000만 달러 신규 대출 체결..고금리 부채 재조정",2026-04-03 19:06:27,real_assets
달러강세,"피규어 테크놀로지 솔루션스, 1분기 대출 거래액 29억 달러..전년비 113% 급증",2026-04-03 21:35:04,real_assets
환율,1945년산 로마네 콩티 12억원에 경매 낙찰,2026-04-03 22:30:39,real_assets
국채,美 3월 고용 17.8만명 '깜짝 증가,2026-04-03 22:46:03,domestic_bond
국제유가,"차 유지비 더 오른다""...윤활유 가격 ""도미노 인상",2026-04-03 23:02:14,real_assets
국채,"FUTURE MONEY ACQUISITION CORP, 1분기 신탁계좌 1억1256만 달러 보유",2026-04-04 03:11:57,domestic_bond
원유,"개미들 공포에 던질때 美개미 쓸어담았다...""수익률 꼴찌"" 韓 ETF 폭풍매수",2026-04-04 06:06:43,real_assets
국제유가,"다주택, 82억 자산가...신현송 한국은행 총재 후보자, 강남 아파트 보유",2026-04-04 09:19:15,real_assets
환율,"국장 복귀계좌"" 9만개 개설됐는데...자금유입은 아직 ""미미"", 왜?",2026-04-04 10:04:10,real_assets
국제유가,"여보, 기름값 무서우니 주말엔 방콕 어때...휘발유·경유, 어제보다 또 올랐다",2026-04-04 10:20:45,real_assets
원유,"여름 전력난 올수도""...日, 중동발 석유난에 ""수요 억제책"" 만지작",2026-04-04 13:43:05,real_assets
국제유가,"중동발 유가 불안에 식량값 ""들썩""...세계식량가격지수 두달째 상승",2026-04-04 14:40:49,real_assets
원유,"美 정보당국 ""이란, 당분간 호르무즈 해협 안 연다",2026-04-04 16:53:55,real_assets
환율,"다음주가 증시 갈림길""...삼전 실적·FOMC 회의록·美CPI 발표까지",2026-04-05 08:43:04,real_assets
기준금리,"학자금대출 받아 주식하는 친구, 말릴까요""...빚투가 흔해진 대학 캠퍼스",2026-04-05 09:30:45,domestic_bond
국제유가,"좌표 찍힌"" 조인성 SNS, 때아닌 ""정치 댓글"" 난장판...""혐오 댓글"" 몸살",2026-04-05 11:03:48,real_assets
국채,"팔만큼 팔았나, 슬슬 돌아오는 분위기""...코스피 외국인 비중 36.2% 최저 찍고 반등",2026-04-05 11:29:38,domestic_bond
국채,"환율 올라서...신현송 한은총재 후보, 외화 자산만 ""45억",2026-04-05 12:05:43,domestic_bond
국채,"달러 오르면 몇억씩 버는데""...신현송 외화자산 45억 보유 ""이해충돌"" 논란",2026-04-05 13:02:50,domestic_bond
환율,"한전·전력사, 에너지 513GWh 감축 총력전...중동 정세 악화에 긴급 사장단 회의",2026-04-05 13:16:19,real_assets
원유,"향후 몇 달 치 원유 모두 확보""...인도, 이란 등 40여개국서 원유 수입",2026-04-05 13:29:54,real_assets
원유,"비싸도 동물복지 상품이 잘 팔린다""...갈수록 힘받는 ""가치소비"" 경제학",2026-04-05 13:53:49,real_assets
환율,"좌파냐?""...조인성, 환율 발언에 극우 ""좌표찍기"" 당했다",2026-04-05 14:58:00,real_assets
국제유가,"기름값 인상 항의에...파키스탄, 30일간 대중교통 무료 제공",2026-04-05 15:13:23,real_assets
국제유가,"서울시, 기후동행카드 3개월간 3만원 돌려준다",2026-04-05 15:20:54,real_assets
국제유가,"투기적 거래자조차 못 덤빌 것""...1년새 12배 오른 ""미친"" ETF",2026-04-05 16:14:28,real_assets
국제유가,"국제유가에 깜놀? 진짜 충격은 이제 시작이야""...공업제품 물가지수 역대 최고",2026-04-05 16:22:47,real_assets
기준금리,"왜 아이 주식 수익률이 더 좋죠?""...삼전닉스 앞세운 미성년자 주식 7조",2026-04-05 17:01:00,domestic_bond
국제유가,에너지·식량 가격 도미노 상승... 물가 대응 총력전 펼 때,2026-04-05 17:08:54,real_assets
국제유가,서울 휘발유 1984원 근접...10일 시행 3차 최고가격은?,2026-04-05 17:17:22,real_assets
기준금리,변동성 견디려면... 지수ETF·액티브펀드 함께 담아라,2026-04-05 17:28:04,domestic_bond
기준금리,"초교 입학선물로 삼전닉스""... 미성년자 주식 7조 돌파",2026-04-05 17:32:57,domestic_bond
기준금리,카드론 경고등...'돌려막기' 다시 늘어난다,2026-04-05 17:34:38,domestic_bond
국채,"한은 총재 후보자, 재산 82억 신고",2026-04-05 17:34:39,domestic_bond
환율,외국환율고시표,2026-04-05 17:34:40,real_assets
WTI,7일 삼성전자 1분기 잠정실적 발표에 관심 몰려,2026-04-05 17:43:13,real_assets
환율,"대형마트, 고환율에 공급망 다변화",2026-04-05 17:54:25,real_assets
원유,"총 한자루로 버틴 美조종사...CIA ""이미 구출"" 뉴스 흘려 연막작전",2026-04-05 17:56:31,real_assets
국제유가,유가쇼크에...韓물가 전망치도 '쑥,2026-04-05 17:56:32,real_assets
원유,"일본, 원유 수입 물량 내년초 사용분까지 확보",2026-04-05 17:59:00,real_assets
원유,7월 보유세 인상? 계획 없어,2026-04-05 18:00:02,real_assets
원유,美 조종사 구출했지만...지옥문으로 치닫는 중동전쟁,2026-04-05 20:26:03,real_assets
원유,이란·오만 차관급 회담...호르무즈 원활한 통행 보장 방안 논의,2026-04-05 21:20:07,real_assets
기준금리,"주식 빚투하다 물려 카드빚, 그거 막느라 또 카드빚...연체율 20년새 최고",2026-04-06 06:07:51,domestic_bond
기준금리,"소득 40% 넘게 빚 갚는데 쓴다""...서울 주담대 상환 부담 2년 6개월 만에 ""최고",2026-04-06 06:39:23,domestic_bond
환율,이 대통령 지지율 61.2%...5주 만에 하락,2026-04-06 08:00:52,real_assets
기준금리,트럼프 입이 들었다놨다 하는 국내 증시...이번주 물가·실적 발표 영향은?,2026-04-06 08:20:47,domestic_bond
환율,"신세계, 전쟁 우려 불구 백화점 산업 성장성 지속 전망"" 목표가↑",2026-04-06 08:28:35,real_assets
국제유가,"전쟁·인플레 악재에도 이악물고 버텼다...그레이스케일 ""비트코인 저가 매수 기회",2026-04-06 08:43:31,real_assets
환율,李 대통령 지지율 61.2%...5주 만에 하락,2026-04-06 09:32:51,real_assets
원유,"형제국은 제외""...이란 발표 하루 만에 호르무즈 통과한 유조선의 정체",2026-04-06 09:36:59,real_assets
원유,"당정 ""주유소 사후정산제, 원칙적으로 폐지 합의",2026-04-06 09:42:39,real_assets
국제유가,"지옥을 보게될것"" 트럼프 으름장에...금값은 한발 먼저 지옥행",2026-04-06 09:46:32,real_assets
WTI,"5만원 주유했는데 겨우?""...휘발유값 또 올라 서울 평균 ""1987.2원",2026-04-06 09:55:20,real_assets
원유,"OPEC+ 내달 증산, 반갑기는 한데""...호르무즈서 막힌 물량의 2% 불과",2026-04-06 09:59:55,real_assets
원유,"페트로브라스, 수익률 67.1% 돌파",2026-04-06 10:06:11,real_assets
달러강세,"젠슨 황이 콕 찍었다...""AI 인프라"" 광통신주 급등 이어져",2026-04-06 10:08:43,real_assets
원유,"나만 살겠다고 뒤통수""...IEA, 원유 쟁여놓는 중국에 쓴소리",2026-04-06 10:38:15,real_assets
환율,"LG유플러스, 로밍 데이터 최대 2배 늘린다...5월 연휴 수요 겨냥",2026-04-06 11:16:18,real_assets
환율,"진짜 고비는 2분기부터""...항공업계, 3고(高)쇼크에 ""보릿고개"" 현실화",2026-04-06 13:46:38,real_assets
기준금리,"집 많으신데, 팔아서 빚 갚으시죠""...다주택자 대출연장 차단",2026-04-06 13:53:54,domestic_bond
원유,"성남시, 전국 최초 ""에너지 안심지원금"" 지급...41만 세대주 10만원 지원",2026-04-06 14:06:09,real_assets
환율,"가격 애써 눌렀지만, 언제 터질지""...중동 전쟁發 식탁물가 ""또다른 폭탄",2026-04-06 15:52:50,real_assets
원유,"유조선 갇혀 오징어 낚시, 에어컨 물로 샤워...호르무즈 발 묶인 2000척 2만명 ""사투",2026-04-06 15:55:04,real_assets
국제유가,"대한항공·아시아나, 5월 국내선 유류할증료 3만4100원...역대 최대치",2026-04-06 16:13:37,real_assets
원유,"당정, 주유소 사후정산제 원칙적 폐지...사우디 등에 특사파견해 원유 대체물량 확보",2026-04-06 16:24:36,real_assets
국제유가,고유가 쇼크와 성난 사람들,2026-04-06 17:17:04,real_assets
원유,식량·산업·에너지... 절체절명의 韓 공급망,2026-04-06 17:18:10,real_assets
원유,물만난 K조선 3사...고부가船 선별 수주,2026-04-06 17:26:07,real_assets
원유,"당정, 사우디 등 3개국 특사파견",2026-04-06 17:40:01,real_assets
채권금리,시장 냉각에도 증권채 발행 훈풍,2026-04-06 17:43:55,domestic_bond
기준금리,금융지주 18조 벌었는데...존재감 없는 카드사,2026-04-06 17:47:41,domestic_bond
환율,외국환율고시표,2026-04-06 17:47:43,real_assets
국제유가,중국 디플레 우려 잦아들어... 10년물 금리 2% 넘어설 듯,2026-04-06 17:51:21,real_assets
국제유가,중국산 전기버스에 보조금 문턱 높인다,2026-04-06 17:51:50,real_assets
기준금리,11% 캐시백·초저금리 할부... 금융권은 中 전기차 공습에 가세,2026-04-06 17:52:21,domestic_bond
채권금리,"HDFC 은행, 자본증권 및 인프라채 발행 검토..4월 18일 이사회 개최",2026-04-06 19:07:57,domestic_bond
원유,"익스팬드 에너지, 마르셀 튀니스 신임 CFO 선임",2026-04-06 21:00:59,real_assets
채권금리,"앱티브, 13억7천만 달러 규모 선순위 사채 입찰 매입 완료",2026-04-06 21:27:53,domestic_bond
국채,"다이아몬드백 에너지, 10억 달러 규모 선순위 채권 공개매수 개시",2026-04-06 22:25:55,domestic_bond
환율,"국회, 신현송 한은 총재 후보자 인사청문회 15일 개최",2026-04-06 22:43:07,real_assets
원유,"필립스 66, 1분기 2억~4억 달러 적자 전망..파생상품 손실 9억 달러",2026-04-07 05:18:48,real_assets
원유,"마크 내추럴 리소시스, 2025년 프로포마 매출액 15억5700만 달러 달성 전망",2026-04-07 05:19:28,real_assets
환율,"엔비디아 넘어설 수""...삼성전자 1분기 영업이익 57조",2026-04-07 07:51:16,real_assets
기준금리,"5200억 사옥까지 내놨다""...실적 잔치 와중에 카드사는 ""사투중",2026-04-07 08:31:32,domestic_bond
국제유가,"금융시장 흔들리고 물가·성장률 타격""...경제심리지수 11개월來 최저",2026-04-07 08:38:20,real_assets
기준금리,"브링크스, NCR Atleos 인수를 원활히 진행하기 위해 Brink""s의 수정 신용 계약서 제출",2026-04-07 08:44:11,domestic_bond
원유,"필립스 66, 원자재 가격 변동 속 2026년 1분기 실적 전망 발표",2026-04-07 08:46:11,real_assets
국제유가,미·이란 협상 낙관론...3대 지수 상승 마감,2026-04-07 09:03:25,real_assets
원달러,"삼성전자 ""역대급"" 실적 발표에...코스피 5500선 상승 출발",2026-04-07 09:23:46,real_assets
국제유가,고유가 쇼크와 분노한 사람들...공동체 질서 붕괴를 막으려면,2026-04-07 09:40:18,real_assets
WTI,서울 휘발유 2000원 시대...러시아 전쟁 이후 3년 8개월 만,2026-04-07 09:45:51,real_assets
달러강세,"삼성전자, 증권사 목표가 상향에 강세...4.09%",2026-04-07 09:56:25,real_assets
WTI,"주유하기 겁난다""...서울 휘발유 2000원 돌파, 3년8개월만에 최고치",2026-04-07 10:03:17,real_assets
국제유가,서울 평균 휘발유값 2000원 돌파...러-우 전쟁 후 3년 8개월 만,2026-04-07 10:18:26,real_assets
원유,"강훈식 ""오늘 카자흐·오만·사우디로 출국...원유 확보 협의",2026-04-07 10:26:50,real_assets
원유,"강훈식 ""원유·나프타 확보 위해 중동 지역 방문",2026-04-07 10:56:31,real_assets
국제유가,"휘발유값 무서워""... 美서 중고 전기차 판매 급증",2026-04-07 11:02:10,real_assets
국채,이란전쟁 고유가에 보조금 줬다가 신용등급 직격탄 맞은 나라들,2026-04-07 11:30:40,domestic_bond
WTI,석유 넘쳐나는데 수입국 신세 미국...역설이 빚은 3차 오일쇼크,2026-04-07 12:00:00,real_assets
국채,"블록체인, 금융 인프라로 들어왔다""...스테이블코인 전쟁 본격화",2026-04-07 12:59:58,domestic_bond
원유,2조원 이란 제재 회피 의혹에...바이낸스 컴플라이언스 핵심 인력 줄사퇴,2026-04-07 13:01:29,real_assets
원유,"정부 ""대체원유 평시사용량 대비 4월 60%·5월 70% 확보",2026-04-07 13:33:04,real_assets
원유,"공영주차장도 5부제로""...서울시, 내일부터 본격 시행",2026-04-07 13:45:18,real_assets
원유,"나프타 확보 비상인데... 추경은 ""과소 추계"" 논란",2026-04-07 14:26:32,real_assets
국채,"송금수수료 87% 절감"" 원화 스테이블코인, 입법 지연에 글로벌 경쟁 ""발목",2026-04-07 14:30:58,domestic_bond
국제유가,연준 금리 동결 전망 92%...4월 금통위 방향은,2026-04-07 14:34:59,real_assets
환율,"李대통령 만난 장동혁...""국정운영 기조 바꾸면 야당도 힘 보탤 것",2026-04-07 14:56:38,real_assets
원유,"미국·이란 정세 시시각각 변화...변동성 커진 국내 증시, 유망 분야는",2026-04-07 15:10:15,real_assets
국채,"월가는 이미 ""디지털 달러""로 무장""...이종섭 교수 ""달러 패권 맞설 원화 스테이블코인 시급",2026-04-07 16:03:58,domestic_bond
기준금리,"다달이 빚 갚고 나면 통장이 텅텅""...서울 영끌족 주담대 부담 다시 ""쑥",2026-04-07 16:04:09,domestic_bond
기준금리,K점도표 남기고 가는 이창용號... 마지막 금리는 7연속 동결로 마무리할듯,2026-04-07 16:10:22,domestic_bond
WTI,"중동 종전 아직 먼 얘기?...원유선물시장서 다음달 가격이 더 싼 ""기현상",2026-04-07 16:12:53,real_assets
국채,"다들 전쟁 바라볼 때 버핏은 ""이것"" 걱정...""극장서 불나면 모두 출구로",2026-04-07 16:13:20,domestic_bond
국제유가,반도체 착시 걷어내면 경기하방 위험 여전,2026-04-07 17:28:49,real_assets
환율,외국환율고시표,2026-04-07 17:31:05,real_assets
채권금리,"기업구조혁신펀드 가동 ""중동전쟁 피해업종 지원",2026-04-07 17:31:07,domestic_bond
원유,"트럼프 ""호르무즈 개방이 가장 중요""...이란 ""영구 종전만 수용",2026-04-07 17:41:18,real_assets
원유,"美·이스라엘,다음 타깃은 이란경제 근간 파괴",2026-04-07 17:41:19,real_assets
WTI,유가 고공행진 속 서학개미 투자전략,2026-04-07 17:43:27,real_assets
금값,"골드바에서 시계·피규어까지"" 중고시장 고액상품 거래 급증",2026-04-07 17:46:11,real_assets
WTI,전쟁 장기화에 단기물 고공행진... 원유 늦게 받으면 12% 더 저렴,2026-04-07 17:50:54,real_assets
원유,"HD현대, 중소선박사와 상생...선미·선수 나눠 반반씩 건조",2026-04-07 17:58:05,real_assets
환율,전장·구독 가전 덕에 LG전자 매출 신기록,2026-04-07 17:58:06,real_assets
원유,강훈식 실장 중동 방문... 원유·나프타 추가확보 목적,2026-04-07 17:58:22,real_assets
환율,"李 ""현찰 나눠주기 표현 과해""... 張 ""현금지급은 잠깐의 기쁨",2026-04-07 17:58:23,real_assets
국채,고유가에 정부 보조금 줬다가...동남아 신용등급 줄하락 위기,2026-04-07 17:59:16,domestic_bond
달러강세,호르무즈 봉쇄에 위안화 존재감 쑥,2026-04-07 17:59:16,real_assets
기준금리,"한은, 기준금리 동결 유력",2026-04-07 18:01:53,domestic_bond
국제유가,기름값 뛰자... 이달 서비스물가 줄인상 예고,2026-04-07 18:01:53,real_assets
환율,"여야대표 만난 李대통령...""위기땐 내부적 단합 중요",2026-04-07 18:03:48,real_assets
원유,"에코페트롤, CEO 무급 휴가로 수석부사장 직무대행 체제 전환",2026-04-07 19:10:59,real_assets
원유,"미군, 이란 하르그섬 군시설 공격"" <악시오스>",2026-04-07 20:30:35,real_assets
달러강세,"퓨전 퓨얼 그린, 1분기 UAE서 114만 달러 규모 LPG 공학 계약 수주",2026-04-07 21:02:11,real_assets
원유,"중국이 매년 석유 사줬다""...미국 압박에도 이란 버티는 이유는",2026-04-07 21:39:50,real_assets
환율,"박형준 ""보수 재건 적임자"" vs 주진우 ""전재수 꺾을 후보",2026-04-07 22:17:41,real_assets
원유,"뉴 컨셉 에너지, 2025년 4분기 흑자전환..연간 매출 1억5500만 달러",2026-04-08 00:25:48,real_assets
채권금리,"바클리즈, 20억 달러 규모 선순위 채권 조기 상환",2026-04-08 05:04:51,domestic_bond
환율,"리바이스트라우스 앤 코, 1분기 매출 17억 달러..전년比 14%↑",2026-04-08 05:14:22,real_assets
기준금리,"보르나도 리얼티 트러스트, 2025년 순이익 8억4290만 달러·주당 4.20달러 기록",2026-04-08 05:32:33,domestic_bond
기준금리,"아메리카 카마트, 유동성 위기 대응 42개 매장 폐쇄·구조조정 단행",2026-04-08 05:32:53,domestic_bond
국제유가,"가족여행은 커녕 외식도 벅차""...""기름값 반영"" 물가 뚜껑열기 무섭다",2026-04-08 07:23:29,real_assets
금값,"1170만원 명품 목걸이, 중고로 산다고?""...MZ들이 위험 무릅 쓴 이유",2026-04-08 07:43:17,real_assets
원유,"반도체 호조"" 2월 경상수지 231.9억 달러 ""역대 최대""...34개월째 흑자",2026-04-08 08:00:15,real_assets
원유,"폭격 작전 중단한다""...미국 이란 이어 이스라엘도 2주간 휴전 동의",2026-04-08 08:29:55,real_assets
WTI,"미국·이란 ""2주 휴전"" 발표에... 국제유가 12.49% 급락",2026-04-08 08:30:17,real_assets
WTI,이란 미사일 공격에 다우 사다라 복합단지 직격...공급망 리스크 현실화,2026-04-08 08:41:12,real_assets
원유,"반도체가 다 했다""...2월 경상흑자 232억달러, 월간 ""역대 최대",2026-04-08 09:01:06,real_assets
WTI,"2주 휴전안""에 막판 투자심리 회복",2026-04-08 09:01:50,real_assets
달러강세,"미·이란 ""2주 휴전""에 증시 급등...코스피 5800선·원화값 1470원대",2026-04-08 09:03:58,real_assets
WTI,"미·이란, 호르무즈 개방 조건으로 ""2주 휴전""...국제유가도 ""뚝",2026-04-08 09:06:05,real_assets
환율,"기아, ""1Q26 Preview: 쌓이는 현금과 실적에 대한 신뢰"" 증권사 발표에 강세",2026-04-08 09:18:34,real_assets
국채,"美 FDIC, 은행권 스테이블코인 발행 규제안 승인",2026-04-08 09:29:33,domestic_bond
WTI,"이란군 조율하에 호루무즈 안전하게 통과""...이란 외무도 ""화답",2026-04-08 09:30:20,real_assets
WTI,"한달만에 환율 1470원대로...휴전 중재안 수용 희소식에 ""일단 안도",2026-04-08 10:00:19,real_assets
원유,"우드사이드 에너지 그룹, 수익률 54.3% 돌파",2026-04-08 10:13:32,real_assets
기준금리,"NH투자증권, 증권사 목표가 상향에 강세...8.67%",2026-04-08 10:31:10,domestic_bond
기준금리,"삼성증권, ""1Q26 Preview"" 증권사 발표에 강세",2026-04-08 10:34:30,domestic_bond
기준금리,"NH증권 ""IMA 1호 상품에 법인 자금 55% 몰려",2026-04-08 10:44:48,domestic_bond
원유,유럽보다 50% 싸다지만...최고가격제 外 대응 필요,2026-04-08 10:47:28,real_assets
국제유가,"미국투자이민의 변화, 핵심은 ""프로젝트 구조",2026-04-08 11:01:45,real_assets
환율,"추미애 ""경기민생 대책위 구성""...실시간 대응 체계 구축",2026-04-08 12:12:49,real_assets
환율,"현대글로비스, ""靜, 中東... 중동에도 흔들리지 않는 실적"" 증권사 발표에 강세",2026-04-08 13:30:50,real_assets
달러강세,"산일전기, ""Conviction Call: 제자리를 찾아갈 차례"" 증권사 발표에 강세",2026-04-08 14:01:30,real_assets
원유,"배민, 비닐봉투 200만장 지원...플랫폼 업계 ""상생 경영"" 가속",2026-04-08 14:18:32,real_assets
환율,"증시 폭락한 날 확 땡겨서 빚투""...3월 가계대출 넉 달 만에 증가 전환",2026-04-08 14:59:24,real_assets
원유,"미국·이란 전쟁, 한국 피해가 가장 크다?...증시 급락 등 영향 줬다는데",2026-04-08 15:05:32,real_assets
WTI,"1분기 실적 괜찮다지만""...중동발 원가 압박에 식품업계 ""먹구름",2026-04-08 15:40:32,real_assets
달러강세,"코스피, 휴전 합의 소식에 5872.34 강세 마감...코스닥도 급등",2026-04-08 15:44:25,real_assets
원유,계속되는 공급망 위기 해법은 '산업 데이터 플랫폼,2026-04-08 16:09:35,real_assets
원유,"미국 이란 휴전 합의했는데...발 묶인 선박 800척, 호르무즈서 언제 나오나",2026-04-08 16:20:55,real_assets
국제유가,호르무즈 해협 열려도 공급망 다변화 노력은 필요,2026-04-08 16:55:49,real_assets
환율,시험대 놓인 '제조업 강국,2026-04-08 16:55:49,real_assets
원유,"호르무즈 풀린 뒤 1척당 60억 ""운송비 폭탄""...화주-선사 소송전 갈 듯",2026-04-08 17:27:28,real_assets
환율,외국환율고시표,2026-04-08 17:33:24,real_assets
달러강세,"ASML홀딩, 1분기 매출 100억 달러·EPS 7.67달러 전망에 강세",2026-04-08 17:33:36,real_assets
원유,"이란100년, 투키디데스적(的) 비극",2026-04-08 17:35:25,real_assets
원유,"비닐봉투 대란 소상공인에 배민, 200만장 긴급 지원",2026-04-08 17:39:10,real_assets
국제유가,LNG·석탄값 뛰자...종합상사 투톱 수익성 좋아졌네,2026-04-08 17:48:50,real_assets
원유,"이란, 호르무즈 통행료 걷어 재건비로 충당... 트럼프도 동의",2026-04-08 17:52:22,real_assets
WTI,코스피 '축포'... 유가 14% 뚝,2026-04-08 17:55:59,real_assets
WTI,"반갑다 외국인""...미·이란 휴전 합의에 반도체 집중 ""사자",2026-04-08 18:00:00,real_assets
기준금리,에너지發 임금상승 충격 대비를... 추경은 취약층 지원에 집중해야,2026-04-08 18:03:02,domestic_bond
WTI,국제유가 걸프전 후 최대폭 하락... 金·국채 가격도 일제히 반등,2026-04-08 18:03:02,real_assets
기준금리,"회사채 발행 나선 SK네트웍스, 수요예측서 목표액 5배 넘는 8300억 확보",2026-04-08 18:15:43,domestic_bond
달러강세,"레딧, 2026년 매출 31억 달러·EPS 57% 증가 전망에 강세",2026-04-08 18:50:57,real_assets
환율,"라탐 에어라인스 그룹, 주당 0.000066달러 배당 제안..총 3,800만 달러 규모",2026-04-08 19:01:57,real_assets
원유,"버밀리언 에너지, 1분기 생산량 12만5000boe/d..가이던스 상회",2026-04-08 19:03:47,real_assets
환율,"엘링턴 레지덴셜 모기지 리츠, 월간 배당 주당 0.08달러 선언",2026-04-08 19:04:47,real_assets
기준금리,"한양증권, 리테일 경쟁력 강화...주요 지표 개선",2026-04-08 19:06:38,domestic_bond
금값,"TRX 골드, 버크리프 프로젝트 처리 용량 3,500톤으로 확대",2026-04-08 19:17:28,real_assets
달러강세,"히말라야 시핑, 3월 TCE 일평균 3만2000달러 기록..주당 0.06달러 배당",2026-04-08 19:25:59,real_assets
원유,"연간 330만원 더 낸다""...중동 전쟁에 에너지비 폭탄 맞은 ""이곳",2026-04-08 19:27:54,real_assets
원유,"엑슨모빌, 1분기 영업이익 73억 달러 전망..전년비 12% 증가",2026-04-08 19:46:49,real_assets
환율,"알피엠 인터내셔널, 3분기 매출 17억 달러·EPS 63% 급증",2026-04-08 20:00:20,real_assets
국제유가,"차라리 밭에서 썩는 게 낫다""...고물가에 수확 포기한 동남아·남아시아",2026-04-08 21:27:51,real_assets
원유,"KLX 에너지 서비스즈 홀딩스, 4분기 매출 6% 감소에도 EBITDA 7% 증가",2026-04-09 05:10:58,real_assets
환율,"프라이스스마트, 2분기 매출 15억 달러·EPS 1.62달러 기록",2026-04-09 05:11:48,real_assets
WTI,미·이란 휴전에 美증시 2% 급등...호르무즈 불확실성은 여전,2026-04-09 05:48:55,real_assets
원유,"이 대통령, 국민경제자문회의 첫 주재...중동여파 대응·위기극복 논의",2026-04-09 06:49:37,real_assets
WTI,미국·이란 2주 휴전에 유가 하락세...유류할증료 상승세도 꺾일까,2026-04-09 07:57:38,real_assets
환율,"2조 순매수 돌아온 외국인, 6000피 탈환 견인하나, 변수는",2026-04-09 08:18:15,real_assets
원유,"이란100년, 투키디데스적(的) 비극",2026-04-09 08:25:39,real_assets
환율,"목표가 낮췄지만""...하이브, BTS 효과에 2분기 실적 모멘텀 기대",2026-04-09 08:38:35,real_assets
원유,"트럼프 호르무즈 개방 동의했다더니...""통행료 암호화폐""로 받겠다는 이란",2026-04-09 08:51:22,real_assets
원달러,"또 역대급 실적 자산 첫 4000조 돌파""...""불장에"" 금융지주, 非이자익도 확대",2026-04-09 08:56:08,real_assets
WTI,美·이란 휴전에 급등...다우 2.9% ↑,2026-04-09 08:57:11,real_assets
달러강세,"카드사 지배하던 1경5000조원 결제시장 열린다...비자·마스터 위협하는 ""스테이블코인",2026-04-09 09:03:28,real_assets
국제유가,"구윤철 ""3차 석유최고가격, 10일 0시부터 적용",2026-04-09 09:21:08,real_assets
WTI,"전쟁 한번에 몇번을 해먹니?""...휴전 직전 유가하락에 1.4조 베팅, 또 내부거래 의혹",2026-04-09 09:36:35,real_assets
환율,"코오롱인더 ""1분기 영업이익, 시장 기대치를 크게 상회 전망"" 증권사 발표에 강세...2.52%",2026-04-09 09:54:52,real_assets
환율,"금융지주, 증시 호조 타고 역대급 실적...순이익 26.7조",2026-04-09 10:16:16,real_assets
국제유가,"세아제강, ""영업실적 개선 중"" 증권사 발표에 강세",2026-04-09 10:37:33,real_assets
원유,"이란도 휴전 말뿐이었나...""우회경로"" 사우디 송유관에 드론공격",2026-04-09 10:45:28,real_assets
원유,호르무즈 묶였던 유조선 7척 들어오면 국내 원유 수급 숨통 트일까,2026-04-09 10:53:48,real_assets
WTI,Korean refinery stocks surge as global oil prices rebound,2026-04-09 11:07:54,real_assets
원유,"S-Oil, ""1Q26 Preview: 원유만 안정적으로 공급되면 된다"" 증권사 발표에 강세",2026-04-09 11:19:14,real_assets
WTI,Dark clouds loom over Korean food companies as costs rise,2026-04-09 11:31:39,real_assets
국채,"비트코인 실패한 ""화폐 3대 기능""...스테이블코인, 지급결제 왕좌 노린다",2026-04-09 12:00:30,domestic_bond
국제유가,"이러다 크게 물리는 거 아냐""...금융위기때 보다 더 빠진 외국인 투자자금 왜?",2026-04-09 12:35:01,real_assets
환율,"외국인 주식·채권 모두 던졌다...3월 자금 유출 규모 ""사상 최대",2026-04-09 13:54:05,real_assets
원유,민주 을지로위 주유소-정유사 협약 체결...중동발 유가 상승 피해 줄인다,2026-04-09 14:02:54,real_assets
환율,"비츠로셀, 증권사 목표가 상향에 강세...3.22%",2026-04-09 14:23:21,real_assets
환율,"중동상황 위기 대응, 제약바이오협 비상대응본부 가동",2026-04-09 14:58:32,real_assets
국제유가,"유가 180달러"" 사우디의 경고 메시지...호르무즈가 세계 경제 흔든다",2026-04-09 15:18:29,real_assets
환율,"로저스 쿠팡 대표, 청주 소상공인 만나...""핫라인·소통 강화",2026-04-09 15:55:01,real_assets
국채,"지금이 골든타임""...""취임 100일"" 황성엽 금투협회장의 10년 로드맵",2026-04-09 15:59:52,domestic_bond
원유,호르무즈 선박 보험 불확실성 점검 나선 해수부...英대사관 협조 요청,2026-04-09 16:01:35,real_assets
환율,"인상분 절반은 본사 부담""...교촌치킨, 가맹점 튀김기름 공급가 10% 상승",2026-04-09 16:10:02,real_assets
국제유가,"금값 차익실현 다시 달릴것""vs ""강달러·고금리 반등 제한적",2026-04-09 16:12:42,real_assets
기준금리,아파트 못 샀으니 오피스텔?...유지비용 포함해 실수익 따져야,2026-04-09 16:13:08,domestic_bond
국제유가,"드디어 2000원...정부 ""내일부터 3차 석유 최고가격 적용",2026-04-09 16:24:31,real_assets
WTI,"오락가락 증시와 환율, 정부와 한은의 반전카드는 무엇일까?",2026-04-09 16:25:01,real_assets
WTI,"중동 바닷길 전쟁터 만들더니, 누가 보면 오해하겠어""...미국 원유 수출 ""사상 최대",2026-04-09 16:51:03,real_assets
국제유가,"외국인 두 달째 ""셀 코리아""...순유출 사상 최대",2026-04-09 16:57:47,real_assets
환율,자재 수급 불안에 공사비 상승 지속...확정 분양가 사업장 실수요 이동,2026-04-09 17:27:48,real_assets
국제유가,"에너지 전쟁이 바꾼 여행 트렌드 ""여름휴가 멀리 한 번보다 가깝게 두 번",2026-04-09 17:29:24,real_assets
원유,증시 급변동에 ETF '출렁'... VI 발동 급증,2026-04-09 17:30:28,real_assets
원유,"저희 같은 곳은 더는 못버팁니다""...소상공인 덮친 중동전쟁발 이중 압박",2026-04-09 17:31:38,real_assets
환율,원자재값 뛰자 원가 압박... 식품업계 '한숨,2026-04-09 17:35:24,real_assets
환율,중동발 위기에 원화값 내리자 4대 금융 대출여력 10조 '뚝,2026-04-09 17:37:27,real_assets
환율,외국환율고시표,2026-04-09 17:37:28,real_assets
원유,"레바논 때린 건 우리 때린 거""...""2주간 휴전"" 합의 다음날 이란이 한 일",2026-04-09 17:39:00,real_assets
기준금리,월 5900원에 주식·부동산·코인 꿀팁... 골프·마라톤 참여 기회도,2026-04-09 17:42:43,domestic_bond
기준금리,"전쟁발 인플레 우려에... 美 연준 ""금리 인상·인하 모두 가능",2026-04-09 17:50:47,domestic_bond
원유,"이스라엘 폭격에 레바논 1천명 사상... 美·이란, 합의 위반 놓고 '네탓",2026-04-09 17:50:48,real_assets
기준금리,커피 한잔 값에 재테크 어벤져스를 만나보세요,2026-04-09 17:53:23,domestic_bond
국채,26조 전쟁추경 10일 본회의로...3조 증액되나,2026-04-09 18:03:14,domestic_bond
원유,"이스라엘 폭격에 레바논서 1천명 사상...미국·이란 합의 위반 놓고 ""네탓",2026-04-09 19:55:39,real_assets
환율,"오소픽스 인터네셔널 NV, 1분기 매출 1억9,670만 달러..전년비 0.4% 증가",2026-04-09 20:04:07,real_assets
환율,"돌아왔다 안도했는데 하루만에 떠나갔다...2조원 샀던 외국인 다시 ""셀코리아",2026-04-09 20:06:33,real_assets
달러강세,"퍼스트 마제스틱 실버, 1분기 은 생산 354만온스..전년비 4% 감소",2026-04-09 20:47:35,real_assets
원유,"이란, 휴전중 호르무즈 통과 하루 15척 이하로 제한""<타스>",2026-04-09 21:38:39,real_assets
원유,"UAE국영석유사 ""호르무즈 봉쇄 아시아 원유 공급에 문제",2026-04-09 22:06:09,real_assets
국제유가,"기름값 인상 주범"" 사후정산제 폐지한다...3차 최고가격은 동결",2026-04-09 22:36:40,real_assets
기준금리,美 4분기 GDP 성장률 0.5% 그쳐... 기준금리 '안갯속,2026-04-09 23:07:12,domestic_bond
채권금리,"인트루전, 323만 달러 규모 담보부 채권 발행..연 7% 금리 24개월 만기",2026-04-10 05:06:51,domestic_bond
원유,"텍사스 퍼시픽 랜드 트러스트, 최대주주 핵심인물 머레이 스탈 이사 별세",2026-04-10 05:07:02,real_assets
환율,"WD 40, 2분기 매출 1억6167만 달러..전년비 11% 증가",2026-04-10 05:10:02,real_assets
달러강세,"빔 글로벌, 2025년 4분기 매출 9백만 달러..전분기비 56% 급증",2026-04-10 05:56:05,real_assets
원유,"사우스 보우, 5월 7일 2026회계연도 1분기 실적 발표 예정",2026-04-10 06:01:55,real_assets
채권금리,"오빈티브, 아나다르코 자산 30억弗 매각..부채 상환 가속화",2026-04-10 06:05:55,domestic_bond
채권금리,"메인 스트리트 캐피탈, 1억5000만 달러 회사채 발행..연 6.93% 금리",2026-04-10 06:08:45,domestic_bond
환율,"현대차·기아에 러브콜...""이재용 승부수"" 하만, 차량 모빌리티 글로벌 리더로",2026-04-10 06:45:00,real_assets
환율,"가격 안 올리고 버틸 수 있을지""...식품업계, 고환율·원자재값 상승 직격탄",2026-04-10 07:41:00,real_assets
환율,"호르무즈 해협 5월도 봉쇄면 감산 고려...POSCO홀딩스, 매수 유지",2026-04-10 08:46:10,real_assets
WTI,"휴전 지속 기대감에 ""안도 랠리""...연이은 상승 마감",2026-04-10 08:57:50,real_assets
금값,"김영옥, ""평생 모은 금"" 싹 털렸다...""집 한 채 날아갔다",2026-04-10 09:06:07,real_assets
기준금리,"물가·환율 불안에"" 한은, 7회 연속 기준금리 2.50% 동결",2026-04-10 09:50:24,domestic_bond
기준금리,이창용 총재의 마지막 기준금리...2.5%·7연속 동결로 마무리,2026-04-10 09:52:05,domestic_bond
국제유가,"나프타 보건의료·생활필수품에 우선 공급""...정부 ""긴급 대응",2026-04-10 09:57:12,real_assets
달러강세,"HD현대일렉트릭, 증권사 목표가 상향에 강세...3.37%",2026-04-10 09:58:17,real_assets
기준금리,중동 리스크에 물가·환율·성장 불안...기준금리 7연속 동결,2026-04-10 10:04:10,domestic_bond
환율,"이 대통령 지지율 67%, 민주 48%로 다시 최고치",2026-04-10 10:04:42,real_assets
환율,이재명 대통령 지지율 67%...지난주와 동률,2026-04-10 10:14:41,real_assets
원유,"대통령 가족부터 단속하지""...내부정보 선행매매 금지한 백악관",2026-04-10 10:30:59,real_assets
국제유가,호르무즈 봉쇄 해제 시 1450원대 전망도...미국-이란 휴전에 원화값 상승세,2026-04-10 10:47:34,real_assets
환율,"비에이치 ""탄탄한 본업과 신사업 모멘텀 기대"" 증권사 발표에 강세...6.9%",2026-04-10 10:49:03,real_assets
국제유가,"기름값 전국 평균도 2000원 넘나""...3차 최고가격 묶었지만 상승세 지속",2026-04-10 11:07:40,real_assets
환율,"현대글로비스, ""1Q26 Preview: 환율/운임 상승 수혜주"" 증권사 발표에 강세",2026-04-10 11:13:23,real_assets
환율,일상 가까이에 있는 전쟁...도서 『국가는 무엇으로 싸우는가』 外,2026-04-10 11:48:49,real_assets
기준금리,"한은 총재 ""현재 환율은...외국인 주식 매도와 중동 사태가 큰 영향",2026-04-10 13:05:12,domestic_bond
환율,"전쟁 덕분에?""...이란, 무기부터 환전까지 11조 ""암호화폐 큰 손"" 등극",2026-04-10 13:05:25,real_assets
기준금리,"순식간에 1억 ""쑥""...집주인 들썩",2026-04-10 13:46:23,domestic_bond
기준금리,"종잡을 수 없는 증시...""파킹형 상품"" 뜬다",2026-04-10 13:56:25,domestic_bond
기준금리,"초대형 IB 속도 내는 30년 ""원클럽맨""...진승욱 대신증권 대표",2026-04-10 14:11:49,domestic_bond
환율,"구윤철 부총리, AI·초혁신경제 속도전 주문",2026-04-10 14:15:59,real_assets
국제유가,이란 전쟁에 휘청거린 국장...하락률 1위는,2026-04-10 14:34:34,real_assets
국제유가,"전쟁 끝나도 경제 완벽 복귀 불가""...IMF 총재 성장 둔화 경고",2026-04-10 15:16:02,real_assets
달러강세,"전기차 7천만대 분량 리튬 확보한 ""이 기업""에 몰린 매수세",2026-04-10 15:28:32,real_assets
국제유가,유가 급등하자 왕서방이 웃는다,2026-04-10 15:57:10,real_assets
환율,"하나 트래블로그"" 인기 꺾였다...대신 뜬 카드 뭐길래",2026-04-10 15:59:20,real_assets
기준금리,"배당은 확실한데""...전쟁 리스크 속 금융주, 투자 매력 전망은?",2026-04-10 16:05:17,domestic_bond
국채,"미국 연방준비제도 Fed...임명직이지만 세계에서 가장 막강한 ""독립 기구",2026-04-10 16:10:24,domestic_bond
환율,李 지지율 67%로 최고치...민주 48%·국힘 20%,2026-04-10 16:43:26,real_assets
원유,호르무즈 재개방되더라도 정유사들 화물보험 막혀...원유 선적 난항 전망,2026-04-10 17:20:54,real_assets
국제유가,"전쟁 이전으로 못 돌아가""... IMF·IEA의 영구손상 경고",2026-04-10 17:28:41,real_assets
환율,"몇 년 동안 물려 있었는데""...바닥 딛고 일어서는 스판덱스 황제株 효성티앤씨",2026-04-10 17:30:00,real_assets
원유,"백악관 ""내부정보 활용한 불법 선행매매 금지"" 경고",2026-04-10 17:37:12,real_assets
국채,"26.2조 추경, 본회의 통과...'고유가 타격' 집중 투입",2026-04-10 17:45:38,domestic_bond
국채,기준금리 7번 동결하고 떠나는 이창용,2026-04-10 17:46:10,domestic_bond
국제유가,"韓성장률 전망 1.7%→1.9% ""반도체 수출 호조가 이끌어",2026-04-10 17:46:10,real_assets
환율,외국환율고시표,2026-04-10 17:46:12,real_assets
국제유가,"무려 1조1000억짜리 ""수상한 거래""...트럼프도 하지 말라 ""버럭"", 범인은?",2026-04-10 18:09:14,real_assets
기준금리,"아메리칸 스트래티직 인베스트먼트, 4월 15일 4분기·연간 실적 발표 예정",2026-04-10 19:05:04,domestic_bond
WTI,"옥시덴탈페트롤리엄, 1분기 원유 평균 실현가격 배럴당 69.91달러 기록",2026-04-10 20:17:06,real_assets
국채,"지정학적 긴장 완화에 7만달러 돌파, 비트코인 상승의 진짜 이유",2026-04-10 20:32:01,domestic_bond
환율,"인베스코, 3월 AUM 2조1595억 달러..전월비 4.4% 감소",2026-04-10 21:05:58,real_assets
채권금리,"JD닷컴, 100억 위안 채권 발행..2031년·2036년 만기 구성",2026-04-10 21:59:49,domestic_bond
채권금리,"스키나 리소시스, 7.5억 달러 고수익 채권 발행 완료",2026-04-10 23:09:25,domestic_bond
기준금리,美CPI 4년만에 최대폭 상승...멀어지는 금리인하,2026-04-10 23:24:47,domestic_bond
국제유가,전쟁發 유가충격 덮쳤다 美 3월 소비자물가 급등,2026-04-10 23:27:02,real_assets
원유,"데본에너지, 코테라 합병 반영 2025년 매출 248억 달러·EPS 3.24달러",2026-04-11 05:09:19,real_assets
국채,"솔로윈 홀딩스, 토큰화 플랫폼 리베아라 펀딩 라운드 참여",2026-04-11 05:17:19,domestic_bond
환율,"플래티넘 그룹 메탈스, 상반기 순손실 71% 확대..주식발행으로 현금 4090만달러 확보",2026-04-11 05:33:00,real_assets
금값,"억장 무너졌다"" 김영옥, 금 모아놨더니...집 한 채 날렸다",2026-04-11 06:56:51,real_assets
환율,삼전닉스 살까 팔까...증권가 목표가 줄줄이 올리는 이유 보니,2026-04-11 08:01:54,real_assets
원유,호르무즈 이란 통제권 여전...선박 통행량 휴전 이전 수준,2026-04-11 08:53:35,real_assets
WTI,3차 석유 최고가격제 시행 이틀째...서울 휘발윳값 2024원,2026-04-11 09:38:39,real_assets
기준금리,"수백대 1 바늘구멍에 쥐꼬리 이자, 그 돈으로 주식하는게""...청약통장 해지 봇물",2026-04-11 11:06:40,domestic_bond
국제유가,"국제 유가 뛰는데..."" 동결된 3차 석유 최고가격, 재정 부담 우려",2026-04-12 08:48:33,real_assets
원유,"휴전 후 처음""...초대형 유조선 3척, 호르무즈 통해 걸프 빠져나와",2026-04-12 09:15:42,real_assets
원유,"달러 제재, 이제 안먹힌다...이란전쟁이 균열 낸 ""기축통화의 성역",2026-04-12 09:26:05,real_assets
WTI,"기름값 드디어 잡히나...3차 최고가격제 셋째날 서울 경유값 ""보합",2026-04-12 09:50:31,real_assets
원유,유럽여행 포기하고 공짜 기차표 끊었는데...기차역 갈 버스가 없다고?,2026-04-12 09:59:56,real_assets
국제유가,"휴전했다니 다시 금 사모아볼까""...폭락했던 금 시세, 반등 흐름",2026-04-12 10:06:48,real_assets
환율,"주식 본전 왔는데 팔까요?"" 불안한 개미...""도로 박스피"" 없다는데",2026-04-12 10:23:02,real_assets
금값,"금값 올랐을 때 나만 안 샀어""...지금 시작해도 안늦는 ""금 투자법",2026-04-12 13:41:17,real_assets
WTI,"월 60만원 받고 ""엉터리 종목"" 추천한 유튜버...핀플루언서 5명 적발",2026-04-12 13:47:54,real_assets
기준금리,기준금리 0.25%p 인상시 수도권 집값 0.6% 하락...지방 영향 없어,2026-04-12 14:19:45,domestic_bond
원유,"평시 대비 원유 80% 확보""...김정관 ""정부 비축유 안 풀고 4~5월 넘길 수 있다",2026-04-12 14:45:14,real_assets
기준금리,"충전비까지 두둑하게""... 완성차 가격 '고유가 세일",2026-04-12 16:05:48,domestic_bond
기준금리,월 5900원에 세상에 없던 재테크 정보 만나세요,2026-04-12 16:25:18,domestic_bond
국채,중동전쟁 쇼크 단기 그칠듯... 금융자산 주식 비중 확대를,2026-04-12 16:25:19,domestic_bond
국채,국가채무 2030년엔 GDP 60%인데 벌써 2차 추경 운운하다니,2026-04-12 16:58:51,domestic_bond
환율,삼천당제약 쇼크가 남긴 교훈,2026-04-12 16:58:52,real_assets
국제유가,"치솟는 기름값, 아낄 방법 없나요""...주유비 할인받는 카드 전략 총정리",2026-04-12 16:59:38,real_assets
원유,"침묵하는 트럼프, 더 불안해""...협상결렬후 SNS에 ""이란 해상봉쇄"" 기사만",2026-04-12 17:00:14,real_assets
환율,외국환율고시표,2026-04-12 17:09:27,real_assets
국제유가,널뛰는 국제유가... 투자자 대응법은,2026-04-12 17:11:39,real_assets
환율,불안한 코스피에... 야간선물 몰려가는 개미들,2026-04-12 17:15:38,real_assets
금값,"금, 실물 넘어 금융자산화 길 열어야",2026-04-12 17:38:25,real_assets
원유,"다시 온 석유패권시대, 韓이 살길",2026-04-12 17:38:25,real_assets
환율,글로벌 메모리 공급난 부채질 우려... 韓수출·환율에도 직격탄,2026-04-12 17:43:30,real_assets
원유,"청와대 ""명확한 종전 선언 때까지 비상대응체계 유지",2026-04-12 17:47:29,real_assets
원유,"트럼프 ""미 해군, 즉각 호르무즈 모든 선박 봉쇄...이란 발포 땐 지옥 맛볼 것",2026-04-12 22:02:35,real_assets
원유,"미군, 한국 시간 오늘밤 11시부터 ""이란 해상 봉쇄"" 공식 발표",2026-04-13 06:08:54,real_assets
원유,"이란 협상단장 ""처음부터 미국 안 믿어...싸움 걸면 싸우겠다",2026-04-13 06:16:57,real_assets
환율,이 대통령 지지율 61.9%...민주 50.6%·국힘 30.0%,2026-04-13 08:01:50,real_assets
환율,"5.2조 벚꽃 리턴"" 외국인 6000피 재등극할까...전쟁과 실적 기대감 ""줄다리기",2026-04-13 08:07:43,real_assets
환율,"HD현대일렉트릭, 1년 만에 목표가 3배 뛴 이유는?",2026-04-13 08:26:24,real_assets
환율,"옥스퍼드 합격後 고대 편입한 신현송 한은 총재 후보자...""이중 학적"" 논란",2026-04-13 08:44:10,real_assets
국제유가,"미국 항공권 100만원 더 오른다고?""...5월 유류할증료 역대 최고 전망",2026-04-13 08:47:43,real_assets
환율,李 지지율 61.9% 반등...민주 50.6%·국힘 30%,2026-04-13 08:59:14,real_assets
국제유가,공항서 여행가방 손잡이에 붙이는 긴 스티커...근데 그거 뭐지?,2026-04-13 09:00:00,real_assets
원유,"이란, 호르무즈 해협서 ""코인 통행료"" 추진...美 제재 무력화 ""꼼수",2026-04-13 09:05:14,real_assets
국제유가,이란 전쟁 속 반도체는 호황...4월 초 수출액 역대 최고 기록 경신,2026-04-13 09:15:58,real_assets
기준금리,"서울 집은 못 사겠다""...경기로 가는 서울 거주자, 4년래 최고",2026-04-13 09:16:50,domestic_bond
국제유가,"미·이란 협상 난항에...코스피 5730대 하락 출발, 코스닥도 약세",2026-04-13 09:20:41,real_assets
채권금리,"진짜 주식 안 하면 손해보나요?""...주식 결제대금, 하루 평균 ""6조원",2026-04-13 09:54:49,domestic_bond
원유,"엔비디아·삼성전자도 24시간 거래...가상자산 ""무기한 선물"" 거래액 ""11경"" 돌파",2026-04-13 10:06:26,real_assets
환율,엇갈리는 대장주 투심... 삼성전자 사고 현대차·하이닉스 팔고,2026-04-13 10:26:06,real_assets
기준금리,올해 청약 당첨자 10명중 6명은 2030세대...통계 집계 이래 최고,2026-04-13 10:36:18,domestic_bond
원유,"나프타 대란에 플라스틱 대체제 관심...포장재기업 주가 ""쑥",2026-04-13 10:47:12,real_assets
국제유가,기름값 상승세 주춤해졌지만...호르무즈 변수에 재급등 우려,2026-04-13 10:54:32,real_assets
기준금리,"더 늦기 전에 집 사자""...30대 이하 당첨 비중 60% 돌파",2026-04-13 11:12:19,domestic_bond
달러강세,"신현송의 매파본색 ""성장부진보다 물가상승이 더 문제",2026-04-13 11:40:40,real_assets
환율,"반도체 슈퍼사이클 진입 효과...수도권 반도체 벨트 주거시장 ""훈풍",2026-04-13 12:45:09,real_assets
기준금리,"한은, 7월 금리 인상 전망...호르무즈 변수에 연말·내년으로 밀릴 수도",2026-04-13 14:00:40,domestic_bond
국제유가,다시 1500원 넘보는 원화값...3월 평균환율 금융위기 이후 최고,2026-04-13 14:22:39,real_assets
국제유가,"티웨이항공, 무급휴직 시행...""고유가·고환율"" 항공업계 타격 본격화",2026-04-13 14:40:42,real_assets
원유,"한국 실소유선박, 호르무즈 통과...이란 지정루트로 첫 진입",2026-04-13 15:06:33,real_assets
기준금리,"가계대출 늘린 인뱅 속 ""나홀로 감소""...풍선효과 비껴간 케이뱅크의 승부수",2026-04-13 15:14:55,domestic_bond
원유,"전쟁 틈타 퍼졌다""...가짜뉴스 33개 계정 정조준한 경찰",2026-04-13 15:39:18,real_assets
기준금리,"카카오뱅크, 자녀가 부모와 함께 실시간 자산 확인",2026-04-13 16:02:17,domestic_bond
기준금리,대안신용평가'혁신 입은 상생... 데이터로 포용지평 넓혔다,2026-04-13 16:02:24,domestic_bond
기준금리,"도저히 잠이 안와요""...코인 시총 100조 아래로 ""뚝",2026-04-13 16:03:44,domestic_bond
국제유가,"여객·화물사업 쌍끌이...대한항공, 1분기 역대 최대 매출",2026-04-13 16:18:30,real_assets
기준금리,1주택까지 전세대출 제한땐...월세전환 더 빨라질듯,2026-04-13 17:05:16,domestic_bond
국채,시험대 선 '페이스 메이커' 역할론,2026-04-13 17:21:11,domestic_bond
원유,"물가정책, 판을 바꿔라",2026-04-13 17:21:11,real_assets
기준금리,"서울 살기 너무 버거워요""...경기 집 산 서울 사람 급증",2026-04-13 17:23:30,domestic_bond
국제유가,"재고이익 급증 착시인데..."" 정유사 실적발표 속앓이",2026-04-13 17:23:30,real_assets
국제유가,트럼프의 전쟁' 부메랑... 급소 찔린 美경제,2026-04-13 17:36:29,real_assets
국제유가,티웨이는 승무원 무급휴직,2026-04-13 17:37:14,real_assets
국채,韓국채 쓸어담은 외국인... 역대최대 310조원 보유,2026-04-13 17:46:38,domestic_bond
환율,외국환율고시표,2026-04-13 17:47:36,real_assets
기준금리,"신현송 ""성장보다 물가 안정""... 전문가 ""환율 적극 관리하라",2026-04-13 17:47:52,domestic_bond
국제유가,"이란 돈줄 끊고 中견제... 트럼프 ""이란, 우리가 원하는 것 줄 것",2026-04-13 17:52:20,real_assets
WTI,석화산단서 버려지는 에너지 매년 6조...효율 개선에 稅혜택 줘야,2026-04-13 17:52:56,real_assets
원유,나프타 없어도 플라스틱 만드는 '도시유전'... 하루 7.5만배럴 원유대체 가능,2026-04-13 17:52:56,real_assets
국제유가,日 10년물 금리 29년 만에 최고,2026-04-13 17:54:22,real_assets
원유,"전쟁 장기화에 美기업 아우성... 다이먼 ""물가·금리 상승 우려",2026-04-13 17:54:23,real_assets
WTI,"美, 호르무즈 역봉쇄... 유가 다시 100弗대로",2026-04-13 17:54:30,real_assets
국제유가,日보다 GDP대비 에너지 1.5배쓰는 韓,2026-04-13 17:54:30,real_assets
원유,"韓선사 운용 유조선, 호르무즈 첫 통과",2026-04-13 17:54:31,real_assets
원유,"2부제로 차량운행 줄어""... 당정, 내주 車보험료 인하키로",2026-04-13 17:57:34,real_assets
국제유가,"대한항공, 1분기 실적은 날았다",2026-04-13 18:00:00,real_assets
국채,"제레미 알레어 서클 CEO ""한국, 글로벌 스테이블코인 시장의 핵심 무대 될 것",2026-04-13 18:07:40,domestic_bond
국제유가,"저희 실적 너무 믿진 마세요""...이익 늘었는데 씁쓸한 정유사들, 왜?",2026-04-13 18:44:05,real_assets
국채,"제레미 알레어 서클 CEO ""원화 스테이블코인 직접 발행 안 해...韓 은행에 기술 지원할 것",2026-04-13 18:48:33,domestic_bond
환율,"오르락내리락만 하니 속 타네요""...코스피서 코스닥으로 발돌린 개미",2026-04-13 19:53:54,real_assets
기준금리,"글로벌 파트너스, 시리즈B 우선주 배당 주당 0.59달러 지급",2026-04-13 21:45:09,domestic_bond
국채,"방산깐부"" 폴란드 총리 만난 李...""중동발 공급망 위기대응 협력",2026-04-13 22:25:38,domestic_bond
국채,"김서준 해시드 ""韓, 훌륭한 온체인 테스트베드""... 알레어 서클 ""규제 불확실성 해소가 우선",2026-04-13 23:27:08,domestic_bond
WTI,"옵시디안 에너지, 1분기 자본 프로그램 순항..Peace River 최고 품질 원유 생산",2026-04-14 01:42:03,real_assets
원유,"옵시디안에너지, 1분기 Peace River 최고 품질 원유 생산 성공...연간 가이던스 유지",2026-04-14 01:50:58,real_assets
원유,"다이아몬드백 에너지, 총 34억 달러 규모 선순위채권 조기상환 입찰 실시",2026-04-14 05:22:12,real_assets
기준금리,"퍼스트서비스, CIBC와 매출채권 유동화 계약 체결",2026-04-14 06:01:59,domestic_bond
WTI,"美-이란 협상 결렬됐지만, 물밑 접촉 기대감에 뉴욕증시 상승...나스닥 1.2%↑",2026-04-14 07:33:17,real_assets
환율,"캐스팅엔·PwC컨설팅 ""AI 비용 혁신"" 세미나 개최",2026-04-14 08:00:00,real_assets
환율,"SK하이닉스, 실적 가속 구간 진입...외국인 투자자 매수 자극 기대",2026-04-14 08:06:53,real_assets
원유,"위험 무릅쓰고""...미 호르무즈 봉쇄 2시간전 이란 관련 선박이 한 일",2026-04-14 08:55:16,real_assets
국채,"하다하다 교황과도 싸우는 트럼프...李 ""페이스 메이커"" 역할 통할까",2026-04-14 09:16:51,domestic_bond
달러강세,"6000피 탈환 기대감""...코스피, 종전 기대감에 5960대 상승 출발",2026-04-14 09:19:41,real_assets
기준금리,"영앤리치 집주인들 많아진다""...30대 이하 청약 당첨자 ""급증",2026-04-14 09:27:42,domestic_bond
원유,"연일 새벽근무"" 코피 쏟는 물가당국...""땜질 말고 판을 바꿔라",2026-04-14 10:14:16,real_assets
WTI,"결국 리터당 2000원 코앞...전국 주유소 ""기름값 비상",2026-04-14 10:29:00,real_assets
환율,"롤러코스터 장세가 효자""...증시 호황에 5대 증권사 실적 ""쑥",2026-04-14 10:33:05,real_assets
국제유가,"이 대통령 ""서류 복사 직원조차 다주택자 안돼...이해관계 절대 침투못하게",2026-04-14 11:10:51,real_assets
환율,"한국남부발전, 긴급 연료 수급 대책회의 개최...""전방위 대응 체계 강화",2026-04-14 12:12:28,real_assets
환율,"가볍게 1300만원 벌고 갈아탔어요""...RIA 계좌서도 삼전닉스가 ""국룰",2026-04-14 13:20:20,real_assets
국제유가,"호르무즈 봉쇄에 ""3차 오일쇼크""...복합 위기 현실로",2026-04-14 13:21:52,real_assets
국제유가,"서학개미 돌아오면 양도세 면제""...""환율안정 3법"" 국무회의 문턱 넘어",2026-04-14 13:31:11,real_assets
기준금리,"부부 합산 20억, 이참에 강남 집 사볼까""...삼전닉스 성과급에 기대감도 ↑",2026-04-14 14:06:03,domestic_bond
환율,"한창 물오른 국민연금이 찍었다...""저PBR"" 파라다이스·한섬 집중 매수",2026-04-14 14:53:31,real_assets
달러강세,"환율 요동에 내 주식계좌 희비""...수출주 웃고 내수주 울고",2026-04-14 15:06:54,real_assets
달러강세,"장중 6000피 터치"" 코스피, 5967.75 상승 마감...코스닥도 올라",2026-04-14 15:57:47,real_assets
기준금리,"수출에 ""금융 혈맥"" 뚫는다...우리은행, 생산적 금융 3조원 지원",2026-04-14 16:01:56,domestic_bond
기준금리,중진공 '우대저축공제' 신청방식 개선,2026-04-14 16:06:43,domestic_bond
기준금리,"LX하우시스, 우리집 낡은 창호... 정부 지원받아 '뷰' 업그레이드해볼까",2026-04-14 16:08:45,domestic_bond
환율,"다음은 누구 차례?""...주가 100만원 고지 노리는 ""예비 황제주",2026-04-14 16:21:50,real_assets
환율,"이란 전쟁이 끼얹은 찬물에..."" 명품 LVMH 1분기 매출""제자리걸음",2026-04-14 16:23:49,real_assets
달러강세,AI·반도체 덕에 또 최대 실적... ICT 수출 400억달러 첫 돌파,2026-04-14 17:06:34,real_assets
원유,"정부, 알제리·리비아·콩고공화국에 외교관 파견...에너지 수급선 다변화",2026-04-14 17:13:08,real_assets
국제유가,중동發 아스콘 대란... 도로공사 중단 위기,2026-04-14 17:37:39,real_assets
채권금리,"중동발 고유가 부담 줄인다""...서울시, 1조4000억원 추경 긴급편성",2026-04-14 17:41:42,domestic_bond
환율,외국환율고시표,2026-04-14 17:53:28,real_assets
환율,"국민연금, 환율 구원투수로... 전략적 환헤지 15%로 확대",2026-04-14 17:53:46,real_assets
국제유가,출렁이는 국내 증시 '엔캐리 청산'이 변수,2026-04-14 17:55:43,real_assets
원유,"강훈식 가방에 ""원유·나프타 해법"" 들었을까...특사로 중동 방문 후 귀국",2026-04-14 18:23:29,real_assets
채권금리,"호텔신라 회사채 수요예측, 1조 주문 몰려",2026-04-14 18:27:58,domestic_bond
원유,"하프니아, CEO 미카엘 스코브 100만주 매도..7,700만 크로네 규모",2026-04-14 19:23:56,real_assets
환율,국민연금 환헤지 비중 10→15%로... 최대 30조 '환 방어막,2026-04-14 19:48:29,real_assets
채권금리,"방코 산탄데르 칠레, 100억 칠레 페소 채권 발행..만기 2033년",2026-04-14 21:33:51,domestic_bond
국제유가,"IMF, 세계 물가전망 0.6%P 상향... 다시 고개 드는 '스태그플레이션",2026-04-14 22:00:00,real_assets
국제유가,"전쟁發 고물가...""유가 110弗 넘으면 세계 성장률 3.1→2%로 추락",2026-04-14 22:00:00,real_assets
원유,"정부, 15일부터 석화원료 수급 안정화 시행... 정유사, 대체원유 두달치 1.2억배럴 확보",2026-04-14 22:00:00,real_assets
채권금리,"텔릭스 파마슈티컬스, 6억 달러 전환사채 발행..기존 채권 6.4억 달러 상환",2026-04-14 22:32:53,domestic_bond
환율,"허벌라이프, 1분기 매출 7.5~8% 증가..가이던스 상단 상회",2026-04-14 22:42:03,real_assets
달러강세,"트랜스다임, 2분기 매출 어닝서프라이즈에 8억 달러 자사주 매입까지 완료",2026-04-15 01:41:19,real_assets
달러강세,골드만삭스 7.5억달러 채권 발행 성공...사모대출 시장 신뢰 회복에 아폴로글로벌 강세,2026-04-15 04:50:52,real_assets
환율,"윙입푸드홀딩스 그룹, 2025 회계연도 매출 1,922억원..영업이익 37.9% 급감",2026-04-15 05:11:42,real_assets
WTI,美·이란 2차협상 낙관론에...美증시 전쟁낙폭 만회,2026-04-15 05:27:23,real_assets
원유,호르무즈 해협 통행 제한적 회복...상선 하루동안 20여척 통과,2026-04-15 06:09:40,real_assets
원유,"아파치, 1분기 미국 천연가스 생산 축소..Waha 가격 약세 대응",2026-04-15 06:15:50,real_assets
국제유가,"3월에만 매일 1조원씩 벌었다""...""이란 전쟁""에 살판 난 이 나라",2026-04-15 07:41:59,real_assets
원유,"감히 교황을 건드려""...멜로니 맹비난에 충격받았다는 트럼프가 한 말",2026-04-15 08:14:18,real_assets
환율,"SMP 상한제 재등장 가능성""...한국전력, 목표가 5.5만원으로 하향",2026-04-15 08:16:29,real_assets
환율,"환전 없이 여행 결제...모두투어, 스테이블코인 기술 검증 실험 마쳐",2026-04-15 08:35:42,real_assets
국채,"하나증권 ""KB금융, 핵심이익 급증...과징금 경감 모멘텀도 기대",2026-04-15 08:46:14,domestic_bond
환율,"줄줄이 터지는 의혹들""...신현송, 이번엔 英딸 강남 아파트 ""불법 전입"" 논란",2026-04-15 08:55:01,real_assets
달러강세,종전 협상 낙관론...3대지수 강세 마감,2026-04-15 08:59:47,real_assets
국제유가,"유가·환율 동시에 뛰니 감당 안되네""...3월 수입물가 16%↑, 28년만에 최대 상승",2026-04-15 09:20:38,real_assets
국제유가,"차 끌고 다니기 겁나네""...수입물가 28년만에 최대 상승, 원유값 두배 ""껑충",2026-04-15 09:25:10,real_assets
채권금리,"LH, ""올해 국내 기관 최초"" 1억 스위스프랑화 채권 발행",2026-04-15 09:25:23,domestic_bond
달러강세,"코스피, 트럼프 종전협상 시사에 6140대 상승 출발...코스닥도 올라",2026-04-15 09:27:35,real_assets
채권금리,"LH, 스위스프랑화 채권 1억 발행 성공...국내 기관 최초",2026-04-15 10:31:05,domestic_bond
원유,"얼마전까지 ""친구""였는데...트럼프 ""멜로니 변했다"" 직격탄",2026-04-15 10:39:16,real_assets
원유,"K원전·LNG액화플랜트 시공능력 모두 갖췄다...대우건설, 장중 20%대 급등",2026-04-15 10:42:53,real_assets
기준금리,서울 상업용 부동산 거래 양극화...신축·대형 오피스만 임대료 고공행진,2026-04-15 10:44:07,domestic_bond
환율,블랙록 ETF 중 성장률 1위는 디지털 자산...1년새 자산 64% 급증,2026-04-15 10:45:23,real_assets
기준금리,"피같은 내 돈, 잘 좀 굴려줘요"" 1500조 맡겼는데...수익은 쥐꼬리",2026-04-15 10:46:13,domestic_bond
달러강세,"오리온, ""최고경영자 간담회 후기"" 증권사 발표에 강세",2026-04-15 11:05:11,real_assets
환율,"개미들 계좌 반토막났는데""....삼천당제약 회장님은 ""우리나라 10대 부자",2026-04-15 11:15:07,real_assets
국채,"교보생명, 리플과 실시간 거래 가능한 ""토큰화 국채"" 실험",2026-04-15 11:16:17,domestic_bond
원유,"홍해마저 막히면 끝장""...사우디, 美에 이란 협상 복귀 촉구",2026-04-15 11:20:44,real_assets
환율,"진짜 일본 특화카드 나왔다"" 하나카드, ""트래블로그+ 신용카드"" 출시",2026-04-15 11:25:44,real_assets
환율,"신현송 ""안정적 성장의 기반이 바로 물가안정...한은 본분에 충실할 것",2026-04-15 11:27:26,real_assets
환율,"짧은 국내거주·외화자산 치중""...신현송 한은 총재 후보자 해명 보니",2026-04-15 11:34:34,real_assets
달러강세,"LS에코에너지, ""2분기 실적 기대감 확대"" 증권사 발표에 강세",2026-04-15 13:38:03,real_assets
달러강세,"한전기술, 증권사 목표가 상향에 강세...4.22%",2026-04-15 13:53:44,real_assets
원유,"강훈식 ""중동 4개국서 연말까지 원유 2억7천만 배럴 도입",2026-04-15 14:07:55,real_assets
원유,"강훈식 ""중동 4개국서 연말까지 원유 2억7000만 배럴 도입",2026-04-15 14:08:58,real_assets
환율,"두 딸 엄마"" 윤진이, ""연 1억"" 사교육비 현실에 깜짝",2026-04-15 14:30:29,real_assets
국제유가,"전쟁물가, 쓰나미처럼 덮쳤다...수입물가 16% 급등 ""28년만에 최고",2026-04-15 14:35:24,real_assets
기준금리,"소상공인연합회, 간이과세 기준 상향·소득공제율 확대 건의",2026-04-15 15:03:14,domestic_bond
환율,"주가 반토막 났는데 왜?""...삼천당 회장, 韓 10대 부자 등극",2026-04-15 15:38:41,real_assets
기준금리,"6천피""로 흘러간 가계 뭉칫돈 10조...2월 통화량 4114조 ""제자리",2026-04-15 15:40:54,domestic_bond
달러강세,"코스피, 종전 기대감에 6091.39 상승 마감...코스닥도 강세",2026-04-15 15:47:56,real_assets
국제유가,"미국 해상 봉쇄 성공하면 이란은""...""섬뜩한"" 경고 날린 전문가들",2026-04-15 15:50:00,real_assets
기준금리,금리 상승에도 수신금리 낮추자...코픽스 한달만에 하락,2026-04-15 15:50:11,domestic_bond
원유,롯데마트 'PB페스타' 우유 1880원·과자 500원... '초가성비'로 장바구니 걱정 뚝,2026-04-15 16:02:36,real_assets
원달러,삼전닉스 약진에 코스피 6000 돌파,2026-04-15 17:21:48,real_assets
국제유가,시장 금기 깬 결단 '석유 최고가격제,2026-04-15 17:31:46,real_assets
환율,"성장 전망은 그대로, 물가는 39% 상향 조정...짙어지는 S먹구름",2026-04-15 17:34:49,real_assets
국채,"美월가 찾은 구윤철 ""MSCI지수 편입 앞둔 韓증시, 믿고 투자를",2026-04-15 17:39:16,domestic_bond
기준금리,"1500조원 맡겼더니...""증권"" 웃고 ""부동산"" 울었다",2026-04-15 17:43:24,domestic_bond
기준금리,"워시, 2800억원 재산 공개... 이해충돌 논란도",2026-04-15 17:47:27,domestic_bond
기준금리,"베선트 ""7월초까지 美관세 복원",2026-04-15 17:52:14,domestic_bond
국제유가,"신현송 ""물가안정이 성장 기반...한은 독립성 중요",2026-04-15 17:52:36,real_assets
국제유가,3월 수입물가 16.1% 급등... 28년만에 최고,2026-04-15 17:52:37,real_assets
원유,"강훈식 ""연말까지 원유 2.7억배럴, 나프타 210만t 확보",2026-04-15 17:53:09,real_assets
국채,미래에셋 3.0' 첫발... 홍콩서 디지털자산 거래 서비스,2026-04-15 17:55:16,domestic_bond
달러강세,"마침내 ""10만레콤"" 등극...AI·실적·배당 삼박자에 시총 21조 돌파",2026-04-15 17:56:36,real_assets
환율,외국환율고시표,2026-04-15 17:56:39,real_assets
원유,지도 밖 걷는 사람이 새역사 쓰듯... 기업 경영도 모험정신 필요,2026-04-15 17:56:50,real_assets
원유,"사우디등 4國 다녀온 강훈식 ""연내 원유 2.7억 배럴 도입",2026-04-15 18:00:48,real_assets
국채,"브룩필드 애셋 매니지먼트, 5.298% 2036년 만기 채권 발행",2026-04-15 19:07:07,domestic_bond
기준금리,"스트로베리 필즈 리츠, 관계사 임대 집중 86.8%..부채 7억5천만 달러 경고",2026-04-15 19:07:57,domestic_bond
달러강세,"TRX 골드, 2분기 매출 3,412만 달러..금 생산 7,453온스",2026-04-15 19:16:59,real_assets
환율,"돼지 임신 여부도 AI로 확인...엠트리센·축산과학원 ""아름다운 동행",2026-04-15 19:26:45,real_assets
원유,"이란군 ""미국 해상봉쇄 계속하면 홍해 무역 봉쇄",2026-04-15 19:34:07,real_assets
금값,"마코 마이닝, 1분기 금 판매 1.37만온스·매출 6860만 달러..전분기比 36%↑",2026-04-15 21:04:06,real_assets
채권금리,"보르 드릴링, 2억6000만 달러 규모 전환사채 발행··2028년 만기 채권 조기 상환",2026-04-16 00:26:57,domestic_bond
달러강세,"빗디어 테크놀러지스, 3월 비트코인 생산 480% 급증·AI 클라우드 매출 105% 성장",2026-04-16 05:06:11,real_assets
기준금리,"아메리칸 스트래티직 인베스트먼트, 2025년 매출 30% 감소·손실 85% 축소",2026-04-16 05:19:42,domestic_bond
기준금리,"인베스코 모기지 캐피탈, 4월 배당금 주당 0.12달러 지급",2026-04-16 05:23:13,domestic_bond
달러강세,"PPG인더스트리즈, 1분기 조정 EPS 전년비 6% 증가...5분기 연속 성장세 지속",2026-04-16 05:30:26,real_assets
원유,"임페리얼 오일, 5월 1일 1분기 실적 발표..연간 EPS 68% 급증 전망",2026-04-16 05:46:57,real_assets
원달러,전쟁 때문에 더 떨어질 줄 알았는데...곱버스 개미들 눈물,2026-04-16 05:50:20,real_assets
원유,"뉴욕개미들도 전쟁통에 사팔사팔...거래량 폭증에 투자은행 ""흐뭇",2026-04-16 05:50:51,real_assets
달러강세,"전쟁 끝난다고?""...사상 최고치 뚫어 낸 S&P500",2026-04-16 05:55:31,real_assets
환율,"매나테크, 4분기 매출 2660만 달러·8.2% 감소..EPS 5.94달러 적자",2026-04-16 06:15:58,real_assets
기준금리,"에이전틱 AI 시대, 대한민국의 기회와 법제도적 과제",2026-04-16 07:00:00,domestic_bond
원유,페르시아만 방면 통항 첫 사례 나왔다...두 번 시도끝에 성공한 유조선의 정체,2026-04-16 07:38:10,real_assets
환율,"동값이 밀어 올렸다""...풍산, ""깜짝 실적"" 전망에도 목표가 하향 이유는",2026-04-16 08:14:55,real_assets
달러강세,"비트코인 ""광부""들의 변신은 무죄...AI클라우드 엑소더스",2026-04-16 08:59:11,real_assets
기준금리,"월급 오르고 스마트폰 쥐여주니 ""빚투 개미"" 돌변...군장병 금융교육 강화한다",2026-04-16 09:19:58,domestic_bond
달러강세,"이제 곧 종전이다"" 코스피, 6149.49 상승 출발...코스닥도 강세",2026-04-16 09:30:22,real_assets
국제유가,"5월 연휴 해외여행, 못가겠네요""...뉴욕 왕복 항공권에 유류할증료만 110만원 붙는다",2026-04-16 09:35:13,real_assets
국제유가,"BTS 공연·K컬처 인기라더니""...1분기 방한객 476만명으로 ""역대최대",2026-04-16 09:49:22,real_assets
환율,"하나은행, 넥스트증권과 맞손...외국인 국내주식 투자 ""24시간 지원",2026-04-16 10:02:52,real_assets
환율,"어디 갈지 막막할 땐? AI 쇼핑메이트 ""오키""에게 물어볼까?",2026-04-16 10:24:20,real_assets
환율,"현대모비스, ""AS 사업부가 버텨준다면"" 증권사 발표에 강세",2026-04-16 10:34:39,real_assets
WTI,호르무즈 봉쇄에 중동산 원유 차질...아시아 유럽이 눈 돌린 곳,2026-04-16 10:37:26,real_assets
원유,"이재명 대통령 ""제조업 비중 높은 한국...국가 명운 걸고 혁신",2026-04-16 10:40:34,real_assets
국제유가,"지난달 코스피 탈출 외인자금, 한화오션 시총보다 더 컸다",2026-04-16 10:43:15,real_assets
기준금리,"고유가 시대 하이브리드카 대세인데...""피지컬 AI와 본업도 하이브리드합니다"" 현대차 주가 6% 상승",2026-04-16 10:45:16,domestic_bond
국제유가,"국제유가 상승 안 무서워""...대한항공 목표주가↑",2026-04-16 10:57:33,real_assets
국제유가,"포항 수처리 기업 투엔, ""영구 오염물질"" 99.998% 제거...글로벌 물시장 정조준",2026-04-16 11:02:11,real_assets
원유,"이 대통령, 중동전쟁 언급하며 ""우리 외교 위상과 역할 새롭게 돌아보는 계기",2026-04-16 11:07:08,real_assets
환율,"한화오션, ""양호한 실적, 기대되는 특수선 수주"" 증권사 발표에 강세",2026-04-16 11:21:20,real_assets
국제유가,전쟁 속에서도 반등?... 중국 1분기 GDP 성장률 5.0%↑,2026-04-16 11:23:39,real_assets
기준금리,"벨기에와 한국, 나랏빚 과속 주의""...IMF가 콕 집어 경고한 두 나라",2026-04-16 14:06:28,domestic_bond
원유,"원화 결제 수출 3.4%""... 글로벌 교역서 원화 위상 올라",2026-04-16 14:08:22,real_assets
국채,"IMF ""2차 대전 이후 처음""... 전세계 정부부채 GDP대비 100% 돌파 경고음",2026-04-16 14:53:01,domestic_bond
국제유가,"안전자산 아닌 위험자산이었나...국제 금·은값, 저점서 일제히 두자릿수 회복",2026-04-16 15:14:03,real_assets
기준금리,"주담대 급한데 주거래 막혔네, 그럼 ""여기""서라도""...""풍선효과"" 현실화?",2026-04-16 15:18:23,domestic_bond
기준금리,"주식이 대세지 말입니다""...""빚투""에 빚더미 군 장병 급증...",2026-04-16 15:34:36,domestic_bond
달러강세,"코스피, 중동전쟁 이후 첫 6200선 회복...2.21% 강세 마감",2026-04-16 15:57:10,real_assets
국제유가,"수입산 가격표 보고 내려놨어요""...장바구니 고물가 덮친 마트",2026-04-16 16:16:20,real_assets
원유,중동발 위기에 뭉친 여야...경제 진단엔 동상이몽,2026-04-16 16:25:28,real_assets
기준금리,"韓, 나랏빚 상당히 늘어날 것""...IMF의 ""섬뜩"" 경고",2026-04-16 16:35:54,domestic_bond
원유,미국 없는 대한민국,2026-04-16 17:16:33,real_assets
원유,호르무즈 모멘트,2026-04-16 17:18:09,real_assets
국제유가,위험자산처럼 움직이는 金·銀 가격,2026-04-16 17:27:27,real_assets
국제유가,인천~뉴욕 왕복 유류할증료 내달부터 60만원 → 110만원,2026-04-16 17:30:19,real_assets
국채,"IMF ""전세계 부채 증가 빨라져... 3년 뒤 2차대전 수준 근접",2026-04-16 17:36:35,domestic_bond
국제유가,"이란 전쟁에도... 中, GDP 5% '깜짝 성장",2026-04-16 17:41:33,real_assets
원유,美 인플레 우려 확산에 기업 고용·투자 미룬다,2026-04-16 17:41:34,real_assets
환율,3고 위기 속 한국경제 대응방안은,2026-04-16 17:42:32,real_assets
원유,"美역봉쇄에 한발 물러선 이란... ""호르무즈 일부 개방"" 첫 제안",2026-04-16 17:53:11,real_assets
원유,"베선트 ""이란과 거래 中은행 2곳 제재",2026-04-16 17:53:12,real_assets
원유,AI 제조생태계 구축위해 한국판 국부펀드를,2026-04-16 17:57:20,real_assets
국제유가,"글로벌 투자자 시선 사로잡은 원유·금·은 - 시장 전망 나쁘지 않지만 ""변동성""은 주의",2026-04-16 18:02:32,real_assets
원유,"산은·수은, 석유공사 지원... 원유 확보에 30억달러 공급",2026-04-16 18:04:06,real_assets
환율,외국환율고시표,2026-04-16 18:04:07,real_assets
환율,자본규제 풀어...금융권 대출여력 100조 확대,2026-04-16 18:04:07,real_assets
환율,"펩시코, 1분기 매출 194억 달러·EPS 1.70달러로 27% 급증",2026-04-16 19:03:43,real_assets
채권금리,"허벌라이프, 8억 달러 규모 7.75% 선순위 담보부 채권 발행",2026-04-16 19:04:03,domestic_bond
환율,"뉴욕멜론은행, 1분기 EPS 2.24달러·전년비 42%↑",2026-04-16 19:31:56,real_assets
원유,"대통령 때문에 경영계획을 못 짠다""...예측불허 트럼프에 우는 美기업",2026-04-16 20:32:42,real_assets
환율,"맨파워, 1분기 매출 45억 달러로 10% 증가·순이익 55% 급감",2026-04-16 20:33:18,real_assets
환율,"프로로지스, 1Q 순이익 65.7% 급증..코어 FFO 6.2% 상승",2026-04-16 21:07:49,real_assets
채권금리,"방코 산탄데르 칠레, 128억 페소 채권 발행..만기 2032년·금리 5.83%",2026-04-16 22:30:52,domestic_bond
달러강세,"찰스슈왑, EPS 예상 상회에도 매출·순이자수익 부진으로 투자자 실망",2026-04-17 00:00:44,real_assets
환율,"징코솔라, 4분기 매출 15% 급감·폴리실리콘 가격 충격에 투자자 실망",2026-04-17 02:11:29,real_assets
기준금리,"SL 그린 리얼티, 1분기 EPS 1.20달러 적자..28년 최대 임대 실적 달성",2026-04-17 02:45:03,domestic_bond
환율,"레이크랜드 인더스트리즈, 2026 회계연도 매출 15% 증가..순손실 2531만 달러",2026-04-17 05:15:05,real_assets
기준금리,"캐피탈 사우스웨스트, 4분기 주당순이익 0.59~0.60달러 사전 추정",2026-04-17 05:20:56,domestic_bond
환율,"징코솔라 홀딩 컴퍼니, 4분기 영업손실 4.7억 달러..연간 매출 29% 급감",2026-04-17 05:50:27,real_assets
WTI,"이제 트럼프 변덕에 안휘둘립니다""...""6600피""까지 내다보는 이유",2026-04-17 08:26:27,real_assets
국채,"北 해커에 3800억 털린 디파이...수익률 추락에 ""이중고",2026-04-17 08:42:36,domestic_bond
달러강세,"코스피, 6227.33 상승 출발 후 하락 전환...코스닥도 내려",2026-04-17 09:18:29,real_assets
국채,"도대체 무슨 일""...사상 최대 경상흑자에도 치솟는 환율, 이런 이유가",2026-04-17 09:23:34,domestic_bond
환율,"못 갚는 빚, 갈수록 많아진다""...은행 대출 연체율 10년 來 최고치",2026-04-17 09:46:57,real_assets
환율,"이 대통령 지지율 66%...민주 48%, 국힘 19%",2026-04-17 10:03:43,real_assets
원유,"에코페트롤 매도신호 포착, 수익률 37.1% 달성",2026-04-17 10:14:19,real_assets
원유,"금융위기 때도 버텼는데""...전쟁 장기화에 건설업 폐업 신고 속출",2026-04-17 10:14:31,real_assets
국제유가,"구윤철 부총리 ""요소수 공공비축분 방출...중동전쟁 비상대응체계 유지",2026-04-17 10:15:53,real_assets
환율,이 대통령 지지율 66%...이스라엘 이슈에도 견고,2026-04-17 10:23:16,real_assets
국채,"美 ""디지털 달러"" 패권 굳히기...""원화 스테이블코인 법제화 골든타임 놓친다",2026-04-17 10:30:38,domestic_bond
환율,"서학개미가 달러 들고가 주식 쇼핑""...수출 잘 나가도 환율 급등 이유 찾았다",2026-04-17 10:34:36,real_assets
원유,"얼마나 급했으면...급행요금 59억원인데, 호르무즈 막히자 이곳으로 몰렸다",2026-04-17 11:14:09,real_assets
국제유가,"韓경제, 경기 하방 위험 커졌다""...중동전쟁 여파에 정부 경고 수위 높아져",2026-04-17 11:24:39,real_assets
국채,"T+0 결제 시대 온다""...원화 스테이블코인, 채권시장 선진화 기회",2026-04-17 12:02:07,domestic_bond
달러강세,"젠슨 황 한마디에...광통신·양자컴株 ""어질어질",2026-04-17 13:52:39,real_assets
국제유가,전쟁통에 살아난 2차전지...과거와는 다르다,2026-04-17 14:01:20,real_assets
기준금리,"불붙은 3기 신도시 분양...국평 7억 ""내 집 마련 기회",2026-04-17 14:02:35,domestic_bond
원유,"이 대통령 ""호르무즈 봉쇄후 우리 선박 홍해 첫 통과...원팀 값진 성과",2026-04-17 14:05:00,real_assets
원유,"호르무즈 봉쇄 후 발 묶인 우리 유조선, 홍해 첫 통과",2026-04-17 14:07:08,real_assets
환율,"HD현대중공업, ""우호적인 상선 업황과 군함 사업 확대 기대감"" 증권사 발표에 강세",2026-04-17 14:28:15,real_assets
기준금리,"혜택 많으면 뭐해, 체감도 안 되는데""...요즘 잘 나가는 카드 공통점은?",2026-04-17 14:45:05,domestic_bond
기준금리,바닷길 막혔는데...그 회사는 왜 웃을까,2026-04-17 14:49:11,domestic_bond
국채,스테이블코인 인정...통화 주권은 국가에,2026-04-17 15:19:31,domestic_bond
기준금리,"당첨 돼도 못 사""...청약통장 26만명 ""엑소더스",2026-04-17 15:25:53,domestic_bond
환율,"재테크 어벤져스를 만나다""... ""2026 서울머니쇼"" & ""매경플러스 멤버십"" 전격 출범",2026-04-17 15:44:16,real_assets
달러강세,"코스피, ""종전협상 관망세""에 6191.92 하락 마감...코스닥은 올라",2026-04-17 15:47:19,real_assets
국제유가,뜨거운 마음이 전부는 아니다,2026-04-17 16:21:59,real_assets
원유,"호르무즈 막히자 파나마로...59억 내고 ""급행",2026-04-17 16:33:48,real_assets
WTI,"에너지 판이 요동쳤다... 나쁠 것 없는 美, 뒤에서 웃는 中",2026-04-17 16:38:28,real_assets
WTI,호르무즈 폭탄' 韓 직격... 두바이유 의존이 毒으로,2026-04-17 16:38:29,real_assets
환율,"제주항공·진에어도 ""할증료 폭탄""...나트랑 왕복, 기름값만 21만원",2026-04-17 16:59:35,real_assets
환율,소고기·생선·과일... 수입식품發 밥상 물가 걱정된다,2026-04-17 17:08:31,real_assets
기준금리,지난 전쟁의 기억,2026-04-17 17:11:13,domestic_bond
기준금리,"美대형은행, 잇달아 사모대출 손절... '펀드런' 악순환 우려",2026-04-17 17:36:31,domestic_bond
국채,채권시장 찾아온 봄바람... BBB급까지 잇단 흥행,2026-04-17 17:42:28,domestic_bond
국채,北해커에 3800억 털린 디파이 수익률까지 추락해 '이중고,2026-04-17 17:42:29,domestic_bond
국제유가,"韓선박, 홍해 빠져나왔다... 국제유가 급락세 출발",2026-04-17 17:48:11,real_assets
채권금리,"중동발 철강 위기 확산에 금융권, 80조+α 총력지원",2026-04-17 17:49:38,domestic_bond
환율,외국환율고시표,2026-04-17 17:49:41,real_assets
국제유가,"정부 ""경기 하방 위험 커졌다""... 한은 ""원화, 금융충격에 더 취약",2026-04-17 17:50:52,real_assets
국제유가,"IEA ""유럽 항공유 6주 뒤 소진""... 항공대란 현실화하나",2026-04-17 17:50:53,real_assets
채권금리,"인벤트러스트 프로퍼티스, 2억5000만 달러 규모 사모채권 발행",2026-04-17 19:02:53,domestic_bond
채권금리,"브룩필드, 총 7억5000만 캐나다달러 규모 중기채 발행",2026-04-17 19:03:53,domestic_bond
달러강세,"오토리브, 1분기 매출 28억 달러·7% 증가..EPS 12% 감소",2026-04-17 19:17:36,real_assets
원유,"하프니아, 2025년 매출 13억7580만 달러..전년비 감소",2026-04-17 20:11:53,real_assets
원유,"30억 통행료 받는다며...호르무즈 봉쇄에도 이란 수익은 ""0원"", 왜?",2026-04-17 20:15:33,real_assets
국제유가,"기어코 평균 2000원선 뚫었다...전국서 휘발윳값 ""비상",2026-04-17 21:24:55,real_assets
국채,"북한 해커에 3800억 털렸는데""...수익률도 국채보다 못해진 디파이",2026-04-17 22:28:28,domestic_bond
원유,"트럼프, 이란 ""호르무즈 개방""에 ""땡큐...對이란 해상봉쇄는 계속",2026-04-17 22:37:00,real_assets
WTI,"국제유가, 이란의 호르무즈 일시 개방 소식에 급락세...브렌트유 10%↓",2026-04-17 23:01:04,real_assets
채권금리,"허벌라이프, 12.25% 고금리 채권을 7.75%로 리파이낸싱...이자 비용 절감 기대",2026-04-17 23:02:39,domestic_bond
환율,"에릭슨, 크로나 강세 직격탄...매출 10% 감소에 기업 부문 손실까지",2026-04-17 23:02:59,real_assets
원유,"李대통령 ""책임강국으로서 호르무즈 항행 자유 보장",2026-04-17 23:55:24,real_assets
원유,"항행자유 위해 韓 기여할것"" 李, 호르무즈 회의서 강조",2026-04-18 00:05:43,real_assets
국채,"SRx 헬스 솔루션스, EMJX와 합병 추진..SEC에 등록 신고서 제출",2026-04-18 01:09:48,domestic_bond
채권금리,"탈렌 에너지, 40억 달러 회사채 발행··2,451MW 발전소 인수 추진",2026-04-18 05:09:55,domestic_bond
달러강세,"온 홀딩, 2025년 매출 30억 CHF 돌파..전년비 대폭 증가",2026-04-18 05:33:17,real_assets
채권금리,"AMC 엔터테인먼트 홀딩스, 4.25억 달러 신규 대출로 고금리 채권 상환",2026-04-18 05:39:17,domestic_bond
환율,"위프로, 4분기 매출 258억 달러·7.7%↑...EPS 12% 감소",2026-04-18 06:16:00,real_assets
WTI,"구윤철 ""환율, 우려보다 안정돼...시장 기대까지 가야",2026-04-18 06:16:25,real_assets
국제유가,"이란 ""호르무즈 개방"" 발표 20분 전 수상한 거래...유가하락 1조원대 베팅",2026-04-18 08:32:16,real_assets
국제유가,주요 노선으로 한국 콕 짚었다...전쟁에도 걱정 말라는 썬푸꾸옥항공,2026-04-18 15:35:51,real_assets
원유,"가라는 거야 말라는 거야...미국 이란 신경전에 호르무즈 선박들 ""대혼란",2026-04-18 16:13:56,real_assets
국제유가,"4월도 비싸서 여행 미뤘더니""...5월 유류할증료 폭등 소식에 여행객 ""비명",2026-04-19 11:22:40,real_assets
국채,"돌아오는 외국인 ""큰 손""...일본계 자금도 우르르",2026-04-19 13:47:45,domestic_bond
국제유가,"美 증시 ""안도 랠리"" 하루 만에 중동 리스크 재점화",2026-04-19 14:53:50,real_assets
국제유가,"다가오는 5월이 너무나도 두렵습니다""...불안한 식품·배달업계",2026-04-19 15:28:58,real_assets
원유,"전 세계 공해서 이란 선박 나포할 것""...미국, 해상 봉쇄 전면 확대",2026-04-19 17:00:08,real_assets
금값,"의원 금배지, 은으로 교체? 한국도 좀""...금값 치솟자 대체재 찾는 日",2026-04-19 17:04:08,real_assets
환율,외국환율고시표,2026-04-19 17:17:38,real_assets
기준금리,"우리銀, 중견기업 지원... 35곳에 총 4600억 공급",2026-04-19 17:17:39,domestic_bond
국제유가,"좋은 추경의 조건, 정교함",2026-04-19 17:26:11,real_assets
국채,"크립토, 금융 인프라 된다... 기관이 점찍은 코인에 주목",2026-04-19 17:29:33,domestic_bond
원유,"美이란 제재에 등장한 삼성重...""문제 없다",2026-04-19 17:37:34,real_assets
환율,"대만에 밀린 韓1인당 GDP, 격차 더 벌어져",2026-04-19 17:37:35,real_assets
원유,"잔금 안 주길래 계약 끊어""...삼성重, 이란 제재 리스크 피한 사연",2026-04-19 17:42:32,real_assets
국제유가,호르무즈 개방 발표 직전...유가 하락 1조 베팅 누구?,2026-04-19 17:49:32,real_assets
국채,"리플, ""韓 디지털자산 시장, 금융기관 인프라 수요 늘 것",2026-04-19 18:10:00,domestic_bond
국제유가,"호르무즈 개방 직전 유가하락 1조 베팅...반복되는 ""절묘한 타이밍",2026-04-20 06:01:05,real_assets
원유,이 대통령 지지율 65.5%...취임 후 최고치,2026-04-20 08:19:16,real_assets
WTI,"미국, 이란 선박에 구멍냈다...중동 갈등 다시 고조되자 유가 ""급등",2026-04-20 08:45:52,real_assets
원유,"이란군 ""美군함에 드론으로 보복 타격""...실제 공격여부는 미확인",2026-04-20 08:48:43,real_assets
환율,"IBK투자증권 ""스타벅스 실적 개선 쉽지 않지만...이마트, 성장 지속",2026-04-20 08:49:34,real_assets
WTI,"코스피, 호르무즈 리스크 속에서도 일단 ""지켜보자""...6200선 공방",2026-04-20 09:50:20,real_assets
원유,호르무즈 뚫은 첫 한국행 유조선...원유 100만배럴 싣고 온다,2026-04-20 09:59:29,real_assets
환율,"퇴임"" 이창용 한은 총재 ""통화·재정 영향력 점차 약화...구조개혁 없이는 한계",2026-04-20 10:12:17,real_assets
환율,"수익성 둔화"" 돌파구...자사 서비스 전면 개편 이어가는 AIA생명",2026-04-20 10:31:51,real_assets
WTI,"기름값 또 오르나요""...미·이란 긴장 고조에 유가 7% 급등",2026-04-20 11:22:53,real_assets
국채,"WGBI 편입 효과 ""쑥""... 日 큰손들, 韓 국채 21~27조 쓸어담는다",2026-04-20 12:47:14,domestic_bond
원유,"李 지지율 65.5%...취임 후 최고치, 왜?",2026-04-20 12:50:22,real_assets
환율,"한은 떠나는 이창용...""사우나 하다가도 금리 왜 안낮추냐며 혼났다",2026-04-20 13:54:18,real_assets
원유,"우리은행, 기보와 중동사태 피해기업에 2100억 지원",2026-04-20 14:44:17,real_assets
달러강세,"중동 리스크? 어지간한 걸론 안 흔들려""...코스피 6200선 재탈환",2026-04-20 16:33:07,real_assets
달러강세,"전쟁에도 안 흔들린다""...변동성 장세서 화장품株 급등 이유는",2026-04-20 16:53:48,real_assets
국제유가,"더 오를 줄 알았는데""...중동 긴장 재점화에 금값 ""뚝",2026-04-20 17:01:42,real_assets
원유,이란과의 전쟁은 미국의 패권전략,2026-04-20 17:05:09,real_assets
환율,"다이소처럼 판다""...대형마트, 1000~5000원 균일가 전략 강화",2026-04-20 17:06:25,real_assets
국제유가,"트럼프의 공습은 전술일 뿐... 본질은 ""패권 4.0""...김태유 교수가 본 對이란 전쟁의 이유",2026-04-20 17:15:00,real_assets
원유,재택근무·대중교통 권하는 EU...최고가격제 대안 어떤가,2026-04-20 17:19:18,real_assets
국제유가,"치킨 값 안 올립니다""...BBQ, 정부 물가 안정 동참해 가격 동결",2026-04-20 17:27:26,real_assets
환율,외국환율고시표,2026-04-20 17:41:06,real_assets
국제유가,美채권개미 보유액 반년새 60억弗 급감,2026-04-20 17:49:06,real_assets
환율,"이창용 ""통화·재정정책만으론 성장 안돼",2026-04-20 17:53:04,real_assets
국제유가,"美휘발유값 평균 4달러... 美에너지장관 ""연말까지 큰폭 하락 어렵다",2026-04-20 17:57:29,real_assets
원유,호르무즈 뚫고 유조선 한국행,2026-04-20 17:57:29,real_assets
원유,돈줄 막힌 UAE... 美에 달러스왑 긴급 요청,2026-04-20 17:59:49,real_assets
기준금리,배당 꽃 피는 코스피... 작년 35조 사상 최대,2026-04-20 18:05:01,domestic_bond
WTI,"인피니티 내추럴 리소시스, 1분기 파생상품 손실 6,500만 달러 기록",2026-04-20 19:33:47,real_assets
달러강세,"서몬 그룹 홀딩스, 액체 부하장치 신제품 수주 급증..견적잔고 70% 증가",2026-04-20 19:47:37,real_assets
원유,"세이블 오프쇼어, 파이프라인 운송 재개·1분기 일평균 750배럴 생산",2026-04-20 19:48:07,real_assets
국제유가,"나라는 믿는데 대통령은 못 믿겠다""...미국 채권서 발 빼는 개미들",2026-04-20 20:36:38,real_assets
기준금리,"다이넥스 캐피탈, 1분기 주당 0.34달러 손실..모기지 스프레드 확대 영향",2026-04-20 21:02:30,domestic_bond
원유,"쿠웨이트, 원유 선적 불가항력 선언...호르무즈 봉쇄 탓",2026-04-20 22:15:02,real_assets
기준금리,"피플스 뱅코프 오브 노스 캐롤라이나, 1분기 순이익 440만 달러·배당 5.6% 인상",2026-04-20 22:38:51,domestic_bond
환율,"외환은행이 키운 수재, 외환시장 구원투수 될까",2026-04-20 22:53:24,real_assets
원유,"페르미안 베이슨 로열티 트러스트, 4월 배당금 단위당 0.038달러 결정",2026-04-21 00:32:13,real_assets
기준금리,"AGNC 인베스트먼트, 1분기 주당 순손실 0.17달러..전년비 적자전환",2026-04-21 05:06:48,domestic_bond
기준금리,"RBB 뱅코프, 1분기 순이익 1,130만 달러··전분기比 11% 증가",2026-04-21 05:43:40,domestic_bond
WTI,美·이란 긴장 재고조에 美 증시 하락...유가 다시 급등,2026-04-21 05:51:46,real_assets
국제유가,"알래스카 에어 그룹, 1분기 매출 33억 달러·주당 1.68달러 적자",2026-04-21 05:58:01,real_assets
기준금리,"10곳 중 한 곳만 9월 전 미국 금리인하""...IB들 중동발 유가 충격 ""긴장",2026-04-21 06:26:25,domestic_bond
원유,"이번 전쟁은 ""트럼프의 헛짓"" 아니다""...실은 미국의 전략이라는데",2026-04-21 06:35:27,real_assets
국제유가,"알래스카에어, 유가 급등에 1분기 주당 1.68달러 적자 전환",2026-04-21 06:50:42,real_assets
원유,"HMM, ""전쟁 특수"" 기대감 낮춰야...1분기 영업익 58% 감소 전망",2026-04-21 08:28:58,real_assets
원유,"롤러코스터 탄 건설주, 美·이란 협상에 쏠린 눈...""재건"" 수혜주는?",2026-04-21 08:40:26,real_assets
WTI,"호르무즈 열리면 10%는 오른다""...코인 투자자, 무조건 봐야할 지표는",2026-04-21 08:53:02,real_assets
WTI,미·이란 2차 협상 앞두고 숨고르기...3대 지수 소폭 하락,2026-04-21 09:02:40,real_assets
기준금리,"기아, ""2027 K8"" 3679만원부터 출시...시그니처 트림 ""HUD"" 기본화",2026-04-21 09:07:04,domestic_bond
원유,"4월 1~20일 수출 504억 달러, 49.4%↑...일평균 49.4%↑",2026-04-21 09:07:26,real_assets
원유,중동사태에도 1~20일 수출액·반도체 수출 역대 최대,2026-04-21 09:11:23,real_assets
국제유가,"코스피 장중 사상최고가 경신 ""6350선 돌파""...121만닉스·22만전자",2026-04-21 09:15:07,real_assets
기준금리,중동발 물가충격 현실로...9월까지 미국 금리인하 없다는 IB들,2026-04-21 09:20:15,domestic_bond
WTI,전쟁 끝나면 비트코인 뛴다?...好전망 내놓은 LS증권,2026-04-21 10:33:19,real_assets
환율,하나카드 출시한지 1주만에...신한도 똑같은 일본여행 특화카드 내놔,2026-04-21 10:49:45,real_assets
국제유가,"신현송 총재 취임일성...""금융안정위해 비은행·비전통 위험대응 강화",2026-04-21 11:16:53,real_assets
원유,"반도체로만 182억달러...4월 수출, 벌써 500억달러 넘어 ""역대 최대",2026-04-21 11:22:24,real_assets
기준금리,"전쟁에도 결국 오른다?""...학습된 증시, 포탄보다 빠른 반등",2026-04-21 13:30:38,domestic_bond
달러강세,"대우건설, 증권사 목표가 상향에 강세...12.63%",2026-04-21 13:51:18,real_assets
기준금리,"경남도 생활지원금, 오는 30일부터 신청",2026-04-21 13:51:42,domestic_bond
국제유가,"이란 전쟁 분수령에 인천공항 2분기 변동성 ""최대",2026-04-21 14:00:00,real_assets
기준금리,"이주비 안 받았는데 이자는 낸다...정비사업 조합 ""후불제 딜레마",2026-04-21 14:09:38,domestic_bond
원유,"캐나다산 원유 ""무관세"" 길 열렸다...에너지 공급망 강화",2026-04-21 14:22:24,real_assets
기준금리,"소득·자산 기준 없이 최장 8년 거주""...LH, 4200가구 전세임대형 든든주택 입주자 모집",2026-04-21 14:26:11,domestic_bond
국제유가,"SK이노베이션, ""일회성이라 하더라도 반가운 어닝 서프라이즈"" 증권사 발표에 강세",2026-04-21 14:35:13,real_assets
달러강세,"코스피 ""사상 최고치"" 6380선 돌파...1.3조 외인 귀환 이어 반도체·2차전지 ""급등",2026-04-21 15:44:30,real_assets
국제유가,3高 위기에 취임 신현송 한은 총재...물가 대응 '비장함' 보일 때,2026-04-21 17:24:52,real_assets
국제유가,트럼프 타코'에 면역 생겼나... 웬만해선 안놀라는 코스피,2026-04-21 17:32:29,real_assets
환율,외국환율고시표,2026-04-21 17:36:07,real_assets
환율,"日 편의점·돈키호테 할인 신한, 특화 체크카드 출시",2026-04-21 17:36:09,real_assets
국제유가,신현송 한국은행 신임 총재 취임,2026-04-21 17:40:08,real_assets
국제유가,"기업 절반이 에너지효율 검증 외면 ""전문인력 양성·계측장비 지원 시급",2026-04-21 17:49:27,real_assets
국제유가,"중동전쟁, 유가 급등 난리인데...이 와중에 가격 내린 나라가 있다니",2026-04-21 17:50:12,real_assets
원유,"日 ""韓정부, 경유 수출 끊지 말아달라",2026-04-21 17:51:54,real_assets
국제유가,물가·성장 불확실성 커져... 유연한 통화정책으로 대응,2026-04-21 17:51:55,real_assets
기준금리,"수익성 악화 롯데케미칼, 은행 보증채 3천억 모집에 5750억 수요예측 몰려",2026-04-21 17:54:04,domestic_bond
기준금리,"워시 ""트럼프의 금리 발언... 연준 독립성에 위협 아냐",2026-04-21 18:05:07,domestic_bond
원유,"미국·일본 ""한국산 석유 없으면 큰일""...휘발유·항공유 요청 빗발쳐",2026-04-21 18:54:02,real_assets
달러강세,"다나허, 1분기 매출 60억 달러·EPS 2.06달러 기록..연간 가이던스 상향",2026-04-21 19:02:36,real_assets
기준금리,"에퀴팩스, 1분기 매출 16억5천만 달러·EPS 1.86달러로 가이던스 상회",2026-04-21 19:34:19,domestic_bond
기준금리,"아틀란틱 유니언 뱅크셰어스, 1분기 순이익 1.2억 달러..전년비 60% 증가",2026-04-21 19:49:59,domestic_bond
달러강세,"트렉터 서플라이, 1분기 매출 36억 달러·EPS 0.31달러..순이익 8.3%↓",2026-04-21 20:01:20,real_assets
달러강세,"RTX, 1분기 매출 221억 달러··전년비 9% 증가",2026-04-21 20:10:51,real_assets
환율,"제뉴인 파츠, 1분기 매출 63억 달러..전년비 6.8% 증가",2026-04-21 20:22:41,real_assets
환율,"도세보, 1분기 매출 6550만 달러·전년비 14% 증가..연간 가이던스 상향",2026-04-21 20:42:02,real_assets
기준금리,"Kurly 흑자 전환에 성공, 신성장 로드맵 가동",2026-04-21 20:43:39,domestic_bond
달러강세,"피트니 보우스, 1분기 조정 EPS 0.47달러..전년比 42% 증가",2026-04-21 21:08:58,real_assets
기준금리,"뉴마크 그룹, 리볼빙 신용한도 9억 달러로 50% 확대",2026-04-21 22:19:24,domestic_bond
기준금리,"아메리서브 파이낸셜, 1분기 순이익 179만 달러..전년비 6% 감소",2026-04-21 22:34:05,domestic_bond
금값,"금은 배신 안 해"" 미미, 과거부터 이어온 남다른 ""골드 사랑",2026-04-21 22:44:07,real_assets
기준금리,"실버코프 메탈스, 3년 만기 15억 위안 신디케이트론 조달 성공",2026-04-22 02:52:50,domestic_bond
채권금리,"스키나 리소시스, 8.5% 고금리 채권 발행으로 이자 부담 확대 우려",2026-04-22 04:51:11,domestic_bond
환율,"인터렉티브 브로커스 그룹, 1분기 순이익 23% 증가..EPS 0.59달러",2026-04-22 05:05:02,real_assets
기준금리,"트러스트코 뱅크 NY, 1분기 순이익 1,630만 달러..전년비 14% 증가",2026-04-22 05:05:52,domestic_bond
기준금리,"더 뱅크 오브 프린스톤, 주당 0.35달러 분기배당 선언",2026-04-22 05:07:32,domestic_bond
기준금리,"애널리 캐피탈 매니지먼트, 1분기 배당가능수익 0.76달러..10분기 연속 플러스 수익",2026-04-22 05:09:03,domestic_bond
기준금리,"애널리 캐피탈 매니지먼트, 1분기 EPS 0.33달러..전년비 74% 감소",2026-04-22 05:13:57,domestic_bond
기준금리,"애널리 캐피탈 매니지먼트, 1분기 주당순이익 0.76달러..전년비 3% 증가",2026-04-22 05:18:08,domestic_bond
기준금리,"아머 레지던셜 REIT, 1분기 실적 22일 발표..23일 컨퍼런스콜 개최",2026-04-22 05:20:48,domestic_bond
기준금리,"브릿지워터 뱅크쉐어즈, 1분기 순이익 1740만 달러·전년비 81% 급증",2026-04-22 05:21:18,domestic_bond
달러강세,"인터 파퓸스, 1분기 매출 3억4500만 달러..전년비 2% 증가",2026-04-22 05:22:50,real_assets
원유,"발코에너지, 에탐 14H정 일일 순유량 2850배럴 달성",2026-04-22 05:27:00,real_assets
기준금리,"FVC뱅코프, 1분기 순이익 640만 달러..전년비 24%↑",2026-04-22 05:28:51,domestic_bond
환율,"소노코 프로덕트 컴퍼니, 1분기 EPS 0.68달러..전년비 23.6%↑",2026-04-22 05:30:21,real_assets
기준금리,"메트로폴리탄 뱅크 홀딩, 1분기 순이익 3,143만 달러·EPS 101% 급증",2026-04-22 05:40:52,domestic_bond
달러강세,"코포라시온 아메리카 에어포츠, 3월 여객수송 5.5% 증가..국제선 12.2% 성장",2026-04-22 05:41:56,real_assets
원유,"선코에너지, 2026 회계연도 1분기 실적 5월 5일 발표 예정",2026-04-22 06:06:52,real_assets
WTI,"중동 전쟁 우려 재고조에 상승분 반납한 뉴욕증시, 트럼프는 이란 휴전 ""재연장",2026-04-22 06:38:51,real_assets
환율,"분기 최대 실적 또 경신""...LS일렉트릭, 목표가 22만원 상향",2026-04-22 07:54:21,real_assets
국제유가,"전쟁통에 출범한 신현송의 한은...""비은행권까지 감시망 강화하겠다",2026-04-22 08:05:58,real_assets
원유,"EQT, 사상 최대의 자유 현금 흐름과 신용등급 상승을 바탕으로 2026년 1분기 호실적 발표",2026-04-22 09:00:40,real_assets
WTI,"안갯속"" 미·이란 종전협상에 하락 마감",2026-04-22 09:05:50,real_assets
국제유가,"월급 빼고 다 오르네""...유가 폭주에 ""브레이크 고장""난 생산자 물가, 4년 만에 최고",2026-04-22 09:12:52,real_assets
달러강세,"코스피, 장 초반 6400선 터치 후 숨고르기...외인·기관 순매도",2026-04-22 09:58:54,real_assets
환율,"어린이때부터 금융교육"" 하나은행, 19년째 맞이하는 금융뮤지컬 개최",2026-04-22 10:08:23,real_assets
환율,"환율 부담되는데 ""이곳""서 여행상품 최대 30% 할인",2026-04-22 10:19:00,real_assets
원유,"다른건 참아도 콘돔대란이라뇨""...값 30% 올려도 부족할 판이라는데",2026-04-22 10:45:52,real_assets
금값,"미미, 금테크 성공에...""현물 좋아, 주식 못 믿어",2026-04-22 11:03:08,real_assets
원유,"한국산 정유 없으면 큰일""...주요국서 빗발치는 공급 요청",2026-04-22 12:32:15,real_assets
환율,"에스티팜, ""믹스가 만든 이익 레벨업"" 증권사 발표에 강세",2026-04-22 13:43:48,real_assets
원유,"솔브레인, 증권사 목표가 상향에 강세...3.17%",2026-04-22 13:59:29,real_assets
환율,중국·일본 관광객이 물밀듯이...中노동절·日골든위크 맞아 롯데百 대규모 할인,2026-04-22 14:10:01,real_assets
국제유가,"지금도 장보기 무서운데 더?""...""예고편"" 생산자물가 4년만에 최대상승",2026-04-22 15:14:23,real_assets
환율,"3월 외화예금, 역대 최대폭으로 감소...한은 ""고환율에 환전 늘어",2026-04-22 15:14:42,real_assets
원유,"에너지 위기 돌파, 한국車도 전력을 다합니다""...전기차는 국가자산, 치열해진 V2G 경쟁",2026-04-22 15:32:41,real_assets
달러강세,"전쟁보다 실적 믿는다""...코스피, 하루 만에 또 최고치 경신 ""6440선"" 돌파",2026-04-22 15:37:15,real_assets
국제유가,"국힘 이인선 ""석유가격 통제"" 손실, 국가 보상 추진",2026-04-22 15:57:41,real_assets
국제유가,"관세 2.0"" 글로벌 통상 질서 변곡점",2026-04-22 16:06:28,real_assets
기준금리,부채의 역습... 쓸 수 있는 '선택지' 사라진다,2026-04-22 16:09:16,domestic_bond
환율,"일식집서 먹던 맛이네"" 이마트 연어회의 비밀",2026-04-22 16:18:20,real_assets
환율,"롯데百, 중국·일본 관광객 맞이 프로모션 확대...즉시 할인에 환율 우대까지",2026-04-22 16:29:13,real_assets
원유,"韓선사 관련 유조선 2척...""호르무즈 해협"" 진입 성공",2026-04-22 16:36:09,real_assets
환율,고유가 지원금' 더 공정한 배분법,2026-04-22 17:17:15,real_assets
환율,외국환율고시표,2026-04-22 17:33:14,real_assets
환율,스테이블코인 결제 확산... '미국판 배민' 도어대시 합류,2026-04-22 17:34:35,real_assets
환율,"환율 낮을 때 환전해 줄게""...외국인 유학생 돈 가로챈 30대 환전소 운영자",2026-04-22 17:41:51,real_assets
원달러,"1500원대 환율에 ""달러 팔자""...외화예금 23조 썰물",2026-04-22 17:45:21,real_assets
국제유가,"고유가 덕 본 OCI, 1분기 영업익 278억원...전년보다 171% 늘어",2026-04-22 17:46:44,real_assets
원유,"트럼프, 한달새 최후통첩 6번 뒤엎어... 美내부 TACO 피로감 극심",2026-04-22 17:46:50,real_assets
기준금리,"워시 ""난 트럼프 꼭두각시 아냐",2026-04-22 17:46:51,domestic_bond
환율,RIA 1조 모았지만...서학개미 투자 되레 늘어,2026-04-22 17:46:57,real_assets
달러강세,질주하는 美전력반도체주,2026-04-22 17:46:59,real_assets
기준금리,성과급 따라 근로자간 양극화 커져...고임금發 인플레 우려도,2026-04-22 17:48:00,domestic_bond
원유,"韓선사 실소유 추정' 유조선, 호르무즈 진입",2026-04-22 17:51:15,real_assets
국제유가,중동發 원자재 쇼크에 생산자물가 4%대 급등,2026-04-22 17:51:16,real_assets
달러강세,다가오는 스페이스X 상장... 너도나도 수혜株라는데,2026-04-22 17:54:32,real_assets
국제유가,석유값 통제로 손실본 정유사에 보상을,2026-04-22 17:57:03,real_assets
원유,"툭하면 최후통첩, 이젠 긴장감 없어""...측근들 조차 트럼프 ""TACO"" 피로감",2026-04-22 18:55:39,real_assets
원유,"에코페트롤, 2025년 매출 300억 달러·EPS 23% 감소",2026-04-22 19:05:26,real_assets
환율,"버티브 홀딩스, 1분기 매출 27억 달러·전년비 30% 증가",2026-04-22 19:07:16,real_assets
국채,한국 국가부채 경고에서 떠올려야 할 위험...대미투자 500조원,2026-04-22 19:15:41,domestic_bond
국제유가,"당정청 ""4차 석유 최고가격제, 유가·국민 부담 고려해 결정",2026-04-22 19:25:29,real_assets
국제유가,"당정청 ""차량 5부제 참여 보험료 할인 상품 5월 중 출시",2026-04-22 19:27:01,real_assets
환율,"필립 모리스 인터내셔널, 1분기 매출 101억 달러·EPS 1.96달러 기록",2026-04-22 20:04:39,real_assets
환율,"웨스팅하우스 에어 프레이크 테크놀러지스, 1분기 EPS 2.71달러..전년비 19% 증가",2026-04-22 20:05:49,real_assets
달러강세,"올드 내셔널 뱅코프, 1분기 순이익 2억3천만 달러..주당순이익 0.59달러",2026-04-22 20:28:06,real_assets
기준금리,"퍼스트 뱅코프, 1분기 순이익 8,880만 달러..EPS 21% 증가",2026-04-22 22:33:21,domestic_bond
원유,"레인지 리소시즈, 1분기 매출 50% 급증·10억 달러 돌파",2026-04-23 00:01:54,real_assets
기준금리,"FS 뱅코프, 1분기 순이익 780만 달러·주택대출 생산 43% 급증",2026-04-23 00:50:06,domestic_bond
기준금리,"BCE, 시리즈 AG·AH 우선주 전환..5월 1일 발효",2026-04-23 01:17:56,domestic_bond
기준금리,"올드 세컨드 뱅코프, 1분기 순이익 2560만 달러..전분기比 11% 감소",2026-04-23 05:07:02,domestic_bond
기준금리,"QCR 홀딩스, 1분기 EPS 1.99달러..전년비 31% 증가",2026-04-23 05:11:23,domestic_bond
기준금리,"뱅크웰 파이낸셜 그룹, 1분기 순이익 1,128만 달러..전분기比 23% 증가",2026-04-23 05:12:54,domestic_bond
달러강세,"아이비엠, 1분기 매출 159억 달러..전년비 9% 증가",2026-04-23 05:13:54,real_assets
달러강세,"RLI, 1분기 매출 4억2338만 달러·4% 증가...순이익 13% 감소",2026-04-23 05:17:04,real_assets
환율,"메드페이스 홀딩스, 1분기 매출 7억달러..전년比 27% 급증",2026-04-23 05:19:55,real_assets
달러강세,"텍사스인스트루먼트, 1분기 매출·EPS 동반 급증...자유현금흐름 154% 폭등",2026-04-23 05:20:55,real_assets
달러강세,"레이몬드 제임스 파이낸셜, 2분기 매출 39억달러·EPS 2.72달러..전년비 13%·15% 증가",2026-04-23 05:21:55,real_assets
기준금리,"뱅크 오브 캘리포니아, 1Q26 순이익 50% 급증..EPS 0.39달러",2026-04-23 05:22:25,domestic_bond
국채,"아머 레지던셜 REIT, 1분기 주당 순손실 0.49달러..배당가능수익은 0.76달러",2026-04-23 05:24:47,domestic_bond
기준금리,"KKR 리얼 이스테이트 파이낸스 트러스트, 1분기 순손실 6190만 달러..적자폭 확대",2026-04-23 05:33:39,domestic_bond
환율,"메디롬 헬스케어 테크놀러지스, 2025년 매출 385억 달러..전년비 21% 감소",2026-04-23 05:36:39,real_assets
환율,"서비스나우, 1분기 구독 매출 37억 달러..전년비 22% 증가",2026-04-23 05:52:02,real_assets
기준금리,"퍼스트 인더스트리얼 리얼티 트러스트, 1분기 EPS 1.08달러 흑자전환·배당 12% 인상",2026-04-23 05:56:12,domestic_bond
환율,RIA계좌 잔액 1조 달성 코앞인데...서학개미 보유액은 늘었다,2026-04-23 06:04:51,real_assets
달러강세,"주가, 화성 갈거니까""...스페이스X ""묻지마 테마주""까지 들썩",2026-04-23 06:05:12,real_assets
원유,"이온 리소시스, 연간보고서 미제출로 NYSE 상장규정 위반 통지",2026-04-23 06:21:53,real_assets
국채,"뉴홀드 인베스트먼트 IV, IPO 완료..총자산 2억360만 달러 확보",2026-04-23 06:28:13,domestic_bond
기준금리,"공포는 이제 잊어라""...타이거리서치, 비트코인 목표가 14만불 제시",2026-04-23 08:58:25,domestic_bond
달러강세,"코스피, 장중 6500 돌파...사흘 연속 사상최고치 경신",2026-04-23 09:05:45,real_assets
기준금리,"노스림 뱅코프, 2026년 1분기 1,370만 달러 순이익 기록... 지속적인 수익성 및 성장세 반영",2026-04-23 09:07:46,domestic_bond
환율,"맞손 잡은 신현송·구윤철...""통화·재정 조화"" ""수시로 만나 소통",2026-04-23 10:27:42,real_assets
국제유가,"증시선 전쟁 끝났는데, 유가는 쉽지 않네""...""선박 나포"" 소식에 브렌트유 다시 100달러",2026-04-23 11:08:11,real_assets
국제유가,LPG부탄 유류세 리터당 31원 추가인하...6월 말까지 시행,2026-04-23 11:16:12,real_assets
기준금리,"포스코인터, 국내 비금융기업 최초 ""디지털 채권"" 발행",2026-04-23 14:24:47,domestic_bond
환율,관세·환율 겹악재...현대차 1분기 영업익 30.8%↓,2026-04-23 14:33:23,real_assets
기준금리,"신한금융, 1분기 순익 1.62조 ""사상 최대""...""증권·비이자이익이 실적 견인",2026-04-23 14:37:29,domestic_bond
원유,"발표 15분 전 6300억 베팅""...미·이란 휴전 연장에 ""수상한 거래"" 또 터졌다",2026-04-23 14:51:40,real_assets
기준금리,연 10%대 이자받는 청년미래적금 6월 나온다,2026-04-23 15:00:00,domestic_bond
환율,"역대 최대 매출 올렸는데도...현대차 1분기 영업익 성적표 부진, 이유는?",2026-04-23 15:04:26,real_assets
금값,"KRX금시장 참여 해외기업, ""골목상권"" 침해 않기로 약속...금 시장가격 왜곡 해결 눈앞",2026-04-23 15:08:59,real_assets
기준금리,"증시로 빠져나가는 돈 잡아라""...""7% 적금"" 내놓으며 사활 건 지방은행",2026-04-23 15:17:34,domestic_bond
국제유가,"코스피, 사흘 연속 사상 최고치 경신...6470선 돌파",2026-04-23 15:39:43,real_assets
원유,"호르무즈 끊기면 인터넷 마비""...이란發 ""디지털 재앙"" 경고",2026-04-23 15:46:34,real_assets
원유,"휴전 발표 직전 6300억 베팅""...반복되는 ""수상한 거래",2026-04-23 15:48:01,real_assets
환율,"머니무브 흐름 올라탄 KB금융, 1분기 실적 또 ""신기록",2026-04-23 15:48:37,real_assets
원유,"원유 100만배럴 유조선, 호르무즈 뚫고 한국행...5월 온산항 도착",2026-04-23 15:58:25,real_assets
국제유가,"역시, 믿을 건 달러 뿐인가""...전쟁통에 달러 결제비중 ""사상 최고",2026-04-23 16:03:01,real_assets
기준금리,"AI총무가 회비 관리하고 파킹통장 기능까지 추가"" 똑똑해진 은행 모임통장",2026-04-23 16:03:45,domestic_bond
기준금리,AI·에너지·바이오·방산 '4대 주도주'... 전쟁에도 성장 계속,2026-04-23 16:03:57,domestic_bond
기준금리,부동산 거래량 줄고 稅부담 껑충... 지금은 '현금흐름' 늘릴때,2026-04-23 16:04:15,domestic_bond
원유,"민원 없고 전력 풍부한 울산...""AI데이터센터 어서오세요",2026-04-23 16:04:26,real_assets
환율,"삼성바이오에피스, 바이오시밀러 힘입어 1분기 두자릿수 성장",2026-04-23 16:09:10,real_assets
국채,"신퓨처스 ""탈중앙거래소도 사용성 우선...메인넷으로 빠른 속도 구현할 것",2026-04-23 16:09:31,domestic_bond
기준금리,"아파트 대출 규제 심해지자 성수·압구정·명동 ""꼬마빌딩"" 다시 눈길",2026-04-23 16:26:59,domestic_bond
기준금리,"직원 평균연봉 2억 ""신의 직장"" 이유있었네""...역대급 실적 또 경신한 ""이곳",2026-04-23 17:00:55,domestic_bond
기준금리,KB증권 1분기 영업익 4531억...IB·운용 쌍끌이,2026-04-23 17:10:35,domestic_bond
환율,테슬라 1분기 '깜짝 실적'...대규모 투자에 주가는 내려,2026-04-23 17:33:09,real_assets
국제유가,"美 ""무기한 휴전"" vs 이란 ""협상거부""...기싸움에 유가 100弗 재돌파",2026-04-23 17:37:55,real_assets
원유,호르무즈 대안' 파나마 통행료 사상최고,2026-04-23 17:37:56,real_assets
원유,"친트럼프' 총리 물러나자...헝가리, 우크라 지원 동참",2026-04-23 17:37:57,real_assets
환율,신현송 취임 하자마자... 통화·정책 수장 회동,2026-04-23 17:45:43,real_assets
기준금리,KB·신한 1분기 사상최대 실적...'불장'에 증권사 이익 폭증,2026-04-23 17:50:59,domestic_bond
환율,외국환율고시표,2026-04-23 17:51:00,real_assets
환율,3조원대 설탕 가격 담합 전현직 임직원 1심 유죄,2026-04-23 17:51:08,real_assets
기준금리,돌아온 기관에... 비트코인 8만달러 회복,2026-04-23 17:56:15,domestic_bond
환율,美 관세 걸림돌...최대 매출에도 못웃는 현대차,2026-04-23 18:00:31,real_assets
환율,"한국서 너무 안팔려요"" 혼다車 23년만에 철수",2026-04-23 18:00:31,real_assets
국제유가,반도체 빼면 韓성장률 0.8% 그쳐... 중동戰 여파는 2분기 본격화,2026-04-23 18:04:15,real_assets
국제유가,국제유가 내렸지만 석유 최고가 또 '동결'... 수요급증 선제 차단,2026-04-23 19:01:00,real_assets
원유,"패터슨 UTI 에너지, 1분기 매출 11억 달러..순손실 2,460만 달러 적자전환",2026-04-23 19:02:19,real_assets
채권금리,"커뮤니티 헬스 시스템즈, 6억 달러 규모 우선담보채 공개매수 착수",2026-04-23 19:04:59,domestic_bond
달러강세,"그루포 아에로멕시코, 1분기 매출 13% 증가·13억4100만 달러 달성",2026-04-23 19:09:32,real_assets
환율,"젠썸, 1분기 매출 3.9억 달러·EPS 0.14달러 흑자전환",2026-04-23 19:12:12,real_assets
원유,"우드사이드 에너지 그룹, 2025년 사상 최대 생산량 기록..단위비용 4%↓",2026-04-23 19:22:03,real_assets
환율,"스냅온, 1분기 매출 12억700만 달러..전년비 5.8% 증가",2026-04-23 19:35:05,real_assets
환율,"스트레티직 에듀케이션, 1분기 영업이익 42% 증가·4110만 달러",2026-04-23 19:37:05,real_assets
원유,"블랙스톤, 1Q 매출 36억 달러·EPS 0.83달러..주당배당 1.16달러",2026-04-23 19:57:18,real_assets
환율,"아메리칸 익스프레스, 1분기 순이익 30억 달러..전년비 15%↑",2026-04-23 20:01:58,real_assets
달러강세,"해즈브로, 1분기 매출 9.7억~9.9억 달러 전망..전년비 최대 11% 증가",2026-04-23 20:02:08,real_assets
환율,"큐리그 닥터 페퍼, 1분기 매출 40억 달러 돌파..전년비 9.4% 증가",2026-04-23 20:05:51,real_assets
달러강세,"알티소스 포트폴리오 솔루션, 1분기 매출 4,509만 달러·흑자전환 성공",2026-04-23 20:07:51,real_assets
환율,"사노피, 1분기 매출 105억 유로..듀픽센트 30% 성장 견인",2026-04-23 20:22:05,real_assets
환율,"매출 46조 찍었는데 이게 뭡니까""...현대차, 美관세에 영업익 ""후진",2026-04-23 20:30:23,real_assets
기준금리,"코넥트원 뱅코프, 1분기 순이익 3631만 달러..전년비 94% 급증",2026-04-23 20:32:05,domestic_bond
원유,"호르무즈 잠깐 개방한 사이...""필사의 탈출""한 유조선",2026-04-23 20:37:56,real_assets
달러강세,"리퍼블릭 뱅코프, 1분기 조정순이익 3.99억 달러..전년비 3% 증가",2026-04-23 21:02:06,real_assets
채권금리,"유나이티드 뱅크셰어스, 1분기 순이익 1억2420만 달러·전년비 48% 급증",2026-04-23 21:03:36,domestic_bond
원유,"유로나브, 2025년 연간보고서 공개..5월 21일 주총 개최",2026-04-23 21:49:42,real_assets
기준금리,"에이씨엔비, 1분기 순이익 1370만 달러..전년 적자서 흑자 전환",2026-04-23 22:15:03,domestic_bond
환율,"아르다 메탈 패키징, 1Q 매출 15억 달러·전년비 19% 증가",2026-04-23 22:44:14,real_assets
달러강세,"풀코퍼레이션, 1분기 매출액 11억3800만 달러..전년비 6% 증가",2026-04-23 22:45:14,real_assets
환율,"아르다 메탈 패키징, 1분기 매출 15억 달러..전년비 19% 증가",2026-04-23 22:46:04,real_assets
국제유가,"툿시롤 인더스트리즈, 1분기 매출 1억4949만 달러·전년비 2% 증가",2026-04-24 00:01:47,real_assets
원유,"李 ""베트남의 미래가 한국의 미래...첨단산업 씨앗 함께 뿌려야",2026-04-24 00:03:13,real_assets
기준금리,"C&F 파이낸셜, 1Q26 순이익 679만 달러..전년비 26% 증가",2026-04-24 01:20:59,domestic_bond
원유,"에코페트롤, 브라질 브라바 에너지 26% 지분 인수..51% 확보 목표",2026-04-24 04:08:10,real_assets
기준금리,"메리디안, 1분기 순이익 471만 달러..전년비 96% 급증",2026-04-24 04:20:30,domestic_bond
환율,"유타 메디컬 프로덕트, 1분기 매출 87억 달러..전년비 10% 감소",2026-04-24 04:52:11,real_assets
채권금리,"벤처 글로벌, 7억5000만 달러 채권 발행..단기부채 상환",2026-04-24 05:08:42,domestic_bond
달러강세,"프린시플 파이낸셜 그룹, 1분기 조정 EPS 2.17달러·13% 증가",2026-04-24 05:09:32,real_assets
기준금리,"WSFS 파이낸셜, 1분기 순이익 32% 증가·분기배당 18% 인상",2026-04-24 05:15:14,domestic_bond
원유,"C3IS, 1대7 주식병합 단행..나스닥 상장 요건 충족",2026-04-24 05:19:15,real_assets
원유,"도체스터 미네랄스, 1분기 배당 0.48달러 지급..시가배당률 10.59%",2026-04-24 05:19:55,real_assets
기준금리,"퍼스트 파이낸셜 뱅코프, 1분기 순이익 7445만 달러·EPS 0.71달러 기록",2026-04-24 05:20:36,domestic_bond
WTI,美·이란 불확실성에 뉴욕증시 하락...SW 위기론 재부상,2026-04-24 05:25:26,real_assets
채권금리,"그레이스톤 하우징 임팩트 인베스터스, 2026년 매출 9.23% 증가 전망",2026-04-24 05:32:00,domestic_bond
달러강세,"힐탑 홀딩스, 1분기 순이익 3780만 달러..전년비 10% 감소",2026-04-24 05:32:41,real_assets
기준금리,"힐탑 홀딩스, 1분기 순이익 3,780만 달러..전년비 10% 감소",2026-04-24 05:33:01,domestic_bond
국제유가,"아머란트 뱅코프, 1분기 순이익 1790만 달러..흑자전환",2026-04-24 05:34:21,real_assets
기준금리,"글래시어 뱅코프, 1분기 순이익 8210만 달러..전년비 51%↑",2026-04-24 05:41:56,domestic_bond
기준금리,"오키드 아일랜드 캐피탈, 1분기 순손실 2천만 달러..파생상품 손실 영향",2026-04-24 05:58:03,domestic_bond
환율,"라탐 에어라인스 그룹, 2025년 순이익 30% 배당..주당 0.00006617달러",2026-04-24 06:01:33,real_assets
원유,"델렉 로지스틱 파트너스 LP, 1분기 배당 1.13달러로 인상..연 4.52달러",2026-04-24 06:03:53,real_assets
환율,"베터웨어 드 멕시코, 1분기 EPS 85.7% 급증·35억 페소 달성",2026-04-24 06:15:24,real_assets
원유,"사실은 우크라 돕고 싶었다""...""친트럼프"" 총리 물러난 헝가리, 지원 속도",2026-04-24 06:21:22,real_assets
채권금리,"인베스트코프 크레딧 매니지먼트, 4분기 포트폴리오 FMV 1억7,300만 달러 기록",2026-04-24 06:22:55,domestic_bond
기준금리,"불장에 증권사가 다 벌어왔다...KB·신한금융, 1분기 사상최대 실적",2026-04-24 06:35:10,domestic_bond
환율,3조원대 설탕가격 담합...CJ제일제당·삼양사 임직원 1심 유죄,2026-04-24 08:03:00,real_assets
기준금리,"NH투자증권, 1분기 어닝 서프라이즈""...목표가 4.3만원으로 상향",2026-04-24 08:52:41,domestic_bond
WTI,미·이란 다시 긴장감 고조...3대 지수 일제히 하락,2026-04-24 09:01:00,real_assets
WTI,"나흘째 급등세 이어간 국제유가, 다시 105달러...""호르무즈 일촉즉발",2026-04-24 09:26:13,real_assets
WTI,경유가격 3년9개월만에 2천원대...4차 최고가격제 시행 첫날,2026-04-24 09:52:28,real_assets
환율,이 대통령 지지율 67%...민주 48%·국힘 20%,2026-04-24 10:03:39,real_assets
기준금리,"최대 年17%, 이건 안들면 진짜 손해""...정부가 내놓는 ""이 통장"" 주목",2026-04-24 10:04:02,domestic_bond
국제유가,경유도 전국 평균 2000원 시대...우크라戰 이후 4년 만,2026-04-24 10:05:13,real_assets
환율,이재명 대통령 지지율 67%...다시 최고치,2026-04-24 10:17:36,real_assets
기준금리,"신규고객 환영""...""연 10% 금리·매일 이자 2배"" 내건 토스뱅크",2026-04-24 10:29:40,domestic_bond
기준금리,"BROKEN...""부동산 공식"" 깨졌다",2026-04-24 10:49:11,domestic_bond
환율,"LG이노텍, 기판 업체로 본격 재평가...52주 신고가 달성",2026-04-24 11:09:33,real_assets
국제유가,"내집 마련은 다음생에 가능한가요""...버는 속도보다 더 빨리 오르는 분양가",2026-04-24 11:19:56,real_assets
기준금리,삼전닉스 외 대안은 건설·원전·바이오,2026-04-24 11:29:22,domestic_bond
채권금리,"코스피 6400시대"" 은행 위협하는 증권사, 브로커리지 호황은 어디까지 갈까",2026-04-24 11:48:29,domestic_bond
원유,"한투운용 ""글로벌반도체TOP4 Plus"", 순자산 1조2000억원 돌파",2026-04-24 13:40:44,real_assets
국제유가,"지방서 베이징·상하이 바로 간다""... 11개 항공사 ""알짜 노선"" 확보",2026-04-24 13:44:06,real_assets
국제유가,"나는 모든 시간 갖고 있다""...5월1일 끝나는 전쟁권한법, 트럼프 속내는",2026-04-24 14:10:27,real_assets
환율,기아 1분기 영업이익 2조2051억원...작년 동기 대비 26.7%↓,2026-04-24 14:12:26,real_assets
WTI,"나스닥·테슬라 24시간 거래한다...코인판 덮친 ""新 서학개미"" 돌풍",2026-04-24 14:14:16,real_assets
원유,"靑 ""5월중 원유 7400만배럴 확보...작년 평균의 87% 수준",2026-04-24 14:41:44,real_assets
환율,KGM 1분기 영업이익 217억원...인수 4년째 1분기 흑자 지속,2026-04-24 14:52:43,real_assets
환율,"호텔신라 1분기 영업익 204억원 ""어닝서프라이즈",2026-04-24 14:54:16,real_assets
환율,"6분기 연속 흑자"" KGM, 1분기 영업익 217억원...전년比 105%↑",2026-04-24 14:59:48,real_assets
원유,"靑 ""5월 중 원유 7400만배럴 확보...지난해 평균 87% 수준",2026-04-24 15:18:17,real_assets
채권금리,"AI 광풍 뒤, 부채가 밀려온다",2026-04-24 15:30:06,domestic_bond
채권금리,스테이블코인 결제 시대 본격화...입법 지연 사이 기업들 빨라진다,2026-04-24 15:51:00,domestic_bond
원유,키네틱 리스크·알파고 마피아·바스켓 매매,2026-04-24 15:53:44,real_assets
국제유가,"고유가 지원금, 주유소에서 못 쓴다?...실효성 논란",2026-04-24 15:55:57,real_assets
환율,"우리금융 1분기 순익 6038억 ""역성장""...자본비율 13%대는 조기달성",2026-04-24 16:00:00,real_assets
기준금리,"구리시, 무주택 신혼부부 전월세 자금 대출이자 지원 확대",2026-04-24 16:13:41,domestic_bond
달러강세,"코스피, 중동 긴장에 약보합 마감...코스닥, 25년여만에 1200선 돌파",2026-04-24 16:15:55,real_assets
국제유가,"전쟁·경제 불안에...美 트럼프 지지율 ""급락",2026-04-24 16:16:07,real_assets
달러강세,"DL ""공급 불안이 키운 가치, Kraton은 왜 좋아지는가"" 증권사 발표에 강세...3.02%",2026-04-24 16:26:39,real_assets
원유,"강훈식 ""아스팔트 수급 우려...시급한 공사에 우선 공급",2026-04-24 16:35:17,real_assets
국제유가,"고유가·고환율에도...경기 전망 ""낙관""·살림 전망은 ""글쎄",2026-04-24 17:05:08,real_assets
환율,기아 최대 매출에도 수익성 둔화...올해 1분기 영업익 26.7%↓,2026-04-24 17:17:01,real_assets
국제유가,"세금으로 지탱하는 석유 최고가격제, 출구 전략 고민할 때",2026-04-24 17:17:04,real_assets
국제유가,"전쟁발 고물가에...필리핀, 기준금리 인상",2026-04-24 17:31:19,real_assets
환율,우리금융 순익 6038억원... 4대지주 중 홀로 역성장,2026-04-24 17:46:05,real_assets
환율,외국환율고시표,2026-04-24 17:46:07,real_assets
원유,"강훈식 ""시급한 공사에 아스팔트 우선 공급",2026-04-24 17:47:34,real_assets
환율,호텔신라 1분기 영업익 204억 '흑자전환,2026-04-24 17:52:27,real_assets
환율,기아 1분기 영업이익 27% '후진,2026-04-24 17:57:33,real_assets
채권금리,"제프리스 파이낸셜, 11억 달러 규모 선순위 채권 발행 완료",2026-04-24 19:02:54,domestic_bond
기준금리,"토론토 도미니언 뱅크, 10억 캐나다달러 규모 후순위채 발행",2026-04-24 19:05:14,domestic_bond
달러강세,"프록터 & 갬블, 3분기 순매출 212억 달러..전년비 7% 증가",2026-04-24 20:04:06,real_assets
달러강세,"SK하이닉스 234만원 간다""...일본 증권사가 최고로 높은 목표주가 내놔",2026-04-24 20:17:44,real_assets
원유,"급한 불 껐다...청와대 ""원유 대체물량 사활, 5월 중 7462만 배럴 확보",2026-04-24 20:40:05,real_assets
채권금리,"카스피KZ, 6억 달러 규모 2031년 만기 채권 발행 완료",2026-04-24 21:21:59,domestic_bond
원유,"서울 도착한 이 대통령...""중동 리스크"" 대응부터 코스피 ·부동산 등 전념",2026-04-24 21:38:24,real_assets
채권금리,"방코 산탄데르 칠레, 230억 페소 규모 무기명 채권 발행..만기 2029년",2026-04-24 22:15:01,domestic_bond
채권금리,"벤처글로벌, 7억5000만 달러 고금리 채권 발행...부채 부담 우려 부각",2026-04-24 22:42:31,domestic_bond
환율,"프록터 & 갬블, 3분기 자체 성장률 3%·EPS 1.59달러 기록",2026-04-24 23:04:02,real_assets
채권금리,"제프리스파이낸셜, 11억 달러 선순위 채권 발행 완료...두 자릿수 성장 전망 주목",2026-04-25 00:21:34,domestic_bond
기준금리,"아메스 내셔널, 1분기 순이익 73% 급증..배당 20% 인상",2026-04-25 05:21:50,domestic_bond
채권금리,"컨슈머 포트폴리오 서비스, 사상 최대 5억1천만 달러 규모 ABS 발행 성공",2026-04-25 05:23:50,domestic_bond
원유,"하이드마 마리타임 홀딩스, 나스닥 최저가 기준 미달 통보..10월까지 개선 유예",2026-04-25 06:08:53,real_assets
국채,"JATT II ACQUISITION CORP, IPO로 6천만 달러 조달 완료..SPAC 합병 본격화",2026-04-25 06:12:03,domestic_bond
환율,"베스타 리얼 에스테이트, 7,475만 달러 배당·자사주 1.5억 달러 매입 결의",2026-04-25 06:25:54,real_assets
원유,"경제적 분노 작전"" 돌입한 미국...이란 석유 수출 막고 코인 동결",2026-04-25 08:41:31,real_assets
국제유가,"31년만에 한국-미국 직항 노선 열었습니다""...워싱턴 D.C.행 취항한 에어프레미아",2026-04-25 09:55:56,real_assets
원유,이라크 바스라에 유조선 입항...호르무즈 봉쇄속 2척째 진입,2026-04-25 14:07:05,real_assets
원유,"설마 트럼프가 이걸 노린 건 아니겠지...이란전쟁에 미국 원유·LNG 수출 ""신기록",2026-04-25 16:20:45,real_assets
금값,"나도 돈벼락 맞게 해다오""...함평 나비축제장 인근 황금박쥐상, 현재 가치는?",2026-04-25 16:52:22,real_assets
국제유가,"폭탄에 불붙고, 말 한마디에 반응했다...국제유가 ""두달의 기록",2026-04-26 09:56:31,real_assets
환율,"데일리 와인의 진화"" 이마트24, 자체 와인 ""꼬모"" 리뉴얼",2026-04-26 10:53:00,real_assets
원유,"李대통령 ""혼자 잘살면 뭔 재민겨?""...주사기 매점매석에 엄단 경고",2026-04-26 11:23:32,real_assets
원유,"트럼프, 이 그림 그렸나...중동산 원유 10%P 빠진 자리, 미국이 채웠다",2026-04-26 13:15:20,real_assets
국제유가,"이란전쟁 터지자 200억 달러 증발""...고유가에 눈뜨고 날린 무역수지 금액이",2026-04-26 15:02:01,real_assets
환율,"내 자산 지킬 주치의""... 국가대표 재테크 고수 '머니닥터' 떴다",2026-04-26 17:00:05,real_assets
환율,"OECD ""韓잠재성장률 내년 1.5%대로 하락",2026-04-26 17:27:35,real_assets
원유,"전쟁 끝나도 기름값 안떨어져""...가스공사 역마진 우려",2026-04-26 17:27:36,real_assets
달러강세,韓 1분기 '코인개미' 거래량 세계 2위,2026-04-26 17:31:53,real_assets
환율,"우리銀, 지방 中企 대상 '찾아가는 환율 세미나",2026-04-26 17:39:02,real_assets
환율,외국환율고시표,2026-04-26 17:39:03,real_assets
달러강세,CPU 화려한 귀환... 인텔·AMD 주가 훨훨,2026-04-26 17:41:14,real_assets
기준금리,"파월 의장 수사 중단"" 워시 인준 속도낸다",2026-04-26 17:50:02,domestic_bond
원유,"주사기 매점매석 때린 李 ""反사회적 행태 단죄",2026-04-26 17:53:14,real_assets
환율,"삼전닉스 이렇게 벌어도 안되네""...내년말 잠재성장률 1.5% ""털썩",2026-04-26 18:17:36,real_assets
달러강세,"줍줍한 인텔이 엔비디아보다 효자""...""돌아온 CPU"" 이유 있다는데",2026-04-27 06:41:28,real_assets
국제유가,이 대통령 지지율 62.2%...민주 51.3%·국힘 30.7%,2026-04-27 08:01:03,real_assets
환율,"수익성 전략 통했다""...호텔신라, 실적 서프라이즈에 목표가↑",2026-04-27 08:05:59,real_assets
채권금리,"하나금융지주, 비은행 정상화 속도...배당 비중 확대"" 목표가↑",2026-04-27 08:08:01,domestic_bond
WTI,"더 간다? 숨 고른다?""...이번주 코스피, 미 FOMC·빅테크 실적이 가른다",2026-04-27 08:27:55,real_assets
달러강세,"코스피, 장중 최고치 또 경신...코스닥도 올라",2026-04-27 09:06:51,real_assets
기준금리,"더이상 못버티겠어요""...고금리·경기침체 ""2중고"" 경매 신청 13년만 최다",2026-04-27 09:12:56,domestic_bond
국제유가,"계속가면 경제 망가질텐데?""...나라 휘청여도 ""버티기"" 대결하는 미국·이란",2026-04-27 10:15:05,real_assets
기준금리,"도저히 못 버티겠어요""...경매 신청 13년 만에 최대치",2026-04-27 12:37:17,domestic_bond
기준금리,카드채 금리 한달만에 다시 4%대...카드업계 조달부담 쑥,2026-04-27 13:58:38,domestic_bond
환율,"실적이 탄탄하니까""...""KT&G 눈독"" 외국인 투자자들, 13거래일 연속 매수",2026-04-27 14:26:50,real_assets
환율,"현대모비스, ""1Q26 리뷰: 관세 비용 회수, 견조한 AS 이익"" 증권사 발표에 강세",2026-04-27 14:34:50,real_assets
환율,"미래에셋증권, RIA 고객 잔고 2500억 돌파",2026-04-27 15:00:30,real_assets
채권금리,"막힌 가계대출, 기업으로 튄다""...인뱅·지방銀 연합공세에 대출시장 판도 흔들",2026-04-27 15:26:57,domestic_bond
달러강세,"코스피, 사상 최고치 경신 마감...6600고지 돌파",2026-04-27 15:34:08,real_assets
기준금리,김우석 삼성자산운용 대표 | ETF 순자산 150조 돌파...점유율 40%,2026-04-27 15:35:00,domestic_bond
환율,"포스코, 거래업체에 4000억대 우대 보증 제공",2026-04-27 16:01:44,real_assets
원유,"롯데, 전쟁 여파 '석유화학 소재 수급' 안정 팔걷어",2026-04-27 16:01:45,real_assets
기준금리,"CJ올리브네트웍스, 화재 취약지역 '보이는 소화기' 점검",2026-04-27 16:04:06,domestic_bond
원유,"김희철 한화오션 대표 | 실적·기술·거점, 삼박자 완성",2026-04-27 17:19:19,real_assets
기준금리,종로상가 3억→3천만원 낙찰... 빌라·오피스텔도 패닉,2026-04-27 17:23:10,domestic_bond
환율,외국환율고시표,2026-04-27 17:27:07,real_assets
국제유가,차량 5부제 참여하면 보험료 年2% 깎아준다,2026-04-27 17:27:08,real_assets
국제유가,외국인 관광객 몰리자... 호텔株 무섭게 달리네,2026-04-27 17:52:59,real_assets
환율,"성래은 영원무역그룹 부회장 | ""공장집 딸"" 동행 리더십, 불확실성 뚫었다",2026-04-27 17:56:57,real_assets
원유,AI·전장용 MLCC 수요 폭발...삼성전기 가격 인상 추진,2026-04-27 17:59:16,real_assets
기준금리,부동산도 K자... 경매 쏟아진다,2026-04-27 18:02:41,domestic_bond
환율,"도미노피자, 1분기 매출 11억5600만 달러·영업익 9.6%↑",2026-04-27 19:07:17,real_assets
기준금리,"레이크랜드 파이낸셜, 1분기 순이익 1억336만 달러..전년비 32% 증가",2026-04-27 20:02:18,domestic_bond
원유,"U.S. 에너지, 헬륨 5년 오프테이크 계약 체결..연 1440만 입방피트 판매",2026-04-27 20:02:28,real_assets
기준금리,"에이치비티 파이낸셜, 1Q26 순이익 1120만 달러..CNB 인수 완료",2026-04-27 20:03:19,domestic_bond
기준금리,"풀톤 파이낸셜, 1분기 EPS 0.55달러..블루 파운드리 인수 완료",2026-04-27 20:59:11,domestic_bond
기준금리,"비즈니스 퍼스트 뱅크쉐어스, 1분기 순이익 2221만 달러..전분기比 6%↑",2026-04-27 21:02:02,domestic_bond
달러강세,"얼라이언스 리소스 파트너스, 1분기 매출 5억1600만 달러..석유가스 부문 15.8% 성장",2026-04-27 21:02:42,real_assets
달러강세,"앨리 파이낸셜, 1분기 조정 EPS 1.11달러..전년比 90%↑",2026-04-27 22:00:54,real_assets
기준금리,"뱅크 오브 마린 뱅코프, 1분기 순이익 851만 달러..전년비 75% 증가",2026-04-27 22:13:15,domestic_bond
국제유가,"주 1회만 쉬면 보험료 2% 할인...차량 5부제 특약, 1700만대 적용",2026-04-27 23:16:44,real_assets
국제유가,"일본과 안 좋으면 한국 더 온다""...중국 관광객 몰리자 달리는 호텔株",2026-04-28 06:06:39,real_assets
원유,"서로 사겠다고 난리""...삼성전기가 만드는 이 부품, 부르는 게 값",2026-04-28 06:17:46,real_assets
국채,"라이트브릿지, 1분기 순손실 634만 달러..R&D 투자 96% 급증",2026-04-28 06:55:01,domestic_bond
환율,"캐네디언 솔라, 1분기 순이익 999% 급증..관세 환급 효과",2026-04-28 06:56:14,real_assets
기준금리,"벤타스, 1분기 FFO 주당 0.94달러..전년비 9% 증가",2026-04-28 07:07:06,domestic_bond
환율,"심슨 매뉴팩처링, 1분기 매출 5억8800만 달러·EPS 2.13달러 기록",2026-04-28 07:11:47,real_assets
환율,"오틀리 그룹, 2025년 매출 8억6245만 달러..순손실 1억4491만 달러로 축소",2026-04-28 07:13:47,real_assets
원유,"영업이익 71% 뛰었는데 ""더 좋아진다""...한화오션 목표가 줄상향",2026-04-28 08:46:33,real_assets
원유,"달러·유로·위안화 편한 걸로 내시라""...이란 ""호르무즈 통행료"" 계좌 개설",2026-04-28 09:27:15,real_assets
채권금리,"우리집 이번달 원리금 입금했지?""...5대 은행 연체율 봤더니 ""빨간불",2026-04-28 10:00:22,domestic_bond
달러강세,"코스피, 사상 첫 6700 돌파...코스닥은 하락 전환",2026-04-28 10:03:24,real_assets
기준금리,"영끌해서 샀는데 못 버티겠어요""...경매신청 불티에 비아파트 ""직격탄",2026-04-28 10:23:06,domestic_bond
달러강세,"시총 6000조 시대"" 삼전 글로벌 13위·닉스 16위 올라...국내 증시는 8위",2026-04-28 10:25:10,real_assets
기준금리,"전쟁통에도 증시 랠리 가능, 금 비중은 15%로""...헤지펀드 대부의 투자 훈수",2026-04-28 11:32:01,domestic_bond
기준금리,"이호성 하나은행장 | 금융 불확실성? 그에겐 ""해법"" 있었다",2026-04-28 11:37:05,domestic_bond
기준금리,"일본은행, 기준금리 3회 연속 동결...0.75% 유지",2026-04-28 12:11:02,domestic_bond
환율,"HD건설기계, 증권사 목표가 상향에 강세...5.0%",2026-04-28 13:12:22,real_assets
환율,"현대위아, ""체질 개선 가시화, 리레이팅 구간 초입"" 증권사 발표에 강세",2026-04-28 13:52:32,real_assets
달러강세,코스피 6641.02 마감...이틀 연속 사상 최고치 경신,2026-04-28 15:36:10,real_assets
국제유가,전쟁에도 질주한 M7...AI 거품 꺼지면 美증시는 비상?,2026-04-28 16:56:04,real_assets
국제유가,"자기야 우리 다음달에 표 끊을까?""...유류할증료 하락 전망에 ""눈치싸움",2026-04-28 16:56:26,real_assets
국채,"KB국민銀, 7억달러 규모 선순위 글로벌 채권 발행...""역대 최저 가산금리",2026-04-28 17:11:13,domestic_bond
원유,암묵지라는 금맥이 묻힌 나라,2026-04-28 17:23:03,real_assets
환율,외국환율고시표,2026-04-28 17:32:47,real_assets
기준금리,日 기준금리 3연속 동결... 올 성장 전망은 '반토막,2026-04-28 17:44:24,domestic_bond
원유,"나프타로 만든 새 플라스틱, 30% 이상 줄인다",2026-04-28 17:47:25,real_assets
기준금리,로봇 뭉칫돈·유통 찬바람...회사채 양극화,2026-04-28 17:52:16,domestic_bond
달러강세,"중국수출통제법 충격 오나...美반도체장비, 랠리서 소외",2026-04-28 17:52:16,real_assets
원유,"트럼프/""이란과의 휴전 무기한 연장",2026-04-28 18:00:36,real_assets
환율,같은 디올백인데...면세점 815만원 vs 백화점 750만원,2026-04-28 18:03:33,real_assets
환율,"제다우, 1분기 순이익 10억 헤알..전년비 34% 증가",2026-04-28 19:05:46,real_assets
원유,"엔터프라이즈 프로덕트 파트너스, 1분기 조정 EBITDA 27억 달러..전년比 10% 증가",2026-04-28 19:05:56,real_assets
기준금리,"에이지아이, 브라질 자회사 25억 헤알 FIDC 조성..신용 대출 확대",2026-04-28 19:07:06,domestic_bond
기준금리,"콘트롤라도라 부엘라 콤파니아 지 아비아시옹, 1분기 파생상품 리스크 관리 정책 공시",2026-04-28 19:07:56,domestic_bond
기준금리,"아레스 캐피탈, 1분기 Core EPS 0.47달러..배당 0.48달러 유지",2026-04-28 19:09:37,domestic_bond
기준금리,"치푸테크놀러지, 2025년 IFRS 기준 순이익 63억 위안..전년비 9% 증가",2026-04-28 19:10:51,domestic_bond
기준금리,"엘링턴 파이낸셜, 1분기 주당순자산 13.56달러..월배당 0.13달러 지급",2026-04-28 19:12:01,domestic_bond
환율,"스포티파이 테크놀러지, 1분기 영업이익 7억1500만 유로..40% 급증",2026-04-28 19:13:12,real_assets
기준금리,"힐튼 월드와이드 홀딩스, 1분기 EPS 1.66달러..전년비 35%↑",2026-04-28 19:14:12,domestic_bond
달러강세,"에스에이피, 1분기 매출 96억 유로..클라우드 27% 급성장",2026-04-28 19:14:22,real_assets
환율,"노바티스 AG, 1분기 매출 131억 달러·5% 감소..신제품 성장세 주목",2026-04-28 19:23:03,real_assets
환율,"킴벌리클락, 1분기 매출 42억 달러..전년비 2.7% 증가",2026-04-28 19:36:04,real_assets
환율,"에이버리 데니슨, 1분기 조정 EPS 2.47달러..전년비 7.4% 증가",2026-04-28 19:48:58,real_assets
달러강세,"펜테어, 1분기 매출 10억 달러·EPS 1.22달러..연간 가이던스 상향",2026-04-28 19:54:58,real_assets
환율,"코카콜라, 1분기 매출 125억 달러·영업이익 44억 달러..전년비 각각 12%·19% 증가",2026-04-28 20:02:09,real_assets
달러강세,"오페라, 1분기 매출 1억7578만 달러..가이던스 상회",2026-04-28 20:03:10,real_assets
달러강세,"셔윈 윌리엄즈, 1분기 매출 57억 달러·EPS 2.15달러 기록",2026-04-28 20:07:21,real_assets
환율,"시스코, 3분기 매출 205억 달러로 4.7%↑...EPS는 13.4%↓",2026-04-28 21:09:05,real_assets
기준금리,"넥스포인트 레지던셜 트러스트, 1분기 매출 6,354만 달러..NOI 2.7% 감소",2026-04-28 21:17:56,domestic_bond
국제유가,"UAE ""다음달 1일 OPEC·OPEC+ 탈퇴...원유 생산량 늘리겠다",2026-04-28 21:40:26,real_assets
환율,"어플라이드 인더스트리얼 테크놀러지스, 3분기 매출 13억 달러·7.3% 증가",2026-04-28 22:12:00,real_assets
원유,"세계은행 ""올해 에너지가격 24% 폭등...원자재 가격은 16% 예상",2026-04-28 22:45:33,real_assets
달러강세,"어번 내셔널 뱅코프, 1분기 순이익 220만 달러·EPS 43% 증가",2026-04-28 22:59:54,real_assets
국제유가,"UAE, OPEC 떠난다...석유동맹 균열",2026-04-28 23:27:34,real_assets
국제유가,중동 석유 통제력 약화... 국제유가 변동성 커진다,2026-04-28 23:30:39,real_assets
기준금리,"프로피던트 파이낸셜 홀딩스, 3분기 순이익 27% 감소에도 NIM 3.13%로 개선",2026-04-29 01:03:57,domestic_bond
원유,"이온 리소시스, 2025회계연도 매출 1,700만 달러..전년비 11% 감소",2026-04-29 04:04:29,real_assets
달러강세,"B2골드, 2025년 금 판매 매출 31억 달러 기록..온스당 운영비용 769달러",2026-04-29 04:20:29,real_assets
환율,"플랭클린 일렉트릭, 1분기 매출 56억 달러·EPS 64% 급증",2026-04-29 05:01:50,real_assets
기준금리,"SR 뱅코프, 1분기 순이익 88.6만 달러..전년比 65% 급증",2026-04-29 05:03:21,domestic_bond
기준금리,"퍼스트 커뮤니티 뱅크셰어스, 1분기 조정 순이익 1,383만 달러..전년비 17% 증가",2026-04-29 05:04:26,domestic_bond
환율,"부킹 홀딩스, 1분기 순이익 225% 급증·55억 달러 매출 달성",2026-04-29 05:07:36,real_assets
환율,"옵코 헬스, 1분기 매출 1억2420만 달러..전년비 17% 감소",2026-04-29 05:08:27,real_assets
기준금리,"비자, 2분기 순이익 60억 달러..전년비 32% 증가",2026-04-29 05:09:07,domestic_bond
기준금리,"머천츠 뱅코프, 1분기 순이익 6770만 달러‥전년비 16%↑",2026-04-29 05:10:07,domestic_bond
환율,"스타벅스, 2분기 동일매장 6.2% 성장·EPS 0.50달러로 22% 증가",2026-04-29 05:10:47,real_assets
환율,"로저스, 1분기 매출 2억500만 달러..EPS 흑자전환",2026-04-29 05:11:28,real_assets
기준금리,"웰타워, 1분기 EPS 1.02달러·전년비 155%↑..연간 가이던스 상향",2026-04-29 05:11:48,domestic_bond
환율,"옴니컴, 1분기 매출 62억 달러·69% 급증..IPG 인수 효과",2026-04-29 05:12:28,real_assets
달러강세,"센사타 테크놀러지스 홀딩, 1분기 매출 9억3480만 달러·EPS 25.5%↑",2026-04-29 05:13:18,real_assets
기준금리,"인벤트러스트 프로퍼티스, 1분기 EPS 0.07달러..전년비 22% 감소",2026-04-29 05:13:59,domestic_bond
환율,"몬델리즈 인터내셔널, 1분기 매출 101억 달러·8.2% 성장",2026-04-29 05:15:19,real_assets
환율,"PPG 인더스트리즈, 1분기 매출 39억3000만 달러...전년비 7% 증가",2026-04-29 05:20:01,real_assets
기준금리,"보리알리스 푸즈, 1,700만 달러 신규 대출로 기존 부채 전액 상환",2026-04-29 05:20:51,domestic_bond
원유,"원오크, 1분기 순이익 7억7600만 달러..전년비 12%↑",2026-04-29 05:25:22,real_assets
기준금리,"TPG RE 파이낸스 트러스트, 1분기 순이익 1520만 달러..흑자전환 성공",2026-04-29 05:25:52,domestic_bond
원유,"노던 오일&가스, 1분기 총생산 10% 증가·조정 EBITDA 3억4250만 달러",2026-04-29 05:32:34,real_assets
환율,"베랄토, 1분기 매출 14억2200만 달러·조정 EPS 13% 증가",2026-04-29 05:33:25,real_assets
환율,"O-I 글래스, 1분기 조정 EPS 0.05달러..전년비 87.5% 급락",2026-04-29 05:34:21,real_assets
달러강세,"이쿼티레지덴셜, 1분기 FFO 주당 0.99달러..전년비 4.2% 증가",2026-04-29 05:40:12,real_assets
환율,"소형주 오르면 10배도 우습지"" 했는데...현실은 대형주 반도 못갔다",2026-04-29 06:04:33,real_assets
채권금리,"메달리온 파이낸셜, 7,500만 달러 채권 발행..연 8.25% 고정금리",2026-04-29 06:14:08,domestic_bond
채권금리,"사운드 파이낸셜 뱅코프, 1분기 순이익 160만 달러..전년比 33% 증가",2026-04-29 06:19:58,domestic_bond
원유,"BLUE WATER ACQUISITION CORP IV, MAHA CAPITAL 자회사 인수..거래규모 4.9억 달러",2026-04-29 06:23:18,real_assets
원유,"이건 대통령에게 최악의 상황""...트럼프 측근도 걱정한 전쟁 교착 장기화",2026-04-29 06:24:35,real_assets
WTI,"오픈AI 내부서 ""실적 우려"" 흘러나와...나스닥 중심 3대 뉴욕 증시 모두 하락",2026-04-29 06:44:54,real_assets
WTI,"OPEC 균열에도 100달러 뚫은 WTI...""공급 늘어도 호르무즈 막혀 소용 없어",2026-04-29 08:49:24,real_assets
원유,"일본 유조선, 처음으로 이란 허가 받고 호르무즈 통과했는데...우리는 언제",2026-04-29 08:52:09,real_assets
달러강세,"애시랜드, 2026 회계연도 2분기 실적 발표 및 연간 전망 업데이트",2026-04-29 08:57:42,real_assets
국채,"바퀴벌레들, 다 살아남진 못할 것""...사모대출 신용위기 경고한 ""월가 황제",2026-04-29 10:54:41,domestic_bond
국제유가,"분상제 없인 내 집 못 산다""...서울 84㎡ 분양가, 1년새 2.7억 ""껑충",2026-04-29 10:55:26,real_assets
기준금리,"이러다 정말 큰일 날라""...은행 이자 못 갚는 중저신용자 5배 급증",2026-04-29 10:59:26,domestic_bond
국제유가,"코스피 사상 최고치인데 난 왜""...희비 엇갈린 개미들",2026-04-29 11:03:26,real_assets
기준금리,"대출 안 나와요? 다 방법 있어요""...집주인이 돈 빌려주는 ""신박한"" 거래",2026-04-29 11:13:42,domestic_bond
기준금리,"기업들도 힘들겠지만, 우린 죽을 판""...자영업자 체감경기 ""급랭",2026-04-29 11:38:36,domestic_bond
달러강세,"LS일렉트릭, 美 빅테크 데이터센터 전력 인프라 계약 체결 소식에 5% 올라",2026-04-29 12:49:51,real_assets
기준금리,크립토카드 올해 누적 결제 17억달러 돌파,2026-04-29 12:50:45,domestic_bond
금값,"시장 붕괴 올때마다 더 부자 됐어요""...곧 큰 기회 온다는 ""부자아빠",2026-04-29 13:38:06,real_assets
원유,암묵지라는 금맥이 묻힌 나라,2026-04-29 14:39:40,real_assets
국제유가,구조조정으로 체질 개선 기대...롯데케미칼 24% 급등,2026-04-29 14:41:11,real_assets
원유,"유조선 경유지 들러도 ""FTA 혜택 적용""...정부, ""직접운송원칙"" 예외 추진",2026-04-29 14:55:28,real_assets
환율,"전용 안경 없어도 3D 실감나네""...사이니지 생태계 커진다",2026-04-29 14:56:35,real_assets
환율,"코스피에 일단 돈 태우고 봐""...외국인 몰리며 외환거래액 ""역대 최대",2026-04-29 15:14:10,real_assets
원유,암묵지라는 금맥이 묻힌 나라,2026-04-29 15:34:17,real_assets
국제유가,"경남 수산물, 1분기 수출 6817만 달러 ""역대 최대",2026-04-29 15:35:08,real_assets
달러강세,코스피 6690.90 마감...사흘 연속 사상 최고치 경신,2026-04-29 15:36:54,real_assets
기준금리,무너진 빌라·상가는 안 보이나,2026-04-29 17:12:17,domestic_bond
기준금리,급전·빚투에...청약통장 담보대출 4조 넘어,2026-04-29 17:15:51,domestic_bond
환율,외국환율고시표,2026-04-29 17:15:53,real_assets
원유,"무역대국 韓, 해상 공급망 막혀 초비상...구원투수 '전략상선대' 확충만이 살 길",2026-04-29 17:27:18,real_assets
원유,제3국 경유 유조선도 FTA 혜택 적용,2026-04-29 17:42:01,real_assets
달러강세,美블룸에너지 'AI붐' 증명... 국내 전력株도 일제히 강세,2026-04-29 17:47:05,real_assets
국채,"다이먼 ""사모대출 신용위험 예상보다 훨씬 심각할 수도",2026-04-29 17:47:21,domestic_bond
원유,"日 초대형 유조선, 호르무즈 첫 통과... 韓선박 26척은 기약없이 발묶여",2026-04-29 17:53:58,real_assets
WTI,OPEC '60년 석유 카르텔' 균열...UAE와 손잡은 美에 힘실릴듯,2026-04-29 17:53:59,real_assets
달러강세,"빅테크 실적 '빅데이'... 코스피, 웃을까 울까",2026-04-29 17:55:26,real_assets
채권금리,제이알 회생신청 후폭풍... 리츠株 '우수수,2026-04-29 17:56:25,domestic_bond
달러강세,"미국선 SMR, 이란선 재건株로 부각... DL그룹株 강세",2026-04-29 17:56:26,real_assets
채권금리,"퍼스트 캐시, 7억5000만 달러 선순위 무담보채권 발행 완료",2026-04-29 19:08:25,domestic_bond
원유,"우드사이드 에너지 그룹, 1분기 매출 33억 달러..전분기비 7%↑",2026-04-29 19:12:06,real_assets
원유,"하프니아, 2026년 EPS 0.78달러..전년비 16% 증가 전망",2026-04-29 19:13:17,real_assets
환율,"아반토, 1분기 매출 15억8천만 달러·자체 성장률 4.1% 감소",2026-04-29 19:13:17,real_assets
환율,"스탠리 블랙 & 데커, 1분기 매출 38억 달러·EPS 0.39달러 기록",2026-04-29 19:14:57,real_assets
달러강세,"벙기, 1분기 EPS 1.83달러..연간 가이던스 9.00~9.50달러로 상향",2026-04-29 19:21:19,real_assets
달러강세,"K국대주, 거품론엔 안흔들리죠""...오픈AI 쇼크에도 선방한 삼전",2026-04-29 19:25:48,real_assets
달러강세,"GE 헬스케어 테크놀러지스, 1분기 매출 51억 달러..7.4% 성장",2026-04-29 19:27:19,real_assets
원유,"델렉 로지스틱 파트너스 LP, 1Q 순이익 3240만 달러·조정 EBITDA 7.3% 증가",2026-04-29 19:34:10,real_assets
환율,"테바 파마슈티컬 인더스트리즈, 1분기 매출 40억 달러·순이익 72% 증가",2026-04-29 20:02:13,real_assets
달러강세,"아이덱스, 1분기 EPS 28% 증가..2026년 가이던스 상향",2026-04-29 20:03:43,real_assets
달러강세,"어반 엣지 프로퍼티즈, 1분기 순이익 2265만 달러..전년비 176% 급증",2026-04-29 20:04:33,real_assets
환율,"얌브랜드, 1분기 EPS 1.50달러·전년비 15%↑..타코벨 8% 고성장",2026-04-29 20:06:24,real_assets
환율,"바슈롬, 1분기 매출 12억4천만 달러..전년비 9% 증가",2026-04-29 20:08:04,real_assets
환율,"헤이워드 홀딩스, 1분기 매출 2.6억 달러·EPS 83% 급등",2026-04-29 20:08:45,real_assets
환율,"오틀리 그룹, 1분기 매출 2.3억 달러로 15.6% 증가..영업손실 39% 개선",2026-04-29 20:10:15,real_assets
환율,"엣시, 1분기 매출 6억3127만 달러..전년비 7.6% 증가",2026-04-29 20:13:56,real_assets
달러강세,"비타 코코 컴퍼니, 1분기 매출 1억8000만 달러..전년비 37%↑",2026-04-29 20:25:07,real_assets
환율,"캐내디언 내셔널 레일웨이, 1Q 매출 44억 캐나다달러..EPS는 1% 증가",2026-04-29 20:38:08,real_assets
원유,"더이상 착한척 못해...빨리 정신 차리길""...트럼프, 이란에 또 엄포",2026-04-29 21:10:04,real_assets
기준금리,"커뮤니티 뱅크 시스템, 1Q26 순이익 16% 증가·4분기 연속 기록 경신",2026-04-29 21:28:01,domestic_bond
환율,허인철 오리온그룹 부회장 | 30년 만에 해외 법인 매출 25조 금자탑,2026-04-29 21:34:15,real_assets
환율,"월급 15만원인데 계란 9000원이라니...이란 서민층 생활고에 ""허덕",2026-04-29 22:30:29,real_assets
원유,"델렉US홀딩스, 1분기 조정 EBITDA 530% 급증...정유 부문 흑자 전환",2026-04-29 22:45:38,real_assets
환율,"아시아 퍼시픽 와이어 & 케이블, 4분기 EPS 0.17달러..전년비 31% 증가",2026-04-29 23:12:11,real_assets
달러강세,"스트라이드, 커리어 러닝 부문 급성장과 중장기 EPS 가이던스 상향에 강세",2026-04-29 23:42:42,real_assets
환율,"인포시스, 4분기 매출 50억4000만 달러..전년비 6.6%↑",2026-04-30 00:38:04,real_assets
기준금리,"LXP 인더스트리얼 트러스트, 1분기 FFO 주당 0.80달러·전년비 2.6%↑",2026-04-30 00:41:54,domestic_bond
WTI,"연준, 3연속 금리동결...이란전쟁발 인플레 우려",2026-04-30 03:01:21,real_assets
WTI,"연준 이례적 성명서...3명 ""금리인하 동의 안해",2026-04-30 03:21:13,real_assets
환율,"에퀴닉스, 1분기 매출 24억 달러..전년비 10% 증가",2026-04-30 05:15:04,real_assets
달러강세,"이베이, 1분기 매출 31억 달러·전년比 19% 증가",2026-04-30 05:19:05,real_assets
채권금리,"아다마스 트러스트, 1분기 EPS 0.41달러·전년比 24%↑",2026-04-30 05:24:07,domestic_bond
환율,"글라우코스, 1분기 매출 1.5억 달러·41% 증가..연간 가이던스 상향",2026-04-30 05:24:17,real_assets
달러강세,"Q2 홀딩스, 1분기 매출 2억1650만 달러·전년비 14%↑",2026-04-30 05:24:57,real_assets
달러강세,"바슈 헬스 컴퍼니, 1분기 매출 25억 달러..전년비 12% 증가",2026-04-30 05:26:08,real_assets
기준금리,"안테로 미드스트림 파트너스, 1분기 매출액 3억1421만 달러..전년비 8% 증가",2026-04-30 05:26:28,domestic_bond
기준금리,"지뱅크 파이낸셜 홀딩스, 1분기 순이익 132만 달러..신용카드 사기 손실 영향",2026-04-30 05:27:38,domestic_bond
달러강세,"CVR 파트너스, 1분기 순이익 84% 급증·4991만 달러 달성",2026-04-30 05:31:49,real_assets
환율,"마텔, 1분기 매출 8억6200만 달러·흑자전환..관세에 총이익률 급락",2026-04-30 05:32:29,real_assets
달러강세,"콘메드, 1분기 EPS 0.45달러 흑자전환..2026년 가이던스 상향",2026-04-30 05:32:40,real_assets
원유,"CVR 에너지, 1분기 조정 EBITDA 54% 급증..질소 비료 부문 흑자 전환",2026-04-30 05:37:02,real_assets
환율,"캐내디언 퍼시픽 레일웨이, 1분기 매출 37억 달러·EPS 0.94달러 기록",2026-04-30 05:38:43,real_assets
기준금리,"리저널 매니지먼트, 1분기 순이익 1140만 달러..전년비 63% 급증",2026-04-30 05:39:13,domestic_bond
달러강세,"모엘리스앤컴퍼니, 1분기 매출 3억2천만 달러·전년비 4%↑",2026-04-30 05:39:33,real_assets
기준금리,"퍼스트 US 뱅크셰어스, 1분기 EPS 0.33달러..전년비 14% 증가",2026-04-30 05:40:24,domestic_bond
채권금리,"커즌스 프로퍼티즈, 1분기 주당순손실 0.15달러 적자전환..FFO 가이던스 상향",2026-04-30 05:43:35,domestic_bond
달러강세,"엘에스비 인더스트리, 1분기 매출 1억7000만 달러‥전년비 18%↑",2026-04-30 05:44:05,real_assets
WTI,美연준 매파적 금리동결에 파월 잔류 결정...금리인하 물건너가나,2026-04-30 05:45:33,real_assets
환율,"아마존닷컴, 1분기 매출 1815억 달러..전년비 17% 증가",2026-04-30 05:45:36,real_assets
환율,"아플락, 1분기 순이익 10억 달러 돌파..매출 28% 급증",2026-04-30 05:48:26,real_assets
원유,"CVR에너지, 순손실 지속·정유 부문 적자 확대에 투자자 실망 매물 출회",2026-04-30 05:52:38,real_assets
달러강세,"오릴리 오토모티브, 1분기 매출 46억 달러·EPS 16% 증가",2026-04-30 05:56:19,real_assets
원유,"내셔널 퓨얼 가스, 26억 달러 오하이오 사업 인수..2026 EPS 7.60달러 전망",2026-04-30 06:00:10,real_assets
달러강세,"밴치마크 일렉트로닉스, 1분기 매출 6.8억 달러·EPS 0.36달러 기록",2026-04-30 06:01:10,real_assets
원유,"델릭시 홀딩스, 나스닥 최저가 기준 미달 통보..180일내 회복 필요",2026-04-30 06:02:20,real_assets
기준금리,"포 코너스 프로퍼티 트러스트, 1분기 매출 10% 증가·70억 달러 달성",2026-04-30 06:03:01,domestic_bond
기준금리,신용대출 막히니 결국...급전·빚투에 청약통장 담보대출 4조 넘어,2026-04-30 06:03:41,domestic_bond
달러강세,"수자노 파펠 에 셀루로스, 1분기 매출 110억 헤알..전년비 5% 감소",2026-04-30 06:06:51,real_assets
달러강세,"킨로스 골드, 1분기 순이익 8억4300만 달러·129% 급증",2026-04-30 06:07:21,real_assets
국제유가,"넥센타이어 1분기 합격, 2분기부터는 원재료비 부담 확대 전망",2026-04-30 08:09:57,real_assets
국제유가,"이란 해상 봉쇄, 몇 개월 더 할 수도""...트럼프, 정유업계 비공개 면담서 설명",2026-04-30 08:59:41,real_assets
달러강세,"내가 미국에 44조원 벌어줬다""...인텔 주가 상승 자축한 트럼프",2026-04-30 09:01:06,real_assets
국제유가,유가 급등·빅테크 실적 낙관 속 혼조 마감,2026-04-30 09:03:34,real_assets
달러강세,"코스피, 장중 최고치 경신...6740선 돌파",2026-04-30 09:05:30,real_assets
WTI,"트럼프는 끝낼 생각 없다는데 어쩌나""...브렌트유 120달러 ""4년만에 최고",2026-04-30 09:11:36,real_assets
국제유가,"오늘이 가장 싸다""...1년 새 분양가 2.7억 오르자 ""분상제"" 쏠림 심화",2026-04-30 09:47:03,real_assets
달러강세,"AI·클라우드가 견인""...미국 빅테크 4사, 1분기 ""호실적",2026-04-30 09:47:24,real_assets
WTI,"한은 ""美연준 워시체제 앞두고 이견노출...통화정책 불확실성 커졌다",2026-04-30 10:03:07,real_assets
환율,"경제·금융 수장들 ""경제 성장세는 확대...외환시장 변동성 지속돼",2026-04-30 10:26:32,real_assets
환율,"미국투자이민, 이제는 ""누가 끝까지 함께하는가""를 묻는다",2026-04-30 11:00:00,real_assets
기준금리,"글로벌 네트워크 위에 디지털을 얹다""...SC제일은행, 통합 금융 가속",2026-04-30 11:03:00,domestic_bond
기준금리,"이러다 기준금리마저 뛰면 어쩌나""...대출자 65% 변동금리로 몰렸다",2026-04-30 11:11:25,domestic_bond
환율,빅테크 잇단 스테이블코인 정산도입...구글 이어 메타 합류,2026-04-30 11:30:29,real_assets
환율,"런치플레이션의 습격, ""한 끼 1만 원 시대""... 외식 물가 도미노 인상 가속화",2026-04-30 12:24:49,real_assets
환율,"몽키트래블, 여름휴가 맞이 ""패밀리 페스타"" 프로모션 진행",2026-04-30 13:59:00,real_assets
기준금리,"경과원, 평택시 중소기업 역량강화 사업 추진...최대 2700만원 지원",2026-04-30 14:10:06,domestic_bond
기준금리,서울 아파트 폭등 잡겠다고 난리치는 사이...무너지는 빌라·상가,2026-04-30 14:24:18,domestic_bond
기준금리,"묻고 더블로""...빚내 불장 뛰어든 ""시니어 개미",2026-04-30 14:49:29,domestic_bond
채권금리,"카뱅은 투자, 뱅샐은 카드...핀테크 ""초개인화"" 서비스 강화",2026-04-30 14:52:59,domestic_bond
국제유가,"중소 수출기업 물류비 최대 29% 줄인다...경과원·경인지방우정청 ""맞손",2026-04-30 14:58:59,real_assets
국제유가,"반도체 호황의 역설...韓銀, 금리 인상 ""깜빡이"" 켜나",2026-04-30 14:59:15,real_assets
WTI,공급혼란 장기화 우려...브렌트유 4년 만에 최고,2026-04-30 15:12:59,real_assets
기준금리,"청년 파산 경고음...20대 빚투, 1년 새 2.24배 폭증",2026-04-30 15:45:41,domestic_bond
환율,포스코그룹 1Q 영업익 24.3%↑...철강 부진에도 2차전지 덕에 깜짝실적,2026-04-30 15:50:48,real_assets
기준금리,"조합원 금융비 확 줄여준다?...강남권 정비사업 ""마이너스 금리"" 경쟁",2026-04-30 15:55:57,domestic_bond
국채,"호재가 없다""...비트코인 1억1100만원대 약세",2026-04-30 16:12:09,domestic_bond
원달러,국내 단기채·높은 주식 비중...퇴직연금 계좌 담을 만한 ETF는,2026-04-30 16:20:25,real_assets
환율,리튬광산 덕분에... 되살아난 포스코홀딩스,2026-04-30 17:18:17,real_assets
국제유가,"靑 ""호르무즈 해협 기뢰제거 참여 검토",2026-04-30 17:36:43,real_assets
환율,외국환율고시표,2026-04-30 17:45:34,real_assets
국제유가,13.7%... 대만 성장률 39년來 최고,2026-04-30 17:47:45,real_assets
WTI,고유가 직격탄 맞은 亞 신흥국...인도·인니 통화가치 역대최저,2026-04-30 17:47:46,real_assets
기준금리,"파월 ""연준, 정치싸움 휘말려선 안돼""... 트럼프 ""일자리 못 구했나"" 조롱",2026-04-30 17:48:38,domestic_bond
기준금리,유럽·영국도 기준금리 동결,2026-04-30 17:48:39,domestic_bond
환율,"금리 환율 격변기, 돈 버는 제테크 포트폴리오",2026-04-30 18:00:53,real_assets
국제유가,"기름값 아껴야죠""...우리 집 근처 ""착한 주유소"" 어디?",2026-04-30 18:15:28,real_assets
기준금리,"사우스사이드 뱅크셰어스, 1분기 순이익 2,330만 달러·EPS 9.9% 증가",2026-04-30 19:03:10,domestic_bond
달러강세,"타이탄 인터내셔널, 1분기 매출 5억507만 달러..전년비 2.9% 증가",2026-04-30 19:06:10,real_assets
원유,"프리시전 드릴링, 1분기 매출 5억2600만 달러·EPS 47% 급감",2026-04-30 19:14:01,real_assets
달러강세,"트레인 테크놀러지스, 1분기 매출 50억 달러·6% 성장..연간 가이던스 상향",2026-04-30 19:19:22,real_assets
환율,"엑솔타 코팅 시스템즈, 1분기 매출 12억5400만 달러..전년比 0.6%↓",2026-04-30 19:20:12,real_assets
달러강세,"로얄 캐리비안 크루즈, 1분기 조정 EPS 3.60달러..전년비 33% 급증",2026-04-30 19:33:14,real_assets
환율,"몰슨 쿠어스 브루잉, 1분기 EPS 0.80달러..전년비 35.6% 급증",2026-04-30 19:35:25,real_assets
환율,"CNH 인더스트리얼, 1분기 순이익 92% 급감..0.01달러",2026-04-30 19:36:05,real_assets
국제유가,"방코 데 칠레, 1분기 순이익 2686억 페소..전년비 18% 감소",2026-04-30 19:47:06,real_assets
환율,"테크닙FMC, 1분기 매출 25억 달러·EPS 0.64달러 기록",2026-04-30 19:50:16,real_assets
환율,"몰슨쿠어스, 1분기 EPS 35.6% 급증...가격 인상·환율 효과도 '실적 서프라이즈",2026-04-30 19:50:56,real_assets
환율,"랩코프 홀딩스, 1분기 EPS 3.35달러·32.8%↑..연간 가이던스 상향",2026-04-30 19:59:07,real_assets
환율,"가렛 모션, 1분기 매출 9.9억 달러·EPS 0.49달러 기록",2026-04-30 20:00:28,real_assets
달러강세,"프론트도어, 1Q 매출 4억5100만 달러..전년비 6% 증가",2026-04-30 20:02:08,real_assets
환율,"브리스톨마이어스스큅, 1분기 매출 115억 달러..전년비 3% 증가",2026-04-30 20:05:29,real_assets
달러강세,"존스 랑 라살르, 1분기 희석 EPS 3.33달러..전년비 207% 급증",2026-04-30 20:34:15,real_assets
환율,"피니아, 1분기 매출 8억7800만 달러..전년비 10% 증가",2026-04-30 20:34:25,real_assets
환율,"바린투스 바이오테라퓨틱스, 1분기 순손실 550만 달러..전년비 72% 개선",2026-04-30 20:35:35,real_assets
기준금리,"메소블라스트, 3분기 Ryoncil 매출 3,030만 달러..출시 첫 해 1억 달러 근접",2026-04-30 20:58:08,domestic_bond
환율,"알나일램 파마슈티컬스, 1분기 순제품 매출 10억 달러 돌파..전년비 121%↑",2026-04-30 21:09:49,real_assets
기준금리,"ECB 금리 동결...""물가 상방·경기 하방 위험 커져",2026-04-30 21:23:09,domestic_bond
달러강세,"킨로스골드, 1분기 순이익 129% 급증...금 가격 급등에 실적 날개 달아",2026-04-30 21:23:11,real_assets
원유,"내셔널 퓨얼 가스, 2분기 순이익 2억4767만 달러..전년비 상승",2026-04-30 21:25:11,real_assets
원유,"수자노 파펠 에 셀루로스, 1분기 조정 EBITDA 20억 달러..전년비 6% 증가",2026-04-30 21:44:03,real_assets
달러강세,"마르쿠스 코퍼레이션, 1분기 매출 1억5440만 달러·3.8%↑",2026-04-30 21:47:03,real_assets
기준금리,"레드 리버 뱅크셰어스, 1분기 순이익 1200만 달러·EPS 1.81달러..전년比 각각 15.5%·19.1%↑",2026-04-30 21:50:03,domestic_bond
환율,"링컨 일렉트릭 홀딩스, 1분기 매출 11억2천만 달러..전년비 11.7% 증가",2026-04-30 22:21:14,real_assets
환율,"트리마스, 1분기 매출 1억6830만 달러..전년비 10% 증가",2026-04-30 22:31:14,real_assets
환율,"스탠다드 모터 프로덕츠, 1분기 매출 4억5120만 달러..전년比 9.1%↑",2026-04-30 22:40:15,real_assets
달러강세,"콘메드, 1분기 흑자전환에 가이던스 상향까지...중장기 성장 기대감 부각",2026-04-30 22:54:07,real_assets
기준금리,"파월 고별회견...""이사직은 유지",2026-04-30 22:56:44,domestic_bond
WTI,"한국 환율은 양반이었네""...고유가에 통화가치 박살난 세 나라",2026-04-30 23:06:03,real_assets
채권금리,"앰코 테크놀러지, 2031년 만기 10억 달러 전환사채 발행",2026-04-30 23:13:20,domestic_bond
달러강세,"엘에스비 인더스트리, 1분기 매출 18% 증가·조정 EBITDA 79% 급증",2026-04-30 23:15:10,real_assets
달러강세,"애브비, 1분기 매출 150억 달러 돌파...스카이리지·린콕 성장세 견인",2026-04-30 23:32:32,real_assets
기준금리,"프로비덴트 파이낸셜 서비스, 1분기 EPS 0.61달러·순이익 7,940만 달러 달성",2026-04-30 23:44:12,domestic_bond
달러강세,"C&F 파이낸셜, 1분기 순이익 6,794만 달러..전년비 37% 증가",2026-05-01 00:03:53,real_assets
달러강세,"컬비, 1분기 순이익 8120만 달러..전년비 13% 증가",2026-05-01 03:19:11,real_assets
달러강세,"부에나벤투라마이닝, 1분기 영업이익 5.5억 달러 흑자전환 성공",2026-05-01 04:22:13,real_assets
기준금리,"TFS 파이낸셜, 2026 회계연도 2분기 순이익 2325만 달러...전분기比 4% 증가",2026-05-01 05:04:14,domestic_bond
달러강세,"아델릭스, 1분기 매출 9340만 달러..전년비 38% 증가",2026-05-01 05:06:45,real_assets
달러강세,"세러스, 1분기 매출 5990만 달러..전년비 23% 증가",2026-05-01 05:07:35,real_assets
환율,"SPX, 1분기 매출 17% 증가한 5억6680만 달러..연간 가이던스 상향",2026-05-01 05:10:36,real_assets
환율,"스트라이커, 1분기 매출 60억 달러로 2.6% 증가..정형외과 사업부 신설",2026-05-01 05:12:07,real_assets
환율,"레즈메드, 3분기 매출 14억3천만 달러..전년비 11% 증가",2026-05-01 05:12:17,real_assets
기준금리,"뉴텍 비즈니스 서비스, 1Q26 EPS 0.43달러..전년비 23% 증가",2026-05-01 05:18:29,domestic_bond
기준금리,"렌딩트리, 1분기 매출 3억2730만 달러..전년비 37% 증가",2026-05-01 05:22:01,domestic_bond
환율,"머릿 메디컬 시스템즈, 1분기 매출 3.8억 달러..전년비 7% 증가",2026-05-01 05:22:31,real_assets
원유,"SM 에너지, 남텍사스 자산 9억5000만 달러 매각 완료..고금리 부채 8억 달러 상환",2026-05-01 05:22:41,real_assets
기준금리,"인베스코 모기지 캐피탈, 1분기 주당순손실 0.28달러..전분기 흑자서 적자전환",2026-05-01 05:23:31,domestic_bond
기준금리,"플로어 & 데코 홀딩스, 1분기 매출 11억5천만 달러·EPS 18% 감소",2026-05-01 05:23:51,domestic_bond
환율,"모호크 인더스트리즈, 1분기 순이익 1.2억 달러·전년비 61% 급증",2026-05-01 05:24:01,real_assets
달러강세,"웨스트우드 홀딩스 그룹, 1분기 EPS 0.09달러..전년比 80% 급증",2026-05-01 05:24:11,real_assets
환율,"바이오래드 래버러토리, 1분기 매출 5억9210만 달러..환율 제외 4.2% 감소",2026-05-01 05:28:33,real_assets
기준금리,"비저 홈즈 USA, 2분기 90만 달러 적자 전환..매출 29% 감소",2026-05-01 05:28:53,domestic_bond
환율,"이스트만 케미컬, 1분기 매출 22억 달러·EPS 0.93달러..전년비 5%↓",2026-05-01 05:30:33,real_assets
기준금리,"OFS 캐피탈, 1분기 주당 0.86달러 순손실..순자산가치 11% 급락",2026-05-01 05:33:55,domestic_bond
환율,"퀘이커 케미컬, 1분기 순이익 52% 급증··아시아태평양 25% 성장 견인",2026-05-01 05:38:16,real_assets
환율,"바이오래드, 1분기 핵심 부문 역성장에 연간 가이던스까지 하향 조정",2026-05-01 05:42:57,real_assets
환율,"아코 브랜즈, 1분기 매출 3억4370만 달러·흑자전환 성공",2026-05-01 05:46:48,real_assets
기준금리,"파이오니어 뱅코프, 1분기 순이익 530만 달러..전년比 8.6% 감소",2026-05-01 05:46:58,domestic_bond
기준금리,"노스이스트 커뮤니티 뱅코프, 1분기 순이익 995만 달러..EPS 0.76달러",2026-05-01 06:01:19,domestic_bond
달러강세,"이머전트 바이오솔루션즈, 1분기 매출 가이던스 상단 달성에 연간 전망까지 상향",2026-05-01 06:01:29,real_assets
국제유가,"아그니코 이글 마인스, 1분기 매출 66% 급증..41억 달러 기록",2026-05-01 06:02:09,real_assets
금값,"엘도라도 골드, 1분기 매출 5억3천만 달러..금값 급등에 50% 증가",2026-05-01 06:19:01,real_assets
달러강세,"압타르그룹, 1분기 매출 9.8억 달러..전년비 11% 증가",2026-05-01 06:30:12,real_assets
국제유가,대통령이 빵 터졌다...국무회의서 관심집중된 산업부 장관 정책 보고,2026-05-01 09:01:40,real_assets
국제유가,"해외여행 가려다 ""경악"", 그돈이면 차라리""...오늘부터 항공권 유류할증료, 전월비 2배",2026-05-01 09:55:58,real_assets
국제유가,"웬만하면 가는데, 이번 연휴엔 일본도 쉽지 않아""...고유가에 해외여행 포기",2026-05-01 09:56:48,real_assets
기준금리,"아직도 다주택자?...""양도세 중과 유예"" 9일 종료, 시장 분위기는",2026-05-01 10:02:34,domestic_bond
환율,이 대통령 국정 지지율 64%로 3%p↓...민주 46%·국힘 21%,2026-05-01 10:05:07,real_assets
기준금리,"신용점수 높은데 이자 더 내라니""...상식 깨진 대출금리 무슨 일?",2026-05-01 11:12:43,domestic_bond
기준금리,"어떻게 저금을 6개월간 하나요""...2030세대, 저축도 ""짧굵""이 대세",2026-05-01 13:01:51,domestic_bond
환율,李대통령 지지율 64%...전주 대비 3%p↓,2026-05-01 14:15:47,real_assets
국제유가,"올해 기준금리 두번 오른다""...증권가 확산하는 금리 인상론, 이유가?",2026-05-01 14:40:32,real_assets
기준금리,물건 쏟아지는데 경매법원 썰렁...선수들은 무엇을 기다리나,2026-05-01 15:58:00,domestic_bond
원유,AI 반도체 수요 지속에 수출 859억弗 역대 2위,2026-05-01 17:33:34,real_assets
환율,외국환율고시표,2026-05-01 17:33:36,real_assets
원유,"라이온델바젤 인더스트리즈, 1분기 EPS 0.49달러·EBITDA 6.2억 달러",2026-05-01 22:22:00,real_assets
원유,"엑슨모빌, 1분기 조정 순이익 88억 달러..전년비 16% 증가",2026-05-01 22:22:10,real_assets
원유,"에코페트롤, 2025년 연례보고서 제출..2026년 매출 337억 달러 전망",2026-05-01 22:26:01,real_assets
달러강세,"마그나 인터내셔널, 1분기 매출 104억 달러·조정 EPS 77% 급증",2026-05-01 22:26:11,real_assets
원유,"셰브론, 1분기 순이익 44.5% 급감에도 헤스 인수로 생산 24% 증가",2026-05-01 22:33:53,real_assets
달러강세,"포럼 에너지 테크놀러지스, 1분기 매출 2억8700만 달러..조정 EBITDA 14%↑",2026-05-01 22:34:03,real_assets
환율,"린데, 1분기 EPS 4.33달러로 10% 증가..매출 88억 달러",2026-05-01 22:46:04,real_assets
기준금리,"실버코프 메탈스, 15억 위안 신디케이트론 확보..목표 대비 2배 초과 모집",2026-05-01 22:48:15,domestic_bond
달러강세,"엔벤트 일렉트릭, 1분기 매출 12억 달러..전년비 53%↑",2026-05-01 22:49:15,real_assets
환율,"퀴아젠, 1분기 매출 4억9200만 달러..연간 가이던스 하향",2026-05-01 22:50:15,real_assets
채권금리,"브룩필드 리뉴어블, 1분기 FFO 3억7500만 달러..전년비 19% 증가",2026-05-01 23:02:18,domestic_bond
원유,"플로우코 홀딩스, 엔시노 에너지 창립자 하디 머치슨 사외이사 선임",2026-05-01 23:09:59,real_assets
원유,"임페리얼 오일, 1분기 순이익 9.4억 달러..전년비 27% 감소",2026-05-02 00:51:46,real_assets
기준금리,"페더럴 리얼티 인베스트먼트 트러스트, 1분기 순이익 152% 급증..핵심 FFO 10.6% 상승",2026-05-02 00:54:17,domestic_bond
원유,"임페리얼 오일, 2분기 배당 0.87달러 유지..31년 연속 증배 기록",2026-05-02 00:59:48,real_assets
달러강세,"에스티로더, 3분기 매출 37억 달러·조정 영업이익률 360bp 확대",2026-05-02 01:00:38,real_assets
달러강세,"IES 홀딩스, 2분기 순이익 1억990만 달러..전년비 56% 급증",2026-05-02 01:02:09,real_assets
채권금리,"한미 파이낸셜 코퍼래이션, 1분기 순이익 2260만 달러..전년비 27.6% 증가",2026-05-02 01:08:00,domestic_bond
달러강세,"NPK 인터내셔널, 1분기 매출 2억8700만 달러..전년비 16% 성장",2026-05-02 01:11:00,real_assets
국제유가,"아그니코 이글 마인스, 1분기 조정순이익 17억 달러..전년比 121%↑",2026-05-02 05:14:15,real_assets
채권금리,"브룩필드 리뉴어블 파트너스, 1분기 FFO 3.75억 달러..전년비 19% 증가",2026-05-02 05:18:05,domestic_bond
기준금리,"카터 뱅크 & 트러스트, 1분기 순이익 8576만 달러..전년비 8.5배 급증",2026-05-02 05:19:36,domestic_bond
채권금리,"퀘스트 다이아그노스틱스, 5억 달러 규모 선순위 채권 발행",2026-05-02 05:19:56,domestic_bond
기준금리,"리인슈어런스 그룹 오브 아메리카, 4억 달러 규모 후순위채권 조기 상환",2026-05-02 05:23:46,domestic_bond
채권금리,"비슬리 브로드캐스트 그룹, 1.8억 달러 규모 채권 교환·현금 매입 완료",2026-05-02 05:24:56,domestic_bond
달러강세,"허드베이 미네랄스, 1분기 순이익 1억9150만 달러..전년비 두 배 성장",2026-05-02 05:30:57,real_assets
기준금리,"허벌라이프, 14억5000만 달러 재융자 완료..연간 4500만 달러 이자비용 절감",2026-05-02 05:59:58,domestic_bond
환율,"베터웨어 드 멕시코, 2025년 순이익 10.6억 페소·2억 페소 배당 승인",2026-05-02 06:15:59,real_assets
WTI,"애플이 끌고 유가가 밀었다...S&P500·나스닥 또 ""사상 최고",2026-05-02 06:56:04,real_assets
기준금리,"코스피 6700 돌파...주식판 흔든 ""스타 2세"" 투자 열풍",2026-05-02 08:00:00,domestic_bond
원유,"미 국방부 ""해상봉쇄로 이란 48억 달러 손실 추산",2026-05-02 09:01:08,real_assets
국제유가,"주유소 갈 때마다 헉""...기름값 5주 연속 상승에 운전자 부담↑",2026-05-02 10:24:33,real_assets
원유,"토큰 경제"" 이젠 기업의 명운 가른다",2026-05-02 10:29:01,real_assets
기준금리,내 퇴직연금 드디어...쥐꼬리 수익률 끝?,2026-05-02 10:29:11,domestic_bond
기준금리,수익 다각화 전략 결실...양종희 KB금융지주 회장,2026-05-02 10:29:42,domestic_bond
WTI,전기차 전성시대 관전 포인트 5,2026-05-02 10:30:30,real_assets
기준금리,"우주 전쟁"" 너도나도 수혜株라는데...",2026-05-02 10:31:21,domestic_bond
국제유가,"에너지 자립에 진심인 ""중국의 선택",2026-05-02 10:35:12,real_assets
국제유가,"황금연휴인데 나만 일하나봐요""...""이곳"" 여행 예약 폭주하네",2026-05-02 10:46:06,real_assets
환율,"기내 방송에서 ""엄마 아빠 사랑해요""...가정의 달 맞은 항공업계",2026-05-02 13:31:57,real_assets
국제유가,"올 여름 해외여행 갈 수 있나""...이란 전쟁 파고에 美LCC 폐업",2026-05-02 16:20:12,real_assets
국제유가,"일평균 정유량 17년만에 최저""...우크라, 러시아 석유시설 21회 이상 타격",2026-05-02 16:55:14,real_assets
원유,"말차, 디저트 넘어 RTD·술까지""...2030년까지 간다",2026-05-02 19:16:50,real_assets
원유,"우리는 해적과 같다""...트럼프, 이란 봉쇄 자랑에 지지자들 환호",2026-05-02 19:36:28,real_assets
원유,"이란석유 수입 중국 기업 제재""...미국, 정상회담 앞두고 압박",2026-05-02 21:19:18,real_assets
원유,"미국 제재 따르지마""...중국, ""이란 원유 구매"" 자국 정유사 보호령",2026-05-02 22:34:51,real_assets
국제유가,"7000피 시대도 가시권""...세계 8위 오른 코스피 ""기대 반 우려반",2026-05-03 09:05:09,real_assets
달러강세,"K철강 주주입니다, 이제 봄인가요""...사흘간 66% 올랐다는데",2026-05-03 09:09:52,real_assets
금값,"자기 문자 받았어? 월말에 올린대""...VIP에 미리 알린 ""명품 인상"" 소식",2026-05-03 10:56:30,real_assets
국채,"워런 버핏 ""요즘 초단기 투자, 투기도 아닌 도박""...""주식판 카지노 됐다"" 지적",2026-05-03 11:00:04,domestic_bond
국채,"예금은 아쉽고 주식은 부담""...매달 ""초과 청약"" 개인용 국채 뭐길래",2026-05-03 11:09:16,domestic_bond
원유,"한국 유조선 또 홍해 통과...두번째 ""우회수송"" 200만배럴 싣고 온다",2026-05-03 11:09:30,real_assets
원유,5조원 깜짝 실적 그래서 주가는?...유가 급등에 정제마진 급증,2026-05-03 14:46:53,real_assets
기준금리,"매달 저축하면 30만원 얹어드립니다""...청년내일저축, 4일부터 접수",2026-05-03 14:49:30,domestic_bond
기준금리,"오세훈 ""鄭, 부동산 지옥 만들것""...정원오는 ""서울 청년 이미 지옥",2026-05-03 15:19:41,domestic_bond
기준금리,카드 모집인 4000명 아래로 급감...코로나19 이후 비대면 발급 비중 확대,2026-05-03 15:35:09,domestic_bond
원유,연휴 고속도로에 '명절 수준' 정체...최고가격제의 역설,2026-05-03 16:59:15,real_assets
국제유가,LCC 항공편 취소 급증...고객 피해 눈덩이,2026-05-03 17:03:13,real_assets
국제유가,유가급등 직격탄... 운송주 울상,2026-05-03 17:03:45,real_assets
달러강세,빅3' 상장 앞둔 월가... 긴장감 도는 M7,2026-05-03 17:08:25,real_assets
환율,외국환율고시표,2026-05-03 17:18:44,real_assets
환율,결제 늦추려... 카드로 자재 구입하는 기업 급증,2026-05-03 17:18:45,real_assets
기준금리,시니어들 아슬아슬... 신용융자·마통·카드론 '3중 빚투,2026-05-03 17:43:11,domestic_bond
기준금리,"액티브 시니어, 불장 탑승도 공격적... 신규 계좌 증가율 60대 이상이 최고",2026-05-03 17:43:12,domestic_bond
기준금리,"鄭·吳, 서울 청년안심주택 놓고 '부동산 지옥' 공방",2026-05-03 17:45:21,domestic_bond
원유,"美 ""이란에 호르무즈 통행료 내면 제재 당할 것",2026-05-03 17:53:07,real_assets
원유,"美 ""이란석유 수입한 中업체 제재""... 中 ""부당한 제재 안 따를 것",2026-05-03 17:53:08,real_assets
기준금리,2030 영끌 줄고 '시니어 빚투' 늘었다,2026-05-03 17:53:49,domestic_bond
환율,"수하물 하역비도 못내"" 고비용 늪에 빠진 LCC",2026-05-03 17:53:49,real_assets
달러강세,"엔비디아 미리 팔아야 하나요?""...초대형 IPO, 초대형 악재 우려",2026-05-03 19:31:34,real_assets
국제유가,"러·사우디 등 OPEC+ 7개국, 6월부터 감산 완화키로",2026-05-03 19:50:17,real_assets
채권금리,"불법 대부업에 칼빼든 李 ""법정 허용치 초과땐 무효",2026-05-03 19:57:48,domestic_bond
원유,"OPEC+ 7개국 ""6월부터 일일 18.8만 배럴 증산 결정",2026-05-03 20:44:25,real_assets
원유,"UAE 탈퇴 충격' OPEC+ 7개국, 6월부터 증산",2026-05-03 22:53:13,real_assets
국제유가,"삼성전자, 저라면 안삽니다""...1억으로 156억 만든 전설의 투자원칙",2026-05-04 06:06:09,real_assets
국제유가,"격려금·승진 미루더니 ""무급휴직 하실 분?""...저비용항공사 보릿고개",2026-05-04 06:07:26,real_assets
원유,"결국 정답은 중동이지만""...호르무즈 막히자 유조선들 몰려든 곳",2026-05-04 07:36:12,real_assets
환율,이 대통령 지지율 59.5%...8주 만에 50%대 하락,2026-05-04 08:01:12,real_assets
기준금리,"리인슈어런스 그룹 오브 아메리카, 2056년 만기 5.75% 고정-변동 금리 후순위 사채 전량 상환 발표",2026-05-04 08:36:15,domestic_bond
국제유가,"2%도 쉽지 않다더니, 앞다퉈 상승 버튼""...韓경제 눈높이 높이는 해외IB",2026-05-04 09:11:22,real_assets
환율,"환율 널뛰기 무서워서요""...기업들 2경 넘게 쏟아부은 안전장치의 정체는",2026-05-04 09:36:45,real_assets
환율,李 지지율 두달만에 60% 깨졌다...민생경제 부담·중도층 이탈 영향,2026-05-04 10:18:24,real_assets
환율,李 지지율 59.5%...두 달 만에 50%대로 하락,2026-05-04 10:44:52,real_assets
원유,"너만 살겠다는 거냐?""...""샤힌 프로젝트""에 발목 잡힌 석화 재편",2026-05-04 11:12:34,real_assets
환율,"메모리 값 치솟는데 아이폰18 가격 그대로?...애플, 시작가격 동결로 승부수",2026-05-04 11:27:55,real_assets
기준금리,"금리인하 사이클 종료, 인상 고민할 때""...한은 부총재 ""금리인상"" 공식 언급",2026-05-04 12:15:52,domestic_bond
환율,"포스코홀딩스, 주가 10%대 급등... ""리튬 회복에 영업이익 70% 오를 것",2026-05-04 13:36:37,real_assets
달러강세,SK하이닉스 집중 매수...롯데에너지머티리얼즈 차익 실현,2026-05-04 13:37:08,real_assets
국제유가,"중동전쟁에 발등 찍힌 ""달러 패권""...지난달 위안화 결제액 사상 최고치",2026-05-04 13:41:14,real_assets
국채,"이건 도박장에 가까워""...워런 버핏의 경고",2026-05-04 13:49:31,domestic_bond
기준금리,"기름값 너무 올랐어요""...트럼프 표심 흔들린다",2026-05-04 13:53:39,domestic_bond
금값,"관광객한테는 3배 비싸게?""...울릉도 17만원 ""금값"" 마른오징어 논란",2026-05-04 14:25:29,real_assets
환율,"소비 부진에도 ""흑자 전환""...롯데칠성음료, 1Q 영업익 91% 오른 478억",2026-05-04 14:26:10,real_assets
원유,"한화오션, 5070억 규모 VLAC 3척 공급...HD현대도 VLGC 3척 수주",2026-05-04 15:09:18,real_assets
달러강세,"5% 급등"" 코스피, 사상 최고 경신...6936.99",2026-05-04 15:35:59,real_assets
환율,"에코프로비엠, ""전방위적 수요 회복 확인"" 증권사 발표에 강세",2026-05-04 17:00:35,real_assets
환율,"성과급 30%는 돼야지"" vs ""해킹 사태는?""...LG유플러스 노사 갈등에 ""싸늘",2026-05-04 17:26:59,real_assets
국제유가,선박 해방' 강공 나선 트럼프... 다시 전운 감도는 호르무즈,2026-05-04 17:37:48,real_assets
원유,中위안화 폭풍성장,2026-05-04 17:37:50,real_assets
원유,"美 ""이란 원유저장 포화 내주 유정 폐쇄 가능성",2026-05-04 17:37:51,real_assets
기준금리,"韓銀 ""기준금리 인상 고민할때 됐다",2026-05-04 17:38:26,domestic_bond
환율,외국환율고시표,2026-05-04 17:38:28,real_assets
국채,어린이날 선물? AI·채권 ETF가 좋죠,2026-05-04 17:51:42,domestic_bond
달러강세,"외국인, 하이닉스 ADR상장 앞두고 쓸어담아... '1000조닉스' 등극",2026-05-04 17:52:49,real_assets
채권금리,"커뮤니티 웨스트 뱅크셰어스, 1분기 순이익 1150만 달러..흑자전환",2026-05-04 19:04:50,domestic_bond
원유,"프로페트로 홀딩, 5억 달러 전환사채 발행..주식 희석 방어 및 설비 투자",2026-05-04 20:35:55,real_assets
원유,"헤스 미드스트림 파트너스, 1분기 순이익 1억5770만 달러..주당 0.68달러",2026-05-04 21:02:35,real_assets
기준금리,"델렉 로지스틱 파트너스, 2028년 만기 7.125% 선순위 채권 현금 매입 입찰 개시",2026-05-04 21:48:38,domestic_bond
국제유가,"제주로 놀러오세요""...2박 이상 체류 땐 지역화폐 지급",2026-05-04 22:24:36,real_assets
원유,"임페리얼 오일, 2025년 순이익 33억 달러·영업현금 67억 달러 기록",2026-05-05 03:10:17,real_assets
기준금리,"쇼워 뱅크셰어스, 1분기 순이익 1,708만 달러..전분기비 7.6% 증가",2026-05-05 05:02:58,domestic_bond
원유,"바이퍼 에너지 파트너스, 1분기 순이익 9700만 달러..영업이익 108% 급증",2026-05-05 05:06:59,real_assets
기준금리,"아르마다 호플러 프로퍼티스, 1Q 조정 FFO 주당 0.15달러..전년比 7% 증가",2026-05-05 05:09:00,domestic_bond
기준금리,"페넌트파크 플로팅 레이트 캐피탈, 5월 배당금 주당 0.1025달러 지급",2026-05-05 05:09:00,domestic_bond
달러강세,"스털링 컨스트럭션, 1분기 매출 92% 증가·8억2570만 달러 기록",2026-05-05 05:10:11,real_assets
국채,"팔란티어, 1분기 매출 16억 달러..전년비 85% 급증",2026-05-05 05:12:12,domestic_bond
원유,"비테스 에너지, 1분기 매출 6741만 달러..전년비 2% 증가",2026-05-05 05:12:42,real_assets
원유,"다이아몬드백 에너지, 1분기 매출 42억4000만 달러..원유생산 9.5%↑",2026-05-05 05:12:52,real_assets
달러강세,"온 세미컨덕터, 1분기 매출 15억1330만 달러..영업이익률 19.1% 기록",2026-05-05 05:13:22,real_assets
원유,"하이드마 마리타임 홀딩스, 2025 회계연도 연례보고서 제출",2026-05-05 05:15:23,real_assets
달러강세,"아메레스코, 1분기 매출 4억150만 달러..전년比 14%↑",2026-05-05 05:17:13,real_assets
기준금리,"고럽 캐피탈 BDC, 2분기 EPS -0.18달러 적자전환..NAV 주당 14.35달러",2026-05-05 05:18:54,domestic_bond
원유,"크레센트 에너지, 1분기 매출 11.8억 달러·24% 증가",2026-05-05 05:26:36,real_assets
환율,"타이드워터, 1분기 매출 3억2622만 달러..전년비 2.2% 감소",2026-05-05 05:29:57,real_assets
달러강세,"보이저 테크놀로지스, 1분기 매출 3520만 달러·연간 가이던스 2억5500만 달러로 상향",2026-05-05 05:30:17,real_assets
원유,"TXO 에너지 파트너, 1분기 배당 0.36달러 선언..5월 22일 지급",2026-05-05 05:40:41,real_assets
환율,"타이드워터, 1분기 매출 감소·환율 손실에 투자자 실망감 확산",2026-05-05 05:41:11,real_assets
환율,"JELD-WEN 홀딩, 1분기 매출 7.2억 달러·전년비 6.9%↓",2026-05-05 05:42:22,real_assets
채권금리,"보르나도 리얼티 트러스트, 1분기 주당 0.12달러 적자 전환..FFO 27% 감소",2026-05-05 05:43:12,domestic_bond
국채,"아들, 10년 후엔 나한테 절 할거야""...어린이날 선물로 각광받는 ETF는",2026-05-05 05:47:49,domestic_bond
국채,"한국 성장률 전망 ""쑥""...경기과열 조짐에 고개드는 금리 인상론",2026-05-05 05:49:32,domestic_bond
채권금리,"아카데미 스포츠 & 아웃도어, 5억 달러 규모 선순위 담보부 채권 발행",2026-05-05 05:58:53,domestic_bond
환율,"테넌트, 1분기 매출 2.7% 증가·조정 EPS 0.58달러 48% 급감",2026-05-05 06:00:13,real_assets
채권금리,"컨스텔레이션 브랜드, 5억 달러 선순위 채권 발행..2031년 만기",2026-05-05 06:19:25,domestic_bond
채권금리,"O-I 글래스, 5억 달러 채권 발행..2027년 만기채 조기상환",2026-05-05 06:20:46,domestic_bond
원유,"옥시덴탈페트롤리엄, 빅키 홀럽 CEO 퇴임·리처드 잭슨 COO 승진",2026-05-05 06:22:56,real_assets
기준금리,"너무늦어, 미국의 재앙""...트럼프, 쓰레기통 추락하는 파월 올리며 조롱",2026-05-05 07:04:16,domestic_bond
WTI,"이란 UAE 공격 재개·미 ""자유 프로젝트"" 착수...중동 긴장 재고조에 국제유가 급등",2026-05-05 09:22:17,real_assets
국제유가,"밥상물가 또 난리나겠네""...이란사태 장기화에 곡물값 다시 들썩",2026-05-05 10:45:04,real_assets
원유,"이란 에너지 90% 구매, 사실상 테러 지원""...미국, 정상회담 앞두고 중국 압박",2026-05-05 12:33:41,real_assets
기준금리,"중동전 장기화시 韓성장률 0.9%p 뚝""...반도체 산업이 충격 막아준다",2026-05-05 12:48:01,domestic_bond
기준금리,"지하철역 주변 규제 확 푼다...서울 전역에 ""직주락"" 생활 인프라 확산",2026-05-05 13:21:43,domestic_bond
원유,"중동전쟁, 한국 성장률 0.9%p 하락 압력...고유가 타격 커",2026-05-05 13:52:02,real_assets
국제유가,"IMF ""이란전 내년까지 가면 유가 125달러까지 치솟을 것",2026-05-05 14:19:08,real_assets
국제유가,"美 국채금리 5% 돌파, ""파멸의 문"" 열리나...불붙은 기준금리 인상론",2026-05-05 15:39:00,real_assets
원유,호르무즈 해협 정상화 시점 언제?...예측 사이트 칼시 전망 보니,2026-05-05 15:44:12,real_assets
환율,주식·부동산부터 연금까지... 재테크 고수의 꿀팁을 내 것으로,2026-05-05 16:05:23,real_assets
채권금리,韓증시 美·日대비 여전히 저평가... ETF로 장기투자해야,2026-05-05 16:06:25,domestic_bond
환율,"1년만에 반토막 났다""...국내 가상자산, 60조 증발했다는데",2026-05-05 16:43:42,real_assets
WTI,오일쇼크보다 심각한 호르무즈쇼크...전방위 충격 대비를,2026-05-05 16:50:50,real_assets
국제유가,"유가, 전쟁 이전으로 돌아가기 어렵다",2026-05-05 17:08:54,real_assets
원유,호르무즈 선박 구하기,2026-05-05 17:26:31,real_assets
기준금리,서울 지하철역 주변 개발... 공공기여 30%로 낮춘다,2026-05-05 17:30:41,domestic_bond
환율,고환율 등에 주춤한 中직구 1분기 증가율 6년만에 최저,2026-05-05 17:34:48,real_assets
국제유가,美 국채금리 5% 돌파... 투자·소비에 악영향,2026-05-05 17:49:55,real_assets
기준금리,"김용범 ""은행, 특권만큼 사회적 역할 해야",2026-05-05 17:51:57,domestic_bond
환율,외국환율고시표,2026-05-05 17:51:58,real_assets
WTI,국제유가 5.8% 뛰고 뉴욕증시 하락,2026-05-05 17:56:14,real_assets
국채,전세계서 1조원 몰린 '코리아ETF 토큰'... 美거래소만 웃는다,2026-05-05 17:57:21,domestic_bond
국제유가,"투자 1순위는 미국... AI가 성장 이끌고, 구매력 탄탄해 매력적",2026-05-05 17:57:42,real_assets
국제유가,美·中에 치인 호주의 선택...FTA로 무역 돌파구 찾아,2026-05-05 17:59:29,real_assets
원유,중국의 이란 석유구매는 테러지원,2026-05-05 17:59:31,real_assets
국채,美코인거래소선 스페이스X 벌써 투자,2026-05-05 17:59:55,domestic_bond
채권금리,지금이 韓기업 황금기... 향후 10년 이상 지속될 것,2026-05-05 18:26:46,domestic_bond
원유,"임페리얼 오일, 주총서 이사 7명 전원 선임··92.65% 참여율 기록",2026-05-05 19:01:45,real_assets
달러강세,"테렉스, 1분기 매출 17억 달러로 41% 급증..REV 합병 효과",2026-05-05 19:07:16,real_assets
원유,"델렉 로지스틱 파트너스 LP, 8억 달러 규모 6.875% 채권 발행으로 고금리 부채 리파이낸싱",2026-05-05 19:07:46,real_assets
기준금리,"FVC뱅코프, 1분기 순이익 870만달러..전년비 23.8% 증가",2026-05-05 19:08:07,domestic_bond
환율,"프레쉬 델 몬트 프로듀스, 1분기 매출 10억 달러..전년비 4.9% 감소",2026-05-05 19:08:57,real_assets
원유,"블랙 스톤 미네랄스, 1분기 매출 1억1750만 달러..전년비 9%↑",2026-05-05 19:09:17,real_assets
원유,"에코비스트, 1분기 매출 2.2억 달러..전년비 50% 급증",2026-05-05 19:09:27,real_assets
환율,"인그리디언, 1분기 조정 영업이익 2억1200만 달러·전년비 22%↓",2026-05-05 19:10:38,real_assets
환율,"프레제니우스 메디컬 케어, 1분기 매출 46억 유로..영업이익 10% 증가",2026-05-05 19:13:19,real_assets
기준금리,"오크트리 스페셜티 렌딩, 2분기 순투자수익 3440만 달러..전분기比 6% 감소",2026-05-05 19:13:59,domestic_bond
환율,"워터스, 1분기 매출 13억 달러..전년비 91% 급증",2026-05-05 19:14:29,real_assets
달러강세,"인티그라 라이프사이언스 홀딩스, 1분기 매출 3.9억 달러··전년비 2.4%↑",2026-05-05 19:17:10,real_assets
달러강세,"윌리스 리스 파이낸셜, 1분기 매출 1억9400만 달러·전년비 23% 증가",2026-05-05 19:32:21,real_assets
환율,"아이덱스 래버러토리, 1분기 매출 11억 달러..전년비 14% 증가",2026-05-05 19:34:01,real_assets
국제유가,"코스모스 에너지, 1분기 매출 3억7,100만 달러..전년비 28% 증가",2026-05-05 19:41:51,real_assets
원유,"MPLX, 1분기 순이익 9억1200만 달러..전년비 19% 감소",2026-05-05 19:50:55,real_assets
원유,"마라톤 페트롤리엄, 1분기 순이익 5억1100만 달러..흑자 전환",2026-05-05 19:50:55,real_assets
환율,"앱티브, 1분기 매출 51억 달러..전년비 5% 증가",2026-05-05 19:52:06,real_assets
달러강세,"할리데이비슨, 1분기 매출 12억 달러·EPS 0.22달러..전년비 79% 급감",2026-05-05 19:53:29,real_assets
달러강세,"에너자이저 홀딩스, 2분기 영업이익률 44.4%로 3.6%p 개선..EPS 0.94달러",2026-05-05 19:58:49,real_assets
달러강세,"오픈레인, 1Q26 순이익 33% 증가..연간 가이던스 상향",2026-05-05 20:02:00,real_assets
환율,"이튼, 1분기 매출 75억 달러..전년비 17% 증가·조정 EPS 사상 최고",2026-05-05 20:02:20,real_assets
달러강세,"CPI 카드 그룹, 1분기 매출 20% 증가..Arroweye 인수 효과",2026-05-05 20:03:00,real_assets
환율,"화이자, 1분기 매출 145억 달러..전년비 5%↑",2026-05-05 20:03:30,real_assets
달러강세,"넥젠 에너지, 1분기 실적 발표..2028년까지 적자 지속 전망",2026-05-05 20:04:21,real_assets
달러강세,"엔프로 인더스트리즈, 1분기 매출 3억300만 달러·전년비 11% 증가",2026-05-05 20:06:11,real_assets
원유,"USA 컴프레션 파트너, 1분기 매출액 3억3천만 달러..전년비 35% 증가",2026-05-05 20:07:12,real_assets
달러강세,"아이큐비아 홀딩스, 1분기 매출 42억 달러..전년비 8.4% 증가",2026-05-05 20:07:32,real_assets
환율,"락웰 오토메이션, 2Q 매출 22억 달러·자체성장률 9%..EPS 40% 급등",2026-05-05 20:08:43,real_assets
환율,"톰슨 로이터, 1분기 매출 21억 달러·10% 성장",2026-05-05 20:09:03,real_assets
환율,"소테라 헬스, 1분기 순매출 2억800만 달러..전년비 10% 증가",2026-05-05 20:15:04,real_assets
원유,"스노코, 1분기 조정 EBITDA 8억6700만 달러..전년비 89%↑",2026-05-05 20:16:54,real_assets
기준금리,"트랜스다임, 2분기 매출 25억4400만 달러·전년비 18% 증가",2026-05-05 20:18:54,domestic_bond
기준금리,"엔젤 오크 모기지, 1분기 740만 달러 적자 전환..순이자수익 20% 증가",2026-05-05 20:27:05,domestic_bond
기준금리,"웨스트레이크, 1분기 매출 27억 달러·주당순손실 1.31달러",2026-05-05 20:33:06,domestic_bond
원유,"에너지 트랜스퍼, 1분기 조정 EBITDA 49억 달러..전년비 20%↑",2026-05-05 20:39:07,real_assets
달러강세,"커민스, 1분기 매출 84억 달러..연간 가이던스 8~11%로 상향",2026-05-05 20:41:57,real_assets
기준금리,"하이 타이드, 캐나다 5대 은행과 4천만 달러 선순위 담보 신용금융 계약",2026-05-05 20:50:08,domestic_bond
환율,"그래픽 패키징 홀딩, 1분기 매출 21억5600만 달러..전년비 2% 증가",2026-05-05 21:05:00,real_assets
달러강세,"소테라헬스, 1분기 흑자전환 성공...매출 10% 성장에 연간 가이던스도 재확인",2026-05-05 21:12:41,real_assets
기준금리,"초이스원 파이낸셜 서비스, 1분기 조정 EPS 0.91달러..전년비 4% 증가",2026-05-05 21:32:43,domestic_bond
국채,"글로벌 인뎀니티, 1분기 영업이익 830만 달러 흑자전환",2026-05-05 21:34:03,domestic_bond
환율,"AGCO, 1분기 매출 23억 달러·14% 증가..조정 EPS 0.94달러",2026-05-05 21:41:03,real_assets
국제유가,"기름값, 이제 전쟁 이전으론 못 돌아가""...전 IMF 부국장의 경고",2026-05-05 21:58:30,real_assets
원유,"솔라리스 오일필드 인프라스트럭처, Power Solutions 부문 EBITDA 비중 76% 차지",2026-05-05 22:11:15,real_assets
국채,"시도때도 없이 긴축노래, 이상한 분들""...이 대통령, 재정긴축론 반박",2026-05-05 22:11:16,domestic_bond
기준금리,"오크트리스페셜티렌딩, 기준금리 하락에 순투자수익 감소...NAV도 내려앉아",2026-05-05 22:54:59,domestic_bond
원유,시진핑에 지미 라이 문제 꺼낼 것,2026-05-05 23:16:16,real_assets
채권금리,"방코 산탄데르 칠레, 7,060억 UF 규모 채권 발행..만기 2032년",2026-05-05 23:27:52,domestic_bond
달러강세,"익스피다이터스, 1Q 매출 28억 달러·EPS 1.71달러..전년비 4%·16% 증가",2026-05-06 00:07:52,real_assets
기준금리,"CF 뱅크셰어스, 1분기 순이익 502만 달러..전년비 13%↑",2026-05-06 01:08:54,domestic_bond
달러강세,"실리콘 래버러토리, 1분기 매출 2억1400만 달러·전년비 20% 성장",2026-05-06 05:08:31,real_assets
환율,"쿠팡, 1분기 매출 85억 달러 8% 성장에도 2억7000만 달러 순손실",2026-05-06 05:10:32,real_assets
달러강세,"웨이코 그룹, 1분기 순이익 10% 증가·관세 1,860만 달러 환급 청구",2026-05-06 05:10:42,real_assets
기준금리,"식스스 스트리트 스페셜티 렌딩, 1분기 주당 0.27달러 적자..NAV 4.4% 하락",2026-05-06 05:11:02,domestic_bond
환율,"버시전트, 1분기 매출 22억 달러..전년비 9% 증가",2026-05-06 05:11:32,real_assets
원유,"걸프포트 에너지, 1분기 순이익 1억6580만 달러·조정 EBITDA 2억6420만 달러 기록",2026-05-06 05:15:57,real_assets
환율,"트리바고, 1분기 매출 1억4290만 유로·15% 성장",2026-05-06 05:17:07,real_assets
달러강세,"퀴델, 1분기 매출 6억1980만 달러..전년비 10.5% 감소",2026-05-06 05:20:29,real_assets
원유,"EOG 리소스, 1분기 매출 69억달러·EPS 3.70달러 기록",2026-05-06 05:20:49,real_assets
환율,"인터내셔널 플래이버스 & 프래그랜스, 1분기 매출 27억 달러·환율중립 성장률 3%",2026-05-06 05:21:19,real_assets
달러강세,"제이콥스 엔지니어링 그룹, 2분기 매출 27%↑·조정EPS 1.75달러..연간 가이던스 상향",2026-05-06 05:22:19,real_assets
환율,"푸르덴셜 파이낸셜, 1분기 조정 EPS 3.61달러·전년비 10% 증가",2026-05-06 05:23:30,real_assets
달러강세,"루멘텀 홀딩스, 3분기 매출 8억840만 달러·전년비 90% 급증",2026-05-06 05:25:21,real_assets
기준금리,"그래나이트 포인트 모기지 트러스트, 1분기 주당 0.13달러 순손실·부실채권 1.9억 달러 정리",2026-05-06 05:26:51,domestic_bond
환율,"라탐 에어라인스 그룹, 1분기 순이익 5억7600만 달러..전년비 62% 증가",2026-05-06 05:27:21,real_assets
환율,"라탐 에어라인스 그룹, 1분기 매출 25억 달러·전년비 659% 급증",2026-05-06 05:28:02,real_assets
기준금리,"JBG 스미스 프로퍼티즈, 1분기 Core FFO 주당 0.17달러..전년비 36% 증가",2026-05-06 05:29:12,domestic_bond
환율,"유사나 헬스 사이언스, 1분기 매출 2억5000만 달러..순이익 20% 감소",2026-05-06 05:31:53,real_assets
WTI,"옥시덴탈페트롤리엄, 1분기 순이익 32억 달러..전년비 급증",2026-05-06 05:32:54,real_assets
채권금리,"글로벌 넷 리스, 1분기 AFFO 주당 0.21달러·전년比 28%↓",2026-05-06 05:33:34,domestic_bond
환율,"덴츠플라이 시로나, 1분기 조정 EPS 0.27달러..전년비 39% 감소",2026-05-06 05:34:34,real_assets
기준금리,"울프스피드, 3분기 매출 1억5000만 달러..AI 데이터센터 30% 성장",2026-05-06 05:34:45,domestic_bond
달러강세,"로지텍 인터내셔널, 4분기 매출 10.9억 달러로 7% 증가..EPS 22% 급등",2026-05-06 05:35:05,real_assets
달러강세,"테라데이타, 1분기 매출 4억4400만 달러·SAP 합의금으로 EPS 3.47 달러",2026-05-06 05:35:45,real_assets
달러강세,"블루링크 홀딩스, 1분기 매출 7억3100만 달러..3.1% 증가",2026-05-06 05:36:36,real_assets
국채,"유나이티드 파이어 그룹, 1분기 순이익 70% 급증·3,005만 달러 달성",2026-05-06 05:36:56,domestic_bond
원유,"캘리포니아 리소시즈, 1분기 조정 EBITDAX 3억 달러..연간 가이던스 42% 상향",2026-05-06 05:37:16,real_assets
달러강세,"잭슨 파이낸셜, 1분기 GAAP 기준 순손실 4억3500만 달러..조정 영업이익 3억6100만 달러",2026-05-06 05:37:26,real_assets
환율,"유니시스, 1분기 매출 4억3760만 달러..총계약가치 45% 급증",2026-05-06 05:38:27,real_assets
채권금리,"브릭스모어 프로퍼티 그룹, 4억 달러 규모 선순위 채권 발행",2026-05-06 05:38:47,domestic_bond
기준금리,"인액트 홀딩스, 1분기 순이익 1.68억 달러..전년비 9% 증가",2026-05-06 05:39:28,domestic_bond
환율,"쿠팡, 1분기 영업손실 3500억 ""쇼크""...4년3개월 만 최대 적자",2026-05-06 05:39:35,real_assets
원유,"컴스톡 리소스, 1분기 조정 EPS 0.15달러..매출 3.4억 달러",2026-05-06 05:39:48,real_assets
원유,"프라이모리스 서비스, 1분기 매출 15억6000만 달러..전년比 5.4%↓",2026-05-06 05:51:59,real_assets
달러강세,"셀라니즈, 1분기 조정 EPS 0.85달러..비용 절감 효과 두드러져",2026-05-06 05:52:09,real_assets
기준금리,"페니맥 모기지 인베스트먼트 트러스트, 1분기 순이익 1,420만 달러·EPS 0.16달러 기록",2026-05-06 05:54:50,domestic_bond
달러강세,"퓨얼 테크, 1분기 매출 6080만 달러..전년비 5% 감소",2026-05-06 05:55:41,real_assets
원유,"데본에너지, 1분기 원유 38만7000배럴 생산..가이던스 상단 달성",2026-05-06 06:00:04,real_assets
환율,"알콘, 1분기 매출 27억 달러·전년비 10% 증가..핵심 EPS 0.85달러",2026-05-06 06:00:14,real_assets
달러강세,"해이스터-예일 머티리얼스 핸드링, 1분기 매출 10억6000만 달러·6% 성장",2026-05-06 06:02:25,real_assets
원유,"DHT 홀딩스, 1분기 순이익 1억6452만 달러..전년비 273% 급증",2026-05-06 06:02:55,real_assets
WTI,"코드 에너지, 1분기 매출액 16억5600만 달러..전년비 51% 증가",2026-05-06 06:03:35,real_assets
달러강세,"코르테바, 1분기 매출 49억달러·EPS 1.07달러..전년비 11%·10% 증가",2026-05-06 06:04:16,real_assets
환율,"쿠팡Inc, 1분기 영업손실 3545억원...매출 12조4000억원",2026-05-06 06:04:23,real_assets
달러강세,"인터 파퓸스, 1분기 매출 3억4500만 달러..전년비 2% 증가",2026-05-06 06:05:57,real_assets
환율,"20만원 쿠폰, 10만원은 써야 주던데""...알테무에 질린 韓, 中직구 주춤",2026-05-06 06:12:33,real_assets
환율,"케무어스, 1분기 매출 14억 달러..TSS 사상 최대 실적에도 순손실 확대",2026-05-06 06:14:19,real_assets
원유,"미스트라스 그룹, 1분기 매출 1억6900만 달러·흑자전환",2026-05-06 06:19:09,real_assets
원유,"선코에너지, 분기 배당 주당 0.60달러 지급",2026-05-06 06:21:49,real_assets
기준금리,"미드랜드 스테이츠 뱅코프, 보통주 주당 0.32달러 분기 배당 선언",2026-05-06 06:22:20,domestic_bond
원유,"비바코, 7200만 달러 규모 12개월 원유거래 계약 체결",2026-05-06 06:25:30,real_assets
환율,"IFF, 1분기 영업이익 흑자전환·헬스&바이오과학 7% 고성장으로 주목",2026-05-06 07:11:31,real_assets
WTI,"미국 이란 휴전 여전히 유효하다""...이 한마디에 국제유가 4% 급락",2026-05-06 07:27:59,real_assets
국제유가,4월 소비자물가 2.6%↑21개월 만에 최고...석유류 21.9%↑,2026-05-06 08:04:41,real_assets
국제유가,2030도 재테크 꽂혔다...SNS 체감 키워드는 주식과 전쟁,2026-05-06 08:39:46,real_assets
원유,"배럴당 6000원 내린다""...아시아 판매 원유 인하하겠다는 사우디",2026-05-06 08:46:03,real_assets
환율,"웨이코 그룹, 관세 문제와 전자상거래 성장 속에서 2026년 1분기 실적 발표",2026-05-06 08:46:30,real_assets
WTI,"유가 하락·실적 호조에 S&P500·나스닥 ""사상 최고치",2026-05-06 08:56:53,real_assets
원유,"AI가 업무 방식 바꿨다""...실적발표 앞둔 코인베이스, 직원 14% 감원",2026-05-06 08:58:43,real_assets
국채,월가 휩쓰는 RWA 토큰화...그레이스케일이 점찍은 코인은,2026-05-06 08:59:37,domestic_bond
국제유가,"코스피, 7000선 넘었다...반도체주 강세에 사상 최고치 경신",2026-05-06 09:01:02,real_assets
달러강세,삼성전자 25만원·SK하이닉스 160만원 터치...나란히 신고가,2026-05-06 09:27:30,real_assets
WTI,원화값 두 달만에 1460원대...휴전 합의 유지·코스피 7000에 상승세,2026-05-06 09:46:02,real_assets
국제유가,"동원수산, ""원스탑 밸류체인""으로 턴어라운드 본격화",2026-05-06 09:53:33,real_assets
원유,호르무즈 선박 구하기,2026-05-06 09:58:30,real_assets
기준금리,"안 그래도 힘든데 전쟁 때문에 더 힘들어요""...중소건설사 ""곡소리",2026-05-06 10:12:45,domestic_bond
환율,개인정보 유출 직격탄 맞은 쿠팡...1분기 3500억원 적자,2026-05-06 10:51:29,real_assets
원유,"세 번째 한국 유조선 홍해 무사 통과...해수부, 24시간 감시망 가동",2026-05-06 11:26:11,real_assets
국제유가,"구윤철 부총리 ""중동전 종료까지 석유가격제 유지...물가 총력전",2026-05-06 12:01:00,real_assets
기준금리,동맹 강화하는 우리銀·삼성...최고 年 10% 적금 출시,2026-05-06 13:27:19,domestic_bond
환율,K아트 글로벌화에...달러·유로로 작품값 받는 한국 작가 늘어,2026-05-06 13:45:23,real_assets
기준금리,"부산시, 전국 최대 규모 중소기업 운전자금 1조3680억원 공급",2026-05-06 13:50:23,domestic_bond
국제유가,"발전 공기업 ""연봉 1억원"" 시대...AI 열풍 속 금융 공기업 따라잡아",2026-05-06 15:00:13,real_assets
기준금리,"연체율 뛰고 깡통대출 늘고""...지방은행, ""이것""으로 탈출구 찾는다",2026-05-06 15:35:29,domestic_bond
달러강세,"7천피"" 시대 열린 코스피...6.5% 급등한 7384로 장 마감",2026-05-06 15:39:29,real_assets
국제유가,"일본, 눈치껏 비켜줘""...1분기 수출 2199억 달러 ""역대 최고",2026-05-06 15:55:40,real_assets
원유,"조선·방산·원전... 韓, 반도체 이을 '성장 엔진' 키우려면",2026-05-06 16:08:27,real_assets
원유,전쟁이 만드는 시장에 올라타려면,2026-05-06 16:15:27,real_assets
기준금리,전국 빌딩 매매 '숨 고르기,2026-05-06 17:01:27,domestic_bond
채권금리,"포용금융 압박나선 李 ""제도로 강제할 방법 없나",2026-05-06 17:19:55,domestic_bond
환율,외국환율고시표,2026-05-06 17:19:57,real_assets
국제유가,휘발유 21%·경유 31% 쑥... 중동發 물가쇼크,2026-05-06 17:35:46,real_assets
국제유가,발전공기업 연봉 1억원 돌파...AI열풍속 금융공기업 맞먹어,2026-05-06 17:35:47,real_assets
국제유가,중동전쟁 끝날때까지 석유최고가격제 유지,2026-05-06 17:35:47,real_assets
환율,"그림값 달러로"" 달라진 화랑가",2026-05-06 17:45:07,real_assets
기준금리,"양극화시대, 질서 회복이 먼저다",2026-05-06 17:46:12,domestic_bond
국채,코스피 7000 축포... 그 뒤엔 다가오는 금리 인상 그림자,2026-05-06 17:46:13,domestic_bond
원유,"글로벌 원유재고 바닥에 물가급등, 진짜 전시경제는 이제부터",2026-05-06 17:46:13,real_assets
기준금리,전쟁發 거센 인플레 압력... 연내 美 금리인하 없을 것,2026-05-06 17:52:15,domestic_bond
기준금리,비트코인 투자로 연 10%대 이자를? 스트레티지 우선주의 모든 것,2026-05-06 17:53:43,domestic_bond
국제유가,美·이란 종전협상 진전... 호르무즈 열리나,2026-05-06 17:56:23,real_assets
국제유가,"정유사 ""팔수록 손해...최고가격제 손실 4조",2026-05-06 17:59:57,real_assets
채권금리,"방코 산탄데르 칠레, 34만 UF 규모 채권 발행..금리 2.5%",2026-05-06 19:02:01,domestic_bond
달러강세,"선코에너지, 1분기 조정영업이익 23억 달러..전년비 41% 급증",2026-05-06 19:03:51,real_assets
원유,"선코에너지, 1분기 조정 영업이익 23억 달러..전년비 41% 증가",2026-05-06 19:04:42,real_assets
원유,"선코에너지, 연례 주주총회서 10명 이사진 선임·임원 보수안 가결",2026-05-06 19:06:22,real_assets
원유,"탈로스 에너지, 1분기 생산량 8만8800배럴..가이던스 상단 달성",2026-05-06 19:07:12,real_assets
환율,"아쿠쉬네트 홀딩스, 1분기 매출 7억5300만 달러·7.1% 증가",2026-05-06 19:12:04,real_assets
채권금리,"암페놀, 11억 유로 규모 유로화 채권 발행..장기 재무구조 개선",2026-05-06 19:34:16,domestic_bond
환율,"페리고, 1분기 매출 9억6920만 달러..전년비 7.2% 감소",2026-05-06 19:35:27,real_assets
환율,"브루커, 1분기 매출 8억2340만 달러..자체성장률 4.4% 감소",2026-05-06 19:37:27,real_assets
환율,"케넴메탈, 3분기 매출 5억9300만 달러··전년비 22% 증가",2026-05-06 19:49:48,real_assets
환율,"우버 테크놀러지스, 1분기 매출 132억 달러·EPS 0.72달러 기록",2026-05-06 19:59:09,real_assets
달러강세,"메리어트 인터내셔널, 1분기 매출 66억 달러·조정 EPS 2.72달러로 17% 급증",2026-05-06 20:02:51,real_assets
환율,"크래프트 하인즈, 1Q 매출 60억 달러·유기적 성장률 마이너스 0.4%",2026-05-06 20:03:32,real_assets
환율,"브링스, 1분기 매출 14억 달러..비GAAP EPS 1.80달러 11% 증가",2026-05-06 20:04:52,real_assets
달러강세,"뉴욕 타임즈, 1분기 매출 7억1220만 달러·디지털 구독 16% 성장",2026-05-06 20:06:33,real_assets
환율,"리틀퓨즈, 1분기 매출 6억5700만 달러·19% 성장",2026-05-06 20:06:53,real_assets
달러강세,"마렉스 그룹, 1분기 매출 6억9230만 달러·48% 증가",2026-05-06 20:09:03,real_assets
환율,"킨드릴 홀딩스, 2026회계연도 1분기 매출 38억 달러..전년비 1% 감소",2026-05-06 20:11:24,real_assets
원유,"다이아몬드백에너지, 조정 EBITDA 감소와 2027년 실적 둔화 전망에 투자자 우려 확산",2026-05-06 20:12:35,real_assets
달러강세,"스트라타 크리티컬 메디컬, 1분기 매출 87% 급증·6740만 달러 달성",2026-05-06 20:16:45,real_assets
달러강세,"리틀퓨즈, 1분기 매출·영업이익 시장 기대 상회...2분기도 성장 전망",2026-05-06 20:32:48,real_assets
달러강세,"디아지오, 3분기 매출 8% 성장...프리미엄 스피릿 수요 급증에 수익성도 동반 개선",2026-05-06 20:43:19,real_assets
원유,"버밀리언 에너지, 1분기 FFO 2억3227만 달러·생산량 22% 급증",2026-05-06 20:50:00,real_assets
달러강세,"이스테블리시먼트 랩스 홀딩스, 1분기 매출 5990만 달러..전년비 45% 급증",2026-05-06 21:09:55,real_assets
환율,"인플라알엑스, 1분기 매출 0유로·순손실 559만유로 적자 지속",2026-05-06 21:19:28,real_assets
환율,"보그워너, 1분기 조정 EPS 1.24달러·전년비 12%↑",2026-05-06 21:20:58,real_assets
원유,"클린 하버스, 1분기 매출 15억 달러·순이익 8% 증가",2026-05-06 21:21:59,real_assets
달러강세,"트윈 디스크, 3분기 매출 9670만 달러·19% 성장..흑자전환",2026-05-06 21:32:02,real_assets
기준금리,"UWM 홀딩스, 1분기 대출실행 449억 달러..전년비 39%↑",2026-05-06 21:44:04,domestic_bond
원유,"토털에너지스, 2025년 순이익 156억 달러..주당배당 5.6% 증가",2026-05-06 21:47:54,real_assets
국채,"에스엘엠, 5억 달러 규모 2026년 만기 채권 조기 상환 추진",2026-05-06 22:05:55,domestic_bond
WTI,이란 핵농축 중단·美 제재 해제...14개 항목 MOU 체결 '근접,2026-05-06 22:42:17,real_assets
달러강세,"유나이티드테라퓨틱스, 15억 달러 자사주 매입·연간 성장 전망에 강세",2026-05-06 22:53:38,real_assets
달러강세,"뉴몬트골드코프, 2026년 EPS 65% 급등·매출 287억 달러 전망에 강세",2026-05-06 23:04:12,real_assets
채권금리,"OI글래스, 5억 달러 채권 발행으로 고금리 부채 조기상환...재무구조 개선 기대",2026-05-06 23:13:02,domestic_bond
채권금리,"스튜디오 시티 인터내셔널 홀딩스, 신규 선순위 담보부 채권 발행 추진",2026-05-06 23:26:53,domestic_bond
원유,"세노버스 에너지, 1분기 조정 자금흐름 34억 달러·배당 10% 인상",2026-05-07 00:18:56,real_assets
원유,"페르미안 베이슨 로열티 트러스트, 신탁규정 변경 심리 5월 8일 진행",2026-05-07 03:55:52,real_assets
국제유가,1억으로 156억 만들었다...증권가 전설이 된 섬소년,2026-05-07 04:00:00,real_assets
달러강세,"리오틴토, EPS 54% 급증·매출 630억달러 전망에 강세",2026-05-07 04:11:02,real_assets
환율,"그루포 파이낸시에로 클리시아, 자회사 은행 신용카드 환율정보 부족 집단소송 통보",2026-05-07 04:29:03,real_assets
환율,"그루포 클리시아, 집단소송 우려 딛고 EPS 급증·고배당 기대감에 강세",2026-05-07 04:31:13,real_assets
달러강세,"시프트4페이먼츠, 1분기 매출 10억9000만 달러...28.5% 성장 전망에 강세",2026-05-07 04:51:14,real_assets
원유,"매그놀리아 오일 & 가스, 1분기 순이익 1억840만 달러..자유현금흐름 1억4560만 달러",2026-05-07 05:06:15,real_assets
채권금리,"커뮤니티 헬스 시스템즈, 6억 달러 규모 채권 조기 상환 완료",2026-05-07 05:07:36,domestic_bond
달러강세,"쿨리케&소파 인더스트리즈, 2분기 매출 2억4300만 달러·EPS 0.66달러 흑자전환",2026-05-07 05:12:37,real_assets
달러강세,"넥스트도어 홀딩스, 1분기 매출 6200만 달러·전년비 14% 증가",2026-05-07 05:15:29,real_assets
원유,"라일리 익스플로레이션 퍼미안, 1분기 생산량 46% 급증·자유현금 2400만 달러",2026-05-07 05:17:39,real_assets
달러강세,"너드월렛, 1Q 매출 2억2220만 달러..영업익 흑자전환",2026-05-07 05:18:20,real_assets
달러강세,"크로노스 월드와이드, 1분기 480만 달러 순손실..적자전환",2026-05-07 05:30:12,real_assets
달러강세,"에버텍, 1분기 매출 2억4790만 달러··전년비 8% 증가",2026-05-07 05:30:22,real_assets
달러강세,"엔코어 캐피탈 그룹, 1분기 순이익 84% 급증..연간 가이던스 상향",2026-05-07 05:31:12,real_assets
환율,"NL 인더스트리즈, 1분기 순이익 430만 달러..전년비 514% 증가",2026-05-07 05:35:35,real_assets
기준금리,"루트, 1분기 순이익 95% 급증..사상 최대 분기 실적",2026-05-07 05:37:06,domestic_bond
기준금리,"블루 아울 캐피탈, 1분기 주당순이익 0.32달러..전년비 22% 감소",2026-05-07 05:38:57,domestic_bond
원유,"SM 에너지, 1분기 매출 15억 달러·전년비 76% 급증",2026-05-07 05:39:47,real_assets
환율,"해이스터-예일 머티리얼스 핸드링, 1분기 매출 7억9500만 달러·13% 감소",2026-05-07 05:39:57,real_assets
원유,"웨스턴 가스 파트너스, 1분기 조정 EBITDA 6.8억 달러로 사상 최대 기록",2026-05-07 05:43:38,real_assets
기준금리,"케네디 윌슨 홀딩스, 1분기 순이익 1370만 달러 흑자전환..조정 EBITDA 44%↑",2026-05-07 05:52:09,domestic_bond
달러강세,"컴퍼스 디버시파이드 홀딩스, 1분기 매출 4억2690만 달러..순손실 38% 축소",2026-05-07 05:52:29,real_assets
달러강세,"플러터 엔터테인먼트, 1분기 매출 43억 달러·17% 증가..순이익 38% 감소",2026-05-07 05:53:19,real_assets
달러강세,"바 하버 뱅크셰어스, 1분기 EPS 0.88달러·총수익 4.7억달러 기록",2026-05-07 05:56:21,real_assets
원유,"HMH 홀딩, 1분기 매출 1억7천만 달러..전년비 14% 감소",2026-05-07 05:57:51,real_assets
기준금리,"메이서리치, 1분기 순손실 3,635만 달러..손실폭 27% 축소",2026-05-07 05:59:31,domestic_bond
국제유가,"팜파 에너지아, 1Q26 매출 5.7억 달러..전년비 38% 급증",2026-05-07 05:59:51,real_assets
국제유가,"4월에 20% 뛴 석유값, 이제 시작이라는데...중동발 물가쇼크 전방위 확산",2026-05-07 06:01:30,real_assets
국제유가,"팔 수록 손해보고 있습니다""...정유업계, 최고가격제 여파에 손실 4조",2026-05-07 06:01:43,real_assets
원유,"하이피크 에너지, 1분기 매출 2억1588만 달러..전년비 20.7% 감소",2026-05-07 06:02:02,real_assets
채권금리,"李대통령 ""중저신용자 대출, 금융사 선의 말고 제도로 강제해야",2026-05-07 06:03:48,domestic_bond
달러강세,"허드슨 테크놀러지스, 1분기 매출 6020만 달러..전년비 9% 증가",2026-05-07 06:04:03,real_assets
원유,"텍사스 퍼시픽 랜드 트러스트, 1분기 순이익 1억4290만 달러..EPS 2.07달러",2026-05-07 06:04:43,real_assets
환율,"비욘드 미트, 1분기 매출 5,820만 달러..전년比 15% 감소",2026-05-07 06:05:54,real_assets
원유,"마타도르 리소시즈, 1분기 조정순이익 76% 급증·연간 원유생산 가이던스 상향",2026-05-07 06:06:04,real_assets
달러강세,"코카콜라 보틀링, 1분기 매출 18억 달러..전년비 16.9% 증가",2026-05-07 06:07:14,real_assets
달러강세,"아리스 마이닝, 1분기 매출 3억7250만 달러..전년비 136% 급증",2026-05-07 06:07:24,real_assets
기준금리,"페르미안 리소시즈, 1Q26 조정 EPS 0.39달러·원유 생산 2% 증가",2026-05-07 06:11:25,domestic_bond
원유,"하이피크에너지, 1분기 매출 급감에 적자 전환까지... 투자자 실망 매물 쏟아져",2026-05-07 06:13:26,real_assets
환율,"허벌라이프, 1분기 매출 13억2000만 달러..전년비 7.8% 증가",2026-05-07 06:18:50,real_assets
기준금리,"스마트스톱 셀프 스토리지 REIT, 1분기 조정 FFO 주당 0.49달러..전년비 19% 증가",2026-05-07 06:22:00,domestic_bond
기준금리,"시포트 엔터테인먼트 그룹, 1분기 매출 1억2737만 달러..전년비 20.7% 감소",2026-05-07 06:22:11,domestic_bond
원유,"헬머리치 & 페인, 2분기 매출 9억3200만 달러..유티카 매각 1억 달러 수익",2026-05-07 06:24:11,real_assets
채권금리,"솔라리스 오일필드 인프라스트럭처, 13억 달러 규모 선순위 담보부 채권 발행",2026-05-07 06:27:12,domestic_bond
원유,"도체스터 미네랄스, 1분기 순이익 65% 급증·배당금 0.48달러 지급",2026-05-07 06:28:42,real_assets
환율,"코그넥스, 1분기 매출 2억6800만 달러..전년비 24% 증가",2026-05-07 06:30:02,real_assets
원유,"다이버시파이드 에너지, 1분기 매출 5억5600만 달러·전년비 69% 급증",2026-05-07 06:33:34,real_assets
환율,"오리온 엔지니어드 카본즈, 1분기 매출 4억6000만 달러..조정 EBITDA는 기대치 상회",2026-05-07 06:35:05,real_assets
기준금리,"트리플포인트 벤처 그로스, 1분기 순투자수익 주당 0.23달러 기록",2026-05-07 06:35:15,domestic_bond
환율,"와츠 워터 테크놀러지스, 1분기 매출 6억7730만 달러..전년비 21% 증가",2026-05-07 06:41:26,real_assets
채권금리,"브로드리지 파이낸셜 솔루션즈, 5억 달러 선순위 채권 발행..2036년 만기",2026-05-07 06:42:27,domestic_bond
원유,"팜파 에너지아, 1분기 매출 38% 증가·5억7300만 달러",2026-05-07 06:44:27,real_assets
원유,"아파치, 1분기 조정 EPS 1.38달러..전년비 43% 증가",2026-05-07 06:44:37,real_assets
환율,"NN, 1분기 매출 1억1850만 달러..전년비 12% 증가",2026-05-07 06:46:38,real_assets
채권금리,"이노베이티브 인더스트리얼 프로퍼티즈, 5650만 달러 담보대출 완료..무담보 채권 상환",2026-05-07 06:48:28,domestic_bond
환율,"갈라파고스, 1분기 1450만 유로 흑자전환..길리어드 협업 본격화",2026-05-07 06:51:19,real_assets
금값,"이지코프, 2026 회계연도 2분기 매출 4억4690만 달러·전년비 46%↑",2026-05-07 06:53:29,real_assets
기준금리,"KB자산운용, ""RISE 코리아밸류업 ETF"" 순자산 1조 돌파",2026-05-07 08:38:58,domestic_bond
기준금리,"NH증권 ""코스피 9000 갈 것""...전쟁 리스크 압도한 이익체력",2026-05-07 08:52:23,domestic_bond
WTI,"시장선 이미 전쟁 끝, 랠리 스타트""...글로벌 주식·채권 강세, 유가 100달러 아래로",2026-05-07 09:03:01,real_assets
달러강세,"7000피"" 코스피, 장중 최고치 또 경신...7500 돌파",2026-05-07 09:05:14,real_assets
WTI,"미-이란 종전 합의 임박에 뉴욕증시 또 ""최고치",2026-05-07 09:23:56,real_assets
WTI,"원화값 상승세에 1440원대 개장...""증시 활황에 당분간 강세 보일 것",2026-05-07 09:27:42,real_assets
WTI,Korean airline stocks gain as oil prices fall on Iran ceasefire hopes,2026-05-07 10:57:16,real_assets
기준금리,"9000피까지 쭉쭉~""...코스피 더 오른다는 증권가",2026-05-07 14:15:17,domestic_bond
국제유가,"기술발전이 물가를 낮춘다""는 옛말...고개드는 AI發 ""칩플레이션",2026-05-07 14:26:17,real_assets
원유,"코인으로 통행료 받겠다는 이란...한국 수출기업, 중대 제재 리스크 살펴야",2026-05-07 14:38:55,real_assets
국제유가,"손경식 경총 회장 ""한-중, AI·반도체 협력해야",2026-05-07 15:27:16,real_assets
국제유가,"與 을지로위, 아스콘·페인트 제조 4사·인쇄업계 사회적대화 상생협약",2026-05-07 15:38:22,real_assets
원유,"UAE 근처에 머물지 말라""... 정부, 국내 선박 ""대피령",2026-05-07 15:38:35,real_assets
기준금리,"코스피 7000? 내 수익률만 왜 이모양?""...""최후에 웃는 자"" 되는 법",2026-05-07 15:40:53,domestic_bond
국채,"엔저 더이상 안돼""...美 재무, 日서 총리·재무상·일은 총재 회동",2026-05-07 15:48:29,domestic_bond
기준금리,"권대영 부위원장 ""증권업계 기록적 수익, 실력 때문인지 뒤돌아 봐야",2026-05-07 16:55:24,domestic_bond
기준금리,"KB금융지주, 4050억 신종자본증권 발행 순항",2026-05-07 16:55:56,domestic_bond
국제유가,"현대 산업의 ""보디가드"" 아연...생산량 세계 1위 한국에?",2026-05-07 17:06:05,real_assets
국채,나초 트럼프,2026-05-07 17:22:15,domestic_bond
기준금리,6천억 미래도시펀드 1호 가동... 1기 신도시 재건축 돈줄 푼다,2026-05-07 17:33:23,domestic_bond
원유,"정부 ""韓선박, UAE 해역서 대피하라",2026-05-07 17:59:11,real_assets
원유,"이란 핵농축 중단기간 10년으로 근접... 트럼프 ""일주일내 타결",2026-05-07 17:59:12,real_assets
환율,널뛰는 원화값... 내 자산 지켜줄 투자전략은,2026-05-07 17:59:49,real_assets
기준금리,AI 기술株의 시대... 주식·채권·金 비율 7:2:1로 담아라,2026-05-07 18:00:04,domestic_bond
국채,일본 가는 베선트... 다카이치와 엔저 대책 세운다,2026-05-07 18:00:11,domestic_bond
원유,美 석유수출 초대박... 트럼프엔 '독' 될수도,2026-05-07 18:00:12,real_assets
원유,"다음주 트럼프 방중 의식했나... 中, 美제재 자국기업에 '철퇴",2026-05-07 18:00:13,real_assets
국제유가,물가안정 최우선...원자재도 관리를,2026-05-07 18:04:21,real_assets
환율,외국환율고시표,2026-05-07 18:07:45,real_assets
달러강세,반도체株 키옥시아에 꽂힌 일학개미,2026-05-07 18:10:58,real_assets
기준금리,반도체는 지금 담아도 늦지않다,2026-05-07 18:11:04,domestic_bond
WTI,"이란, 핵무기 포기 동의해"" 트럼프, 방중 前 종전 시사",2026-05-07 18:11:05,real_assets
원유,휘발유 ℓ당 1934원...최고가격 3연속 동결,2026-05-07 19:00:00,real_assets
달러강세,"칼라일 그룹, 1분기 1억7900만 달러 순손실..배당 0.35달러 결정",2026-05-07 19:03:26,real_assets
환율,"뉴트리엔, 7월 분기 배당 주당 0.55달러 선언",2026-05-07 19:04:06,real_assets
달러강세,"뉴트리엔, 1분기 순이익 1억3900만 달러..매출 19% 증가",2026-05-07 19:05:06,real_assets
원유,"키네틱 홀딩스, 1분기 조정 EBITDA 2억5120만 달러..분기 최고 기록",2026-05-07 19:05:16,real_assets
환율,"선 라이프 파이낸셜, 1분기 자체 순이익 11억 달러..주당순이익 4% 증가",2026-05-07 19:06:37,real_assets
원유,"세노버스 에너지, 주총서 PwC 감사 재선임·이사진 14명 선임 완료",2026-05-07 19:06:47,real_assets
달러강세,"선 라이프 파이낸셜, 1분기 조정 순이익 10억5000만 달러..전년비 5% 증가",2026-05-07 19:07:17,real_assets
채권금리,"루멘 테크놀러지스, 2037년 만기 10억 달러 채권 발행·7.5억 달러 구채권 매입",2026-05-07 19:09:08,domestic_bond
환율,"베스타 리얼 에스테이트, 1Q26 순이익 574% 급증·부동산 재평가 이익 흑자 전환",2026-05-07 19:11:31,real_assets
원유,"골드필드, 1분기 금 생산량 15% 증가..633천온스 기록",2026-05-07 19:18:53,real_assets
환율,"아비언트, 1분기 매출 8억4740만 달러..전년비 3% 증가",2026-05-07 19:20:23,real_assets
환율,"라드웨어, 1분기 매출 7980만 달러..전년비 11% 증가",2026-05-07 19:21:55,real_assets
환율,"히말라야 시핑, 4월 TCE 수익 하루 4만1600달러·주당 0.15달러 배당",2026-05-07 19:24:26,real_assets
원유,"쉘, 1분기 매출 504억 달러··전년비 38% 증가",2026-05-07 19:25:06,real_assets
달러강세,100% 폭등 日반도체주에 꽂힌 일학개미...13개월 만에 순매수 전환,2026-05-07 19:29:41,real_assets
달러강세,"그레이 텔레비전, 1분기 매출 7억6800만 달러..전년비 2%↓",2026-05-07 19:32:48,real_assets
환율,"ESAB, 1분기 매출 7억4600만 달러..전년비 10% 증가",2026-05-07 19:34:59,real_assets
기준금리,"티즈 홀딩, 1분기 매출 2억6600만 달러·CTV 매출 50% 급증",2026-05-07 19:42:00,domestic_bond
환율,"노마드푸즈, 1분기 매출 7억1520만 유로..전년비 5.9% 감소",2026-05-07 19:47:20,real_assets
기준금리,"키메라 인베스트먼트, 2분기 우선주 배당금 주당 최대 0.61달러 지급",2026-05-07 19:48:21,domestic_bond
환율,"아메리콜드 리얼티 트러스트, 1분기 조정 FFO 주당 0.29달러..전년비 14.7% 감소",2026-05-07 19:50:31,real_assets
환율,"지니어스 스포츠, 1분기 매출 1.9억 달러·31% 성장",2026-05-07 20:10:02,real_assets
환율,"맥도날드, 1분기 매출 65억 달러·EPS 2.78달러..전년비 각 9%·7% 증가",2026-05-07 20:12:55,real_assets
달러강세,"유니티 소프트웨어, 1분기 매출 5억달러..전년비 17%↑",2026-05-07 20:14:36,real_assets
환율,"애로우 일렉트로닉스, 1분기 매출 95억 달러·EPS 4.55달러..전년비 39%·201% 급증",2026-05-07 20:15:46,real_assets
환율,"N-에이블, 1분기 매출 1억3370만 달러..전년비 13% 증가",2026-05-07 20:16:06,real_assets
환율,"벤틀리 시스템즈, 1분기 매출 4억2418만 달러..전년비 14.5% 증가",2026-05-07 20:18:27,real_assets
국제유가,"휘발유·경유값 안 올린다""...정부, 5차 석유 최고가격도 동결",2026-05-07 20:18:30,real_assets
환율,"쿠퍼-스탠다드 홀딩스, 1분기 매출 6.9억 달러·적자전환",2026-05-07 20:20:58,real_assets
환율,"폴스타 오토모티브 홀딩, 1분기 매출 6억3300만 달러..순손실 3억8300만 달러로 적자 확대",2026-05-07 20:28:50,real_assets
환율,"찰스리버 래버러토리, 1분기 매출 10억 달러..사업 매각 손실로 적자 전환",2026-05-07 20:34:42,real_assets
원유,"아카시아 리서치, 1분기 매출 5420만 달러..전분기비 8% 증가",2026-05-07 20:38:44,real_assets
달러강세,"테크노글래스, 1분기 매출 12% 증가한 2억4900만 달러 기록",2026-05-07 20:43:35,real_assets
달러강세,"인스톨드 빌딩 프로덕츠, 1분기 매출 6억6050만 달러..전년비 3.5% 감소",2026-05-07 20:46:36,real_assets
달러강세,"커티스라이트, 1분기 매출 9억1400만 달러..전년비 13% 증가",2026-05-07 20:47:26,real_assets
기준금리,"베터 홈 앤 파이낸스 홀딩, 1분기 대출 규모 16억 달러..전년비 89% 급증",2026-05-07 20:47:37,domestic_bond
달러강세,"에너다코 패트롤리엄, 1분기 조정 EBITDA 65% 증가..적자폭 축소",2026-05-07 20:48:27,real_assets
기준금리,"화이트홀스 파이낸스, 1분기 순투자소득 5,603만 달러··전분기비 15% 감소",2026-05-07 20:51:37,domestic_bond
달러강세,"인터내셔널 시웨이스, 1분기 순이익 2억8600만 달러..전년비 477% 급증",2026-05-07 20:59:29,real_assets
환율,"ACI 월드와이드, 1Q26 매출 4억2600만 달러·EPS 0.61달러 기록",2026-05-07 21:04:00,real_assets
환율,"라이프타임 브랜즈, 1분기 매출 1억4350만 달러..전년비 2.4% 성장",2026-05-07 21:12:21,real_assets
달러강세,"시바니 스틸워터, 1분기 순이익 48% 급증..매출 28억 달러",2026-05-07 21:17:42,real_assets
환율,"폴스타, 1분기 순손실 3억8300만 달러...적자 대폭 확대",2026-05-07 21:24:33,real_assets
국채,"크래프트 하인즈, 최대 11억 달러 규모 채권 공개매수 실시",2026-05-07 21:28:54,domestic_bond
환율,"에코 웨이브 파워 글로벌, 1분기 순손실 70만 달러..AI 에너지 시장 진출 본격화",2026-05-07 21:32:04,real_assets
기준금리,"사이온 인베스트먼트, 1분기 EPS -0.45달러 적자·NAV 4.7% 감소",2026-05-07 21:32:15,domestic_bond
달러강세,"MDU 리소시즈 그룹, 1분기 순이익 8080만 달러..EPS 0.39달러 기록",2026-05-07 21:35:05,real_assets
원유,"제네시스 에너지, 1분기 조정 EBITDA 1억4090만 달러..전년비 7% 증가",2026-05-07 21:52:01,real_assets
기준금리,"허드슨 퍼시픽 프로퍼티즈, 1분기 FFO 0.27달러 흑자전환..연간 가이던스 상향",2026-05-07 22:02:42,domestic_bond
달러강세,"알파 프로 테크, 1분기 매출 1460만 달러·순이익 14.5% 증가",2026-05-07 22:03:02,real_assets
달러강세,"테혼 랜치, 1분기 순이익 16만 달러 흑자 전환..전년 150만 달러 적자",2026-05-07 22:08:33,real_assets
달러강세,"퍼스트유나이티드, 2025년 순이익 2451만 달러·EPS 3.77달러 기록",2026-05-07 22:24:24,real_assets
기준금리,"밸리 내셔널 뱅코프, 1분기 순이익 1억6390만 달러..순이자마진 21bp 개선",2026-05-07 22:28:05,domestic_bond
채권금리,"솔라리스 오일필드, 13억 달러 대규모 채권 발행...부채 부담 우려 확대",2026-05-07 23:01:58,domestic_bond
기준금리,"벨로시티 파이낸셜, 1분기 순이익 2240만 달러..전년비 18% 증가",2026-05-07 23:04:02,domestic_bond
원유,"페르미안 리소시즈, 조정 EPS 전년 대비 9% 감소...천연가스 가격 약세 우려 부각",2026-05-07 23:07:24,real_assets
원유,"마타도르리소시즈, 매출 감소·EPS 하락 우려에 투자심리 위축",2026-05-07 23:08:24,real_assets
채권금리,"스튜디오시티, 리파이낸싱 추진에도 불확실성 커져...마카오 규제 리스크 부각",2026-05-07 23:42:08,domestic_bond
기준금리,"인터내셔널 뱅크쉐어, 1분기 순이익 1억220만 달러..전년비 5.5%↑",2026-05-08 00:28:03,domestic_bond
WTI,"옵시디안 에너지, 1분기 자금흐름 6,100만 달러..전년비 39%↓",2026-05-08 02:12:17,real_assets
WTI,"나눠 담은 계란 다 같이 깨졌다""...호르무즈가 무너뜨린 투자 공식",2026-05-08 04:00:00,real_assets
환율,"삼성전자 전부 판 이유""...김승호 회장이 직접 밝힌다",2026-05-08 04:00:00,real_assets
채권금리,"스튜디오 시티 인터내셔널 홀딩스, 3억 달러 규모 2031년 만기 채권 발행",2026-05-08 04:30:51,domestic_bond
채권금리,"알래스카 에어 그룹, 총 10억 달러 규모 채권·대출 조달 단행",2026-05-08 04:35:51,domestic_bond
채권금리,"스튜디오시티인터내셔널, 고금리 채권 교체로 이자 비용 절감 및 만기 연장",2026-05-08 04:40:41,domestic_bond
원유,"팜파 에너지아, 1분기 조정 EBITDA 3억2600만 달러..전년비 45% 급증",2026-05-08 04:44:01,real_assets
기준금리,"퀘스트 리소스 홀딩, 1분기 순손실 230만 달러..전년比 적자폭 78% 축소",2026-05-08 05:02:02,domestic_bond
환율,"에어비앤비, 1분기 매출 27억 달러로 18% 증가",2026-05-08 05:03:42,real_assets
환율,"탠덤 다이어비츠 케어, 1분기 매출 2억4700만 달러·영업손실 86% 축소",2026-05-08 05:08:35,real_assets
달러강세,"암테크 시스템즈, 2분기 매출 31% 급증·2050만 달러..흑자 전환",2026-05-08 05:10:36,real_assets
달러강세,"실바코 그룹, 1분기 매출 1.1억 달러·26% 증가..영업손실 71% 개선",2026-05-08 05:14:38,real_assets
달러강세,"인시고, 1분기 매출 3430만 달러..노키아 FWA 사업부 인수 발표",2026-05-08 05:15:08,real_assets
환율,"스테바나토 그룹, 1분기 매출 2억7400만 유로..전년비 7% 증가",2026-05-08 05:15:59,real_assets
달러강세,"암닐 파마슈티컬스, 1분기 순이익 411% 급증·연간 가이던스 상향",2026-05-08 05:16:29,real_assets
기준금리,"펜넷파크 인베스트먼트, 2분기 순투자수익 930만 달러..전년비 19% 감소",2026-05-08 05:19:40,domestic_bond
채권금리,"페넌트파크 플로팅 레이트 캐피탈, 2분기 순투자소득 2575만 달러..주당 0.26달러",2026-05-08 05:20:10,domestic_bond
환율,"아티비언, 1분기 매출 1억1600만 달러..전년비 18% 증가",2026-05-08 05:24:52,real_assets
환율,"드롭박스, 1분기 매출 6억2950만 달러..전년비 0.8% 증가",2026-05-08 05:26:03,real_assets
국제유가,"클린 에너지 퓨얼, 1분기 매출 1억1760만 달러..전년비 13% 증가",2026-05-08 05:32:06,real_assets
달러강세,"하워드 휴즈, 1분기 매출 2억3600만 달러로 18% 증가..EPS는 0.14달러",2026-05-08 05:33:27,real_assets
기준금리,"HA 서브스테이너블 인프라스트럭처 캐피탈, 1분기 조정 EPS 0.77달러·전년비 20%↑",2026-05-08 05:33:37,domestic_bond
달러강세,"펀코, 1분기 매출 2억900만 달러로 5.3% 증가·영업이익률 44.2% 역대 최대",2026-05-08 05:34:07,real_assets
환율,"이노겐, 1분기 매출 3.4% 증가한 8510만 달러..자사주 3000만 달러 매입 승인",2026-05-08 05:34:07,real_assets
원유,"그래나이트 릿지 리소시스, 1Q 매출 1억2830만 달러..순손실 4700만 달러",2026-05-08 05:34:57,real_assets
환율,"암파스타 파마슈티컬스, 1분기 매출 1억7120만 달러..전년비 0.4%↑",2026-05-08 05:38:19,real_assets
원유,"마크 내추럴 리소시스, 1분기 조정 EBITDA 1억9460만 달러..전년비 22%↑",2026-05-08 05:41:11,real_assets
환율,"허브스팟, 1분기 매출 8.8억 달러..전년비 23% 증가",2026-05-08 05:42:11,real_assets
환율,"ICU 메디컬, 1분기 조정 EPS 1.97달러..14% 증가",2026-05-08 05:44:02,real_assets
원유,"데본에너지, 코테라와 합병 완료..연 10억달러 시너지 목표",2026-05-08 05:49:15,real_assets
환율,"글로벌스타, 1분기 매출 7,010만 달러··전년비 17%↑ 영업흑자 전환",2026-05-08 05:52:25,real_assets
달러강세,"그루폰, 1분기 매출 1억2600만 달러..순손실 1260만 달러 적자전환",2026-05-08 05:56:17,real_assets
달러강세,"ESCO 테크놀러지스, 2분기 매출 3억9341만 달러·전년비 33.5% 증가",2026-05-08 05:57:07,real_assets
국제유가,美 석유 수출 대박에 기업들 웃지만...트럼프는 흉흉해진 민심 걱정,2026-05-08 06:05:02,real_assets
달러강세,"사우스 보우, 1분기 매출 4억9100만 달러..전년비 1% 감소",2026-05-08 06:11:38,real_assets
환율,"발히, 1분기 순이익 88% 급감..TiO2 가격 하락 직격탄",2026-05-08 06:14:10,real_assets
기준금리,"실라 리얼티 트러스트, 1Q 순이익 1240만 달러..전년비 57% 증가",2026-05-08 06:23:02,domestic_bond
환율,"마그네라, 2분기 매출 3% 감소에도 영업익 흑자전환",2026-05-08 06:23:33,real_assets
달러강세,"헤리티지 인슈런스 홀딩스, 1분기 순이익 3650만 달러..전년비 19.7% 증가",2026-05-08 06:23:53,real_assets
환율,"머서 인터내셔널, 1분기 영업 EBITDA 780만 달러..전년비 83% 급감",2026-05-08 06:25:03,real_assets
환율,"머티리얼라이즈, 1분기 순이익 182만 유로 흑자전환..조정EBIT 247만 유로",2026-05-08 06:29:14,real_assets
원유,"캐내디언 내추럴 리소시즈, 1분기 조정순이익 24억 달러·총생산량 4% 증가",2026-05-08 06:35:26,real_assets
원유,"캐내디언 내추럴 리소시즈, 분기 배당 주당 0.625 CAD..26년 연속 증배",2026-05-08 06:36:46,real_assets
채권금리,"르네상트, 3억 달러 후순위채 발행..Tier2 자본 확충",2026-05-08 06:40:07,domestic_bond
달러강세,"글로버스 메디컬, 1분기 매출 7억6천만 달러·EPS 67% 급증",2026-05-08 06:40:47,real_assets
환율,"포스트 홀딩스, 2분기 매출 20억달러·순이익 31% 급증",2026-05-08 06:43:38,real_assets
환율,"누스킨, 1분기 매출 3억2060만 달러..전년비 12% 감소",2026-05-08 06:44:59,real_assets
환율,"네이쳐스 선샤인 프로덕트, 1분기 매출액 1억2290만 달러..전년비 9% 증가",2026-05-08 06:46:19,real_assets
환율,"스트래텍 시큐리티, 3분기 매출 1억3763만 달러..전년비 4.5% 감소",2026-05-08 06:47:09,real_assets
기준금리,"체리 힐 모기지 인베스트먼트, 1분기 주당순손실 0.05달러 적자전환",2026-05-08 06:47:39,domestic_bond
원유,"유로나브, 5월 19일 2026년 1분기 실적 발표 예정",2026-05-08 06:49:10,real_assets
원유,"지오스페이스 테크놀러지스, 2분기 매출 9.6% 증가에도 순손실 1110만 달러 기록",2026-05-08 06:49:30,real_assets
원유,"사우스 보우, 주총서 이사 11명·감사위원 선임 완료",2026-05-08 06:49:40,real_assets
기준금리,"코스, 3분기 매출 280만 달러..적자폭 확대",2026-05-08 06:50:20,domestic_bond
WTI,"W&T 오프쇼어, 1분기 매출 1억5000만 달러..전분기비 23% 증가",2026-05-08 06:51:20,real_assets
환율,"HD현대중공업, 데이터센터향 엔진 수주 중장기 성장 기대"" 목표가↑",2026-05-08 07:29:20,real_assets
WTI,중동 협상 난항에 일제 하락...다우 0.6%↓,2026-05-08 09:05:42,real_assets
WTI,"휴전 협상한다더니""...""호르무즈 교전""에 국제유가 상승세 반전",2026-05-08 09:40:14,real_assets
기준금리,"절대 안된다고 그렇게 말씀드렸잖아요""...""포모""에 급증하는 빚투",2026-05-08 09:43:52,domestic_bond
달러강세,생태계 장악하는 중국 브랜드 꽤 많네,2026-05-08 10:02:04,real_assets
달러강세,"고환율 타고 ""K-가성비""에 눈뜨다...외국인 ""쇼핑 관광",2026-05-08 10:45:29,real_assets
국제유가,"일본 포기했는데, 제주도도 부담될까요""...국내선 항공권 유류할증료 또 인상",2026-05-08 10:54:11,real_assets
채권금리,재확인된 인천공항의 힘...3억 달러 외환채권 발행에 50억 달러 수요 몰려,2026-05-08 11:03:54,domestic_bond
환율,"경과원-김포시, 수출 중소기업 물류비 부담 낮춘다",2026-05-08 11:04:05,real_assets
국채,"디지털금융 영토확장 나선 미래에셋, 미국서 예탁기관 DTCC ""토큰화 워킹그룹"" 합류",2026-05-08 11:21:58,domestic_bond
기준금리,"증시도 산업도 ""K자""...대만 전철 밟나",2026-05-08 11:26:43,domestic_bond
국채,"케빈 워시 연준 의장의 ""워시노믹스",2026-05-08 14:05:53,domestic_bond
달러강세,구천피 띄운 증권가...AI 캐즘 최대 리스크,2026-05-08 14:12:04,real_assets
원유,"호르무즈 봉쇄 후 우회""...한국 유조선, 네번째 홍해 안전 통과",2026-05-08 14:15:51,real_assets
국제유가,"고물가에 ""5차 최고가격제"" 동결...정유사 손실 보상 논란도",2026-05-08 14:38:46,real_assets
기준금리,"미스터비스트가 픽한 ""K푸드""...4개월 만에 200만개 팔았다",2026-05-08 14:51:18,domestic_bond
기준금리,"빚 못 갚아요""...회수 포기한 대출 최대치",2026-05-08 15:47:24,domestic_bond
기준금리,강남구 빼고 다 올랐다...서울 집값 다시 반등?,2026-05-08 15:54:21,domestic_bond
채권금리,코스피 7500 과열 아니다...일본 비하면 아직 덜 올랐다,2026-05-08 15:55:10,domestic_bond
금값,"세계 4위 베트남 코인 시장...빗썸, 글로벌 가상자산 거래소와 진출 경쟁",2026-05-08 16:05:42,real_assets
원유,"원유 재고 ""뚝뚝""...""수요 파괴 온다"" 월가의 경고",2026-05-08 16:23:59,real_assets
환율,"동원그룹, 고환율 등에도 전년대비 영업이익 17.1% 상승",2026-05-08 16:33:14,real_assets
기준금리,압구정5구역에 파격 제안...분담금 낮추기 승부,2026-05-08 16:34:33,domestic_bond
기준금리,"카드 혜택 왜 예전 같지 않나""...삼중 압박 카드업계 ""규제부터 풀어야",2026-05-08 16:50:48,domestic_bond
국채,"퇴직연금 머니무브, 한투는 연금자산 누적 1조원 넘어서",2026-05-08 17:00:21,domestic_bond
환율,코스피 7000 찍은 날...美상장 한국 ETF서 6000억 빠졌다,2026-05-08 17:04:58,real_assets
기준금리,"고금리도 안 무서워""...개미들 ""삼전닉스"" 빚투 광풍",2026-05-08 17:11:19,domestic_bond
채권금리,"금리·절세·노후까지...""혜택 많은 3대 통장 가입해야",2026-05-08 17:42:24,domestic_bond
원유,삼전닉스 PER 역사적 저평가...성급히 매도하지 마세요,2026-05-08 17:42:24,real_assets
기준금리,"기업들, 은행 파킹통장에 111조 뭉칫돈",2026-05-08 17:45:02,domestic_bond
기준금리,"李대통령 ""불법대부 무효""에도 불법추심 등 피해신고 더 늘어",2026-05-08 17:45:06,domestic_bond
환율,외국환율고시표,2026-05-08 17:45:07,real_assets
기준금리,"카드학회, ""카드사 자본규제 완화해야 생산적금융 확대 가능",2026-05-08 17:49:47,domestic_bond
원유,"美·이란, 협상 막판 힘겨루기...케슘섬·테헤란 등서 교전",2026-05-08 17:51:09,real_assets
원유,HD한국조선해양 또 일냈다 친환경선박 2조원규모 수주,2026-05-08 17:54:14,real_assets
국제유가,"李 ""캐나다는 핵심 우방...안보 협력 확대",2026-05-08 17:55:44,real_assets
국제유가,제주항공 올 1분기 기대 이상 실적에도...이란 사태에 무급휴직 실시,2026-05-08 18:57:06,real_assets
달러강세,"펨비나 파이프라인, 1분기 조정 EBITDA 11억 달러..연간 가이던스 상향",2026-05-08 19:03:09,real_assets
기준금리,"골드만 삭스 BDC, 1분기 주당 0.12달러 적자..NAV 3.7% 하락",2026-05-08 19:08:20,domestic_bond
WTI,"그랜 티에라 에너지, 1분기 매출 1억7천만 달러·32%↑..순손실 1억2천만 달러",2026-05-08 19:09:00,real_assets
원유,"베이텍스 에너지, 연례 주주총회서 전 의안 승인..이사진 재선임",2026-05-08 19:09:00,real_assets
달러강세,"리거시 하우징, 1Q26 매출 3.7% 감소에도 영업익 6.9%↑·순익 6.3%↑",2026-05-08 19:09:41,real_assets
환율,"퀴아젠, 1분기 매출 4억9232만 달러로 1.8% 증가..EPS는 0.33달러로 감소",2026-05-08 19:10:31,real_assets
기준금리,"그린파이어 리소시스, 2억7500만 캐나다달러 신용시설 재작성 완료",2026-05-08 19:11:01,domestic_bond
달러강세,"이노스펙, 1분기 매출 4억5320만 달러..전년비 3% 증가",2026-05-08 19:12:52,real_assets
기준금리,"스트로베리 필즈 리츠, 1분기 FFO 2090만 달러..전년비 14.5% 증가",2026-05-08 19:14:43,domestic_bond
원유,"이란 의회 외교위원장 ""한국 호르무즈 군사작전 불참 현명한 결정",2026-05-08 19:49:11,real_assets
원유,"이란 매체 ""원유 수출 방해하는 유조선 나포",2026-05-08 20:03:36,real_assets
환율,"AMC 네트웍스, 1분기 매출 5억4200만 달러·조정 EPS 85% 급감",2026-05-08 20:06:46,real_assets
환율,"텔러스, 1Q 매출 50억 달러·영업익 29%↓··순부채비율 목표 초과",2026-05-08 20:11:30,real_assets
환율,"텔러스, 1분기 매출 50억 캐나다달러..EPS 57% 급감",2026-05-08 20:12:30,real_assets
달러강세,"피델리티 내셔널 인포메이, 1분기 매출 33억 달러..전년비 30% 증가",2026-05-08 20:39:12,real_assets
환율,"오시코쉬, 1분기 매출 23억 달러·순이익 62% 급감",2026-05-08 21:02:54,real_assets
달러강세,"트레데거, 1분기 순이익 510만 달러..전년比 흑자전환",2026-05-08 21:12:55,real_assets
원유,삼성전자 PER 역사적 최저 수준...지금 매도하는 건 실수,2026-05-08 21:33:21,real_assets
달러강세,"Cbl & 어소시에이츠 프로퍼티스, 1분기 FFO 15% 급증·배당 39% 인상",2026-05-08 21:46:46,real_assets
원유,"플레인즈 올 아메리칸 파이프라인, 1분기 조정 EBITDA 7억3000만 달러..연간 가이던스 상향",2026-05-08 21:50:17,real_assets
원유,"플레인스 그룹 홀딩스, 1분기 조정 EBITDA 7억3000만 달러·연간 가이던스 상향",2026-05-08 21:51:07,real_assets
달러강세,"코퍼스 홀딩스, 1분기 순이익 710만 달러 흑자전환..전년 적자 탈출",2026-05-08 22:12:42,real_assets
기준금리,"골드만삭스 BDC, 1분기 주당 적자 전환·NAV 3.7% 하락 충격",2026-05-08 22:54:04,domestic_bond
기준금리,美 고용 두달 연속 증가... 금리인하 신중론 힘실려,2026-05-08 22:59:26,domestic_bond
달러강세,"페로비알, 도로 부문서 9억6800만 유로 배당 지급",2026-05-08 23:48:02,real_assets
달러강세,"어플라이드머티리얼스, 1분기 EPS 컨센서스 상회...AI 투자 확대 수혜 기대",2026-05-09 01:32:58,real_assets
달러강세,"US피지컬세라피, 1분기 영업이익 520만 달러로 15% 증가하며 강세",2026-05-09 02:01:09,real_assets
국제유가,방산·정유주만 사면 끝?...포성 뒤에 숨어있는 부의 질서,2026-05-09 04:00:00,real_assets
국제유가,"팜파 에너지아, 1분기 매출 8.8억 페소..전년비 84% 급증",2026-05-09 05:16:56,real_assets
기준금리,"리젠셀 바이오사이언스 홀딩스, 상반기 순손실 531만달러..전년비 187% 확대",2026-05-09 05:18:46,domestic_bond
원유,"오케아니스 에코 탱커스, 1분기 실적 5월 13일 발표 예정",2026-05-09 05:26:57,real_assets
기준금리,"아메리칸 스트래티직 인베스트먼트, 1분기 실적 5월 15일 발표 예고",2026-05-09 05:34:28,domestic_bond
국제유가,"주유소 가기 무섭네""...기름값 6주 연속 상승",2026-05-09 06:35:16,real_assets
국제유가,"주식으로 돈 번 사람 넘치는데 우리 집은 왜?""...더 싸늘해진 체감경기",2026-05-09 08:00:36,real_assets
원유,호르무즈 봉쇄에 160조원 증발...두바이가 중동 평화에 목메는 이유는,2026-05-09 09:59:55,real_assets
원유,"위성 사진에 다 찍혔다""...이란 하르그섬에 포착된 검은 액체의 정체",2026-05-09 11:20:59,real_assets
환율,"삼성전자 전부 판 이유"" 김승호 회장이 직접 밝힌다",2026-05-09 13:27:41,real_assets
기준금리,"주거 사다리 아직 안 끊겼다""...청약 고수의 올해 당첨 전략",2026-05-09 16:41:16,domestic_bond
환율,"진옥동 신한금융 회장, 북중미 해외 투자자에게 ""밸류업 2.0"" 알린다",2026-05-10 09:00:00,real_assets
기준금리,"불장인데 마통쯤이야""...5대 은행 잔액, 3년4개월 만에 최대",2026-05-10 09:14:11,domestic_bond
기준금리,"인천시, 지역업체 쓰면 용적률 최대 20% 높인다",2026-05-10 10:44:35,domestic_bond
기준금리,"마통 뚫어서라도 주식해야""...5대은행 마통 잔액 40조, 40개월만에 최대",2026-05-10 12:44:50,domestic_bond
국제유가,"세계은행 부총재 ""중동 전쟁발 고유가, 역설적으로 ""탈탄소"" 앞당긴다",2026-05-10 14:20:07,real_assets
기준금리,"비트코인은 ""실물자산""이다..화폐가 녹아내릴 때 가치 부상할 것",2026-05-10 16:02:57,domestic_bond
국채,"한국투자신탁운용, 채권형 펀드 설정액 1년새 3조9000억이나 늘어",2026-05-10 16:04:13,domestic_bond
채권금리,"미래에셋자산운용, 美우량기업 발행 투자등급 회사채만 투자 신용리스크 낮춰",2026-05-10 16:05:40,domestic_bond
기준금리,"신한자산운용, 초단기 채권·기업어음 등 단기 금융상품 중심 포트폴리오",2026-05-10 16:05:41,domestic_bond
국채,"한국투자신탁운용, 물가와 연관성 높은 美물가연동국채 등 전세계 다양한 자산 투자",2026-05-10 16:06:40,domestic_bond
원유,머니쇼에 몰린 인파... 삼성전자 시총 1조달러 원동력,2026-05-10 16:41:17,real_assets
국채,퇴직연금 주식비중 급증... 펀드·ETF가 70% 넘어,2026-05-10 17:26:51,domestic_bond
달러강세,"AI 패권 최강자, 반도체냐 하이퍼스케일러냐 엔비디아 vs 구글 시총1위 대결",2026-05-10 17:30:15,real_assets
기준금리,양도세 줄이려... 주말 구청 다주택자로 북적,2026-05-10 17:34:11,domestic_bond
원유,호르무즈는 어디에나 있다,2026-05-10 17:36:40,real_assets
환율,외국환율고시표,2026-05-10 17:42:11,real_assets
환율,진옥동 신한 회장 북중미로...직접 기관투자설명회 나서,2026-05-10 17:42:12,real_assets
국제유가,트럼프 14~15일 방중... 삼성전자 파업 여부도 변수,2026-05-10 17:42:49,real_assets
원유,달라진 韓 에너지 지도...석유·LNG 중동 의존 줄어,2026-05-10 17:46:55,real_assets
국제유가,개발도상국 성장 모델인 韓 핵심 요소는 교육·기술혁신,2026-05-10 17:46:56,real_assets
원유,이란 협상 다급한 美...중재역에 느긋한 中,2026-05-10 17:58:46,real_assets
달러강세,"GPU만의 세상인 줄 알았는데""...CPU·메모리 불붙인 AI 광풍",2026-05-10 18:20:07,real_assets
국채,"내 노후, 더는 은행 금리에 못 맡기겠다""...퇴직연금 주식비중 급증",2026-05-10 18:58:02,domestic_bond
기준금리,"손실 20%까지는 나라가 막아줘""...""국민성장펀드"" 뭐길래",2026-05-11 04:00:00,domestic_bond
WTI,"7500 찍은 코스피, 더 갈까 토해낼까",2026-05-11 04:00:00,real_assets
WTI,"전쟁 끝나면 해결된다더니""...5월 14일 이후 환율이 더 위험한 이유",2026-05-11 04:00:00,real_assets
원유,코로나와 AI가 촉발한 新제국주의...첨단 하드웨어·전력인프라가 답이다,2026-05-11 04:00:00,real_assets
달러강세,"엔비디아랑 구글, 어느 쪽이 유망하죠?""...장단기 투자전략 들어보니",2026-05-11 06:51:01,real_assets
달러강세,"코스피, 3.70% 오른 7775.31로 출발...사상 최고 경신",2026-05-11 09:05:36,real_assets
기준금리,"이러다 정말 한방에 훅 간다""...7천피 불장에 ""이것"" 하루 2400억씩 불어",2026-05-11 09:09:37,domestic_bond
기준금리,스테이블코인이 카드 대체할 수 밖에 없는 이유...AI에이전트 시대 다가온다,2026-05-11 09:21:35,domestic_bond
환율,"금융 부담 못 견뎠나...아파트 경매건수 지난달 7.2% ""껑충",2026-05-11 09:41:17,real_assets
채권금리,"3000억 조달""...롯데건설, 업계 첫 공사대금채권 구조화상품 개발",2026-05-11 09:50:03,domestic_bond
기준금리,"반도체주 너무 올라 아찔? 그래도 꽉 붙잡아야""...차익실현 말리는 증권사",2026-05-11 10:34:44,domestic_bond
국채,"예금으론 노후 불안해""...퇴직연금 주식으로 대이동",2026-05-11 10:45:21,domestic_bond
달러강세,"국내 코인투자자 보유액, 반년새 40조 급감...""투자자 보호장치 시급",2026-05-11 11:02:22,real_assets
채권금리,롯데건설 AAA 최고등급 공사대금채권으로 3000억 조달...채무 리스크 해소 기대,2026-05-11 11:04:29,domestic_bond
환율,"네오위즈, 1Q 매출 1014억·영업익 70억...""브라운더스트2"" 견인",2026-05-11 11:25:58,real_assets
국제유가,"한전, 역대급 1분기 실적 전망에도...하반기 ""먹구름",2026-05-11 11:29:41,real_assets
환율,"안정적 전력공급 흔들림 없이 수행"" 서부발전, 에너지안보 불확실성 극복 대응체계 강화",2026-05-11 11:50:33,real_assets
국제유가,"유가 보조금 없었다면 올해 물가 3.7%""...운송불확실성은 오일 쇼크 수준",2026-05-11 13:06:54,real_assets
국제유가,"이런 주4일제 원한게 아닌데""...항공유 폭등에 비상경영 나선 여행사",2026-05-11 13:25:06,real_assets
국제유가,이란전쟁으로 천연고무가 9년만에 가장 비싸진 까닭은,2026-05-11 14:20:57,real_assets
채권금리,"HUG, 건설 하도급 업체 상환보증...상생결제제도 도입",2026-05-11 15:56:24,domestic_bond
달러강세,"외국인 4조 던져도 더 올랐다""...반도체 불기둥에 코스피 7900 눈앞",2026-05-11 15:59:17,real_assets
기준금리,"우리은행, 전세대출 문턱 낮췄다...최저 年 3.71%",2026-05-11 16:08:59,domestic_bond
국제유가,"한번에 다~~ 태운다""... 가정의 달, 패밀리카가 신났다",2026-05-11 16:12:32,real_assets
국제유가,"두바이는 기름 안 난다"" 썬킴이 밝힌 중동 전쟁의 반전 (만학도지씨)",2026-05-11 16:34:06,real_assets
환율,"구윤철 ""올해 경제성장률 2% 웃돌 것...코스피 아직 낮은 수준",2026-05-11 17:00:59,real_assets
기준금리,"은행보다 더 싸게 대출"" 재건축수주 혈투",2026-05-11 17:24:11,domestic_bond
채권금리,"공사대금채권 유동화로...롯데건설, 3천억원 조달",2026-05-11 17:24:12,domestic_bond
원유,물가안정에 발목잡힌 정유업계,2026-05-11 17:26:24,real_assets
국제유가,"金 사지 말아달라"" 印모디 총리 호소",2026-05-11 17:47:39,real_assets
WTI,"종전협상 파행에 유가 들썩... 美 ""유류세 일시중단 검토",2026-05-11 17:47:41,real_assets
채권금리,부동산에 자금 쏠려 中企는 돈가뭄,2026-05-11 17:48:03,domestic_bond
기준금리,연체 0%대' 우량 DNA... 전국 1200개 새마을금고에 이식한다,2026-05-11 17:53:06,domestic_bond
환율,외국환율고시표,2026-05-11 17:53:07,real_assets
국제유가,AI 랠리에 6만3000 뚫은 일본 증시...이란 변수에 상승 반납,2026-05-11 17:55:56,real_assets
국제유가,"에쓰오일, 유가 급등에 1분기 흑자전환",2026-05-11 17:56:23,real_assets
원유,"이란, 고농축 우라늄 美반출 거부 ""일부 희석하고 나머진 3국 이전을",2026-05-11 17:57:40,real_assets
원유,"북한에 원유 90만배럴 반출""...전한길 등 가짜뉴스 유포자 10명 입건",2026-05-11 18:01:59,real_assets
원유,스마트·속도·소통... 까다롭지만 '똑부' 비서실장,2026-05-11 18:02:10,real_assets
기준금리,"은행보다 싸게 대출해드리죠, 강남이니까""...도넘은 재건축 수주전",2026-05-11 18:50:28,domestic_bond
국채,"QUANTUM LEAP ACQUISITION CORP, 누적 적자 19만 달러..M&A 완료 시한 압박",2026-05-11 19:01:50,domestic_bond
원유,"캐내디언 내추럴 리소시즈, 주총서 이사진 재선임·감사인 승인 완료",2026-05-11 19:02:10,real_assets
원유,"펨비나 파이프라인, 2026년 주총서 이사 10명 전원 선임",2026-05-11 19:05:20,real_assets
환율,"배브콕 앤 윌콕스, 1분기 매출 44% 증가·조정 EBITDA 296% 급증",2026-05-11 19:06:01,real_assets
달러강세,"돌(DOLE), 1분기 매출 23억 달러..전년비 11.6% 증가",2026-05-11 19:06:51,real_assets
달러강세,"코디악 가스 서비시스, 1분기 조정 EPS 0.59달러..전년비 69% 급증",2026-05-11 19:08:52,real_assets
달러강세,"타운스퀘어 미디어, 1분기 매출 9,680만 달러·흑자전환 성공",2026-05-11 19:10:42,real_assets
채권금리,"아센드라 헬스, 1분기 매출 6억2780만 달러..전년비 6.9% 감소",2026-05-11 19:36:44,domestic_bond
원유,"콜리브리 글로벌 에너지, 회전신용한도 7500만 달러로 확대",2026-05-11 19:47:25,real_assets
환율,"올라 마이닝, 1분기 매출액 3억7900만 달러..전년비 170% 급증",2026-05-11 19:57:35,real_assets
환율,"헤인 셀레셜 그룹, 3분기 매출 3억3800만 달러..전년비 13%↓",2026-05-11 20:10:17,real_assets
달러강세,"세바, 1분기 라이선스 매출 18% 급증·3년 최고치 달성",2026-05-11 20:10:57,real_assets
달러강세,"마이크론테크, AI·데이터센터 수요 급증에 2026년 매출 192% 성장 전망",2026-05-11 20:51:51,real_assets
달러강세,"유니티 그룹, 1분기 매출 9억8750만 달러·전년비 대폭 증가",2026-05-11 21:12:23,real_assets
국제유가,"제발 금 좀 사지 말아주세요""...인도 모디 총리, 호소한 이유는",2026-05-11 21:18:40,real_assets
채권금리,"파 퍼시픽 홀딩스, 5억 달러 규모 2034년 만기 선순위 채권 발행",2026-05-11 21:28:54,domestic_bond
환율,"우린 너희와 달라""...인터넷 막힌 이란 국민, 특권층은 자유롭게 접속",2026-05-11 21:55:18,real_assets
달러강세,"배릭골드, 1분기 EPS 20% 성장·매출 15% 급증 어닝 서프라이즈",2026-05-11 22:51:00,real_assets
달러강세,"유니티그룹, 1분기 매출 대폭 증가·광섬유 가입자 사상 최고치 기록",2026-05-11 22:55:41,real_assets
환율,"이타우 유니방코 홀딩스, 1분기 순이익 10% 증가..효율성 비율 역대 최저",2026-05-12 00:48:36,real_assets
환율,"이타우 유니방코 홀딩스, 1분기 순이익 11.6% 증가·ROE 22.9% 달성",2026-05-12 00:51:07,real_assets
채권금리,"방코 산탄데르 칠레, 1조7150억원 규모 채권 발행 완료",2026-05-12 03:45:00,domestic_bond
국채,"AI거품? 터질 때 아니다""...월가 거물이 꼽은 다음 투자처는 ""광물·에너지",2026-05-12 04:00:00,domestic_bond
국제유가,전쟁 중인데 연일 불장...큰손들이 시장 끌어올리는 이유,2026-05-12 04:00:00,real_assets
채권금리,"크레딧 액셉턴스, 4억5000만 달러 규모 자산담보대출 완료",2026-05-12 05:04:32,domestic_bond
원유,"라마코 리소시즈, 1분기 EPS -0.30달러 적자·매출 1억2천만 달러",2026-05-12 05:12:14,real_assets
WTI,"엠플리파이 에너지, 1Q26 매출 3750만 달러·EPS 0.93달러 적자",2026-05-12 05:12:44,real_assets
달러강세,"라이프360, 1분기 매출 1억4310만 달러..전년비 38% 증가",2026-05-12 05:14:35,real_assets
달러강세,"애플 호스피탈리티 리츠, 1분기 호텔 매출 4.3% 증가·3억3694만 달러 달성",2026-05-12 05:17:56,real_assets
원유,"파워 솔루션스 인터내셔널, 1분기 매출 1억2860만 달러..전년비 5% 감소",2026-05-12 05:20:27,real_assets
달러강세,"해로우 헬스, 1Q26 매출 4420만 달러..전년비 7.5%↓",2026-05-12 05:21:27,real_assets
기준금리,"그레이스톤 하우징 임팩트 인베스터스, 1분기 순이익 133만 달러..CAD 305만 달러",2026-05-12 05:27:29,domestic_bond
원유,"서밋 미드스트림, 1분기 조정 EBITDA 5420만 달러..우선주 배당 완납",2026-05-12 05:27:39,real_assets
환율,"방코 산탄데르 칠레, 1분기 순이익 2805억 페소..전년비 1.3% 감소",2026-05-12 05:30:00,real_assets
기준금리,"콜리어스 인터내셔널 그룹, 반기 배당 주당 0.15달러 선언",2026-05-12 05:31:50,domestic_bond
환율,"셀렉티스, 1분기 매출액 578만 달러..전년비 46% 급감",2026-05-12 05:32:20,real_assets
달러강세,"에너지 서비시스 오브 아메리카, 2분기 매출 9320만 달러..21.5% 증가",2026-05-12 05:34:01,real_assets
달러강세,"인터그룹 코퍼레이션, 3분기 영업이익 81% 급증..호텔 매출 35% 증가",2026-05-12 05:34:51,real_assets
WTI,전쟁피로 속 美증시 질주...S&P·나스닥 최고치,2026-05-12 05:36:43,real_assets
달러강세,"라이프360, 1분기 광고 매출 329% 폭증·연간 가이던스 상향 조정",2026-05-12 05:44:53,real_assets
원유,"에코페트롤, 주총 승인 정관 개정안 상업회의소 정식 등록 완료",2026-05-12 05:51:54,real_assets
국채,"LGL 그룹, 1분기 매출 18% 증가에도 영업비용 급증으로 적자 전환",2026-05-12 05:55:04,domestic_bond
채권금리,"캐피탈 클린 에너지 캐리어스, 1분기 매출 9800만 달러..전년비 3.9%↓",2026-05-12 06:01:04,domestic_bond
환율,"수자노 파펠 에 셀루로스, 순부채 110억 달러 목표·레버리지 2.5배 이하 유지",2026-05-12 06:04:55,real_assets
WTI,"오빈티브, 1분기 영업현금흐름 11억 달러·생산 68만배럴 달성",2026-05-12 06:06:05,real_assets
기준금리,"유지아이, 자회사 아메리가스 5억 달러 채권 발행··기존 고금리 채무 상환",2026-05-12 06:06:55,domestic_bond
채권금리,"트라베레 테라퓨틱스, 4억 달러 규모 전환사채 발행..2029년 만기 채권 조기상환",2026-05-12 06:11:56,domestic_bond
채권금리,"트레블앤레저, 9억 달러 선순위 담보부 채권 발행..기존 부채 조기 상환",2026-05-12 06:15:37,domestic_bond
달러강세,"인테그라 리소시즈, 1분기 매출 6170만 달러..전년비 8.2% 증가",2026-05-12 06:20:57,real_assets
기준금리,"애쉬포드 호스피탈러티 트러스트, 1분기 주당 11.03달러 적자..자산 매각 가속화",2026-05-12 06:28:08,domestic_bond
WTI,"에스오일, 유가 안정화 이후 본격 반등 전망",2026-05-12 08:08:52,real_assets
환율,"이제 더 끌어올 영혼도 없습니다""...경기 아파트경매 한달새 30% 쑥",2026-05-12 08:11:56,real_assets
원유,"위치추적 장치 끄고 비밀스럽게""...호르무즈 해협 통과한 유조선들 정체는",2026-05-12 08:51:24,real_assets
WTI,중동 긴장에도 이어간 반도체 랠리...나스닥 종전 최고치,2026-05-12 09:03:27,real_assets
기준금리,"사상 최강의 기술 사이클""...골드만도 깜짝 놀란 한국 AI 수출",2026-05-12 09:09:29,domestic_bond
국제유가,"한은 비둘기파도 돌아섰다...연일 ""물가 압력"" 경고, 금리인상 시작되나",2026-05-12 10:35:13,real_assets
금값,"금값 된 반도체...갤S27 기본형, 중국산 화면 쓰나",2026-05-12 10:43:15,real_assets
국제유가,"스튜어디스 합격했는데 출근을 못해요""...항공사, 입사지연·무급휴직까지",2026-05-12 11:27:08,real_assets
원유,"물가안정 중요하지만 손실은 어쩌나""...""최고가격제"" 발목잡힌 정유업계",2026-05-12 11:36:23,real_assets
달러강세,"업비트 코인, 10종목 중 9은 상승세...분위기 좋아진 코인시장",2026-05-12 12:25:31,real_assets
기준금리,"삼성증권, 증권사 목표가 상향에 강세...3.92%",2026-05-12 13:19:27,domestic_bond
원유,"S-Oil ""석유 최고가격제에 따른 실적 변동성 확대 예상"" 증권사 발표에 강세...3.79%",2026-05-12 14:02:48,real_assets
환율,"네이버웹툰 미국 본사, 1분기 영업적자만 100억 넘어",2026-05-12 14:25:27,real_assets
환율,"외국인 몰려오고 명품·미식도 통했다...신세계, 1분기 ""사상 최대 실적",2026-05-12 14:34:52,real_assets
국제유가,"7월 지나면 식품값 줄인상?...중동전쟁 장기화에 식품업계 ""한두달이 한계",2026-05-12 15:34:51,real_assets
국채,8천피 코앞서 미끄러진 코스피 머니닥터 3인방 긴급 진단,2026-05-12 15:50:01,domestic_bond
달러강세,"8천피, 딱 1포인트 남았는데""...코스피, 외국인 매도세에 7600대 하락 마감",2026-05-12 16:09:07,real_assets
환율,코스피 2% 내린 7643...원·달러 환율은 1489.9원 마감,2026-05-12 16:33:42,real_assets
원유,"국정 관련 가짜뉴스는 장난 아닌 형사처벌되는 범죄"" 이 대통령 경고",2026-05-12 16:35:50,real_assets
환율,머니쇼 다시보기 오픈,2026-05-12 17:12:27,real_assets
국채,서학개미 유혹하는 美 토큰,2026-05-12 17:33:54,domestic_bond
원유,새로운 한국인들의 시대,2026-05-12 17:33:54,real_assets
환율,외국환율고시표,2026-05-12 17:42:19,real_assets
달러강세,AI시대 CPU도 뜬다... 퀄컴 주가 급등,2026-05-12 17:46:34,real_assets
환율,공모펀드 설명서에 투자위험 한눈에,2026-05-12 17:46:35,real_assets
국채,물가 상승 우려감 커지자... 국채3년 금리 연고점 경신,2026-05-12 17:46:36,domestic_bond
기준금리,"머리맞댄 美日 재무장관...""엔화값 급락 공동 대응",2026-05-12 17:59:55,domestic_bond
기준금리,"퍼스트 캐시, 1분기 매출 39억 달러·EPS 2.69달러..전년比 7%·30%↑",2026-05-12 19:03:15,domestic_bond
채권금리,"세즐, 3억 달러 신규 신용대출 확보..금리 2.9%p 인하",2026-05-12 19:03:56,domestic_bond
채권금리,"엔코어 캐피탈 그룹, 5억5000만 달러 선순위 담보부 채권 발행 추진",2026-05-12 19:08:07,domestic_bond
환율,"코포라시온 아메리카 에어포츠, 1분기 순이익 1218억 페소..전년비 113% 급증",2026-05-12 19:08:47,real_assets
달러강세,"알몬티 인더스트리스, 1분기 매출 221% 급증한 2540만 달러",2026-05-12 19:09:07,real_assets
달러강세,"뒤코묑, 1분기 매출 2억900만 달러..전년비 9% 증가",2026-05-12 19:12:38,real_assets
기준금리,"스타우드 프로퍼티 트러스트, 6억 달러 규모 선순위 채권 사모 발행",2026-05-12 19:13:09,domestic_bond
환율,"온 홀딩, 1분기 매출 8억3190만 프랑..순이익 82% 급증",2026-05-12 19:14:39,real_assets
기준금리,"세인트 조, 2025년 순이익 1억1562만 달러..전년비 28% 증가",2026-05-12 19:31:50,domestic_bond
달러강세,"아라마크, 2분기 매출 49억 달러·조정 EPS 0.49달러로 각각 15%·40% 급증",2026-05-12 19:36:01,real_assets
환율,"브라이트스타 로터리, 1분기 매출 5억8700만 달러·흑자전환",2026-05-12 19:44:11,real_assets
기준금리,"웨스턴 얼라이언스 뱅코퍼레이션, 2026년 자산 1000억 달러 돌파 목표",2026-05-12 19:49:02,domestic_bond
달러강세,"퍼스트 마제스틱 실버, 1분기 매출 4억7667만 달러·전년비 95% 급증",2026-05-12 20:09:24,real_assets
달러강세,"솔브 에너지, 1분기 매출 66%↑ 6억7700만 달러..조정 EBITDA 174% 급증",2026-05-12 20:10:54,real_assets
환율,"지브라 테크놀러지스, 1분기 매출 15억 달러..전년비 14% 성장",2026-05-12 20:29:16,real_assets
달러강세,"나약스, 1분기 매출 1억690만 달러..전년비 32% 증가",2026-05-12 20:35:18,real_assets
채권금리,"타일러 테크놀러지스, 12억5000만 달러 전환사채 발행·3억2000만 달러 자사주 매입",2026-05-12 20:45:30,domestic_bond
채권금리,"미국·이란 긴장 재고조에...국고채 금리 급등, 3년·10년물 30개월만에 최고",2026-05-12 20:46:16,domestic_bond
환율,"IHS 홀딩, 1분기 순이익 151% 급증·7700만 달러",2026-05-12 20:58:54,real_assets
채권금리,"루멘 테크놀러지스, 고금리 채권 교환 제안 조기참여 기한 1주일 연장",2026-05-12 21:40:49,domestic_bond
원유,"머피 USA, 5억 달러 규모 2034년 만기 선순위 담보부 채권 발행",2026-05-12 22:06:53,real_assets
채권금리,"뉴 포트리스 에너지, 자회사 8.9억 달러 채권 발행..12% 금리 담보부",2026-05-12 22:18:04,domestic_bond
환율,"아이스큐어 메디컬, 1분기 매출 91만1000달러..전년比 26%↑",2026-05-12 22:30:14,real_assets
국제유가,"관세·코인·에너지...트럼프가 쏜 ""3개의 화살",2026-05-13 04:00:00,real_assets
달러강세,"내셔널에너지서비스리유, 1분기 매출 12억6000만 달러로 20% 급증",2026-05-13 05:01:27,real_assets
환율,"더블다운 인터랙티브, 1분기 매출 9410만 달러·순이익 48% 급증",2026-05-13 05:11:00,real_assets
원유,"CVR 에너지, 1분기 조정 EBITDA 4억700만 달러로 흑자 전환",2026-05-13 05:30:36,real_assets
환율,"누보 몽드 그래파이트, 1분기 순손실 446만 달러..영업손실 24% 축소",2026-05-13 05:30:46,real_assets
채권금리,"머피 USA, 5억 달러 규모 2034년 만기 선순위 사채 발행",2026-05-13 05:35:48,domestic_bond
원유,"캐내디언 내추럴 리소시즈, 분기 배당 0.625캐나다달러 확정..26년 연속 성장",2026-05-13 05:39:09,real_assets
채권금리,"리듬 캐피탈, 5억 달러 규모 무보증 선순위 채권 발행 확정",2026-05-13 05:40:10,domestic_bond
원유,"이볼루션 페트롤리엄, 3분기 매출 2017만 달러·순손실 893만 달러 적자전환",2026-05-13 06:10:57,real_assets
원유,"플레인즈 올 아메리칸 파이프라인, 캐나다 NGL 사업 33억 달러 매각 완료",2026-05-13 06:21:58,real_assets
금값,"프랑코 네바다, 1분기 매출 6억5070만 달러..전년비 77% 급증",2026-05-13 06:22:08,real_assets
원유,"플레인스 그룹 홀딩스, 캐나다 NGL 사업부 33억 달러 매각..원유 중심 사업 전환",2026-05-13 06:23:48,real_assets
환율,"시나이 이뮤노테라퓨틱스, 6월 16일 주총 개최··보통주 발행한도 16배 확대",2026-05-13 06:30:48,real_assets
환율,미국 개미도 삼전·하이닉스 직구한다...외국인통합계좌 본격 도입,2026-05-13 07:39:51,real_assets
국제유가,AI 반도체 랠리에도 퀄컴 11% 급락...인플레 충격에 제동,2026-05-13 07:41:23,real_assets
원유,"김동선이 직접 맛보며 피드백...""프리미엄 아이스크림"" 벤슨, 내년까지 100호점 낸다",2026-05-13 07:46:13,real_assets
국채,"320억달러"" 토큰화 시장 겨냥 JP모건, 두 번째 토큰화 MMF ""JLTXX"" SEC 서류 제출",2026-05-13 08:48:40,domestic_bond
국채,"코인 이자보다 미 국채가 낫다""...""수익형 코인"" 판도 바꾸는 RWA",2026-05-13 08:49:03,domestic_bond
환율,롤러코스터 탄 코스피...7844 마감하며 사상 최고치,2026-05-13 09:20:27,real_assets
환율,"파란 눈 서학개미 잡아라""...""외인 통합계좌"" 서비스 확대하는 증권가",2026-05-13 09:24:21,real_assets
달러강세,"코스피 2% 넘게 급락, 7500선 붕괴...삼성전자 5% ""뚝",2026-05-13 09:42:25,real_assets
국채,"삼전 노사협상 결렬·美 CPI 충격... 원투펀치에 코스피 ""급락"" 출발",2026-05-13 09:47:36,domestic_bond
WTI,또다시 1490원대...지지부진 휴전 협상에 원화값 하락 지속,2026-05-13 09:55:56,real_assets
국제유가,출퇴근 시간 부산 시내버스 증편 이어 녹산산단 통근버스도 긴급 증편,2026-05-13 10:38:03,real_assets
원유,"돈 안받고 호르무즈 통과시켰다""...이란과 협정 맺으려는 나라 줄섰다는데",2026-05-13 11:10:54,real_assets
국제유가,유류비 급등 VS 역대급 항공 수요...항공주 살아날까,2026-05-13 11:11:45,real_assets
WTI,상승세 美 CPI에 비트코인 8만弗선 후퇴,2026-05-13 11:49:32,real_assets
국제유가,"S-Oil, ""1Q26 Review: 지정학 Risk가 기회로"" 증권사 발표에 강세",2026-05-13 14:22:02,real_assets
환율,"덴티움 ""얼마나 EPS가 더 오르려는 건지 감도 안 옴"" 증권사 발표에 강세...5.74%",2026-05-13 14:23:32,real_assets
국채,"미국식 패권 모델 한계...한국, 실용외교 넘는 비전 가져야",2026-05-13 14:34:16,domestic_bond
원유,"AI GPU도 선물거래 대상으로...CME, 첫 ""컴퓨팅 선물"" 출시",2026-05-13 14:44:45,real_assets
환율,"온라인 플랫폼 분쟁 ""폭발""... 지난해 조정접수 4726건 역대 최대",2026-05-13 14:56:56,real_assets
환율,"티엘비, 증권사 목표가 상향에 강세...5.5%",2026-05-13 15:01:12,real_assets
국채,"SK하이닉스 ""모두가 낙관하는 가운데 리스크도 커진다"" 증권사 발표에 강세...3.11%",2026-05-13 15:27:52,domestic_bond
달러강세,"롤러코스터"" 코스피, 급락 후 급반등...7844 사상 최고",2026-05-13 15:37:36,real_assets
달러강세,"현대차·LG전자까지 뛰었다...휴머노이드 기대감에 증시 ""들썩",2026-05-13 16:29:41,real_assets
국제유가,일자리 위협보다 혁신 창출에 무게... 'AI 창업리셋' 기획 돋보여,2026-05-13 16:34:38,real_assets
환율,"불닭 신화 계속된다""...삼양식품, 1분기 역대 최대 실적, 영업익 32%↑",2026-05-13 16:39:29,real_assets
원유,전쟁 장기화에 원유 동맥경화... 글로벌 대체에너지 투자 크게 늘것,2026-05-13 17:43:29,real_assets
국채,나랏빚 상환 vs 재분배... 초과세수 논쟁,2026-05-13 17:50:37,domestic_bond
국제유가,재고착시'로 정유 깜짝 실적 하반기엔 수익악화 우려 커,2026-05-13 17:57:54,real_assets
국제유가,"한전, 1분기 실적 '깜짝 선방",2026-05-13 18:00:56,real_assets
환율,삼성전자에 갑질' 브로드컴 공정위 과징금 불복訴 패소,2026-05-13 18:02:39,real_assets
원유,K조선 수주 랠리 '순항' 연간목표 이미 절반 달성,2026-05-13 18:07:01,real_assets
환율,외국환율고시표,2026-05-13 18:08:29,real_assets
환율,경동나비엔 1분기 영업익 638억 1000만원...61.7% 증가,2026-05-13 18:09:05,real_assets
원유,"에코페트롤, 1분기 EBITDA 마진 47%..역대급 수익성 달성",2026-05-13 19:03:14,real_assets
원유,"에코페트롤, 비독립이사 후안 곤살로 카스타뇨 발데라마 사임",2026-05-13 19:05:04,real_assets
채권금리,"알곤퀸 파워 앤 유틸리티스, 11억5000만 달러 선순위채 발행..2026년 만기채 차환",2026-05-13 19:05:35,domestic_bond
환율,"버켄스탁 홀딩, 2분기 매출 6억1833만 유로·자체 성장률 14% 달성",2026-05-13 19:10:16,real_assets
환율,"버켄스탁, 매출 성장에도 환율·관세 직격탄...수익성 악화로 투자심리 위축",2026-05-13 19:10:36,real_assets
국채,"李, 베선트에 ""통화스왑 필요",2026-05-13 19:59:05,domestic_bond
국채,원화값 약세 고착화...안정적 대미투자 위한 안전장치 제안,2026-05-13 19:59:45,domestic_bond
달러강세,"페이세이프, 1분기 매출 4억4270만 달러..전년비 10% 증가",2026-05-13 20:02:39,real_assets
달러강세,"로컬 바운티 코퍼레이션, 1분기 매출 15% 증가·조정 EBITDA 손실 35% 개선",2026-05-13 20:45:59,real_assets
원유,"팜파 에너지아, 1분기 매출 62% 증가한 6억3300만 달러..흑자전환",2026-05-13 21:06:50,real_assets
달러강세,"블루미아 홀딩스, 3분기 매출 16% 증가에도 주당 0.43달러 적자",2026-05-13 21:07:50,real_assets
국제유가,"63억 적자→5조 흑자라고?...정유사 미친 실적, 실은 신기루라는데",2026-05-13 21:25:02,real_assets
환율,"코포라시온 아메리카 에어포츠, 1Q26 매출 5.4억 달러·순이익 122% 급증",2026-05-13 21:35:13,real_assets
국제유가,미국 4월 도매물가 전월대비 1.4%↑...전망 대폭 상회,2026-05-13 21:35:50,real_assets
환율,"보이드 그룹 서비스, 1분기 매출액 9.97억 달러·전년비 28% 증가",2026-05-13 21:49:54,real_assets
국채,"나랏빚 상환이냐, 재분배냐...반도체 호황이 부른 초과세수 논쟁",2026-05-13 22:16:21,domestic_bond
환율,"USA 레어 어스, SVRE 합병 다수 리스크 요인 공개..주가 변동성 확대 경고",2026-05-13 22:29:56,real_assets
국제유가,美 생산자물가 4년來 최대 상승,2026-05-13 22:53:00,real_assets
채권금리,"루멘테크놀러지스, 고금리 채권 교환 기한 연장...재무구조 개선 기대감 부각",2026-05-13 23:11:59,domestic_bond
채권금리,"아르셀로미탈, 10억 달러 회사채 발행..2036년 만기 5.375% 금리",2026-05-14 00:20:02,domestic_bond
달러강세,"뒤코묑, 1분기 매출 35억 달러·방위·항공우주 수요 급증에 강세",2026-05-14 01:42:26,real_assets
채권금리,"아르셀로미탈, 10억 달러 규모 채권 발행..2036년 만기",2026-05-14 02:53:48,domestic_bond
환율,"파슬 그룹, 1분기 매출 2억2480만 달러·영업이익 1200만 달러 흑자전환",2026-05-14 05:10:02,real_assets
채권금리,"인베스트코프 크레딧 매니지먼트, 1분기 순자산 14% 감소..NAV 3.65달러",2026-05-14 05:26:27,domestic_bond
원유,"오케아니스 에코 탱커스, 1분기 배당금 주당 2달러 지급",2026-05-14 05:29:47,real_assets
환율,"로지스틱 프로퍼티스 오브 더, 1분기 매출 1억4400만 달러·21.6% 증가",2026-05-14 05:35:48,real_assets
환율,"CTW 케이맨, 2분기 매출 4090만 달러..적자전환에 순손실 116만 달러",2026-05-14 05:36:39,real_assets
달러강세,"U.S. 글로벌 인베스터스, 1분기 흑자전환..순이익 268만 달러",2026-05-14 05:36:59,real_assets
달러강세,"팀SI, 1분기 매출 2억1510만 달러..전년비 8.3% 증가",2026-05-14 05:38:29,real_assets
원유,"배탤리언 오일, 1분기 EPS -3.72달러 적자..순부채 40% 감축",2026-05-14 05:46:00,real_assets
원유,"플레인즈 올 아메리칸 파이프라인, Cynthia Taylor 독립이사 선임",2026-05-14 06:03:44,real_assets
국채,"韓성장률 전망 1.9→2.5% 대폭 상향...KDI ""재정정책 필요성 크지 않아",2026-05-14 06:04:44,domestic_bond
원유,"플레인스 그룹 홀딩스, 30년 경력 에너지 전문가 테일러 독립이사 선임",2026-05-14 06:04:54,real_assets
환율,"갤럭시 못만들텐데?""...삼성에 갑질한 기업, 과징금 불복도 패소",2026-05-14 06:05:07,real_assets
달러강세,"매뉴라이프 파이낸셜, 1분기 핵심 순이익 18억 캐나다달러..8% 증가",2026-05-14 06:11:35,real_assets
달러강세,"아비노 실버앤골드 마인스, 1분기 매출 3940만 달러..전년비 109%↑",2026-05-14 06:17:55,real_assets
원유,인플레 우려에도 반도체 섹터 떴다...뉴욕증시 S&P500·나스닥 또 사상 최고치,2026-05-14 06:44:39,real_assets
국채,"트럼프 센척 하지만, 美경제 금가는 소리 커졌다""...30년물 금리 5% 돌파",2026-05-14 08:19:32,domestic_bond
환율,"연내 ""1만500피""...KB증권, AI 수요에 반도체 실적전망 급상향",2026-05-14 10:47:17,real_assets
원달러,"반도체 아직 시작 단계""...증권가, 역대급 주가에도 ""삼전닉스"" 목표가 또 올린다",2026-05-14 10:59:58,real_assets
원유,"중동발 정세 불안에 한국공항공사, 전국 공항 주요 건설 현장 특별점검",2026-05-14 11:03:26,real_assets
국채,"반도체 호황에 나라빚 줄어든다?""... 국가채무비율 50% 돌파 제동 걸릴듯",2026-05-14 11:22:34,domestic_bond
국채,"1490원 환율은 비정상""... 정부, 중동 전쟁 끝나면 원화 강세 전환",2026-05-14 11:24:27,domestic_bond
국채,"美 예탁기관 DTCC, ""토큰화로 Repo 효율 극대화",2026-05-14 13:34:47,domestic_bond
환율,"오기형 ""김용범 탓에 코스피 흔들렸다? ""AI 세금 프레임""은 완전한 왜곡",2026-05-14 14:10:44,real_assets
국제유가,"정부 ""석유 최고가격제, 국제유가 100달러 이하 돼야 해제 검토",2026-05-14 14:59:04,real_assets
환율,"한국항공우주, ""글로벌 수주 기반 성장 본격화"" 증권사 발표에 강세",2026-05-14 15:17:48,real_assets
달러강세,"코스피 또 사상 최고치...개인 2.8조 ""사자""에 7981 마감",2026-05-14 15:40:45,real_assets
국제유가,"고유가 지원금"" 18일부터 또 받는다...국민 70% 대상, 첫 주 요일제",2026-05-14 16:01:00,real_assets
환율,"K-스타트업 ""AI 시대 일자리 해법은 창업",2026-05-14 16:04:34,real_assets
원유,"삼성重·HD한국조선해양, LNG운반선 2척씩 나란히 수주",2026-05-14 16:09:36,real_assets
국제유가,"장세혁, 100대1 경쟁률 뚫고 ""너에게 다이브"" 주연 발탁",2026-05-14 16:11:15,real_assets
채권금리,"이지혜 에임 대표, 불확실성의 시대, 달러 기반 자산관리가 해답",2026-05-14 16:23:34,domestic_bond
국제유가,"월 1회, 단 10분 면회 위해 '암호문' 같은 메모를 썼다",2026-05-14 17:25:19,real_assets
원유,이란 전쟁과 한국의 에너지·물류 생존 전략,2026-05-14 17:25:20,real_assets
채권금리,지난해 벤처투자 6.8조원... 3년만에 최대치,2026-05-14 17:35:55,domestic_bond
원유,"백악관 ""미중 정상, ""이란 핵무기 불허"" 동의...호르무즈 통행료 반대",2026-05-14 17:41:24,real_assets
국제유가,"한달에 1번, 단 10분 면회 위해...이희호는 ""암호문"" 같은 메모를 썼다",2026-05-14 17:54:39,real_assets
채권금리,1분기에 작년 절반 번 한투...순익 75% 급증,2026-05-14 17:58:48,domestic_bond
달러강세,트럼프 따라 중국 간 젠슨 황... 美빅테크 동반 상승,2026-05-14 17:58:49,real_assets
환율,외국환율고시표,2026-05-14 18:00:48,real_assets
환율,고유가 악재 뚫은 중국 여행...무비자·가성비에 수요 폭발,2026-05-14 18:01:01,real_assets
채권금리,"엔코어 캐피탈 그룹, 3억 유로 채권 발행..고금리 부채 상환 추진",2026-05-14 19:06:54,domestic_bond
국채,"버널캐피탈애퀴지션, IPO로 1억500만 달러 조달 성공",2026-05-14 19:09:45,domestic_bond
채권금리,"어드밴스드 에너지 인더스트리즈, 10억 달러 규모 무이자 전환사채 발행",2026-05-14 19:12:16,domestic_bond
달러강세,"YETI 홀딩스, 1분기 매출 8% 증가·3.8억 달러...관세 부담에 EPS 35% 급감",2026-05-14 19:12:26,real_assets
원유,"콜리브리 글로벌 에너지, 1분기 매출 1억9600만 달러..전년비 19.5% 증가",2026-05-14 19:51:58,real_assets
원유,"美·中 ""호르무즈 개방·이란 핵 불허 합의",2026-05-14 19:55:24,real_assets
환율,"일렉트라 배터리 머티리얼즈, 1분기 순이익 2,814만 달러..흑자전환",2026-05-14 20:17:01,real_assets
달러강세,"레젠스, 1분기 매출 10억 달러 돌파..전년비 105% 급증",2026-05-14 20:27:52,real_assets
환율,"JBS, 보통주당 1.00달러 배당 지급..5월 18일 배당락",2026-05-14 21:32:44,real_assets
원유,"트럼프-시진핑, 9년만에 만나 글로벌 현안 한목소리 냈지만 ""대타협"" 없어",2026-05-14 21:37:35,real_assets
환율,"블루 문 메탈스, 1분기 순손실 3,410만 달러..전년比 적자 확대",2026-05-14 21:37:55,real_assets
환율,"베온, 1분기 매출 12억 달러..전년비 17% 증가",2026-05-14 21:48:56,real_assets
달러강세,"브로드컴, BOA 선호 종목 선정...AI 가속기·네트워킹 시장 확대 수혜 기대",2026-05-15 00:42:14,real_assets
달러강세,"넷솔 테크놀러지스, 3분기 매출 20억달러로 사상 최고 기록",2026-05-15 03:12:30,real_assets
달러강세,"클리퍼 리얼티, 1분기 영업익 440만달러 흑자전환..순손실 68% 개선",2026-05-15 05:07:34,real_assets
달러강세,"TORM, 1분기 순이익 1억2240만 달러..전년비 94% 급증",2026-05-15 05:10:25,real_assets
달러강세,"오프 더 훅 YS, 1분기 매출 2980만 달러..영업손실 287만 달러",2026-05-15 05:15:17,real_assets
국채,"SHREYA ACQUISITION GROUP, IPO로 1억1천만 달러 조달 완료",2026-05-15 05:15:51,domestic_bond
환율,"매나테크, 1분기 매출 6.3% 감소했지만 흑자전환 성공",2026-05-15 05:18:52,real_assets
원유,"프레리 오퍼레이팅, 1분기 매출 8340만 달러..전분기比 500% 급증",2026-05-15 05:22:03,real_assets
국채,"스카이 하버 그룹, 1분기 매출 56% 급증·마이애미 2단계 68% 임대율 달성",2026-05-15 05:22:14,domestic_bond
달러강세,"어반 원, 1Q26 매출 7770만 달러..전년比 15.8%↓",2026-05-15 05:25:55,real_assets
달러강세,"빈치 파트너스 인베스트먼트, 1Q26 FRE 9630만 헤알..전년비 47%↑",2026-05-15 05:26:25,real_assets
달러강세,"탑포인트 홀딩스, 1분기 매출 8% 증가한 411만 달러..영업손실 71만 달러",2026-05-15 05:36:10,real_assets
환율,"제미니 스페이스 스테이션, 비트코인으로 1억 달러 규모 지분 투자 유치",2026-05-15 05:36:50,real_assets
채권금리,"밸리 내셔널 뱅코프, 6.219% 후순위채 5억달러 발행",2026-05-15 05:39:11,domestic_bond
WTI,"미중 긴장 완화, AI랠리에 美증시 일제히 상승",2026-05-15 05:42:31,real_assets
금값,"얼라이드 골드, 1분기 매출 3억9,411만 달러..금 생산 14% 증가",2026-05-15 05:57:03,real_assets
채권금리,"그리프, 매출채권 유동화 계약 체결..재무 유연성 확대",2026-05-15 06:12:35,domestic_bond
원유,"비바코, 1,200만 달러 전환사채 발행 완료..RPC 시운전 가속화",2026-05-15 06:13:05,real_assets
채권금리,"타일러 테크놀러지스, 14억 달러 전환사채 발행..자사주 매입 강화",2026-05-15 06:14:56,domestic_bond
채권금리,"케네디 윌슨 홀딩스, 18억 달러 규모 선순위 채권 발행 가격 확정",2026-05-15 06:19:46,domestic_bond
채권금리,"작년에 대박냈는데 올해는 그 두 배""...반도체 아닌데 불타는 이 기업",2026-05-15 06:24:35,domestic_bond
국제유가,미국 물가가 한국 반도체 발목잡는다?...위험신호 도미노처럼 온다는데,2026-05-15 08:48:13,real_assets
달러강세,"삼전닉스, 언제까지 들고 있어야 하나요?""...증권가가 내놓은 답은",2026-05-15 08:53:18,real_assets
달러강세,"코스피, 결국 8000도 뚫었다...""꿈의 8000피"" 시대 개막",2026-05-15 09:15:14,real_assets
채권금리,"예금은 2% 주면서 주담대는 7% 달라고""...예대금리차 2년새 2배로",2026-05-15 09:20:46,domestic_bond
국제유가,"사실상 계약금 제로""...문장건설 ""사우역 지엔하임"" 선착순 계약",2026-05-15 09:57:44,real_assets
환율,이 대통령 지지율 61%...민주 45%·국힘 23%,2026-05-15 10:05:52,real_assets
국제유가,"11년 연속 적자이던 관광수지, 마침내 흑자 전환...그 비결 살펴보니",2026-05-15 10:11:48,real_assets
환율,"李대통령 지지율 3%P 떨어진 61%...""조작기소 특검법 여파",2026-05-15 10:20:45,real_assets
달러강세,"도파민 증시"" 뒤 숨겨진 그림자",2026-05-15 10:54:09,real_assets
원유,美·이란 전쟁에 늘어난 석탄 수요...벌크 운임 급등에 달리는 팬오션,2026-05-15 11:25:50,real_assets
달러강세,"가상자산 ""명확하게"" 클래리티법, 미국 상원 본회의 간다...디지털 자산 관련주 일제히 환호",2026-05-15 11:27:57,real_assets
국채,코스피 급락에 매도 사이드카 발동,2026-05-15 13:36:47,domestic_bond
환율,"롯데그룹, 뉴욕팰리스호텔 부지 인수자금 3억달러 투자자 자금으로 전액 조달",2026-05-15 13:37:00,real_assets
환율,"장중 4% 넘게 미끄러진 코스피 ""매도 사이드카 발동",2026-05-15 14:17:12,real_assets
국제유가,金보다 귀하신 몸...銀 보는 눈이 달라졌다,2026-05-15 14:25:55,real_assets
국제유가,하늘길은 다시 대형사 중심으로?,2026-05-15 14:42:58,real_assets
달러강세,"원화값, 한 달여 만에 장중 1500원선 넘어...코스피 7%넘게 급락",2026-05-15 15:06:28,real_assets
환율,"친환경 원료"" 한 우물...""클린 뷰티"" 타고 好好",2026-05-15 15:08:43,real_assets
국채,증시 랠리 속...소외주엔 희망이 없다?,2026-05-15 15:15:52,domestic_bond
환율,"김명수 매경AX 대표 ""기술은 따라잡혀도 신뢰는 복제 못해",2026-05-15 15:32:57,real_assets
국채,"8000피 찍고 와르르""...코스피, 6.1% 급락한 7493 마감",2026-05-15 15:35:49,domestic_bond
원유,"호르무즈 통행료는 국제법 위반""... 황종우 해수부 장관, 자유 항행 원칙 강조",2026-05-15 15:44:44,real_assets
채권금리,韓 통화정책 수장을 설명하는 다섯 단어,2026-05-15 16:20:06,domestic_bond
환율,세아제강지주 1분기 매출 9919억...건설 부진에도 선방,2026-05-15 16:32:20,real_assets
국채,"코스피, ""8천피"" 찍고 급변침...6.1% 급락한 7493 마감",2026-05-15 16:38:27,domestic_bond
원유,"휴~ 우윳값 안 오르겠네""...올해 원유 가격 동결에 장바구니 한숨 돌렸다",2026-05-15 16:49:02,real_assets
채권금리,롯데건설 1분기 영업이익 504억원... 전년 동기보다 13배↑,2026-05-15 17:06:19,domestic_bond
원유,日 유조선 2척 호르무즈 무사통과...한국은 특사까지 보냈는데,2026-05-15 17:08:20,real_assets
환율,롯데손보 1분기 285억 영업손실...보험이익은 흑자 전환,2026-05-15 17:15:14,real_assets
국채,단기 급등에 파업 불안까지...1차 지지선은 7000,2026-05-15 17:39:46,domestic_bond
국제유가,파랗게 질려버린 코스피... LG그룹만 혼자 웃었다,2026-05-15 17:50:39,real_assets
원유,전쟁發 벌크 운임 급등에 팬오션 주가 올해 56% 쑥,2026-05-15 17:50:40,real_assets
원유,같은 듯 다른 美·中 발표 희토류·핵감축은 빠졌다,2026-05-15 17:51:02,real_assets
원유,"시진핑 ""대만 공격시 美가 방어할거냐""... 트럼프는 답 안했다",2026-05-15 17:51:02,real_assets
환율,외국환율고시표,2026-05-15 17:51:36,real_assets
국제유가,"1분기 외국계銀 실적 희비...씨티은행 61%↑, SC제일은행 6.3%↓",2026-05-15 17:55:23,real_assets
국채,삼성파업 공포...韓증시 검은 금요일,2026-05-15 18:00:08,domestic_bond
금값,3600만원 샤넬백·롤렉스 거부하더니...그 돈으로 SK하이닉스 풀매수,2026-05-15 18:25:05,real_assets
국채,대형 금융사 토큰화 경쟁 본격화...온체인 금융 인프라 구축 가속,2026-05-15 19:02:54,domestic_bond
채권금리,"TPG RE 파이낸스 트러스트, 5억 달러 규모 신규 차입 조달 완료",2026-05-15 19:04:54,domestic_bond
환율,"KB금융그룹, 1분기 순이익 1조9165억 원..전년비 13% 증가",2026-05-15 19:16:45,real_assets
환율,"일렉트로바야, 1분기 매출 1805만 달러·전년비 20% 성장",2026-05-15 19:16:55,real_assets
국제유가,"LG전자 주주입니다. 이런 날이 있네요""...시퍼런 장에 홀로 불탔다",2026-05-15 19:52:45,real_assets
환율,"로그프로스타일, 주당 0.022달러 특별배당 발표..총 52만 달러 규모",2026-05-15 21:55:45,real_assets
달러강세,6000% 폭등 비결은 와플 먹방?... 스페이스X 라이벌의 비밀,2026-05-16 04:00:00,real_assets
원유,"삼전닉스 팔아 ""조선업 엔비디아"" 산다... 파업조차 기회라는데",2026-05-16 04:00:00,real_assets
환율,"에코페트롤, 2026년 1분기 보고서 공개..중남미 에너지 시장 입지 강화",2026-05-16 05:20:45,real_assets
채권금리,"브로드리지 파이낸셜 솔루션즈, 5억 달러 규모 선순위 담보부 채권 발행 완료",2026-05-16 05:37:58,domestic_bond
채권금리,"르네상트, 1분기 순이익 8820만 달러·주당순이익 0.94달러 기록",2026-05-16 05:39:08,domestic_bond
원유,"탑 쉽스, 1천만 달러 공모 철회..시장상황 고려 중단",2026-05-16 05:42:48,real_assets
채권금리,"디지털브릿지 그룹, 4억 달러 증권화 채권 발행 완료",2026-05-16 05:43:48,domestic_bond
달러강세,"리딩 인터내셔널, 1분기 매출 4510만 달러..전년비 12% 증가",2026-05-16 05:44:58,real_assets
채권금리,"케네디 윌슨 홀딩스, 6억 달러 규모 채권 매입 제안..경영진 주도 인수합병 추진",2026-05-16 05:49:52,domestic_bond
국채,"유나이티드 스테이츠 안티모니, 1분기 매출 680만 달러..순손실 1,130만 달러 기록",2026-05-16 05:53:02,domestic_bond
원유,"트럼프 ""시진핑 독재자건 아니건 존경...중국, 보잉 추가 750대 구매 약속",2026-05-16 06:16:50,real_assets
국채,"美 반도체주 4% 급락...삼성전자·SK하이닉스 ""검은 월요일"" 오나",2026-05-16 10:16:50,domestic_bond
국채,"시진핑의 3년, 트럼프의 6개월...투자자는 시간을 벌었다",2026-05-16 11:53:34,domestic_bond
채권금리,"송파 신축 옆에 10억대로 먼저 들어간다""... 거여마천 손익계산서 따져보니",2026-05-17 05:00:00,domestic_bond
금값,금은방도 깜박 속은 가짜금...삼성 박차고 나온 금은방 아들한테 딱 걸렸다,2026-05-17 08:33:47,real_assets
국제유가,"AI 랠리, 내후년까지 지속될 것"" vs ""강세장 끝나면 하락폭 상당할 수도",2026-05-17 09:18:09,real_assets
국제유가,"잠깐 쉬었다 갈게요""...이번주 8천피 재도전, 엔비디아에 달렸다",2026-05-17 10:04:30,real_assets
달러강세,"다시 서학개미?...""결국 빅테크"" 인텔 등 집중매수",2026-05-17 11:36:39,real_assets
국제유가,"파나시아, 배가 내뿜는 탄소, 바로 잡아내... 친환경·에너지로 '영토 확장",2026-05-17 16:02:14,real_assets
원유,세차례 오일쇼크...에너지 전략 바꿀때,2026-05-17 17:18:53,real_assets
환율,원화표시제로 면세점 가격 신뢰 회복해야,2026-05-17 17:24:03,real_assets
원유,AI 열풍 탄 HD현대重도 '노조 리스크'... 파고 넘어 순항할까,2026-05-17 17:28:24,real_assets
원유,중동전쟁發 금리상승 악재... 주식시장이 견뎌내는 이유,2026-05-17 17:28:26,real_assets
국채,美반도체주 4% 내릴때 코스피 0.6% 내려,2026-05-17 17:36:22,domestic_bond
WTI,韓 국고채 금리 껑충...영끌족 부담 커질듯,2026-05-17 17:44:50,real_assets
환율,외국환율고시표,2026-05-17 17:44:52,real_assets
원유,"트럼프, 호르무즈 정책도 뒤집나...""이란 거래 中기업 제재 완화 검토",2026-05-17 17:48:55,real_assets
국채,국채금리 초비상...마의 5% 뚫려,2026-05-17 17:50:04,domestic_bond
WTI,"장기금리 5% 넘자 바로 폭락""... 월가가 베센트만 바라보는 이유",2026-05-17 19:07:31,real_assets
달러강세,"시트콤 속 박영규가 보던 SK하이닉스 주가 ""460원""...그때 샀으면 40만% 수익률",2026-05-17 19:15:34,real_assets
WTI,"미중 ""이란-대만"" 빅딜 가능성... 한국 증시 수혜 종목은?",2026-05-18 04:00:00,real_assets
WTI,"이제 유가 말고 정제마진 보세요""... 월가가 정유주 베팅하는 이유",2026-05-18 04:00:00,real_assets
달러강세,"외국인은 공매도, 개미는 풀매수""...21일 젠슨황 입에 달린 코스피",2026-05-18 04:00:00,real_assets
환율,"코스피 아직 싸다""... 정부가 꺼내든 PBR 읽는 법",2026-05-18 04:00:00,real_assets
원유,"영업익 30% 달라"" K조선 번진 성과급 요구...오히려 좋다는 월가",2026-05-18 06:12:47,real_assets
달러강세,"호재 뿐인데 주가 하락, 오래 안 간다""...반등은 수순이라는 조선업",2026-05-18 09:03:30,real_assets
WTI,"코스피 1만 시대 열린다...하나증권, ""이익 선반영 시 지수 상단 1만380",2026-05-18 09:05:51,real_assets
국제유가,코스피 3%대 급락에 7200선 추락...매도 사이드카 발동,2026-05-18 09:21:55,real_assets
국제유가,"중동전쟁에 뜬 하이브리드...유가 불안에 판매 ""폭증",2026-05-18 09:27:07,real_assets
국제유가,급락장에 코스피 매도 사이드카 발동...7100선까지 하락,2026-05-18 09:28:46,real_assets
국채,"증시, 피튀긴다...역대급 영업익 vs 국채금리발작·셀코리아 연합군",2026-05-18 09:43:17,domestic_bond
국채,"반도체주 어질어질하네요""...급락하던 SK하이닉스·삼성전자 반등",2026-05-18 10:08:30,domestic_bond
환율,중동 위기 장기화 대응 나선 부산시... 지원 기업 대폭 늘려,2026-05-18 11:07:50,real_assets
환율,"경기 불황에도 ""폐점률 0%""...자영업자 곡소리 속 살아남는 메가 브랜드",2026-05-18 11:11:08,real_assets
국제유가,1분기 업비트·빗썸 고객 예치금 10% 급감,2026-05-18 11:26:33,real_assets
채권금리,"익스프레스 매각대금으로 갚는다""...홈플러스, 메리츠 대출 조건 공개",2026-05-18 11:28:31,domestic_bond
금값,"아시아골드, 민간 최초 ""6면 잠상"" 제품 출시... 가맹 모집 가속화",2026-05-18 11:29:02,real_assets
국제유가,"다음달엔 비행기표 사볼까""...유류할증료 내려 대한항공 최대 11만2500원하락",2026-05-18 11:30:32,real_assets
국채,"월가 채권왕 ""올해 금리인하 사실상 불가능...4%대 CPI 보게될것",2026-05-18 15:09:36,domestic_bond
국채,"일주일 새 70원 요동쳤지만...전문가 전망은 ""원화값, 하반기에 안정될 듯",2026-05-18 15:50:32,domestic_bond
국제유가,"KX하이텍, 1분기 영업이익 74.9억...전년비 351%",2026-05-18 15:58:30,real_assets
국채,외국인 3.6조 팔았지만...28만 전자 앞세워 7500선 회복,2026-05-18 16:37:35,domestic_bond
달러강세,"하이닉스가 삼전 넘어서면 던져라""...하나증권이 말한 버블 붕괴의 순간",2026-05-18 16:59:31,real_assets
환율,외국환율고시표,2026-05-18 17:32:45,real_assets
국제유가,미·일 국채 금리 동반 폭등... 신현송의 첫 금통위 주목한다,2026-05-18 17:38:59,real_assets
환율,"李 ""노동권만큼 경영권도 존중돼야"", 이익 배분은 경영권 핵심",2026-05-18 17:38:59,real_assets
국채,"큰손들 이구동성 ""AI""...담은 종목은 각양각색",2026-05-18 17:52:30,domestic_bond
원유,"LNG선 등 3척 추가요""... 삼성重 1.1조 규모 수주",2026-05-18 17:56:31,real_assets
국채,반도체만 달렸다... 로봇·바이오 '털썩,2026-05-18 17:57:21,domestic_bond
국채,패닉 빠진 글로벌 채권시장...韓 채권금리는 그나마 잠잠,2026-05-18 17:57:22,domestic_bond
원유,"트럼프 ""이란, 아무것도 남지 않게 될 것",2026-05-18 17:57:24,real_assets
채권금리,"상품권 사채"" 빚 떠안은 30대 여성 숨진 채 발견...경찰 ""타살 가능성 없어",2026-05-18 18:24:27,domestic_bond
채권금리,"상품권 사채"" 추심 피해 추정 30대 여성 숨진채 발견",2026-05-18 18:38:04,domestic_bond
달러강세,"니우 테크놀러지스, 1분기 매출 33% 증가한 9억950만 위안..적자폭 확대",2026-05-18 19:07:00,real_assets
달러강세,"리브램프 홀딩스, 4분기 영업익 4천만달러..75% 급증",2026-05-18 19:07:40,real_assets
원유,"그린랜드 에너지, 북극 최대 130억 배럴 원유 탐사 시추 3분기 착수",2026-05-18 19:08:21,real_assets
달러강세,퍼블리시스 25억달러 인수 제안에 리브램프홀딩스 강세,2026-05-18 19:10:51,real_assets
원유,"텍사스 퍼시픽 랜드 트러스트, 물 사업 매출 비중 48%..순이익률 52% 달성",2026-05-18 21:04:00,real_assets
달러강세,"클로버 헬스 인베스트먼츠, 1분기 의료비용 비율 개선·AI 플랫폼 효과 본격화",2026-05-18 21:35:32,real_assets
국채,"중동 사태 장기화에 일본도 ""긴장""...다카이치 총리, 에너지 추경 편성 검토",2026-05-18 22:07:45,domestic_bond
달러강세,"차이나 백 에너지 테크놀러지, 1분기 매출 99% 급증·6960만 달러 기록",2026-05-18 22:12:44,real_assets
채권금리,"유지아이, 자회사 AmeriGas 5.75% 선순위채 4.7억 달러 매입",2026-05-18 22:13:04,domestic_bond
달러강세,"C3IS, 1분기 조정순이익 550만 달러..전년비 358% 급증",2026-05-18 22:13:34,real_assets
원유,"이란 매체 ""미국에 새 종전안 전달...원유 제재 완화도 논의",2026-05-18 22:14:10,real_assets
채권금리,"방코 산탄데르 칠레, 14만 UF 규모 채권 발행..금리 1.81% 확정",2026-05-18 22:46:47,domestic_bond
채권금리,"크레디콥, 1분기 순이익 2063억 솔 기록..전년비 16% 증가",2026-05-19 00:53:15,domestic_bond
원유,"마린 페트롤리엄, 2분기 배당 주당 0.096달러..전분기비 5% 감소",2026-05-19 00:57:55,real_assets
원유,"페르미안 베이슨 로열티 트러스트, 단위당 0.020달러 배당 발표..와델 랜치 적자로 감소",2026-05-19 01:00:55,real_assets
국채,"美국채 믿었다가 -14%""... 요즘 부자들 ""브라질 달러채"" 담는 이유",2026-05-19 04:00:00,domestic_bond
원유,"美中 ""관리된 안정"" 시대 돌입... ""엔비디아 칩 풀리면 SK하이닉스에 호재",2026-05-19 04:00:00,real_assets
채권금리,"방코 산탄데르 칠레, 162억원 규모 무기명 채권 발행..만기 2032년",2026-05-19 04:06:48,domestic_bond
원유,"플렉서블 솔류션즈 인터네셔널, 1분기 매출 830만 달러..전년비 11% 증가",2026-05-19 04:35:19,real_assets
국채,"QUANTUM LEAP ACQUISITION CORP, SPAC 공모로 2억1000만 달러 확보..사업결합 대상 탐색 중",2026-05-19 05:16:01,domestic_bond
환율,"엑스피, 주당 0.20달러 배당 결정·10억 헤알 규모 자사주 매입 승인",2026-05-19 05:20:21,real_assets
국채,"반도체 없는데 주식 이야기, 스트레스네요""...로봇·바이오는 주저앉았다",2026-05-19 05:56:22,domestic_bond
채권금리,"에이피아이 그룹, 5억 달러 채권 발행·신용대출 연장 완료",2026-05-19 06:01:44,domestic_bond
원유,"중국 견제?...미국 ""에너지 취약국에 해상 러시아산 원유 30일간 거래 허가",2026-05-19 07:08:03,real_assets
국제유가,"소화력 엄청나네""...""삼전닉스"" 외국인 매도 폭탄, 다 받아내는 개미들",2026-05-19 08:58:31,real_assets
달러강세,"반도체 말고 뭐? 외국인 픽은 지주사""...한국주식 84조 팔면서도 SK·두산·한화 집중매수",2026-05-19 09:08:35,real_assets
WTI,이란 불확실성에 춤춘 뉴욕증시...반도체 약세에 혼조 마감,2026-05-19 09:08:58,real_assets
국채,"월급 받아 대출 갚는 데 다 쓰겠네""...시중은행 주담대 금리 7% 재돌파",2026-05-19 09:49:08,domestic_bond
국제유가,세계 각국에 날아든 이란 전쟁 청구서,2026-05-19 09:57:55,real_assets
국제유가,"기대에 부응하겠다""...주가 하락에 ""주주님께 드리는 글"" 올린 이 회사",2026-05-19 10:06:59,real_assets
국제유가,"밀리면 산다...하이닉스 ""줍줍""나서",2026-05-19 11:12:49,real_assets
WTI,"외국인 주식 발빼는 이유 이거였나""...미국 10년물 금리 15개월래 최고",2026-05-19 11:27:06,real_assets
원유,"日 언론 ""한일 정상회담, 에너지 안보 협력에 중점",2026-05-19 11:42:53,real_assets
WTI,중동 불안에 비트코인 7.7만달러 붕괴,2026-05-19 13:40:24,real_assets
국채,"대신증권, 연 7%대 고금리 채권 한정 판매",2026-05-19 13:48:26,domestic_bond
환율,"국민의힘, ""공소취소"" 본격 공세...""與, 지선 직후 특검법 추진할 것",2026-05-19 13:50:42,real_assets
채권금리,"신용 낮은데 이자 덜 낸다...은행 17곳 中 16곳서 마통 ""금리 역전",2026-05-19 13:58:01,domestic_bond
환율,"주식 만큼 역동적인 환율 등락, 숟가락 얹어볼까""...""환테크"" 재시동",2026-05-19 13:59:19,real_assets
환율,"국제부동산정책학회, 글로벌자산 리포지셔닝 로드맵 세미나 개최",2026-05-19 13:59:29,real_assets
국제유가,"반도체 아직 안 끝났다""...증권가가 본 하반기 증시 시나리오",2026-05-19 14:10:08,real_assets
원유,"그냥 ""삥뜯기""잖아?""...이란, 호르무즈 통과 선박 대상 비트코인 기반 보험 출시",2026-05-19 14:12:43,real_assets
국제유가,"예금만으로는 더 이상 힘들다"" 고환율·유가 쇼크가 바꾼 부의 포트폴리오",2026-05-19 15:01:45,real_assets
원유,"에너지안보·산업생태계 혁신·인재육성, 공기업 진화...""과거 이미지는 버리세요",2026-05-19 16:03:19,real_assets
원유,"한국석유공사, 국제공동비축 사업 통해 비중동산 원유 들여왔다",2026-05-19 16:10:41,real_assets
환율,머니쇼 다시 보기 오픈,2026-05-19 16:39:03,real_assets
국채,"코스피, 외국인 6조 팔자에 3%대 ""뚝""...7300선도 내줬다",2026-05-19 16:39:24,domestic_bond
환율,보수표 결집 노리는 국민의힘...與 후보들 직격에 현안 대응까지,2026-05-19 16:44:30,real_assets
채권금리,"LG전자, 회사채 수요예측서 목표액 9배 자금 확보",2026-05-19 16:45:57,domestic_bond
원유,"李대통령 ""韓日, LNG·원유 협력 강화...비축정보 소통 심화",2026-05-19 16:59:48,real_assets
달러강세,"다시 치솟는 원·달러 환율...1500원 ""뉴노멀"" 굳어지나",2026-05-19 17:15:54,real_assets
국채,고금리 속 美 기술주 향방은,2026-05-19 17:27:54,domestic_bond
환율,외국환율고시표,2026-05-19 17:28:34,real_assets
국채,가계부채 2000조 눈앞... 레버리지·빚투 경고한 금감원장,2026-05-19 17:42:46,domestic_bond
원유,중동戰으로 더욱 중요해진 韓·日 에너지 안보협력,2026-05-19 17:42:47,real_assets
환율,반도체에 웃고 울고... 극심한 변동성 장세,2026-05-19 17:43:53,real_assets
달러강세,스페이스X 조기 상장 소식에 우주항공 테마 강세...관련주 신고가 행진,2026-05-19 17:49:27,real_assets
국제유가,"트럼프 ""이란 공격 보류...核고집땐 전면전",2026-05-19 17:52:13,real_assets
국제유가,日 1분기 GDP '깜짝 성장' 내달 기준금리 인상 탄력,2026-05-19 17:52:14,real_assets
국제유가,"트럼프 ""내일 이란공격 일단보류...핵무기 계속 고집땐 전면전",2026-05-19 18:28:41,real_assets
환율,"아머 스포츠, 1분기 매출 19억5000만 달러..전년비 32% 급증",2026-05-19 19:04:01,real_assets
달러강세,"브릿지라인 디지털, 2분기 영업손실 43만 달러..전년비 42% 축소",2026-05-19 19:04:41,real_assets
환율,"믹웨어, 23회계연도 매출 222억 엔..영업익 14.7% 증가",2026-05-19 19:05:12,real_assets
환율,"홈디포, 1분기 매출 4.8% 증가한 418억 달러..EPS는 3.30달러",2026-05-19 19:09:13,real_assets
환율,"메이크마이트립, 4분기 영업익 29% 증가..버스 티켓팅 25% 급성장",2026-05-19 19:23:24,real_assets
원유,이 대통령 고향 안동에서 진행된 한일정상회담,2026-05-19 19:34:24,real_assets
환율,"주식 볼까봐 휴대폰 꺼놨습니다""...하루 300P씩 움직인 불지옥 증시",2026-05-19 20:33:21,real_assets
달러강세,"엘텍, 1분기 매출 18% 감소·290만 달러 순손실 기록",2026-05-19 20:37:58,real_assets
환율,"엘텍, 1분기 매출 18% 감소·290만 달러 순손실로 적자전환",2026-05-19 20:40:38,real_assets
달러강세,"시프리스 솔루션즈, 1분기 매출 2,581만 달러..적자폭 확대",2026-05-19 20:52:18,real_assets
환율,"세라곤 네트웍스, 1분기 매출 8500만 달러·영업이익 흑자전환",2026-05-19 21:01:49,real_assets
원유,"킴벨 로열티 파트너스, 텍사스 퍼미안 분지 자산 1억4700만 달러 인수",2026-05-19 21:38:00,real_assets
환율,"아머 스포츠, 1분기 매출 19억 달러·32% 성장..DTC 채널 45% 급증",2026-05-19 22:06:12,real_assets
달러강세,"인퓨시스템즈홀딩스, 20억 달러 자사주 매입 프로그램 승인으로 강세",2026-05-19 22:44:04,real_assets
원유,"李 ""한중일 협력 확대도 중요""... 다카이치 ""핵심광물 공급망 공조",2026-05-19 22:52:54,real_assets
원유,"韓日정상 ""LNG 이어 원유도 스왑",2026-05-19 23:02:45,real_assets
채권금리,"케넴메탈, 선순위 채권 신규 발행 및 3억 달러 규모 조기 상환 동시 추진",2026-05-19 23:15:15,domestic_bond
달러강세,"톰킨스 파이낸셜, 1분기 EPS 1.82달러..전년비 33% 증가",2026-05-20 00:15:57,real_assets
달러강세,"RGC리소스, 2026년 매출 111억 달러·EPS 7% 성장 전망에 강세",2026-05-20 01:01:18,real_assets
국제유가,고물가 저성장 전쟁 후유증 겪는 일본... 6월 기준금리 인상할 것,2026-05-20 04:00:00,real_assets
환율,AI 랠리 고점 아니냐고요?... 지금은 밀리면 더 살 때,2026-05-20 04:00:00,real_assets
달러강세,"이리덱스 코퍼레이션, 1분기 매출 1180만 달러..전년比 1% 감소",2026-05-20 05:15:55,real_assets
채권금리,"아메리칸 타워, 7억5000만 유로 규모 2033년 만기 채권 발행",2026-05-20 05:17:16,domestic_bond
달러강세,"제임스 하디 인더스트리즈, 4분기 매출 14억 달러..AZEK 인수효과 가시화",2026-05-20 05:35:00,real_assets
환율,"로지스틱 프로퍼티스 오브 더, 1분기 매출 22% 증가에도 순손실 확대",2026-05-20 06:06:02,real_assets
환율,"아우나, 1분기 매출 13% 증가·11억7800만 솔..순이익 75% 급감",2026-05-20 06:14:03,real_assets
달러강세,"유로나브, 1분기 순이익 3억7천만 달러..흑자전환 성공",2026-05-20 06:17:13,real_assets
국채,"디파이 주도권, 월가 닮아간다""...""리스크 큐레이터""가 뜬다",2026-05-20 08:56:02,domestic_bond
WTI,美국채금리 급등에 뉴욕증시 하락...나스닥 0.8%↓,2026-05-20 09:02:37,real_assets
국제유가,"7천피"" 맞춘 족집게, 이번엔 버블붕괴 경고...""국채금리 급등 심상치 않다",2026-05-20 09:09:07,real_assets
국채,"코스피, 2주 만에 7100선 붕괴...외국인 9거래일 연속 매도",2026-05-20 09:39:01,domestic_bond
달러강세,외국인 10거래일 매도·미국 금리 여파...코스피 장 초반 7100선 약세,2026-05-20 09:45:28,real_assets
채권금리,"삼성자산운용, 한국 투자 특화 ""삼성코리아EMP적격TDF2060"" 출시",2026-05-20 10:50:18,domestic_bond
국제유가,"중국도 일본도 미국국채 던진다""...중동전쟁 여파 ""환율 방어"" 안간힘",2026-05-20 11:06:49,real_assets
국채,"좋은 상품이 고객 부른다""...한투증권, 개인 금융상품 잔고 100조 돌파",2026-05-20 13:40:24,domestic_bond
국채,"오전에는 삼전 셀, 닉스 바이",2026-05-20 14:07:00,domestic_bond
원유,"조현 ""韓 초대형유조선 호르무즈 통과중""...전쟁 발발이후 처음",2026-05-20 14:48:49,real_assets
국채,"이번에도 어닝 서프라이즈?""...엔비디아 실적 앞두고 반도체株 촉각",2026-05-20 15:03:06,domestic_bond
채권금리,"김재식·장종필의 법을 알면 부동산이 보인다 - 월세 시대를 사는 ""법"": 내 집이라는 ""소유""에서 주거라는 ""서비스""로",2026-05-20 15:14:15,domestic_bond
원유,"나무호 피격"" 놓고 여야 공방...조현 ""이란에 ""당신들도 좀 찾아보고 협조해달라"" 얘기",2026-05-20 15:16:48,real_assets
환율,"배 만들다 데이터센터로 눈 돌린 HD현대중·한화엔진, ""수익성 대박이네",2026-05-20 15:27:36,real_assets
환율,"월급 1900% 올랐다고? 돈 얼마나 찍어냈으면""...북한 원·달러 환율 80% 폭등",2026-05-20 15:51:26,real_assets
환율,실속파 사로잡은 '히트상품' 올여름 무더위 날려버려요,2026-05-20 16:08:28,real_assets
WTI,"3고""에 외국인 10거래일 연속 ""팔자""까지...코스피, 7200선 턱걸이 하락 마감",2026-05-20 16:11:06,real_assets
국채,"미국보다 더 가파른 韓 국채금리 상승률, 초장기채 격차 5배",2026-05-20 16:11:28,domestic_bond
국제유가,전쟁 터지니 '돈줄' 됐다... K정유·석화 버릴 수 없는 이유,2026-05-20 16:11:33,real_assets
환율,"가장 좋은 때, 가장 어려운' 반도체 슈퍼사이클의 역설",2026-05-20 16:13:51,real_assets
환율,위기돌파의 아이콘' 도요타... 비결은 낮은 손익분기점,2026-05-20 16:13:51,real_assets
원유,호르무즈에 묶였던 韓유조선 첫 귀국길...200만배럴 싣고 순항 중,2026-05-20 16:15:29,real_assets
국채,"李정부 1년 경제성과...재경부""성장률 반등""·기획처""적극적 추경",2026-05-20 16:35:36,domestic_bond
국채,이 대통령 발언 직후부터 쏟아진 삼전 매수세,2026-05-20 16:41:20,domestic_bond
환율,"비싼 빵 사먹은 나만 억울하네요""...밀가루값 담합 제분사, 역대 최대 과징금",2026-05-20 17:12:35,real_assets
원유,"정부, 정유사들에 ""원가자료 내라",2026-05-20 17:45:09,real_assets
채권금리,"한투證, 개인 금융상품 잔액 100조 넘어",2026-05-20 17:47:48,domestic_bond
채권금리,1분기 국내은행 순익 6.7조...이자이익 15.8조 사상최대,2026-05-20 17:49:43,domestic_bond
환율,외국환율고시표,2026-05-20 17:49:44,real_assets
국제유가,세계 각국 美국채 투매 가속... 中보유액 2008년 이후 최저,2026-05-20 17:51:34,real_assets
국채,미국보다 더 가파른 韓 국채금리 상승률 30년물 격차 5배,2026-05-20 17:51:35,domestic_bond
원유,"韓국적선, 원유 200만배럴 싣고 울산行... 정부 ""남은 25척도 협의중",2026-05-20 17:51:35,real_assets
국제유가,채권 포비아' 글로벌 확산,2026-05-20 17:55:08,real_assets
원유,"韓국적 유조선 1척, 호르무즈 첫 탈출",2026-05-20 17:55:08,real_assets
국채,"열흘 연속, 매일 2조원 이상 던진 외국인",2026-05-20 18:01:24,domestic_bond
달러강세,"도리안 LPG, 4분기 매출액 1억5330만 달러··전년비 102% 급증",2026-05-20 19:03:00,real_assets
채권금리,"베온, 14억 달러 선순위 채권 발행..기존 채무 재융자 추진",2026-05-20 19:04:30,domestic_bond
채권금리,"홈플러스 금융 지원 샅바 싸움 여전...메리츠 ""부동산 가치 떨어져 지원 어렵다"" 주장",2026-05-20 19:04:31,domestic_bond
달러강세,"브이에프, 4분기 매출 22억 달러..영업이익 흑자전환",2026-05-20 19:06:01,real_assets
환율,"슈퍼 하이 인터내셔널 홀딩, 1분기 영업이익 71% 급증..매출 2억2600만 달러",2026-05-20 19:07:11,real_assets
원유,"외교부 ""한국 유조선, 호르무즈 통과...항행 지속",2026-05-20 19:26:15,real_assets
채권금리,"해즈브로, 1분기 매출 10억 달러·13% 증가..영업이익 58% 급증",2026-05-20 19:33:03,domestic_bond
원유,"하프니아, 5월 27일 1분기 실적 발표..배당률 8.26% 예상",2026-05-20 19:51:53,real_assets
채권금리,"이노베이티브 인더스트리얼 프로퍼티즈, 4490만 달러 규모 담보부 대출 완료",2026-05-20 20:01:43,domestic_bond
국제유가,"글로벌 금융위기 이후 최고...""채권 포비아"" 글로벌 확산",2026-05-20 20:14:57,real_assets
채권금리,"한양증권, 2차 특판 RP 출시··· 우대금리 최대 연 3.4%",2026-05-20 20:34:03,domestic_bond
채권금리,"아카마이 테크놀러지스, 30억 달러 전환사채 발행..클라우드 인프라 투자 확대",2026-05-20 20:46:56,domestic_bond
원유,"호르무즈 해협 대안 내놨다""...튀르키예, 연료 파이프라인 나토에 제안",2026-05-20 21:17:21,real_assets
달러강세,"로우스컴퍼니, 1분기 매출 231억 달러..전년비 10.5% 증가",2026-05-20 21:48:09,real_assets
채권금리,"루멘 테크놀러지스, 채권 공개 매입 7억6590만 달러 승인",2026-05-20 22:02:40,domestic_bond
원유,코인판 뒤흔드는 클래리티법(CLARITY Act)의 모든 것,2026-05-20 22:35:36,real_assets
채권금리,"방코 산탄데르 칠레, 250억 페소 채권 발행..만기 2031년",2026-05-20 22:58:43,domestic_bond
달러강세,"서던 퍼스트 뱅크셰어스, 1분기 순이익 8,830만 달러..전년비 88% 급증",2026-05-21 03:53:01,real_assets
국제유가,"달러당 1500원 뉴노멀 되나""... 서학개미도 동학개미도 환율이 중요한 이유",2026-05-21 04:00:00,real_assets
채권금리,"방코 산탄데르 칠레, 105억 페소 회사채 발행..금리 6.00% 확정",2026-05-21 04:36:51,domestic_bond
환율,"미쳤다고 할 때 샀다""... 십수 년째 시장을 이긴 알아주는 ""선수",2026-05-21 05:00:00,real_assets
달러강세,"인튜이트, 3분기 매출 86억 달러·전년비 10%↑..AI 플랫폼 성장 견인",2026-05-21 05:09:03,real_assets
달러강세,"이너시스, 4분기 매출 9억8800만 달러..전년비 1.3% 증가",2026-05-21 05:19:44,real_assets
달러강세,"레이몬드 제임스 파이낸셜, 4월 고객자산 1조8699억 달러..전년비 22% 급증",2026-05-21 05:23:45,real_assets
환율,"노드슨, 2분기 조정 EPS 2.86달러로 18% 급등..분기 신기록",2026-05-21 05:36:06,real_assets
WTI,종전 기대감에 발작 진정...국채금리 급락에 美증시 반등,2026-05-21 05:44:18,real_assets
국채,"외국인이 개미 털어먹는 날 올 줄 알았다""...열흘간 44조 순매도",2026-05-21 06:12:42,domestic_bond
환율,"스트로베리 필즈 리츠, 2억6000만 셰켈 규모 채권 발행 추진",2026-05-21 06:19:48,real_assets
국제유가,올여름 해외여행 변수... 유류할증료↓ 일본 출국세↑,2026-05-21 07:01:49,real_assets
국제유가,"정부, 정유사에 원가자료 요청...석유 최고가격제 손실보전 착수",2026-05-21 08:00:02,real_assets
WTI,금리·유가 진정에 뉴욕증시 반등... 다우 5만선 탈환,2026-05-21 09:02:13,real_assets
국제유가,"코스피, 3.85% 급등 출발해 7400선 회복...매수 사이드카 발동",2026-05-21 09:03:32,real_assets
국제유가,"전쟁 끝날 기미 없는데 물가는 이미 아찔""...생산자물가 28년 만에 최대 상승",2026-05-21 09:05:18,real_assets
국제유가,"코스피, 다시 8천피 가나...8%대 상승",2026-05-21 09:08:54,real_assets
국제유가,"코스피·코스닥, 급반등에 매수 사이드카 발동",2026-05-21 09:27:01,real_assets
국제유가,"환율 1500원 시대의 역설, 재계 덮친 원가 쇼크에 곳곳에서 비상경영",2026-05-21 10:02:39,real_assets
국제유가,"유류세 인하 2개월 연장...최고가격 ""동결"" 유력",2026-05-21 10:35:27,real_assets
원유,"중동發 ""나프타 쇼크""... 日 유통매장서 컬러가 사라진다",2026-05-21 10:42:33,real_assets
국제유가,삼성그룹 상장사 시총 합계 2000조원 넘어...총파업 피한 삼성전자 급등 영향,2026-05-21 10:50:27,real_assets
환율,"롯데리아, 단품 버거류 22종 등 가격 평균 2.9% 인상",2026-05-21 11:27:04,real_assets
환율,"엔비디아 팔고 삼성전자 담았다""...RIA 통해 2조원 국내 복귀",2026-05-21 12:11:18,real_assets
원유,"북한에 원유 넘겼다"" 가짜뉴스 퍼뜨린 50대...나라팔아 한단 짓이",2026-05-21 13:06:03,real_assets
달러강세,"SK하닉 400만원·삼전 59만원""...노무라, 코스피 1만1000 등 파격 목표가 내놔",2026-05-21 13:33:30,real_assets
환율,"셀트리온, 1092만주 무상증자 결정...자사주 1000억 추가 매입",2026-05-21 14:08:46,real_assets
환율,"돈 벌려면 국장이라는데요""...서학개미, SOXL 팔고 삼전닉스 2조 샀다",2026-05-21 14:20:01,real_assets
국채,"플룸, 버뮤다 라이선스 취득...기관급 RWA 자산운용 자격 첫 획득",2026-05-21 14:40:34,domestic_bond
원유,韓선원수 더 적은데...HMM 선박만 호르무즈 통과 허가받았다,2026-05-21 15:20:48,real_assets
WTI,코스피 8.42% 급등 마감...단숨에 7800선 회복,2026-05-21 15:36:54,real_assets
달러강세,"스페이스X 간다""...아주IB투자·미래에셋증권 동시 매수",2026-05-21 15:37:06,real_assets
국제유가,"누가 보면 IMF 한번 더 터진줄""...4월 생산자물가 ""미친 상승폭",2026-05-21 16:11:16,real_assets
환율,"김부겸 첫 유세서 만난 시민들...""샤이 김부겸 많을 것"" ""대구 경제 살리려면 추경호",2026-05-21 16:48:55,real_assets
환율,단품 버거류 22종 판매가...롯데리아 평균 2.9% 인상,2026-05-21 17:46:04,real_assets
환율,외국환율고시표,2026-05-21 17:49:03,real_assets
원유,"韓, 캐나다서 60조 잠수함 수주 막판 총력전",2026-05-21 17:54:00,real_assets
국제유가,석유류 32%·반도체 14%...생산자물가 급등,2026-05-21 17:57:56,real_assets
달러강세,삼성 그룹株 시총 2347조...'전자' 지분 품은 물산·생명도 웃었다,2026-05-21 18:03:06,real_assets
국채,삼성파업 면하자...코스피 '불기둥,2026-05-21 18:07:27,domestic_bond
국제유가,"석유 최고가격, 4회 연속 동결...조정 주기 ""2주→4주""로 늘린다",2026-05-21 19:04:35,real_assets
환율,"에퀴노르, 4분기 배당금 주당 0.39달러 확정..5월 27일 지급",2026-05-21 19:07:47,real_assets
달러강세,"히말라야 시핑, 1분기 매출 3360만 달러..전년비 52.7% 증가",2026-05-21 19:12:48,real_assets
달러강세,"어드밴스 오토 파트, 1분기 영업이익 99억원..흑자 전환",2026-05-21 19:34:59,real_assets
달러강세,"월마트, 1Q27 매출 1,778억 달러·EPS 0.67달러로 두 자릿수 성장",2026-05-21 20:02:01,real_assets
달러강세,"라이트스피드 포스, 4분기 매출 2억9080만 달러..전년비 15% 증가",2026-05-21 20:34:53,real_assets
달러강세,"디어앤컴퍼니, 주력 농업부문 영업이익 급감...실적 부진에 투자심리 위축",2026-05-21 22:52:30,real_assets
국제유가,지금 증시 닷컴버블과 다르다...미국 기본 깔고 코스피 더 늘릴 때,2026-05-22 04:00:00,real_assets
채권금리,"인구 줄어도 서울 집값 안 떨어진다""...부동산 고수가 ""소득""에 집중한 이유",2026-05-22 05:00:00,domestic_bond
달러강세,"테이크-투 인터렉티브 소프트웨어, 4분기 적자 대폭 축소..매출 6% 증가",2026-05-22 05:13:09,real_assets
달러강세,"줌 비디오 커뮤니케이션, 1분기 매출 12억 달러·EPS 1.42달러로 실적 호조",2026-05-22 05:14:10,real_assets
원유,"유로나브, 주당 0.64달러 배당 승인··이사회 구성 개편",2026-05-22 05:20:21,real_assets
국채,"매뉴라이프 파이낸셜, 우선주 시리즈 3·4 배당률 확정..연 4.64%·3.73%",2026-05-22 05:40:43,domestic_bond
채권금리,"크래프트 하인즈, 11억 달러 한도 채권 조기 매입 제안에 26억 달러 응모",2026-05-22 05:45:54,domestic_bond
채권금리,"에프엠씨, 12억 달러 규모 선순위 담보부 채권 발행",2026-05-22 06:03:15,domestic_bond
국채,"GSR V ACQUISITION CORP, 2억3천만 달러 신탁자산 보유..사업결합 18개월 내 완료 과제",2026-05-22 06:18:06,domestic_bond
WTI,미·이란 타결 기류에 뉴욕증시 안도...IBM 보조금 호재,2026-05-22 09:00:18,real_assets
환율,이 대통령 지지율 64%...민주 45%·국힘 22%,2026-05-22 10:05:01,real_assets
원유,"1인당 2개까지 구매 가능""...한국 이어 일본서도 사재기 대란인 ""이것",2026-05-22 10:05:33,real_assets
환율,"13년째 협력 이어져""...서부발전, IBK기업은행과 협력기업·지역 소상공인 금융지원 맞손",2026-05-22 10:10:27,real_assets
환율,"삼성 노사 합의에...李대통령 지지율 64%로 ""쑥",2026-05-22 10:31:44,real_assets
원유,"롯데정밀화학, ""원유 가격 변동에서 자유로운 사업 구조"" 증권사 발표에 강세",2026-05-22 10:47:58,real_assets
채권금리,"역대 관제펀드에 울었는데...국민성장펀드, 이번엔 다를까",2026-05-22 11:05:11,domestic_bond
원유,남양유업 사모펀드 인수되더니 잘나가네...1분기 분유 매출 전년비 10% 증가,2026-05-22 11:13:08,real_assets
채권금리,"공사 설립 이후 최초""...LH, 5억 호주달러화 채권 발행 성공",2026-05-22 11:19:34,domestic_bond
환율,"덕산네오룩스, 증권사 목표가 상향에 강세...3.37%",2026-05-22 13:04:09,real_assets
채권금리,"연회비 올려놓고 혜택은 왜 줄여?""...카드사의 불편한 생존법",2026-05-22 13:31:25,domestic_bond
채권금리,삼전닉스 담은 채권혼합형 ETF 봇물,2026-05-22 14:18:23,domestic_bond
환율,"성장 전략 ""결"" 다르지만...늘 신기록 경쟁",2026-05-22 14:40:24,real_assets
환율,포스코·삼성물산은 믿는 게 있었네,2026-05-22 14:44:45,real_assets
국채,"시트레아 ""비트코인을 진짜 활용할 수 있는 자산으로 만들 것",2026-05-22 14:54:50,domestic_bond
국제유가,"유가, 8월이 고비""...호르무즈 봉쇄 장기화에 ""오일 쇼크"" 경고음",2026-05-22 16:02:07,real_assets
국제유가,"국민성장펀드가 밀어주겠지""... 코스닥 랠리 본격화될까",2026-05-22 16:08:48,real_assets
채권금리,"퇴직연금 ""70% 룰""에 갇힌 노후자금",2026-05-22 16:14:07,domestic_bond
달러강세,"코스피 강보합 마감...코스닥 5% 급등 마감 ""국민성장펀드 기대감",2026-05-22 16:15:38,real_assets
환율,"SK하이닉스 미국 상장 카드, 반도체 자본시장 판 흔들 새 변수로",2026-05-22 16:26:10,real_assets
국제유가,역대급 불장서 소외됐던 코스닥...'국민펀드' 기대로 급등,2026-05-22 17:46:09,real_assets
달러강세,내달 12일 스페이스X 상장 결정... 美우주ETF 초강세,2026-05-22 17:46:10,real_assets
환율,외국환율고시표,2026-05-22 17:46:50,real_assets
달러강세,"에쿠스 토탈 리턴, 1분기 주당 순자산 1.50달러..전분기비 26% 급증",2026-05-22 19:02:03,real_assets
환율,"5년 묶여도, 베팅할만"" 국민성장펀드 오픈런",2026-05-22 21:34:20,real_assets
환율,"코스모스 홀딩스, 1분기 매출 1793만 달러로 30.7%↑...분기 최대 실적",2026-05-22 22:31:51,real_assets
달러강세,"에쿠스 토탈 리턴, 1분기 주당 순자산 26% 급증...원유 강세가 자산 가치 끌어올려",2026-05-23 03:00:48,real_assets
국채,"트럼프는 저금리 원하는데""... 그의 연준의장, 첫 심판대는 ""30년물 금리",2026-05-23 04:00:00,domestic_bond
원유,"사우디 왕세자가 골프 버리고 ""이것"" 산 이유",2026-05-23 05:00:00,real_assets
채권금리,"아센드라 헬스, 채무 재조정 위해 최대 9.75% 신규 채권 교환 제안",2026-05-23 05:09:51,domestic_bond
달러강세,"차코스 에너지 내비게이션, 1분기 순이익 8890만 달러·전년비 160% 급증",2026-05-23 05:19:11,real_assets
국채,"ENERGY TRANSITION SPECIAL OPPORTUNITIES, 자산 1억5185만 달러 규모 재무상태표 발표",2026-05-23 05:43:54,domestic_bond
채권금리,"몰슨 쿠어스 브루잉, 50억 달러 규모 선순위 채권 발행 계약 체결",2026-05-23 05:49:44,domestic_bond
달러강세,국민성장펀드가 끌어올린 코스닥...5% 급등에 매수 사이드카까지,2026-05-23 06:00:03,real_assets
국제유가,"경기·인천 분양가도 슬금슬금 올라""...수도권 평당 분양가 4000만원 돌파",2026-05-23 16:04:35,real_assets
국제유가,"지금 속초에 가면 볼 수 있는 ""한국판 골드코스트 해변"" 성지",2026-05-23 18:27:13,real_assets
국제유가,"역성장 쇼크 한달 만에 반전""...러시아 경제 살린 고유가",2026-05-23 20:33:33,real_assets
국제유가,"1500원대 ""뉴노멀"" 굳어질까...""원화값 약세, 일시적 현상 아냐",2026-05-24 10:14:56,real_assets
채권금리,"빚투, 정말 무서운 건데""...""포모"" 휩싸인 개미, 은행 마통 뚫어 주식투자 ""경고음",2026-05-24 11:36:42,domestic_bond
국제유가,"1500원이 뉴노멀?...""3高"" 시대 한국은행 금리 올릴까",2026-05-24 12:43:25,real_assets
국채,"다시 없을 불장, 2배도 성에 안 차""...서학개미, 반도체 3배ETF에 뭉칫돈",2026-05-24 13:52:29,domestic_bond
원유,중동산 원유 수입 37% 급감...사우디산 줄고 미국산 비중 늘어,2026-05-24 14:06:40,real_assets
환율,"오세훈 ""정원오·李대통령, 적당히 하라...이 정도 때렸으면 됐다",2026-05-24 14:40:16,real_assets
국제유가,"우크라 전쟁에도 서방 제재에도 안무너져""...푸틴 살린 4가지 무기",2026-05-24 14:45:10,real_assets
WTI,"주가 먼저 폭락해야 금리 잡힌다""... 월가도 놀란 ""역발상 보고서",2026-05-24 15:08:39,real_assets
국채,"2030년 대세는 美빅테크 아냐""...유럽 1등 큰손, 유망지역 찍었다",2026-05-24 16:59:10,domestic_bond
WTI,"주가 먼저 폭락해야 금리 잡힌다""...월가도 놀란 ""역발상 보고서",2026-05-24 17:12:12,real_assets
국채,"트럼프는 저금리 원하는데""...그의 연준의장, 첫 심판대는 ""30년물 금리",2026-05-24 17:12:43,domestic_bond
국채,2030년 투자승자 M7 아냐... 유럽·중국·인도서 나올 것,2026-05-24 17:30:46,domestic_bond
국채,간큰 서학개미' 반도체 3배 ETF 쓸어담아,2026-05-24 17:30:46,domestic_bond
채권금리,회사채도 '투자의 시대'...증권사 발행채 인기몰이,2026-05-24 17:30:47,domestic_bond
원유,중동산 원유 수입 37% 급감...사우디 비중 줄고 미국 늘어,2026-05-24 17:31:48,real_assets
환율,외국환율고시표,2026-05-24 17:31:52,real_assets
국제유가,핵물질 처리 두고 막판 줄다리기... 상호 공격은 자제키로,2026-05-24 17:48:44,real_assets
국제유가,"이제 공격은 그만합시다""...미·이란 휴전, 핵물질 처리 막판 쟁점",2026-05-24 23:18:56,real_assets
