Date,티커,ETF명,구분1,구분2,sector_main,sector_sub,기초지수,AUM(억원),종가,일별수익률
2026-01-02,A182490,TIGER 단기선진하이일드(합성 H),안전,해외채권_회사채,global_bond,credit,Markit iBoxx USD Liquid High Yield 0-5 year Index,97.06922945,13745,0.0010924981791697874
2026-01-05,A182490,TIGER 단기선진하이일드(합성 H),안전,해외채권_회사채,global_bond,credit,Markit iBoxx USD Liquid High Yield 0-5 year Index,97.06922945,13810,0.004728992360858442
2026-01-06,A182490,TIGER 단기선진하이일드(합성 H),안전,해외채권_회사채,global_bond,credit,Markit iBoxx USD Liquid High Yield 0-5 year Index,97.06922945,13765,-0.0032585083272990145
2026-01-07,A182490,TIGER 단기선진하이일드(합성 H),안전,해외채권_회사채,global_bond,credit,Markit iBoxx USD Liquid High Yield 0-5 year Index,97.06922945,13770,0.00036324010170729615
2026-01-08,A182490,TIGER 단기선진하이일드(합성 H),안전,해외채권_회사채,global_bond,credit,Markit iBoxx USD Liquid High Yield 0-5 year Index,97.06922945,13770,0.0
2026-01-09,A182490,TIGER 단기선진하이일드(합성 H),안전,해외채권_회사채,global_bond,credit,Markit iBoxx USD Liquid High Yield 0-5 year Index,97.06922945,13845,0.005446623093681824
2026-01-12,A182490,TIGER 단기선진하이일드(합성 H),안전,해외채권_회사채,global_bond,credit,Markit iBoxx USD Liquid High Yield 0-5 year Index,97.06922945,13835,-0.0007222824124232252
2026-01-13,A182490,TIGER 단기선진하이일드(합성 H),안전,해외채권_회사채,global_bond,credit,Markit iBoxx USD Liquid High Yield 0-5 year Index,97.06922945,13855,0.0014456089627756796
2026-01-14,A182490,TIGER 단기선진하이일드(합성 H),안전,해외채권_회사채,global_bond,credit,Markit iBoxx USD Liquid High Yield 0-5 year Index,97.06922945,13860,0.00036088054853844476
2026-01-15,A182490,TIGER 단기선진하이일드(합성 H),안전,해외채권_회사채,global_bond,credit,Markit iBoxx USD Liquid High Yield 0-5 year Index,97.06922945,13790,-0.005050505050505083
2026-01-16,A182490,TIGER 단기선진하이일드(합성 H),안전,해외채권_회사채,global_bond,credit,Markit iBoxx USD Liquid High Yield 0-5 year Index,97.06922945,13790,0.0
2026-01-19,A182490,TIGER 단기선진하이일드(합성 H),안전,해외채권_회사채,global_bond,credit,Markit iBoxx USD Liquid High Yield 0-5 year Index,97.06922945,13840,0.0036258158085569203
2026-01-20,A182490,TIGER 단기선진하이일드(합성 H),안전,해외채권_회사채,global_bond,credit,Markit iBoxx USD Liquid High Yield 0-5 year Index,97.06922945,13830,-0.0007225433526011349
2026-01-21,A182490,TIGER 단기선진하이일드(합성 H),안전,해외채권_회사채,global_bond,credit,Markit iBoxx USD Liquid High Yield 0-5 year Index,97.06922945,13800,-0.002169197396963085
2026-01-22,A182490,TIGER 단기선진하이일드(합성 H),안전,해외채권_회사채,global_bond,credit,Markit iBoxx USD Liquid High Yield 0-5 year Index,97.06922945,13785,-0.0010869565217391797
2026-01-23,A182490,TIGER 단기선진하이일드(합성 H),안전,해외채권_회사채,global_bond,credit,Markit iBoxx USD Liquid High Yield 0-5 year Index,97.06922945,13790,0.00036271309394275697
2026-01-26,A182490,TIGER 단기선진하이일드(합성 H),안전,해외채권_회사채,global_bond,credit,Markit iBoxx USD Liquid High Yield 0-5 year Index,97.06922945,13785,-0.00036258158085566983
2026-01-27,A182490,TIGER 단기선진하이일드(합성 H),안전,해외채권_회사채,global_bond,credit,Markit iBoxx USD Liquid High Yield 0-5 year Index,97.06922945,13790,0.00036271309394275697
2026-01-28,A182490,TIGER 단기선진하이일드(합성 H),안전,해외채권_회사채,global_bond,credit,Markit iBoxx USD Liquid High Yield 0-5 year Index,97.06922945,13810,0.0014503263234226793
2026-01-29,A182490,TIGER 단기선진하이일드(합성 H),안전,해외채권_회사채,global_bond,credit,Markit iBoxx USD Liquid High Yield 0-5 year Index,97.06922945,13830,0.0014482259232440065
2026-01-30,A182490,TIGER 단기선진하이일드(합성 H),안전,해외채권_회사채,global_bond,credit,Markit iBoxx USD Liquid High Yield 0-5 year Index,97.06922945,13785,-0.0032537960954447387
2026-02-02,A182490,TIGER 단기선진하이일드(합성 H),안전,해외채권_회사채,global_bond,credit,Markit iBoxx USD Liquid High Yield 0-5 year Index,97.06922945,13785,0.0
2026-02-03,A182490,TIGER 단기선진하이일드(합성 H),안전,해외채권_회사채,global_bond,credit,Markit iBoxx USD Liquid High Yield 0-5 year Index,97.06922945,13820,0.0025389916575988547
2026-02-04,A182490,TIGER 단기선진하이일드(합성 H),안전,해외채권_회사채,global_bond,credit,Markit iBoxx USD Liquid High Yield 0-5 year Index,97.06922945,13775,-0.0032561505065122898
2026-02-05,A182490,TIGER 단기선진하이일드(합성 H),안전,해외채권_회사채,global_bond,credit,Markit iBoxx USD Liquid High Yield 0-5 year Index,97.06922945,13780,0.0003629764065335994
2026-02-06,A182490,TIGER 단기선진하이일드(합성 H),안전,해외채권_회사채,global_bond,credit,Markit iBoxx USD Liquid High Yield 0-5 year Index,97.06922945,13785,0.00036284470246727984
2026-02-09,A182490,TIGER 단기선진하이일드(합성 H),안전,해외채권_회사채,global_bond,credit,Markit iBoxx USD Liquid High Yield 0-5 year Index,97.06922945,13805,0.0014508523757708058
2026-02-10,A182490,TIGER 단기선진하이일드(합성 H),안전,해외채권_회사채,global_bond,credit,Markit iBoxx USD Liquid High Yield 0-5 year Index,97.06922945,13800,-0.0003621876131836288
2026-02-11,A182490,TIGER 단기선진하이일드(합성 H),안전,해외채권_회사채,global_bond,credit,Markit iBoxx USD Liquid High Yield 0-5 year Index,97.06922945,13855,0.003985507246376807
2026-02-12,A182490,TIGER 단기선진하이일드(합성 H),안전,해외채권_회사채,global_bond,credit,Markit iBoxx USD Liquid High Yield 0-5 year Index,97.06922945,13780,-0.00541320822807656
2026-02-13,A182490,TIGER 단기선진하이일드(합성 H),안전,해외채권_회사채,global_bond,credit,Markit iBoxx USD Liquid High Yield 0-5 year Index,97.06922945,13765,-0.0010885341074020616
2026-02-19,A182490,TIGER 단기선진하이일드(합성 H),안전,해외채권_회사채,global_bond,credit,Markit iBoxx USD Liquid High Yield 0-5 year Index,97.06922945,13790,0.0018162005085360367
2026-02-20,A182490,TIGER 단기선진하이일드(합성 H),안전,해외채권_회사채,global_bond,credit,Markit iBoxx USD Liquid High Yield 0-5 year Index,97.06922945,13835,0.0032632342277012505
2026-02-23,A182490,TIGER 단기선진하이일드(합성 H),안전,해외채권_회사채,global_bond,credit,Markit iBoxx USD Liquid High Yield 0-5 year Index,97.06922945,13765,-0.005059631369714546
2026-02-24,A182490,TIGER 단기선진하이일드(합성 H),안전,해외채권_회사채,global_bond,credit,Markit iBoxx USD Liquid High Yield 0-5 year Index,97.06922945,13765,0.0
2026-02-25,A182490,TIGER 단기선진하이일드(합성 H),안전,해외채권_회사채,global_bond,credit,Markit iBoxx USD Liquid High Yield 0-5 year Index,97.06922945,13735,-0.002179440610243333
2026-02-26,A182490,TIGER 단기선진하이일드(합성 H),안전,해외채권_회사채,global_bond,credit,Markit iBoxx USD Liquid High Yield 0-5 year Index,97.06922945,13740,0.0003640334910812726
2026-02-27,A182490,TIGER 단기선진하이일드(합성 H),안전,해외채권_회사채,global_bond,credit,Markit iBoxx USD Liquid High Yield 0-5 year Index,97.06922945,13735,-0.0003639010189228076
2026-03-03,A182490,TIGER 단기선진하이일드(합성 H),안전,해외채권_회사채,global_bond,credit,Markit iBoxx USD Liquid High Yield 0-5 year Index,97.06922945,13760,0.0018201674554059188
2026-03-04,A182490,TIGER 단기선진하이일드(합성 H),안전,해외채권_회사채,global_bond,credit,Markit iBoxx USD Liquid High Yield 0-5 year Index,97.06922945,13760,0.0
2026-03-05,A182490,TIGER 단기선진하이일드(합성 H),안전,해외채권_회사채,global_bond,credit,Markit iBoxx USD Liquid High Yield 0-5 year Index,97.06922945,13765,0.0003633720930231732
2026-03-06,A182490,TIGER 단기선진하이일드(합성 H),안전,해외채권_회사채,global_bond,credit,Markit iBoxx USD Liquid High Yield 0-5 year Index,97.06922945,13740,-0.0018162005085361477
2026-03-09,A182490,TIGER 단기선진하이일드(합성 H),안전,해외채권_회사채,global_bond,credit,Markit iBoxx USD Liquid High Yield 0-5 year Index,97.06922945,13735,-0.0003639010189228076
2026-03-10,A182490,TIGER 단기선진하이일드(합성 H),안전,해외채권_회사채,global_bond,credit,Markit iBoxx USD Liquid High Yield 0-5 year Index,97.06922945,13735,0.0
2026-03-11,A182490,TIGER 단기선진하이일드(합성 H),안전,해외채권_회사채,global_bond,credit,Markit iBoxx USD Liquid High Yield 0-5 year Index,97.06922945,13735,0.0
2026-03-12,A182490,TIGER 단기선진하이일드(합성 H),안전,해외채권_회사채,global_bond,credit,Markit iBoxx USD Liquid High Yield 0-5 year Index,97.06922945,13705,-0.0021842009464870804
2026-03-13,A182490,TIGER 단기선진하이일드(합성 H),안전,해외채권_회사채,global_bond,credit,Markit iBoxx USD Liquid High Yield 0-5 year Index,97.06922945,13645,-0.004377964246625288
2026-03-16,A182490,TIGER 단기선진하이일드(합성 H),안전,해외채권_회사채,global_bond,credit,Markit iBoxx USD Liquid High Yield 0-5 year Index,97.06922945,13620,-0.0018321729571271206
2026-03-17,A182490,TIGER 단기선진하이일드(합성 H),안전,해외채권_회사채,global_bond,credit,Markit iBoxx USD Liquid High Yield 0-5 year Index,97.06922945,13615,-0.00036710719530097524
2026-03-18,A182490,TIGER 단기선진하이일드(합성 H),안전,해외채권_회사채,global_bond,credit,Markit iBoxx USD Liquid High Yield 0-5 year Index,97.06922945,13645,0.0022034520749174558
2026-03-19,A182490,TIGER 단기선진하이일드(합성 H),안전,해외채권_회사채,global_bond,credit,Markit iBoxx USD Liquid High Yield 0-5 year Index,97.06922945,13620,-0.0018321729571271206
2026-03-20,A182490,TIGER 단기선진하이일드(합성 H),안전,해외채권_회사채,global_bond,credit,Markit iBoxx USD Liquid High Yield 0-5 year Index,97.06922945,13595,-0.0018355359765050983
2026-03-23,A182490,TIGER 단기선진하이일드(합성 H),안전,해외채권_회사채,global_bond,credit,Markit iBoxx USD Liquid High Yield 0-5 year Index,97.06922945,13585,-0.0007355645457889359
2026-03-24,A182490,TIGER 단기선진하이일드(합성 H),안전,해외채권_회사채,global_bond,credit,Markit iBoxx USD Liquid High Yield 0-5 year Index,97.06922945,13660,0.005520794994479106
2026-03-25,A182490,TIGER 단기선진하이일드(합성 H),안전,해외채권_회사채,global_bond,credit,Markit iBoxx USD Liquid High Yield 0-5 year Index,97.06922945,13650,-0.0007320644216690653
2026-03-26,A182490,TIGER 단기선진하이일드(합성 H),안전,해외채권_회사채,global_bond,credit,Markit iBoxx USD Liquid High Yield 0-5 year Index,97.06922945,13670,0.00146520146520146
2026-03-27,A182490,TIGER 단기선진하이일드(합성 H),안전,해외채권_회사채,global_bond,credit,Markit iBoxx USD Liquid High Yield 0-5 year Index,97.06922945,13620,-0.003657644476956823
2026-03-30,A182490,TIGER 단기선진하이일드(합성 H),안전,해외채권_회사채,global_bond,credit,Markit iBoxx USD Liquid High Yield 0-5 year Index,97.06922945,13540,-0.005873715124816492
2026-03-31,A182490,TIGER 단기선진하이일드(합성 H),안전,해외채권_회사채,global_bond,credit,Markit iBoxx USD Liquid High Yield 0-5 year Index,97.06922945,13590,0.0036927621861151394
2026-04-01,A182490,TIGER 단기선진하이일드(합성 H),안전,해외채권_회사채,global_bond,credit,Markit iBoxx USD Liquid High Yield 0-5 year Index,97.06922945,13675,0.006254598969830827
2026-04-02,A182490,TIGER 단기선진하이일드(합성 H),안전,해외채권_회사채,global_bond,credit,Markit iBoxx USD Liquid High Yield 0-5 year Index,97.06922945,13670,-0.000365630712979903
2026-04-03,A182490,TIGER 단기선진하이일드(합성 H),안전,해외채권_회사채,global_bond,credit,Markit iBoxx USD Liquid High Yield 0-5 year Index,97.06922945,13710,0.002926115581565414
2026-04-06,A182490,TIGER 단기선진하이일드(합성 H),안전,해외채권_회사채,global_bond,credit,Markit iBoxx USD Liquid High Yield 0-5 year Index,97.06922945,13710,0.0
2026-04-07,A182490,TIGER 단기선진하이일드(합성 H),안전,해외채권_회사채,global_bond,credit,Markit iBoxx USD Liquid High Yield 0-5 year Index,97.06922945,13725,0.001094091903719896
2026-04-08,A182490,TIGER 단기선진하이일드(합성 H),안전,해외채권_회사채,global_bond,credit,Markit iBoxx USD Liquid High Yield 0-5 year Index,97.06922945,13700,-0.0018214936247723523
2026-04-09,A182490,TIGER 단기선진하이일드(합성 H),안전,해외채권_회사채,global_bond,credit,Markit iBoxx USD Liquid High Yield 0-5 year Index,97.06922945,13765,0.0047445255474452
2026-04-10,A182490,TIGER 단기선진하이일드(합성 H),안전,해외채권_회사채,global_bond,credit,Markit iBoxx USD Liquid High Yield 0-5 year Index,97.06922945,13820,0.0039956411187795915
2026-04-13,A182490,TIGER 단기선진하이일드(합성 H),안전,해외채권_회사채,global_bond,credit,Markit iBoxx USD Liquid High Yield 0-5 year Index,97.06922945,13750,-0.00506512301013029
2026-04-14,A182490,TIGER 단기선진하이일드(합성 H),안전,해외채권_회사채,global_bond,credit,Markit iBoxx USD Liquid High Yield 0-5 year Index,97.06922945,13805,0.0040000000000000036
2026-04-15,A182490,TIGER 단기선진하이일드(합성 H),안전,해외채권_회사채,global_bond,credit,Markit iBoxx USD Liquid High Yield 0-5 year Index,97.06922945,13805,0.0
2026-04-16,A182490,TIGER 단기선진하이일드(합성 H),안전,해외채권_회사채,global_bond,credit,Markit iBoxx USD Liquid High Yield 0-5 year Index,97.06922945,13850,0.003259688518652659
2026-04-17,A182490,TIGER 단기선진하이일드(합성 H),안전,해외채권_회사채,global_bond,credit,Markit iBoxx USD Liquid High Yield 0-5 year Index,97.06922945,13795,-0.003971119133573953
2026-04-20,A182490,TIGER 단기선진하이일드(합성 H),안전,해외채권_회사채,global_bond,credit,Markit iBoxx USD Liquid High Yield 0-5 year Index,97.06922945,13870,0.0054367524465386285
2026-04-21,A182490,TIGER 단기선진하이일드(합성 H),안전,해외채권_회사채,global_bond,credit,Markit iBoxx USD Liquid High Yield 0-5 year Index,97.06922945,13825,-0.0032444124008651487
2026-04-22,A182490,TIGER 단기선진하이일드(합성 H),안전,해외채권_회사채,global_bond,credit,Markit iBoxx USD Liquid High Yield 0-5 year Index,97.06922945,13805,-0.0014466546112116285
2026-04-23,A182490,TIGER 단기선진하이일드(합성 H),안전,해외채권_회사채,global_bond,credit,Markit iBoxx USD Liquid High Yield 0-5 year Index,97.06922945,13815,0.0007243752263672576
2026-04-24,A182490,TIGER 단기선진하이일드(합성 H),안전,해외채권_회사채,global_bond,credit,Markit iBoxx USD Liquid High Yield 0-5 year Index,97.06922945,13795,-0.001447701773434673
2026-04-27,A182490,TIGER 단기선진하이일드(합성 H),안전,해외채권_회사채,global_bond,credit,Markit iBoxx USD Liquid High Yield 0-5 year Index,97.06922945,13810,0.0010873504893076369
2026-04-28,A182490,TIGER 단기선진하이일드(합성 H),안전,해외채권_회사채,global_bond,credit,Markit iBoxx USD Liquid High Yield 0-5 year Index,97.06922945,13840,0.0021723388848660097
2026-04-29,A182490,TIGER 단기선진하이일드(합성 H),안전,해외채권_회사채,global_bond,credit,Markit iBoxx USD Liquid High Yield 0-5 year Index,97.06922945,13805,-0.0025289017341040276
2026-04-30,A182490,TIGER 단기선진하이일드(합성 H),안전,해외채권_회사채,global_bond,credit,Markit iBoxx USD Liquid High Yield 0-5 year Index,97.06922945,13820,0.0010865628395508864
2026-05-04,A182490,TIGER 단기선진하이일드(합성 H),안전,해외채권_회사채,global_bond,credit,Markit iBoxx USD Liquid High Yield 0-5 year Index,97.06922945,13865,0.0032561505065122898
2026-05-06,A182490,TIGER 단기선진하이일드(합성 H),안전,해외채권_회사채,global_bond,credit,Markit iBoxx USD Liquid High Yield 0-5 year Index,97.06922945,13845,-0.0014424810674359412
2026-05-07,A182490,TIGER 단기선진하이일드(합성 H),안전,해외채권_회사채,global_bond,credit,Markit iBoxx USD Liquid High Yield 0-5 year Index,97.06922945,13805,-0.002889129649693012
2026-05-08,A182490,TIGER 단기선진하이일드(합성 H),안전,해외채권_회사채,global_bond,credit,Markit iBoxx USD Liquid High Yield 0-5 year Index,97.06922945,13805,0.0
2026-05-11,A182490,TIGER 단기선진하이일드(합성 H),안전,해외채권_회사채,global_bond,credit,Markit iBoxx USD Liquid High Yield 0-5 year Index,97.06922945,13805,0.0
2026-05-12,A182490,TIGER 단기선진하이일드(합성 H),안전,해외채권_회사채,global_bond,credit,Markit iBoxx USD Liquid High Yield 0-5 year Index,97.06922945,13805,0.0
2026-05-13,A182490,TIGER 단기선진하이일드(합성 H),안전,해외채권_회사채,global_bond,credit,Markit iBoxx USD Liquid High Yield 0-5 year Index,97.06922945,13775,-0.002173125679101773
2026-05-14,A182490,TIGER 단기선진하이일드(합성 H),안전,해외채권_회사채,global_bond,credit,Markit iBoxx USD Liquid High Yield 0-5 year Index,97.06922945,13800,0.001814882032667775
2026-05-15,A182490,TIGER 단기선진하이일드(합성 H),안전,해외채권_회사채,global_bond,credit,Markit iBoxx USD Liquid High Yield 0-5 year Index,97.06922945,13830,0.0021739130434783593
2026-05-18,A182490,TIGER 단기선진하이일드(합성 H),안전,해외채권_회사채,global_bond,credit,Markit iBoxx USD Liquid High Yield 0-5 year Index,97.06922945,13735,-0.006869125090383177
2026-05-19,A182490,TIGER 단기선진하이일드(합성 H),안전,해외채권_회사채,global_bond,credit,Markit iBoxx USD Liquid High Yield 0-5 year Index,97.06922945,13730,-0.00036403349108116156
2026-05-20,A182490,TIGER 단기선진하이일드(합성 H),안전,해외채권_회사채,global_bond,credit,Markit iBoxx USD Liquid High Yield 0-5 year Index,97.06922945,13735,0.0003641660597233365
2026-05-21,A182490,TIGER 단기선진하이일드(합성 H),안전,해외채권_회사채,global_bond,credit,Markit iBoxx USD Liquid High Yield 0-5 year Index,97.06922945,13725,-0.0007280669821623231
2026-05-22,A182490,TIGER 단기선진하이일드(합성 H),안전,해외채권_회사채,global_bond,credit,Markit iBoxx USD Liquid High Yield 0-5 year Index,97.06922945,13785,0.004371584699453646
2026-01-02,A267440,RISE 미국장기국채선물(H),안전,해외채권_종합,global_bond,government,S&P U.S. Treasury Bond Futures Excess Return Index,79.86977547,8400,-0.00591715976331364
2026-01-05,A267440,RISE 미국장기국채선물(H),안전,해외채권_종합,global_bond,government,S&P U.S. Treasury Bond Futures Excess Return Index,79.86977547,8410,0.0011904761904761862
2026-01-06,A267440,RISE 미국장기국채선물(H),안전,해외채권_종합,global_bond,government,S&P U.S. Treasury Bond Futures Excess Return Index,79.86977547,8395,-0.00178359096313907
2026-01-07,A267440,RISE 미국장기국채선물(H),안전,해외채권_종합,global_bond,government,S&P U.S. Treasury Bond Futures Excess Return Index,79.86977547,8425,0.003573555687909513
2026-01-08,A267440,RISE 미국장기국채선물(H),안전,해외채권_종합,global_bond,government,S&P U.S. Treasury Bond Futures Excess Return Index,79.86977547,8460,0.004154302670623222
2026-01-09,A267440,RISE 미국장기국채선물(H),안전,해외채권_종합,global_bond,government,S&P U.S. Treasury Bond Futures Excess Return Index,79.86977547,8427,-0.0039007092198581894
2026-01-12,A267440,RISE 미국장기국채선물(H),안전,해외채권_종합,global_bond,government,S&P U.S. Treasury Bond Futures Excess Return Index,79.86977547,8430,0.0003559985760057671
2026-01-13,A267440,RISE 미국장기국채선물(H),안전,해외채권_종합,global_bond,government,S&P U.S. Treasury Bond Futures Excess Return Index,79.86977547,8435,0.0005931198102016033
2026-01-14,A267440,RISE 미국장기국채선물(H),안전,해외채권_종합,global_bond,government,S&P U.S. Treasury Bond Futures Excess Return Index,79.86977547,8455,0.002371072910491989
2026-01-15,A267440,RISE 미국장기국채선물(H),안전,해외채권_종합,global_bond,government,S&P U.S. Treasury Bond Futures Excess Return Index,79.86977547,8495,0.004730928444707239
2026-01-16,A267440,RISE 미국장기국채선물(H),안전,해외채권_종합,global_bond,government,S&P U.S. Treasury Bond Futures Excess Return Index,79.86977547,8475,-0.002354326074161306
2026-01-19,A267440,RISE 미국장기국채선물(H),안전,해외채권_종합,global_bond,government,S&P U.S. Treasury Bond Futures Excess Return Index,79.86977547,8405,-0.008259587020648995
2026-01-20,A267440,RISE 미국장기국채선물(H),안전,해외채권_종합,global_bond,government,S&P U.S. Treasury Bond Futures Excess Return Index,79.86977547,8370,-0.0041641879833432816
2026-01-21,A267440,RISE 미국장기국채선물(H),안전,해외채권_종합,global_bond,government,S&P U.S. Treasury Bond Futures Excess Return Index,79.86977547,8350,-0.002389486260453988
2026-01-22,A267440,RISE 미국장기국채선물(H),안전,해외채권_종합,global_bond,government,S&P U.S. Treasury Bond Futures Excess Return Index,79.86977547,8390,0.004790419161676551
2026-01-23,A267440,RISE 미국장기국채선물(H),안전,해외채권_종합,global_bond,government,S&P U.S. Treasury Bond Futures Excess Return Index,79.86977547,8410,0.0023837902264600697
2026-01-26,A267440,RISE 미국장기국채선물(H),안전,해외채권_종합,global_bond,government,S&P U.S. Treasury Bond Futures Excess Return Index,79.86977547,8420,0.0011890606420927874
2026-01-27,A267440,RISE 미국장기국채선물(H),안전,해외채권_종합,global_bond,government,S&P U.S. Treasury Bond Futures Excess Return Index,79.86977547,8455,0.004156769596199483
2026-01-28,A267440,RISE 미국장기국채선물(H),안전,해외채권_종합,global_bond,government,S&P U.S. Treasury Bond Futures Excess Return Index,79.86977547,8390,-0.007687758722649374
2026-01-29,A267440,RISE 미국장기국채선물(H),안전,해외채권_종합,global_bond,government,S&P U.S. Treasury Bond Futures Excess Return Index,79.86977547,8360,-0.0035756853396901045
2026-01-30,A267440,RISE 미국장기국채선물(H),안전,해외채권_종합,global_bond,government,S&P U.S. Treasury Bond Futures Excess Return Index,79.86977547,8335,-0.0029904306220095433
2026-02-02,A267440,RISE 미국장기국채선물(H),안전,해외채권_종합,global_bond,government,S&P U.S. Treasury Bond Futures Excess Return Index,79.86977547,8420,0.010197960407918316
2026-02-03,A267440,RISE 미국장기국채선물(H),안전,해외채권_종합,global_bond,government,S&P U.S. Treasury Bond Futures Excess Return Index,79.86977547,8340,-0.009501187648456089
2026-02-04,A267440,RISE 미국장기국채선물(H),안전,해외채권_종합,global_bond,government,S&P U.S. Treasury Bond Futures Excess Return Index,79.86977547,8340,0.0
2026-02-05,A267440,RISE 미국장기국채선물(H),안전,해외채권_종합,global_bond,government,S&P U.S. Treasury Bond Futures Excess Return Index,79.86977547,8345,0.0005995203836930418
2026-02-06,A267440,RISE 미국장기국채선물(H),안전,해외채권_종합,global_bond,government,S&P U.S. Treasury Bond Futures Excess Return Index,79.86977547,8445,0.011983223487118
2026-02-09,A267440,RISE 미국장기국채선물(H),안전,해외채권_종합,global_bond,government,S&P U.S. Treasury Bond Futures Excess Return Index,79.86977547,8400,-0.005328596802841923
2026-02-10,A267440,RISE 미국장기국채선물(H),안전,해외채권_종합,global_bond,government,S&P U.S. Treasury Bond Futures Excess Return Index,79.86977547,8455,0.006547619047619024
2026-02-11,A267440,RISE 미국장기국채선물(H),안전,해외채권_종합,global_bond,government,S&P U.S. Treasury Bond Futures Excess Return Index,79.86977547,8490,0.004139562389118945
2026-02-12,A267440,RISE 미국장기국채선물(H),안전,해외채권_종합,global_bond,government,S&P U.S. Treasury Bond Futures Excess Return Index,79.86977547,8485,-0.0005889281507656108
2026-02-13,A267440,RISE 미국장기국채선물(H),안전,해외채권_종합,global_bond,government,S&P U.S. Treasury Bond Futures Excess Return Index,79.86977547,8540,0.006482027106658794
2026-02-19,A267440,RISE 미국장기국채선물(H),안전,해외채권_종합,global_bond,government,S&P U.S. Treasury Bond Futures Excess Return Index,79.86977547,8530,-0.0011709601873536313
2026-02-20,A267440,RISE 미국장기국채선물(H),안전,해외채권_종합,global_bond,government,S&P U.S. Treasury Bond Futures Excess Return Index,79.86977547,8555,0.0029308323563892458
2026-02-23,A267440,RISE 미국장기국채선물(H),안전,해외채권_종합,global_bond,government,S&P U.S. Treasury Bond Futures Excess Return Index,79.86977547,8580,0.0029222676797193703
2026-02-24,A267440,RISE 미국장기국채선물(H),안전,해외채권_종합,global_bond,government,S&P U.S. Treasury Bond Futures Excess Return Index,79.86977547,8575,-0.0005827505827505908
2026-02-25,A267440,RISE 미국장기국채선물(H),안전,해외채권_종합,global_bond,government,S&P U.S. Treasury Bond Futures Excess Return Index,79.86977547,8590,0.0017492711370261649
2026-02-26,A267440,RISE 미국장기국채선물(H),안전,해외채권_종합,global_bond,government,S&P U.S. Treasury Bond Futures Excess Return Index,79.86977547,8585,-0.0005820721769499437
2026-02-27,A267440,RISE 미국장기국채선물(H),안전,해외채권_종합,global_bond,government,S&P U.S. Treasury Bond Futures Excess Return Index,79.86977547,8625,0.004659289458357696
2026-03-03,A267440,RISE 미국장기국채선물(H),안전,해외채권_종합,global_bond,government,S&P U.S. Treasury Bond Futures Excess Return Index,79.86977547,8570,-0.006376811594202891
2026-03-04,A267440,RISE 미국장기국채선물(H),안전,해외채권_종합,global_bond,government,S&P U.S. Treasury Bond Futures Excess Return Index,79.86977547,8550,-0.002333722287047868
2026-03-05,A267440,RISE 미국장기국채선물(H),안전,해외채권_종합,global_bond,government,S&P U.S. Treasury Bond Futures Excess Return Index,79.86977547,8505,-0.0052631578947368585
2026-03-06,A267440,RISE 미국장기국채선물(H),안전,해외채권_종합,global_bond,government,S&P U.S. Treasury Bond Futures Excess Return Index,79.86977547,8500,-0.0005878894767783471
2026-03-09,A267440,RISE 미국장기국채선물(H),안전,해외채권_종합,global_bond,government,S&P U.S. Treasury Bond Futures Excess Return Index,79.86977547,8435,-0.007647058823529451
2026-03-10,A267440,RISE 미국장기국채선물(H),안전,해외채권_종합,global_bond,government,S&P U.S. Treasury Bond Futures Excess Return Index,79.86977547,8510,0.00889152341434496
2026-03-11,A267440,RISE 미국장기국채선물(H),안전,해외채권_종합,global_bond,government,S&P U.S. Treasury Bond Futures Excess Return Index,79.86977547,8485,-0.002937720329024729
2026-03-12,A267440,RISE 미국장기국채선물(H),안전,해외채권_종합,global_bond,government,S&P U.S. Treasury Bond Futures Excess Return Index,79.86977547,8355,-0.015321154979375362
2026-03-13,A267440,RISE 미국장기국채선물(H),안전,해외채권_종합,global_bond,government,S&P U.S. Treasury Bond Futures Excess Return Index,79.86977547,8330,-0.0029922202274087484
2026-03-16,A267440,RISE 미국장기국채선물(H),안전,해외채권_종합,global_bond,government,S&P U.S. Treasury Bond Futures Excess Return Index,79.86977547,8340,0.0012004801920768582
2026-03-17,A267440,RISE 미국장기국채선물(H),안전,해외채권_종합,global_bond,government,S&P U.S. Treasury Bond Futures Excess Return Index,79.86977547,8380,0.004796163069544335
2026-03-18,A267440,RISE 미국장기국채선물(H),안전,해외채권_종합,global_bond,government,S&P U.S. Treasury Bond Futures Excess Return Index,79.86977547,8420,0.004773269689737569
2026-03-19,A267440,RISE 미국장기국채선물(H),안전,해외채권_종합,global_bond,government,S&P U.S. Treasury Bond Futures Excess Return Index,79.86977547,8360,-0.0071258907363420665
2026-03-20,A267440,RISE 미국장기국채선물(H),안전,해외채권_종합,global_bond,government,S&P U.S. Treasury Bond Futures Excess Return Index,79.86977547,8390,0.0035885167464115852
2026-03-23,A267440,RISE 미국장기국채선물(H),안전,해외채권_종합,global_bond,government,S&P U.S. Treasury Bond Futures Excess Return Index,79.86977547,8185,-0.02443384982121577
2026-03-24,A267440,RISE 미국장기국채선물(H),안전,해외채권_종합,global_bond,government,S&P U.S. Treasury Bond Futures Excess Return Index,79.86977547,8230,0.005497861942577842
2026-03-25,A267440,RISE 미국장기국채선물(H),안전,해외채권_종합,global_bond,government,S&P U.S. Treasury Bond Futures Excess Return Index,79.86977547,8310,0.009720534629404698
2026-03-26,A267440,RISE 미국장기국채선물(H),안전,해외채권_종합,global_bond,government,S&P U.S. Treasury Bond Futures Excess Return Index,79.86977547,8300,-0.001203369434416346
2026-03-27,A267440,RISE 미국장기국채선물(H),안전,해외채권_종합,global_bond,government,S&P U.S. Treasury Bond Futures Excess Return Index,79.86977547,8225,-0.009036144578313254
2026-03-30,A267440,RISE 미국장기국채선물(H),안전,해외채권_종합,global_bond,government,S&P U.S. Treasury Bond Futures Excess Return Index,79.86977547,8255,0.0036474164133739606
2026-03-31,A267440,RISE 미국장기국채선물(H),안전,해외채권_종합,global_bond,government,S&P U.S. Treasury Bond Futures Excess Return Index,79.86977547,8315,0.00726832222895224
2026-04-01,A267440,RISE 미국장기국채선물(H),안전,해외채권_종합,global_bond,government,S&P U.S. Treasury Bond Futures Excess Return Index,79.86977547,8350,0.004209260372820101
2026-04-02,A267440,RISE 미국장기국채선물(H),안전,해외채권_종합,global_bond,government,S&P U.S. Treasury Bond Futures Excess Return Index,79.86977547,8285,-0.0077844311377245345
2026-04-03,A267440,RISE 미국장기국채선물(H),안전,해외채권_종합,global_bond,government,S&P U.S. Treasury Bond Futures Excess Return Index,79.86977547,8320,0.004224502112251116
2026-04-06,A267440,RISE 미국장기국채선물(H),안전,해외채권_종합,global_bond,government,S&P U.S. Treasury Bond Futures Excess Return Index,79.86977547,8345,0.0030048076923077094
2026-04-07,A267440,RISE 미국장기국채선물(H),안전,해외채권_종합,global_bond,government,S&P U.S. Treasury Bond Futures Excess Return Index,79.86977547,8350,0.0005991611743558778
2026-04-08,A267440,RISE 미국장기국채선물(H),안전,해외채권_종합,global_bond,government,S&P U.S. Treasury Bond Futures Excess Return Index,79.86977547,8400,0.0059880239520957446
2026-04-09,A267440,RISE 미국장기국채선물(H),안전,해외채권_종합,global_bond,government,S&P U.S. Treasury Bond Futures Excess Return Index,79.86977547,8410,0.0011904761904761862
2026-04-10,A267440,RISE 미국장기국채선물(H),안전,해외채권_종합,global_bond,government,S&P U.S. Treasury Bond Futures Excess Return Index,79.86977547,8395,-0.00178359096313907
2026-04-13,A267440,RISE 미국장기국채선물(H),안전,해외채권_종합,global_bond,government,S&P U.S. Treasury Bond Futures Excess Return Index,79.86977547,8320,-0.008933889219773672
2026-04-14,A267440,RISE 미국장기국채선물(H),안전,해외채권_종합,global_bond,government,S&P U.S. Treasury Bond Futures Excess Return Index,79.86977547,8365,0.005408653846153744
2026-04-15,A267440,RISE 미국장기국채선물(H),안전,해외채권_종합,global_bond,government,S&P U.S. Treasury Bond Futures Excess Return Index,79.86977547,8400,0.004184100418409997
2026-04-16,A267440,RISE 미국장기국채선물(H),안전,해외채권_종합,global_bond,government,S&P U.S. Treasury Bond Futures Excess Return Index,79.86977547,8365,-0.004166666666666652
2026-04-17,A267440,RISE 미국장기국채선물(H),안전,해외채권_종합,global_bond,government,S&P U.S. Treasury Bond Futures Excess Return Index,79.86977547,8365,0.0
2026-04-20,A267440,RISE 미국장기국채선물(H),안전,해외채권_종합,global_bond,government,S&P U.S. Treasury Bond Futures Excess Return Index,79.86977547,8355,-0.001195457262402888
2026-04-21,A267440,RISE 미국장기국채선물(H),안전,해외채권_종합,global_bond,government,S&P U.S. Treasury Bond Futures Excess Return Index,79.86977547,8395,0.004787552363854086
2026-04-22,A267440,RISE 미국장기국채선물(H),안전,해외채권_종합,global_bond,government,S&P U.S. Treasury Bond Futures Excess Return Index,79.86977547,8395,0.0
2026-04-23,A267440,RISE 미국장기국채선물(H),안전,해외채권_종합,global_bond,government,S&P U.S. Treasury Bond Futures Excess Return Index,79.86977547,8335,-0.007147111375818915
2026-04-24,A267440,RISE 미국장기국채선물(H),안전,해외채권_종합,global_bond,government,S&P U.S. Treasury Bond Futures Excess Return Index,79.86977547,8390,0.006598680263947276
2026-04-27,A267440,RISE 미국장기국채선물(H),안전,해외채권_종합,global_bond,government,S&P U.S. Treasury Bond Futures Excess Return Index,79.86977547,8385,-0.0005959475566150729
2026-04-28,A267440,RISE 미국장기국채선물(H),안전,해외채권_종합,global_bond,government,S&P U.S. Treasury Bond Futures Excess Return Index,79.86977547,8360,-0.0029815146094215317
2026-04-29,A267440,RISE 미국장기국채선물(H),안전,해외채권_종합,global_bond,government,S&P U.S. Treasury Bond Futures Excess Return Index,79.86977547,8350,-0.0011961722488038617
2026-04-30,A267440,RISE 미국장기국채선물(H),안전,해외채권_종합,global_bond,government,S&P U.S. Treasury Bond Futures Excess Return Index,79.86977547,8255,-0.011377245508982003
2026-05-04,A267440,RISE 미국장기국채선물(H),안전,해외채권_종합,global_bond,government,S&P U.S. Treasury Bond Futures Excess Return Index,79.86977547,8265,0.0012113870381587066
2026-05-06,A267440,RISE 미국장기국채선물(H),안전,해외채권_종합,global_bond,government,S&P U.S. Treasury Bond Futures Excess Return Index,79.86977547,8260,-0.000604960677555999
2026-05-07,A267440,RISE 미국장기국채선물(H),안전,해외채권_종합,global_bond,government,S&P U.S. Treasury Bond Futures Excess Return Index,79.86977547,8285,0.003026634382566673
2026-05-08,A267440,RISE 미국장기국채선물(H),안전,해외채권_종합,global_bond,government,S&P U.S. Treasury Bond Futures Excess Return Index,79.86977547,8250,-0.004224502112251005
2026-05-11,A267440,RISE 미국장기국채선물(H),안전,해외채권_종합,global_bond,government,S&P U.S. Treasury Bond Futures Excess Return Index,79.86977547,8240,-0.00121212121212122
2026-05-12,A267440,RISE 미국장기국채선물(H),안전,해외채권_종합,global_bond,government,S&P U.S. Treasury Bond Futures Excess Return Index,79.86977547,8230,-0.0012135922330097637
2026-05-13,A267440,RISE 미국장기국채선물(H),안전,해외채권_종합,global_bond,government,S&P U.S. Treasury Bond Futures Excess Return Index,79.86977547,8180,-0.0060753341433779084
2026-05-14,A267440,RISE 미국장기국채선물(H),안전,해외채권_종합,global_bond,government,S&P U.S. Treasury Bond Futures Excess Return Index,79.86977547,8185,0.0006112469437653534
2026-05-15,A267440,RISE 미국장기국채선물(H),안전,해외채권_종합,global_bond,government,S&P U.S. Treasury Bond Futures Excess Return Index,79.86977547,8185,0.0
2026-05-18,A267440,RISE 미국장기국채선물(H),안전,해외채권_종합,global_bond,government,S&P U.S. Treasury Bond Futures Excess Return Index,79.86977547,8090,-0.011606597434331123
2026-05-19,A267440,RISE 미국장기국채선물(H),안전,해외채권_종합,global_bond,government,S&P U.S. Treasury Bond Futures Excess Return Index,79.86977547,8075,-0.001854140914709479
2026-05-20,A267440,RISE 미국장기국채선물(H),안전,해외채권_종합,global_bond,government,S&P U.S. Treasury Bond Futures Excess Return Index,79.86977547,8040,-0.004334365325077361
2026-05-21,A267440,RISE 미국장기국채선물(H),안전,해외채권_종합,global_bond,government,S&P U.S. Treasury Bond Futures Excess Return Index,79.86977547,8125,0.010572139303482553
2026-05-22,A267440,RISE 미국장기국채선물(H),안전,해외채권_종합,global_bond,government,S&P U.S. Treasury Bond Futures Excess Return Index,79.86977547,8170,0.005538461538461492
2026-01-02,A305080,TIGER 미국채10년선물,안전,해외채권_종합,global_bond,government,S&P 10-Year U.S. Treasury Note Futures(ER),1650.26462446,13115,-0.0026615969581749166
2026-01-05,A305080,TIGER 미국채10년선물,안전,해외채권_종합,global_bond,government,S&P 10-Year U.S. Treasury Note Futures(ER),1650.26462446,13135,0.001524971406786202
2026-01-06,A305080,TIGER 미국채10년선물,안전,해외채권_종합,global_bond,government,S&P 10-Year U.S. Treasury Note Futures(ER),1650.26462446,13165,0.0022839741149600634
2026-01-07,A305080,TIGER 미국채10년선물,안전,해외채권_종합,global_bond,government,S&P 10-Year U.S. Treasury Note Futures(ER),1650.26462446,13185,0.0015191796429927518
2026-01-08,A305080,TIGER 미국채10년선물,안전,해외채권_종합,global_bond,government,S&P 10-Year U.S. Treasury Note Futures(ER),1650.26462446,13245,0.004550625711035261
2026-01-09,A305080,TIGER 미국채10년선물,안전,해외채권_종합,global_bond,government,S&P 10-Year U.S. Treasury Note Futures(ER),1650.26462446,13270,0.0018875047187618677
2026-01-12,A305080,TIGER 미국채10년선물,안전,해외채권_종합,global_bond,government,S&P 10-Year U.S. Treasury Note Futures(ER),1650.26462446,13360,0.006782215523737811
2026-01-13,A305080,TIGER 미국채10년선물,안전,해외채권_종합,global_bond,government,S&P 10-Year U.S. Treasury Note Futures(ER),1650.26462446,13390,0.002245508982035904
2026-01-14,A305080,TIGER 미국채10년선물,안전,해외채권_종합,global_bond,government,S&P 10-Year U.S. Treasury Note Futures(ER),1650.26462446,13450,0.004480955937266717
2026-01-15,A305080,TIGER 미국채10년선물,안전,해외채권_종합,global_bond,government,S&P 10-Year U.S. Treasury Note Futures(ER),1650.26462446,13405,-0.0033457249070631967
2026-01-16,A305080,TIGER 미국채10년선물,안전,해외채권_종합,global_bond,government,S&P 10-Year U.S. Treasury Note Futures(ER),1650.26462446,13410,0.000372995151062927
2026-01-19,A305080,TIGER 미국채10년선물,안전,해외채권_종합,global_bond,government,S&P 10-Year U.S. Treasury Note Futures(ER),1650.26462446,13355,-0.00410141685309473
2026-01-20,A305080,TIGER 미국채10년선물,안전,해외채권_종합,global_bond,government,S&P 10-Year U.S. Treasury Note Futures(ER),1650.26462446,13375,0.0014975664545113787
2026-01-21,A305080,TIGER 미국채10년선물,안전,해외채권_종합,global_bond,government,S&P 10-Year U.S. Treasury Note Futures(ER),1650.26462446,13300,-0.005607476635513975
2026-01-22,A305080,TIGER 미국채10년선물,안전,해외채권_종합,global_bond,government,S&P 10-Year U.S. Treasury Note Futures(ER),1650.26462446,13305,0.0003759398496241406
2026-01-23,A305080,TIGER 미국채10년선물,안전,해외채권_종합,global_bond,government,S&P 10-Year U.S. Treasury Note Futures(ER),1650.26462446,13275,-0.0022547914317925244
2026-01-26,A305080,TIGER 미국채10년선물,안전,해외채권_종합,global_bond,government,S&P 10-Year U.S. Treasury Note Futures(ER),1650.26462446,13070,-0.015442561205273098
2026-01-27,A305080,TIGER 미국채10년선물,안전,해외채권_종합,global_bond,government,S&P 10-Year U.S. Treasury Note Futures(ER),1650.26462446,13060,-0.0007651109410864443
2026-01-28,A305080,TIGER 미국채10년선물,안전,해외채권_종합,global_bond,government,S&P 10-Year U.S. Treasury Note Futures(ER),1650.26462446,12895,-0.012633996937212899
2026-01-29,A305080,TIGER 미국채10년선물,안전,해외채권_종합,global_bond,government,S&P 10-Year U.S. Treasury Note Futures(ER),1650.26462446,12900,0.0003877471888329431
2026-01-30,A305080,TIGER 미국채10년선물,안전,해외채권_종합,global_bond,government,S&P 10-Year U.S. Treasury Note Futures(ER),1650.26462446,13010,0.00852713178294584
2026-02-02,A305080,TIGER 미국채10년선물,안전,해외채권_종합,global_bond,government,S&P 10-Year U.S. Treasury Note Futures(ER),1650.26462446,13275,0.020368946963873924
2026-02-03,A305080,TIGER 미국채10년선물,안전,해외채권_종합,global_bond,government,S&P 10-Year U.S. Treasury Note Futures(ER),1650.26462446,13095,-0.013559322033898313
2026-02-04,A305080,TIGER 미국채10년선물,안전,해외채권_종합,global_bond,government,S&P 10-Year U.S. Treasury Note Futures(ER),1650.26462446,13125,0.002290950744558984
2026-02-05,A305080,TIGER 미국채10년선물,안전,해외채권_종합,global_bond,government,S&P 10-Year U.S. Treasury Note Futures(ER),1650.26462446,13310,0.01409523809523816
2026-02-06,A305080,TIGER 미국채10년선물,안전,해외채권_종합,global_bond,government,S&P 10-Year U.S. Treasury Note Futures(ER),1650.26462446,13380,0.005259203606311047
2026-02-09,A305080,TIGER 미국채10년선물,안전,해외채권_종합,global_bond,government,S&P 10-Year U.S. Treasury Note Futures(ER),1650.26462446,13270,-0.008221225710014934
2026-02-10,A305080,TIGER 미국채10년선물,안전,해외채권_종합,global_bond,government,S&P 10-Year U.S. Treasury Note Futures(ER),1650.26462446,13290,0.0015071590052750938
2026-02-11,A305080,TIGER 미국채10년선물,안전,해외채권_종합,global_bond,government,S&P 10-Year U.S. Treasury Note Futures(ER),1650.26462446,13250,-0.0030097817908201208
2026-02-12,A305080,TIGER 미국채10년선물,안전,해외채권_종합,global_bond,government,S&P 10-Year U.S. Treasury Note Futures(ER),1650.26462446,13140,-0.008301886792452806
2026-02-13,A305080,TIGER 미국채10년선물,안전,해외채권_종합,global_bond,government,S&P 10-Year U.S. Treasury Note Futures(ER),1650.26462446,13230,0.006849315068493178
2026-02-19,A305080,TIGER 미국채10년선물,안전,해외채권_종합,global_bond,government,S&P 10-Year U.S. Treasury Note Futures(ER),1650.26462446,13240,0.0007558578987150177
2026-02-20,A305080,TIGER 미국채10년선물,안전,해외채권_종합,global_bond,government,S&P 10-Year U.S. Treasury Note Futures(ER),1650.26462446,13255,0.0011329305135951984
2026-02-23,A305080,TIGER 미국채10년선물,안전,해외채권_종합,global_bond,government,S&P 10-Year U.S. Treasury Note Futures(ER),1650.26462446,13220,-0.0026405130139569577
2026-02-24,A305080,TIGER 미국채10년선물,안전,해외채권_종합,global_bond,government,S&P 10-Year U.S. Treasury Note Futures(ER),1650.26462446,13270,0.0037821482602118373
2026-02-25,A305080,TIGER 미국채10년선물,안전,해외채권_종합,global_bond,government,S&P 10-Year U.S. Treasury Note Futures(ER),1650.26462446,13135,-0.010173323285606606
2026-02-26,A305080,TIGER 미국채10년선물,안전,해외채권_종합,global_bond,government,S&P 10-Year U.S. Treasury Note Futures(ER),1650.26462446,13095,-0.0030452988199467512
2026-02-27,A305080,TIGER 미국채10년선물,안전,해외채권_종합,global_bond,government,S&P 10-Year U.S. Treasury Note Futures(ER),1650.26462446,13270,0.013363879343260887
2026-03-03,A305080,TIGER 미국채10년선물,안전,해외채권_종합,global_bond,government,S&P 10-Year U.S. Treasury Note Futures(ER),1650.26462446,13450,0.0135644310474754
2026-03-04,A305080,TIGER 미국채10년선물,안전,해외채권_종합,global_bond,government,S&P 10-Year U.S. Treasury Note Futures(ER),1650.26462446,13550,0.0074349442379182396
2026-03-05,A305080,TIGER 미국채10년선물,안전,해외채권_종합,global_bond,government,S&P 10-Year U.S. Treasury Note Futures(ER),1650.26462446,13440,-0.00811808118081181
2026-03-06,A305080,TIGER 미국채10년선물,안전,해외채권_종합,global_bond,government,S&P 10-Year U.S. Treasury Note Futures(ER),1650.26462446,13480,0.0029761904761904656
2026-03-09,A305080,TIGER 미국채10년선물,안전,해외채권_종합,global_bond,government,S&P 10-Year U.S. Treasury Note Futures(ER),1650.26462446,13605,0.00927299703264084
2026-03-10,A305080,TIGER 미국채10년선물,안전,해외채권_종합,global_bond,government,S&P 10-Year U.S. Treasury Note Futures(ER),1650.26462446,13445,-0.011760382212421927
2026-03-11,A305080,TIGER 미국채10년선물,안전,해외채권_종합,global_bond,government,S&P 10-Year U.S. Treasury Note Futures(ER),1650.26462446,13410,-0.002603198214949809
2026-03-12,A305080,TIGER 미국채10년선물,안전,해외채권_종합,global_bond,government,S&P 10-Year U.S. Treasury Note Futures(ER),1650.26462446,13455,0.003355704697986628
2026-03-13,A305080,TIGER 미국채10년선물,안전,해외채권_종합,global_bond,government,S&P 10-Year U.S. Treasury Note Futures(ER),1650.26462446,13530,0.00557413600891854
2026-03-16,A305080,TIGER 미국채10년선물,안전,해외채권_종합,global_bond,government,S&P 10-Year U.S. Treasury Note Futures(ER),1650.26462446,13605,0.005543237250554389
2026-03-17,A305080,TIGER 미국채10년선물,안전,해외채권_종합,global_bond,government,S&P 10-Year U.S. Treasury Note Futures(ER),1650.26462446,13570,-0.0025725836089672827
2026-03-18,A305080,TIGER 미국채10년선물,안전,해외채권_종합,global_bond,government,S&P 10-Year U.S. Treasury Note Futures(ER),1650.26462446,13530,-0.0029476787030213725
2026-03-19,A305080,TIGER 미국채10년선물,안전,해외채권_종합,global_bond,government,S&P 10-Year U.S. Treasury Note Futures(ER),1650.26462446,13595,0.0048041389504804854
2026-03-20,A305080,TIGER 미국채10년선물,안전,해외채권_종합,global_bond,government,S&P 10-Year U.S. Treasury Note Futures(ER),1650.26462446,13590,-0.00036778227289446797
2026-03-23,A305080,TIGER 미국채10년선물,안전,해외채권_종합,global_bond,government,S&P 10-Year U.S. Treasury Note Futures(ER),1650.26462446,13605,0.001103752759381793
2026-03-24,A305080,TIGER 미국채10년선물,안전,해외채권_종합,global_bond,government,S&P 10-Year U.S. Treasury Note Futures(ER),1650.26462446,13460,-0.01065784638000733
2026-03-25,A305080,TIGER 미국채10년선물,안전,해외채권_종합,global_bond,government,S&P 10-Year U.S. Treasury Note Futures(ER),1650.26462446,13510,0.003714710252600284
2026-03-26,A305080,TIGER 미국채10년선물,안전,해외채권_종합,global_bond,government,S&P 10-Year U.S. Treasury Note Futures(ER),1650.26462446,13580,0.005181347150259086
2026-03-27,A305080,TIGER 미국채10년선물,안전,해외채권_종합,global_bond,government,S&P 10-Year U.S. Treasury Note Futures(ER),1650.26462446,13525,-0.004050073637702489
2026-03-30,A305080,TIGER 미국채10년선물,안전,해외채권_종합,global_bond,government,S&P 10-Year U.S. Treasury Note Futures(ER),1650.26462446,13635,0.008133086876155327
2026-03-31,A305080,TIGER 미국채10년선물,안전,해외채권_종합,global_bond,government,S&P 10-Year U.S. Treasury Note Futures(ER),1650.26462446,13855,0.016134946828016083
2026-04-01,A305080,TIGER 미국채10년선물,안전,해외채권_종합,global_bond,government,S&P 10-Year U.S. Treasury Note Futures(ER),1650.26462446,13635,-0.015878744135691125
2026-04-02,A305080,TIGER 미국채10년선물,안전,해외채권_종합,global_bond,government,S&P 10-Year U.S. Treasury Note Futures(ER),1650.26462446,13690,0.004033736707004021
2026-04-03,A305080,TIGER 미국채10년선물,안전,해외채권_종합,global_bond,government,S&P 10-Year U.S. Treasury Note Futures(ER),1650.26462446,13615,-0.005478451424397401
2026-04-06,A305080,TIGER 미국채10년선물,안전,해외채권_종합,global_bond,government,S&P 10-Year U.S. Treasury Note Futures(ER),1650.26462446,13590,-0.0018362100624311761
2026-04-07,A305080,TIGER 미국채10년선물,안전,해외채권_종합,global_bond,government,S&P 10-Year U.S. Treasury Note Futures(ER),1650.26462446,13580,-0.0007358351729213064
2026-04-08,A305080,TIGER 미국채10년선물,안전,해외채권_종합,global_bond,government,S&P 10-Year U.S. Treasury Note Futures(ER),1650.26462446,13390,-0.013991163475699508
2026-04-09,A305080,TIGER 미국채10년선물,안전,해외채권_종합,global_bond,government,S&P 10-Year U.S. Treasury Note Futures(ER),1650.26462446,13450,0.004480955937266717
2026-04-10,A305080,TIGER 미국채10년선물,안전,해외채권_종합,global_bond,government,S&P 10-Year U.S. Treasury Note Futures(ER),1650.26462446,13430,-0.0014869888475836923
2026-04-13,A305080,TIGER 미국채10년선물,안전,해외채권_종합,global_bond,government,S&P 10-Year U.S. Treasury Note Futures(ER),1650.26462446,13465,0.002606105733432562
2026-04-14,A305080,TIGER 미국채10년선물,안전,해외채권_종합,global_bond,government,S&P 10-Year U.S. Treasury Note Futures(ER),1650.26462446,13440,-0.0018566654288897366
2026-04-15,A305080,TIGER 미국채10년선물,안전,해외채권_종합,global_bond,government,S&P 10-Year U.S. Treasury Note Futures(ER),1650.26462446,13405,-0.0026041666666666297
2026-04-16,A305080,TIGER 미국채10년선물,안전,해외채권_종합,global_bond,government,S&P 10-Year U.S. Treasury Note Futures(ER),1650.26462446,13385,-0.0014919806042521522
2026-04-17,A305080,TIGER 미국채10년선물,안전,해외채권_종합,global_bond,government,S&P 10-Year U.S. Treasury Note Futures(ER),1650.26462446,13430,0.0033619723571161053
2026-04-20,A305080,TIGER 미국채10년선물,안전,해외채권_종합,global_bond,government,S&P 10-Year U.S. Treasury Note Futures(ER),1650.26462446,13420,-0.0007446016381236209
2026-04-21,A305080,TIGER 미국채10년선물,안전,해외채권_종합,global_bond,government,S&P 10-Year U.S. Treasury Note Futures(ER),1650.26462446,13360,-0.0044709388971684305
2026-04-22,A305080,TIGER 미국채10년선물,안전,해외채권_종합,global_bond,government,S&P 10-Year U.S. Treasury Note Futures(ER),1650.26462446,13395,0.0026197604790418882
2026-04-23,A305080,TIGER 미국채10년선물,안전,해외채권_종합,global_bond,government,S&P 10-Year U.S. Treasury Note Futures(ER),1650.26462446,13410,0.0011198208286673506
2026-04-24,A305080,TIGER 미국채10년선물,안전,해외채권_종합,global_bond,government,S&P 10-Year U.S. Treasury Note Futures(ER),1650.26462446,13415,0.00037285607755399575
2026-04-27,A305080,TIGER 미국채10년선물,안전,해외채권_종합,global_bond,government,S&P 10-Year U.S. Treasury Note Futures(ER),1650.26462446,13330,-0.006336190831159105
2026-04-28,A305080,TIGER 미국채10년선물,안전,해외채권_종합,global_bond,government,S&P 10-Year U.S. Treasury Note Futures(ER),1650.26462446,13320,-0.0007501875468867159
2026-04-29,A305080,TIGER 미국채10년선물,안전,해외채권_종합,global_bond,government,S&P 10-Year U.S. Treasury Note Futures(ER),1650.26462446,13365,0.0033783783783782884
2026-04-30,A305080,TIGER 미국채10년선물,안전,해외채권_종합,global_bond,government,S&P 10-Year U.S. Treasury Note Futures(ER),1650.26462446,13335,-0.002244668911335568
2026-05-04,A305080,TIGER 미국채10년선물,안전,해외채권_종합,global_bond,government,S&P 10-Year U.S. Treasury Note Futures(ER),1650.26462446,13195,-0.01049868766404205
2026-05-06,A305080,TIGER 미국채10년선물,안전,해외채권_종합,global_bond,government,S&P 10-Year U.S. Treasury Note Futures(ER),1650.26462446,13115,-0.0060629026146267195
2026-05-07,A305080,TIGER 미국채10년선물,안전,해외채권_종합,global_bond,government,S&P 10-Year U.S. Treasury Note Futures(ER),1650.26462446,13155,0.0030499428135721818
2026-05-08,A305080,TIGER 미국채10년선물,안전,해외채권_종합,global_bond,government,S&P 10-Year U.S. Treasury Note Futures(ER),1650.26462446,13255,0.007601672367920864
2026-05-11,A305080,TIGER 미국채10년선물,안전,해외채권_종합,global_bond,government,S&P 10-Year U.S. Treasury Note Futures(ER),1650.26462446,13280,0.0018860807242548905
2026-05-12,A305080,TIGER 미국채10년선물,안전,해외채권_종합,global_bond,government,S&P 10-Year U.S. Treasury Note Futures(ER),1650.26462446,13385,0.00790662650602414
2026-05-13,A305080,TIGER 미국채10년선물,안전,해외채권_종합,global_bond,government,S&P 10-Year U.S. Treasury Note Futures(ER),1650.26462446,13385,0.0
2026-05-14,A305080,TIGER 미국채10년선물,안전,해외채권_종합,global_bond,government,S&P 10-Year U.S. Treasury Note Futures(ER),1650.26462446,13400,0.0011206574523721091
2026-05-15,A305080,TIGER 미국채10년선물,안전,해외채권_종합,global_bond,government,S&P 10-Year U.S. Treasury Note Futures(ER),1650.26462446,13430,0.002238805970149249
2026-05-18,A305080,TIGER 미국채10년선물,안전,해외채권_종합,global_bond,government,S&P 10-Year U.S. Treasury Note Futures(ER),1650.26462446,13360,-0.005212211466865235
2026-05-19,A305080,TIGER 미국채10년선물,안전,해외채권_종합,global_bond,government,S&P 10-Year U.S. Treasury Note Futures(ER),1650.26462446,13420,0.004491017964071808
2026-05-20,A305080,TIGER 미국채10년선물,안전,해외채권_종합,global_bond,government,S&P 10-Year U.S. Treasury Note Futures(ER),1650.26462446,13405,-0.0011177347242921076
2026-05-21,A305080,TIGER 미국채10년선물,안전,해외채권_종합,global_bond,government,S&P 10-Year U.S. Treasury Note Futures(ER),1650.26462446,13420,0.0011189854531890031
2026-05-22,A305080,TIGER 미국채10년선물,안전,해외채권_종합,global_bond,government,S&P 10-Year U.S. Treasury Note Futures(ER),1650.26462446,13550,0.009687034277198192
2026-01-02,A308620,KODEX 미국10년국채선물,안전,해외채권_종합,global_bond,government,S&P 10-Year U.S. Treasury Note Futures KRW(ER),798.23183129,12260,0.0
2026-01-05,A308620,KODEX 미국10년국채선물,안전,해외채권_종합,global_bond,government,S&P 10-Year U.S. Treasury Note Futures KRW(ER),798.23183129,12280,0.0016313213703098572
2026-01-06,A308620,KODEX 미국10년국채선물,안전,해외채권_종합,global_bond,government,S&P 10-Year U.S. Treasury Note Futures KRW(ER),798.23183129,12295,0.00122149837133545
2026-01-07,A308620,KODEX 미국10년국채선물,안전,해외채권_종합,global_bond,government,S&P 10-Year U.S. Treasury Note Futures KRW(ER),798.23183129,12315,0.0016266775111835052
2026-01-08,A308620,KODEX 미국10년국채선물,안전,해외채권_종합,global_bond,government,S&P 10-Year U.S. Treasury Note Futures KRW(ER),798.23183129,12370,0.004466098254161555
2026-01-09,A308620,KODEX 미국10년국채선물,안전,해외채권_종합,global_bond,government,S&P 10-Year U.S. Treasury Note Futures KRW(ER),798.23183129,12400,0.0024252223120453387
2026-01-12,A308620,KODEX 미국10년국채선물,안전,해외채권_종합,global_bond,government,S&P 10-Year U.S. Treasury Note Futures KRW(ER),798.23183129,12480,0.006451612903225712
2026-01-13,A308620,KODEX 미국10년국채선물,안전,해외채권_종합,global_bond,government,S&P 10-Year U.S. Treasury Note Futures KRW(ER),798.23183129,12515,0.002804487179487225
2026-01-14,A308620,KODEX 미국10년국채선물,안전,해외채권_종합,global_bond,government,S&P 10-Year U.S. Treasury Note Futures KRW(ER),798.23183129,12575,0.004794246903715438
2026-01-15,A308620,KODEX 미국10년국채선물,안전,해외채권_종합,global_bond,government,S&P 10-Year U.S. Treasury Note Futures KRW(ER),798.23183129,12535,-0.0031809145129224614
2026-01-16,A308620,KODEX 미국10년국채선물,안전,해외채권_종합,global_bond,government,S&P 10-Year U.S. Treasury Note Futures KRW(ER),798.23183129,12530,-0.0003988831272436766
2026-01-19,A308620,KODEX 미국10년국채선물,안전,해외채권_종합,global_bond,government,S&P 10-Year U.S. Treasury Note Futures KRW(ER),798.23183129,12480,-0.003990422984836428
2026-01-20,A308620,KODEX 미국10년국채선물,안전,해외채권_종합,global_bond,government,S&P 10-Year U.S. Treasury Note Futures KRW(ER),798.23183129,12500,0.0016025641025640969
2026-01-21,A308620,KODEX 미국10년국채선물,안전,해외채권_종합,global_bond,government,S&P 10-Year U.S. Treasury Note Futures KRW(ER),798.23183129,12435,-0.005199999999999982
2026-01-22,A308620,KODEX 미국10년국채선물,안전,해외채권_종합,global_bond,government,S&P 10-Year U.S. Treasury Note Futures KRW(ER),798.23183129,12440,0.00040209087253728626
2026-01-23,A308620,KODEX 미국10년국채선물,안전,해외채권_종합,global_bond,government,S&P 10-Year U.S. Treasury Note Futures KRW(ER),798.23183129,12410,-0.002411575562700996
2026-01-26,A308620,KODEX 미국10년국채선물,안전,해외채권_종합,global_bond,government,S&P 10-Year U.S. Treasury Note Futures KRW(ER),798.23183129,12225,-0.0149073327961321
2026-01-27,A308620,KODEX 미국10년국채선물,안전,해외채권_종합,global_bond,government,S&P 10-Year U.S. Treasury Note Futures KRW(ER),798.23183129,12220,-0.0004089979550102596
2026-01-28,A308620,KODEX 미국10년국채선물,안전,해외채권_종합,global_bond,government,S&P 10-Year U.S. Treasury Note Futures KRW(ER),798.23183129,12050,-0.013911620294599025
2026-01-29,A308620,KODEX 미국10년국채선물,안전,해외채권_종합,global_bond,government,S&P 10-Year U.S. Treasury Note Futures KRW(ER),798.23183129,12065,0.0012448132780082943
2026-01-30,A308620,KODEX 미국10년국채선물,안전,해외채권_종합,global_bond,government,S&P 10-Year U.S. Treasury Note Futures KRW(ER),798.23183129,12170,0.008702859510982153
2026-02-02,A308620,KODEX 미국10년국채선물,안전,해외채권_종합,global_bond,government,S&P 10-Year U.S. Treasury Note Futures KRW(ER),798.23183129,12445,0.02259654889071494
2026-02-03,A308620,KODEX 미국10년국채선물,안전,해외채권_종합,global_bond,government,S&P 10-Year U.S. Treasury Note Futures KRW(ER),798.23183129,12230,-0.01727601446364002
2026-02-04,A308620,KODEX 미국10년국채선물,안전,해외채권_종합,global_bond,government,S&P 10-Year U.S. Treasury Note Futures KRW(ER),798.23183129,12280,0.004088307440719641
2026-02-05,A308620,KODEX 미국10년국채선물,안전,해외채권_종합,global_bond,government,S&P 10-Year U.S. Treasury Note Futures KRW(ER),798.23183129,12450,0.01384364820846895
2026-02-06,A308620,KODEX 미국10년국채선물,안전,해외채권_종합,global_bond,government,S&P 10-Year U.S. Treasury Note Futures KRW(ER),798.23183129,12500,0.004016064257028162
2026-02-09,A308620,KODEX 미국10년국채선물,안전,해외채권_종합,global_bond,government,S&P 10-Year U.S. Treasury Note Futures KRW(ER),798.23183129,12395,-0.008399999999999963
2026-02-10,A308620,KODEX 미국10년국채선물,안전,해외채권_종합,global_bond,government,S&P 10-Year U.S. Treasury Note Futures KRW(ER),798.23183129,12425,0.0024203307785397588
2026-02-11,A308620,KODEX 미국10년국채선물,안전,해외채권_종합,global_bond,government,S&P 10-Year U.S. Treasury Note Futures KRW(ER),798.23183129,12390,-0.0028169014084507005
2026-02-12,A308620,KODEX 미국10년국채선물,안전,해외채권_종합,global_bond,government,S&P 10-Year U.S. Treasury Note Futures KRW(ER),798.23183129,12300,-0.007263922518159771
2026-02-13,A308620,KODEX 미국10년국채선물,안전,해외채권_종합,global_bond,government,S&P 10-Year U.S. Treasury Note Futures KRW(ER),798.23183129,12375,0.0060975609756097615
2026-02-19,A308620,KODEX 미국10년국채선물,안전,해외채권_종합,global_bond,government,S&P 10-Year U.S. Treasury Note Futures KRW(ER),798.23183129,12395,0.0016161616161616266
2026-02-20,A308620,KODEX 미국10년국채선물,안전,해외채권_종합,global_bond,government,S&P 10-Year U.S. Treasury Note Futures KRW(ER),798.23183129,12410,0.0012101653892697684
2026-02-23,A308620,KODEX 미국10년국채선물,안전,해외채권_종합,global_bond,government,S&P 10-Year U.S. Treasury Note Futures KRW(ER),798.23183129,12365,-0.003626107977437565
2026-02-24,A308620,KODEX 미국10년국채선물,안전,해외채권_종합,global_bond,government,S&P 10-Year U.S. Treasury Note Futures KRW(ER),798.23183129,12425,0.0048524059846339895
2026-02-25,A308620,KODEX 미국10년국채선물,안전,해외채권_종합,global_bond,government,S&P 10-Year U.S. Treasury Note Futures KRW(ER),798.23183129,12300,-0.010060362173038184
2026-02-26,A308620,KODEX 미국10년국채선물,안전,해외채권_종합,global_bond,government,S&P 10-Year U.S. Treasury Note Futures KRW(ER),798.23183129,12285,-0.0012195121951219523
2026-02-27,A308620,KODEX 미국10년국채선물,안전,해외채권_종합,global_bond,government,S&P 10-Year U.S. Treasury Note Futures KRW(ER),798.23183129,12420,0.01098901098901095
2026-03-03,A308620,KODEX 미국10년국채선물,안전,해외채권_종합,global_bond,government,S&P 10-Year U.S. Treasury Note Futures KRW(ER),798.23183129,12600,0.01449275362318847
2026-03-04,A308620,KODEX 미국10년국채선물,안전,해외채권_종합,global_bond,government,S&P 10-Year U.S. Treasury Note Futures KRW(ER),798.23183129,12690,0.0071428571428571175
2026-03-05,A308620,KODEX 미국10년국채선물,안전,해외채권_종합,global_bond,government,S&P 10-Year U.S. Treasury Note Futures KRW(ER),798.23183129,12570,-0.009456264775413725
2026-03-06,A308620,KODEX 미국10년국채선물,안전,해외채권_종합,global_bond,government,S&P 10-Year U.S. Treasury Note Futures KRW(ER),798.23183129,12615,0.0035799522673030104
2026-03-09,A308620,KODEX 미국10년국채선물,안전,해외채권_종합,global_bond,government,S&P 10-Year U.S. Treasury Note Futures KRW(ER),798.23183129,12730,0.00911613158937774
2026-03-10,A308620,KODEX 미국10년국채선물,안전,해외채권_종합,global_bond,government,S&P 10-Year U.S. Treasury Note Futures KRW(ER),798.23183129,12575,-0.01217596229379414
2026-03-11,A308620,KODEX 미국10년국채선물,안전,해외채권_종합,global_bond,government,S&P 10-Year U.S. Treasury Note Futures KRW(ER),798.23183129,12540,-0.002783300198807126
2026-03-12,A308620,KODEX 미국10년국채선물,안전,해외채권_종합,global_bond,government,S&P 10-Year U.S. Treasury Note Futures KRW(ER),798.23183129,12605,0.0051834130781498455
2026-03-13,A308620,KODEX 미국10년국채선물,안전,해외채권_종합,global_bond,government,S&P 10-Year U.S. Treasury Note Futures KRW(ER),798.23183129,12665,0.004760015866719591
2026-03-16,A308620,KODEX 미국10년국채선물,안전,해외채권_종합,global_bond,government,S&P 10-Year U.S. Treasury Note Futures KRW(ER),798.23183129,12720,0.004342676667982603
2026-03-17,A308620,KODEX 미국10년국채선물,안전,해외채권_종합,global_bond,government,S&P 10-Year U.S. Treasury Note Futures KRW(ER),798.23183129,12705,-0.001179245283018826
2026-03-18,A308620,KODEX 미국10년국채선물,안전,해외채권_종합,global_bond,government,S&P 10-Year U.S. Treasury Note Futures KRW(ER),798.23183129,12665,-0.0031483667847304053
2026-03-19,A308620,KODEX 미국10년국채선물,안전,해외채권_종합,global_bond,government,S&P 10-Year U.S. Treasury Note Futures KRW(ER),798.23183129,12720,0.004342676667982603
2026-03-20,A308620,KODEX 미국10년국채선물,안전,해외채권_종합,global_bond,government,S&P 10-Year U.S. Treasury Note Futures KRW(ER),798.23183129,12700,-0.0015723270440252124
2026-03-23,A308620,KODEX 미국10년국채선물,안전,해외채권_종합,global_bond,government,S&P 10-Year U.S. Treasury Note Futures KRW(ER),798.23183129,12730,0.0023622047244094
2026-03-24,A308620,KODEX 미국10년국채선물,안전,해외채권_종합,global_bond,government,S&P 10-Year U.S. Treasury Note Futures KRW(ER),798.23183129,12585,-0.011390416339355891
2026-03-25,A308620,KODEX 미국10년국채선물,안전,해외채권_종합,global_bond,government,S&P 10-Year U.S. Treasury Note Futures KRW(ER),798.23183129,12640,0.004370282081843424
2026-03-26,A308620,KODEX 미국10년국채선물,안전,해외채권_종합,global_bond,government,S&P 10-Year U.S. Treasury Note Futures KRW(ER),798.23183129,12705,0.005142405063291111
2026-03-27,A308620,KODEX 미국10년국채선물,안전,해외채권_종합,global_bond,government,S&P 10-Year U.S. Treasury Note Futures KRW(ER),798.23183129,12650,-0.0043290043290042934
2026-03-30,A308620,KODEX 미국10년국채선물,안전,해외채권_종합,global_bond,government,S&P 10-Year U.S. Treasury Note Futures KRW(ER),798.23183129,12755,0.008300395256916948
2026-03-31,A308620,KODEX 미국10년국채선물,안전,해외채권_종합,global_bond,government,S&P 10-Year U.S. Treasury Note Futures KRW(ER),798.23183129,12945,0.014896119168953392
2026-04-01,A308620,KODEX 미국10년국채선물,안전,해외채권_종합,global_bond,government,S&P 10-Year U.S. Treasury Note Futures KRW(ER),798.23183129,12745,-0.015449980687524123
2026-04-02,A308620,KODEX 미국10년국채선물,안전,해외채권_종합,global_bond,government,S&P 10-Year U.S. Treasury Note Futures KRW(ER),798.23183129,12795,0.003923107100823886
2026-04-03,A308620,KODEX 미국10년국채선물,안전,해외채권_종합,global_bond,government,S&P 10-Year U.S. Treasury Note Futures KRW(ER),798.23183129,12715,-0.006252442360296984
2026-04-06,A308620,KODEX 미국10년국채선물,안전,해외채권_종합,global_bond,government,S&P 10-Year U.S. Treasury Note Futures KRW(ER),798.23183129,12700,-0.0011797090051121062
2026-04-07,A308620,KODEX 미국10년국채선물,안전,해외채권_종합,global_bond,government,S&P 10-Year U.S. Treasury Note Futures KRW(ER),798.23183129,12685,-0.0011811023622047
2026-04-08,A308620,KODEX 미국10년국채선물,안전,해외채권_종합,global_bond,government,S&P 10-Year U.S. Treasury Note Futures KRW(ER),798.23183129,12515,-0.01340165549862038
2026-04-09,A308620,KODEX 미국10년국채선물,안전,해외채권_종합,global_bond,government,S&P 10-Year U.S. Treasury Note Futures KRW(ER),798.23183129,12570,0.0043947263284058735
2026-04-10,A308620,KODEX 미국10년국채선물,안전,해외채권_종합,global_bond,government,S&P 10-Year U.S. Treasury Note Futures KRW(ER),798.23183129,12565,-0.00039777247414474193
2026-04-13,A308620,KODEX 미국10년국채선물,안전,해외채권_종합,global_bond,government,S&P 10-Year U.S. Treasury Note Futures KRW(ER),798.23183129,12585,0.001591723040190951
2026-04-14,A308620,KODEX 미국10년국채선물,안전,해외채권_종합,global_bond,government,S&P 10-Year U.S. Treasury Note Futures KRW(ER),798.23183129,12575,-0.0007945967421533195
2026-04-15,A308620,KODEX 미국10년국채선물,안전,해외채권_종합,global_bond,government,S&P 10-Year U.S. Treasury Note Futures KRW(ER),798.23183129,12550,-0.001988071570576566
2026-04-16,A308620,KODEX 미국10년국채선물,안전,해외채권_종합,global_bond,government,S&P 10-Year U.S. Treasury Note Futures KRW(ER),798.23183129,12540,-0.0007968127490040056
2026-04-17,A308620,KODEX 미국10년국채선물,안전,해외채권_종합,global_bond,government,S&P 10-Year U.S. Treasury Note Futures KRW(ER),798.23183129,12570,0.0023923444976077235
2026-04-20,A308620,KODEX 미국10년국채선물,안전,해외채권_종합,global_bond,government,S&P 10-Year U.S. Treasury Note Futures KRW(ER),798.23183129,12560,-0.0007955449482895949
2026-04-21,A308620,KODEX 미국10년국채선물,안전,해외채권_종합,global_bond,government,S&P 10-Year U.S. Treasury Note Futures KRW(ER),798.23183129,12510,-0.00398089171974525
2026-04-22,A308620,KODEX 미국10년국채선물,안전,해외채권_종합,global_bond,government,S&P 10-Year U.S. Treasury Note Futures KRW(ER),798.23183129,12550,0.003197442046362964
2026-04-23,A308620,KODEX 미국10년국채선물,안전,해외채권_종합,global_bond,government,S&P 10-Year U.S. Treasury Note Futures KRW(ER),798.23183129,12540,-0.0007968127490040056
2026-04-24,A308620,KODEX 미국10년국채선물,안전,해외채권_종합,global_bond,government,S&P 10-Year U.S. Treasury Note Futures KRW(ER),798.23183129,12555,0.0011961722488038617
2026-04-27,A308620,KODEX 미국10년국채선물,안전,해외채권_종합,global_bond,government,S&P 10-Year U.S. Treasury Note Futures KRW(ER),798.23183129,12475,-0.0063719633612107085
2026-04-28,A308620,KODEX 미국10년국채선물,안전,해외채권_종합,global_bond,government,S&P 10-Year U.S. Treasury Note Futures KRW(ER),798.23183129,12480,0.00040080160320643543
2026-04-29,A308620,KODEX 미국10년국채선물,안전,해외채권_종합,global_bond,government,S&P 10-Year U.S. Treasury Note Futures KRW(ER),798.23183129,12515,0.002804487179487225
2026-04-30,A308620,KODEX 미국10년국채선물,안전,해외채권_종합,global_bond,government,S&P 10-Year U.S. Treasury Note Futures KRW(ER),798.23183129,12490,-0.0019976028765481546
2026-05-04,A308620,KODEX 미국10년국채선물,안전,해외채권_종합,global_bond,government,S&P 10-Year U.S. Treasury Note Futures KRW(ER),798.23183129,12350,-0.011208967173738982
2026-05-06,A308620,KODEX 미국10년국채선물,안전,해외채권_종합,global_bond,government,S&P 10-Year U.S. Treasury Note Futures KRW(ER),798.23183129,12285,-0.0052631578947368585
2026-05-07,A308620,KODEX 미국10년국채선물,안전,해외채권_종합,global_bond,government,S&P 10-Year U.S. Treasury Note Futures KRW(ER),798.23183129,12300,0.0012210012210012167
2026-05-08,A308620,KODEX 미국10년국채선물,안전,해외채권_종합,global_bond,government,S&P 10-Year U.S. Treasury Note Futures KRW(ER),798.23183129,12420,0.009756097560975618
2026-05-11,A308620,KODEX 미국10년국채선물,안전,해외채권_종합,global_bond,government,S&P 10-Year U.S. Treasury Note Futures KRW(ER),798.23183129,12420,0.0
2026-05-12,A308620,KODEX 미국10년국채선물,안전,해외채권_종합,global_bond,government,S&P 10-Year U.S. Treasury Note Futures KRW(ER),798.23183129,12530,0.008856682769726287
2026-05-13,A308620,KODEX 미국10년국채선물,안전,해외채권_종합,global_bond,government,S&P 10-Year U.S. Treasury Note Futures KRW(ER),798.23183129,12550,0.0015961691939345712
2026-05-14,A308620,KODEX 미국10년국채선물,안전,해외채권_종합,global_bond,government,S&P 10-Year U.S. Treasury Note Futures KRW(ER),798.23183129,12550,0.0
2026-05-15,A308620,KODEX 미국10년국채선물,안전,해외채권_종합,global_bond,government,S&P 10-Year U.S. Treasury Note Futures KRW(ER),798.23183129,12575,0.0019920318725099584
2026-05-18,A308620,KODEX 미국10년국채선물,안전,해외채권_종합,global_bond,government,S&P 10-Year U.S. Treasury Note Futures KRW(ER),798.23183129,12505,-0.005566600397614363
2026-05-19,A308620,KODEX 미국10년국채선물,안전,해외채권_종합,global_bond,government,S&P 10-Year U.S. Treasury Note Futures KRW(ER),798.23183129,12570,0.005197920831667258
2026-05-20,A308620,KODEX 미국10년국채선물,안전,해외채권_종합,global_bond,government,S&P 10-Year U.S. Treasury Note Futures KRW(ER),798.23183129,12535,-0.0027844073190135266
2026-05-21,A308620,KODEX 미국10년국채선물,안전,해외채권_종합,global_bond,government,S&P 10-Year U.S. Treasury Note Futures KRW(ER),798.23183129,12565,0.0023932987634622815
2026-05-22,A308620,KODEX 미국10년국채선물,안전,해외채권_종합,global_bond,government,S&P 10-Year U.S. Treasury Note Futures KRW(ER),798.23183129,12680,0.009152407481098246
2026-01-02,A329750,TIGER 미국달러단기채권액티브,안전,해외채권_종합,global_bond,government,KIS U.S. TREASURY BOND 0-1Y 지수,6533.76089908,13380,0.001122334455667895
2026-01-05,A329750,TIGER 미국달러단기채권액티브,안전,해외채권_종합,global_bond,government,KIS U.S. TREASURY BOND 0-1Y 지수,6533.76089908,13400,0.001494768310911887
2026-01-06,A329750,TIGER 미국달러단기채권액티브,안전,해외채권_종합,global_bond,government,KIS U.S. TREASURY BOND 0-1Y 지수,6533.76089908,13400,0.0
2026-01-07,A329750,TIGER 미국달러단기채권액티브,안전,해외채권_종합,global_bond,government,KIS U.S. TREASURY BOND 0-1Y 지수,6533.76089908,13405,0.0003731343283581712
2026-01-08,A329750,TIGER 미국달러단기채권액티브,안전,해외채권_종합,global_bond,government,KIS U.S. TREASURY BOND 0-1Y 지수,6533.76089908,13430,0.0018649757553150792
2026-01-09,A329750,TIGER 미국달러단기채권액티브,안전,해외채권_종합,global_bond,government,KIS U.S. TREASURY BOND 0-1Y 지수,6533.76089908,13510,0.005956813104988745
2026-01-12,A329750,TIGER 미국달러단기채권액티브,안전,해외채권_종합,global_bond,government,KIS U.S. TREASURY BOND 0-1Y 지수,6533.76089908,13610,0.007401924500370027
2026-01-13,A329750,TIGER 미국달러단기채권액티브,안전,해외채권_종합,global_bond,government,KIS U.S. TREASURY BOND 0-1Y 지수,6533.76089908,13645,0.0025716385011020915
2026-01-14,A329750,TIGER 미국달러단기채권액티브,안전,해외채권_종합,global_bond,government,KIS U.S. TREASURY BOND 0-1Y 지수,6533.76089908,13670,0.0018321729571271206
2026-01-15,A329750,TIGER 미국달러단기채권액티브,안전,해외채권_종합,global_bond,government,KIS U.S. TREASURY BOND 0-1Y 지수,6533.76089908,13605,-0.004754937820043881
2026-01-16,A329750,TIGER 미국달러단기채권액티브,안전,해외채권_종합,global_bond,government,KIS U.S. TREASURY BOND 0-1Y 지수,6533.76089908,13650,0.00330760749724357
2026-01-19,A329750,TIGER 미국달러단기채권액티브,안전,해외채권_종합,global_bond,government,KIS U.S. TREASURY BOND 0-1Y 지수,6533.76089908,13645,-0.000366300366300365
2026-01-20,A329750,TIGER 미국달러단기채권액티브,안전,해외채권_종합,global_bond,government,KIS U.S. TREASURY BOND 0-1Y 지수,6533.76089908,13685,0.0029314767314034818
2026-01-21,A329750,TIGER 미국달러단기채권액티브,안전,해외채권_종합,global_bond,government,KIS U.S. TREASURY BOND 0-1Y 지수,6533.76089908,13640,-0.003288271830471312
2026-01-22,A329750,TIGER 미국달러단기채권액티브,안전,해외채권_종합,global_bond,government,KIS U.S. TREASURY BOND 0-1Y 지수,6533.76089908,13630,-0.0007331378299120228
2026-01-23,A329750,TIGER 미국달러단기채권액티브,안전,해외채권_종합,global_bond,government,KIS U.S. TREASURY BOND 0-1Y 지수,6533.76089908,13590,-0.0029347028613352366
2026-01-26,A329750,TIGER 미국달러단기채권액티브,안전,해외채권_종합,global_bond,government,KIS U.S. TREASURY BOND 0-1Y 지수,6533.76089908,13350,-0.017660044150110354
2026-01-27,A329750,TIGER 미국달러단기채권액티브,안전,해외채권_종합,global_bond,government,KIS U.S. TREASURY BOND 0-1Y 지수,6533.76089908,13385,0.0026217228464420206
2026-01-28,A329750,TIGER 미국달러단기채권액티브,안전,해외채권_종합,global_bond,government,KIS U.S. TREASURY BOND 0-1Y 지수,6533.76089908,13180,-0.015315651849084788
2026-01-29,A329750,TIGER 미국달러단기채권액티브,안전,해외채권_종합,global_bond,government,KIS U.S. TREASURY BOND 0-1Y 지수,6533.76089908,13210,0.0022761760242793194
2026-01-30,A329750,TIGER 미국달러단기채권액티브,안전,해외채권_종합,global_bond,government,KIS U.S. TREASURY BOND 0-1Y 지수,6533.76089908,13325,0.008705526116578266
2026-02-02,A329750,TIGER 미국달러단기채권액티브,안전,해외채권_종합,global_bond,government,KIS U.S. TREASURY BOND 0-1Y 지수,6533.76089908,13545,0.016510318949343405
2026-02-03,A329750,TIGER 미국달러단기채권액티브,안전,해외채권_종합,global_bond,government,KIS U.S. TREASURY BOND 0-1Y 지수,6533.76089908,13420,-0.009228497600590635
2026-02-04,A329750,TIGER 미국달러단기채권액티브,안전,해외채권_종합,global_bond,government,KIS U.S. TREASURY BOND 0-1Y 지수,6533.76089908,13440,0.0014903129657228842
2026-02-05,A329750,TIGER 미국달러단기채권액티브,안전,해외채권_종합,global_bond,government,KIS U.S. TREASURY BOND 0-1Y 지수,6533.76089908,13610,0.012648809523809534
2026-02-06,A329750,TIGER 미국달러단기채권액티브,안전,해외채권_종합,global_bond,government,KIS U.S. TREASURY BOND 0-1Y 지수,6533.76089908,13620,0.0007347538574578039
2026-02-09,A329750,TIGER 미국달러단기채권액티브,안전,해외채권_종합,global_bond,government,KIS U.S. TREASURY BOND 0-1Y 지수,6533.76089908,13570,-0.0036710719530103075
2026-02-10,A329750,TIGER 미국달러단기채권액티브,안전,해외채권_종합,global_bond,government,KIS U.S. TREASURY BOND 0-1Y 지수,6533.76089908,13530,-0.0029476787030213725
2026-02-11,A329750,TIGER 미국달러단기채권액티브,안전,해외채권_종합,global_bond,government,KIS U.S. TREASURY BOND 0-1Y 지수,6533.76089908,13470,-0.0044345898004434225
2026-02-12,A329750,TIGER 미국달러단기채권액티브,안전,해외채권_종합,global_bond,government,KIS U.S. TREASURY BOND 0-1Y 지수,6533.76089908,13380,-0.006681514476614692
2026-02-13,A329750,TIGER 미국달러단기채권액티브,안전,해외채권_종합,global_bond,government,KIS U.S. TREASURY BOND 0-1Y 지수,6533.76089908,13420,0.002989536621823552
2026-02-19,A329750,TIGER 미국달러단기채권액티브,안전,해외채권_종합,global_bond,government,KIS U.S. TREASURY BOND 0-1Y 지수,6533.76089908,13430,0.0007451564828613311
2026-02-20,A329750,TIGER 미국달러단기채권액티브,안전,해외채권_종합,global_bond,government,KIS U.S. TREASURY BOND 0-1Y 지수,6533.76089908,13440,0.0007446016381236209
2026-02-23,A329750,TIGER 미국달러단기채권액티브,안전,해외채권_종합,global_bond,government,KIS U.S. TREASURY BOND 0-1Y 지수,6533.76089908,13375,-0.004836309523809534
2026-02-24,A329750,TIGER 미국달러단기채권액티브,안전,해외채권_종합,global_bond,government,KIS U.S. TREASURY BOND 0-1Y 지수,6533.76089908,13410,0.0026168224299065734
2026-02-25,A329750,TIGER 미국달러단기채권액티브,안전,해외채권_종합,global_bond,government,KIS U.S. TREASURY BOND 0-1Y 지수,6533.76089908,13300,-0.00820283370618946
2026-02-26,A329750,TIGER 미국달러단기채권액티브,안전,해외채권_종합,global_bond,government,KIS U.S. TREASURY BOND 0-1Y 지수,6533.76089908,13245,-0.004135338345864659
2026-02-27,A329750,TIGER 미국달러단기채권액티브,안전,해외채권_종합,global_bond,government,KIS U.S. TREASURY BOND 0-1Y 지수,6533.76089908,13360,0.008682521706304236
2026-03-03,A329750,TIGER 미국달러단기채권액티브,안전,해외채권_종합,global_bond,government,KIS U.S. TREASURY BOND 0-1Y 지수,6533.76089908,13595,0.01758982035928147
2026-03-04,A329750,TIGER 미국달러단기채권액티브,안전,해외채권_종합,global_bond,government,KIS U.S. TREASURY BOND 0-1Y 지수,6533.76089908,13740,0.010665685913938905
2026-03-05,A329750,TIGER 미국달러단기채권액티브,안전,해외채권_종합,global_bond,government,KIS U.S. TREASURY BOND 0-1Y 지수,6533.76089908,13660,-0.005822416302765698
2026-03-06,A329750,TIGER 미국달러단기채권액티브,안전,해외채권_종합,global_bond,government,KIS U.S. TREASURY BOND 0-1Y 지수,6533.76089908,13710,0.0036603221083455484
2026-03-09,A329750,TIGER 미국달러단기채권액티브,안전,해외채권_종합,global_bond,government,KIS U.S. TREASURY BOND 0-1Y 지수,6533.76089908,13905,0.01422319474835887
2026-03-10,A329750,TIGER 미국달러단기채권액티브,안전,해외채권_종합,global_bond,government,KIS U.S. TREASURY BOND 0-1Y 지수,6533.76089908,13715,-0.013664149586479657
2026-03-11,A329750,TIGER 미국달러단기채권액티브,안전,해외채권_종합,global_bond,government,KIS U.S. TREASURY BOND 0-1Y 지수,6533.76089908,13640,-0.0054684651841050425
2026-03-12,A329750,TIGER 미국달러단기채권액티브,안전,해외채권_종합,global_bond,government,KIS U.S. TREASURY BOND 0-1Y 지수,6533.76089908,13760,0.008797653958944274
2026-03-13,A329750,TIGER 미국달러단기채권액티브,안전,해외채권_종합,global_bond,government,KIS U.S. TREASURY BOND 0-1Y 지수,6533.76089908,13880,0.008720930232558155
2026-03-16,A329750,TIGER 미국달러단기채권액티브,안전,해외채권_종합,global_bond,government,KIS U.S. TREASURY BOND 0-1Y 지수,6533.76089908,13935,0.003962536023054852
2026-03-17,A329750,TIGER 미국달러단기채권액티브,안전,해외채권_종합,global_bond,government,KIS U.S. TREASURY BOND 0-1Y 지수,6533.76089908,13915,-0.0014352350197345265
2026-03-18,A329750,TIGER 미국달러단기채권액티브,안전,해외채권_종합,global_bond,government,KIS U.S. TREASURY BOND 0-1Y 지수,6533.76089908,13815,-0.007186489399928164
2026-03-19,A329750,TIGER 미국달러단기채권액티브,안전,해외채권_종합,global_bond,government,KIS U.S. TREASURY BOND 0-1Y 지수,6533.76089908,13970,0.011219688744118717
2026-03-20,A329750,TIGER 미국달러단기채권액티브,안전,해외채권_종합,global_bond,government,KIS U.S. TREASURY BOND 0-1Y 지수,6533.76089908,13960,-0.0007158196134574579
2026-03-23,A329750,TIGER 미국달러단기채권액티브,안전,해외채권_종합,global_bond,government,KIS U.S. TREASURY BOND 0-1Y 지수,6533.76089908,14115,0.011103151862464244
2026-03-24,A329750,TIGER 미국달러단기채권액티브,안전,해외채권_종합,global_bond,government,KIS U.S. TREASURY BOND 0-1Y 지수,6533.76089908,13945,-0.012043924902585879
2026-03-25,A329750,TIGER 미국달러단기채권액티브,안전,해외채권_종합,global_bond,government,KIS U.S. TREASURY BOND 0-1Y 지수,6533.76089908,13970,0.0017927572606668551
2026-03-26,A329750,TIGER 미국달러단기채권액티브,안전,해외채권_종합,global_bond,government,KIS U.S. TREASURY BOND 0-1Y 지수,6533.76089908,14070,0.007158196134574135
2026-03-27,A329750,TIGER 미국달러단기채권액티브,안전,해외채권_종합,global_bond,government,KIS U.S. TREASURY BOND 0-1Y 지수,6533.76089908,14035,-0.0024875621890547706
2026-03-30,A329750,TIGER 미국달러단기채권액티브,안전,해외채권_종합,global_bond,government,KIS U.S. TREASURY BOND 0-1Y 지수,6533.76089908,14110,0.0053437833986462735
2026-03-31,A329750,TIGER 미국달러단기채권액티브,안전,해외채권_종합,global_bond,government,KIS U.S. TREASURY BOND 0-1Y 지수,6533.76089908,14310,0.014174344436569841
2026-04-01,A329750,TIGER 미국달러단기채권액티브,안전,해외채권_종합,global_bond,government,KIS U.S. TREASURY BOND 0-1Y 지수,6533.76089908,14060,-0.017470300489168422
2026-04-02,A329750,TIGER 미국달러단기채권액티브,안전,해외채권_종합,global_bond,government,KIS U.S. TREASURY BOND 0-1Y 지수,6533.76089908,14215,0.011024182076813549
2026-04-03,A329750,TIGER 미국달러단기채권액티브,안전,해외채권_종합,global_bond,government,KIS U.S. TREASURY BOND 0-1Y 지수,6533.76089908,14070,-0.010200492437565933
2026-04-06,A329750,TIGER 미국달러단기채권액티브,안전,해외채권_종합,global_bond,government,KIS U.S. TREASURY BOND 0-1Y 지수,6533.76089908,14090,0.001421464108031234
2026-04-07,A329750,TIGER 미국달러단기채권액티브,안전,해외채권_종합,global_bond,government,KIS U.S. TREASURY BOND 0-1Y 지수,6533.76089908,14060,-0.002129169623846683
2026-04-08,A329750,TIGER 미국달러단기채권액티브,안전,해외채권_종합,global_bond,government,KIS U.S. TREASURY BOND 0-1Y 지수,6533.76089908,13750,-0.02204836415362732
2026-04-09,A329750,TIGER 미국달러단기채권액티브,안전,해외채권_종합,global_bond,government,KIS U.S. TREASURY BOND 0-1Y 지수,6533.76089908,13855,0.007636363636363663
2026-04-10,A329750,TIGER 미국달러단기채권액티브,안전,해외채권_종합,global_bond,government,KIS U.S. TREASURY BOND 0-1Y 지수,6533.76089908,13865,0.0007217610970768895
2026-04-13,A329750,TIGER 미국달러단기채권액티브,안전,해외채권_종합,global_bond,government,KIS U.S. TREASURY BOND 0-1Y 지수,6533.76089908,13925,0.0043274432023079346
2026-04-14,A329750,TIGER 미국달러단기채권액티브,안전,해외채권_종합,global_bond,government,KIS U.S. TREASURY BOND 0-1Y 지수,6533.76089908,13865,-0.004308797127468567
2026-04-15,A329750,TIGER 미국달러단기채권액티브,안전,해외채권_종합,global_bond,government,KIS U.S. TREASURY BOND 0-1Y 지수,6533.76089908,13785,-0.005769924269743987
2026-04-16,A329750,TIGER 미국달러단기채권액티브,안전,해외채권_종합,global_bond,government,KIS U.S. TREASURY BOND 0-1Y 지수,6533.76089908,13795,0.0007254261878852919
2026-04-17,A329750,TIGER 미국달러단기채권액티브,안전,해외채권_종합,global_bond,government,KIS U.S. TREASURY BOND 0-1Y 지수,6533.76089908,13850,0.003986951794128224
2026-04-20,A329750,TIGER 미국달러단기채권액티브,안전,해외채권_종합,global_bond,government,KIS U.S. TREASURY BOND 0-1Y 지수,6533.76089908,13820,-0.0021660649819494893
2026-04-21,A329750,TIGER 미국달러단기채권액티브,안전,해외채권_종합,global_bond,government,KIS U.S. TREASURY BOND 0-1Y 지수,6533.76089908,13750,-0.00506512301013029
2026-04-22,A329750,TIGER 미국달러단기채권액티브,안전,해외채권_종합,global_bond,government,KIS U.S. TREASURY BOND 0-1Y 지수,6533.76089908,13815,0.004727272727272691
2026-04-23,A329750,TIGER 미국달러단기채권액티브,안전,해외채권_종합,global_bond,government,KIS U.S. TREASURY BOND 0-1Y 지수,6533.76089908,13860,0.0032573289902280145
2026-04-24,A329750,TIGER 미국달러단기채권액티브,안전,해외채권_종합,global_bond,government,KIS U.S. TREASURY BOND 0-1Y 지수,6533.76089908,13890,0.0021645021645022577
2026-04-27,A329750,TIGER 미국달러단기채권액티브,안전,해외채권_종합,global_bond,government,KIS U.S. TREASURY BOND 0-1Y 지수,6533.76089908,13785,-0.0075593952483801186
2026-04-28,A329750,TIGER 미국달러단기채권액티브,안전,해외채권_종합,global_bond,government,KIS U.S. TREASURY BOND 0-1Y 지수,6533.76089908,13790,0.00036271309394275697
2026-04-29,A329750,TIGER 미국달러단기채권액티브,안전,해외채권_종합,global_bond,government,KIS U.S. TREASURY BOND 0-1Y 지수,6533.76089908,13845,0.00398839738941259
2026-04-30,A329750,TIGER 미국달러단기채권액티브,안전,해외채권_종합,global_bond,government,KIS U.S. TREASURY BOND 0-1Y 지수,6533.76089908,13900,0.003972553268327905
2026-05-04,A329750,TIGER 미국달러단기채권액티브,안전,해외채권_종합,global_bond,government,KIS U.S. TREASURY BOND 0-1Y 지수,6533.76089908,13685,-0.015467625899280524
2026-05-06,A329750,TIGER 미국달러단기채권액티브,안전,해외채권_종합,global_bond,government,KIS U.S. TREASURY BOND 0-1Y 지수,6533.76089908,13630,-0.004018998903909443
2026-05-07,A329750,TIGER 미국달러단기채권액티브,안전,해외채권_종합,global_bond,government,KIS U.S. TREASURY BOND 0-1Y 지수,6533.76089908,13620,-0.0007336757153337814
2026-05-08,A329750,TIGER 미국달러단기채권액티브,안전,해외채권_종합,global_bond,government,KIS U.S. TREASURY BOND 0-1Y 지수,6533.76089908,13760,0.010279001468428861
2026-05-11,A329750,TIGER 미국달러단기채권액티브,안전,해외채권_종합,global_bond,government,KIS U.S. TREASURY BOND 0-1Y 지수,6533.76089908,13800,0.0029069767441860517
2026-05-12,A329750,TIGER 미국달러단기채권액티브,안전,해외채권_종합,global_bond,government,KIS U.S. TREASURY BOND 0-1Y 지수,6533.76089908,13920,0.008695652173912993
2026-05-13,A329750,TIGER 미국달러단기채권액티브,안전,해외채권_종합,global_bond,government,KIS U.S. TREASURY BOND 0-1Y 지수,6533.76089908,13965,0.003232758620689724
2026-05-14,A329750,TIGER 미국달러단기채권액티브,안전,해외채권_종합,global_bond,government,KIS U.S. TREASURY BOND 0-1Y 지수,6533.76089908,13970,0.0003580379520229382
2026-05-15,A329750,TIGER 미국달러단기채권액티브,안전,해외채권_종합,global_bond,government,KIS U.S. TREASURY BOND 0-1Y 지수,6533.76089908,14090,0.008589835361488829
2026-05-18,A329750,TIGER 미국달러단기채권액티브,안전,해외채권_종합,global_bond,government,KIS U.S. TREASURY BOND 0-1Y 지수,6533.76089908,14055,-0.0024840312278211485
2026-05-19,A329750,TIGER 미국달러단기채권액티브,안전,해외채권_종합,global_bond,government,KIS U.S. TREASURY BOND 0-1Y 지수,6533.76089908,14135,0.005691924581999297
2026-05-20,A329750,TIGER 미국달러단기채권액티브,안전,해외채권_종합,global_bond,government,KIS U.S. TREASURY BOND 0-1Y 지수,6533.76089908,14135,0.0
2026-05-21,A329750,TIGER 미국달러단기채권액티브,안전,해외채권_종합,global_bond,government,KIS U.S. TREASURY BOND 0-1Y 지수,6533.76089908,14115,-0.0014149274849664106
2026-05-22,A329750,TIGER 미국달러단기채권액티브,안전,해외채권_종합,global_bond,government,KIS U.S. TREASURY BOND 0-1Y 지수,6533.76089908,14205,0.006376195536663021
2026-01-02,A332610,PLUS 미국단기회사채(AAA~A),안전,해외채권_회사채,global_bond,credit,ICE BofaAML 1-3 Year AAA-A US Corporate Index(총수익지수),328.54186801,130660,0.0013948711660203283
2026-01-05,A332610,PLUS 미국단기회사채(AAA~A),안전,해외채권_회사채,global_bond,credit,ICE BofaAML 1-3 Year AAA-A US Corporate Index(총수익지수),328.54186801,130864,0.0015613041481707945
2026-01-06,A332610,PLUS 미국단기회사채(AAA~A),안전,해외채권_회사채,global_bond,credit,ICE BofaAML 1-3 Year AAA-A US Corporate Index(총수익지수),328.54186801,130987,0.0009399070791049624
2026-01-07,A332610,PLUS 미국단기회사채(AAA~A),안전,해외채권_회사채,global_bond,credit,ICE BofaAML 1-3 Year AAA-A US Corporate Index(총수익지수),328.54186801,131225,0.0018169742035469838
2026-01-08,A332610,PLUS 미국단기회사채(AAA~A),안전,해외채권_회사채,global_bond,credit,ICE BofaAML 1-3 Year AAA-A US Corporate Index(총수익지수),328.54186801,131389,0.0012497618594018434
2026-01-09,A332610,PLUS 미국단기회사채(AAA~A),안전,해외채권_회사채,global_bond,credit,ICE BofaAML 1-3 Year AAA-A US Corporate Index(총수익지수),328.54186801,132167,0.0059213480580566635
2026-01-12,A332610,PLUS 미국단기회사채(AAA~A),안전,해외채권_회사채,global_bond,credit,ICE BofaAML 1-3 Year AAA-A US Corporate Index(총수익지수),328.54186801,133055,0.006718772462112277
2026-01-13,A332610,PLUS 미국단기회사채(AAA~A),안전,해외채권_회사채,global_bond,credit,ICE BofaAML 1-3 Year AAA-A US Corporate Index(총수익지수),328.54186801,133549,0.00371275036638985
2026-01-14,A332610,PLUS 미국단기회사채(AAA~A),안전,해외채권_회사채,global_bond,credit,ICE BofaAML 1-3 Year AAA-A US Corporate Index(총수익지수),328.54186801,133876,0.00244853948737922
2026-01-15,A332610,PLUS 미국단기회사채(AAA~A),안전,해외채권_회사채,global_bond,credit,ICE BofaAML 1-3 Year AAA-A US Corporate Index(총수익지수),328.54186801,133327,-0.0041008097045026615
2026-01-16,A332610,PLUS 미국단기회사채(AAA~A),안전,해외채권_회사채,global_bond,credit,ICE BofaAML 1-3 Year AAA-A US Corporate Index(총수익지수),328.54186801,133559,0.0017400826539260006
2026-01-19,A332610,PLUS 미국단기회사채(AAA~A),안전,해외채권_회사채,global_bond,credit,ICE BofaAML 1-3 Year AAA-A US Corporate Index(총수익지수),328.54186801,133609,0.00037436638489363183
2026-01-20,A332610,PLUS 미국단기회사채(AAA~A),안전,해외채권_회사채,global_bond,credit,ICE BofaAML 1-3 Year AAA-A US Corporate Index(총수익지수),328.54186801,133916,0.0022977494031091172
2026-01-21,A332610,PLUS 미국단기회사채(AAA~A),안전,해외채권_회사채,global_bond,credit,ICE BofaAML 1-3 Year AAA-A US Corporate Index(총수익지수),328.54186801,133317,-0.004472953194539886
2026-01-22,A332610,PLUS 미국단기회사채(AAA~A),안전,해외채권_회사채,global_bond,credit,ICE BofaAML 1-3 Year AAA-A US Corporate Index(총수익지수),328.54186801,133342,0.00018752297156399145
2026-01-23,A332610,PLUS 미국단기회사채(AAA~A),안전,해외채권_회사채,global_bond,credit,ICE BofaAML 1-3 Year AAA-A US Corporate Index(총수익지수),328.54186801,132945,-0.0029773064750791
2026-01-26,A332610,PLUS 미국단기회사채(AAA~A),안전,해외채권_회사채,global_bond,credit,ICE BofaAML 1-3 Year AAA-A US Corporate Index(총수익지수),328.54186801,130760,-0.01643536800932721
2026-01-27,A332610,PLUS 미국단기회사채(AAA~A),안전,해외채권_회사채,global_bond,credit,ICE BofaAML 1-3 Year AAA-A US Corporate Index(총수익지수),328.54186801,131017,0.001965432854083904
2026-01-28,A332610,PLUS 미국단기회사채(AAA~A),안전,해외채권_회사채,global_bond,credit,ICE BofaAML 1-3 Year AAA-A US Corporate Index(총수익지수),328.54186801,129209,-0.01379973591213357
2026-01-29,A332610,PLUS 미국단기회사채(AAA~A),안전,해외채권_회사채,global_bond,credit,ICE BofaAML 1-3 Year AAA-A US Corporate Index(총수익지수),328.54186801,129523,0.0024301712728989067
2026-01-30,A332610,PLUS 미국단기회사채(AAA~A),안전,해외채권_회사채,global_bond,credit,ICE BofaAML 1-3 Year AAA-A US Corporate Index(총수익지수),328.54186801,130735,0.009357411424997908
2026-02-02,A332610,PLUS 미국단기회사채(AAA~A),안전,해외채권_회사채,global_bond,credit,ICE BofaAML 1-3 Year AAA-A US Corporate Index(총수익지수),328.54186801,132887,0.01646077943932389
2026-02-03,A332610,PLUS 미국단기회사채(AAA~A),안전,해외채권_회사채,global_bond,credit,ICE BofaAML 1-3 Year AAA-A US Corporate Index(총수익지수),328.54186801,131356,-0.011521066771015942
2026-02-04,A332610,PLUS 미국단기회사채(AAA~A),안전,해외채권_회사채,global_bond,credit,ICE BofaAML 1-3 Year AAA-A US Corporate Index(총수익지수),328.54186801,131794,0.0033344498918967957
2026-02-05,A332610,PLUS 미국단기회사채(AAA~A),안전,해외채권_회사채,global_bond,credit,ICE BofaAML 1-3 Year AAA-A US Corporate Index(총수익지수),328.54186801,133460,0.01264093964823898
2026-02-06,A332610,PLUS 미국단기회사채(AAA~A),안전,해외채권_회사채,global_bond,credit,ICE BofaAML 1-3 Year AAA-A US Corporate Index(총수익지수),328.54186801,133623,0.0012213397272591298
2026-02-09,A332610,PLUS 미국단기회사채(AAA~A),안전,해외채권_회사채,global_bond,credit,ICE BofaAML 1-3 Year AAA-A US Corporate Index(총수익지수),328.54186801,132774,-0.006353696594149194
2026-02-10,A332610,PLUS 미국단기회사채(AAA~A),안전,해외채권_회사채,global_bond,credit,ICE BofaAML 1-3 Year AAA-A US Corporate Index(총수익지수),328.54186801,132500,-0.0020636570412881916
2026-02-11,A332610,PLUS 미국단기회사채(AAA~A),안전,해외채권_회사채,global_bond,credit,ICE BofaAML 1-3 Year AAA-A US Corporate Index(총수익지수),328.54186801,132082,-0.003154716981132122
2026-02-12,A332610,PLUS 미국단기회사채(AAA~A),안전,해외채권_회사채,global_bond,credit,ICE BofaAML 1-3 Year AAA-A US Corporate Index(총수익지수),328.54186801,130939,-0.008653715116367144
2026-02-13,A332610,PLUS 미국단기회사채(AAA~A),안전,해외채권_회사채,global_bond,credit,ICE BofaAML 1-3 Year AAA-A US Corporate Index(총수익지수),328.54186801,131590,0.004971780752869748
2026-02-19,A332610,PLUS 미국단기회사채(AAA~A),안전,해외채권_회사채,global_bond,credit,ICE BofaAML 1-3 Year AAA-A US Corporate Index(총수익지수),328.54186801,132013,0.003214529979481684
2026-02-20,A332610,PLUS 미국단기회사채(AAA~A),안전,해외채권_회사채,global_bond,credit,ICE BofaAML 1-3 Year AAA-A US Corporate Index(총수익지수),328.54186801,131789,-0.0016968025876239468
2026-02-23,A332610,PLUS 미국단기회사채(AAA~A),안전,해외채권_회사채,global_bond,credit,ICE BofaAML 1-3 Year AAA-A US Corporate Index(총수익지수),328.54186801,131217,-0.0043402711910706104
2026-02-24,A332610,PLUS 미국단기회사채(AAA~A),안전,해외채권_회사채,global_bond,credit,ICE BofaAML 1-3 Year AAA-A US Corporate Index(총수익지수),328.54186801,131600,0.0029188291151298618
2026-02-25,A332610,PLUS 미국단기회사채(AAA~A),안전,해외채권_회사채,global_bond,credit,ICE BofaAML 1-3 Year AAA-A US Corporate Index(총수익지수),328.54186801,130229,-0.010417933130699053
2026-02-26,A332610,PLUS 미국단기회사채(AAA~A),안전,해외채권_회사채,global_bond,credit,ICE BofaAML 1-3 Year AAA-A US Corporate Index(총수익지수),328.54186801,129785,-0.0034093788633867694
2026-02-27,A332610,PLUS 미국단기회사채(AAA~A),안전,해외채권_회사채,global_bond,credit,ICE BofaAML 1-3 Year AAA-A US Corporate Index(총수익지수),328.54186801,130842,0.008144238548368543
2026-03-03,A332610,PLUS 미국단기회사채(AAA~A),안전,해외채권_회사채,global_bond,credit,ICE BofaAML 1-3 Year AAA-A US Corporate Index(총수익지수),328.54186801,133519,0.020459791198544908
2026-03-04,A332610,PLUS 미국단기회사채(AAA~A),안전,해외채권_회사채,global_bond,credit,ICE BofaAML 1-3 Year AAA-A US Corporate Index(총수익지수),328.54186801,134482,0.0072124566541091895
2026-03-05,A332610,PLUS 미국단기회사채(AAA~A),안전,해외채권_회사채,global_bond,credit,ICE BofaAML 1-3 Year AAA-A US Corporate Index(총수익지수),328.54186801,133854,-0.004669769932035495
2026-03-06,A332610,PLUS 미국단기회사채(AAA~A),안전,해외채권_회사채,global_bond,credit,ICE BofaAML 1-3 Year AAA-A US Corporate Index(총수익지수),328.54186801,134442,0.004392845936617595
2026-03-09,A332610,PLUS 미국단기회사채(AAA~A),안전,해외채권_회사채,global_bond,credit,ICE BofaAML 1-3 Year AAA-A US Corporate Index(총수익지수),328.54186801,136247,0.013425863941327831
2026-03-10,A332610,PLUS 미국단기회사채(AAA~A),안전,해외채권_회사채,global_bond,credit,ICE BofaAML 1-3 Year AAA-A US Corporate Index(총수익지수),328.54186801,133943,-0.016910464083612853
2026-03-11,A332610,PLUS 미국단기회사채(AAA~A),안전,해외채권_회사채,global_bond,credit,ICE BofaAML 1-3 Year AAA-A US Corporate Index(총수익지수),328.54186801,133524,-0.0031281963223162013
2026-03-12,A332610,PLUS 미국단기회사채(AAA~A),안전,해외채권_회사채,global_bond,credit,ICE BofaAML 1-3 Year AAA-A US Corporate Index(총수익지수),328.54186801,134846,0.009900841796231408
2026-03-13,A332610,PLUS 미국단기회사채(AAA~A),안전,해외채권_회사채,global_bond,credit,ICE BofaAML 1-3 Year AAA-A US Corporate Index(총수익지수),328.54186801,135659,0.006029099862064902
2026-03-16,A332610,PLUS 미국단기회사채(AAA~A),안전,해외채권_회사채,global_bond,credit,ICE BofaAML 1-3 Year AAA-A US Corporate Index(총수익지수),328.54186801,136152,0.0036341120014153905
2026-03-17,A332610,PLUS 미국단기회사채(AAA~A),안전,해외채권_회사채,global_bond,credit,ICE BofaAML 1-3 Year AAA-A US Corporate Index(총수익지수),328.54186801,135758,-0.002893824549033419
2026-03-18,A332610,PLUS 미국단기회사채(AAA~A),안전,해외채권_회사채,global_bond,credit,ICE BofaAML 1-3 Year AAA-A US Corporate Index(총수익지수),328.54186801,135175,-0.004294406222837721
2026-03-19,A332610,PLUS 미국단기회사채(AAA~A),안전,해외채권_회사채,global_bond,credit,ICE BofaAML 1-3 Year AAA-A US Corporate Index(총수익지수),328.54186801,136312,0.008411318660995093
2026-03-20,A332610,PLUS 미국단기회사채(AAA~A),안전,해외채권_회사채,global_bond,credit,ICE BofaAML 1-3 Year AAA-A US Corporate Index(총수익지수),328.54186801,136451,0.0010197194671048848
2026-03-23,A332610,PLUS 미국단기회사채(AAA~A),안전,해외채권_회사채,global_bond,credit,ICE BofaAML 1-3 Year AAA-A US Corporate Index(총수익지수),328.54186801,137743,0.009468600449978437
2026-03-24,A332610,PLUS 미국단기회사채(AAA~A),안전,해외채권_회사채,global_bond,credit,ICE BofaAML 1-3 Year AAA-A US Corporate Index(총수익지수),328.54186801,136033,-0.012414423963468146
2026-03-25,A332610,PLUS 미국단기회사채(AAA~A),안전,해외채권_회사채,global_bond,credit,ICE BofaAML 1-3 Year AAA-A US Corporate Index(총수익지수),328.54186801,136312,0.0020509729256872333
2026-03-26,A332610,PLUS 미국단기회사채(AAA~A),안전,해외채권_회사채,global_bond,credit,ICE BofaAML 1-3 Year AAA-A US Corporate Index(총수익지수),328.54186801,137115,0.005890897353131086
2026-03-27,A332610,PLUS 미국단기회사채(AAA~A),안전,해외채권_회사채,global_bond,credit,ICE BofaAML 1-3 Year AAA-A US Corporate Index(총수익지수),328.54186801,137120,3.64657404368085e-05
2026-03-30,A332610,PLUS 미국단기회사채(AAA~A),안전,해외채권_회사채,global_bond,credit,ICE BofaAML 1-3 Year AAA-A US Corporate Index(총수익지수),328.54186801,137820,0.005105017502917253
2026-03-31,A332610,PLUS 미국단기회사채(AAA~A),안전,해외채권_회사채,global_bond,credit,ICE BofaAML 1-3 Year AAA-A US Corporate Index(총수익지수),328.54186801,139410,0.01153678711362649
2026-04-01,A332610,PLUS 미국단기회사채(AAA~A),안전,해외채권_회사채,global_bond,credit,ICE BofaAML 1-3 Year AAA-A US Corporate Index(총수익지수),328.54186801,136820,-0.01857829424001145
2026-04-02,A332610,PLUS 미국단기회사채(AAA~A),안전,해외채권_회사채,global_bond,credit,ICE BofaAML 1-3 Year AAA-A US Corporate Index(총수익지수),328.54186801,138630,0.013229060078935762
2026-04-03,A332610,PLUS 미국단기회사채(AAA~A),안전,해외채권_회사채,global_bond,credit,ICE BofaAML 1-3 Year AAA-A US Corporate Index(총수익지수),328.54186801,137145,-0.01071196710668687
2026-04-06,A332610,PLUS 미국단기회사채(AAA~A),안전,해외채권_회사채,global_bond,credit,ICE BofaAML 1-3 Year AAA-A US Corporate Index(총수익지수),328.54186801,137170,0.00018228881840398614
2026-04-07,A332610,PLUS 미국단기회사채(AAA~A),안전,해외채권_회사채,global_bond,credit,ICE BofaAML 1-3 Year AAA-A US Corporate Index(총수익지수),328.54186801,137025,-0.0010570824524313016
2026-04-08,A332610,PLUS 미국단기회사채(AAA~A),안전,해외채권_회사채,global_bond,credit,ICE BofaAML 1-3 Year AAA-A US Corporate Index(총수익지수),328.54186801,134325,-0.019704433497536922
2026-04-09,A332610,PLUS 미국단기회사채(AAA~A),안전,해외채권_회사채,global_bond,credit,ICE BofaAML 1-3 Year AAA-A US Corporate Index(총수익지수),328.54186801,135000,0.005025125628140614
2026-04-10,A332610,PLUS 미국단기회사채(AAA~A),안전,해외채권_회사채,global_bond,credit,ICE BofaAML 1-3 Year AAA-A US Corporate Index(총수익지수),328.54186801,135285,0.0021111111111111747
2026-04-13,A332610,PLUS 미국단기회사채(AAA~A),안전,해외채권_회사채,global_bond,credit,ICE BofaAML 1-3 Year AAA-A US Corporate Index(총수익지수),328.54186801,135920,0.004693794581808852
2026-04-14,A332610,PLUS 미국단기회사채(AAA~A),안전,해외채권_회사채,global_bond,credit,ICE BofaAML 1-3 Year AAA-A US Corporate Index(총수익지수),328.54186801,135335,-0.004304002354326042
2026-04-15,A332610,PLUS 미국단기회사채(AAA~A),안전,해외채권_회사채,global_bond,credit,ICE BofaAML 1-3 Year AAA-A US Corporate Index(총수익지수),328.54186801,134630,-0.005209295452026419
2026-04-16,A332610,PLUS 미국단기회사채(AAA~A),안전,해외채권_회사채,global_bond,credit,ICE BofaAML 1-3 Year AAA-A US Corporate Index(총수익지수),328.54186801,134640,7.427764985523666e-05
2026-04-17,A332610,PLUS 미국단기회사채(AAA~A),안전,해외채권_회사채,global_bond,credit,ICE BofaAML 1-3 Year AAA-A US Corporate Index(총수익지수),328.54186801,135405,0.005681818181818121
2026-04-20,A332610,PLUS 미국단기회사채(AAA~A),안전,해외채권_회사채,global_bond,credit,ICE BofaAML 1-3 Year AAA-A US Corporate Index(총수익지수),328.54186801,134870,-0.0039511096340607565
2026-04-21,A332610,PLUS 미국단기회사채(AAA~A),안전,해외채권_회사채,global_bond,credit,ICE BofaAML 1-3 Year AAA-A US Corporate Index(총수익지수),328.54186801,134300,-0.004226291984874342
2026-04-22,A332610,PLUS 미국단기회사채(AAA~A),안전,해외채권_회사채,global_bond,credit,ICE BofaAML 1-3 Year AAA-A US Corporate Index(총수익지수),328.54186801,134945,0.004802680565897166
2026-04-23,A332610,PLUS 미국단기회사채(AAA~A),안전,해외채권_회사채,global_bond,credit,ICE BofaAML 1-3 Year AAA-A US Corporate Index(총수익지수),328.54186801,135300,0.002630701396865387
2026-04-24,A332610,PLUS 미국단기회사채(AAA~A),안전,해외채권_회사채,global_bond,credit,ICE BofaAML 1-3 Year AAA-A US Corporate Index(총수익지수),328.54186801,135595,0.0021803399852180494
2026-04-27,A332610,PLUS 미국단기회사채(AAA~A),안전,해외채권_회사채,global_bond,credit,ICE BofaAML 1-3 Year AAA-A US Corporate Index(총수익지수),328.54186801,134500,-0.008075519008812981
2026-04-28,A332610,PLUS 미국단기회사채(AAA~A),안전,해외채권_회사채,global_bond,credit,ICE BofaAML 1-3 Year AAA-A US Corporate Index(총수익지수),328.54186801,134690,0.00141263940520453
2026-04-29,A332610,PLUS 미국단기회사채(AAA~A),안전,해외채권_회사채,global_bond,credit,ICE BofaAML 1-3 Year AAA-A US Corporate Index(총수익지수),328.54186801,134785,0.0007053233350657884
2026-04-30,A332610,PLUS 미국단기회사채(AAA~A),안전,해외채권_회사채,global_bond,credit,ICE BofaAML 1-3 Year AAA-A US Corporate Index(총수익지수),328.54186801,135015,0.0017064213376858373
2026-05-04,A332610,PLUS 미국단기회사채(AAA~A),안전,해외채권_회사채,global_bond,credit,ICE BofaAML 1-3 Year AAA-A US Corporate Index(총수익지수),328.54186801,133445,-0.011628337592119342
2026-05-06,A332610,PLUS 미국단기회사채(AAA~A),안전,해외채권_회사채,global_bond,credit,ICE BofaAML 1-3 Year AAA-A US Corporate Index(총수익지수),328.54186801,132700,-0.005582824384577911
2026-05-07,A332610,PLUS 미국단기회사채(AAA~A),안전,해외채권_회사채,global_bond,credit,ICE BofaAML 1-3 Year AAA-A US Corporate Index(총수익지수),328.54186801,132615,-0.0006405425772418871
2026-05-08,A332610,PLUS 미국단기회사채(AAA~A),안전,해외채권_회사채,global_bond,credit,ICE BofaAML 1-3 Year AAA-A US Corporate Index(총수익지수),328.54186801,133980,0.010292953285827355
2026-05-11,A332610,PLUS 미국단기회사채(AAA~A),안전,해외채권_회사채,global_bond,credit,ICE BofaAML 1-3 Year AAA-A US Corporate Index(총수익지수),328.54186801,134445,0.003470667263770766
2026-05-12,A332610,PLUS 미국단기회사채(AAA~A),안전,해외채권_회사채,global_bond,credit,ICE BofaAML 1-3 Year AAA-A US Corporate Index(총수익지수),328.54186801,135760,0.00978095131838308
2026-05-13,A332610,PLUS 미국단기회사채(AAA~A),안전,해외채권_회사채,global_bond,credit,ICE BofaAML 1-3 Year AAA-A US Corporate Index(총수익지수),328.54186801,135955,0.0014363582793164298
2026-05-14,A332610,PLUS 미국단기회사채(AAA~A),안전,해외채권_회사채,global_bond,credit,ICE BofaAML 1-3 Year AAA-A US Corporate Index(총수익지수),328.54186801,135980,0.00018388437350602693
2026-05-15,A332610,PLUS 미국단기회사채(AAA~A),안전,해외채권_회사채,global_bond,credit,ICE BofaAML 1-3 Year AAA-A US Corporate Index(총수익지수),328.54186801,136850,0.006397999705838986
2026-05-18,A332610,PLUS 미국단기회사채(AAA~A),안전,해외채권_회사채,global_bond,credit,ICE BofaAML 1-3 Year AAA-A US Corporate Index(총수익지수),328.54186801,136905,0.0004018998903909665
2026-05-19,A332610,PLUS 미국단기회사채(AAA~A),안전,해외채권_회사채,global_bond,credit,ICE BofaAML 1-3 Year AAA-A US Corporate Index(총수익지수),328.54186801,137430,0.0038347759395200853
2026-05-20,A332610,PLUS 미국단기회사채(AAA~A),안전,해외채권_회사채,global_bond,credit,ICE BofaAML 1-3 Year AAA-A US Corporate Index(총수익지수),328.54186801,137300,-0.0009459361129302568
2026-05-21,A332610,PLUS 미국단기회사채(AAA~A),안전,해외채권_회사채,global_bond,credit,ICE BofaAML 1-3 Year AAA-A US Corporate Index(총수익지수),328.54186801,137300,0.0
2026-05-22,A332610,PLUS 미국단기회사채(AAA~A),안전,해외채권_회사채,global_bond,credit,ICE BofaAML 1-3 Year AAA-A US Corporate Index(총수익지수),328.54186801,138300,0.007283321194464731
2026-01-02,A332620,PLUS 미국장기우량회사채,안전,해외채권_회사채,global_bond,credit,ICE BofaAML 15+ Year AAA-A US Corporate Index(총수익지수),354.97213862,96249,-0.007343158589536047
2026-01-05,A332620,PLUS 미국장기우량회사채,안전,해외채권_회사채,global_bond,credit,ICE BofaAML 15+ Year AAA-A US Corporate Index(총수익지수),354.97213862,96541,0.003033797753742906
2026-01-06,A332620,PLUS 미국장기우량회사채,안전,해외채권_회사채,global_bond,credit,ICE BofaAML 15+ Year AAA-A US Corporate Index(총수익지수),354.97213862,96388,-0.0015848188852404244
2026-01-07,A332620,PLUS 미국장기우량회사채,안전,해외채권_회사채,global_bond,credit,ICE BofaAML 15+ Year AAA-A US Corporate Index(총수익지수),354.97213862,96887,0.00517699298667873
2026-01-08,A332620,PLUS 미국장기우량회사채,안전,해외채권_회사채,global_bond,credit,ICE BofaAML 15+ Year AAA-A US Corporate Index(총수익지수),354.97213862,97470,0.006017319144983269
2026-01-09,A332620,PLUS 미국장기우량회사채,안전,해외채권_회사채,global_bond,credit,ICE BofaAML 15+ Year AAA-A US Corporate Index(총수익지수),354.97213862,97659,0.0019390581717451116
2026-01-12,A332620,PLUS 미국장기우량회사채,안전,해외채권_회사채,global_bond,credit,ICE BofaAML 15+ Year AAA-A US Corporate Index(총수익지수),354.97213862,98277,0.0063281417995268985
2026-01-13,A332620,PLUS 미국장기우량회사채,안전,해외채권_회사채,global_bond,credit,ICE BofaAML 15+ Year AAA-A US Corporate Index(총수익지수),354.97213862,98846,0.005789757522105976
2026-01-14,A332620,PLUS 미국장기우량회사채,안전,해외채권_회사채,global_bond,credit,ICE BofaAML 15+ Year AAA-A US Corporate Index(총수익지수),354.97213862,99341,0.005007789895392856
2026-01-15,A332620,PLUS 미국장기우량회사채,안전,해외채권_회사채,global_bond,credit,ICE BofaAML 15+ Year AAA-A US Corporate Index(총수익지수),354.97213862,99400,0.0005939138925519227
2026-01-16,A332620,PLUS 미국장기우량회사채,안전,해외채권_회사채,global_bond,credit,ICE BofaAML 15+ Year AAA-A US Corporate Index(총수익지수),354.97213862,99722,0.003239436619718372
2026-01-19,A332620,PLUS 미국장기우량회사채,안전,해외채권_회사채,global_bond,credit,ICE BofaAML 15+ Year AAA-A US Corporate Index(총수익지수),354.97213862,98782,-0.009426204849481534
2026-01-20,A332620,PLUS 미국장기우량회사채,안전,해외채권_회사채,global_bond,credit,ICE BofaAML 15+ Year AAA-A US Corporate Index(총수익지수),354.97213862,98722,-0.0006073981089672609
2026-01-21,A332620,PLUS 미국장기우량회사채,안전,해외채권_회사채,global_bond,credit,ICE BofaAML 15+ Year AAA-A US Corporate Index(총수익지수),354.97213862,98218,-0.005105245031502559
2026-01-22,A332620,PLUS 미국장기우량회사채,안전,해외채권_회사채,global_bond,credit,ICE BofaAML 15+ Year AAA-A US Corporate Index(총수익지수),354.97213862,98717,0.00508053513612583
2026-01-23,A332620,PLUS 미국장기우량회사채,안전,해외채권_회사채,global_bond,credit,ICE BofaAML 15+ Year AAA-A US Corporate Index(총수익지수),354.97213862,99029,0.0031605498546349864
2026-01-26,A332620,PLUS 미국장기우량회사채,안전,해외채권_회사채,global_bond,credit,ICE BofaAML 15+ Year AAA-A US Corporate Index(총수익지수),354.97213862,97545,-0.014985509295256993
2026-01-27,A332620,PLUS 미국장기우량회사채,안전,해외채권_회사채,global_bond,credit,ICE BofaAML 15+ Year AAA-A US Corporate Index(총수익지수),354.97213862,97630,0.00087139269055303
2026-01-28,A332620,PLUS 미국장기우량회사채,안전,해외채권_회사채,global_bond,credit,ICE BofaAML 15+ Year AAA-A US Corporate Index(총수익지수),354.97213862,95914,-0.01757656458055923
2026-01-29,A332620,PLUS 미국장기우량회사채,안전,해외채권_회사채,global_bond,credit,ICE BofaAML 15+ Year AAA-A US Corporate Index(총수익지수),354.97213862,95586,-0.0034197301749483433
2026-01-30,A332620,PLUS 미국장기우량회사채,안전,해외채권_회사채,global_bond,credit,ICE BofaAML 15+ Year AAA-A US Corporate Index(총수익지수),354.97213862,96251,0.006957085765697979
2026-02-02,A332620,PLUS 미국장기우량회사채,안전,해외채권_회사채,global_bond,credit,ICE BofaAML 15+ Year AAA-A US Corporate Index(총수익지수),354.97213862,98257,0.020841341908135913
2026-02-03,A332620,PLUS 미국장기우량회사채,안전,해외채권_회사채,global_bond,credit,ICE BofaAML 15+ Year AAA-A US Corporate Index(총수익지수),354.97213862,96559,-0.017281211516736672
2026-02-04,A332620,PLUS 미국장기우량회사채,안전,해외채권_회사채,global_bond,credit,ICE BofaAML 15+ Year AAA-A US Corporate Index(총수익지수),354.97213862,96951,0.004059694073053732
2026-02-05,A332620,PLUS 미국장기우량회사채,안전,해외채권_회사채,global_bond,credit,ICE BofaAML 15+ Year AAA-A US Corporate Index(총수익지수),354.97213862,98013,0.010953987065630999
2026-02-06,A332620,PLUS 미국장기우량회사채,안전,해외채권_회사채,global_bond,credit,ICE BofaAML 15+ Year AAA-A US Corporate Index(총수익지수),354.97213862,98789,0.00791731709058996
2026-02-09,A332620,PLUS 미국장기우량회사채,안전,해외채권_회사채,global_bond,credit,ICE BofaAML 15+ Year AAA-A US Corporate Index(총수익지수),354.97213862,97691,-0.011114597779104951
2026-02-10,A332620,PLUS 미국장기우량회사채,안전,해외채권_회사채,global_bond,credit,ICE BofaAML 15+ Year AAA-A US Corporate Index(총수익지수),354.97213862,98123,0.00442210643764529
2026-02-11,A332620,PLUS 미국장기우량회사채,안전,해외채권_회사채,global_bond,credit,ICE BofaAML 15+ Year AAA-A US Corporate Index(총수익지수),354.97213862,98138,0.00015286935784675215
2026-02-12,A332620,PLUS 미국장기우량회사채,안전,해외채권_회사채,global_bond,credit,ICE BofaAML 15+ Year AAA-A US Corporate Index(총수익지수),354.97213862,97284,-0.008702031832725332
2026-02-13,A332620,PLUS 미국장기우량회사채,안전,해외채권_회사채,global_bond,credit,ICE BofaAML 15+ Year AAA-A US Corporate Index(총수익지수),354.97213862,98252,0.00995024875621886
2026-02-19,A332620,PLUS 미국장기우량회사채,안전,해외채권_회사채,global_bond,credit,ICE BofaAML 15+ Year AAA-A US Corporate Index(총수익지수),354.97213862,98853,0.00611692382852258
2026-02-20,A332620,PLUS 미국장기우량회사채,안전,해외채권_회사채,global_bond,credit,ICE BofaAML 15+ Year AAA-A US Corporate Index(총수익지수),354.97213862,98942,0.0009003267477971644
2026-02-23,A332620,PLUS 미국장기우량회사채,안전,해외채권_회사채,global_bond,credit,ICE BofaAML 15+ Year AAA-A US Corporate Index(총수익지수),354.97213862,98401,-0.005467849851428119
2026-02-24,A332620,PLUS 미국장기우량회사채,안전,해외채권_회사채,global_bond,credit,ICE BofaAML 15+ Year AAA-A US Corporate Index(총수익지수),354.97213862,98341,-0.0006097499009156682
2026-02-25,A332620,PLUS 미국장기우량회사채,안전,해외채권_회사채,global_bond,credit,ICE BofaAML 15+ Year AAA-A US Corporate Index(총수익지수),354.97213862,97443,-0.00913149144304004
2026-02-26,A332620,PLUS 미국장기우량회사채,안전,해외채권_회사채,global_bond,credit,ICE BofaAML 15+ Year AAA-A US Corporate Index(총수익지수),354.97213862,97219,-0.0022987797994724612
2026-02-27,A332620,PLUS 미국장기우량회사채,안전,해외채권_회사채,global_bond,credit,ICE BofaAML 15+ Year AAA-A US Corporate Index(총수익지수),354.97213862,98435,0.012507843117086193
2026-03-03,A332620,PLUS 미국장기우량회사채,안전,해외채권_회사채,global_bond,credit,ICE BofaAML 15+ Year AAA-A US Corporate Index(총수익지수),354.97213862,99222,0.007995123685681005
2026-03-04,A332620,PLUS 미국장기우량회사채,안전,해외채권_회사채,global_bond,credit,ICE BofaAML 15+ Year AAA-A US Corporate Index(총수익지수),354.97213862,99950,0.0073370825018646
2026-03-05,A332620,PLUS 미국장기우량회사채,안전,해외채권_회사채,global_bond,credit,ICE BofaAML 15+ Year AAA-A US Corporate Index(총수익지수),354.97213862,99372,-0.00578289144572286
2026-03-06,A332620,PLUS 미국장기우량회사채,안전,해외채권_회사채,global_bond,credit,ICE BofaAML 15+ Year AAA-A US Corporate Index(총수익지수),354.97213862,99342,-0.0003018959062914828
2026-03-09,A332620,PLUS 미국장기우량회사채,안전,해외채권_회사채,global_bond,credit,ICE BofaAML 15+ Year AAA-A US Corporate Index(총수익지수),354.97213862,100009,0.0067141792997926775
2026-03-10,A332620,PLUS 미국장기우량회사채,안전,해외채권_회사채,global_bond,credit,ICE BofaAML 15+ Year AAA-A US Corporate Index(총수익지수),354.97213862,99297,-0.007119359257666824
2026-03-11,A332620,PLUS 미국장기우량회사채,안전,해외채권_회사채,global_bond,credit,ICE BofaAML 15+ Year AAA-A US Corporate Index(총수익지수),354.97213862,98500,-0.008026425773185464
2026-03-12,A332620,PLUS 미국장기우량회사채,안전,해외채권_회사채,global_bond,credit,ICE BofaAML 15+ Year AAA-A US Corporate Index(총수익지수),354.97213862,97702,-0.008101522842639541
2026-03-13,A332620,PLUS 미국장기우량회사채,안전,해외채권_회사채,global_bond,credit,ICE BofaAML 15+ Year AAA-A US Corporate Index(총수익지수),354.97213862,97882,0.0018423369020081903
2026-03-16,A332620,PLUS 미국장기우량회사채,안전,해외채권_회사채,global_bond,credit,ICE BofaAML 15+ Year AAA-A US Corporate Index(총수익지수),354.97213862,98206,0.0033101080893320756
2026-03-17,A332620,PLUS 미국장기우량회사채,안전,해외채권_회사채,global_bond,credit,ICE BofaAML 15+ Year AAA-A US Corporate Index(총수익지수),354.97213862,98001,-0.002087448832046923
2026-03-18,A332620,PLUS 미국장기우량회사채,안전,해외채권_회사채,global_bond,credit,ICE BofaAML 15+ Year AAA-A US Corporate Index(총수익지수),354.97213862,98649,0.006612177426760901
2026-03-19,A332620,PLUS 미국장기우량회사채,안전,해외채권_회사채,global_bond,credit,ICE BofaAML 15+ Year AAA-A US Corporate Index(총수익지수),354.97213862,98973,0.003284371863881086
2026-03-20,A332620,PLUS 미국장기우량회사채,안전,해외채권_회사채,global_bond,credit,ICE BofaAML 15+ Year AAA-A US Corporate Index(총수익지수),354.97213862,99327,0.0035767330484071103
2026-03-23,A332620,PLUS 미국장기우량회사채,안전,해외채권_회사채,global_bond,credit,ICE BofaAML 15+ Year AAA-A US Corporate Index(총수익지수),354.97213862,98699,-0.0063225507666596625
2026-03-24,A332620,PLUS 미국장기우량회사채,안전,해외채권_회사채,global_bond,credit,ICE BofaAML 15+ Year AAA-A US Corporate Index(총수익지수),354.97213862,98146,-0.0056028936463388135
2026-03-25,A332620,PLUS 미국장기우량회사채,안전,해외채권_회사채,global_bond,credit,ICE BofaAML 15+ Year AAA-A US Corporate Index(총수익지수),354.97213862,98684,0.005481629409247457
2026-03-26,A332620,PLUS 미국장기우량회사채,안전,해외채권_회사채,global_bond,credit,ICE BofaAML 15+ Year AAA-A US Corporate Index(총수익지수),354.97213862,99212,0.005350411414211109
2026-03-27,A332620,PLUS 미국장기우량회사채,안전,해외채권_회사채,global_bond,credit,ICE BofaAML 15+ Year AAA-A US Corporate Index(총수익지수),354.97213862,98530,-0.006874168447365214
2026-03-30,A332620,PLUS 미국장기우량회사채,안전,해외채권_회사채,global_bond,credit,ICE BofaAML 15+ Year AAA-A US Corporate Index(총수익지수),354.97213862,99095,0.005734294123617145
2026-03-31,A332620,PLUS 미국장기우량회사채,안전,해외채권_회사채,global_bond,credit,ICE BofaAML 15+ Year AAA-A US Corporate Index(총수익지수),354.97213862,100770,0.016902971895655705
2026-04-01,A332620,PLUS 미국장기우량회사채,안전,해외채권_회사채,global_bond,credit,ICE BofaAML 15+ Year AAA-A US Corporate Index(총수익지수),354.97213862,99745,-0.010171678078793267
2026-04-02,A332620,PLUS 미국장기우량회사채,안전,해외채권_회사채,global_bond,credit,ICE BofaAML 15+ Year AAA-A US Corporate Index(총수익지수),354.97213862,100265,0.005213293899443583
2026-04-03,A332620,PLUS 미국장기우량회사채,안전,해외채권_회사채,global_bond,credit,ICE BofaAML 15+ Year AAA-A US Corporate Index(총수익지수),354.97213862,100240,-0.0002493392509849146
2026-04-06,A332620,PLUS 미국장기우량회사채,안전,해외채권_회사채,global_bond,credit,ICE BofaAML 15+ Year AAA-A US Corporate Index(총수익지수),354.97213862,99845,-0.003940542697525973
2026-04-07,A332620,PLUS 미국장기우량회사채,안전,해외채권_회사채,global_bond,credit,ICE BofaAML 15+ Year AAA-A US Corporate Index(총수익지수),354.97213862,99980,0.0013520957484101093
2026-04-08,A332620,PLUS 미국장기우량회사채,안전,해외채권_회사채,global_bond,credit,ICE BofaAML 15+ Year AAA-A US Corporate Index(총수익지수),354.97213862,98635,-0.013452690538107603
2026-04-09,A332620,PLUS 미국장기우량회사채,안전,해외채권_회사채,global_bond,credit,ICE BofaAML 15+ Year AAA-A US Corporate Index(총수익지수),354.97213862,99215,0.005880265625792136
2026-04-10,A332620,PLUS 미국장기우량회사채,안전,해외채권_회사채,global_bond,credit,ICE BofaAML 15+ Year AAA-A US Corporate Index(총수익지수),354.97213862,99170,-0.0004535604495288226
2026-04-13,A332620,PLUS 미국장기우량회사채,안전,해외채권_회사채,global_bond,credit,ICE BofaAML 15+ Year AAA-A US Corporate Index(총수익지수),354.97213862,99210,0.0004033477866289825
2026-04-14,A332620,PLUS 미국장기우량회사채,안전,해외채권_회사채,global_bond,credit,ICE BofaAML 15+ Year AAA-A US Corporate Index(총수익지수),354.97213862,99485,0.0027718979941537825
2026-04-15,A332620,PLUS 미국장기우량회사채,안전,해외채권_회사채,global_bond,credit,ICE BofaAML 15+ Year AAA-A US Corporate Index(총수익지수),354.97213862,99520,0.0003518118309293605
2026-04-16,A332620,PLUS 미국장기우량회사채,안전,해외채권_회사채,global_bond,credit,ICE BofaAML 15+ Year AAA-A US Corporate Index(총수익지수),354.97213862,99230,-0.0029139871382636295
2026-04-17,A332620,PLUS 미국장기우량회사채,안전,해외채권_회사채,global_bond,credit,ICE BofaAML 15+ Year AAA-A US Corporate Index(총수익지수),354.97213862,98920,-0.00312405522523429
2026-04-20,A332620,PLUS 미국장기우량회사채,안전,해외채권_회사채,global_bond,credit,ICE BofaAML 15+ Year AAA-A US Corporate Index(총수익지수),354.97213862,99320,0.004043671653861658
2026-04-21,A332620,PLUS 미국장기우량회사채,안전,해외채권_회사채,global_bond,credit,ICE BofaAML 15+ Year AAA-A US Corporate Index(총수익지수),354.97213862,99155,-0.0016612968183649102
2026-04-22,A332620,PLUS 미국장기우량회사채,안전,해외채권_회사채,global_bond,credit,ICE BofaAML 15+ Year AAA-A US Corporate Index(총수익지수),354.97213862,99235,0.000806817608794308
2026-04-23,A332620,PLUS 미국장기우량회사채,안전,해외채권_회사채,global_bond,credit,ICE BofaAML 15+ Year AAA-A US Corporate Index(총수익지수),354.97213862,99355,0.0012092507683780784
2026-04-24,A332620,PLUS 미국장기우량회사채,안전,해외채권_회사채,global_bond,credit,ICE BofaAML 15+ Year AAA-A US Corporate Index(총수익지수),354.97213862,99510,0.0015600624024960652
2026-04-27,A332620,PLUS 미국장기우량회사채,안전,해외채권_회사채,global_bond,credit,ICE BofaAML 15+ Year AAA-A US Corporate Index(총수익지수),354.97213862,98705,-0.008089639232237933
2026-04-28,A332620,PLUS 미국장기우량회사채,안전,해외채권_회사채,global_bond,credit,ICE BofaAML 15+ Year AAA-A US Corporate Index(총수익지수),354.97213862,98260,-0.004508383567195184
2026-04-29,A332620,PLUS 미국장기우량회사채,안전,해외채권_회사채,global_bond,credit,ICE BofaAML 15+ Year AAA-A US Corporate Index(총수익지수),354.97213862,98450,0.0019336454304905715
2026-04-30,A332620,PLUS 미국장기우량회사채,안전,해외채권_회사채,global_bond,credit,ICE BofaAML 15+ Year AAA-A US Corporate Index(총수익지수),354.97213862,97800,-0.006602336211274706
2026-05-04,A332620,PLUS 미국장기우량회사채,안전,해외채권_회사채,global_bond,credit,ICE BofaAML 15+ Year AAA-A US Corporate Index(총수익지수),354.97213862,97125,-0.006901840490797562
2026-05-06,A332620,PLUS 미국장기우량회사채,안전,해외채권_회사채,global_bond,credit,ICE BofaAML 15+ Year AAA-A US Corporate Index(총수익지수),354.97213862,96915,-0.00216216216216214
2026-05-07,A332620,PLUS 미국장기우량회사채,안전,해외채권_회사채,global_bond,credit,ICE BofaAML 15+ Year AAA-A US Corporate Index(총수익지수),354.97213862,97240,0.0033534540576793948
2026-05-08,A332620,PLUS 미국장기우량회사채,안전,해외채권_회사채,global_bond,credit,ICE BofaAML 15+ Year AAA-A US Corporate Index(총수익지수),354.97213862,97810,0.00586178527355008
2026-05-11,A332620,PLUS 미국장기우량회사채,안전,해외채권_회사채,global_bond,credit,ICE BofaAML 15+ Year AAA-A US Corporate Index(총수익지수),354.97213862,98095,0.002913812493610113
2026-05-12,A332620,PLUS 미국장기우량회사채,안전,해외채권_회사채,global_bond,credit,ICE BofaAML 15+ Year AAA-A US Corporate Index(총수익지수),354.97213862,98830,0.007492736632855879
2026-05-13,A332620,PLUS 미국장기우량회사채,안전,해외채권_회사채,global_bond,credit,ICE BofaAML 15+ Year AAA-A US Corporate Index(총수익지수),354.97213862,98680,-0.0015177577658606056
2026-05-14,A332620,PLUS 미국장기우량회사채,안전,해외채권_회사채,global_bond,credit,ICE BofaAML 15+ Year AAA-A US Corporate Index(총수익지수),354.97213862,98740,0.000608025942440138
2026-05-15,A332620,PLUS 미국장기우량회사채,안전,해외채권_회사채,global_bond,credit,ICE BofaAML 15+ Year AAA-A US Corporate Index(총수익지수),354.97213862,99015,0.0027850921612315727
2026-05-18,A332620,PLUS 미국장기우량회사채,안전,해외채권_회사채,global_bond,credit,ICE BofaAML 15+ Year AAA-A US Corporate Index(총수익지수),354.97213862,98000,-0.010250972074938192
2026-05-19,A332620,PLUS 미국장기우량회사채,안전,해외채권_회사채,global_bond,credit,ICE BofaAML 15+ Year AAA-A US Corporate Index(총수익지수),354.97213862,98415,0.004234693877551043
2026-05-20,A332620,PLUS 미국장기우량회사채,안전,해외채권_회사채,global_bond,credit,ICE BofaAML 15+ Year AAA-A US Corporate Index(총수익지수),354.97213862,98065,-0.003556368439770363
2026-05-21,A332620,PLUS 미국장기우량회사채,안전,해외채권_회사채,global_bond,credit,ICE BofaAML 15+ Year AAA-A US Corporate Index(총수익지수),354.97213862,98700,0.006475296996889757
2026-05-22,A332620,PLUS 미국장기우량회사채,안전,해외채권_회사채,global_bond,credit,ICE BofaAML 15+ Year AAA-A US Corporate Index(총수익지수),354.97213862,99920,0.012360688956433608
2026-01-02,A453850,ACE 미국30년국채액티브(H),안전,해외채권_종합,global_bond,government,Bloomberg U.S Treasury 20+ Year Total Return Index,20642.06246576,7539,-0.010370175899186096
2026-01-05,A453850,ACE 미국30년국채액티브(H),안전,해외채권_종합,global_bond,government,Bloomberg U.S Treasury 20+ Year Total Return Index,20642.06246576,7539,0.0
2026-01-06,A453850,ACE 미국30년국채액티브(H),안전,해외채권_종합,global_bond,government,Bloomberg U.S Treasury 20+ Year Total Return Index,20642.06246576,7519,-0.002652871733651696
2026-01-07,A453850,ACE 미국30년국채액티브(H),안전,해외채권_종합,global_bond,government,Bloomberg U.S Treasury 20+ Year Total Return Index,20642.06246576,7549,0.0039898922729086905
2026-01-08,A453850,ACE 미국30년국채액티브(H),안전,해외채권_종합,global_bond,government,Bloomberg U.S Treasury 20+ Year Total Return Index,20642.06246576,7589,0.005298715061597514
2026-01-09,A453850,ACE 미국30년국채액티브(H),안전,해외채권_종합,global_bond,government,Bloomberg U.S Treasury 20+ Year Total Return Index,20642.06246576,7579,-0.001317696666227386
2026-01-12,A453850,ACE 미국30년국채액티브(H),안전,해외채권_종합,global_bond,government,Bloomberg U.S Treasury 20+ Year Total Return Index,20642.06246576,7559,-0.002638870563398843
2026-01-13,A453850,ACE 미국30년국채액티브(H),안전,해외채권_종합,global_bond,government,Bloomberg U.S Treasury 20+ Year Total Return Index,20642.06246576,7584,0.003307315782510978
2026-01-14,A453850,ACE 미국30년국채액티브(H),안전,해외채권_종합,global_bond,government,Bloomberg U.S Treasury 20+ Year Total Return Index,20642.06246576,7589,0.0006592827004219259
2026-01-15,A453850,ACE 미국30년국채액티브(H),안전,해외채권_종합,global_bond,government,Bloomberg U.S Treasury 20+ Year Total Return Index,20642.06246576,7643,0.007115561997628195
2026-01-16,A453850,ACE 미국30년국채액티브(H),안전,해외채권_종합,global_bond,government,Bloomberg U.S Treasury 20+ Year Total Return Index,20642.06246576,7643,0.0
2026-01-19,A453850,ACE 미국30년국채액티브(H),안전,해외채권_종합,global_bond,government,Bloomberg U.S Treasury 20+ Year Total Return Index,20642.06246576,7569,-0.009682062017532411
2026-01-20,A453850,ACE 미국30년국채액티브(H),안전,해외채권_종합,global_bond,government,Bloomberg U.S Treasury 20+ Year Total Return Index,20642.06246576,7524,-0.005945303210463715
2026-01-21,A453850,ACE 미국30년국채액티브(H),안전,해외채권_종합,global_bond,government,Bloomberg U.S Treasury 20+ Year Total Return Index,20642.06246576,7519,-0.0006645401382243676
2026-01-22,A453850,ACE 미국30년국채액티브(H),안전,해외채권_종합,global_bond,government,Bloomberg U.S Treasury 20+ Year Total Return Index,20642.06246576,7554,0.004654874318393398
2026-01-23,A453850,ACE 미국30년국채액티브(H),안전,해외채권_종합,global_bond,government,Bloomberg U.S Treasury 20+ Year Total Return Index,20642.06246576,7603,0.006486629600211735
2026-01-26,A453850,ACE 미국30년국채액티브(H),안전,해외채권_종합,global_bond,government,Bloomberg U.S Treasury 20+ Year Total Return Index,20642.06246576,7633,0.003945810864132593
2026-01-27,A453850,ACE 미국30년국채액티브(H),안전,해외채권_종합,global_bond,government,Bloomberg U.S Treasury 20+ Year Total Return Index,20642.06246576,7633,0.0
2026-01-28,A453850,ACE 미국30년국채액티브(H),안전,해외채권_종합,global_bond,government,Bloomberg U.S Treasury 20+ Year Total Return Index,20642.06246576,7589,-0.0057644438621773375
2026-01-29,A453850,ACE 미국30년국채액티브(H),안전,해외채권_종합,global_bond,government,Bloomberg U.S Treasury 20+ Year Total Return Index,20642.06246576,7534,-0.0072473316642508445
2026-01-30,A453850,ACE 미국30년국채액티브(H),안전,해외채권_종합,global_bond,government,Bloomberg U.S Treasury 20+ Year Total Return Index,20642.06246576,7519,-0.001990974250066335
2026-02-02,A453850,ACE 미국30년국채액티브(H),안전,해외채권_종합,global_bond,government,Bloomberg U.S Treasury 20+ Year Total Return Index,20642.06246576,7559,0.005319856363878106
2026-02-03,A453850,ACE 미국30년국채액티브(H),안전,해외채권_종합,global_bond,government,Bloomberg U.S Treasury 20+ Year Total Return Index,20642.06246576,7499,-0.007937557878026191
2026-02-04,A453850,ACE 미국30년국채액티브(H),안전,해외채권_종합,global_bond,government,Bloomberg U.S Treasury 20+ Year Total Return Index,20642.06246576,7504,0.0006667555674089165
2026-02-05,A453850,ACE 미국30년국채액티브(H),안전,해외채권_종합,global_bond,government,Bloomberg U.S Treasury 20+ Year Total Return Index,20642.06246576,7504,0.0
2026-02-06,A453850,ACE 미국30년국채액티브(H),안전,해외채권_종합,global_bond,government,Bloomberg U.S Treasury 20+ Year Total Return Index,20642.06246576,7564,0.007995735607675858
2026-02-09,A453850,ACE 미국30년국채액티브(H),안전,해외채권_종합,global_bond,government,Bloomberg U.S Treasury 20+ Year Total Return Index,20642.06246576,7539,-0.0033051295610787568
2026-02-10,A453850,ACE 미국30년국채액티브(H),안전,해외채권_종합,global_bond,government,Bloomberg U.S Treasury 20+ Year Total Return Index,20642.06246576,7594,0.007295397267542025
2026-02-11,A453850,ACE 미국30년국채액티브(H),안전,해외채권_종합,global_bond,government,Bloomberg U.S Treasury 20+ Year Total Return Index,20642.06246576,7669,0.009876218066894982
2026-02-12,A453850,ACE 미국30년국채액티브(H),안전,해외채권_종합,global_bond,government,Bloomberg U.S Treasury 20+ Year Total Return Index,20642.06246576,7634,-0.004563828400052206
2026-02-13,A453850,ACE 미국30년국채액티브(H),안전,해외채권_종합,global_bond,government,Bloomberg U.S Treasury 20+ Year Total Return Index,20642.06246576,7709,0.009824469478648234
2026-02-19,A453850,ACE 미국30년국채액티브(H),안전,해외채권_종합,global_bond,government,Bloomberg U.S Treasury 20+ Year Total Return Index,20642.06246576,7734,0.0032429627707872832
2026-02-20,A453850,ACE 미국30년국채액티브(H),안전,해외채권_종합,global_bond,government,Bloomberg U.S Treasury 20+ Year Total Return Index,20642.06246576,7773,0.005042668735453892
2026-02-23,A453850,ACE 미국30년국채액티브(H),안전,해외채권_종합,global_bond,government,Bloomberg U.S Treasury 20+ Year Total Return Index,20642.06246576,7749,-0.0030876109610189495
2026-02-24,A453850,ACE 미국30년국채액티브(H),안전,해외채권_종합,global_bond,government,Bloomberg U.S Treasury 20+ Year Total Return Index,20642.06246576,7749,0.0
2026-02-25,A453850,ACE 미국30년국채액티브(H),안전,해외채권_종합,global_bond,government,Bloomberg U.S Treasury 20+ Year Total Return Index,20642.06246576,7764,0.0019357336430507743
2026-02-26,A453850,ACE 미국30년국채액티브(H),안전,해외채권_종합,global_bond,government,Bloomberg U.S Treasury 20+ Year Total Return Index,20642.06246576,7774,0.0012879958784131063
2026-02-27,A453850,ACE 미국30년국채액티브(H),안전,해외채권_종합,global_bond,government,Bloomberg U.S Treasury 20+ Year Total Return Index,20642.06246576,7819,0.0057885258554155605
2026-03-03,A453850,ACE 미국30년국채액티브(H),안전,해외채권_종합,global_bond,government,Bloomberg U.S Treasury 20+ Year Total Return Index,20642.06246576,7744,-0.009592019439826016
2026-03-04,A453850,ACE 미국30년국채액티브(H),안전,해외채권_종합,global_bond,government,Bloomberg U.S Treasury 20+ Year Total Return Index,20642.06246576,7729,-0.001936983471074405
2026-03-05,A453850,ACE 미국30년국채액티브(H),안전,해외채권_종합,global_bond,government,Bloomberg U.S Treasury 20+ Year Total Return Index,20642.06246576,7694,-0.004528399534221794
2026-03-06,A453850,ACE 미국30년국채액티브(H),안전,해외채권_종합,global_bond,government,Bloomberg U.S Treasury 20+ Year Total Return Index,20642.06246576,7704,0.0012997140629060766
2026-03-09,A453850,ACE 미국30년국채액티브(H),안전,해외채권_종합,global_bond,government,Bloomberg U.S Treasury 20+ Year Total Return Index,20642.06246576,7634,-0.009086188992731059
2026-03-10,A453850,ACE 미국30년국채액티브(H),안전,해외채권_종합,global_bond,government,Bloomberg U.S Treasury 20+ Year Total Return Index,20642.06246576,7744,0.014409221902017322
2026-03-11,A453850,ACE 미국30년국채액티브(H),안전,해외채권_종합,global_bond,government,Bloomberg U.S Treasury 20+ Year Total Return Index,20642.06246576,7679,-0.00839359504132231
2026-03-12,A453850,ACE 미국30년국채액티브(H),안전,해외채권_종합,global_bond,government,Bloomberg U.S Treasury 20+ Year Total Return Index,20642.06246576,7559,-0.01562703477015237
2026-03-13,A453850,ACE 미국30년국채액티브(H),안전,해외채권_종합,global_bond,government,Bloomberg U.S Treasury 20+ Year Total Return Index,20642.06246576,7549,-0.0013229263130043467
2026-03-16,A453850,ACE 미국30년국채액티브(H),안전,해외채권_종합,global_bond,government,Bloomberg U.S Treasury 20+ Year Total Return Index,20642.06246576,7549,0.0
2026-03-17,A453850,ACE 미국30년국채액티브(H),안전,해외채권_종합,global_bond,government,Bloomberg U.S Treasury 20+ Year Total Return Index,20642.06246576,7549,0.0
2026-03-18,A453850,ACE 미국30년국채액티브(H),안전,해외채권_종합,global_bond,government,Bloomberg U.S Treasury 20+ Year Total Return Index,20642.06246576,7624,0.009935090740495367
2026-03-19,A453850,ACE 미국30년국채액티브(H),안전,해외채권_종합,global_bond,government,Bloomberg U.S Treasury 20+ Year Total Return Index,20642.06246576,7549,-0.009837355718782748
2026-03-20,A453850,ACE 미국30년국채액티브(H),안전,해외채권_종합,global_bond,government,Bloomberg U.S Treasury 20+ Year Total Return Index,20642.06246576,7604,0.007285733209696721
2026-03-23,A453850,ACE 미국30년국채액티브(H),안전,해외채권_종합,global_bond,government,Bloomberg U.S Treasury 20+ Year Total Return Index,20642.06246576,7455,-0.01959495002630196
2026-03-24,A453850,ACE 미국30년국채액티브(H),안전,해외채권_종합,global_bond,government,Bloomberg U.S Treasury 20+ Year Total Return Index,20642.06246576,7504,0.00657276995305156
2026-03-25,A453850,ACE 미국30년국채액티브(H),안전,해외채권_종합,global_bond,government,Bloomberg U.S Treasury 20+ Year Total Return Index,20642.06246576,7534,0.003997867803837929
2026-03-26,A453850,ACE 미국30년국채액티브(H),안전,해외채권_종합,global_bond,government,Bloomberg U.S Treasury 20+ Year Total Return Index,20642.06246576,7519,-0.001990974250066335
2026-03-27,A453850,ACE 미국30년국채액티브(H),안전,해외채권_종합,global_bond,government,Bloomberg U.S Treasury 20+ Year Total Return Index,20642.06246576,7490,-0.00385689586381166
2026-03-30,A453850,ACE 미국30년국채액티브(H),안전,해외채권_종합,global_bond,government,Bloomberg U.S Treasury 20+ Year Total Return Index,20642.06246576,7520,0.004005340453938633
2026-03-31,A453850,ACE 미국30년국채액티브(H),안전,해외채권_종합,global_bond,government,Bloomberg U.S Treasury 20+ Year Total Return Index,20642.06246576,7560,0.005319148936170137
2026-04-01,A453850,ACE 미국30년국채액티브(H),안전,해외채권_종합,global_bond,government,Bloomberg U.S Treasury 20+ Year Total Return Index,20642.06246576,7590,0.003968253968253954
2026-04-02,A453850,ACE 미국30년국채액티브(H),안전,해외채권_종합,global_bond,government,Bloomberg U.S Treasury 20+ Year Total Return Index,20642.06246576,7495,-0.012516469038208133
2026-04-03,A453850,ACE 미국30년국채액티브(H),안전,해외채권_종합,global_bond,government,Bloomberg U.S Treasury 20+ Year Total Return Index,20642.06246576,7570,0.010006671114076049
2026-04-06,A453850,ACE 미국30년국채액티브(H),안전,해외채권_종합,global_bond,government,Bloomberg U.S Treasury 20+ Year Total Return Index,20642.06246576,7535,-0.004623513870541607
2026-04-07,A453850,ACE 미국30년국채액티브(H),안전,해외채권_종합,global_bond,government,Bloomberg U.S Treasury 20+ Year Total Return Index,20642.06246576,7550,0.001990710019907027
2026-04-08,A453850,ACE 미국30년국채액티브(H),안전,해외채권_종합,global_bond,government,Bloomberg U.S Treasury 20+ Year Total Return Index,20642.06246576,7625,0.009933774834437026
2026-04-09,A453850,ACE 미국30년국채액티브(H),안전,해외채권_종합,global_bond,government,Bloomberg U.S Treasury 20+ Year Total Return Index,20642.06246576,7565,-0.007868852459016362
2026-04-10,A453850,ACE 미국30년국채액티브(H),안전,해외채권_종합,global_bond,government,Bloomberg U.S Treasury 20+ Year Total Return Index,20642.06246576,7555,-0.0013218770654329637
2026-04-13,A453850,ACE 미국30년국채액티브(H),안전,해외채권_종합,global_bond,government,Bloomberg U.S Treasury 20+ Year Total Return Index,20642.06246576,7520,-0.0046326935804102964
2026-04-14,A453850,ACE 미국30년국채액티브(H),안전,해외채권_종합,global_bond,government,Bloomberg U.S Treasury 20+ Year Total Return Index,20642.06246576,7575,0.007313829787233939
2026-04-15,A453850,ACE 미국30년국채액티브(H),안전,해외채권_종합,global_bond,government,Bloomberg U.S Treasury 20+ Year Total Return Index,20642.06246576,7605,0.003960396039603964
2026-04-16,A453850,ACE 미국30년국채액티브(H),안전,해외채권_종합,global_bond,government,Bloomberg U.S Treasury 20+ Year Total Return Index,20642.06246576,7565,-0.005259697567389865
2026-04-17,A453850,ACE 미국30년국채액티브(H),안전,해외채권_종합,global_bond,government,Bloomberg U.S Treasury 20+ Year Total Return Index,20642.06246576,7515,-0.006609385327164596
2026-04-20,A453850,ACE 미국30년국채액티브(H),안전,해외채권_종합,global_bond,government,Bloomberg U.S Treasury 20+ Year Total Return Index,20642.06246576,7545,0.003992015968063978
2026-04-21,A453850,ACE 미국30년국채액티브(H),안전,해외채권_종합,global_bond,government,Bloomberg U.S Treasury 20+ Year Total Return Index,20642.06246576,7565,0.002650762094102088
2026-04-22,A453850,ACE 미국30년국채액티브(H),안전,해외채권_종합,global_bond,government,Bloomberg U.S Treasury 20+ Year Total Return Index,20642.06246576,7550,-0.00198281559814939
2026-04-23,A453850,ACE 미국30년국채액티브(H),안전,해외채권_종합,global_bond,government,Bloomberg U.S Treasury 20+ Year Total Return Index,20642.06246576,7530,-0.0026490066225165476
2026-04-24,A453850,ACE 미국30년국채액티브(H),안전,해외채권_종합,global_bond,government,Bloomberg U.S Treasury 20+ Year Total Return Index,20642.06246576,7540,0.0013280212483399723
2026-04-27,A453850,ACE 미국30년국채액티브(H),안전,해외채권_종합,global_bond,government,Bloomberg U.S Treasury 20+ Year Total Return Index,20642.06246576,7540,0.0
2026-04-28,A453850,ACE 미국30년국채액티브(H),안전,해외채권_종합,global_bond,government,Bloomberg U.S Treasury 20+ Year Total Return Index,20642.06246576,7525,-0.0019893899204244114
2026-04-29,A453850,ACE 미국30년국채액티브(H),안전,해외채권_종합,global_bond,government,Bloomberg U.S Treasury 20+ Year Total Return Index,20642.06246576,7500,-0.0033222591362126463
2026-04-30,A453850,ACE 미국30년국채액티브(H),안전,해외채권_종합,global_bond,government,Bloomberg U.S Treasury 20+ Year Total Return Index,20642.06246576,7430,-0.009333333333333305
2026-05-04,A453850,ACE 미국30년국채액티브(H),안전,해외채권_종합,global_bond,government,Bloomberg U.S Treasury 20+ Year Total Return Index,20642.06246576,7445,0.0020188425302827273
2026-05-06,A453850,ACE 미국30년국채액티브(H),안전,해외채권_종합,global_bond,government,Bloomberg U.S Treasury 20+ Year Total Return Index,20642.06246576,7465,0.002686366689053088
2026-05-07,A453850,ACE 미국30년국채액티브(H),안전,해외채권_종합,global_bond,government,Bloomberg U.S Treasury 20+ Year Total Return Index,20642.06246576,7505,0.005358338914936311
2026-05-08,A453850,ACE 미국30년국채액티브(H),안전,해외채권_종합,global_bond,government,Bloomberg U.S Treasury 20+ Year Total Return Index,20642.06246576,7470,-0.004663557628247883
2026-05-11,A453850,ACE 미국30년국채액티브(H),안전,해외채권_종합,global_bond,government,Bloomberg U.S Treasury 20+ Year Total Return Index,20642.06246576,7455,-0.002008032128514081
2026-05-12,A453850,ACE 미국30년국채액티브(H),안전,해외채권_종합,global_bond,government,Bloomberg U.S Treasury 20+ Year Total Return Index,20642.06246576,7425,-0.004024144869215318
2026-05-13,A453850,ACE 미국30년국채액티브(H),안전,해외채권_종합,global_bond,government,Bloomberg U.S Treasury 20+ Year Total Return Index,20642.06246576,7415,-0.0013468013468013185
2026-05-14,A453850,ACE 미국30년국채액티브(H),안전,해외채권_종합,global_bond,government,Bloomberg U.S Treasury 20+ Year Total Return Index,20642.06246576,7390,-0.003371544167228624
2026-05-15,A453850,ACE 미국30년국채액티브(H),안전,해외채권_종합,global_bond,government,Bloomberg U.S Treasury 20+ Year Total Return Index,20642.06246576,7330,-0.008119079837618393
2026-05-18,A453850,ACE 미국30년국채액티브(H),안전,해외채권_종합,global_bond,government,Bloomberg U.S Treasury 20+ Year Total Return Index,20642.06246576,7265,-0.008867667121418843
2026-05-19,A453850,ACE 미국30년국채액티브(H),안전,해외채권_종합,global_bond,government,Bloomberg U.S Treasury 20+ Year Total Return Index,20642.06246576,7265,0.0
2026-05-20,A453850,ACE 미국30년국채액티브(H),안전,해외채권_종합,global_bond,government,Bloomberg U.S Treasury 20+ Year Total Return Index,20642.06246576,7235,-0.004129387474191337
2026-05-21,A453850,ACE 미국30년국채액티브(H),안전,해외채권_종합,global_bond,government,Bloomberg U.S Treasury 20+ Year Total Return Index,20642.06246576,7290,0.007601935038009655
2026-05-22,A453850,ACE 미국30년국채액티브(H),안전,해외채권_종합,global_bond,government,Bloomberg U.S Treasury 20+ Year Total Return Index,20642.06246576,7330,0.005486968449931462
2026-01-02,A455660,ACE 미국하이일드액티브(H),안전,해외채권_회사채,global_bond,credit,Markit iBoxx USD Liquid High Yield Total Return Index,124.9369568,9639,-0.0005184570717544634
2026-01-05,A455660,ACE 미국하이일드액티브(H),안전,해외채권_회사채,global_bond,credit,Markit iBoxx USD Liquid High Yield Total Return Index,124.9369568,9644,0.0005187260089221102
2026-01-06,A455660,ACE 미국하이일드액티브(H),안전,해외채권_회사채,global_bond,credit,Markit iBoxx USD Liquid High Yield Total Return Index,124.9369568,9663,0.0019701368726670054
2026-01-07,A455660,ACE 미국하이일드액티브(H),안전,해외채권_회사채,global_bond,credit,Markit iBoxx USD Liquid High Yield Total Return Index,124.9369568,9668,0.0005174376487633303
2026-01-08,A455660,ACE 미국하이일드액티브(H),안전,해외채권_회사채,global_bond,credit,Markit iBoxx USD Liquid High Yield Total Return Index,124.9369568,9668,0.0
2026-01-09,A455660,ACE 미국하이일드액티브(H),안전,해외채권_회사채,global_bond,credit,Markit iBoxx USD Liquid High Yield Total Return Index,124.9369568,9673,0.0005171700455108841
2026-01-12,A455660,ACE 미국하이일드액티브(H),안전,해외채권_회사채,global_bond,credit,Markit iBoxx USD Liquid High Yield Total Return Index,124.9369568,9682,0.0009304248940349424
2026-01-13,A455660,ACE 미국하이일드액티브(H),안전,해외채권_회사채,global_bond,credit,Markit iBoxx USD Liquid High Yield Total Return Index,124.9369568,9682,0.0
2026-01-14,A455660,ACE 미국하이일드액티브(H),안전,해외채권_회사채,global_bond,credit,Markit iBoxx USD Liquid High Yield Total Return Index,124.9369568,9678,-0.0004131377814501347
2026-01-15,A455660,ACE 미국하이일드액티브(H),안전,해외채권_회사채,global_bond,credit,Markit iBoxx USD Liquid High Yield Total Return Index,124.9369568,9682,0.00041330853482124397
2026-01-16,A455660,ACE 미국하이일드액티브(H),안전,해외채권_회사채,global_bond,credit,Markit iBoxx USD Liquid High Yield Total Return Index,124.9369568,9682,0.0
2026-01-19,A455660,ACE 미국하이일드액티브(H),안전,해외채권_회사채,global_bond,credit,Markit iBoxx USD Liquid High Yield Total Return Index,124.9369568,9682,0.0
2026-01-20,A455660,ACE 미국하이일드액티브(H),안전,해외채권_회사채,global_bond,credit,Markit iBoxx USD Liquid High Yield Total Return Index,124.9369568,9687,0.0005164222268125851
2026-01-21,A455660,ACE 미국하이일드액티브(H),안전,해외채권_회사채,global_bond,credit,Markit iBoxx USD Liquid High Yield Total Return Index,124.9369568,9668,-0.0019613915556931927
2026-01-22,A455660,ACE 미국하이일드액티브(H),안전,해외채권_회사채,global_bond,credit,Markit iBoxx USD Liquid High Yield Total Return Index,124.9369568,9687,0.0019652461729415815
2026-01-23,A455660,ACE 미국하이일드액티브(H),안전,해외채권_회사채,global_bond,credit,Markit iBoxx USD Liquid High Yield Total Return Index,124.9369568,9692,0.000516155672550811
2026-01-26,A455660,ACE 미국하이일드액티브(H),안전,해외채권_회사채,global_bond,credit,Markit iBoxx USD Liquid High Yield Total Return Index,124.9369568,9692,0.0
2026-01-27,A455660,ACE 미국하이일드액티브(H),안전,해외채권_회사채,global_bond,credit,Markit iBoxx USD Liquid High Yield Total Return Index,124.9369568,9692,0.0
2026-01-28,A455660,ACE 미국하이일드액티브(H),안전,해외채권_회사채,global_bond,credit,Markit iBoxx USD Liquid High Yield Total Return Index,124.9369568,9697,0.0005158893933141506
2026-01-29,A455660,ACE 미국하이일드액티브(H),안전,해외채권_회사채,global_bond,credit,Markit iBoxx USD Liquid High Yield Total Return Index,124.9369568,9678,-0.001959368876972234
2026-01-30,A455660,ACE 미국하이일드액티브(H),안전,해외채권_회사채,global_bond,credit,Markit iBoxx USD Liquid High Yield Total Return Index,124.9369568,9668,-0.00103327133705311
2026-02-02,A455660,ACE 미국하이일드액티브(H),안전,해외채권_회사채,global_bond,credit,Markit iBoxx USD Liquid High Yield Total Return Index,124.9369568,9678,0.0010343400910219902
2026-02-03,A455660,ACE 미국하이일드액티브(H),안전,해외채권_회사채,global_bond,credit,Markit iBoxx USD Liquid High Yield Total Return Index,124.9369568,9687,0.00092994420334791
2026-02-04,A455660,ACE 미국하이일드액티브(H),안전,해외채권_회사채,global_bond,credit,Markit iBoxx USD Liquid High Yield Total Return Index,124.9369568,9673,-0.0014452358831423817
2026-02-05,A455660,ACE 미국하이일드액티브(H),안전,해외채권_회사채,global_bond,credit,Markit iBoxx USD Liquid High Yield Total Return Index,124.9369568,9663,-0.001033805437816615
2026-02-06,A455660,ACE 미국하이일드액티브(H),안전,해외채권_회사채,global_bond,credit,Markit iBoxx USD Liquid High Yield Total Return Index,124.9369568,9659,-0.00041395011901068646
2026-02-09,A455660,ACE 미국하이일드액티브(H),안전,해외채권_회사채,global_bond,credit,Markit iBoxx USD Liquid High Yield Total Return Index,124.9369568,9678,0.001967077337198475
2026-02-10,A455660,ACE 미국하이일드액티브(H),안전,해외채권_회사채,global_bond,credit,Markit iBoxx USD Liquid High Yield Total Return Index,124.9369568,9692,0.0014465798718743539
2026-02-11,A455660,ACE 미국하이일드액티브(H),안전,해외채권_회사채,global_bond,credit,Markit iBoxx USD Liquid High Yield Total Return Index,124.9369568,9687,-0.0005158893933140396
2026-02-12,A455660,ACE 미국하이일드액티브(H),안전,해외채권_회사채,global_bond,credit,Markit iBoxx USD Liquid High Yield Total Return Index,124.9369568,9687,0.0
2026-02-13,A455660,ACE 미국하이일드액티브(H),안전,해외채권_회사채,global_bond,credit,Markit iBoxx USD Liquid High Yield Total Return Index,124.9369568,9673,-0.0014452358831423817
2026-02-19,A455660,ACE 미국하이일드액티브(H),안전,해외채권_회사채,global_bond,credit,Markit iBoxx USD Liquid High Yield Total Return Index,124.9369568,9687,0.0014473276129431945
2026-02-20,A455660,ACE 미국하이일드액티브(H),안전,해외채권_회사채,global_bond,credit,Markit iBoxx USD Liquid High Yield Total Return Index,124.9369568,9692,0.000516155672550811
2026-02-23,A455660,ACE 미국하이일드액티브(H),안전,해외채권_회사채,global_bond,credit,Markit iBoxx USD Liquid High Yield Total Return Index,124.9369568,9697,0.0005158893933141506
2026-02-24,A455660,ACE 미국하이일드액티브(H),안전,해외채권_회사채,global_bond,credit,Markit iBoxx USD Liquid High Yield Total Return Index,124.9369568,9682,-0.0015468701660307227
2026-02-25,A455660,ACE 미국하이일드액티브(H),안전,해외채권_회사채,global_bond,credit,Markit iBoxx USD Liquid High Yield Total Return Index,124.9369568,9678,-0.0004131377814501347
2026-02-26,A455660,ACE 미국하이일드액티브(H),안전,해외채권_회사채,global_bond,credit,Markit iBoxx USD Liquid High Yield Total Return Index,124.9369568,9678,0.0
2026-02-27,A455660,ACE 미국하이일드액티브(H),안전,해외채권_회사채,global_bond,credit,Markit iBoxx USD Liquid High Yield Total Return Index,124.9369568,9673,-0.000516635668526555
2026-03-03,A455660,ACE 미국하이일드액티브(H),안전,해외채권_회사채,global_bond,credit,Markit iBoxx USD Liquid High Yield Total Return Index,124.9369568,9599,-0.007650160239842885
2026-03-04,A455660,ACE 미국하이일드액티브(H),안전,해외채권_회사채,global_bond,credit,Markit iBoxx USD Liquid High Yield Total Return Index,124.9369568,9574,-0.002604437962287709
2026-03-05,A455660,ACE 미국하이일드액티브(H),안전,해외채권_회사채,global_bond,credit,Markit iBoxx USD Liquid High Yield Total Return Index,124.9369568,9624,0.005222477543346482
2026-03-06,A455660,ACE 미국하이일드액티브(H),안전,해외채권_회사채,global_bond,credit,Markit iBoxx USD Liquid High Yield Total Return Index,124.9369568,9604,-0.0020781379883624274
2026-03-09,A455660,ACE 미국하이일드액티브(H),안전,해외채권_회사채,global_bond,credit,Markit iBoxx USD Liquid High Yield Total Return Index,124.9369568,9509,-0.00989171178675552
2026-03-10,A455660,ACE 미국하이일드액티브(H),안전,해외채권_회사채,global_bond,credit,Markit iBoxx USD Liquid High Yield Total Return Index,124.9369568,9594,0.008938899989483717
2026-03-11,A455660,ACE 미국하이일드액티브(H),안전,해외채권_회사채,global_bond,credit,Markit iBoxx USD Liquid High Yield Total Return Index,124.9369568,9604,0.0010423181154888272
2026-03-12,A455660,ACE 미국하이일드액티브(H),안전,해외채권_회사채,global_bond,credit,Markit iBoxx USD Liquid High Yield Total Return Index,124.9369568,9549,-0.005726780508121587
2026-03-13,A455660,ACE 미국하이일드액티브(H),안전,해외채권_회사채,global_bond,credit,Markit iBoxx USD Liquid High Yield Total Return Index,124.9369568,9519,-0.003141690229343408
2026-03-16,A455660,ACE 미국하이일드액티브(H),안전,해외채권_회사채,global_bond,credit,Markit iBoxx USD Liquid High Yield Total Return Index,124.9369568,9509,-0.0010505305179115965
2026-03-17,A455660,ACE 미국하이일드액티브(H),안전,해외채권_회사채,global_bond,credit,Markit iBoxx USD Liquid High Yield Total Return Index,124.9369568,9519,0.0010516352928804373
2026-03-18,A455660,ACE 미국하이일드액티브(H),안전,해외채권_회사채,global_bond,credit,Markit iBoxx USD Liquid High Yield Total Return Index,124.9369568,9579,0.006303183107469357
2026-03-19,A455660,ACE 미국하이일드액티브(H),안전,해외채권_회사채,global_bond,credit,Markit iBoxx USD Liquid High Yield Total Return Index,124.9369568,9524,-0.005741726693809346
2026-03-20,A455660,ACE 미국하이일드액티브(H),안전,해외채권_회사채,global_bond,credit,Markit iBoxx USD Liquid High Yield Total Return Index,124.9369568,9549,0.0026249475010500234
2026-03-23,A455660,ACE 미국하이일드액티브(H),안전,해외채권_회사채,global_bond,credit,Markit iBoxx USD Liquid High Yield Total Return Index,124.9369568,9445,-0.010891192795057125
2026-03-24,A455660,ACE 미국하이일드액티브(H),안전,해외채권_회사채,global_bond,credit,Markit iBoxx USD Liquid High Yield Total Return Index,124.9369568,9509,0.006776071995765021
2026-03-25,A455660,ACE 미국하이일드액티브(H),안전,해외채권_회사채,global_bond,credit,Markit iBoxx USD Liquid High Yield Total Return Index,124.9369568,9509,0.0
2026-03-26,A455660,ACE 미국하이일드액티브(H),안전,해외채권_회사채,global_bond,credit,Markit iBoxx USD Liquid High Yield Total Return Index,124.9369568,9504,-0.0005258176464402187
2026-03-27,A455660,ACE 미국하이일드액티브(H),안전,해외채권_회사채,global_bond,credit,Markit iBoxx USD Liquid High Yield Total Return Index,124.9369568,9470,-0.003577441077441068
2026-03-30,A455660,ACE 미국하이일드액티브(H),안전,해외채권_회사채,global_bond,credit,Markit iBoxx USD Liquid High Yield Total Return Index,124.9369568,9450,-0.002111932418162654
2026-03-31,A455660,ACE 미국하이일드액티브(H),안전,해외채권_회사채,global_bond,credit,Markit iBoxx USD Liquid High Yield Total Return Index,124.9369568,9465,0.0015873015873015817
2026-04-01,A455660,ACE 미국하이일드액티브(H),안전,해외채권_회사채,global_bond,credit,Markit iBoxx USD Liquid High Yield Total Return Index,124.9369568,9535,0.007395668251452658
2026-04-02,A455660,ACE 미국하이일드액티브(H),안전,해외채권_회사채,global_bond,credit,Markit iBoxx USD Liquid High Yield Total Return Index,124.9369568,9515,-0.002097535395909844
2026-04-03,A455660,ACE 미국하이일드액티브(H),안전,해외채권_회사채,global_bond,credit,Markit iBoxx USD Liquid High Yield Total Return Index,124.9369568,9575,0.006305832895428187
2026-04-06,A455660,ACE 미국하이일드액티브(H),안전,해외채권_회사채,global_bond,credit,Markit iBoxx USD Liquid High Yield Total Return Index,124.9369568,9565,-0.001044386422976551
2026-04-07,A455660,ACE 미국하이일드액티브(H),안전,해외채권_회사채,global_bond,credit,Markit iBoxx USD Liquid High Yield Total Return Index,124.9369568,9575,0.001045478306325176
2026-04-08,A455660,ACE 미국하이일드액티브(H),안전,해외채권_회사채,global_bond,credit,Markit iBoxx USD Liquid High Yield Total Return Index,124.9369568,9670,0.00992167101827679
2026-04-09,A455660,ACE 미국하이일드액티브(H),안전,해외채권_회사채,global_bond,credit,Markit iBoxx USD Liquid High Yield Total Return Index,124.9369568,9635,-0.003619441571871773
2026-04-10,A455660,ACE 미국하이일드액티브(H),안전,해외채권_회사채,global_bond,credit,Markit iBoxx USD Liquid High Yield Total Return Index,124.9369568,9645,0.0010378827192527584
2026-04-13,A455660,ACE 미국하이일드액티브(H),안전,해외채권_회사채,global_bond,credit,Markit iBoxx USD Liquid High Yield Total Return Index,124.9369568,9605,-0.00414722654224986
2026-04-14,A455660,ACE 미국하이일드액티브(H),안전,해외채권_회사채,global_bond,credit,Markit iBoxx USD Liquid High Yield Total Return Index,124.9369568,9650,0.004685059864653729
2026-04-15,A455660,ACE 미국하이일드액티브(H),안전,해외채권_회사채,global_bond,credit,Markit iBoxx USD Liquid High Yield Total Return Index,124.9369568,9675,0.002590673575129543
2026-04-16,A455660,ACE 미국하이일드액티브(H),안전,해외채권_회사채,global_bond,credit,Markit iBoxx USD Liquid High Yield Total Return Index,124.9369568,9675,0.0
2026-04-17,A455660,ACE 미국하이일드액티브(H),안전,해외채권_회사채,global_bond,credit,Markit iBoxx USD Liquid High Yield Total Return Index,124.9369568,9670,-0.000516795865633024
2026-04-20,A455660,ACE 미국하이일드액티브(H),안전,해외채권_회사채,global_bond,credit,Markit iBoxx USD Liquid High Yield Total Return Index,124.9369568,9675,0.0005170630816959676
2026-04-21,A455660,ACE 미국하이일드액티브(H),안전,해외채권_회사채,global_bond,credit,Markit iBoxx USD Liquid High Yield Total Return Index,124.9369568,9685,0.001033591731266048
2026-04-22,A455660,ACE 미국하이일드액티브(H),안전,해외채권_회사채,global_bond,credit,Markit iBoxx USD Liquid High Yield Total Return Index,124.9369568,9675,-0.0010325245224573898
2026-04-23,A455660,ACE 미국하이일드액티브(H),안전,해외채권_회사채,global_bond,credit,Markit iBoxx USD Liquid High Yield Total Return Index,124.9369568,9650,-0.0025839793281653423
2026-04-24,A455660,ACE 미국하이일드액티브(H),안전,해외채권_회사채,global_bond,credit,Markit iBoxx USD Liquid High Yield Total Return Index,124.9369568,9660,0.0010362694300518616
2026-04-27,A455660,ACE 미국하이일드액티브(H),안전,해외채권_회사채,global_bond,credit,Markit iBoxx USD Liquid High Yield Total Return Index,124.9369568,9670,0.0010351966873705098
2026-04-28,A455660,ACE 미국하이일드액티브(H),안전,해외채권_회사채,global_bond,credit,Markit iBoxx USD Liquid High Yield Total Return Index,124.9369568,9675,0.0005170630816959676
2026-04-29,A455660,ACE 미국하이일드액티브(H),안전,해외채권_회사채,global_bond,credit,Markit iBoxx USD Liquid High Yield Total Return Index,124.9369568,9610,-0.006718346253229979
2026-04-30,A455660,ACE 미국하이일드액티브(H),안전,해외채권_회사채,global_bond,credit,Markit iBoxx USD Liquid High Yield Total Return Index,124.9369568,9585,-0.002601456815816805
2026-05-04,A455660,ACE 미국하이일드액티브(H),안전,해외채권_회사채,global_bond,credit,Markit iBoxx USD Liquid High Yield Total Return Index,124.9369568,9615,0.003129890453834161
2026-05-06,A455660,ACE 미국하이일드액티브(H),안전,해외채권_회사채,global_bond,credit,Markit iBoxx USD Liquid High Yield Total Return Index,124.9369568,9590,-0.0026001040041602197
2026-05-07,A455660,ACE 미국하이일드액티브(H),안전,해외채권_회사채,global_bond,credit,Markit iBoxx USD Liquid High Yield Total Return Index,124.9369568,9600,0.0010427528675704956
2026-05-08,A455660,ACE 미국하이일드액티브(H),안전,해외채권_회사채,global_bond,credit,Markit iBoxx USD Liquid High Yield Total Return Index,124.9369568,9595,-0.0005208333333333037
2026-05-11,A455660,ACE 미국하이일드액티브(H),안전,해외채권_회사채,global_bond,credit,Markit iBoxx USD Liquid High Yield Total Return Index,124.9369568,9580,-0.0015633142261594069
2026-05-12,A455660,ACE 미국하이일드액티브(H),안전,해외채권_회사채,global_bond,credit,Markit iBoxx USD Liquid High Yield Total Return Index,124.9369568,9570,-0.0010438413361169019
2026-05-13,A455660,ACE 미국하이일드액티브(H),안전,해외채권_회사채,global_bond,credit,Markit iBoxx USD Liquid High Yield Total Return Index,124.9369568,9565,-0.0005224660397074032
2026-05-14,A455660,ACE 미국하이일드액티브(H),안전,해외채권_회사채,global_bond,credit,Markit iBoxx USD Liquid High Yield Total Return Index,124.9369568,9565,0.0
2026-05-15,A455660,ACE 미국하이일드액티브(H),안전,해외채권_회사채,global_bond,credit,Markit iBoxx USD Liquid High Yield Total Return Index,124.9369568,9555,-0.001045478306325176
2026-05-18,A455660,ACE 미국하이일드액티브(H),안전,해외채권_회사채,global_bond,credit,Markit iBoxx USD Liquid High Yield Total Return Index,124.9369568,9525,-0.0031397174254317317
2026-05-19,A455660,ACE 미국하이일드액티브(H),안전,해외채권_회사채,global_bond,credit,Markit iBoxx USD Liquid High Yield Total Return Index,124.9369568,9530,0.0005249343832021136
2026-05-20,A455660,ACE 미국하이일드액티브(H),안전,해외채권_회사채,global_bond,credit,Markit iBoxx USD Liquid High Yield Total Return Index,124.9369568,9510,-0.0020986358866736943
2026-05-21,A455660,ACE 미국하이일드액티브(H),안전,해외채권_회사채,global_bond,credit,Markit iBoxx USD Liquid High Yield Total Return Index,124.9369568,9560,0.00525762355415349
2026-05-22,A455660,ACE 미국하이일드액티브(H),안전,해외채권_회사채,global_bond,credit,Markit iBoxx USD Liquid High Yield Total Return Index,124.9369568,9590,0.003138075313807498
2026-01-02,A458250,TIGER 미국30년국채스트립액티브(합성 H),안전,해외채권_종합,global_bond,government,ICE BofA Long US Treasury Principal STRIPS Index,7360.86224585,37670,-0.01477703674643649
2026-01-05,A458250,TIGER 미국30년국채스트립액티브(합성 H),안전,해외채권_종합,global_bond,government,ICE BofA Long US Treasury Principal STRIPS Index,7360.86224585,37560,-0.0029200955667639805
2026-01-06,A458250,TIGER 미국30년국채스트립액티브(합성 H),안전,해외채권_종합,global_bond,government,ICE BofA Long US Treasury Principal STRIPS Index,7360.86224585,37330,-0.006123535676251346
2026-01-07,A458250,TIGER 미국30년국채스트립액티브(합성 H),안전,해외채권_종합,global_bond,government,ICE BofA Long US Treasury Principal STRIPS Index,7360.86224585,37565,0.0062952049290114775
2026-01-08,A458250,TIGER 미국30년국채스트립액티브(합성 H),안전,해외채권_종합,global_bond,government,ICE BofA Long US Treasury Principal STRIPS Index,7360.86224585,37935,0.009849594037002474
2026-01-09,A458250,TIGER 미국30년국채스트립액티브(합성 H),안전,해외채권_종합,global_bond,government,ICE BofA Long US Treasury Principal STRIPS Index,7360.86224585,37665,-0.007117437722419906
2026-01-12,A458250,TIGER 미국30년국채스트립액티브(합성 H),안전,해외채권_종합,global_bond,government,ICE BofA Long US Treasury Principal STRIPS Index,7360.86224585,37660,-0.0001327492366919314
2026-01-13,A458250,TIGER 미국30년국채스트립액티브(합성 H),안전,해외채권_종합,global_bond,government,ICE BofA Long US Treasury Principal STRIPS Index,7360.86224585,37785,0.0033191715347848927
2026-01-14,A458250,TIGER 미국30년국채스트립액티브(합성 H),안전,해외채권_종합,global_bond,government,ICE BofA Long US Treasury Principal STRIPS Index,7360.86224585,37860,0.001984914648670122
2026-01-15,A458250,TIGER 미국30년국채스트립액티브(합성 H),안전,해외채권_종합,global_bond,government,ICE BofA Long US Treasury Principal STRIPS Index,7360.86224585,38325,0.01228209191759122
2026-01-16,A458250,TIGER 미국30년국채스트립액티브(합성 H),안전,해외채권_종합,global_bond,government,ICE BofA Long US Treasury Principal STRIPS Index,7360.86224585,38380,0.001435094585779506
2026-01-19,A458250,TIGER 미국30년국채스트립액티브(합성 H),안전,해외채권_종합,global_bond,government,ICE BofA Long US Treasury Principal STRIPS Index,7360.86224585,37675,-0.018368942157373613
2026-01-20,A458250,TIGER 미국30년국채스트립액티브(합성 H),안전,해외채권_종합,global_bond,government,ICE BofA Long US Treasury Principal STRIPS Index,7360.86224585,37340,-0.008891838088918358
2026-01-21,A458250,TIGER 미국30년국채스트립액티브(합성 H),안전,해외채권_종합,global_bond,government,ICE BofA Long US Treasury Principal STRIPS Index,7360.86224585,37335,-0.00013390465988216693
2026-01-22,A458250,TIGER 미국30년국채스트립액티브(합성 H),안전,해외채권_종합,global_bond,government,ICE BofA Long US Treasury Principal STRIPS Index,7360.86224585,37650,0.008437123342707853
2026-01-23,A458250,TIGER 미국30년국채스트립액티브(합성 H),안전,해외채권_종합,global_bond,government,ICE BofA Long US Treasury Principal STRIPS Index,7360.86224585,38040,0.01035856573705174
2026-01-26,A458250,TIGER 미국30년국채스트립액티브(합성 H),안전,해외채권_종합,global_bond,government,ICE BofA Long US Treasury Principal STRIPS Index,7360.86224585,38310,0.007097791798107211
2026-01-27,A458250,TIGER 미국30년국채스트립액티브(합성 H),안전,해외채권_종합,global_bond,government,ICE BofA Long US Treasury Principal STRIPS Index,7360.86224585,38270,-0.0010441138084050783
2026-01-28,A458250,TIGER 미국30년국채스트립액티브(합성 H),안전,해외채권_종합,global_bond,government,ICE BofA Long US Treasury Principal STRIPS Index,7360.86224585,37895,-0.009798798014110321
2026-01-29,A458250,TIGER 미국30년국채스트립액티브(합성 H),안전,해외채권_종합,global_bond,government,ICE BofA Long US Treasury Principal STRIPS Index,7360.86224585,37450,-0.011742974007124984
2026-01-30,A458250,TIGER 미국30년국채스트립액티브(합성 H),안전,해외채권_종합,global_bond,government,ICE BofA Long US Treasury Principal STRIPS Index,7360.86224585,37345,-0.002803738317757043
2026-02-02,A458250,TIGER 미국30년국채스트립액티브(합성 H),안전,해외채권_종합,global_bond,government,ICE BofA Long US Treasury Principal STRIPS Index,7360.86224585,37605,0.0069621100548935555
2026-02-03,A458250,TIGER 미국30년국채스트립액티브(합성 H),안전,해외채권_종합,global_bond,government,ICE BofA Long US Treasury Principal STRIPS Index,7360.86224585,37015,-0.01568940300491961
2026-02-04,A458250,TIGER 미국30년국채스트립액티브(합성 H),안전,해외채권_종합,global_bond,government,ICE BofA Long US Treasury Principal STRIPS Index,7360.86224585,37215,0.0054032149128731
2026-02-05,A458250,TIGER 미국30년국채스트립액티브(합성 H),안전,해외채권_종합,global_bond,government,ICE BofA Long US Treasury Principal STRIPS Index,7360.86224585,37105,-0.00295579739352414
2026-02-06,A458250,TIGER 미국30년국채스트립액티브(합성 H),안전,해외채권_종합,global_bond,government,ICE BofA Long US Treasury Principal STRIPS Index,7360.86224585,37500,0.010645465570677803
2026-02-09,A458250,TIGER 미국30년국채스트립액티브(합성 H),안전,해외채권_종합,global_bond,government,ICE BofA Long US Treasury Principal STRIPS Index,7360.86224585,37355,-0.003866666666666685
2026-02-10,A458250,TIGER 미국30년국채스트립액티브(합성 H),안전,해외채권_종합,global_bond,government,ICE BofA Long US Treasury Principal STRIPS Index,7360.86224585,37775,0.011243474769107253
2026-02-11,A458250,TIGER 미국30년국채스트립액티브(합성 H),안전,해외채권_종합,global_bond,government,ICE BofA Long US Treasury Principal STRIPS Index,7360.86224585,38420,0.017074784910655172
2026-02-12,A458250,TIGER 미국30년국채스트립액티브(합성 H),안전,해외채권_종합,global_bond,government,ICE BofA Long US Treasury Principal STRIPS Index,7360.86224585,38135,-0.007418011452368534
2026-02-13,A458250,TIGER 미국30년국채스트립액티브(합성 H),안전,해외채권_종합,global_bond,government,ICE BofA Long US Treasury Principal STRIPS Index,7360.86224585,38800,0.017438049036318404
2026-02-19,A458250,TIGER 미국30년국채스트립액티브(합성 H),안전,해외채권_종합,global_bond,government,ICE BofA Long US Treasury Principal STRIPS Index,7360.86224585,39045,0.006314432989690699
2026-02-20,A458250,TIGER 미국30년국채스트립액티브(합성 H),안전,해외채권_종합,global_bond,government,ICE BofA Long US Treasury Principal STRIPS Index,7360.86224585,39260,0.005506466897169826
2026-02-23,A458250,TIGER 미국30년국채스트립액티브(합성 H),안전,해외채권_종합,global_bond,government,ICE BofA Long US Treasury Principal STRIPS Index,7360.86224585,39055,-0.005221599592460491
2026-02-24,A458250,TIGER 미국30년국채스트립액티브(합성 H),안전,해외채권_종합,global_bond,government,ICE BofA Long US Treasury Principal STRIPS Index,7360.86224585,39055,0.0
2026-02-25,A458250,TIGER 미국30년국채스트립액티브(합성 H),안전,해외채권_종합,global_bond,government,ICE BofA Long US Treasury Principal STRIPS Index,7360.86224585,39200,0.0037127128408653842
2026-02-26,A458250,TIGER 미국30년국채스트립액티브(합성 H),안전,해외채권_종합,global_bond,government,ICE BofA Long US Treasury Principal STRIPS Index,7360.86224585,39295,0.0024234693877551727
2026-02-27,A458250,TIGER 미국30년국채스트립액티브(합성 H),안전,해외채권_종합,global_bond,government,ICE BofA Long US Treasury Principal STRIPS Index,7360.86224585,39650,0.009034228273317124
2026-03-03,A458250,TIGER 미국30년국채스트립액티브(합성 H),안전,해외채권_종합,global_bond,government,ICE BofA Long US Treasury Principal STRIPS Index,7360.86224585,39040,-0.01538461538461533
2026-03-04,A458250,TIGER 미국30년국채스트립액티브(합성 H),안전,해외채권_종합,global_bond,government,ICE BofA Long US Treasury Principal STRIPS Index,7360.86224585,38850,-0.004866803278688492
2026-03-05,A458250,TIGER 미국30년국채스트립액티브(합성 H),안전,해외채권_종합,global_bond,government,ICE BofA Long US Treasury Principal STRIPS Index,7360.86224585,38515,-0.008622908622908598
2026-03-06,A458250,TIGER 미국30년국채스트립액티브(합성 H),안전,해외채권_종합,global_bond,government,ICE BofA Long US Treasury Principal STRIPS Index,7360.86224585,38670,0.004024406075554987
2026-03-09,A458250,TIGER 미국30년국채스트립액티브(합성 H),안전,해외채권_종합,global_bond,government,ICE BofA Long US Treasury Principal STRIPS Index,7360.86224585,38120,-0.01422291181794677
2026-03-10,A458250,TIGER 미국30년국채스트립액티브(합성 H),안전,해외채권_종합,global_bond,government,ICE BofA Long US Treasury Principal STRIPS Index,7360.86224585,38980,0.02256033578174188
2026-03-11,A458250,TIGER 미국30년국채스트립액티브(합성 H),안전,해외채권_종합,global_bond,government,ICE BofA Long US Treasury Principal STRIPS Index,7360.86224585,38430,-0.014109799897383257
2026-03-12,A458250,TIGER 미국30년국채스트립액티브(합성 H),안전,해외채권_종합,global_bond,government,ICE BofA Long US Treasury Principal STRIPS Index,7360.86224585,37390,-0.02706219099661722
2026-03-13,A458250,TIGER 미국30년국채스트립액티브(합성 H),안전,해외채권_종합,global_bond,government,ICE BofA Long US Treasury Principal STRIPS Index,7360.86224585,37370,-0.0005349023803156161
2026-03-16,A458250,TIGER 미국30년국채스트립액티브(합성 H),안전,해외채권_종합,global_bond,government,ICE BofA Long US Treasury Principal STRIPS Index,7360.86224585,37385,0.00040139149050033573
2026-03-17,A458250,TIGER 미국30년국채스트립액티브(합성 H),안전,해외채권_종합,global_bond,government,ICE BofA Long US Treasury Principal STRIPS Index,7360.86224585,37340,-0.0012036913200481614
2026-03-18,A458250,TIGER 미국30년국채스트립액티브(합성 H),안전,해외채권_종합,global_bond,government,ICE BofA Long US Treasury Principal STRIPS Index,7360.86224585,37980,0.017139796464916923
2026-03-19,A458250,TIGER 미국30년국채스트립액티브(합성 H),안전,해외채권_종합,global_bond,government,ICE BofA Long US Treasury Principal STRIPS Index,7360.86224585,37395,-0.0154028436018957
2026-03-20,A458250,TIGER 미국30년국채스트립액티브(합성 H),안전,해외채권_종합,global_bond,government,ICE BofA Long US Treasury Principal STRIPS Index,7360.86224585,37820,0.011365155769487822
2026-03-23,A458250,TIGER 미국30년국채스트립액티브(합성 H),안전,해외채권_종합,global_bond,government,ICE BofA Long US Treasury Principal STRIPS Index,7360.86224585,36740,-0.028556319407720743
2026-03-24,A458250,TIGER 미국30년국채스트립액티브(합성 H),안전,해외채권_종합,global_bond,government,ICE BofA Long US Treasury Principal STRIPS Index,7360.86224585,37135,0.010751224823081218
2026-03-25,A458250,TIGER 미국30년국채스트립액티브(합성 H),안전,해외채권_종합,global_bond,government,ICE BofA Long US Treasury Principal STRIPS Index,7360.86224585,37305,0.004577891477043128
2026-03-26,A458250,TIGER 미국30년국채스트립액티브(합성 H),안전,해외채권_종합,global_bond,government,ICE BofA Long US Treasury Principal STRIPS Index,7360.86224585,37220,-0.0022785149443774744
2026-03-27,A458250,TIGER 미국30년국채스트립액티브(합성 H),안전,해외채권_종합,global_bond,government,ICE BofA Long US Treasury Principal STRIPS Index,7360.86224585,37075,-0.0038957549704460304
2026-03-30,A458250,TIGER 미국30년국채스트립액티브(합성 H),안전,해외채권_종합,global_bond,government,ICE BofA Long US Treasury Principal STRIPS Index,7360.86224585,37180,0.002832097100472053
2026-03-31,A458250,TIGER 미국30년국채스트립액티브(합성 H),안전,해외채권_종합,global_bond,government,ICE BofA Long US Treasury Principal STRIPS Index,7360.86224585,37415,0.0063206024744486555
2026-04-01,A458250,TIGER 미국30년국채스트립액티브(합성 H),안전,해외채권_종합,global_bond,government,ICE BofA Long US Treasury Principal STRIPS Index,7360.86224585,37685,0.0072163570760390705
2026-04-02,A458250,TIGER 미국30년국채스트립액티브(합성 H),안전,해외채권_종합,global_bond,government,ICE BofA Long US Treasury Principal STRIPS Index,7360.86224585,36935,-0.019901817699349844
2026-04-03,A458250,TIGER 미국30년국채스트립액티브(합성 H),안전,해외채권_종합,global_bond,government,ICE BofA Long US Treasury Principal STRIPS Index,7360.86224585,37500,0.015297143630702559
2026-04-06,A458250,TIGER 미국30년국채스트립액티브(합성 H),안전,해외채권_종합,global_bond,government,ICE BofA Long US Treasury Principal STRIPS Index,7360.86224585,37255,-0.00653333333333328
2026-04-07,A458250,TIGER 미국30년국채스트립액티브(합성 H),안전,해외채권_종합,global_bond,government,ICE BofA Long US Treasury Principal STRIPS Index,7360.86224585,37185,-0.0018789424238356833
2026-04-08,A458250,TIGER 미국30년국채스트립액티브(합성 H),안전,해외채권_종합,global_bond,government,ICE BofA Long US Treasury Principal STRIPS Index,7360.86224585,37955,0.02070727443861764
2026-04-09,A458250,TIGER 미국30년국채스트립액티브(합성 H),안전,해외채권_종합,global_bond,government,ICE BofA Long US Treasury Principal STRIPS Index,7360.86224585,37490,-0.0122513502832301
2026-04-10,A458250,TIGER 미국30년국채스트립액티브(합성 H),안전,해외채권_종합,global_bond,government,ICE BofA Long US Treasury Principal STRIPS Index,7360.86224585,37345,-0.0038676980528140614
2026-04-13,A458250,TIGER 미국30년국채스트립액티브(합성 H),안전,해외채권_종합,global_bond,government,ICE BofA Long US Treasury Principal STRIPS Index,7360.86224585,37040,-0.008167090641317487
2026-04-14,A458250,TIGER 미국30년국채스트립액티브(합성 H),안전,해외채권_종합,global_bond,government,ICE BofA Long US Treasury Principal STRIPS Index,7360.86224585,37430,0.010529157667386713
2026-04-15,A458250,TIGER 미국30년국채스트립액티브(합성 H),안전,해외채권_종합,global_bond,government,ICE BofA Long US Treasury Principal STRIPS Index,7360.86224585,37655,0.00601122094576545
2026-04-16,A458250,TIGER 미국30년국채스트립액티브(합성 H),안전,해외채권_종합,global_bond,government,ICE BofA Long US Treasury Principal STRIPS Index,7360.86224585,37350,-0.008099853937060142
2026-04-17,A458250,TIGER 미국30년국채스트립액티브(합성 H),안전,해외채권_종합,global_bond,government,ICE BofA Long US Treasury Principal STRIPS Index,7360.86224585,36930,-0.011244979919678766
2026-04-20,A458250,TIGER 미국30년국채스트립액티브(합성 H),안전,해외채권_종합,global_bond,government,ICE BofA Long US Treasury Principal STRIPS Index,7360.86224585,37085,0.004197129704847091
2026-04-21,A458250,TIGER 미국30년국채스트립액티브(합성 H),안전,해외채권_종합,global_bond,government,ICE BofA Long US Treasury Principal STRIPS Index,7360.86224585,37425,0.009168127275178684
2026-04-22,A458250,TIGER 미국30년국채스트립액티브(합성 H),안전,해외채권_종합,global_bond,government,ICE BofA Long US Treasury Principal STRIPS Index,7360.86224585,37255,-0.004542418169672713
2026-04-23,A458250,TIGER 미국30년국채스트립액티브(합성 H),안전,해외채권_종합,global_bond,government,ICE BofA Long US Treasury Principal STRIPS Index,7360.86224585,36995,-0.006978929002818379
2026-04-24,A458250,TIGER 미국30년국채스트립액티브(합성 H),안전,해외채권_종합,global_bond,government,ICE BofA Long US Treasury Principal STRIPS Index,7360.86224585,37140,0.003919448574131623
2026-04-27,A458250,TIGER 미국30년국채스트립액티브(합성 H),안전,해외채권_종합,global_bond,government,ICE BofA Long US Treasury Principal STRIPS Index,7360.86224585,37040,-0.002692514808831481
2026-04-28,A458250,TIGER 미국30년국채스트립액티브(합성 H),안전,해외채권_종합,global_bond,government,ICE BofA Long US Treasury Principal STRIPS Index,7360.86224585,36760,-0.0075593952483801186
2026-04-29,A458250,TIGER 미국30년국채스트립액티브(합성 H),안전,해외채권_종합,global_bond,government,ICE BofA Long US Treasury Principal STRIPS Index,7360.86224585,36930,0.004624591947769208
2026-04-30,A458250,TIGER 미국30년국채스트립액티브(합성 H),안전,해외채권_종합,global_bond,government,ICE BofA Long US Treasury Principal STRIPS Index,7360.86224585,36520,-0.011102085025724295
2026-05-04,A458250,TIGER 미국30년국채스트립액티브(합성 H),안전,해외채권_종합,global_bond,government,ICE BofA Long US Treasury Principal STRIPS Index,7360.86224585,36670,0.0041073384446879135
2026-05-06,A458250,TIGER 미국30년국채스트립액티브(합성 H),안전,해외채권_종합,global_bond,government,ICE BofA Long US Treasury Principal STRIPS Index,7360.86224585,36770,0.0027270248159259047
2026-05-07,A458250,TIGER 미국30년국채스트립액티브(합성 H),안전,해외채권_종합,global_bond,government,ICE BofA Long US Treasury Principal STRIPS Index,7360.86224585,36920,0.0040794125645906565
2026-05-08,A458250,TIGER 미국30년국채스트립액티브(합성 H),안전,해외채권_종합,global_bond,government,ICE BofA Long US Treasury Principal STRIPS Index,7360.86224585,36720,-0.005417118093174467
2026-05-11,A458250,TIGER 미국30년국채스트립액티브(합성 H),안전,해외채권_종합,global_bond,government,ICE BofA Long US Treasury Principal STRIPS Index,7360.86224585,36650,-0.0019063180827886272
2026-05-12,A458250,TIGER 미국30년국채스트립액티브(합성 H),안전,해외채권_종합,global_bond,government,ICE BofA Long US Treasury Principal STRIPS Index,7360.86224585,36370,-0.007639836289222379
2026-05-13,A458250,TIGER 미국30년국채스트립액티브(합성 H),안전,해외채권_종합,global_bond,government,ICE BofA Long US Treasury Principal STRIPS Index,7360.86224585,36190,-0.00494913390156726
2026-05-14,A458250,TIGER 미국30년국채스트립액티브(합성 H),안전,해외채권_종합,global_bond,government,ICE BofA Long US Treasury Principal STRIPS Index,7360.86224585,36065,-0.0034539928156949173
2026-05-15,A458250,TIGER 미국30년국채스트립액티브(합성 H),안전,해외채권_종합,global_bond,government,ICE BofA Long US Treasury Principal STRIPS Index,7360.86224585,35655,-0.011368362678497168
2026-05-18,A458250,TIGER 미국30년국채스트립액티브(합성 H),안전,해외채권_종합,global_bond,government,ICE BofA Long US Treasury Principal STRIPS Index,7360.86224585,35180,-0.01332211471041933
2026-05-19,A458250,TIGER 미국30년국채스트립액티브(합성 H),안전,해외채권_종합,global_bond,government,ICE BofA Long US Treasury Principal STRIPS Index,7360.86224585,35065,-0.0032689027856737107
2026-05-20,A458250,TIGER 미국30년국채스트립액티브(합성 H),안전,해외채권_종합,global_bond,government,ICE BofA Long US Treasury Principal STRIPS Index,7360.86224585,34745,-0.009125909026094448
2026-05-21,A458250,TIGER 미국30년국채스트립액티브(합성 H),안전,해외채권_종합,global_bond,government,ICE BofA Long US Treasury Principal STRIPS Index,7360.86224585,35165,0.012088070225931835
2026-05-22,A458250,TIGER 미국30년국채스트립액티브(합성 H),안전,해외채권_종합,global_bond,government,ICE BofA Long US Treasury Principal STRIPS Index,7360.86224585,35560,0.011232759846438123
2026-01-02,A458260,TIGER 미국투자등급회사채액티브(H),안전,해외채권_회사채,global_bond,credit,iBoxx USD Liquid Investment Grade Index(Price Return),2054.49864946,48003,-0.006231368002649895
2026-01-05,A458260,TIGER 미국투자등급회사채액티브(H),안전,해외채권_회사채,global_bond,credit,iBoxx USD Liquid Investment Grade Index(Price Return),2054.49864946,47978,-0.0005208007832844253
2026-01-06,A458260,TIGER 미국투자등급회사채액티브(H),안전,해외채권_회사채,global_bond,credit,iBoxx USD Liquid Investment Grade Index(Price Return),2054.49864946,48023,0.0009379298845304529
2026-01-07,A458260,TIGER 미국투자등급회사채액티브(H),안전,해외채권_회사채,global_bond,credit,iBoxx USD Liquid Investment Grade Index(Price Return),2054.49864946,48097,0.0015409283051870393
2026-01-08,A458260,TIGER 미국투자등급회사채액티브(H),안전,해외채권_회사채,global_bond,credit,iBoxx USD Liquid Investment Grade Index(Price Return),2054.49864946,48231,0.002786036551136295
2026-01-09,A458260,TIGER 미국투자등급회사채액티브(H),안전,해외채권_회사채,global_bond,credit,iBoxx USD Liquid Investment Grade Index(Price Return),2054.49864946,48102,-0.0026746283510604707
2026-01-12,A458260,TIGER 미국투자등급회사채액티브(H),안전,해외채권_회사채,global_bond,credit,iBoxx USD Liquid Investment Grade Index(Price Return),2054.49864946,48117,0.0003118373456405532
2026-01-13,A458260,TIGER 미국투자등급회사채액티브(H),안전,해외채권_회사채,global_bond,credit,iBoxx USD Liquid Investment Grade Index(Price Return),2054.49864946,48107,-0.00020782675561648034
2026-01-14,A458260,TIGER 미국투자등급회사채액티브(H),안전,해외채권_회사채,global_bond,credit,iBoxx USD Liquid Investment Grade Index(Price Return),2054.49864946,48221,0.0023697175047290298
2026-01-15,A458260,TIGER 미국투자등급회사채액티브(H),안전,해외채권_회사채,global_bond,credit,iBoxx USD Liquid Investment Grade Index(Price Return),2054.49864946,48344,0.0025507558947346354
2026-01-16,A458260,TIGER 미국투자등급회사채액티브(H),안전,해외채권_회사채,global_bond,credit,iBoxx USD Liquid Investment Grade Index(Price Return),2054.49864946,48309,-0.0007239781565447911
2026-01-19,A458260,TIGER 미국투자등급회사채액티브(H),안전,해외채권_회사채,global_bond,credit,iBoxx USD Liquid Investment Grade Index(Price Return),2054.49864946,48102,-0.0042849158541886645
2026-01-20,A458260,TIGER 미국투자등급회사채액티브(H),안전,해외채권_회사채,global_bond,credit,iBoxx USD Liquid Investment Grade Index(Price Return),2054.49864946,47924,-0.003700469834934106
2026-01-21,A458260,TIGER 미국투자등급회사채액티브(H),안전,해외채권_회사채,global_bond,credit,iBoxx USD Liquid Investment Grade Index(Price Return),2054.49864946,47988,0.0013354477923379626
2026-01-22,A458260,TIGER 미국투자등급회사채액티브(H),안전,해외채권_회사채,global_bond,credit,iBoxx USD Liquid Investment Grade Index(Price Return),2054.49864946,48157,0.0035217137617737926
2026-01-23,A458260,TIGER 미국투자등급회사채액티브(H),안전,해외채권_회사채,global_bond,credit,iBoxx USD Liquid Investment Grade Index(Price Return),2054.49864946,48285,0.002657972880370396
2026-01-26,A458260,TIGER 미국투자등급회사채액티브(H),안전,해외채권_회사채,global_bond,credit,iBoxx USD Liquid Investment Grade Index(Price Return),2054.49864946,48329,0.0009112560836699313
2026-01-27,A458260,TIGER 미국투자등급회사채액티브(H),안전,해외채권_회사채,global_bond,credit,iBoxx USD Liquid Investment Grade Index(Price Return),2054.49864946,48285,-0.0009104264520267691
2026-01-28,A458260,TIGER 미국투자등급회사채액티브(H),안전,해외채권_회사채,global_bond,credit,iBoxx USD Liquid Investment Grade Index(Price Return),2054.49864946,48251,-0.0007041524282903611
2026-01-29,A458260,TIGER 미국투자등급회사채액티브(H),안전,해외채권_회사채,global_bond,credit,iBoxx USD Liquid Investment Grade Index(Price Return),2054.49864946,48107,-0.0029843941058216306
2026-01-30,A458260,TIGER 미국투자등급회사채액티브(H),안전,해외채권_회사채,global_bond,credit,iBoxx USD Liquid Investment Grade Index(Price Return),2054.49864946,48038,-0.0014343027002307052
2026-02-02,A458260,TIGER 미국투자등급회사채액티브(H),안전,해외채권_회사채,global_bond,credit,iBoxx USD Liquid Investment Grade Index(Price Return),2054.49864946,48221,0.0038094841583746764
2026-02-03,A458260,TIGER 미국투자등급회사채액티브(H),안전,해외채권_회사채,global_bond,credit,iBoxx USD Liquid Investment Grade Index(Price Return),2054.49864946,48043,-0.003691337798884309
2026-02-04,A458260,TIGER 미국투자등급회사채액티브(H),안전,해외채권_회사채,global_bond,credit,iBoxx USD Liquid Investment Grade Index(Price Return),2054.49864946,48102,0.0012280665237391908
2026-02-05,A458260,TIGER 미국투자등급회사채액티브(H),안전,해외채권_회사채,global_bond,credit,iBoxx USD Liquid Investment Grade Index(Price Return),2054.49864946,48078,-0.0004989397530248407
2026-02-06,A458260,TIGER 미국투자등급회사채액티브(H),안전,해외채권_회사채,global_bond,credit,iBoxx USD Liquid Investment Grade Index(Price Return),2054.49864946,48261,0.0038063147385498652
2026-02-09,A458260,TIGER 미국투자등급회사채액티브(H),안전,해외채권_회사채,global_bond,credit,iBoxx USD Liquid Investment Grade Index(Price Return),2054.49864946,48152,-0.0022585524543626834
2026-02-10,A458260,TIGER 미국투자등급회사채액티브(H),안전,해외채권_회사채,global_bond,credit,iBoxx USD Liquid Investment Grade Index(Price Return),2054.49864946,48370,0.004527330121282702
2026-02-11,A458260,TIGER 미국투자등급회사채액티브(H),안전,해외채권_회사채,global_bond,credit,iBoxx USD Liquid Investment Grade Index(Price Return),2054.49864946,48454,0.0017366136034733248
2026-02-12,A458260,TIGER 미국투자등급회사채액티브(H),안전,해외채권_회사채,global_bond,credit,iBoxx USD Liquid Investment Grade Index(Price Return),2054.49864946,48400,-0.0011144590745861827
2026-02-13,A458260,TIGER 미국투자등급회사채액티브(H),안전,해외채권_회사채,global_bond,credit,iBoxx USD Liquid Investment Grade Index(Price Return),2054.49864946,48588,0.0038842975206612174
2026-02-19,A458260,TIGER 미국투자등급회사채액티브(H),안전,해외채권_회사채,global_bond,credit,iBoxx USD Liquid Investment Grade Index(Price Return),2054.49864946,48662,0.0015230097966576484
2026-02-20,A458260,TIGER 미국투자등급회사채액티브(H),안전,해외채권_회사채,global_bond,credit,iBoxx USD Liquid Investment Grade Index(Price Return),2054.49864946,48707,0.000924746208540439
2026-02-23,A458260,TIGER 미국투자등급회사채액티브(H),안전,해외채권_회사채,global_bond,credit,iBoxx USD Liquid Investment Grade Index(Price Return),2054.49864946,48707,0.0
2026-02-24,A458260,TIGER 미국투자등급회사채액티브(H),안전,해외채권_회사채,global_bond,credit,iBoxx USD Liquid Investment Grade Index(Price Return),2054.49864946,48662,-0.0009238918430615195
2026-02-25,A458260,TIGER 미국투자등급회사채액티브(H),안전,해외채권_회사채,global_bond,credit,iBoxx USD Liquid Investment Grade Index(Price Return),2054.49864946,48658,-8.219966298139703e-05
2026-02-26,A458260,TIGER 미국투자등급회사채액티브(H),안전,해외채권_회사채,global_bond,credit,iBoxx USD Liquid Investment Grade Index(Price Return),2054.49864946,48673,0.0003082740762052616
2026-02-27,A458260,TIGER 미국투자등급회사채액티브(H),안전,해외채권_회사채,global_bond,credit,iBoxx USD Liquid Investment Grade Index(Price Return),2054.49864946,48777,0.002136708236599283
2026-03-03,A458260,TIGER 미국투자등급회사채액티브(H),안전,해외채권_회사채,global_bond,credit,iBoxx USD Liquid Investment Grade Index(Price Return),2054.49864946,48429,-0.007134510117473347
2026-03-04,A458260,TIGER 미국투자등급회사채액티브(H),안전,해외채권_회사채,global_bond,credit,iBoxx USD Liquid Investment Grade Index(Price Return),2054.49864946,48454,0.0005162196204753222
2026-03-05,A458260,TIGER 미국투자등급회사채액티브(H),안전,해외채권_회사채,global_bond,credit,iBoxx USD Liquid Investment Grade Index(Price Return),2054.49864946,48489,0.0007223345853799579
2026-03-06,A458260,TIGER 미국투자등급회사채액티브(H),안전,해외채권_회사채,global_bond,credit,iBoxx USD Liquid Investment Grade Index(Price Return),2054.49864946,48344,-0.0029903689496586505
2026-03-09,A458260,TIGER 미국투자등급회사채액티브(H),안전,해외채권_회사채,global_bond,credit,iBoxx USD Liquid Investment Grade Index(Price Return),2054.49864946,48086,-0.005336753268244232
2026-03-10,A458260,TIGER 미국투자등급회사채액티브(H),안전,해외채권_회사채,global_bond,credit,iBoxx USD Liquid Investment Grade Index(Price Return),2054.49864946,48394,0.006405190699995789
2026-03-11,A458260,TIGER 미국투자등급회사채액티브(H),안전,해외채권_회사채,global_bond,credit,iBoxx USD Liquid Investment Grade Index(Price Return),2054.49864946,48220,-0.0035954870438483777
2026-03-12,A458260,TIGER 미국투자등급회사채액티브(H),안전,해외채권_회사채,global_bond,credit,iBoxx USD Liquid Investment Grade Index(Price Return),2054.49864946,47737,-0.010016590626296118
2026-03-13,A458260,TIGER 미국투자등급회사채액티브(H),안전,해외채권_회사채,global_bond,credit,iBoxx USD Liquid Investment Grade Index(Price Return),2054.49864946,47533,-0.004273414751660098
2026-03-16,A458260,TIGER 미국투자등급회사채액티브(H),안전,해외채권_회사채,global_bond,credit,iBoxx USD Liquid Investment Grade Index(Price Return),2054.49864946,47463,-0.0014726610986052213
2026-03-17,A458260,TIGER 미국투자등급회사채액티브(H),안전,해외채권_회사채,global_bond,credit,iBoxx USD Liquid Investment Grade Index(Price Return),2054.49864946,47528,0.0013694878115584341
2026-03-18,A458260,TIGER 미국투자등급회사채액티브(H),안전,해외채권_회사채,global_bond,credit,iBoxx USD Liquid Investment Grade Index(Price Return),2054.49864946,47881,0.007427200807944789
2026-03-19,A458260,TIGER 미국투자등급회사채액티브(H),안전,해외채권_회사채,global_bond,credit,iBoxx USD Liquid Investment Grade Index(Price Return),2054.49864946,47608,-0.0057016353041916545
2026-03-20,A458260,TIGER 미국투자등급회사채액티브(H),안전,해외채권_회사채,global_bond,credit,iBoxx USD Liquid Investment Grade Index(Price Return),2054.49864946,47752,0.0030247017308016044
2026-03-23,A458260,TIGER 미국투자등급회사채액티브(H),안전,해외채권_회사채,global_bond,credit,iBoxx USD Liquid Investment Grade Index(Price Return),2054.49864946,47180,-0.011978555872005359
2026-03-24,A458260,TIGER 미국투자등급회사채액티브(H),안전,해외채권_회사채,global_bond,credit,iBoxx USD Liquid Investment Grade Index(Price Return),2054.49864946,47399,0.00464179737176762
2026-03-25,A458260,TIGER 미국투자등급회사채액티브(H),안전,해외채권_회사채,global_bond,credit,iBoxx USD Liquid Investment Grade Index(Price Return),2054.49864946,47498,0.0020886516593177085
2026-03-26,A458260,TIGER 미국투자등급회사채액티브(H),안전,해외채권_회사채,global_bond,credit,iBoxx USD Liquid Investment Grade Index(Price Return),2054.49864946,47543,0.0009474083119289656
2026-03-27,A458260,TIGER 미국투자등급회사채액티브(H),안전,해외채권_회사채,global_bond,credit,iBoxx USD Liquid Investment Grade Index(Price Return),2054.49864946,47230,-0.006583513871653013
2026-03-30,A458260,TIGER 미국투자등급회사채액티브(H),안전,해외채권_회사채,global_bond,credit,iBoxx USD Liquid Investment Grade Index(Price Return),2054.49864946,47290,0.0012703789964005896
2026-03-31,A458260,TIGER 미국투자등급회사채액티브(H),안전,해외채권_회사채,global_bond,credit,iBoxx USD Liquid Investment Grade Index(Price Return),2054.49864946,47450,0.0033833791499260357
2026-04-01,A458260,TIGER 미국투자등급회사채액티브(H),안전,해외채권_회사채,global_bond,credit,iBoxx USD Liquid Investment Grade Index(Price Return),2054.49864946,47840,0.008219178082191858
2026-04-02,A458260,TIGER 미국투자등급회사채액티브(H),안전,해외채권_회사채,global_bond,credit,iBoxx USD Liquid Investment Grade Index(Price Return),2054.49864946,47525,-0.006584448160535161
2026-04-03,A458260,TIGER 미국투자등급회사채액티브(H),안전,해외채권_회사채,global_bond,credit,iBoxx USD Liquid Investment Grade Index(Price Return),2054.49864946,47895,0.00778537611783281
2026-04-06,A458260,TIGER 미국투자등급회사채액티브(H),안전,해외채권_회사채,global_bond,credit,iBoxx USD Liquid Investment Grade Index(Price Return),2054.49864946,47775,-0.0025054807391168277
2026-04-07,A458260,TIGER 미국투자등급회사채액티브(H),안전,해외채권_회사채,global_bond,credit,iBoxx USD Liquid Investment Grade Index(Price Return),2054.49864946,47830,0.0011512297226583534
2026-04-08,A458260,TIGER 미국투자등급회사채액티브(H),안전,해외채권_회사채,global_bond,credit,iBoxx USD Liquid Investment Grade Index(Price Return),2054.49864946,48115,0.005958603386995609
2026-04-09,A458260,TIGER 미국투자등급회사채액티브(H),안전,해외채권_회사채,global_bond,credit,iBoxx USD Liquid Investment Grade Index(Price Return),2054.49864946,48050,-0.0013509300633898214
2026-04-10,A458260,TIGER 미국투자등급회사채액티브(H),안전,해외채권_회사채,global_bond,credit,iBoxx USD Liquid Investment Grade Index(Price Return),2054.49864946,48065,0.0003121748178980255
2026-04-13,A458260,TIGER 미국투자등급회사채액티브(H),안전,해외채권_회사채,global_bond,credit,iBoxx USD Liquid Investment Grade Index(Price Return),2054.49864946,47875,-0.003952980339124057
2026-04-14,A458260,TIGER 미국투자등급회사채액티브(H),안전,해외채권_회사채,global_bond,credit,iBoxx USD Liquid Investment Grade Index(Price Return),2054.49864946,48165,0.0060574412532636845
2026-04-15,A458260,TIGER 미국투자등급회사채액티브(H),안전,해외채권_회사채,global_bond,credit,iBoxx USD Liquid Investment Grade Index(Price Return),2054.49864946,48295,0.0026990553306343035
2026-04-16,A458260,TIGER 미국투자등급회사채액티브(H),안전,해외채권_회사채,global_bond,credit,iBoxx USD Liquid Investment Grade Index(Price Return),2054.49864946,48220,-0.0015529557925251236
2026-04-17,A458260,TIGER 미국투자등급회사채액티브(H),안전,해외채권_회사채,global_bond,credit,iBoxx USD Liquid Investment Grade Index(Price Return),2054.49864946,48070,-0.0031107424305267806
2026-04-20,A458260,TIGER 미국투자등급회사채액티브(H),안전,해외채권_회사채,global_bond,credit,iBoxx USD Liquid Investment Grade Index(Price Return),2054.49864946,48190,0.0024963594757645424
2026-04-21,A458260,TIGER 미국투자등급회사채액티브(H),안전,해외채권_회사채,global_bond,credit,iBoxx USD Liquid Investment Grade Index(Price Return),2054.49864946,48285,0.0019713633533928743
2026-04-22,A458260,TIGER 미국투자등급회사채액티브(H),안전,해외채권_회사채,global_bond,credit,iBoxx USD Liquid Investment Grade Index(Price Return),2054.49864946,48160,-0.002588795692244017
2026-04-23,A458260,TIGER 미국투자등급회사채액티브(H),안전,해외채권_회사채,global_bond,credit,iBoxx USD Liquid Investment Grade Index(Price Return),2054.49864946,48150,-0.00020764119601324182
2026-04-24,A458260,TIGER 미국투자등급회사채액티브(H),안전,해외채권_회사채,global_bond,credit,iBoxx USD Liquid Investment Grade Index(Price Return),2054.49864946,48110,-0.0008307372793353585
2026-04-27,A458260,TIGER 미국투자등급회사채액티브(H),안전,해외채권_회사채,global_bond,credit,iBoxx USD Liquid Investment Grade Index(Price Return),2054.49864946,48100,-0.0002078569943878561
2026-04-28,A458260,TIGER 미국투자등급회사채액티브(H),안전,해외채권_회사채,global_bond,credit,iBoxx USD Liquid Investment Grade Index(Price Return),2054.49864946,47950,-0.0031185031185031464
2026-04-29,A458260,TIGER 미국투자등급회사채액티브(H),안전,해외채권_회사채,global_bond,credit,iBoxx USD Liquid Investment Grade Index(Price Return),2054.49864946,47780,-0.003545359749739352
2026-04-30,A458260,TIGER 미국투자등급회사채액티브(H),안전,해외채권_회사채,global_bond,credit,iBoxx USD Liquid Investment Grade Index(Price Return),2054.49864946,47475,-0.006383424026789486
2026-05-04,A458260,TIGER 미국투자등급회사채액티브(H),안전,해외채권_회사채,global_bond,credit,iBoxx USD Liquid Investment Grade Index(Price Return),2054.49864946,47640,0.003475513428120136
2026-05-06,A458260,TIGER 미국투자등급회사채액티브(H),안전,해외채권_회사채,global_bond,credit,iBoxx USD Liquid Investment Grade Index(Price Return),2054.49864946,47795,0.003253568429890885
2026-05-07,A458260,TIGER 미국투자등급회사채액티브(H),안전,해외채권_회사채,global_bond,credit,iBoxx USD Liquid Investment Grade Index(Price Return),2054.49864946,47980,0.0038706977717335445
2026-05-08,A458260,TIGER 미국투자등급회사채액티브(H),안전,해외채권_회사채,global_bond,credit,iBoxx USD Liquid Investment Grade Index(Price Return),2054.49864946,47750,-0.004793664026677802
2026-05-11,A458260,TIGER 미국투자등급회사채액티브(H),안전,해외채권_회사채,global_bond,credit,iBoxx USD Liquid Investment Grade Index(Price Return),2054.49864946,47755,0.00010471204188489125
2026-05-12,A458260,TIGER 미국투자등급회사채액티브(H),안전,해외채권_회사채,global_bond,credit,iBoxx USD Liquid Investment Grade Index(Price Return),2054.49864946,47690,-0.0013611140194743632
2026-05-13,A458260,TIGER 미국투자등급회사채액티브(H),안전,해외채권_회사채,global_bond,credit,iBoxx USD Liquid Investment Grade Index(Price Return),2054.49864946,47580,-0.002306563220801028
2026-05-14,A458260,TIGER 미국투자등급회사채액티브(H),안전,해외채권_회사채,global_bond,credit,iBoxx USD Liquid Investment Grade Index(Price Return),2054.49864946,47630,0.0010508617065994041
2026-05-15,A458260,TIGER 미국투자등급회사채액티브(H),안전,해외채권_회사채,global_bond,credit,iBoxx USD Liquid Investment Grade Index(Price Return),2054.49864946,47410,-0.004618937644341847
2026-05-18,A458260,TIGER 미국투자등급회사채액티브(H),안전,해외채권_회사채,global_bond,credit,iBoxx USD Liquid Investment Grade Index(Price Return),2054.49864946,47180,-0.0048512971946846895
2026-05-19,A458260,TIGER 미국투자등급회사채액티브(H),안전,해외채권_회사채,global_bond,credit,iBoxx USD Liquid Investment Grade Index(Price Return),2054.49864946,47255,0.0015896566341671026
2026-05-20,A458260,TIGER 미국투자등급회사채액티브(H),안전,해외채권_회사채,global_bond,credit,iBoxx USD Liquid Investment Grade Index(Price Return),2054.49864946,47070,-0.003914929637075404
2026-05-21,A458260,TIGER 미국투자등급회사채액티브(H),안전,해외채권_회사채,global_bond,credit,iBoxx USD Liquid Investment Grade Index(Price Return),2054.49864946,47280,0.004461440407903083
2026-05-22,A458260,TIGER 미국투자등급회사채액티브(H),안전,해외채권_회사채,global_bond,credit,iBoxx USD Liquid Investment Grade Index(Price Return),2054.49864946,47417,0.0028976311336716964
2026-01-02,A468380,KODEX iShares미국하이일드액티브,안전,해외채권_회사채,global_bond,credit,ICE BofAML US HY Constrained Index(Total Return),501.5799249,11469,0.001222173723264941
2026-01-05,A468380,KODEX iShares미국하이일드액티브,안전,해외채권_회사채,global_bond,credit,ICE BofAML US HY Constrained Index(Total Return),501.5799249,11499,0.0026157467957101943
2026-01-06,A468380,KODEX iShares미국하이일드액티브,안전,해외채권_회사채,global_bond,credit,ICE BofAML US HY Constrained Index(Total Return),501.5799249,11534,0.003043742934168092
2026-01-07,A468380,KODEX iShares미국하이일드액티브,안전,해외채권_회사채,global_bond,credit,ICE BofAML US HY Constrained Index(Total Return),501.5799249,11544,0.0008670019074041857
2026-01-08,A468380,KODEX iShares미국하이일드액티브,안전,해외채권_회사채,global_bond,credit,ICE BofAML US HY Constrained Index(Total Return),501.5799249,11569,0.002165627165627182
2026-01-09,A468380,KODEX iShares미국하이일드액티브,안전,해외채권_회사채,global_bond,credit,ICE BofAML US HY Constrained Index(Total Return),501.5799249,11643,0.0063964041835939955
2026-01-12,A468380,KODEX iShares미국하이일드액티브,안전,해외채권_회사채,global_bond,credit,ICE BofAML US HY Constrained Index(Total Return),501.5799249,11736,0.00798763205359454
2026-01-13,A468380,KODEX iShares미국하이일드액티브,안전,해외채권_회사채,global_bond,credit,ICE BofAML US HY Constrained Index(Total Return),501.5799249,11780,0.003749147920927065
2026-01-14,A468380,KODEX iShares미국하이일드액티브,안전,해외채권_회사채,global_bond,credit,ICE BofAML US HY Constrained Index(Total Return),501.5799249,11815,0.0029711375212224667
2026-01-15,A468380,KODEX iShares미국하이일드액티브,안전,해외채권_회사채,global_bond,credit,ICE BofAML US HY Constrained Index(Total Return),501.5799249,11755,-0.005078290308929367
2026-01-16,A468380,KODEX iShares미국하이일드액티브,안전,해외채권_회사채,global_bond,credit,ICE BofAML US HY Constrained Index(Total Return),501.5799249,11780,0.002126754572522316
2026-01-19,A468380,KODEX iShares미국하이일드액티브,안전,해외채권_회사채,global_bond,credit,ICE BofAML US HY Constrained Index(Total Return),501.5799249,11775,-0.0004244482173174635
2026-01-20,A468380,KODEX iShares미국하이일드액티브,안전,해외채권_회사채,global_bond,credit,ICE BofAML US HY Constrained Index(Total Return),501.5799249,11810,0.002972399150743099
2026-01-21,A468380,KODEX iShares미국하이일드액티브,안전,해외채권_회사채,global_bond,credit,ICE BofAML US HY Constrained Index(Total Return),501.5799249,11750,-0.005080440304826461
2026-01-22,A468380,KODEX iShares미국하이일드액티브,안전,해외채권_회사채,global_bond,credit,ICE BofAML US HY Constrained Index(Total Return),501.5799249,11770,0.0017021276595745594
2026-01-23,A468380,KODEX iShares미국하이일드액티브,안전,해외채권_회사채,global_bond,credit,ICE BofAML US HY Constrained Index(Total Return),501.5799249,11736,-0.0028887000849617817
2026-01-26,A468380,KODEX iShares미국하이일드액티브,안전,해외채권_회사채,global_bond,credit,ICE BofAML US HY Constrained Index(Total Return),501.5799249,11534,-0.01721199727334699
2026-01-27,A468380,KODEX iShares미국하이일드액티브,안전,해외채권_회사채,global_bond,credit,ICE BofAML US HY Constrained Index(Total Return),501.5799249,11569,0.003034506675914761
2026-01-28,A468380,KODEX iShares미국하이일드액티브,안전,해외채권_회사채,global_bond,credit,ICE BofAML US HY Constrained Index(Total Return),501.5799249,11412,-0.013570749416544237
2026-01-29,A468380,KODEX iShares미국하이일드액티브,안전,해외채권_회사채,global_bond,credit,ICE BofAML US HY Constrained Index(Total Return),501.5799249,11402,-0.000876270592358952
2026-01-30,A468380,KODEX iShares미국하이일드액티브,안전,해외채권_회사채,global_bond,credit,ICE BofAML US HY Constrained Index(Total Return),501.5799249,11510,0.009472022452201356
2026-02-02,A468380,KODEX iShares미국하이일드액티브,안전,해외채권_회사채,global_bond,credit,ICE BofAML US HY Constrained Index(Total Return),501.5799249,11713,0.017636837532580385
2026-02-03,A468380,KODEX iShares미국하이일드액티브,안전,해외채권_회사채,global_bond,credit,ICE BofAML US HY Constrained Index(Total Return),501.5799249,11515,-0.01690429437377272
2026-02-04,A468380,KODEX iShares미국하이일드액티브,안전,해외채권_회사채,global_bond,credit,ICE BofAML US HY Constrained Index(Total Return),501.5799249,11595,0.006947459834997893
2026-02-05,A468380,KODEX iShares미국하이일드액티브,안전,해외채권_회사채,global_bond,credit,ICE BofAML US HY Constrained Index(Total Return),501.5799249,11718,0.010608020698577025
2026-02-06,A468380,KODEX iShares미국하이일드액티브,안전,해외채권_회사채,global_bond,credit,ICE BofAML US HY Constrained Index(Total Return),501.5799249,11723,0.00042669397508099394
2026-02-09,A468380,KODEX iShares미국하이일드액티브,안전,해외채권_회사채,global_bond,credit,ICE BofAML US HY Constrained Index(Total Return),501.5799249,11698,-0.0021325599249338856
2026-02-10,A468380,KODEX iShares미국하이일드액티브,안전,해외채권_회사채,global_bond,credit,ICE BofAML US HY Constrained Index(Total Return),501.5799249,11688,-0.0008548469823901339
2026-02-11,A468380,KODEX iShares미국하이일드액티브,안전,해외채권_회사채,global_bond,credit,ICE BofAML US HY Constrained Index(Total Return),501.5799249,11630,-0.0049623545516769285
2026-02-12,A468380,KODEX iShares미국하이일드액티브,안전,해외채권_회사채,global_bond,credit,ICE BofAML US HY Constrained Index(Total Return),501.5799249,11540,-0.007738607050730817
2026-02-13,A468380,KODEX iShares미국하이일드액티브,안전,해외채권_회사채,global_bond,credit,ICE BofAML US HY Constrained Index(Total Return),501.5799249,11575,0.003032928942807711
2026-02-19,A468380,KODEX iShares미국하이일드액티브,안전,해외채권_회사채,global_bond,credit,ICE BofAML US HY Constrained Index(Total Return),501.5799249,11600,0.002159827213822796
2026-02-20,A468380,KODEX iShares미국하이일드액티브,안전,해외채권_회사채,global_bond,credit,ICE BofAML US HY Constrained Index(Total Return),501.5799249,11605,0.0004310344827587187
2026-02-23,A468380,KODEX iShares미국하이일드액티브,안전,해외채권_회사채,global_bond,credit,ICE BofAML US HY Constrained Index(Total Return),501.5799249,11560,-0.0038776389487289453
2026-02-24,A468380,KODEX iShares미국하이일드액티브,안전,해외채권_회사채,global_bond,credit,ICE BofAML US HY Constrained Index(Total Return),501.5799249,11570,0.0008650519031141446
2026-02-25,A468380,KODEX iShares미국하이일드액티브,안전,해외채권_회사채,global_bond,credit,ICE BofAML US HY Constrained Index(Total Return),501.5799249,11466,-0.008988764044943864
2026-02-26,A468380,KODEX iShares미국하이일드액티브,안전,해외채권_회사채,global_bond,credit,ICE BofAML US HY Constrained Index(Total Return),501.5799249,11432,-0.0029652886795743516
2026-02-27,A468380,KODEX iShares미국하이일드액티브,안전,해외채권_회사채,global_bond,credit,ICE BofAML US HY Constrained Index(Total Return),501.5799249,11526,0.008222533240028085
2026-03-03,A468380,KODEX iShares미국하이일드액티브,안전,해외채권_회사채,global_bond,credit,ICE BofAML US HY Constrained Index(Total Return),501.5799249,11665,0.012059691133090356
2026-03-04,A468380,KODEX iShares미국하이일드액티브,안전,해외채권_회사채,global_bond,credit,ICE BofAML US HY Constrained Index(Total Return),501.5799249,11750,0.0072867552507500655
2026-03-05,A468380,KODEX iShares미국하이일드액티브,안전,해외채권_회사채,global_bond,credit,ICE BofAML US HY Constrained Index(Total Return),501.5799249,11730,-0.0017021276595744483
2026-03-06,A468380,KODEX iShares미국하이일드액티브,안전,해외채권_회사채,global_bond,credit,ICE BofAML US HY Constrained Index(Total Return),501.5799249,11745,0.0012787723785165905
2026-03-09,A468380,KODEX iShares미국하이일드액티브,안전,해외채권_회사채,global_bond,credit,ICE BofAML US HY Constrained Index(Total Return),501.5799249,11805,0.005108556832694733
2026-03-10,A468380,KODEX iShares미국하이일드액티브,안전,해외채권_회사채,global_bond,credit,ICE BofAML US HY Constrained Index(Total Return),501.5799249,11700,-0.008894536213468918
2026-03-11,A468380,KODEX iShares미국하이일드액티브,안전,해외채권_회사채,global_bond,credit,ICE BofAML US HY Constrained Index(Total Return),501.5799249,11680,-0.0017094017094017033
2026-03-12,A468380,KODEX iShares미국하이일드액티브,안전,해외채권_회사채,global_bond,credit,ICE BofAML US HY Constrained Index(Total Return),501.5799249,11735,0.004708904109589129
2026-03-13,A468380,KODEX iShares미국하이일드액티브,안전,해외채권_회사채,global_bond,credit,ICE BofAML US HY Constrained Index(Total Return),501.5799249,11780,0.0038346825734980605
2026-03-16,A468380,KODEX iShares미국하이일드액티브,안전,해외채권_회사채,global_bond,credit,ICE BofAML US HY Constrained Index(Total Return),501.5799249,11790,0.000848896434634927
2026-03-17,A468380,KODEX iShares미국하이일드액티브,안전,해외채권_회사채,global_bond,credit,ICE BofAML US HY Constrained Index(Total Return),501.5799249,11790,0.0
2026-03-18,A468380,KODEX iShares미국하이일드액티브,안전,해외채권_회사채,global_bond,credit,ICE BofAML US HY Constrained Index(Total Return),501.5799249,11765,-0.0021204410517388084
2026-03-19,A468380,KODEX iShares미국하이일드액티브,안전,해외채권_회사채,global_bond,credit,ICE BofAML US HY Constrained Index(Total Return),501.5799249,11845,0.006799830004249996
2026-03-20,A468380,KODEX iShares미국하이일드액티브,안전,해외채권_회사채,global_bond,credit,ICE BofAML US HY Constrained Index(Total Return),501.5799249,11870,0.0021105951878430673
2026-03-23,A468380,KODEX iShares미국하이일드액티브,안전,해외채권_회사채,global_bond,credit,ICE BofAML US HY Constrained Index(Total Return),501.5799249,11874,0.00033698399326032025
2026-03-24,A468380,KODEX iShares미국하이일드액티브,안전,해외채권_회사채,global_bond,credit,ICE BofAML US HY Constrained Index(Total Return),501.5799249,11800,-0.006232103756105722
2026-03-25,A468380,KODEX iShares미국하이일드액티브,안전,해외채권_회사채,global_bond,credit,ICE BofAML US HY Constrained Index(Total Return),501.5799249,11840,0.003389830508474523
2026-03-26,A468380,KODEX iShares미국하이일드액티브,안전,해외채권_회사채,global_bond,credit,ICE BofAML US HY Constrained Index(Total Return),501.5799249,11870,0.0025337837837837718
2026-03-27,A468380,KODEX iShares미국하이일드액티브,안전,해외채권_회사채,global_bond,credit,ICE BofAML US HY Constrained Index(Total Return),501.5799249,11870,0.0
2026-03-30,A468380,KODEX iShares미국하이일드액티브,안전,해외채권_회사채,global_bond,credit,ICE BofAML US HY Constrained Index(Total Return),501.5799249,11865,-0.0004212299915753448
2026-03-31,A468380,KODEX iShares미국하이일드액티브,안전,해외채권_회사채,global_bond,credit,ICE BofAML US HY Constrained Index(Total Return),501.5799249,12000,0.011378002528444897
2026-04-01,A468380,KODEX iShares미국하이일드액티브,안전,해외채권_회사채,global_bond,credit,ICE BofAML US HY Constrained Index(Total Return),501.5799249,11900,-0.008333333333333304
2026-04-02,A468380,KODEX iShares미국하이일드액티브,안전,해외채권_회사채,global_bond,credit,ICE BofAML US HY Constrained Index(Total Return),501.5799249,11990,0.007563025210084007
2026-04-03,A468380,KODEX iShares미국하이일드액티브,안전,해외채권_회사채,global_bond,credit,ICE BofAML US HY Constrained Index(Total Return),501.5799249,11950,-0.0033361134278565574
2026-04-06,A468380,KODEX iShares미국하이일드액티브,안전,해외채권_회사채,global_bond,credit,ICE BofAML US HY Constrained Index(Total Return),501.5799249,11940,-0.0008368200836820217
2026-04-07,A468380,KODEX iShares미국하이일드액티브,안전,해외채권_회사채,global_bond,credit,ICE BofAML US HY Constrained Index(Total Return),501.5799249,11965,0.0020938023450587373
2026-04-08,A468380,KODEX iShares미국하이일드액티브,안전,해외채권_회사채,global_bond,credit,ICE BofAML US HY Constrained Index(Total Return),501.5799249,11820,-0.012118679481821992
2026-04-09,A468380,KODEX iShares미국하이일드액티브,안전,해외채권_회사채,global_bond,credit,ICE BofAML US HY Constrained Index(Total Return),501.5799249,11880,0.0050761421319796
2026-04-10,A468380,KODEX iShares미국하이일드액티브,안전,해외채권_회사채,global_bond,credit,ICE BofAML US HY Constrained Index(Total Return),501.5799249,11880,0.0
2026-04-13,A468380,KODEX iShares미국하이일드액티브,안전,해외채권_회사채,global_bond,credit,ICE BofAML US HY Constrained Index(Total Return),501.5799249,11865,-0.0012626262626262985
2026-04-14,A468380,KODEX iShares미국하이일드액티브,안전,해외채권_회사채,global_bond,credit,ICE BofAML US HY Constrained Index(Total Return),501.5799249,11880,0.0012642225031604948
2026-04-15,A468380,KODEX iShares미국하이일드액티브,안전,해외채권_회사채,global_bond,credit,ICE BofAML US HY Constrained Index(Total Return),501.5799249,11855,-0.002104377104377053
2026-04-16,A468380,KODEX iShares미국하이일드액티브,안전,해외채권_회사채,global_bond,credit,ICE BofAML US HY Constrained Index(Total Return),501.5799249,11855,0.0
2026-04-17,A468380,KODEX iShares미국하이일드액티브,안전,해외채권_회사채,global_bond,credit,ICE BofAML US HY Constrained Index(Total Return),501.5799249,11895,0.003374103753690516
2026-04-20,A468380,KODEX iShares미국하이일드액티브,안전,해외채권_회사채,global_bond,credit,ICE BofAML US HY Constrained Index(Total Return),501.5799249,11870,-0.0021017234131988083
2026-04-21,A468380,KODEX iShares미국하이일드액티브,안전,해외채권_회사채,global_bond,credit,ICE BofAML US HY Constrained Index(Total Return),501.5799249,11825,-0.0037910699241785473
2026-04-22,A468380,KODEX iShares미국하이일드액티브,안전,해외채권_회사채,global_bond,credit,ICE BofAML US HY Constrained Index(Total Return),501.5799249,11865,0.0033826638477800763
2026-04-23,A468380,KODEX iShares미국하이일드액티브,안전,해외채권_회사채,global_bond,credit,ICE BofAML US HY Constrained Index(Total Return),501.5799249,11905,0.003371260008428134
2026-04-24,A468380,KODEX iShares미국하이일드액티브,안전,해외채권_회사채,global_bond,credit,ICE BofAML US HY Constrained Index(Total Return),501.5799249,11925,0.0016799664006719173
2026-04-27,A468380,KODEX iShares미국하이일드액티브,안전,해외채권_회사채,global_bond,credit,ICE BofAML US HY Constrained Index(Total Return),501.5799249,11840,-0.007127882599580748
2026-04-28,A468380,KODEX iShares미국하이일드액티브,안전,해외채권_회사채,global_bond,credit,ICE BofAML US HY Constrained Index(Total Return),501.5799249,11855,0.0012668918918918859
2026-04-29,A468380,KODEX iShares미국하이일드액티브,안전,해외채권_회사채,global_bond,credit,ICE BofAML US HY Constrained Index(Total Return),501.5799249,11810,-0.003795866722901775
2026-04-30,A468380,KODEX iShares미국하이일드액티브,안전,해외채권_회사채,global_bond,credit,ICE BofAML US HY Constrained Index(Total Return),501.5799249,11815,0.00042337002540215884
2026-05-04,A468380,KODEX iShares미국하이일드액티브,안전,해외채권_회사채,global_bond,credit,ICE BofAML US HY Constrained Index(Total Return),501.5799249,11705,-0.009310198899703748
2026-05-06,A468380,KODEX iShares미국하이일드액티브,안전,해외채권_회사채,global_bond,credit,ICE BofAML US HY Constrained Index(Total Return),501.5799249,11615,-0.007689021785561745
2026-05-07,A468380,KODEX iShares미국하이일드액티브,안전,해외채권_회사채,global_bond,credit,ICE BofAML US HY Constrained Index(Total Return),501.5799249,11625,0.0008609556607834801
2026-05-08,A468380,KODEX iShares미국하이일드액티브,안전,해외채권_회사채,global_bond,credit,ICE BofAML US HY Constrained Index(Total Return),501.5799249,11730,0.00903225806451613
2026-05-11,A468380,KODEX iShares미국하이일드액티브,안전,해외채권_회사채,global_bond,credit,ICE BofAML US HY Constrained Index(Total Return),501.5799249,11760,0.002557544757033181
2026-05-12,A468380,KODEX iShares미국하이일드액티브,안전,해외채권_회사채,global_bond,credit,ICE BofAML US HY Constrained Index(Total Return),501.5799249,11865,0.008928571428571397
2026-05-13,A468380,KODEX iShares미국하이일드액티브,안전,해외채권_회사채,global_bond,credit,ICE BofAML US HY Constrained Index(Total Return),501.5799249,11880,0.0012642225031604948
2026-05-14,A468380,KODEX iShares미국하이일드액티브,안전,해외채권_회사채,global_bond,credit,ICE BofAML US HY Constrained Index(Total Return),501.5799249,11900,0.0016835016835017313
2026-05-15,A468380,KODEX iShares미국하이일드액티브,안전,해외채권_회사채,global_bond,credit,ICE BofAML US HY Constrained Index(Total Return),501.5799249,11955,0.004621848739495782
2026-05-18,A468380,KODEX iShares미국하이일드액티브,안전,해외채권_회사채,global_bond,credit,ICE BofAML US HY Constrained Index(Total Return),501.5799249,11885,-0.0058552906733584376
2026-05-19,A468380,KODEX iShares미국하이일드액티브,안전,해외채권_회사채,global_bond,credit,ICE BofAML US HY Constrained Index(Total Return),501.5799249,11960,0.006310475389146086
2026-05-20,A468380,KODEX iShares미국하이일드액티브,안전,해외채권_회사채,global_bond,credit,ICE BofAML US HY Constrained Index(Total Return),501.5799249,11945,-0.0012541806020066604
2026-05-21,A468380,KODEX iShares미국하이일드액티브,안전,해외채권_회사채,global_bond,credit,ICE BofAML US HY Constrained Index(Total Return),501.5799249,11990,0.0037672666387609244
2026-05-22,A468380,KODEX iShares미국하이일드액티브,안전,해외채권_회사채,global_bond,credit,ICE BofAML US HY Constrained Index(Total Return),501.5799249,12100,0.00917431192660545
2026-01-02,A468630,KODEX iShares미국투자등급회사채액티브,안전,해외채권_회사채,global_bond,credit,Markit iBoxx USD Liquid Investment Grade Index(Total Return),225.66234148,11630,-0.005897939994871315
2026-01-05,A468630,KODEX iShares미국투자등급회사채액티브,안전,해외채권_회사채,global_bond,credit,Markit iBoxx USD Liquid Investment Grade Index(Total Return),225.66234148,11679,0.004213241616509045
2026-01-06,A468630,KODEX iShares미국투자등급회사채액티브,안전,해외채권_회사채,global_bond,credit,Markit iBoxx USD Liquid Investment Grade Index(Total Return),225.66234148,11684,0.00042811884579152526
2026-01-07,A468630,KODEX iShares미국투자등급회사채액티브,안전,해외채권_회사채,global_bond,credit,Markit iBoxx USD Liquid Investment Grade Index(Total Return),225.66234148,11719,0.0029955494693598705
2026-01-08,A468630,KODEX iShares미국투자등급회사채액티브,안전,해외채권_회사채,global_bond,credit,Markit iBoxx USD Liquid Investment Grade Index(Total Return),225.66234148,11763,0.0037545865688197733
2026-01-09,A468630,KODEX iShares미국투자등급회사채액티브,안전,해외채권_회사채,global_bond,credit,Markit iBoxx USD Liquid Investment Grade Index(Total Return),225.66234148,11783,0.0017002465357476293
2026-01-12,A468630,KODEX iShares미국투자등급회사채액티브,안전,해외채권_회사채,global_bond,credit,Markit iBoxx USD Liquid Investment Grade Index(Total Return),225.66234148,11882,0.008401934991088877
2026-01-13,A468630,KODEX iShares미국투자등급회사채액티브,안전,해외채권_회사채,global_bond,credit,Markit iBoxx USD Liquid Investment Grade Index(Total Return),225.66234148,11927,0.0037872412051842552
2026-01-14,A468630,KODEX iShares미국투자등급회사채액티브,안전,해외채권_회사채,global_bond,credit,Markit iBoxx USD Liquid Investment Grade Index(Total Return),225.66234148,11992,0.005449819736731865
2026-01-15,A468630,KODEX iShares미국투자등급회사채액티브,안전,해외채권_회사채,global_bond,credit,Markit iBoxx USD Liquid Investment Grade Index(Total Return),225.66234148,11972,-0.0016677785190126748
2026-01-16,A468630,KODEX iShares미국투자등급회사채액티브,안전,해외채권_회사채,global_bond,credit,Markit iBoxx USD Liquid Investment Grade Index(Total Return),225.66234148,11987,0.0012529234881391016
2026-01-19,A468630,KODEX iShares미국투자등급회사채액티브,안전,해외채권_회사채,global_bond,credit,Markit iBoxx USD Liquid Investment Grade Index(Total Return),225.66234148,11922,-0.00542254108617668
2026-01-20,A468630,KODEX iShares미국투자등급회사채액티브,안전,해외채권_회사채,global_bond,credit,Markit iBoxx USD Liquid Investment Grade Index(Total Return),225.66234148,11932,0.0008387854386848748
2026-01-21,A468630,KODEX iShares미국투자등급회사채액티브,안전,해외채권_회사채,global_bond,credit,Markit iBoxx USD Liquid Investment Grade Index(Total Return),225.66234148,11872,-0.005028494803888672
2026-01-22,A468630,KODEX iShares미국투자등급회사채액티브,안전,해외채권_회사채,global_bond,credit,Markit iBoxx USD Liquid Investment Grade Index(Total Return),225.66234148,11902,0.0025269541778976112
2026-01-23,A468630,KODEX iShares미국투자등급회사채액티브,안전,해외채권_회사채,global_bond,credit,Markit iBoxx USD Liquid Investment Grade Index(Total Return),225.66234148,11902,0.0
2026-01-26,A468630,KODEX iShares미국투자등급회사채액티브,안전,해외채권_회사채,global_bond,credit,Markit iBoxx USD Liquid Investment Grade Index(Total Return),225.66234148,11724,-0.014955469668963217
2026-01-27,A468630,KODEX iShares미국투자등급회사채액티브,안전,해외채권_회사채,global_bond,credit,Markit iBoxx USD Liquid Investment Grade Index(Total Return),225.66234148,11724,0.0
2026-01-28,A468630,KODEX iShares미국투자등급회사채액티브,안전,해외채권_회사채,global_bond,credit,Markit iBoxx USD Liquid Investment Grade Index(Total Return),225.66234148,11551,-0.014756055953599412
2026-01-29,A468630,KODEX iShares미국투자등급회사채액티브,안전,해외채권_회사채,global_bond,credit,Markit iBoxx USD Liquid Investment Grade Index(Total Return),225.66234148,11531,-0.001731451822353014
2026-01-30,A468630,KODEX iShares미국투자등급회사채액티브,안전,해외채권_회사채,global_bond,credit,Markit iBoxx USD Liquid Investment Grade Index(Total Return),225.66234148,11631,0.008672274737663743
2026-02-02,A468630,KODEX iShares미국투자등급회사채액티브,안전,해외채권_회사채,global_bond,credit,Markit iBoxx USD Liquid Investment Grade Index(Total Return),225.66234148,11884,0.021752213911099716
2026-02-03,A468630,KODEX iShares미국투자등급회사채액티브,안전,해외채권_회사채,global_bond,credit,Markit iBoxx USD Liquid Investment Grade Index(Total Return),225.66234148,11695,-0.015903736115785883
2026-02-04,A468630,KODEX iShares미국투자등급회사채액티브,안전,해외채권_회사채,global_bond,credit,Markit iBoxx USD Liquid Investment Grade Index(Total Return),225.66234148,11735,0.0034202650705430493
2026-02-05,A468630,KODEX iShares미국투자등급회사채액티브,안전,해외채권_회사채,global_bond,credit,Markit iBoxx USD Liquid Investment Grade Index(Total Return),225.66234148,11874,0.01184490839369401
2026-02-06,A468630,KODEX iShares미국투자등급회사채액티브,안전,해외채권_회사채,global_bond,credit,Markit iBoxx USD Liquid Investment Grade Index(Total Return),225.66234148,11939,0.005474145191173951
2026-02-09,A468630,KODEX iShares미국투자등급회사채액티브,안전,해외채권_회사채,global_bond,credit,Markit iBoxx USD Liquid Investment Grade Index(Total Return),225.66234148,11839,-0.008375910880308202
2026-02-10,A468630,KODEX iShares미국투자등급회사채액티브,안전,해외채권_회사채,global_bond,credit,Markit iBoxx USD Liquid Investment Grade Index(Total Return),225.66234148,11869,0.0025339978038685373
2026-02-11,A468630,KODEX iShares미국투자등급회사채액티브,안전,해외채권_회사채,global_bond,credit,Markit iBoxx USD Liquid Investment Grade Index(Total Return),225.66234148,11814,-0.004633920296570948
2026-02-12,A468630,KODEX iShares미국투자등급회사채액티브,안전,해외채권_회사채,global_bond,credit,Markit iBoxx USD Liquid Investment Grade Index(Total Return),225.66234148,11730,-0.007110208227526615
2026-02-13,A468630,KODEX iShares미국투자등급회사채액티브,안전,해외채권_회사채,global_bond,credit,Markit iBoxx USD Liquid Investment Grade Index(Total Return),225.66234148,11804,0.00630861040068198
2026-02-19,A468630,KODEX iShares미국투자등급회사채액티브,안전,해외채권_회사채,global_bond,credit,Markit iBoxx USD Liquid Investment Grade Index(Total Return),225.66234148,11849,0.003812267028125982
2026-02-20,A468630,KODEX iShares미국투자등급회사채액티브,안전,해외채권_회사채,global_bond,credit,Markit iBoxx USD Liquid Investment Grade Index(Total Return),225.66234148,11889,0.003375812304835746
2026-02-23,A468630,KODEX iShares미국투자등급회사채액티브,안전,해외채권_회사채,global_bond,credit,Markit iBoxx USD Liquid Investment Grade Index(Total Return),225.66234148,11829,-0.005046681806712083
2026-02-24,A468630,KODEX iShares미국투자등급회사채액티브,안전,해외채권_회사채,global_bond,credit,Markit iBoxx USD Liquid Investment Grade Index(Total Return),225.66234148,11834,0.000422689999154624
2026-02-25,A468630,KODEX iShares미국투자등급회사채액티브,안전,해외채권_회사채,global_bond,credit,Markit iBoxx USD Liquid Investment Grade Index(Total Return),225.66234148,11735,-0.008365725874598606
2026-02-26,A468630,KODEX iShares미국투자등급회사채액티브,안전,해외채권_회사채,global_bond,credit,Markit iBoxx USD Liquid Investment Grade Index(Total Return),225.66234148,11715,-0.001704303365999138
2026-02-27,A468630,KODEX iShares미국투자등급회사채액티브,안전,해외채권_회사채,global_bond,credit,Markit iBoxx USD Liquid Investment Grade Index(Total Return),225.66234148,11825,0.009389671361502261
2026-03-03,A468630,KODEX iShares미국투자등급회사채액티브,안전,해외채권_회사채,global_bond,credit,Markit iBoxx USD Liquid Investment Grade Index(Total Return),225.66234148,11970,0.012262156448203054
2026-03-04,A468630,KODEX iShares미국투자등급회사채액티브,안전,해외채권_회사채,global_bond,credit,Markit iBoxx USD Liquid Investment Grade Index(Total Return),225.66234148,12039,0.005764411027568972
2026-03-05,A468630,KODEX iShares미국투자등급회사채액티브,안전,해외채권_회사채,global_bond,credit,Markit iBoxx USD Liquid Investment Grade Index(Total Return),225.66234148,11975,-0.005316056150843074
2026-03-06,A468630,KODEX iShares미국투자등급회사채액티브,안전,해외채권_회사채,global_bond,credit,Markit iBoxx USD Liquid Investment Grade Index(Total Return),225.66234148,12010,0.0029227557411273253
2026-03-09,A468630,KODEX iShares미국투자등급회사채액티브,안전,해외채권_회사채,global_bond,credit,Markit iBoxx USD Liquid Investment Grade Index(Total Return),225.66234148,12089,0.006577851790174893
2026-03-10,A468630,KODEX iShares미국투자등급회사채액티브,안전,해외채권_회사채,global_bond,credit,Markit iBoxx USD Liquid Investment Grade Index(Total Return),225.66234148,12005,-0.00694846554719164
2026-03-11,A468630,KODEX iShares미국투자등급회사채액티브,안전,해외채권_회사채,global_bond,credit,Markit iBoxx USD Liquid Investment Grade Index(Total Return),225.66234148,11925,-0.006663890045814247
2026-03-12,A468630,KODEX iShares미국투자등급회사채액티브,안전,해외채권_회사채,global_bond,credit,Markit iBoxx USD Liquid Investment Grade Index(Total Return),225.66234148,11915,-0.0008385744234801207
2026-03-13,A468630,KODEX iShares미국투자등급회사채액티브,안전,해외채권_회사채,global_bond,credit,Markit iBoxx USD Liquid Investment Grade Index(Total Return),225.66234148,11960,0.003776751993285865
2026-03-16,A468630,KODEX iShares미국투자등급회사채액티브,안전,해외채권_회사채,global_bond,credit,Markit iBoxx USD Liquid Investment Grade Index(Total Return),225.66234148,11960,0.0
2026-03-17,A468630,KODEX iShares미국투자등급회사채액티브,안전,해외채권_회사채,global_bond,credit,Markit iBoxx USD Liquid Investment Grade Index(Total Return),225.66234148,11960,0.0
2026-03-18,A468630,KODEX iShares미국투자등급회사채액티브,안전,해외채권_회사채,global_bond,credit,Markit iBoxx USD Liquid Investment Grade Index(Total Return),225.66234148,11980,0.0016722408026756952
2026-03-19,A468630,KODEX iShares미국투자등급회사채액티브,안전,해외채권_회사채,global_bond,credit,Markit iBoxx USD Liquid Investment Grade Index(Total Return),225.66234148,12024,0.0036727879799665075
2026-03-20,A468630,KODEX iShares미국투자등급회사채액티브,안전,해외채권_회사채,global_bond,credit,Markit iBoxx USD Liquid Investment Grade Index(Total Return),225.66234148,12069,0.0037425149700598404
2026-03-23,A468630,KODEX iShares미국투자등급회사채액티브,안전,해외채권_회사채,global_bond,credit,Markit iBoxx USD Liquid Investment Grade Index(Total Return),225.66234148,12029,-0.003314276244924974
2026-03-24,A468630,KODEX iShares미국투자등급회사채액티브,안전,해외채권_회사채,global_bond,credit,Markit iBoxx USD Liquid Investment Grade Index(Total Return),225.66234148,11950,-0.006567461966913268
2026-03-25,A468630,KODEX iShares미국투자등급회사채액티브,안전,해외채권_회사채,global_bond,credit,Markit iBoxx USD Liquid Investment Grade Index(Total Return),225.66234148,12019,0.005774058577405761
2026-03-26,A468630,KODEX iShares미국투자등급회사채액티브,안전,해외채권_회사채,global_bond,credit,Markit iBoxx USD Liquid Investment Grade Index(Total Return),225.66234148,12044,0.0020800399367668643
2026-03-27,A468630,KODEX iShares미국투자등급회사채액티브,안전,해외채권_회사채,global_bond,credit,Markit iBoxx USD Liquid Investment Grade Index(Total Return),225.66234148,12010,-0.002822982397874485
2026-03-30,A468630,KODEX iShares미국투자등급회사채액티브,안전,해외채권_회사채,global_bond,credit,Markit iBoxx USD Liquid Investment Grade Index(Total Return),225.66234148,12075,0.005412156536219737
2026-03-31,A468630,KODEX iShares미국투자등급회사채액티브,안전,해외채권_회사채,global_bond,credit,Markit iBoxx USD Liquid Investment Grade Index(Total Return),225.66234148,12240,0.013664596273291973
2026-04-01,A468630,KODEX iShares미국투자등급회사채액티브,안전,해외채권_회사채,global_bond,credit,Markit iBoxx USD Liquid Investment Grade Index(Total Return),225.66234148,12125,-0.009395424836601274
2026-04-02,A468630,KODEX iShares미국투자등급회사채액티브,안전,해외채권_회사채,global_bond,credit,Markit iBoxx USD Liquid Investment Grade Index(Total Return),225.66234148,12190,0.005360824742268067
2026-04-03,A468630,KODEX iShares미국투자등급회사채액티브,안전,해외채권_회사채,global_bond,credit,Markit iBoxx USD Liquid Investment Grade Index(Total Return),225.66234148,12145,-0.003691550451189518
2026-04-06,A468630,KODEX iShares미국투자등급회사채액티브,안전,해외채권_회사채,global_bond,credit,Markit iBoxx USD Liquid Investment Grade Index(Total Return),225.66234148,12115,-0.002470152326060071
2026-04-07,A468630,KODEX iShares미국투자등급회사채액티브,안전,해외채권_회사채,global_bond,credit,Markit iBoxx USD Liquid Investment Grade Index(Total Return),225.66234148,12120,0.0004127115146512761
2026-04-08,A468630,KODEX iShares미국투자등급회사채액티브,안전,해외채권_회사채,global_bond,credit,Markit iBoxx USD Liquid Investment Grade Index(Total Return),225.66234148,11955,-0.013613861386138626
2026-04-09,A468630,KODEX iShares미국투자등급회사채액티브,안전,해외채권_회사채,global_bond,credit,Markit iBoxx USD Liquid Investment Grade Index(Total Return),225.66234148,12025,0.0058552906733584376
2026-04-10,A468630,KODEX iShares미국투자등급회사채액티브,안전,해외채권_회사채,global_bond,credit,Markit iBoxx USD Liquid Investment Grade Index(Total Return),225.66234148,12010,-0.001247401247401192
2026-04-13,A468630,KODEX iShares미국투자등급회사채액티브,안전,해외채권_회사채,global_bond,credit,Markit iBoxx USD Liquid Investment Grade Index(Total Return),225.66234148,12015,0.00041631973355538143
2026-04-14,A468630,KODEX iShares미국투자등급회사채액티브,안전,해외채권_회사채,global_bond,credit,Markit iBoxx USD Liquid Investment Grade Index(Total Return),225.66234148,12030,0.0012484394506866447
2026-04-15,A468630,KODEX iShares미국투자등급회사채액티브,안전,해외채권_회사채,global_bond,credit,Markit iBoxx USD Liquid Investment Grade Index(Total Return),225.66234148,12005,-0.0020781379883624274
2026-04-16,A468630,KODEX iShares미국투자등급회사채액티브,안전,해외채권_회사채,global_bond,credit,Markit iBoxx USD Liquid Investment Grade Index(Total Return),225.66234148,12005,0.0
2026-04-17,A468630,KODEX iShares미국투자등급회사채액티브,안전,해외채권_회사채,global_bond,credit,Markit iBoxx USD Liquid Investment Grade Index(Total Return),225.66234148,12000,-0.0004164931278634043
2026-04-20,A468630,KODEX iShares미국투자등급회사채액티브,안전,해외채권_회사채,global_bond,credit,Markit iBoxx USD Liquid Investment Grade Index(Total Return),225.66234148,12015,0.0012499999999999734
2026-04-21,A468630,KODEX iShares미국투자등급회사채액티브,안전,해외채권_회사채,global_bond,credit,Markit iBoxx USD Liquid Investment Grade Index(Total Return),225.66234148,11975,-0.0033291718684976823
2026-04-22,A468630,KODEX iShares미국투자등급회사채액티브,안전,해외채권_회사채,global_bond,credit,Markit iBoxx USD Liquid Investment Grade Index(Total Return),225.66234148,12010,0.0029227557411273253
2026-04-23,A468630,KODEX iShares미국투자등급회사채액티브,안전,해외채권_회사채,global_bond,credit,Markit iBoxx USD Liquid Investment Grade Index(Total Return),225.66234148,12025,0.0012489592006661443
2026-04-24,A468630,KODEX iShares미국투자등급회사채액티브,안전,해외채권_회사채,global_bond,credit,Markit iBoxx USD Liquid Investment Grade Index(Total Return),225.66234148,12035,0.0008316008316007206
2026-04-27,A468630,KODEX iShares미국투자등급회사채액티브,안전,해외채권_회사채,global_bond,credit,Markit iBoxx USD Liquid Investment Grade Index(Total Return),225.66234148,11935,-0.0083090984628168
2026-04-28,A468630,KODEX iShares미국투자등급회사채액티브,안전,해외채권_회사채,global_bond,credit,Markit iBoxx USD Liquid Investment Grade Index(Total Return),225.66234148,11915,-0.0016757436112274648
2026-04-29,A468630,KODEX iShares미국투자등급회사채액티브,안전,해외채권_회사채,global_bond,credit,Markit iBoxx USD Liquid Investment Grade Index(Total Return),225.66234148,11930,0.0012589173310952884
2026-04-30,A468630,KODEX iShares미국투자등급회사채액티브,안전,해외채권_회사채,global_bond,credit,Markit iBoxx USD Liquid Investment Grade Index(Total Return),225.66234148,11870,-0.005029337803855838
2026-05-04,A468630,KODEX iShares미국투자등급회사채액티브,안전,해외채권_회사채,global_bond,credit,Markit iBoxx USD Liquid Investment Grade Index(Total Return),225.66234148,11775,-0.00800336983993255
2026-05-06,A468630,KODEX iShares미국투자등급회사채액티브,안전,해외채권_회사채,global_bond,credit,Markit iBoxx USD Liquid Investment Grade Index(Total Return),225.66234148,11740,-0.002972399150743099
2026-05-07,A468630,KODEX iShares미국투자등급회사채액티브,안전,해외채권_회사채,global_bond,credit,Markit iBoxx USD Liquid Investment Grade Index(Total Return),225.66234148,11750,0.0008517887563883608
2026-05-08,A468630,KODEX iShares미국투자등급회사채액티브,안전,해외채권_회사채,global_bond,credit,Markit iBoxx USD Liquid Investment Grade Index(Total Return),225.66234148,11850,0.008510638297872353
2026-05-11,A468630,KODEX iShares미국투자등급회사채액티브,안전,해외채권_회사채,global_bond,credit,Markit iBoxx USD Liquid Investment Grade Index(Total Return),225.66234148,11880,0.0025316455696202667
2026-05-12,A468630,KODEX iShares미국투자등급회사채액티브,안전,해외채권_회사채,global_bond,credit,Markit iBoxx USD Liquid Investment Grade Index(Total Return),225.66234148,11980,0.008417508417508435
2026-05-13,A468630,KODEX iShares미국투자등급회사채액티브,안전,해외채권_회사채,global_bond,credit,Markit iBoxx USD Liquid Investment Grade Index(Total Return),225.66234148,11990,0.0008347245409014992
2026-05-14,A468630,KODEX iShares미국투자등급회사채액티브,안전,해외채권_회사채,global_bond,credit,Markit iBoxx USD Liquid Investment Grade Index(Total Return),225.66234148,11990,0.0
2026-05-15,A468630,KODEX iShares미국투자등급회사채액티브,안전,해외채권_회사채,global_bond,credit,Markit iBoxx USD Liquid Investment Grade Index(Total Return),225.66234148,12015,0.002085070892410279
2026-05-18,A468630,KODEX iShares미국투자등급회사채액티브,안전,해외채권_회사채,global_bond,credit,Markit iBoxx USD Liquid Investment Grade Index(Total Return),225.66234148,11955,-0.004993757802746579
2026-05-19,A468630,KODEX iShares미국투자등급회사채액티브,안전,해외채권_회사채,global_bond,credit,Markit iBoxx USD Liquid Investment Grade Index(Total Return),225.66234148,12005,0.004182350480970376
2026-05-20,A468630,KODEX iShares미국투자등급회사채액티브,안전,해외채권_회사채,global_bond,credit,Markit iBoxx USD Liquid Investment Grade Index(Total Return),225.66234148,11960,-0.0037484381507705278
2026-05-21,A468630,KODEX iShares미국투자등급회사채액티브,안전,해외채권_회사채,global_bond,credit,Markit iBoxx USD Liquid Investment Grade Index(Total Return),225.66234148,12015,0.00459866220735794
2026-05-22,A468630,KODEX iShares미국투자등급회사채액티브,안전,해외채권_회사채,global_bond,credit,Markit iBoxx USD Liquid Investment Grade Index(Total Return),225.66234148,12125,0.009155222638368654
2026-01-02,A472870,RISE 미국30년국채엔화노출(합성 H),안전,해외채권_종합,global_bond,government,KIS 미국채30년 엔화노출 지수(USD/JPY 헤지)(총수익지수),4008.55019314,7855,-0.011825386841112118
2026-01-05,A472870,RISE 미국30년국채엔화노출(합성 H),안전,해외채권_종합,global_bond,government,KIS 미국채30년 엔화노출 지수(USD/JPY 헤지)(총수익지수),4008.55019314,7850,-0.0006365372374284028
2026-01-06,A472870,RISE 미국30년국채엔화노출(합성 H),안전,해외채권_종합,global_bond,government,KIS 미국채30년 엔화노출 지수(USD/JPY 헤지)(총수익지수),4008.55019314,7885,0.00445859872611476
2026-01-07,A472870,RISE 미국30년국채엔화노출(합성 H),안전,해외채권_종합,global_bond,government,KIS 미국채30년 엔화노출 지수(USD/JPY 헤지)(총수익지수),4008.55019314,7925,0.005072923272035457
2026-01-08,A472870,RISE 미국30년국채엔화노출(합성 H),안전,해외채권_종합,global_bond,government,KIS 미국채30년 엔화노출 지수(USD/JPY 헤지)(총수익지수),4008.55019314,7969,0.0055520504731860765
2026-01-09,A472870,RISE 미국30년국채엔화노출(합성 H),안전,해외채권_종합,global_bond,government,KIS 미국채30년 엔화노출 지수(USD/JPY 헤지)(총수익지수),4008.55019314,7939,-0.0037645877776383285
2026-01-12,A472870,RISE 미국30년국채엔화노출(합성 H),안전,해외채권_종합,global_bond,government,KIS 미국채30년 엔화노출 지수(USD/JPY 헤지)(총수익지수),4008.55019314,7959,0.002519208968383868
2026-01-13,A472870,RISE 미국30년국채엔화노출(합성 H),안전,해외채권_종합,global_bond,government,KIS 미국채30년 엔화노출 지수(USD/JPY 헤지)(총수익지수),4008.55019314,7964,0.0006282196255811279
2026-01-14,A472870,RISE 미국30년국채엔화노출(합성 H),안전,해외채권_종합,global_bond,government,KIS 미국채30년 엔화노출 지수(USD/JPY 헤지)(총수익지수),4008.55019314,7974,0.0012556504269212176
2026-01-15,A472870,RISE 미국30년국채엔화노출(합성 H),안전,해외채권_종합,global_bond,government,KIS 미국채30년 엔화노출 지수(USD/JPY 헤지)(총수익지수),4008.55019314,8018,0.005517933283170295
2026-01-16,A472870,RISE 미국30년국채엔화노출(합성 H),안전,해외채권_종합,global_bond,government,KIS 미국채30년 엔화노출 지수(USD/JPY 헤지)(총수익지수),4008.55019314,8038,0.00249438762783738
2026-01-19,A472870,RISE 미국30년국채엔화노출(합성 H),안전,해외채권_종합,global_bond,government,KIS 미국채30년 엔화노출 지수(USD/JPY 헤지)(총수익지수),4008.55019314,7979,-0.007340134361781492
2026-01-20,A472870,RISE 미국30년국채엔화노출(합성 H),안전,해외채권_종합,global_bond,government,KIS 미국채30년 엔화노출 지수(USD/JPY 헤지)(총수익지수),4008.55019314,7939,-0.005013159543802437
2026-01-21,A472870,RISE 미국30년국채엔화노출(합성 H),안전,해외채권_종합,global_bond,government,KIS 미국채30년 엔화노출 지수(USD/JPY 헤지)(총수익지수),4008.55019314,7905,-0.004282655246252709
2026-01-22,A472870,RISE 미국30년국채엔화노출(합성 H),안전,해외채권_종합,global_bond,government,KIS 미국채30년 엔화노출 지수(USD/JPY 헤지)(총수익지수),4008.55019314,7900,-0.0006325110689436864
2026-01-23,A472870,RISE 미국30년국채엔화노출(합성 H),안전,해외채권_종합,global_bond,government,KIS 미국채30년 엔화노출 지수(USD/JPY 헤지)(총수익지수),4008.55019314,7925,0.0031645569620253333
2026-01-26,A472870,RISE 미국30년국채엔화노출(합성 H),안전,해외채권_종합,global_bond,government,KIS 미국채30년 엔화노출 지수(USD/JPY 헤지)(총수익지수),4008.55019314,8033,0.013627760252366006
2026-01-27,A472870,RISE 미국30년국채엔화노출(합성 H),안전,해외채권_종합,global_bond,government,KIS 미국채30년 엔화노출 지수(USD/JPY 헤지)(총수익지수),4008.55019314,8038,0.000622432466077516
2026-01-28,A472870,RISE 미국30년국채엔화노출(합성 H),안전,해외채권_종합,global_bond,government,KIS 미국채30년 엔화노출 지수(USD/JPY 헤지)(총수익지수),4008.55019314,7994,-0.005473998507091293
2026-01-29,A472870,RISE 미국30년국채엔화노출(합성 H),안전,해외채권_종합,global_bond,government,KIS 미국채30년 엔화노출 지수(USD/JPY 헤지)(총수익지수),4008.55019314,7934,-0.007505629221916443
2026-01-30,A472870,RISE 미국30년국채엔화노출(합성 H),안전,해외채권_종합,global_bond,government,KIS 미국채30년 엔화노출 지수(USD/JPY 헤지)(총수익지수),4008.55019314,7944,0.001260398285858333
2026-02-02,A472870,RISE 미국30년국채엔화노출(합성 H),안전,해외채권_종합,global_bond,government,KIS 미국채30년 엔화노출 지수(USD/JPY 헤지)(총수익지수),4008.55019314,8069,0.01573514602215509
2026-02-03,A472870,RISE 미국30년국채엔화노출(합성 H),안전,해외채권_종합,global_bond,government,KIS 미국채30년 엔화노출 지수(USD/JPY 헤지)(총수익지수),4008.55019314,7890,-0.022183665881769787
2026-02-04,A472870,RISE 미국30년국채엔화노출(합성 H),안전,해외채권_종합,global_bond,government,KIS 미국채30년 엔화노출 지수(USD/JPY 헤지)(총수익지수),4008.55019314,7885,-0.0006337135614702394
2026-02-05,A472870,RISE 미국30년국채엔화노출(합성 H),안전,해외채권_종합,global_bond,government,KIS 미국채30년 엔화노출 지수(USD/JPY 헤지)(총수익지수),4008.55019314,7934,0.006214331008243423
2026-02-06,A472870,RISE 미국30년국채엔화노출(합성 H),안전,해외채권_종합,global_bond,government,KIS 미국채30년 엔화노출 지수(USD/JPY 헤지)(총수익지수),4008.55019314,8019,0.01071338542979583
2026-02-09,A472870,RISE 미국30년국채엔화노출(합성 H),안전,해외채권_종합,global_bond,government,KIS 미국채30년 엔화노출 지수(USD/JPY 헤지)(총수익지수),4008.55019314,7959,-0.007482229704451893
2026-02-10,A472870,RISE 미국30년국채엔화노출(합성 H),안전,해외채권_종합,global_bond,government,KIS 미국채30년 엔화노출 지수(USD/JPY 헤지)(총수익지수),4008.55019314,8044,0.01067973363487873
2026-02-11,A472870,RISE 미국30년국채엔화노출(합성 H),안전,해외채권_종합,global_bond,government,KIS 미국채30년 엔화노출 지수(USD/JPY 헤지)(총수익지수),4008.55019314,8183,0.01727996021879652
2026-02-12,A472870,RISE 미국30년국채엔화노출(합성 H),안전,해외채권_종합,global_bond,government,KIS 미국채30년 엔화노출 지수(USD/JPY 헤지)(총수익지수),4008.55019314,8088,-0.011609434192838775
2026-02-13,A472870,RISE 미국30년국채엔화노출(합성 H),안전,해외채권_종합,global_bond,government,KIS 미국채30년 엔화노출 지수(USD/JPY 헤지)(총수익지수),4008.55019314,8178,0.011127596439169052
2026-02-19,A472870,RISE 미국30년국채엔화노출(합성 H),안전,해외채권_종합,global_bond,government,KIS 미국채30년 엔화노출 지수(USD/JPY 헤지)(총수익지수),4008.55019314,8128,-0.006113964294448548
2026-02-20,A472870,RISE 미국30년국채엔화노출(합성 H),안전,해외채권_종합,global_bond,government,KIS 미국채30년 엔화노출 지수(USD/JPY 헤지)(총수익지수),4008.55019314,8163,0.0043061023622046335
2026-02-23,A472870,RISE 미국30년국채엔화노출(합성 H),안전,해외채권_종합,global_bond,government,KIS 미국채30년 엔화노출 지수(USD/JPY 헤지)(총수익지수),4008.55019314,8168,0.0006125199068969245
2026-02-24,A472870,RISE 미국30년국채엔화노출(합성 H),안전,해외채권_종합,global_bond,government,KIS 미국채30년 엔화노출 지수(USD/JPY 헤지)(총수익지수),4008.55019314,8148,-0.0024485798237022793
2026-02-25,A472870,RISE 미국30년국채엔화노출(합성 H),안전,해외채권_종합,global_bond,government,KIS 미국채30년 엔화노출 지수(USD/JPY 헤지)(총수익지수),4008.55019314,8074,-0.0090819833087874
2026-02-26,A472870,RISE 미국30년국채엔화노출(합성 H),안전,해외채권_종합,global_bond,government,KIS 미국채30년 엔화노출 지수(USD/JPY 헤지)(총수익지수),4008.55019314,8034,-0.004954173891503544
2026-02-27,A472870,RISE 미국30년국채엔화노출(합성 H),안전,해외채권_종합,global_bond,government,KIS 미국채30년 엔화노출 지수(USD/JPY 헤지)(총수익지수),4008.55019314,8144,0.013691809808314748
2026-03-03,A472870,RISE 미국30년국채엔화노출(합성 H),안전,해외채권_종합,global_bond,government,KIS 미국채30년 엔화노출 지수(USD/JPY 헤지)(총수익지수),4008.55019314,8139,-0.0006139489194498804
2026-03-04,A472870,RISE 미국30년국채엔화노출(합성 H),안전,해외채권_종합,global_bond,government,KIS 미국채30년 엔화노출 지수(USD/JPY 헤지)(총수익지수),4008.55019314,8164,0.0030716304214277734
2026-03-05,A472870,RISE 미국30년국채엔화노출(합성 H),안전,해외채권_종합,global_bond,government,KIS 미국채30년 엔화노출 지수(USD/JPY 헤지)(총수익지수),4008.55019314,8099,-0.0079617834394905
2026-03-06,A472870,RISE 미국30년국채엔화노출(합성 H),안전,해외채권_종합,global_bond,government,KIS 미국채30년 엔화노출 지수(USD/JPY 헤지)(총수익지수),4008.55019314,8109,0.0012347203358440417
2026-03-09,A472870,RISE 미국30년국채엔화노출(합성 H),안전,해외채권_종합,global_bond,government,KIS 미국채30년 엔화노출 지수(USD/JPY 헤지)(총수익지수),4008.55019314,7999,-0.013565174497471966
2026-03-10,A472870,RISE 미국30년국채엔화노출(합성 H),안전,해외채권_종합,global_bond,government,KIS 미국채30년 엔화노출 지수(USD/JPY 헤지)(총수익지수),4008.55019314,8109,0.013751718964870596
2026-03-11,A472870,RISE 미국30년국채엔화노출(합성 H),안전,해외채권_종합,global_bond,government,KIS 미국채30년 엔화노출 지수(USD/JPY 헤지)(총수익지수),4008.55019314,8029,-0.009865581452706884
2026-03-12,A472870,RISE 미국30년국채엔화노출(합성 H),안전,해외채권_종합,global_bond,government,KIS 미국채30년 엔화노출 지수(USD/JPY 헤지)(총수익지수),4008.55019314,7925,-0.012953045211109737
2026-03-13,A472870,RISE 미국30년국채엔화노출(합성 H),안전,해외채권_종합,global_bond,government,KIS 미국채30년 엔화노출 지수(USD/JPY 헤지)(총수익지수),4008.55019314,7949,0.0030283911671924457
2026-03-16,A472870,RISE 미국30년국채엔화노출(합성 H),안전,해외채권_종합,global_bond,government,KIS 미국채30년 엔화노출 지수(USD/JPY 헤지)(총수익지수),4008.55019314,7974,0.0031450496917850845
2026-03-17,A472870,RISE 미국30년국채엔화노출(합성 H),안전,해외채권_종합,global_bond,government,KIS 미국채30년 엔화노출 지수(USD/JPY 헤지)(총수익지수),4008.55019314,7954,-0.0025081514923501746
2026-03-18,A472870,RISE 미국30년국채엔화노출(합성 H),안전,해외채권_종합,global_bond,government,KIS 미국채30년 엔화노출 지수(USD/JPY 헤지)(총수익지수),4008.55019314,7999,0.005657530802112065
2026-03-19,A472870,RISE 미국30년국채엔화노출(합성 H),안전,해외채권_종합,global_bond,government,KIS 미국채30년 엔화노출 지수(USD/JPY 헤지)(총수익지수),4008.55019314,7969,-0.0037504688086010818
2026-03-20,A472870,RISE 미국30년국채엔화노출(합성 H),안전,해외채권_종합,global_bond,government,KIS 미국채30년 엔화노출 지수(USD/JPY 헤지)(총수익지수),4008.55019314,8049,0.01003890074036895
2026-03-23,A472870,RISE 미국30년국채엔화노출(합성 H),안전,해외채권_종합,global_bond,government,KIS 미국채30년 엔화노출 지수(USD/JPY 헤지)(총수익지수),4008.55019314,7939,-0.013666293949558983
2026-03-24,A472870,RISE 미국30년국채엔화노출(합성 H),안전,해외채권_종합,global_bond,government,KIS 미국채30년 엔화노출 지수(USD/JPY 헤지)(총수익지수),4008.55019314,7925,-0.0017634462778687299
2026-03-25,A472870,RISE 미국30년국채엔화노출(합성 H),안전,해외채권_종합,global_bond,government,KIS 미국채30년 엔화노출 지수(USD/JPY 헤지)(총수익지수),4008.55019314,7944,0.0023974763406939825
2026-03-26,A472870,RISE 미국30년국채엔화노출(합성 H),안전,해외채권_종합,global_bond,government,KIS 미국채30년 엔화노출 지수(USD/JPY 헤지)(총수익지수),4008.55019314,7949,0.0006294058408862213
2026-03-27,A472870,RISE 미국30년국채엔화노출(합성 H),안전,해외채권_종합,global_bond,government,KIS 미국채30년 엔화노출 지수(USD/JPY 헤지)(총수익지수),4008.55019314,7925,-0.00301924770411377
2026-03-30,A472870,RISE 미국30년국채엔화노출(합성 H),안전,해외채권_종합,global_bond,government,KIS 미국채30년 엔화노출 지수(USD/JPY 헤지)(총수익지수),4008.55019314,7965,0.0050473186119874835
2026-03-31,A472870,RISE 미국30년국채엔화노출(합성 H),안전,해외채권_종합,global_bond,government,KIS 미국채30년 엔화노출 지수(USD/JPY 헤지)(총수익지수),4008.55019314,8110,0.01820464532328936
2026-04-01,A472870,RISE 미국30년국채엔화노출(합성 H),안전,해외채권_종합,global_bond,government,KIS 미국채30년 엔화노출 지수(USD/JPY 헤지)(총수익지수),4008.55019314,8060,-0.006165228113440224
2026-04-02,A472870,RISE 미국30년국채엔화노출(합성 H),안전,해외채권_종합,global_bond,government,KIS 미국채30년 엔화노출 지수(USD/JPY 헤지)(총수익지수),4008.55019314,7985,-0.009305210918114093
2026-04-03,A472870,RISE 미국30년국채엔화노출(합성 H),안전,해외채권_종합,global_bond,government,KIS 미국채30년 엔화노출 지수(USD/JPY 헤지)(총수익지수),4008.55019314,8005,0.00250469630557304
2026-04-06,A472870,RISE 미국30년국채엔화노출(합성 H),안전,해외채권_종합,global_bond,government,KIS 미국채30년 엔화노출 지수(USD/JPY 헤지)(총수익지수),4008.55019314,7960,-0.0056214865708932304
2026-04-07,A472870,RISE 미국30년국채엔화노출(합성 H),안전,해외채권_종합,global_bond,government,KIS 미국채30년 엔화노출 지수(USD/JPY 헤지)(총수익지수),4008.55019314,7960,0.0
2026-04-08,A472870,RISE 미국30년국채엔화노출(합성 H),안전,해외채권_종합,global_bond,government,KIS 미국채30년 엔화노출 지수(USD/JPY 헤지)(총수익지수),4008.55019314,7960,0.0
2026-04-09,A472870,RISE 미국30년국채엔화노출(합성 H),안전,해외채권_종합,global_bond,government,KIS 미국채30년 엔화노출 지수(USD/JPY 헤지)(총수익지수),4008.55019314,7920,-0.005025125628140725
2026-04-10,A472870,RISE 미국30년국채엔화노출(합성 H),안전,해외채권_종합,global_bond,government,KIS 미국채30년 엔화노출 지수(USD/JPY 헤지)(총수익지수),4008.55019314,7895,-0.0031565656565656353
2026-04-13,A472870,RISE 미국30년국채엔화노출(합성 H),안전,해외채권_종합,global_bond,government,KIS 미국채30년 엔화노출 지수(USD/JPY 헤지)(총수익지수),4008.55019314,7860,-0.004433185560481334
2026-04-14,A472870,RISE 미국30년국채엔화노출(합성 H),안전,해외채권_종합,global_bond,government,KIS 미국채30년 엔화노출 지수(USD/JPY 헤지)(총수익지수),4008.55019314,7895,0.004452926208651453
2026-04-15,A472870,RISE 미국30년국채엔화노출(합성 H),안전,해외채권_종합,global_bond,government,KIS 미국채30년 엔화노출 지수(USD/JPY 헤지)(총수익지수),4008.55019314,7915,0.002533248891703588
2026-04-16,A472870,RISE 미국30년국채엔화노출(합성 H),안전,해외채권_종합,global_bond,government,KIS 미국채30년 엔화노출 지수(USD/JPY 헤지)(총수익지수),4008.55019314,7875,-0.005053695514845247
2026-04-17,A472870,RISE 미국30년국채엔화노출(합성 H),안전,해외채권_종합,global_bond,government,KIS 미국채30년 엔화노출 지수(USD/JPY 헤지)(총수익지수),4008.55019314,7840,-0.004444444444444473
2026-04-20,A472870,RISE 미국30년국채엔화노출(합성 H),안전,해외채권_종합,global_bond,government,KIS 미국채30년 엔화노출 지수(USD/JPY 헤지)(총수익지수),4008.55019314,7870,0.003826530612244916
2026-04-21,A472870,RISE 미국30년국채엔화노출(합성 H),안전,해외채권_종합,global_bond,government,KIS 미국채30년 엔화노출 지수(USD/JPY 헤지)(총수익지수),4008.55019314,7865,-0.0006353240152477957
2026-04-22,A472870,RISE 미국30년국채엔화노출(합성 H),안전,해외채권_종합,global_bond,government,KIS 미국채30년 엔화노출 지수(USD/JPY 헤지)(총수익지수),4008.55019314,7855,-0.0012714558169103496
2026-04-23,A472870,RISE 미국30년국채엔화노출(합성 H),안전,해외채권_종합,global_bond,government,KIS 미국채30년 엔화노출 지수(USD/JPY 헤지)(총수익지수),4008.55019314,7830,-0.003182686187141903
2026-04-24,A472870,RISE 미국30년국채엔화노출(합성 H),안전,해외채권_종합,global_bond,government,KIS 미국채30년 엔화노출 지수(USD/JPY 헤지)(총수익지수),4008.55019314,7850,0.0025542784163474774
2026-04-27,A472870,RISE 미국30년국채엔화노출(합성 H),안전,해외채권_종합,global_bond,government,KIS 미국채30년 엔화노출 지수(USD/JPY 헤지)(총수익지수),4008.55019314,7800,-0.006369426751592355
2026-04-28,A472870,RISE 미국30년국채엔화노출(합성 H),안전,해외채권_종합,global_bond,government,KIS 미국채30년 엔화노출 지수(USD/JPY 헤지)(총수익지수),4008.55019314,7780,-0.002564102564102555
2026-04-29,A472870,RISE 미국30년국채엔화노출(합성 H),안전,해외채권_종합,global_bond,government,KIS 미국채30년 엔화노출 지수(USD/JPY 헤지)(총수익지수),4008.55019314,7785,0.0006426735218509894
2026-04-30,A472870,RISE 미국30년국채엔화노출(합성 H),안전,해외채권_종합,global_bond,government,KIS 미국채30년 엔화노출 지수(USD/JPY 헤지)(총수익지수),4008.55019314,7685,-0.012845215157353929
2026-05-04,A472870,RISE 미국30년국채엔화노출(합성 H),안전,해외채권_종합,global_bond,government,KIS 미국채30년 엔화노출 지수(USD/JPY 헤지)(총수익지수),4008.55019314,7790,0.013662979830839195
2026-05-06,A472870,RISE 미국30년국채엔화노출(합성 H),안전,해외채권_종합,global_bond,government,KIS 미국채30년 엔화노출 지수(USD/JPY 헤지)(총수익지수),4008.55019314,7775,-0.0019255455712451353
2026-05-07,A472870,RISE 미국30년국채엔화노출(합성 H),안전,해외채권_종합,global_bond,government,KIS 미국채30년 엔화노출 지수(USD/JPY 헤지)(총수익지수),4008.55019314,7815,0.005144694533762095
2026-05-08,A472870,RISE 미국30년국채엔화노출(합성 H),안전,해외채권_종합,global_bond,government,KIS 미국채30년 엔화노출 지수(USD/JPY 헤지)(총수익지수),4008.55019314,7825,0.001279590531030106
2026-05-11,A472870,RISE 미국30년국채엔화노출(합성 H),안전,해외채권_종합,global_bond,government,KIS 미국채30년 엔화노출 지수(USD/JPY 헤지)(총수익지수),4008.55019314,7845,0.002555910543130979
2026-05-12,A472870,RISE 미국30년국채엔화노출(합성 H),안전,해외채권_종합,global_bond,government,KIS 미국채30년 엔화노출 지수(USD/JPY 헤지)(총수익지수),4008.55019314,7855,0.001274697259400881
2026-05-13,A472870,RISE 미국30년국채엔화노출(합성 H),안전,해외채권_종합,global_bond,government,KIS 미국채30년 엔화노출 지수(USD/JPY 헤지)(총수익지수),4008.55019314,7835,-0.0025461489497136114
2026-05-14,A472870,RISE 미국30년국채엔화노출(합성 H),안전,해외채권_종합,global_bond,government,KIS 미국채30년 엔화노출 지수(USD/JPY 헤지)(총수익지수),4008.55019314,7800,-0.00446713465220161
2026-05-15,A472870,RISE 미국30년국채엔화노출(합성 H),안전,해외채권_종합,global_bond,government,KIS 미국채30년 엔화노출 지수(USD/JPY 헤지)(총수익지수),4008.55019314,7770,-0.0038461538461538325
2026-05-18,A472870,RISE 미국30년국채엔화노출(합성 H),안전,해외채권_종합,global_bond,government,KIS 미국채30년 엔화노출 지수(USD/JPY 헤지)(총수익지수),4008.55019314,7680,-0.01158301158301156
2026-05-19,A472870,RISE 미국30년국채엔화노출(합성 H),안전,해외채권_종합,global_bond,government,KIS 미국채30년 엔화노출 지수(USD/JPY 헤지)(총수익지수),4008.55019314,7710,0.00390625
2026-05-20,A472870,RISE 미국30년국채엔화노출(합성 H),안전,해외채권_종합,global_bond,government,KIS 미국채30년 엔화노출 지수(USD/JPY 헤지)(총수익지수),4008.55019314,7680,-0.0038910505836575737
2026-05-21,A472870,RISE 미국30년국채엔화노출(합성 H),안전,해외채권_종합,global_bond,government,KIS 미국채30년 엔화노출 지수(USD/JPY 헤지)(총수익지수),4008.55019314,7710,0.00390625
2026-05-22,A472870,RISE 미국30년국채엔화노출(합성 H),안전,해외채권_종합,global_bond,government,KIS 미국채30년 엔화노출 지수(USD/JPY 헤지)(총수익지수),4008.55019314,7800,0.011673151750972721
2026-01-02,A476750,ACE 미국30년국채엔화노출액티브(H),안전,해외채권_종합,global_bond,government,Bloomberg U.S. Treasury 20+ Year Total Return Index T1530 JPY Currency Hedged,1051.71528584,8445,-0.013895375992526882
2026-01-05,A476750,ACE 미국30년국채엔화노출액티브(H),안전,해외채권_종합,global_bond,government,Bloomberg U.S. Treasury 20+ Year Total Return Index T1530 JPY Currency Hedged,1051.71528584,8430,-0.001776198934280604
2026-01-06,A476750,ACE 미국30년국채엔화노출액티브(H),안전,해외채권_종합,global_bond,government,Bloomberg U.S. Treasury 20+ Year Total Return Index T1530 JPY Currency Hedged,1051.71528584,8495,0.007710557532621509
2026-01-07,A476750,ACE 미국30년국채엔화노출액티브(H),안전,해외채권_종합,global_bond,government,Bloomberg U.S. Treasury 20+ Year Total Return Index T1530 JPY Currency Hedged,1051.71528584,8500,0.0005885815185402432
2026-01-08,A476750,ACE 미국30년국채엔화노출액티브(H),안전,해외채권_종합,global_bond,government,Bloomberg U.S. Treasury 20+ Year Total Return Index T1530 JPY Currency Hedged,1051.71528584,8550,0.00588235294117645
2026-01-09,A476750,ACE 미국30년국채엔화노출액티브(H),안전,해외채권_종합,global_bond,government,Bloomberg U.S. Treasury 20+ Year Total Return Index T1530 JPY Currency Hedged,1051.71528584,8505,-0.0052631578947368585
2026-01-12,A476750,ACE 미국30년국채엔화노출액티브(H),안전,해외채권_종합,global_bond,government,Bloomberg U.S. Treasury 20+ Year Total Return Index T1530 JPY Currency Hedged,1051.71528584,8535,0.003527336860670305
2026-01-13,A476750,ACE 미국30년국채엔화노출액티브(H),안전,해외채권_종합,global_bond,government,Bloomberg U.S. Treasury 20+ Year Total Return Index T1530 JPY Currency Hedged,1051.71528584,8520,-0.0017574692442882123
2026-01-14,A476750,ACE 미국30년국채엔화노출액티브(H),안전,해외채권_종합,global_bond,government,Bloomberg U.S. Treasury 20+ Year Total Return Index T1530 JPY Currency Hedged,1051.71528584,8545,0.002934272300469498
2026-01-15,A476750,ACE 미국30년국채엔화노출액티브(H),안전,해외채권_종합,global_bond,government,Bloomberg U.S. Treasury 20+ Year Total Return Index T1530 JPY Currency Hedged,1051.71528584,8593,0.005617320070216536
2026-01-16,A476750,ACE 미국30년국채엔화노출액티브(H),안전,해외채권_종합,global_bond,government,Bloomberg U.S. Treasury 20+ Year Total Return Index T1530 JPY Currency Hedged,1051.71528584,8623,0.003491213778657132
2026-01-19,A476750,ACE 미국30년국채엔화노출액티브(H),안전,해외채권_종합,global_bond,government,Bloomberg U.S. Treasury 20+ Year Total Return Index T1530 JPY Currency Hedged,1051.71528584,8569,-0.006262321697784956
2026-01-20,A476750,ACE 미국30년국채엔화노출액티브(H),안전,해외채권_종합,global_bond,government,Bloomberg U.S. Treasury 20+ Year Total Return Index T1530 JPY Currency Hedged,1051.71528584,8520,-0.00571828684794029
2026-01-21,A476750,ACE 미국30년국채엔화노출액티브(H),안전,해외채권_종합,global_bond,government,Bloomberg U.S. Treasury 20+ Year Total Return Index T1530 JPY Currency Hedged,1051.71528584,8495,-0.002934272300469498
2026-01-22,A476750,ACE 미국30년국채엔화노출액티브(H),안전,해외채권_종합,global_bond,government,Bloomberg U.S. Treasury 20+ Year Total Return Index T1530 JPY Currency Hedged,1051.71528584,8485,-0.0011771630370805974
2026-01-23,A476750,ACE 미국30년국채엔화노출액티브(H),안전,해외채권_종합,global_bond,government,Bloomberg U.S. Treasury 20+ Year Total Return Index T1530 JPY Currency Hedged,1051.71528584,8535,0.005892751915144379
2026-01-26,A476750,ACE 미국30년국채엔화노출액티브(H),안전,해외채권_종합,global_bond,government,Bloomberg U.S. Treasury 20+ Year Total Return Index T1530 JPY Currency Hedged,1051.71528584,8647,0.01312243702401883
2026-01-27,A476750,ACE 미국30년국채엔화노출액티브(H),안전,해외채권_종합,global_bond,government,Bloomberg U.S. Treasury 20+ Year Total Return Index T1530 JPY Currency Hedged,1051.71528584,8633,-0.0016190586330518952
2026-01-28,A476750,ACE 미국30년국채엔화노출액티브(H),안전,해외채권_종합,global_bond,government,Bloomberg U.S. Treasury 20+ Year Total Return Index T1530 JPY Currency Hedged,1051.71528584,8584,-0.005675894822193883
2026-01-29,A476750,ACE 미국30년국채엔화노출액티브(H),안전,해외채권_종합,global_bond,government,Bloomberg U.S. Treasury 20+ Year Total Return Index T1530 JPY Currency Hedged,1051.71528584,8515,-0.008038210624417563
2026-01-30,A476750,ACE 미국30년국채엔화노출액티브(H),안전,해외채권_종합,global_bond,government,Bloomberg U.S. Treasury 20+ Year Total Return Index T1530 JPY Currency Hedged,1051.71528584,8535,0.0023487962419259656
2026-02-02,A476750,ACE 미국30년국채엔화노출액티브(H),안전,해외채권_종합,global_bond,government,Bloomberg U.S. Treasury 20+ Year Total Return Index T1530 JPY Currency Hedged,1051.71528584,8668,0.015582893966022304
2026-02-03,A476750,ACE 미국30년국채엔화노출액티브(H),안전,해외채권_종합,global_bond,government,Bloomberg U.S. Treasury 20+ Year Total Return Index T1530 JPY Currency Hedged,1051.71528584,8425,-0.028034148592524177
2026-02-04,A476750,ACE 미국30년국채엔화노출액티브(H),안전,해외채권_종합,global_bond,government,Bloomberg U.S. Treasury 20+ Year Total Return Index T1530 JPY Currency Hedged,1051.71528584,8460,0.004154302670623222
2026-02-05,A476750,ACE 미국30년국채엔화노출액티브(H),안전,해외채권_종합,global_bond,government,Bloomberg U.S. Treasury 20+ Year Total Return Index T1530 JPY Currency Hedged,1051.71528584,8490,0.0035460992907800915
2026-02-06,A476750,ACE 미국30년국채엔화노출액티브(H),안전,해외채권_종합,global_bond,government,Bloomberg U.S. Treasury 20+ Year Total Return Index T1530 JPY Currency Hedged,1051.71528584,8599,0.012838633686690137
2026-02-09,A476750,ACE 미국30년국채엔화노출액티브(H),안전,해외채권_종합,global_bond,government,Bloomberg U.S. Treasury 20+ Year Total Return Index T1530 JPY Currency Hedged,1051.71528584,8535,-0.0074427258983602584
2026-02-10,A476750,ACE 미국30년국채엔화노출액티브(H),안전,해외채권_종합,global_bond,government,Bloomberg U.S. Treasury 20+ Year Total Return Index T1530 JPY Currency Hedged,1051.71528584,8624,0.010427650849443415
2026-02-11,A476750,ACE 미국30년국채엔화노출액티브(H),안전,해외채권_종합,global_bond,government,Bloomberg U.S. Treasury 20+ Year Total Return Index T1530 JPY Currency Hedged,1051.71528584,8793,0.019596474953617715
2026-02-12,A476750,ACE 미국30년국채엔화노출액티브(H),안전,해외채권_종합,global_bond,government,Bloomberg U.S. Treasury 20+ Year Total Return Index T1530 JPY Currency Hedged,1051.71528584,8668,-0.014215853519845334
2026-02-13,A476750,ACE 미국30년국채엔화노출액티브(H),안전,해외채권_종합,global_bond,government,Bloomberg U.S. Treasury 20+ Year Total Return Index T1530 JPY Currency Hedged,1051.71528584,8823,0.017881864328564756
2026-02-19,A476750,ACE 미국30년국채엔화노출액티브(H),안전,해외채권_종합,global_bond,government,Bloomberg U.S. Treasury 20+ Year Total Return Index T1530 JPY Currency Hedged,1051.71528584,8733,-0.010200612036722179
2026-02-20,A476750,ACE 미국30년국채엔화노출액티브(H),안전,해외채권_종합,global_bond,government,Bloomberg U.S. Treasury 20+ Year Total Return Index T1530 JPY Currency Hedged,1051.71528584,8783,0.005725409366769796
2026-02-23,A476750,ACE 미국30년국채엔화노출액티브(H),안전,해외채권_종합,global_bond,government,Bloomberg U.S. Treasury 20+ Year Total Return Index T1530 JPY Currency Hedged,1051.71528584,8768,-0.0017078446999886365
2026-02-24,A476750,ACE 미국30년국채엔화노출액티브(H),안전,해외채권_종합,global_bond,government,Bloomberg U.S. Treasury 20+ Year Total Return Index T1530 JPY Currency Hedged,1051.71528584,8708,-0.006843065693430628
2026-02-25,A476750,ACE 미국30년국채엔화노출액티브(H),안전,해외채권_종합,global_bond,government,Bloomberg U.S. Treasury 20+ Year Total Return Index T1530 JPY Currency Hedged,1051.71528584,8639,-0.007923748277446019
2026-02-26,A476750,ACE 미국30년국채엔화노출액티브(H),안전,해외채권_종합,global_bond,government,Bloomberg U.S. Treasury 20+ Year Total Return Index T1530 JPY Currency Hedged,1051.71528584,8594,-0.0052089362194698285
2026-02-27,A476750,ACE 미국30년국채엔화노출액티브(H),안전,해외채권_종합,global_bond,government,Bloomberg U.S. Treasury 20+ Year Total Return Index T1530 JPY Currency Hedged,1051.71528584,8719,0.014545031417267928
2026-03-03,A476750,ACE 미국30년국채엔화노출액티브(H),안전,해외채권_종합,global_bond,government,Bloomberg U.S. Treasury 20+ Year Total Return Index T1530 JPY Currency Hedged,1051.71528584,8714,-0.0005734602592040172
2026-03-04,A476750,ACE 미국30년국채엔화노출액티브(H),안전,해외채권_종합,global_bond,government,Bloomberg U.S. Treasury 20+ Year Total Return Index T1530 JPY Currency Hedged,1051.71528584,8739,0.0028689465228368682
2026-03-05,A476750,ACE 미국30년국채엔화노출액티브(H),안전,해외채권_종합,global_bond,government,Bloomberg U.S. Treasury 20+ Year Total Return Index T1530 JPY Currency Hedged,1051.71528584,8689,-0.00572147843002635
2026-03-06,A476750,ACE 미국30년국채엔화노출액티브(H),안전,해외채권_종합,global_bond,government,Bloomberg U.S. Treasury 20+ Year Total Return Index T1530 JPY Currency Hedged,1051.71528584,8709,0.002301760847047918
2026-03-09,A476750,ACE 미국30년국채엔화노출액티브(H),안전,해외채권_종합,global_bond,government,Bloomberg U.S. Treasury 20+ Year Total Return Index T1530 JPY Currency Hedged,1051.71528584,8714,0.0005741187277528148
2026-03-10,A476750,ACE 미국30년국채엔화노출액티브(H),안전,해외채권_종합,global_bond,government,Bloomberg U.S. Treasury 20+ Year Total Return Index T1530 JPY Currency Hedged,1051.71528584,8734,0.00229515721826945
2026-03-11,A476750,ACE 미국30년국채엔화노출액티브(H),안전,해외채권_종합,global_bond,government,Bloomberg U.S. Treasury 20+ Year Total Return Index T1530 JPY Currency Hedged,1051.71528584,8619,-0.013166933821845639
2026-03-12,A476750,ACE 미국30년국채엔화노출액티브(H),안전,해외채권_종합,global_bond,government,Bloomberg U.S. Treasury 20+ Year Total Return Index T1530 JPY Currency Hedged,1051.71528584,8490,-0.014966933518969716
2026-03-13,A476750,ACE 미국30년국채엔화노출액티브(H),안전,해외채권_종합,global_bond,government,Bloomberg U.S. Treasury 20+ Year Total Return Index T1530 JPY Currency Hedged,1051.71528584,8530,0.004711425206124886
2026-03-16,A476750,ACE 미국30년국채엔화노출액티브(H),안전,해외채권_종합,global_bond,government,Bloomberg U.S. Treasury 20+ Year Total Return Index T1530 JPY Currency Hedged,1051.71528584,8555,0.0029308323563892458
2026-03-17,A476750,ACE 미국30년국채엔화노출액티브(H),안전,해외채권_종합,global_bond,government,Bloomberg U.S. Treasury 20+ Year Total Return Index T1530 JPY Currency Hedged,1051.71528584,8525,-0.003506721215663311
2026-03-18,A476750,ACE 미국30년국채엔화노출액티브(H),안전,해외채권_종합,global_bond,government,Bloomberg U.S. Treasury 20+ Year Total Return Index T1530 JPY Currency Hedged,1051.71528584,8604,0.009266862170087986
2026-03-19,A476750,ACE 미국30년국채엔화노출액티브(H),안전,해외채권_종합,global_bond,government,Bloomberg U.S. Treasury 20+ Year Total Return Index T1530 JPY Currency Hedged,1051.71528584,8559,-0.005230125523012608
2026-03-20,A476750,ACE 미국30년국채엔화노출액티브(H),안전,해외채권_종합,global_bond,government,Bloomberg U.S. Treasury 20+ Year Total Return Index T1530 JPY Currency Hedged,1051.71528584,8699,0.016357051057366512
2026-03-23,A476750,ACE 미국30년국채엔화노출액티브(H),안전,해외채권_종합,global_bond,government,Bloomberg U.S. Treasury 20+ Year Total Return Index T1530 JPY Currency Hedged,1051.71528584,8564,-0.015519025175307455
2026-03-24,A476750,ACE 미국30년국채엔화노출액티브(H),안전,해외채권_종합,global_bond,government,Bloomberg U.S. Treasury 20+ Year Total Return Index T1530 JPY Currency Hedged,1051.71528584,8540,-0.0028024287716020835
2026-03-25,A476750,ACE 미국30년국채엔화노출액티브(H),안전,해외채권_종합,global_bond,government,Bloomberg U.S. Treasury 20+ Year Total Return Index T1530 JPY Currency Hedged,1051.71528584,8569,0.003395784543325453
2026-03-26,A476750,ACE 미국30년국채엔화노출액티브(H),안전,해외채권_종합,global_bond,government,Bloomberg U.S. Treasury 20+ Year Total Return Index T1530 JPY Currency Hedged,1051.71528584,8579,0.001166997315906082
2026-03-27,A476750,ACE 미국30년국채엔화노출액티브(H),안전,해외채권_종합,global_bond,government,Bloomberg U.S. Treasury 20+ Year Total Return Index T1530 JPY Currency Hedged,1051.71528584,8555,-0.0027975288495162287
2026-03-30,A476750,ACE 미국30년국채엔화노출액티브(H),안전,해외채권_종합,global_bond,government,Bloomberg U.S. Treasury 20+ Year Total Return Index T1530 JPY Currency Hedged,1051.71528584,8615,0.007013442431326622
2026-03-31,A476750,ACE 미국30년국채엔화노출액티브(H),안전,해외채권_종합,global_bond,government,Bloomberg U.S. Treasury 20+ Year Total Return Index T1530 JPY Currency Hedged,1051.71528584,8760,0.016831108531630834
2026-04-01,A476750,ACE 미국30년국채엔화노출액티브(H),안전,해외채권_종합,global_bond,government,Bloomberg U.S. Treasury 20+ Year Total Return Index T1530 JPY Currency Hedged,1051.71528584,8700,-0.006849315068493178
2026-04-02,A476750,ACE 미국30년국채엔화노출액티브(H),안전,해외채권_종합,global_bond,government,Bloomberg U.S. Treasury 20+ Year Total Return Index T1530 JPY Currency Hedged,1051.71528584,8630,-0.008045977011494232
2026-04-03,A476750,ACE 미국30년국채엔화노출액티브(H),안전,해외채권_종합,global_bond,government,Bloomberg U.S. Treasury 20+ Year Total Return Index T1530 JPY Currency Hedged,1051.71528584,8620,-0.0011587485515642815
2026-04-06,A476750,ACE 미국30년국채엔화노출액티브(H),안전,해외채권_종합,global_bond,government,Bloomberg U.S. Treasury 20+ Year Total Return Index T1530 JPY Currency Hedged,1051.71528584,8560,-0.00696055684454755
2026-04-07,A476750,ACE 미국30년국채엔화노출액티브(H),안전,해외채권_종합,global_bond,government,Bloomberg U.S. Treasury 20+ Year Total Return Index T1530 JPY Currency Hedged,1051.71528584,8565,0.0005841121495326895
2026-04-08,A476750,ACE 미국30년국채엔화노출액티브(H),안전,해외채권_종합,global_bond,government,Bloomberg U.S. Treasury 20+ Year Total Return Index T1530 JPY Currency Hedged,1051.71528584,8560,-0.0005837711617046049
2026-04-09,A476750,ACE 미국30년국채엔화노출액티브(H),안전,해외채권_종합,global_bond,government,Bloomberg U.S. Treasury 20+ Year Total Return Index T1530 JPY Currency Hedged,1051.71528584,8515,-0.005257009345794428
2026-04-10,A476750,ACE 미국30년국채엔화노출액티브(H),안전,해외채권_종합,global_bond,government,Bloomberg U.S. Treasury 20+ Year Total Return Index T1530 JPY Currency Hedged,1051.71528584,8475,-0.004697592483852042
2026-04-13,A476750,ACE 미국30년국채엔화노출액티브(H),안전,해외채권_종합,global_bond,government,Bloomberg U.S. Treasury 20+ Year Total Return Index T1530 JPY Currency Hedged,1051.71528584,8440,-0.004129793510324498
2026-04-14,A476750,ACE 미국30년국채엔화노출액티브(H),안전,해외채권_종합,global_bond,government,Bloomberg U.S. Treasury 20+ Year Total Return Index T1530 JPY Currency Hedged,1051.71528584,8480,0.004739336492890933
2026-04-15,A476750,ACE 미국30년국채엔화노출액티브(H),안전,해외채권_종합,global_bond,government,Bloomberg U.S. Treasury 20+ Year Total Return Index T1530 JPY Currency Hedged,1051.71528584,8490,0.001179245283018826
2026-04-16,A476750,ACE 미국30년국채엔화노출액티브(H),안전,해외채권_종합,global_bond,government,Bloomberg U.S. Treasury 20+ Year Total Return Index T1530 JPY Currency Hedged,1051.71528584,8435,-0.006478209658421719
2026-04-17,A476750,ACE 미국30년국채엔화노출액티브(H),안전,해외채권_종합,global_bond,government,Bloomberg U.S. Treasury 20+ Year Total Return Index T1530 JPY Currency Hedged,1051.71528584,8390,-0.005334914048606976
2026-04-20,A476750,ACE 미국30년국채엔화노출액티브(H),안전,해외채권_종합,global_bond,government,Bloomberg U.S. Treasury 20+ Year Total Return Index T1530 JPY Currency Hedged,1051.71528584,8410,0.0023837902264600697
2026-04-21,A476750,ACE 미국30년국채엔화노출액티브(H),안전,해외채권_종합,global_bond,government,Bloomberg U.S. Treasury 20+ Year Total Return Index T1530 JPY Currency Hedged,1051.71528584,8415,0.0005945303210463937
2026-04-22,A476750,ACE 미국30년국채엔화노출액티브(H),안전,해외채권_종합,global_bond,government,Bloomberg U.S. Treasury 20+ Year Total Return Index T1530 JPY Currency Hedged,1051.71528584,8410,-0.0005941770647652778
2026-04-23,A476750,ACE 미국30년국채엔화노출액티브(H),안전,해외채권_종합,global_bond,government,Bloomberg U.S. Treasury 20+ Year Total Return Index T1530 JPY Currency Hedged,1051.71528584,8390,-0.0023781212841854638
2026-04-24,A476750,ACE 미국30년국채엔화노출액티브(H),안전,해외채권_종합,global_bond,government,Bloomberg U.S. Treasury 20+ Year Total Return Index T1530 JPY Currency Hedged,1051.71528584,8420,0.0035756853396902155
2026-04-27,A476750,ACE 미국30년국채엔화노출액티브(H),안전,해외채권_종합,global_bond,government,Bloomberg U.S. Treasury 20+ Year Total Return Index T1530 JPY Currency Hedged,1051.71528584,8335,-0.010095011876484539
2026-04-28,A476750,ACE 미국30년국채엔화노출액티브(H),안전,해외채권_종합,global_bond,government,Bloomberg U.S. Treasury 20+ Year Total Return Index T1530 JPY Currency Hedged,1051.71528584,8320,-0.001799640071985631
2026-04-29,A476750,ACE 미국30년국채엔화노출액티브(H),안전,해외채권_종합,global_bond,government,Bloomberg U.S. Treasury 20+ Year Total Return Index T1530 JPY Currency Hedged,1051.71528584,8335,0.0018028846153845812
2026-04-30,A476750,ACE 미국30년국채엔화노출액티브(H),안전,해외채권_종합,global_bond,government,Bloomberg U.S. Treasury 20+ Year Total Return Index T1530 JPY Currency Hedged,1051.71528584,8230,-0.012597480503899194
2026-05-04,A476750,ACE 미국30년국채엔화노출액티브(H),안전,해외채권_종합,global_bond,government,Bloomberg U.S. Treasury 20+ Year Total Return Index T1530 JPY Currency Hedged,1051.71528584,8355,0.015188335358444771
2026-05-06,A476750,ACE 미국30년국채엔화노출액티브(H),안전,해외채권_종합,global_bond,government,Bloomberg U.S. Treasury 20+ Year Total Return Index T1530 JPY Currency Hedged,1051.71528584,8360,0.0005984440454818163
2026-05-07,A476750,ACE 미국30년국채엔화노출액티브(H),안전,해외채권_종합,global_bond,government,Bloomberg U.S. Treasury 20+ Year Total Return Index T1530 JPY Currency Hedged,1051.71528584,8370,0.0011961722488038617
2026-05-08,A476750,ACE 미국30년국채엔화노출액티브(H),안전,해외채권_종합,global_bond,government,Bloomberg U.S. Treasury 20+ Year Total Return Index T1530 JPY Currency Hedged,1051.71528584,8430,0.007168458781362075
2026-05-11,A476750,ACE 미국30년국채엔화노출액티브(H),안전,해외채권_종합,global_bond,government,Bloomberg U.S. Treasury 20+ Year Total Return Index T1530 JPY Currency Hedged,1051.71528584,8415,-0.001779359430605032
2026-05-12,A476750,ACE 미국30년국채엔화노출액티브(H),안전,해외채권_종합,global_bond,government,Bloomberg U.S. Treasury 20+ Year Total Return Index T1530 JPY Currency Hedged,1051.71528584,8445,0.0035650623885918886
2026-05-13,A476750,ACE 미국30년국채엔화노출액티브(H),안전,해외채권_종합,global_bond,government,Bloomberg U.S. Treasury 20+ Year Total Return Index T1530 JPY Currency Hedged,1051.71528584,8400,-0.005328596802841923
2026-05-14,A476750,ACE 미국30년국채엔화노출액티브(H),안전,해외채권_종합,global_bond,government,Bloomberg U.S. Treasury 20+ Year Total Return Index T1530 JPY Currency Hedged,1051.71528584,8390,-0.0011904761904761862
2026-05-15,A476750,ACE 미국30년국채엔화노출액티브(H),안전,해외채권_종합,global_bond,government,Bloomberg U.S. Treasury 20+ Year Total Return Index T1530 JPY Currency Hedged,1051.71528584,8350,-0.004767580452920139
2026-05-18,A476750,ACE 미국30년국채엔화노출액티브(H),안전,해외채권_종합,global_bond,government,Bloomberg U.S. Treasury 20+ Year Total Return Index T1530 JPY Currency Hedged,1051.71528584,8265,-0.010179640718562921
2026-05-19,A476750,ACE 미국30년국채엔화노출액티브(H),안전,해외채권_종합,global_bond,government,Bloomberg U.S. Treasury 20+ Year Total Return Index T1530 JPY Currency Hedged,1051.71528584,8280,0.001814882032667775
2026-05-20,A476750,ACE 미국30년국채엔화노출액티브(H),안전,해외채권_종합,global_bond,government,Bloomberg U.S. Treasury 20+ Year Total Return Index T1530 JPY Currency Hedged,1051.71528584,8260,-0.0024154589371980784
2026-05-21,A476750,ACE 미국30년국채엔화노출액티브(H),안전,해외채권_종합,global_bond,government,Bloomberg U.S. Treasury 20+ Year Total Return Index T1530 JPY Currency Hedged,1051.71528584,8290,0.00363196125907983
2026-05-22,A476750,ACE 미국30년국채엔화노출액티브(H),안전,해외채권_종합,global_bond,government,Bloomberg U.S. Treasury 20+ Year Total Return Index T1530 JPY Currency Hedged,1051.71528584,8400,0.013268998793727338
2026-01-02,A476760,ACE 미국30년국채액티브,안전,해외채권_종합,global_bond,government,Bloomberg U.S Treasury 20+ Year Total Return Index,1026.99978348,9755,-0.008638211382113847
2026-01-05,A476760,ACE 미국30년국채액티브,안전,해외채권_종합,global_bond,government,Bloomberg U.S Treasury 20+ Year Total Return Index,1026.99978348,9780,0.0025627883136853935
2026-01-06,A476760,ACE 미국30년국채액티브,안전,해외채권_종합,global_bond,government,Bloomberg U.S Treasury 20+ Year Total Return Index,1026.99978348,9760,-0.002044989775051076
2026-01-07,A476760,ACE 미국30년국채액티브,안전,해외채권_종합,global_bond,government,Bloomberg U.S Treasury 20+ Year Total Return Index,1026.99978348,9800,0.004098360655737654
2026-01-08,A476760,ACE 미국30년국채액티브,안전,해외채권_종합,global_bond,government,Bloomberg U.S Treasury 20+ Year Total Return Index,1026.99978348,9879,0.00806122448979596
2026-01-09,A476760,ACE 미국30년국채액티브,안전,해외채권_종합,global_bond,government,Bloomberg U.S Treasury 20+ Year Total Return Index,1026.99978348,9889,0.0010122482032595137
2026-01-12,A476760,ACE 미국30년국채액티브,안전,해외채권_종합,global_bond,government,Bloomberg U.S Treasury 20+ Year Total Return Index,1026.99978348,9959,0.007078572150874818
2026-01-13,A476760,ACE 미국30년국채액티브,안전,해외채권_종합,global_bond,government,Bloomberg U.S Treasury 20+ Year Total Return Index,1026.99978348,10022,0.006325936338989813
2026-01-14,A476760,ACE 미국30년국채액티브,안전,해외채권_종합,global_bond,government,Bloomberg U.S Treasury 20+ Year Total Return Index,1026.99978348,10057,0.003492316902813819
2026-01-15,A476760,ACE 미국30년국채액티브,안전,해외채권_종합,global_bond,government,Bloomberg U.S Treasury 20+ Year Total Return Index,1026.99978348,10077,0.00198866461171332
2026-01-16,A476760,ACE 미국30년국채액티브,안전,해외채권_종합,global_bond,government,Bloomberg U.S Treasury 20+ Year Total Return Index,1026.99978348,10112,0.003473255929343999
2026-01-19,A476760,ACE 미국30년국채액티브,안전,해외채권_종합,global_bond,government,Bloomberg U.S Treasury 20+ Year Total Return Index,1026.99978348,10003,-0.010779272151898778
2026-01-20,A476760,ACE 미국30년국채액티브,안전,해외채권_종합,global_bond,government,Bloomberg U.S Treasury 20+ Year Total Return Index,1026.99978348,9969,-0.003398980305908239
2026-01-21,A476760,ACE 미국30년국채액티브,안전,해외채권_종합,global_bond,government,Bloomberg U.S Treasury 20+ Year Total Return Index,1026.99978348,9924,-0.004513993379476333
2026-01-22,A476760,ACE 미국30년국채액티브,안전,해외채권_종합,global_bond,government,Bloomberg U.S Treasury 20+ Year Total Return Index,1026.99978348,9954,0.0030229746070133956
2026-01-23,A476760,ACE 미국30년국채액티브,안전,해외채권_종합,global_bond,government,Bloomberg U.S Treasury 20+ Year Total Return Index,1026.99978348,10003,0.004922644163150469
2026-01-26,A476760,ACE 미국30년국채액티브,안전,해외채권_종합,global_bond,government,Bloomberg U.S Treasury 20+ Year Total Return Index,1026.99978348,9869,-0.013395981205638341
2026-01-27,A476760,ACE 미국30년국채액티브,안전,해외채권_종합,global_bond,government,Bloomberg U.S Treasury 20+ Year Total Return Index,1026.99978348,9889,0.002026547775863863
2026-01-28,A476760,ACE 미국30년국채액티브,안전,해외채권_종합,global_bond,government,Bloomberg U.S Treasury 20+ Year Total Return Index,1026.99978348,9696,-0.019516634644554554
2026-01-29,A476760,ACE 미국30년국채액티브,안전,해외채권_종합,global_bond,government,Bloomberg U.S Treasury 20+ Year Total Return Index,1026.99978348,9642,-0.005569306930693019
2026-01-30,A476760,ACE 미국30년국채액티브,안전,해외채권_종합,global_bond,government,Bloomberg U.S Treasury 20+ Year Total Return Index,1026.99978348,9726,0.00871188550093338
2026-02-02,A476760,ACE 미국30년국채액티브,안전,해외채권_종합,global_bond,government,Bloomberg U.S Treasury 20+ Year Total Return Index,1026.99978348,9935,0.021488792926177336
2026-02-03,A476760,ACE 미국30년국채액티브,안전,해외채권_종합,global_bond,government,Bloomberg U.S Treasury 20+ Year Total Return Index,1026.99978348,9731,-0.020533467539003536
2026-02-04,A476760,ACE 미국30년국채액티브,안전,해외채권_종합,global_bond,government,Bloomberg U.S Treasury 20+ Year Total Return Index,1026.99978348,9781,0.005138218065974698
2026-02-05,A476760,ACE 미국30년국채액티브,안전,해외채권_종합,global_bond,government,Bloomberg U.S Treasury 20+ Year Total Return Index,1026.99978348,9895,0.01165524997444023
2026-02-06,A476760,ACE 미국30년국채액티브,안전,해외채권_종합,global_bond,government,Bloomberg U.S Treasury 20+ Year Total Return Index,1026.99978348,9990,0.009600808489135915
2026-02-09,A476760,ACE 미국30년국채액티브,안전,해외채권_종합,global_bond,government,Bloomberg U.S Treasury 20+ Year Total Return Index,1026.99978348,9885,-0.010510510510510551
2026-02-10,A476760,ACE 미국30년국채액티브,안전,해외채권_종합,global_bond,government,Bloomberg U.S Treasury 20+ Year Total Return Index,1026.99978348,9950,0.006575619625695417
2026-02-11,A476760,ACE 미국30년국채액티브,안전,해외채권_종합,global_bond,government,Bloomberg U.S Treasury 20+ Year Total Return Index,1026.99978348,9990,0.004020100502512669
2026-02-12,A476760,ACE 미국30년국채액티브,안전,해외채권_종합,global_bond,government,Bloomberg U.S Treasury 20+ Year Total Return Index,1026.99978348,9880,-0.011011011011010985
2026-02-13,A476760,ACE 미국30년국채액티브,안전,해외채권_종합,global_bond,government,Bloomberg U.S Treasury 20+ Year Total Return Index,1026.99978348,10029,0.015080971659918951
2026-02-19,A476760,ACE 미국30년국채액티브,안전,해외채권_종합,global_bond,government,Bloomberg U.S Treasury 20+ Year Total Return Index,1026.99978348,10064,0.0034898793498854275
2026-02-20,A476760,ACE 미국30년국채액티브,안전,해외채권_종합,global_bond,government,Bloomberg U.S Treasury 20+ Year Total Return Index,1026.99978348,10119,0.005465023847376793
2026-02-23,A476760,ACE 미국30년국채액티브,안전,해외채권_종합,global_bond,government,Bloomberg U.S Treasury 20+ Year Total Return Index,1026.99978348,10039,-0.007905919557268493
2026-02-24,A476760,ACE 미국30년국채액티브,안전,해외채권_종합,global_bond,government,Bloomberg U.S Treasury 20+ Year Total Return Index,1026.99978348,10064,0.002490287877278563
2026-02-25,A476760,ACE 미국30년국채액티브,안전,해외채권_종합,global_bond,government,Bloomberg U.S Treasury 20+ Year Total Return Index,1026.99978348,9990,-0.007352941176470562
2026-02-26,A476760,ACE 미국30년국채액티브,안전,해외채권_종합,global_bond,government,Bloomberg U.S Treasury 20+ Year Total Return Index,1026.99978348,9980,-0.0010010010010009784
2026-02-27,A476760,ACE 미국30년국채액티브,안전,해외채권_종합,global_bond,government,Bloomberg U.S Treasury 20+ Year Total Return Index,1026.99978348,10130,0.01503006012024044
2026-03-03,A476760,ACE 미국30년국채액티브,안전,해외채권_종합,global_bond,government,Bloomberg U.S Treasury 20+ Year Total Return Index,1026.99978348,10219,0.008785784797630702
2026-03-04,A476760,ACE 미국30년국채액티브,안전,해외채권_종합,global_bond,government,Bloomberg U.S Treasury 20+ Year Total Return Index,1026.99978348,10284,0.006360700655641427
2026-03-05,A476760,ACE 미국30년국채액티브,안전,해외채권_종합,global_bond,government,Bloomberg U.S Treasury 20+ Year Total Return Index,1026.99978348,10170,-0.011085180863477206
2026-03-06,A476760,ACE 미국30년국채액티브,안전,해외채권_종합,global_bond,government,Bloomberg U.S Treasury 20+ Year Total Return Index,1026.99978348,10234,0.006293018682399287
2026-03-09,A476760,ACE 미국30년국채액티브,안전,해외채권_종합,global_bond,government,Bloomberg U.S Treasury 20+ Year Total Return Index,1026.99978348,10269,0.0034199726402188713
2026-03-10,A476760,ACE 미국30년국채액티브,안전,해외채권_종합,global_bond,government,Bloomberg U.S Treasury 20+ Year Total Return Index,1026.99978348,10234,-0.0034083162917518672
2026-03-11,A476760,ACE 미국30년국채액티브,안전,해외채권_종합,global_bond,government,Bloomberg U.S Treasury 20+ Year Total Return Index,1026.99978348,10130,-0.010162204416650389
2026-03-12,A476760,ACE 미국30년국채액티브,안전,해외채권_종합,global_bond,government,Bloomberg U.S Treasury 20+ Year Total Return Index,1026.99978348,10060,-0.00691016781836129
2026-03-13,A476760,ACE 미국30년국채액티브,안전,해외채권_종합,global_bond,government,Bloomberg U.S Treasury 20+ Year Total Return Index,1026.99978348,10130,0.006958250497017815
2026-03-16,A476760,ACE 미국30년국채액티브,안전,해외채권_종합,global_bond,government,Bloomberg U.S Treasury 20+ Year Total Return Index,1026.99978348,10160,0.0029615004935834577
2026-03-17,A476760,ACE 미국30년국채액티브,안전,해외채권_종합,global_bond,government,Bloomberg U.S Treasury 20+ Year Total Return Index,1026.99978348,10135,-0.002460629921259838
2026-03-18,A476760,ACE 미국30년국채액티브,안전,해외채권_종합,global_bond,government,Bloomberg U.S Treasury 20+ Year Total Return Index,1026.99978348,10170,0.003453379378391741
2026-03-19,A476760,ACE 미국30년국채액티브,안전,해외채권_종합,global_bond,government,Bloomberg U.S Treasury 20+ Year Total Return Index,1026.99978348,10185,0.001474926253687281
2026-03-20,A476760,ACE 미국30년국채액티브,안전,해외채권_종합,global_bond,government,Bloomberg U.S Treasury 20+ Year Total Return Index,1026.99978348,10264,0.007756504663721131
2026-03-23,A476760,ACE 미국30년국채액티브,안전,해외채권_종합,global_bond,government,Bloomberg U.S Treasury 20+ Year Total Return Index,1026.99978348,10170,-0.009158222915042868
2026-03-24,A476760,ACE 미국30년국채액티브,안전,해외채권_종합,global_bond,government,Bloomberg U.S Treasury 20+ Year Total Return Index,1026.99978348,10100,-0.006882989183874089
2026-03-25,A476760,ACE 미국30년국채액티브,안전,해외채권_종합,global_bond,government,Bloomberg U.S Treasury 20+ Year Total Return Index,1026.99978348,10165,0.006435643564356441
2026-03-26,A476760,ACE 미국30년국채액티브,안전,해외채권_종합,global_bond,government,Bloomberg U.S Treasury 20+ Year Total Return Index,1026.99978348,10194,0.0028529267092967103
2026-03-27,A476760,ACE 미국30년국채액티브,안전,해외채권_종합,global_bond,government,Bloomberg U.S Treasury 20+ Year Total Return Index,1026.99978348,10185,-0.0008828722778104758
2026-03-30,A476760,ACE 미국30년국채액티브,안전,해외채권_종합,global_bond,government,Bloomberg U.S Treasury 20+ Year Total Return Index,1026.99978348,10240,0.005400098183603319
2026-03-31,A476760,ACE 미국30년국채액티브,안전,해외채권_종합,global_bond,government,Bloomberg U.S Treasury 20+ Year Total Return Index,1026.99978348,10415,0.01708984375
2026-04-01,A476760,ACE 미국30년국채액티브,안전,해외채권_종합,global_bond,government,Bloomberg U.S Treasury 20+ Year Total Return Index,1026.99978348,10255,-0.015362457993278955
2026-04-02,A476760,ACE 미국30년국채액티브,안전,해외채권_종합,global_bond,government,Bloomberg U.S Treasury 20+ Year Total Return Index,1026.99978348,10235,-0.0019502681618722706
2026-04-03,A476760,ACE 미국30년국채액티브,안전,해외채권_종합,global_bond,government,Bloomberg U.S Treasury 20+ Year Total Return Index,1026.99978348,10250,0.0014655593551538004
2026-04-06,A476760,ACE 미국30년국채액티브,안전,해외채권_종합,global_bond,government,Bloomberg U.S Treasury 20+ Year Total Return Index,1026.99978348,10195,-0.00536585365853659
2026-04-07,A476760,ACE 미국30년국채액티브,안전,해외채권_종합,global_bond,government,Bloomberg U.S Treasury 20+ Year Total Return Index,1026.99978348,10215,0.0019617459538989745
2026-04-08,A476760,ACE 미국30년국채액티브,안전,해외채권_종합,global_bond,government,Bloomberg U.S Treasury 20+ Year Total Return Index,1026.99978348,10100,-0.011257953989231573
2026-04-09,A476760,ACE 미국30년국채액티브,안전,해외채권_종합,global_bond,government,Bloomberg U.S Treasury 20+ Year Total Return Index,1026.99978348,10090,-0.000990099009900991
2026-04-10,A476760,ACE 미국30년국채액티브,안전,해외채권_종합,global_bond,government,Bloomberg U.S Treasury 20+ Year Total Return Index,1026.99978348,10070,-0.001982160555004997
2026-04-13,A476760,ACE 미국30년국채액티브,안전,해외채권_종합,global_bond,government,Bloomberg U.S Treasury 20+ Year Total Return Index,1026.99978348,10070,0.0
2026-04-14,A476760,ACE 미국30년국채액티브,안전,해외채권_종합,global_bond,government,Bloomberg U.S Treasury 20+ Year Total Return Index,1026.99978348,10100,0.002979145978152964
2026-04-15,A476760,ACE 미국30년국채액티브,안전,해외채권_종합,global_bond,government,Bloomberg U.S Treasury 20+ Year Total Return Index,1026.99978348,10085,-0.0014851485148514865
2026-04-16,A476760,ACE 미국30년국채액티브,안전,해외채권_종합,global_bond,government,Bloomberg U.S Treasury 20+ Year Total Return Index,1026.99978348,10035,-0.004957858205255294
2026-04-17,A476760,ACE 미국30년국채액티브,안전,해외채권_종합,global_bond,government,Bloomberg U.S Treasury 20+ Year Total Return Index,1026.99978348,10010,-0.0024912805181863673
2026-04-20,A476760,ACE 미국30년국채액티브,안전,해외채권_종합,global_bond,government,Bloomberg U.S Treasury 20+ Year Total Return Index,1026.99978348,10040,0.0029970029970030065
2026-04-21,A476760,ACE 미국30년국채액티브,안전,해외채권_종합,global_bond,government,Bloomberg U.S Treasury 20+ Year Total Return Index,1026.99978348,10035,-0.0004980079681274896
2026-04-22,A476760,ACE 미국30년국채액티브,안전,해외채권_종합,global_bond,government,Bloomberg U.S Treasury 20+ Year Total Return Index,1026.99978348,10045,0.0009965122072745913
2026-04-23,A476760,ACE 미국30년국채액티브,안전,해외채권_종합,global_bond,government,Bloomberg U.S Treasury 20+ Year Total Return Index,1026.99978348,10045,0.0
2026-04-24,A476760,ACE 미국30년국채액티브,안전,해외채권_종합,global_bond,government,Bloomberg U.S Treasury 20+ Year Total Return Index,1026.99978348,10085,0.003982080637132901
2026-04-27,A476760,ACE 미국30년국채액티브,안전,해외채권_종합,global_bond,government,Bloomberg U.S Treasury 20+ Year Total Return Index,1026.99978348,9990,-0.009419930589985137
2026-04-28,A476760,ACE 미국30년국채액티브,안전,해외채권_종합,global_bond,government,Bloomberg U.S Treasury 20+ Year Total Return Index,1026.99978348,9945,-0.0045045045045044585
2026-04-29,A476760,ACE 미국30년국채액티브,안전,해외채권_종합,global_bond,government,Bloomberg U.S Treasury 20+ Year Total Return Index,1026.99978348,9980,0.0035193564605329186
2026-04-30,A476760,ACE 미국30년국채액티브,안전,해외채권_종합,global_bond,government,Bloomberg U.S Treasury 20+ Year Total Return Index,1026.99978348,9910,-0.007014028056112176
2026-05-04,A476760,ACE 미국30년국채액티브,안전,해외채권_종합,global_bond,government,Bloomberg U.S Treasury 20+ Year Total Return Index,1026.99978348,9835,-0.007568113017154432
2026-05-06,A476760,ACE 미국30년국채액티브,안전,해외채권_종합,global_bond,government,Bloomberg U.S Treasury 20+ Year Total Return Index,1026.99978348,9800,-0.003558718861209953
2026-05-07,A476760,ACE 미국30년국채액티브,안전,해외채권_종합,global_bond,government,Bloomberg U.S Treasury 20+ Year Total Return Index,1026.99978348,9825,0.0025510204081633514
2026-05-08,A476760,ACE 미국30년국채액티브,안전,해외채권_종합,global_bond,government,Bloomberg U.S Treasury 20+ Year Total Return Index,1026.99978348,9895,0.007124681933842192
2026-05-11,A476760,ACE 미국30년국채액티브,안전,해외채권_종합,global_bond,government,Bloomberg U.S Treasury 20+ Year Total Return Index,1026.99978348,9895,0.0
2026-05-12,A476760,ACE 미국30년국채액티브,안전,해외채권_종합,global_bond,government,Bloomberg U.S Treasury 20+ Year Total Return Index,1026.99978348,9965,0.0070742799393632705
2026-05-13,A476760,ACE 미국30년국채액티브,안전,해외채권_종합,global_bond,government,Bloomberg U.S Treasury 20+ Year Total Return Index,1026.99978348,9950,-0.0015052684395383542
2026-05-14,A476760,ACE 미국30년국채액티브,안전,해외채권_종합,global_bond,government,Bloomberg U.S Treasury 20+ Year Total Return Index,1026.99978348,9925,-0.002512562814070307
2026-05-15,A476760,ACE 미국30년국채액티브,안전,해외채권_종합,global_bond,government,Bloomberg U.S Treasury 20+ Year Total Return Index,1026.99978348,9920,-0.0005037783375314575
2026-05-18,A476760,ACE 미국30년국채액티브,안전,해외채권_종합,global_bond,government,Bloomberg U.S Treasury 20+ Year Total Return Index,1026.99978348,9820,-0.01008064516129037
2026-05-19,A476760,ACE 미국30년국채액티브,안전,해외채권_종합,global_bond,government,Bloomberg U.S Treasury 20+ Year Total Return Index,1026.99978348,9870,0.005091649694501044
2026-05-20,A476760,ACE 미국30년국채액티브,안전,해외채권_종합,global_bond,government,Bloomberg U.S Treasury 20+ Year Total Return Index,1026.99978348,9830,-0.004052684903748771
2026-05-21,A476760,ACE 미국30년국채액티브,안전,해외채권_종합,global_bond,government,Bloomberg U.S Treasury 20+ Year Total Return Index,1026.99978348,9885,0.005595116988809767
2026-05-22,A476760,ACE 미국30년국채액티브,안전,해외채권_종합,global_bond,government,Bloomberg U.S Treasury 20+ Year Total Return Index,1026.99978348,10005,0.012139605462822445
2026-01-02,A484790,KODEX 미국30년국채액티브(H),안전,해외채권_종합,global_bond,government,KEDI-KAP 미국 국채 20+ 지수(TR),4075.36678513,8715,-0.010558583106267005
2026-01-05,A484790,KODEX 미국30년국채액티브(H),안전,해외채권_종합,global_bond,government,KEDI-KAP 미국 국채 20+ 지수(TR),4075.36678513,8720,0.0005737234652898326
2026-01-06,A484790,KODEX 미국30년국채액티브(H),안전,해외채권_종합,global_bond,government,KEDI-KAP 미국 국채 20+ 지수(TR),4075.36678513,8710,-0.0011467889908256534
2026-01-07,A484790,KODEX 미국30년국채액티브(H),안전,해외채권_종합,global_bond,government,KEDI-KAP 미국 국채 20+ 지수(TR),4075.36678513,8749,0.004477611940298498
2026-01-08,A484790,KODEX 미국30년국채액티브(H),안전,해외채권_종합,global_bond,government,KEDI-KAP 미국 국채 20+ 지수(TR),4075.36678513,8793,0.005029146188135769
2026-01-09,A484790,KODEX 미국30년국채액티브(H),안전,해외채권_종합,global_bond,government,KEDI-KAP 미국 국채 20+ 지수(TR),4075.36678513,8749,-0.005003980438985534
2026-01-12,A484790,KODEX 미국30년국채액티브(H),안전,해외채권_종합,global_bond,government,KEDI-KAP 미국 국채 20+ 지수(TR),4075.36678513,8744,-0.0005714938850154283
2026-01-13,A484790,KODEX 미국30년국채액티브(H),안전,해외채권_종합,global_bond,government,KEDI-KAP 미국 국채 20+ 지수(TR),4075.36678513,8764,0.0022872827081428238
2026-01-14,A484790,KODEX 미국30년국채액티브(H),안전,해외채권_종합,global_bond,government,KEDI-KAP 미국 국채 20+ 지수(TR),4075.36678513,8788,0.00273847558192597
2026-01-15,A484790,KODEX 미국30년국채액티브(H),안전,해외채권_종합,global_bond,government,KEDI-KAP 미국 국채 20+ 지수(TR),4075.36678513,8843,0.0062585343650432
2026-01-16,A484790,KODEX 미국30년국채액티브(H),안전,해외채권_종합,global_bond,government,KEDI-KAP 미국 국채 20+ 지수(TR),4075.36678513,8843,0.0
2026-01-19,A484790,KODEX 미국30년국채액티브(H),안전,해외채권_종합,global_bond,government,KEDI-KAP 미국 국채 20+ 지수(TR),4075.36678513,8749,-0.010629876738663335
2026-01-20,A484790,KODEX 미국30년국채액티브(H),안전,해외채권_종합,global_bond,government,KEDI-KAP 미국 국채 20+ 지수(TR),4075.36678513,8690,-0.006743627843182054
2026-01-21,A484790,KODEX 미국30년국채액티브(H),안전,해외채권_종합,global_bond,government,KEDI-KAP 미국 국채 20+ 지수(TR),4075.36678513,8685,-0.0005753739930954849
2026-01-22,A484790,KODEX 미국30년국채액티브(H),안전,해외채권_종합,global_bond,government,KEDI-KAP 미국 국채 20+ 지수(TR),4075.36678513,8730,0.005181347150259086
2026-01-23,A484790,KODEX 미국30년국채액티브(H),안전,해외채권_종합,global_bond,government,KEDI-KAP 미국 국채 20+ 지수(TR),4075.36678513,8783,0.006071019473081307
2026-01-26,A484790,KODEX 미국30년국채액티브(H),안전,해외채권_종합,global_bond,government,KEDI-KAP 미국 국채 20+ 지수(TR),4075.36678513,8813,0.003415689399977273
2026-01-27,A484790,KODEX 미국30년국채액티브(H),안전,해외채권_종합,global_bond,government,KEDI-KAP 미국 국채 20+ 지수(TR),4075.36678513,8818,0.0005673436968114398
2026-01-28,A484790,KODEX 미국30년국채액티브(H),안전,해외채권_종합,global_bond,government,KEDI-KAP 미국 국채 20+ 지수(TR),4075.36678513,8774,-0.004989793603991877
2026-01-29,A484790,KODEX 미국30년국채액티브(H),안전,해외채권_종합,global_bond,government,KEDI-KAP 미국 국채 20+ 지수(TR),4075.36678513,8710,-0.007294278550262101
2026-01-30,A484790,KODEX 미국30년국채액티브(H),안전,해외채권_종합,global_bond,government,KEDI-KAP 미국 국채 20+ 지수(TR),4075.36678513,8700,-0.0011481056257175437
2026-02-02,A484790,KODEX 미국30년국채액티브(H),안전,해외채권_종합,global_bond,government,KEDI-KAP 미국 국채 20+ 지수(TR),4075.36678513,8744,0.005057471264367841
2026-02-03,A484790,KODEX 미국30년국채액티브(H),안전,해외채권_종합,global_bond,government,KEDI-KAP 미국 국채 20+ 지수(TR),4075.36678513,8675,-0.007891125343092442
2026-02-04,A484790,KODEX 미국30년국채액티브(H),안전,해외채권_종합,global_bond,government,KEDI-KAP 미국 국채 20+ 지수(TR),4075.36678513,8695,0.002305475504322807
2026-02-05,A484790,KODEX 미국30년국채액티브(H),안전,해외채권_종합,global_bond,government,KEDI-KAP 미국 국채 20+ 지수(TR),4075.36678513,8685,-0.0011500862564692849
2026-02-06,A484790,KODEX 미국30년국채액티브(H),안전,해외채권_종합,global_bond,government,KEDI-KAP 미국 국채 20+ 지수(TR),4075.36678513,8769,0.00967184801381693
2026-02-09,A484790,KODEX 미국30년국채액티브(H),안전,해외채권_종합,global_bond,government,KEDI-KAP 미국 국채 20+ 지수(TR),4075.36678513,8734,-0.003991333105257122
2026-02-10,A484790,KODEX 미국30년국채액티브(H),안전,해외채권_종합,global_bond,government,KEDI-KAP 미국 국채 20+ 지수(TR),4075.36678513,8789,0.006297229219143663
2026-02-11,A484790,KODEX 미국30년국채액티브(H),안전,해외채권_종합,global_bond,government,KEDI-KAP 미국 국채 20+ 지수(TR),4075.36678513,8874,0.009671179883945946
2026-02-12,A484790,KODEX 미국30년국채액티브(H),안전,해외채권_종합,global_bond,government,KEDI-KAP 미국 국채 20+ 지수(TR),4075.36678513,8834,-0.004507550146495398
2026-02-13,A484790,KODEX 미국30년국채액티브(H),안전,해외채권_종합,global_bond,government,KEDI-KAP 미국 국채 20+ 지수(TR),4075.36678513,8913,0.008942721304052492
2026-02-19,A484790,KODEX 미국30년국채액티브(H),안전,해외채권_종합,global_bond,government,KEDI-KAP 미국 국채 20+ 지수(TR),4075.36678513,8943,0.0033658700774150674
2026-02-20,A484790,KODEX 미국30년국채액티브(H),안전,해외채권_종합,global_bond,government,KEDI-KAP 미국 국채 20+ 지수(TR),4075.36678513,8983,0.004472772000447378
2026-02-23,A484790,KODEX 미국30년국채액티브(H),안전,해외채권_종합,global_bond,government,KEDI-KAP 미국 국채 20+ 지수(TR),4075.36678513,8963,-0.0022264276967605134
2026-02-24,A484790,KODEX 미국30년국채액티브(H),안전,해외채권_종합,global_bond,government,KEDI-KAP 미국 국채 20+ 지수(TR),4075.36678513,8973,0.001115697869016996
2026-02-25,A484790,KODEX 미국30년국채액티브(H),안전,해외채권_종합,global_bond,government,KEDI-KAP 미국 국채 20+ 지수(TR),4075.36678513,8988,0.0016716817118020977
2026-02-26,A484790,KODEX 미국30년국채액티브(H),안전,해외채권_종합,global_bond,government,KEDI-KAP 미국 국채 20+ 지수(TR),4075.36678513,8998,0.0011125945705385831
2026-02-27,A484790,KODEX 미국30년국채액티브(H),안전,해외채권_종합,global_bond,government,KEDI-KAP 미국 국채 20+ 지수(TR),4075.36678513,9048,0.005556790397866163
2026-03-03,A484790,KODEX 미국30년국채액티브(H),안전,해외채권_종합,global_bond,government,KEDI-KAP 미국 국채 20+ 지수(TR),4075.36678513,8968,-0.008841732979664063
2026-03-04,A484790,KODEX 미국30년국채액티브(H),안전,해외채권_종합,global_bond,government,KEDI-KAP 미국 국채 20+ 지수(TR),4075.36678513,8943,-0.0027876895628903275
2026-03-05,A484790,KODEX 미국30년국채액티브(H),안전,해외채권_종합,global_bond,government,KEDI-KAP 미국 국채 20+ 지수(TR),4075.36678513,8904,-0.004360952700436127
2026-03-06,A484790,KODEX 미국30년국채액티브(H),안전,해외채권_종합,global_bond,government,KEDI-KAP 미국 국채 20+ 지수(TR),4075.36678513,8904,0.0
2026-03-09,A484790,KODEX 미국30년국채액티브(H),안전,해외채권_종합,global_bond,government,KEDI-KAP 미국 국채 20+ 지수(TR),4075.36678513,8834,-0.00786163522012584
2026-03-10,A484790,KODEX 미국30년국채액티브(H),안전,해외채권_종합,global_bond,government,KEDI-KAP 미국 국채 20+ 지수(TR),4075.36678513,8938,0.011772696400271787
2026-03-11,A484790,KODEX 미국30년국채액티브(H),안전,해외채권_종합,global_bond,government,KEDI-KAP 미국 국채 20+ 지수(TR),4075.36678513,8879,-0.006601029313045403
2026-03-12,A484790,KODEX 미국30년국채액티브(H),안전,해외채권_종합,global_bond,government,KEDI-KAP 미국 국채 20+ 지수(TR),4075.36678513,8744,-0.015204414911589192
2026-03-13,A484790,KODEX 미국30년국채액티브(H),안전,해외채권_종합,global_bond,government,KEDI-KAP 미국 국채 20+ 지수(TR),4075.36678513,8719,-0.002859103385178363
2026-03-16,A484790,KODEX 미국30년국채액티브(H),안전,해외채권_종합,global_bond,government,KEDI-KAP 미국 국채 20+ 지수(TR),4075.36678513,8724,0.0005734602592040172
2026-03-17,A484790,KODEX 미국30년국채액티브(H),안전,해외채권_종합,global_bond,government,KEDI-KAP 미국 국채 20+ 지수(TR),4075.36678513,8729,0.0005731315910133539
2026-03-18,A484790,KODEX 미국30년국채액티브(H),안전,해외채권_종합,global_bond,government,KEDI-KAP 미국 국채 20+ 지수(TR),4075.36678513,8819,0.010310459388246151
2026-03-19,A484790,KODEX 미국30년국채액티브(H),안전,해외채권_종합,global_bond,government,KEDI-KAP 미국 국채 20+ 지수(TR),4075.36678513,8734,-0.009638280984238579
2026-03-20,A484790,KODEX 미국30년국채액티브(H),안전,해외채권_종합,global_bond,government,KEDI-KAP 미국 국채 20+ 지수(TR),4075.36678513,8764,0.003434852301350988
2026-03-23,A484790,KODEX 미국30년국채액티브(H),안전,해외채권_종합,global_bond,government,KEDI-KAP 미국 국채 20+ 지수(TR),4075.36678513,8595,-0.019283432222729324
2026-03-24,A484790,KODEX 미국30년국채액티브(H),안전,해외채권_종합,global_bond,government,KEDI-KAP 미국 국채 20+ 지수(TR),4075.36678513,8634,0.0045375218150087715
2026-03-25,A484790,KODEX 미국30년국채액티브(H),안전,해외채권_종합,global_bond,government,KEDI-KAP 미국 국채 20+ 지수(TR),4075.36678513,8669,0.0040537410238592475
2026-03-26,A484790,KODEX 미국30년국채액티브(H),안전,해외채권_종합,global_bond,government,KEDI-KAP 미국 국채 20+ 지수(TR),4075.36678513,8669,0.0
2026-03-27,A484790,KODEX 미국30년국채액티브(H),안전,해외채권_종합,global_bond,government,KEDI-KAP 미국 국채 20+ 지수(TR),4075.36678513,8625,-0.005075556580920515
2026-03-30,A484790,KODEX 미국30년국채액티브(H),안전,해외채권_종합,global_bond,government,KEDI-KAP 미국 국채 20+ 지수(TR),4075.36678513,8650,0.0028985507246377384
2026-03-31,A484790,KODEX 미국30년국채액티브(H),안전,해외채권_종합,global_bond,government,KEDI-KAP 미국 국채 20+ 지수(TR),4075.36678513,8710,0.006936416184971206
2026-04-01,A484790,KODEX 미국30년국채액티브(H),안전,해외채권_종합,global_bond,government,KEDI-KAP 미국 국채 20+ 지수(TR),4075.36678513,8750,0.004592422502870175
2026-04-02,A484790,KODEX 미국30년국채액티브(H),안전,해외채권_종합,global_bond,government,KEDI-KAP 미국 국채 20+ 지수(TR),4075.36678513,8640,-0.012571428571428567
2026-04-03,A484790,KODEX 미국30년국채액티브(H),안전,해외채권_종합,global_bond,government,KEDI-KAP 미국 국채 20+ 지수(TR),4075.36678513,8725,0.00983796296296302
2026-04-06,A484790,KODEX 미국30년국채액티브(H),안전,해외채권_종합,global_bond,government,KEDI-KAP 미국 국채 20+ 지수(TR),4075.36678513,8680,-0.005157593123209181
2026-04-07,A484790,KODEX 미국30년국채액티브(H),안전,해외채권_종합,global_bond,government,KEDI-KAP 미국 국채 20+ 지수(TR),4075.36678513,8700,0.0023041474654377225
2026-04-08,A484790,KODEX 미국30년국채액티브(H),안전,해외채권_종합,global_bond,government,KEDI-KAP 미국 국채 20+ 지수(TR),4075.36678513,8790,0.010344827586206806
2026-04-09,A484790,KODEX 미국30년국채액티브(H),안전,해외채권_종합,global_bond,government,KEDI-KAP 미국 국채 20+ 지수(TR),4075.36678513,8740,-0.005688282138794132
2026-04-10,A484790,KODEX 미국30년국채액티브(H),안전,해외채권_종합,global_bond,government,KEDI-KAP 미국 국채 20+ 지수(TR),4075.36678513,8730,-0.0011441647597254523
2026-04-13,A484790,KODEX 미국30년국채액티브(H),안전,해외채권_종합,global_bond,government,KEDI-KAP 미국 국채 20+ 지수(TR),4075.36678513,8675,-0.006300114547537206
2026-04-14,A484790,KODEX 미국30년국채액티브(H),안전,해외채권_종합,global_bond,government,KEDI-KAP 미국 국채 20+ 지수(TR),4075.36678513,8740,0.007492795389048901
2026-04-15,A484790,KODEX 미국30년국채액티브(H),안전,해외채권_종합,global_bond,government,KEDI-KAP 미국 국채 20+ 지수(TR),4075.36678513,8785,0.005148741418764313
2026-04-16,A484790,KODEX 미국30년국채액티브(H),안전,해외채권_종합,global_bond,government,KEDI-KAP 미국 국채 20+ 지수(TR),4075.36678513,8745,-0.004553215708594238
2026-04-17,A484790,KODEX 미국30년국채액티브(H),안전,해외채권_종합,global_bond,government,KEDI-KAP 미국 국채 20+ 지수(TR),4075.36678513,8685,-0.006861063464837058
2026-04-20,A484790,KODEX 미국30년국채액티브(H),안전,해외채권_종합,global_bond,government,KEDI-KAP 미국 국채 20+ 지수(TR),4075.36678513,8740,0.0063327576280944875
2026-04-21,A484790,KODEX 미국30년국채액티브(H),안전,해외채권_종합,global_bond,government,KEDI-KAP 미국 국채 20+ 지수(TR),4075.36678513,8765,0.0028604118993134087
2026-04-22,A484790,KODEX 미국30년국채액티브(H),안전,해외채권_종합,global_bond,government,KEDI-KAP 미국 국채 20+ 지수(TR),4075.36678513,8735,-0.00342270393610955
2026-04-23,A484790,KODEX 미국30년국채액티브(H),안전,해외채권_종합,global_bond,government,KEDI-KAP 미국 국채 20+ 지수(TR),4075.36678513,8705,-0.0034344590726960167
2026-04-24,A484790,KODEX 미국30년국채액티브(H),안전,해외채권_종합,global_bond,government,KEDI-KAP 미국 국채 20+ 지수(TR),4075.36678513,8715,0.0011487650775416913
2026-04-27,A484790,KODEX 미국30년국채액티브(H),안전,해외채권_종합,global_bond,government,KEDI-KAP 미국 국채 20+ 지수(TR),4075.36678513,8740,0.002868617326448719
2026-04-28,A484790,KODEX 미국30년국채액티브(H),안전,해외채권_종합,global_bond,government,KEDI-KAP 미국 국채 20+ 지수(TR),4075.36678513,8680,-0.006864988558352381
2026-04-29,A484790,KODEX 미국30년국채액티브(H),안전,해외채권_종합,global_bond,government,KEDI-KAP 미국 국채 20+ 지수(TR),4075.36678513,8650,-0.003456221198156695
2026-04-30,A484790,KODEX 미국30년국채액티브(H),안전,해외채권_종합,global_bond,government,KEDI-KAP 미국 국채 20+ 지수(TR),4075.36678513,8575,-0.00867052023121384
2026-05-04,A484790,KODEX 미국30년국채액티브(H),안전,해외채권_종합,global_bond,government,KEDI-KAP 미국 국채 20+ 지수(TR),4075.36678513,8590,0.0017492711370261649
2026-05-06,A484790,KODEX 미국30년국채액티브(H),안전,해외채권_종합,global_bond,government,KEDI-KAP 미국 국채 20+ 지수(TR),4075.36678513,8625,0.004074505238649495
2026-05-07,A484790,KODEX 미국30년국채액티브(H),안전,해외채권_종합,global_bond,government,KEDI-KAP 미국 국채 20+ 지수(TR),4075.36678513,8670,0.00521739130434784
2026-05-08,A484790,KODEX 미국30년국채액티브(H),안전,해외채권_종합,global_bond,government,KEDI-KAP 미국 국채 20+ 지수(TR),4075.36678513,8630,-0.0046136101499423265
2026-05-11,A484790,KODEX 미국30년국채액티브(H),안전,해외채권_종합,global_bond,government,KEDI-KAP 미국 국채 20+ 지수(TR),4075.36678513,8610,-0.002317497103128674
2026-05-12,A484790,KODEX 미국30년국채액티브(H),안전,해외채권_종합,global_bond,government,KEDI-KAP 미국 국채 20+ 지수(TR),4075.36678513,8580,-0.0034843205574912606
2026-05-13,A484790,KODEX 미국30년국채액티브(H),안전,해외채권_종합,global_bond,government,KEDI-KAP 미국 국채 20+ 지수(TR),4075.36678513,8555,-0.002913752913752954
2026-05-14,A484790,KODEX 미국30년국채액티브(H),안전,해외채권_종합,global_bond,government,KEDI-KAP 미국 국채 20+ 지수(TR),4075.36678513,8520,-0.004091174751607252
2026-05-15,A484790,KODEX 미국30년국채액티브(H),안전,해외채권_종합,global_bond,government,KEDI-KAP 미국 국채 20+ 지수(TR),4075.36678513,8465,-0.006455399061032874
2026-05-18,A484790,KODEX 미국30년국채액티브(H),안전,해외채권_종합,global_bond,government,KEDI-KAP 미국 국채 20+ 지수(TR),4075.36678513,8375,-0.010632014176018889
2026-05-19,A484790,KODEX 미국30년국채액티브(H),안전,해외채권_종합,global_bond,government,KEDI-KAP 미국 국채 20+ 지수(TR),4075.36678513,8370,-0.0005970149253731183
2026-05-20,A484790,KODEX 미국30년국채액티브(H),안전,해외채권_종합,global_bond,government,KEDI-KAP 미국 국채 20+ 지수(TR),4075.36678513,8335,-0.004181600955794451
2026-05-21,A484790,KODEX 미국30년국채액티브(H),안전,해외채권_종합,global_bond,government,KEDI-KAP 미국 국채 20+ 지수(TR),4075.36678513,8400,0.007798440311937549
2026-05-22,A484790,KODEX 미국30년국채액티브(H),안전,해외채권_종합,global_bond,government,KEDI-KAP 미국 국채 20+ 지수(TR),4075.36678513,8450,0.005952380952380931
2026-01-02,A489000,PLUS 일본엔화초단기국채(합성),안전,해외채권_종합,global_bond,government,KAP 일본 단기 국채 지수(총수익),108.4270202,9720,-0.005626598465473198
2026-01-05,A489000,PLUS 일본엔화초단기국채(합성),안전,해외채권_종합,global_bond,government,KAP 일본 단기 국채 지수(총수익),108.4270202,9730,0.0010288065843622185
2026-01-06,A489000,PLUS 일본엔화초단기국채(합성),안전,해외채권_종합,global_bond,government,KAP 일본 단기 국채 지수(총수익),108.4270202,9785,0.005652620760534521
2026-01-07,A489000,PLUS 일본엔화초단기국채(합성),안전,해외채권_종합,global_bond,government,KAP 일본 단기 국채 지수(총수익),108.4270202,9785,0.0
2026-01-08,A489000,PLUS 일본엔화초단기국채(합성),안전,해외채권_종합,global_bond,government,KAP 일본 단기 국채 지수(총수익),108.4270202,9795,0.0010219724067450642
2026-01-09,A489000,PLUS 일본엔화초단기국채(합성),안전,해외채권_종합,global_bond,government,KAP 일본 단기 국채 지수(총수익),108.4270202,9795,0.0
2026-01-12,A489000,PLUS 일본엔화초단기국채(합성),안전,해외채권_종합,global_bond,government,KAP 일본 단기 국채 지수(총수익),108.4270202,9825,0.003062787136294043
2026-01-13,A489000,PLUS 일본엔화초단기국채(합성),안전,해외채권_종합,global_bond,government,KAP 일본 단기 국채 지수(총수익),108.4270202,9815,-0.0010178117048346147
2026-01-14,A489000,PLUS 일본엔화초단기국채(합성),안전,해외채권_종합,global_bond,government,KAP 일본 단기 국채 지수(총수익),108.4270202,9810,-0.0005094243504839557
2026-01-15,A489000,PLUS 일본엔화초단기국채(합성),안전,해외채권_종합,global_bond,government,KAP 일본 단기 국채 지수(총수익),108.4270202,9800,-0.0010193679918450993
2026-01-16,A489000,PLUS 일본엔화초단기국채(합성),안전,해외채권_종합,global_bond,government,KAP 일본 단기 국채 지수(총수익),108.4270202,9845,0.004591836734693988
2026-01-19,A489000,PLUS 일본엔화초단기국채(합성),안전,해외채권_종합,global_bond,government,KAP 일본 단기 국채 지수(총수익),108.4270202,9860,0.001523616048755727
2026-01-20,A489000,PLUS 일본엔화초단기국채(합성),안전,해외채권_종합,global_bond,government,KAP 일본 단기 국채 지수(총수익),108.4270202,9870,0.0010141987829614951
2026-01-21,A489000,PLUS 일본엔화초단기국채(합성),안전,해외채권_종합,global_bond,government,KAP 일본 단기 국채 지수(총수익),108.4270202,9830,-0.004052684903748771
2026-01-22,A489000,PLUS 일본엔화초단기국채(합성),안전,해외채권_종합,global_bond,government,KAP 일본 단기 국채 지수(총수익),108.4270202,9785,-0.004577822990844305
2026-01-23,A489000,PLUS 일본엔화초단기국채(합성),안전,해외채권_종합,global_bond,government,KAP 일본 단기 국채 지수(총수익),108.4270202,9770,-0.0015329586101174852
2026-01-26,A489000,PLUS 일본엔화초단기국채(합성),안전,해외채권_종합,global_bond,government,KAP 일본 단기 국채 지수(총수익),108.4270202,9885,0.011770726714432023
2026-01-27,A489000,PLUS 일본엔화초단기국채(합성),안전,해외채권_종합,global_bond,government,KAP 일본 단기 국채 지수(총수익),108.4270202,9880,-0.0005058168942843055
2026-01-28,A489000,PLUS 일본엔화초단기국채(합성),안전,해외채권_종합,global_bond,government,KAP 일본 단기 국채 지수(총수익),108.4270202,9855,-0.0025303643724696734
2026-01-29,A489000,PLUS 일본엔화초단기국채(합성),안전,해외채권_종합,global_bond,government,KAP 일본 단기 국채 지수(총수익),108.4270202,9855,0.0
2026-01-30,A489000,PLUS 일본엔화초단기국채(합성),안전,해외채권_종합,global_bond,government,KAP 일본 단기 국채 지수(총수익),108.4270202,9890,0.003551496702181689
2026-02-02,A489000,PLUS 일본엔화초단기국채(합성),안전,해외채권_종합,global_bond,government,KAP 일본 단기 국채 지수(총수익),108.4270202,9985,0.009605662285136596
2026-02-03,A489000,PLUS 일본엔화초단기국채(합성),안전,해외채권_종합,global_bond,government,KAP 일본 단기 국채 지수(총수익),108.4270202,9830,-0.015523284927391079
2026-02-04,A489000,PLUS 일본엔화초단기국채(합성),안전,해외채권_종합,global_bond,government,KAP 일본 단기 국채 지수(총수익),108.4270202,9800,-0.003051881993896277
2026-02-05,A489000,PLUS 일본엔화초단기국채(합성),안전,해외채권_종합,global_bond,government,KAP 일본 단기 국채 지수(총수익),108.4270202,9885,0.00867346938775504
2026-02-06,A489000,PLUS 일본엔화초단기국채(합성),안전,해외채권_종합,global_bond,government,KAP 일본 단기 국채 지수(총수익),108.4270202,9900,0.0015174506828528056
2026-02-09,A489000,PLUS 일본엔화초단기국채(합성),안전,해외채권_종합,global_bond,government,KAP 일본 단기 국채 지수(총수익),108.4270202,9870,-0.00303030303030305
2026-02-10,A489000,PLUS 일본엔화초단기국채(합성),안전,해외채권_종합,global_bond,government,KAP 일본 단기 국채 지수(총수익),108.4270202,9925,0.005572441742654588
2026-02-11,A489000,PLUS 일본엔화초단기국채(합성),안전,해외채권_종합,global_bond,government,KAP 일본 단기 국채 지수(총수익),108.4270202,10015,0.00906801007556668
2026-02-12,A489000,PLUS 일본엔화초단기국채(합성),안전,해외채권_종합,global_bond,government,KAP 일본 단기 국채 지수(총수익),108.4270202,9915,-0.009985022466300508
2026-02-13,A489000,PLUS 일본엔화초단기국채(합성),안전,해외채권_종합,global_bond,government,KAP 일본 단기 국채 지수(총수익),108.4270202,9975,0.00605143721633894
2026-02-19,A489000,PLUS 일본엔화초단기국채(합성),안전,해외채권_종합,global_bond,government,KAP 일본 단기 국채 지수(총수익),108.4270202,9850,-0.01253132832080206
2026-02-20,A489000,PLUS 일본엔화초단기국채(합성),안전,해외채권_종합,global_bond,government,KAP 일본 단기 국채 지수(총수익),108.4270202,9860,0.0010152284263960087
2026-02-23,A489000,PLUS 일본엔화초단기국채(합성),안전,해외채권_종합,global_bond,government,KAP 일본 단기 국채 지수(총수익),108.4270202,9875,0.0015212981744421317
2026-02-24,A489000,PLUS 일본엔화초단기국채(합성),안전,해외채권_종합,global_bond,government,KAP 일본 단기 국채 지수(총수익),108.4270202,9835,-0.0040506329113924044
2026-02-25,A489000,PLUS 일본엔화초단기국채(합성),안전,해외채권_종합,global_bond,government,KAP 일본 단기 국채 지수(총수익),108.4270202,9715,-0.012201321809862775
2026-02-26,A489000,PLUS 일본엔화초단기국채(합성),안전,해외채권_종합,global_bond,government,KAP 일본 단기 국채 지수(총수익),108.4270202,9660,-0.005661348430262447
2026-02-27,A489000,PLUS 일본엔화초단기국채(합성),안전,해외채권_종합,global_bond,government,KAP 일본 단기 국채 지수(총수익),108.4270202,9760,0.010351966873705987
2026-03-03,A489000,PLUS 일본엔화초단기국채(합성),안전,해외채권_종합,global_bond,government,KAP 일본 단기 국채 지수(총수익),108.4270202,9845,0.008709016393442681
2026-03-04,A489000,PLUS 일본엔화초단기국채(합성),안전,해외채권_종합,global_bond,government,KAP 일본 단기 국채 지수(총수익),108.4270202,9900,0.005586592178770999
2026-03-05,A489000,PLUS 일본엔화초단기국채(합성),안전,해외채권_종합,global_bond,government,KAP 일본 단기 국채 지수(총수익),108.4270202,9880,-0.002020202020202033
2026-03-06,A489000,PLUS 일본엔화초단기국채(합성),안전,해외채권_종합,global_bond,government,KAP 일본 단기 국채 지수(총수익),108.4270202,9880,0.0
2026-03-09,A489000,PLUS 일본엔화초단기국채(합성),안전,해외채권_종합,global_bond,government,KAP 일본 단기 국채 지수(총수익),108.4270202,9955,0.007591093117408798
2026-03-10,A489000,PLUS 일본엔화초단기국채(합성),안전,해외채권_종합,global_bond,government,KAP 일본 단기 국채 지수(총수익),108.4270202,9860,-0.009542943244600699
2026-03-11,A489000,PLUS 일본엔화초단기국채(합성),안전,해외채권_종합,global_bond,government,KAP 일본 단기 국채 지수(총수익),108.4270202,9810,-0.005070993914807254
2026-03-12,A489000,PLUS 일본엔화초단기국채(합성),안전,해외채권_종합,global_bond,government,KAP 일본 단기 국채 지수(총수익),108.4270202,9840,0.003058103975535076
2026-03-13,A489000,PLUS 일본엔화초단기국채(합성),안전,해외채권_종합,global_bond,government,KAP 일본 단기 국채 지수(총수익),108.4270202,9895,0.0055894308943089666
2026-03-16,A489000,PLUS 일본엔화초단기국채(합성),안전,해외채권_종합,global_bond,government,KAP 일본 단기 국채 지수(총수익),108.4270202,9925,0.003031834259727084
2026-03-17,A489000,PLUS 일본엔화초단기국채(합성),안전,해외채권_종합,global_bond,government,KAP 일본 단기 국채 지수(총수익),108.4270202,9905,-0.002015113350125941
2026-03-18,A489000,PLUS 일본엔화초단기국채(합성),안전,해외채권_종합,global_bond,government,KAP 일본 단기 국채 지수(총수익),108.4270202,9875,-0.003028773346794522
2026-03-19,A489000,PLUS 일본엔화초단기국채(합성),안전,해외채권_종합,global_bond,government,KAP 일본 단기 국채 지수(총수익),108.4270202,9920,0.004556962025316524
2026-03-20,A489000,PLUS 일본엔화초단기국채(합성),안전,해외채권_종합,global_bond,government,KAP 일본 단기 국채 지수(총수익),108.4270202,10015,0.009576612903225756
2026-03-23,A489000,PLUS 일본엔화초단기국채(합성),안전,해외채권_종합,global_bond,government,KAP 일본 단기 국채 지수(총수익),108.4270202,10040,0.0024962556165750716
2026-03-24,A489000,PLUS 일본엔화초단기국채(합성),안전,해외채권_종합,global_bond,government,KAP 일본 단기 국채 지수(총수익),108.4270202,9965,-0.007470119521912344
2026-03-25,A489000,PLUS 일본엔화초단기국채(합성),안전,해외채권_종합,global_bond,government,KAP 일본 단기 국채 지수(총수익),108.4270202,9970,0.0005017561465128217
2026-03-26,A489000,PLUS 일본엔화초단기국채(합성),안전,해외채권_종합,global_bond,government,KAP 일본 단기 국채 지수(총수익),108.4270202,9980,0.0010030090270811698
2026-03-27,A489000,PLUS 일본엔화초단기국채(합성),안전,해외채권_종합,global_bond,government,KAP 일본 단기 국채 지수(총수익),108.4270202,9990,0.0010020040080160886
2026-03-30,A489000,PLUS 일본엔화초단기국채(합성),안전,해외채권_종합,global_bond,government,KAP 일본 단기 국채 지수(총수익),108.4270202,10025,0.003503503503503591
2026-03-31,A489000,PLUS 일본엔화초단기국채(합성),안전,해외채권_종합,global_bond,government,KAP 일본 단기 국채 지수(총수익),108.4270202,10150,0.012468827930174564
2026-04-01,A489000,PLUS 일본엔화초단기국채(합성),안전,해외채권_종합,global_bond,government,KAP 일본 단기 국채 지수(총수익),108.4270202,10020,-0.012807881773398977
2026-04-02,A489000,PLUS 일본엔화초단기국채(합성),안전,해외채권_종합,global_bond,government,KAP 일본 단기 국채 지수(총수익),108.4270202,10080,0.0059880239520957446
2026-04-03,A489000,PLUS 일본엔화초단기국채(합성),안전,해외채권_종합,global_bond,government,KAP 일본 단기 국채 지수(총수익),108.4270202,9970,-0.010912698412698374
2026-04-06,A489000,PLUS 일본엔화초단기국채(합성),안전,해외채권_종합,global_bond,government,KAP 일본 단기 국채 지수(총수익),108.4270202,9970,0.0
2026-04-07,A489000,PLUS 일본엔화초단기국채(합성),안전,해외채권_종합,global_bond,government,KAP 일본 단기 국채 지수(총수익),108.4270202,9950,-0.0020060180541624506
2026-04-08,A489000,PLUS 일본엔화초단기국채(합성),안전,해외채권_종합,global_bond,government,KAP 일본 단기 국채 지수(총수익),108.4270202,9840,-0.011055276381909507
2026-04-09,A489000,PLUS 일본엔화초단기국채(합성),안전,해외채권_종합,global_bond,government,KAP 일본 단기 국채 지수(총수익),108.4270202,9860,0.00203252032520318
2026-04-10,A489000,PLUS 일본엔화초단기국채(합성),안전,해외채권_종합,global_bond,government,KAP 일본 단기 국채 지수(총수익),108.4270202,9835,-0.002535496957403627
2026-04-13,A489000,PLUS 일본엔화초단기국채(합성),안전,해외채권_종합,global_bond,government,KAP 일본 단기 국채 지수(총수익),108.4270202,9865,0.0030503304524656105
2026-04-14,A489000,PLUS 일본엔화초단기국채(합성),안전,해외채권_종합,global_bond,government,KAP 일본 단기 국채 지수(총수익),108.4270202,9835,-0.003041054232133855
2026-04-15,A489000,PLUS 일본엔화초단기국채(합성),안전,해외채권_종합,global_bond,government,KAP 일본 단기 국채 지수(총수익),108.4270202,9805,-0.0030503304524657215
2026-04-16,A489000,PLUS 일본엔화초단기국채(합성),안전,해외채권_종합,global_bond,government,KAP 일본 단기 국채 지수(총수익),108.4270202,9800,-0.0005099439061703182
2026-04-17,A489000,PLUS 일본엔화초단기국채(합성),안전,해외채권_종합,global_bond,government,KAP 일본 단기 국채 지수(총수익),108.4270202,9830,0.003061224489795844
2026-04-20,A489000,PLUS 일본엔화초단기국채(합성),안전,해외채권_종합,global_bond,government,KAP 일본 단기 국채 지수(총수익),108.4270202,9815,-0.0015259409969481386
2026-04-21,A489000,PLUS 일본엔화초단기국채(합성),안전,해외채권_종합,global_bond,government,KAP 일본 단기 국채 지수(총수익),108.4270202,9785,-0.0030565461029037344
2026-04-22,A489000,PLUS 일본엔화초단기국채(합성),안전,해외채권_종합,global_bond,government,KAP 일본 단기 국채 지수(총수익),108.4270202,9805,0.0020439448134901284
2026-04-23,A489000,PLUS 일본엔화초단기국채(합성),안전,해외채권_종합,global_bond,government,KAP 일본 단기 국채 지수(총수익),108.4270202,9815,0.0010198878123406363
2026-04-24,A489000,PLUS 일본엔화초단기국채(합성),안전,해외채권_종합,global_bond,government,KAP 일본 단기 국채 지수(총수익),108.4270202,9820,0.0005094243504839557
2026-04-27,A489000,PLUS 일본엔화초단기국채(합성),안전,해외채권_종합,global_bond,government,KAP 일본 단기 국채 지수(총수익),108.4270202,9765,-0.005600814663951126
2026-04-28,A489000,PLUS 일본엔화초단기국채(합성),안전,해외채권_종합,global_bond,government,KAP 일본 단기 국채 지수(총수익),108.4270202,9785,0.0020481310803890374
2026-04-29,A489000,PLUS 일본엔화초단기국채(합성),안전,해외채권_종합,global_bond,government,KAP 일본 단기 국채 지수(총수익),108.4270202,9790,0.0005109862033725321
2026-04-30,A489000,PLUS 일본엔화초단기국채(합성),안전,해외채권_종합,global_bond,government,KAP 일본 단기 국채 지수(총수익),108.4270202,9760,-0.003064351378958108
2026-05-04,A489000,PLUS 일본엔화초단기국채(합성),안전,해외채권_종합,global_bond,government,KAP 일본 단기 국채 지수(총수익),108.4270202,9870,0.01127049180327866
2026-05-06,A489000,PLUS 일본엔화초단기국채(합성),안전,해외채권_종합,global_bond,government,KAP 일본 단기 국채 지수(총수익),108.4270202,9840,-0.003039513677811523
2026-05-07,A489000,PLUS 일본엔화초단기국채(합성),안전,해외채권_종합,global_bond,government,KAP 일본 단기 국채 지수(총수익),108.4270202,9830,-0.00101626016260159
2026-05-08,A489000,PLUS 일본엔화초단기국채(합성),안전,해외채권_종합,global_bond,government,KAP 일본 단기 국채 지수(총수익),108.4270202,9910,0.008138351983723258
2026-05-11,A489000,PLUS 일본엔화초단기국채(합성),안전,해외채권_종합,global_bond,government,KAP 일본 단기 국채 지수(총수익),108.4270202,9915,0.0005045408678103769
2026-05-12,A489000,PLUS 일본엔화초단기국채(합성),안전,해외채권_종합,global_bond,government,KAP 일본 단기 국채 지수(총수익),108.4270202,9995,0.008068582955118586
2026-05-13,A489000,PLUS 일본엔화초단기국채(합성),안전,해외채권_종합,global_bond,government,KAP 일본 단기 국채 지수(총수익),108.4270202,9990,-0.0005002501250624958
2026-05-14,A489000,PLUS 일본엔화초단기국채(합성),안전,해외채권_종합,global_bond,government,KAP 일본 단기 국채 지수(총수익),108.4270202,9980,-0.0010010010010009784
2026-05-15,A489000,PLUS 일본엔화초단기국채(합성),안전,해외채권_종합,global_bond,government,KAP 일본 단기 국채 지수(총수익),108.4270202,10010,0.0030060120240480437
2026-05-18,A489000,PLUS 일본엔화초단기국채(합성),안전,해외채권_종합,global_bond,government,KAP 일본 단기 국채 지수(총수익),108.4270202,9980,-0.0029970029970030065
2026-05-19,A489000,PLUS 일본엔화초단기국채(합성),안전,해외채권_종합,global_bond,government,KAP 일본 단기 국채 지수(총수익),108.4270202,10010,0.0030060120240480437
2026-05-20,A489000,PLUS 일본엔화초단기국채(합성),안전,해외채권_종합,global_bond,government,KAP 일본 단기 국채 지수(총수익),108.4270202,10020,0.0009990009990010762
2026-05-21,A489000,PLUS 일본엔화초단기국채(합성),안전,해외채권_종합,global_bond,government,KAP 일본 단기 국채 지수(총수익),108.4270202,10005,-0.0014970059880239361
2026-05-22,A489000,PLUS 일본엔화초단기국채(합성),안전,해외채권_종합,global_bond,government,KAP 일본 단기 국채 지수(총수익),108.4270202,10075,0.006996501749125361
