Date,티커,ETF명,구분1,구분2,sector_main,sector_sub,기초지수,AUM(억원),종가,일별수익률
2026-01-02,A0016X0,SOL 중단기회사채(A-이상)액티브,안전,국내채권_회사채,korea_bond,credit,KIS 중단기크레딧플러스채권(AA+~A-)지수(총수익),1083.29912369,50705,0.0003945940613594434
2026-01-05,A0016X0,SOL 중단기회사채(A-이상)액티브,안전,국내채권_회사채,korea_bond,credit,KIS 중단기크레딧플러스채권(AA+~A-)지수(총수익),1083.29912369,50725,0.0003944384183018901
2026-01-06,A0016X0,SOL 중단기회사채(A-이상)액티브,안전,국내채권_회사채,korea_bond,credit,KIS 중단기크레딧플러스채권(AA+~A-)지수(총수익),1083.29912369,50730,9.857072449492854e-05
2026-01-07,A0016X0,SOL 중단기회사채(A-이상)액티브,안전,국내채권_회사채,korea_bond,credit,KIS 중단기크레딧플러스채권(AA+~A-)지수(총수익),1083.29912369,50760,0.0005913660555885158
2026-01-08,A0016X0,SOL 중단기회사채(A-이상)액티브,안전,국내채권_회사채,korea_bond,credit,KIS 중단기크레딧플러스채권(AA+~A-)지수(총수익),1083.29912369,50785,0.0004925137903861732
2026-01-09,A0016X0,SOL 중단기회사채(A-이상)액티브,안전,국내채권_회사채,korea_bond,credit,KIS 중단기크레딧플러스채권(AA+~A-)지수(총수익),1083.29912369,50780,-9.845426799248713e-05
2026-01-12,A0016X0,SOL 중단기회사채(A-이상)액티브,안전,국내채권_회사채,korea_bond,credit,KIS 중단기크레딧플러스채권(AA+~A-)지수(총수익),1083.29912369,50780,0.0
2026-01-13,A0016X0,SOL 중단기회사채(A-이상)액티브,안전,국내채권_회사채,korea_bond,credit,KIS 중단기크레딧플러스채권(AA+~A-)지수(총수익),1083.29912369,50770,-0.0001969279243796418
2026-01-14,A0016X0,SOL 중단기회사채(A-이상)액티브,안전,국내채권_회사채,korea_bond,credit,KIS 중단기크레딧플러스채권(AA+~A-)지수(총수익),1083.29912369,50785,0.0002954500689382744
2026-01-15,A0016X0,SOL 중단기회사채(A-이상)액티브,안전,국내채권_회사채,korea_bond,credit,KIS 중단기크레딧플러스채권(AA+~A-)지수(총수익),1083.29912369,50765,-0.00039381707197005955
2026-01-16,A0016X0,SOL 중단기회사채(A-이상)액티브,안전,국내채권_회사채,korea_bond,credit,KIS 중단기크레딧플러스채권(AA+~A-)지수(총수익),1083.29912369,50775,0.0001969861124790917
2026-01-19,A0016X0,SOL 중단기회사채(A-이상)액티브,안전,국내채권_회사채,korea_bond,credit,KIS 중단기크레딧플러스채권(AA+~A-)지수(총수익),1083.29912369,50760,-0.0002954209748892156
2026-01-20,A0016X0,SOL 중단기회사채(A-이상)액티브,안전,국내채권_회사채,korea_bond,credit,KIS 중단기크레딧플러스채권(AA+~A-)지수(총수익),1083.29912369,50745,-0.0002955082742316373
2026-01-21,A0016X0,SOL 중단기회사채(A-이상)액티브,안전,국내채권_회사채,korea_bond,credit,KIS 중단기크레딧플러스채권(AA+~A-)지수(총수익),1083.29912369,50775,0.0005911912503695493
2026-01-22,A0016X0,SOL 중단기회사채(A-이상)액티브,안전,국내채권_회사채,korea_bond,credit,KIS 중단기크레딧플러스채권(AA+~A-)지수(총수익),1083.29912369,50785,0.0001969473165928104
2026-01-23,A0016X0,SOL 중단기회사채(A-이상)액티브,안전,국내채권_회사채,korea_bond,credit,KIS 중단기크레딧플러스채권(AA+~A-)지수(총수익),1083.29912369,50780,-9.845426799248713e-05
2026-01-26,A0016X0,SOL 중단기회사채(A-이상)액티브,안전,국내채권_회사채,korea_bond,credit,KIS 중단기크레딧플러스채권(AA+~A-)지수(총수익),1083.29912369,50805,0.0004923198109492155
2026-01-27,A0016X0,SOL 중단기회사채(A-이상)액티브,안전,국내채권_회사채,korea_bond,credit,KIS 중단기크레딧플러스채권(AA+~A-)지수(총수익),1083.29912369,50800,-9.841551028444417e-05
2026-01-28,A0016X0,SOL 중단기회사채(A-이상)액티브,안전,국내채권_회사채,korea_bond,credit,KIS 중단기크레딧플러스채권(AA+~A-)지수(총수익),1083.29912369,50810,0.00019685039370087587
2026-01-29,A0016X0,SOL 중단기회사채(A-이상)액티브,안전,국내채권_회사채,korea_bond,credit,KIS 중단기크레딧플러스채권(AA+~A-)지수(총수익),1083.29912369,50795,-0.00029521747687466515
2026-01-30,A0016X0,SOL 중단기회사채(A-이상)액티브,안전,국내채권_회사채,korea_bond,credit,KIS 중단기크레딧플러스채권(AA+~A-)지수(총수익),1083.29912369,50770,-0.0004921744266167538
2026-02-02,A0016X0,SOL 중단기회사채(A-이상)액티브,안전,국내채권_회사채,korea_bond,credit,KIS 중단기크레딧플러스채권(AA+~A-)지수(총수익),1083.29912369,50770,0.0
2026-02-03,A0016X0,SOL 중단기회사채(A-이상)액티브,안전,국내채권_회사채,korea_bond,credit,KIS 중단기크레딧플러스채권(AA+~A-)지수(총수익),1083.29912369,50745,-0.0004924167815638647
2026-02-04,A0016X0,SOL 중단기회사채(A-이상)액티브,안전,국내채권_회사채,korea_bond,credit,KIS 중단기크레딧플러스채권(AA+~A-)지수(총수익),1083.29912369,50725,-0.0003941275002463662
2026-02-05,A0016X0,SOL 중단기회사채(A-이상)액티브,안전,국내채권_회사채,korea_bond,credit,KIS 중단기크레딧플러스채권(AA+~A-)지수(총수익),1083.29912369,50735,0.00019714144898963504
2026-02-06,A0016X0,SOL 중단기회사채(A-이상)액티브,안전,국내채권_회사채,korea_bond,credit,KIS 중단기크레딧플러스채권(AA+~A-)지수(총수익),1083.29912369,50715,-0.0003942051837981797
2026-02-09,A0016X0,SOL 중단기회사채(A-이상)액티브,안전,국내채권_회사채,korea_bond,credit,KIS 중단기크레딧플러스채권(AA+~A-)지수(총수익),1083.29912369,50695,-0.000394360642807845
2026-02-10,A0016X0,SOL 중단기회사채(A-이상)액티브,안전,국내채권_회사채,korea_bond,credit,KIS 중단기크레딧플러스채권(AA+~A-)지수(총수익),1083.29912369,50725,0.0005917743367196415
2026-02-11,A0016X0,SOL 중단기회사채(A-이상)액티브,안전,국내채권_회사채,korea_bond,credit,KIS 중단기크레딧플러스채권(AA+~A-)지수(총수익),1083.29912369,50735,0.00019714144898963504
2026-02-12,A0016X0,SOL 중단기회사채(A-이상)액티브,안전,국내채권_회사채,korea_bond,credit,KIS 중단기크레딧플러스채권(AA+~A-)지수(총수익),1083.29912369,50790,0.0010840642554450497
2026-02-13,A0016X0,SOL 중단기회사채(A-이상)액티브,안전,국내채권_회사채,korea_bond,credit,KIS 중단기크레딧플러스채권(AA+~A-)지수(총수익),1083.29912369,50810,0.0003937783028156172
2026-02-19,A0016X0,SOL 중단기회사채(A-이상)액티브,안전,국내채권_회사채,korea_bond,credit,KIS 중단기크레딧플러스채권(AA+~A-)지수(총수익),1083.29912369,50805,-9.840582562492539e-05
2026-02-20,A0016X0,SOL 중단기회사채(A-이상)액티브,안전,국내채권_회사채,korea_bond,credit,KIS 중단기크레딧플러스채권(AA+~A-)지수(총수익),1083.29912369,50850,0.0008857395925598865
2026-02-23,A0016X0,SOL 중단기회사채(A-이상)액티브,안전,국내채권_회사채,korea_bond,credit,KIS 중단기크레딧플러스채권(AA+~A-)지수(총수익),1083.29912369,50855,9.83284169124854e-05
2026-02-24,A0016X0,SOL 중단기회사채(A-이상)액티브,안전,국내채권_회사채,korea_bond,credit,KIS 중단기크레딧플러스채권(AA+~A-)지수(총수익),1083.29912369,50855,0.0
2026-02-25,A0016X0,SOL 중단기회사채(A-이상)액티브,안전,국내채권_회사채,korea_bond,credit,KIS 중단기크레딧플러스채권(AA+~A-)지수(총수익),1083.29912369,50860,9.831874938548424e-05
2026-02-26,A0016X0,SOL 중단기회사채(A-이상)액티브,안전,국내채권_회사채,korea_bond,credit,KIS 중단기크레딧플러스채권(AA+~A-)지수(총수익),1083.29912369,50910,0.0009830908375934033
2026-02-27,A0016X0,SOL 중단기회사채(A-이상)액티브,안전,국내채권_회사채,korea_bond,credit,KIS 중단기크레딧플러스채권(AA+~A-)지수(총수익),1083.29912369,50935,0.0004910626595953094
2026-03-03,A0016X0,SOL 중단기회사채(A-이상)액티브,안전,국내채권_회사채,korea_bond,credit,KIS 중단기크레딧플러스채권(AA+~A-)지수(총수익),1083.29912369,50880,-0.0010798075979189248
2026-03-04,A0016X0,SOL 중단기회사채(A-이상)액티브,안전,국내채권_회사채,korea_bond,credit,KIS 중단기크레딧플러스채권(AA+~A-)지수(총수익),1083.29912369,50850,-0.000589622641509413
2026-03-05,A0016X0,SOL 중단기회사채(A-이상)액티브,안전,국내채권_회사채,korea_bond,credit,KIS 중단기크레딧플러스채권(AA+~A-)지수(총수익),1083.29912369,50890,0.0007866273352998832
2026-03-06,A0016X0,SOL 중단기회사채(A-이상)액티브,안전,국내채권_회사채,korea_bond,credit,KIS 중단기크레딧플러스채권(AA+~A-)지수(총수익),1083.29912369,50890,0.0
2026-03-09,A0016X0,SOL 중단기회사채(A-이상)액티브,안전,국내채권_회사채,korea_bond,credit,KIS 중단기크레딧플러스채권(AA+~A-)지수(총수익),1083.29912369,50780,-0.002161524857535846
2026-03-10,A0016X0,SOL 중단기회사채(A-이상)액티브,안전,국내채권_회사채,korea_bond,credit,KIS 중단기크레딧플러스채권(AA+~A-)지수(총수익),1083.29912369,50870,0.0017723513194169982
2026-03-11,A0016X0,SOL 중단기회사채(A-이상)액티브,안전,국내채권_회사채,korea_bond,credit,KIS 중단기크레딧플러스채권(AA+~A-)지수(총수익),1083.29912369,50905,0.0006880283074504057
2026-03-12,A0016X0,SOL 중단기회사채(A-이상)액티브,안전,국내채권_회사채,korea_bond,credit,KIS 중단기크레딧플러스채권(AA+~A-)지수(총수익),1083.29912369,50880,-0.0004911108928395969
2026-03-13,A0016X0,SOL 중단기회사채(A-이상)액티브,안전,국내채권_회사채,korea_bond,credit,KIS 중단기크레딧플러스채권(AA+~A-)지수(총수익),1083.29912369,50870,-0.00019654088050313767
2026-03-16,A0016X0,SOL 중단기회사채(A-이상)액티브,안전,국내채권_회사채,korea_bond,credit,KIS 중단기크레딧플러스채권(AA+~A-)지수(총수익),1083.29912369,50875,9.828975820713737e-05
2026-03-17,A0016X0,SOL 중단기회사채(A-이상)액티브,안전,국내채권_회사채,korea_bond,credit,KIS 중단기크레딧플러스채권(AA+~A-)지수(총수익),1083.29912369,50900,0.0004914004914005066
2026-03-18,A0016X0,SOL 중단기회사채(A-이상)액티브,안전,국내채권_회사채,korea_bond,credit,KIS 중단기크레딧플러스채권(AA+~A-)지수(총수익),1083.29912369,50920,0.00039292730844797674
2026-03-19,A0016X0,SOL 중단기회사채(A-이상)액티브,안전,국내채권_회사채,korea_bond,credit,KIS 중단기크레딧플러스채권(AA+~A-)지수(총수익),1083.29912369,50885,-0.0006873527101335375
2026-03-20,A0016X0,SOL 중단기회사채(A-이상)액티브,안전,국내채권_회사채,korea_bond,credit,KIS 중단기크레딧플러스채권(AA+~A-)지수(총수익),1083.29912369,50865,-0.00039304313648425016
2026-03-23,A0016X0,SOL 중단기회사채(A-이상)액티브,안전,국내채권_회사채,korea_bond,credit,KIS 중단기크레딧플러스채권(AA+~A-)지수(총수익),1083.29912369,50760,-0.0020642878207018933
2026-03-24,A0016X0,SOL 중단기회사채(A-이상)액티브,안전,국내채권_회사채,korea_bond,credit,KIS 중단기크레딧플러스채권(AA+~A-)지수(총수익),1083.29912369,50765,9.850275807732345e-05
2026-03-25,A0016X0,SOL 중단기회사채(A-이상)액티브,안전,국내채권_회사채,korea_bond,credit,KIS 중단기크레딧플러스채권(AA+~A-)지수(총수익),1083.29912369,50750,-0.00029547916871863755
2026-03-26,A0016X0,SOL 중단기회사채(A-이상)액티브,안전,국내채권_회사채,korea_bond,credit,KIS 중단기크레딧플러스채권(AA+~A-)지수(총수익),1083.29912369,50770,0.00039408866995072067
2026-03-27,A0016X0,SOL 중단기회사채(A-이상)액티브,안전,국내채권_회사채,korea_bond,credit,KIS 중단기크레딧플러스채권(AA+~A-)지수(총수익),1083.29912369,50735,-0.000689383494189455
2026-03-30,A0016X0,SOL 중단기회사채(A-이상)액티브,안전,국내채권_회사채,korea_bond,credit,KIS 중단기크레딧플러스채권(AA+~A-)지수(총수익),1083.29912369,50765,0.0005913077756971585
2026-03-31,A0016X0,SOL 중단기회사채(A-이상)액티브,안전,국내채권_회사채,korea_bond,credit,KIS 중단기크레딧플러스채권(AA+~A-)지수(총수익),1083.29912369,50755,-0.0001969861124790917
2026-04-01,A0016X0,SOL 중단기회사채(A-이상)액티브,안전,국내채권_회사채,korea_bond,credit,KIS 중단기크레딧플러스채권(AA+~A-)지수(총수익),1083.29912369,50825,0.001379174465569788
2026-04-02,A0016X0,SOL 중단기회사채(A-이상)액티브,안전,국내채권_회사채,korea_bond,credit,KIS 중단기크레딧플러스채권(AA+~A-)지수(총수익),1083.29912369,50805,-0.0003935071323167838
2026-04-03,A0016X0,SOL 중단기회사채(A-이상)액티브,안전,국내채권_회사채,korea_bond,credit,KIS 중단기크레딧플러스채권(AA+~A-)지수(총수익),1083.29912369,50835,0.000590493061706443
2026-04-06,A0016X0,SOL 중단기회사채(A-이상)액티브,안전,국내채권_회사채,korea_bond,credit,KIS 중단기크레딧플러스채권(AA+~A-)지수(총수익),1083.29912369,50855,0.0003934297236156681
2026-04-07,A0016X0,SOL 중단기회사채(A-이상)액티브,안전,국내채권_회사채,korea_bond,credit,KIS 중단기크레딧플러스채권(AA+~A-)지수(총수익),1083.29912369,50850,-9.831874938548424e-05
2026-04-08,A0016X0,SOL 중단기회사채(A-이상)액티브,안전,국내채권_회사채,korea_bond,credit,KIS 중단기크레딧플러스채권(AA+~A-)지수(총수익),1083.29912369,50925,0.001474926253687281
2026-04-09,A0016X0,SOL 중단기회사채(A-이상)액티브,안전,국내채권_회사채,korea_bond,credit,KIS 중단기크레딧플러스채권(AA+~A-)지수(총수익),1083.29912369,50945,0.00039273441335296866
2026-04-10,A0016X0,SOL 중단기회사채(A-이상)액티브,안전,국내채권_회사채,korea_bond,credit,KIS 중단기크레딧플러스채권(AA+~A-)지수(총수익),1083.29912369,50940,-9.814505839633725e-05
2026-04-13,A0016X0,SOL 중단기회사채(A-이상)액티브,안전,국내채권_회사채,korea_bond,credit,KIS 중단기크레딧플러스채권(AA+~A-)지수(총수익),1083.29912369,50935,-9.815469179430547e-05
2026-04-14,A0016X0,SOL 중단기회사채(A-이상)액티브,안전,국내채권_회사채,korea_bond,credit,KIS 중단기크레딧플러스채권(AA+~A-)지수(총수익),1083.29912369,50960,0.0004908216354175821
2026-04-15,A0016X0,SOL 중단기회사채(A-이상)액티브,안전,국내채권_회사채,korea_bond,credit,KIS 중단기크레딧플러스채권(AA+~A-)지수(총수익),1083.29912369,50980,0.0003924646781789942
2026-04-16,A0016X0,SOL 중단기회사채(A-이상)액티브,안전,국내채권_회사채,korea_bond,credit,KIS 중단기크레딧플러스채권(AA+~A-)지수(총수익),1083.29912369,50975,-9.80776775205694e-05
2026-04-17,A0016X0,SOL 중단기회사채(A-이상)액티브,안전,국내채권_회사채,korea_bond,credit,KIS 중단기크레딧플러스채권(AA+~A-)지수(총수익),1083.29912369,50965,-0.00019617459538989745
2026-04-20,A0016X0,SOL 중단기회사채(A-이상)액티브,안전,국내채권_회사채,korea_bond,credit,KIS 중단기크레딧플러스채권(AA+~A-)지수(총수익),1083.29912369,50990,0.0004905327185322772
2026-04-21,A0016X0,SOL 중단기회사채(A-이상)액티브,안전,국내채권_회사채,korea_bond,credit,KIS 중단기크레딧플러스채권(AA+~A-)지수(총수익),1083.29912369,51010,0.000392233771327799
2026-04-22,A0016X0,SOL 중단기회사채(A-이상)액티브,안전,국내채권_회사채,korea_bond,credit,KIS 중단기크레딧플러스채권(AA+~A-)지수(총수익),1083.29912369,51000,-0.0001960399921584477
2026-04-23,A0016X0,SOL 중단기회사채(A-이상)액티브,안전,국내채권_회사채,korea_bond,credit,KIS 중단기크레딧플러스채권(AA+~A-)지수(총수익),1083.29912369,50980,-0.00039215686274507444
2026-04-24,A0016X0,SOL 중단기회사채(A-이상)액티브,안전,국내채권_회사채,korea_bond,credit,KIS 중단기크레딧플러스채권(AA+~A-)지수(총수익),1083.29912369,50950,-0.0005884660651235274
2026-04-27,A0016X0,SOL 중단기회사채(A-이상)액티브,안전,국내채권_회사채,korea_bond,credit,KIS 중단기크레딧플러스채권(AA+~A-)지수(총수익),1083.29912369,50960,0.00019627085377815767
2026-04-28,A0016X0,SOL 중단기회사채(A-이상)액티브,안전,국내채권_회사채,korea_bond,credit,KIS 중단기크레딧플러스채권(AA+~A-)지수(총수익),1083.29912369,50955,-9.811616954469304e-05
2026-04-29,A0016X0,SOL 중단기회사채(A-이상)액티브,안전,국내채권_회사채,korea_bond,credit,KIS 중단기크레딧플러스채권(AA+~A-)지수(총수익),1083.29912369,50975,0.0003925031890883446
2026-04-30,A0016X0,SOL 중단기회사채(A-이상)액티브,안전,국내채권_회사채,korea_bond,credit,KIS 중단기크레딧플러스채권(AA+~A-)지수(총수익),1083.29912369,50945,-0.0005885237861696924
2026-05-04,A0016X0,SOL 중단기회사채(A-이상)액티브,안전,국내채권_회사채,korea_bond,credit,KIS 중단기크레딧플러스채권(AA+~A-)지수(총수익),1083.29912369,50950,9.814505839633725e-05
2026-05-06,A0016X0,SOL 중단기회사채(A-이상)액티브,안전,국내채권_회사채,korea_bond,credit,KIS 중단기크레딧플러스채권(AA+~A-)지수(총수익),1083.29912369,50945,-9.813542688907884e-05
2026-05-07,A0016X0,SOL 중단기회사채(A-이상)액티브,안전,국내채권_회사채,korea_bond,credit,KIS 중단기크레딧플러스채권(AA+~A-)지수(총수익),1083.29912369,51015,0.0013740308175482774
2026-05-08,A0016X0,SOL 중단기회사채(A-이상)액티브,안전,국내채권_회사채,korea_bond,credit,KIS 중단기크레딧플러스채권(AA+~A-)지수(총수익),1083.29912369,51015,0.0
2026-05-11,A0016X0,SOL 중단기회사채(A-이상)액티브,안전,국내채권_회사채,korea_bond,credit,KIS 중단기크레딧플러스채권(AA+~A-)지수(총수익),1083.29912369,51015,0.0
2026-05-12,A0016X0,SOL 중단기회사채(A-이상)액티브,안전,국내채권_회사채,korea_bond,credit,KIS 중단기크레딧플러스채권(AA+~A-)지수(총수익),1083.29912369,51000,-0.00029403116730375434
2026-05-13,A0016X0,SOL 중단기회사채(A-이상)액티브,안전,국내채권_회사채,korea_bond,credit,KIS 중단기크레딧플러스채권(AA+~A-)지수(총수익),1083.29912369,51010,0.00019607843137259273
2026-05-14,A0016X0,SOL 중단기회사채(A-이상)액티브,안전,국내채권_회사채,korea_bond,credit,KIS 중단기크레딧플러스채권(AA+~A-)지수(총수익),1083.29912369,51035,0.0004900999803960637
2026-05-15,A0016X0,SOL 중단기회사채(A-이상)액티브,안전,국내채권_회사채,korea_bond,credit,KIS 중단기크레딧플러스채권(AA+~A-)지수(총수익),1083.29912369,50985,-0.0009797198001371132
2026-05-18,A0016X0,SOL 중단기회사채(A-이상)액티브,안전,국내채권_회사채,korea_bond,credit,KIS 중단기크레딧플러스채권(AA+~A-)지수(총수익),1083.29912369,50970,-0.00029420417769931984
2026-05-19,A0016X0,SOL 중단기회사채(A-이상)액티브,안전,국내채권_회사채,korea_bond,credit,KIS 중단기크레딧플러스채권(AA+~A-)지수(총수익),1083.29912369,50995,0.000490484598783647
2026-05-20,A0016X0,SOL 중단기회사채(A-이상)액티브,안전,국내채권_회사채,korea_bond,credit,KIS 중단기크레딧플러스채권(AA+~A-)지수(총수익),1083.29912369,50990,-9.804882831654371e-05
2026-05-21,A0016X0,SOL 중단기회사채(A-이상)액티브,안전,국내채권_회사채,korea_bond,credit,KIS 중단기크레딧플러스채권(AA+~A-)지수(총수익),1083.29912369,51015,0.0004902922141596378
2026-05-22,A0016X0,SOL 중단기회사채(A-이상)액티브,안전,국내채권_회사채,korea_bond,credit,KIS 중단기크레딧플러스채권(AA+~A-)지수(총수익),1083.29912369,51025,0.0001960207782025769
2026-01-02,A114100,RISE 국고채3년,안전,국내채권_종합,korea_bond,government,KTB index(시장가격),1490.58625535,107575,0.0007907712345334161
2026-01-05,A114100,RISE 국고채3년,안전,국내채권_종합,korea_bond,government,KTB index(시장가격),1490.58625535,107560,-0.00013943760167323127
2026-01-06,A114100,RISE 국고채3년,안전,국내채권_종합,korea_bond,government,KTB index(시장가격),1490.58625535,107510,-0.00046485682409813656
2026-01-07,A114100,RISE 국고채3년,안전,국내채권_종합,korea_bond,government,KTB index(시장가격),1490.58625535,107684,0.0016184540972932204
2026-01-08,A114100,RISE 국고채3년,안전,국내채권_종합,korea_bond,government,KTB index(시장가격),1490.58625535,107739,0.0005107536867130502
2026-01-09,A114100,RISE 국고채3년,안전,국내채권_종합,korea_bond,government,KTB index(시장가격),1490.58625535,107679,-0.0005569014006070461
2026-01-12,A114100,RISE 국고채3년,안전,국내채권_종합,korea_bond,government,KTB index(시장가격),1490.58625535,107679,0.0
2026-01-13,A114100,RISE 국고채3년,안전,국내채권_종합,korea_bond,government,KTB index(시장가격),1490.58625535,107620,-0.0005479248507136436
2026-01-14,A114100,RISE 국고채3년,안전,국내채권_종합,korea_bond,government,KTB index(시장가격),1490.58625535,107639,0.00017654711020265168
2026-01-15,A114100,RISE 국고채3년,안전,국내채권_종합,korea_bond,government,KTB index(시장가격),1490.58625535,107346,-0.0027220617062588826
2026-01-16,A114100,RISE 국고채3년,안전,국내채권_종합,korea_bond,government,KTB index(시장가격),1490.58625535,107430,0.0007825163490022824
2026-01-19,A114100,RISE 국고채3년,안전,국내채권_종합,korea_bond,government,KTB index(시장가격),1490.58625535,107286,-0.0013404077073443377
2026-01-20,A114100,RISE 국고채3년,안전,국내채권_종합,korea_bond,government,KTB index(시장가격),1490.58625535,107072,-0.0019946684562757167
2026-01-21,A114100,RISE 국고채3년,안전,국내채권_종합,korea_bond,government,KTB index(시장가격),1490.58625535,107187,0.0010740436341900583
2026-01-22,A114100,RISE 국고채3년,안전,국내채권_종합,korea_bond,government,KTB index(시장가격),1490.58625535,107301,0.001063561812533198
2026-01-23,A114100,RISE 국고채3년,안전,국내채권_종합,korea_bond,government,KTB index(시장가격),1490.58625535,107187,-0.0010624318505885189
2026-01-26,A114100,RISE 국고채3년,안전,국내채권_종합,korea_bond,government,KTB index(시장가격),1490.58625535,107475,0.0026868930000840674
2026-01-27,A114100,RISE 국고채3년,안전,국내채권_종합,korea_bond,government,KTB index(시장가격),1490.58625535,107381,-0.0008746220051174536
2026-01-28,A114100,RISE 국고채3년,안전,국내채권_종합,korea_bond,government,KTB index(시장가격),1490.58625535,107520,0.0012944561887111572
2026-01-29,A114100,RISE 국고채3년,안전,국내채권_종합,korea_bond,government,KTB index(시장가격),1490.58625535,107411,-0.0010137648809523947
2026-01-30,A114100,RISE 국고채3년,안전,국내채권_종합,korea_bond,government,KTB index(시장가격),1490.58625535,107286,-0.0011637541778775073
2026-02-02,A114100,RISE 국고채3년,안전,국내채권_종합,korea_bond,government,KTB index(시장가격),1490.58625535,107301,0.00013981320955203103
2026-02-03,A114100,RISE 국고채3년,안전,국내채권_종합,korea_bond,government,KTB index(시장가격),1490.58625535,107157,-0.0013420191796907899
2026-02-04,A114100,RISE 국고채3년,안전,국내채권_종합,korea_bond,government,KTB index(시장가격),1490.58625535,107077,-0.0007465681196748841
2026-02-05,A114100,RISE 국고채3년,안전,국내채권_종합,korea_bond,government,KTB index(시장가격),1490.58625535,107142,0.0006070397937931737
2026-02-06,A114100,RISE 국고채3년,안전,국내채권_종합,korea_bond,government,KTB index(시장가격),1490.58625535,107082,-0.0005600044800357917
2026-02-09,A114100,RISE 국고채3년,안전,국내채권_종합,korea_bond,government,KTB index(시장가격),1490.58625535,107102,0.00018677275359069156
2026-02-10,A114100,RISE 국고채3년,안전,국내채권_종합,korea_bond,government,KTB index(시장가격),1490.58625535,107241,0.0012978282385016637
2026-02-11,A114100,RISE 국고채3년,안전,국내채권_종합,korea_bond,government,KTB index(시장가격),1490.58625535,107316,0.0006993593868016568
2026-02-12,A114100,RISE 국고채3년,안전,국내채권_종합,korea_bond,government,KTB index(시장가격),1490.58625535,107460,0.0013418316001341246
2026-02-13,A114100,RISE 국고채3년,안전,국내채권_종합,korea_bond,government,KTB index(시장가격),1490.58625535,107505,0.00041876046901179187
2026-02-19,A114100,RISE 국고채3년,안전,국내채권_종합,korea_bond,government,KTB index(시장가격),1490.58625535,107505,0.0
2026-02-20,A114100,RISE 국고채3년,안전,국내채권_종합,korea_bond,government,KTB index(시장가격),1490.58625535,107634,0.0011999441886423323
2026-02-23,A114100,RISE 국고채3년,안전,국내채권_종합,korea_bond,government,KTB index(시장가격),1490.58625535,107639,4.645372280132065e-05
2026-02-24,A114100,RISE 국고채3년,안전,국내채권_종합,korea_bond,government,KTB index(시장가격),1490.58625535,107555,-0.0007803862912141302
2026-02-25,A114100,RISE 국고채3년,안전,국내채권_종합,korea_bond,government,KTB index(시장가격),1490.58625535,107724,0.0015712891078982771
2026-02-26,A114100,RISE 국고채3년,안전,국내채권_종합,korea_bond,government,KTB index(시장가격),1490.58625535,107943,0.0020329731536148365
2026-02-27,A114100,RISE 국고채3년,안전,국내채권_종합,korea_bond,government,KTB index(시장가격),1490.58625535,107978,0.0003242452034870613
2026-03-03,A114100,RISE 국고채3년,안전,국내채권_종합,korea_bond,government,KTB index(시장가격),1490.58625535,107560,-0.0038711589397840696
2026-03-04,A114100,RISE 국고채3년,안전,국내채권_종합,korea_bond,government,KTB index(시장가격),1490.58625535,107416,-0.0013387876534027843
2026-03-05,A114100,RISE 국고채3년,안전,국내채권_종합,korea_bond,government,KTB index(시장가격),1490.58625535,107625,0.001945706412452619
2026-03-06,A114100,RISE 국고채3년,안전,국내채권_종합,korea_bond,government,KTB index(시장가격),1490.58625535,107500,-0.0011614401858304202
2026-03-09,A114100,RISE 국고채3년,안전,국내채권_종합,korea_bond,government,KTB index(시장가격),1490.58625535,106885,-0.005720930232558152
2026-03-10,A114100,RISE 국고채3년,안전,국내채권_종합,korea_bond,government,KTB index(시장가격),1490.58625535,107470,0.005473172100856072
2026-03-11,A114100,RISE 국고채3년,안전,국내채권_종합,korea_bond,government,KTB index(시장가격),1490.58625535,107515,0.000418721503675501
2026-03-12,A114100,RISE 국고채3년,안전,국내채권_종합,korea_bond,government,KTB index(시장가격),1490.58625535,107455,-0.0005580616658140691
2026-03-13,A114100,RISE 국고채3년,안전,국내채권_종합,korea_bond,government,KTB index(시장가격),1490.58625535,107220,-0.0021869619840864107
2026-03-16,A114100,RISE 국고채3년,안전,국내채권_종합,korea_bond,government,KTB index(시장가격),1490.58625535,107370,0.001398992725237802
2026-03-17,A114100,RISE 국고채3년,안전,국내채권_종합,korea_bond,government,KTB index(시장가격),1490.58625535,107350,-0.0001862717705132244
2026-03-18,A114100,RISE 국고채3년,안전,국내채권_종합,korea_bond,government,KTB index(시장가격),1490.58625535,107540,0.001769911504424737
2026-03-19,A114100,RISE 국고채3년,안전,국내채권_종합,korea_bond,government,KTB index(시장가격),1490.58625535,107270,-0.0025106936953691594
2026-03-20,A114100,RISE 국고채3년,안전,국내채권_종합,korea_bond,government,KTB index(시장가격),1490.58625535,107070,-0.0018644541810385329
2026-03-23,A114100,RISE 국고채3년,안전,국내채권_종합,korea_bond,government,KTB index(시장가격),1490.58625535,106445,-0.005837302699168823
2026-03-24,A114100,RISE 국고채3년,안전,국내채권_종합,korea_bond,government,KTB index(시장가격),1490.58625535,106610,0.0015500962938606033
2026-03-25,A114100,RISE 국고채3년,안전,국내채권_종합,korea_bond,government,KTB index(시장가격),1490.58625535,106575,-0.00032829940906109467
2026-03-26,A114100,RISE 국고채3년,안전,국내채권_종합,korea_bond,government,KTB index(시장가격),1490.58625535,106630,0.0005160684963640971
2026-03-27,A114100,RISE 국고채3년,안전,국내채권_종합,korea_bond,government,KTB index(시장가격),1490.58625535,106595,-0.0003282378317546186
2026-03-30,A114100,RISE 국고채3년,안전,국내채권_종합,korea_bond,government,KTB index(시장가격),1490.58625535,106795,0.0018762606125990455
2026-03-31,A114100,RISE 국고채3년,안전,국내채권_종합,korea_bond,government,KTB index(시장가격),1490.58625535,106705,-0.0008427360831499975
2026-04-01,A114100,RISE 국고채3년,안전,국내채권_종합,korea_bond,government,KTB index(시장가격),1490.58625535,107380,0.00632585164706434
2026-04-02,A114100,RISE 국고채3년,안전,국내채권_종합,korea_bond,government,KTB index(시장가격),1490.58625535,106990,-0.003631961259079941
2026-04-03,A114100,RISE 국고채3년,안전,국내채권_종합,korea_bond,government,KTB index(시장가격),1490.58625535,107200,0.0019628002617066986
2026-04-06,A114100,RISE 국고채3년,안전,국내채권_종합,korea_bond,government,KTB index(시장가격),1490.58625535,107350,0.0013992537313431974
2026-04-07,A114100,RISE 국고채3년,안전,국내채권_종합,korea_bond,government,KTB index(시장가격),1490.58625535,107220,-0.0012109920819748377
2026-04-08,A114100,RISE 국고채3년,안전,국내채권_종합,korea_bond,government,KTB index(시장가격),1490.58625535,107735,0.004803208356649824
2026-04-09,A114100,RISE 국고채3년,안전,국내채권_종합,korea_bond,government,KTB index(시장가격),1490.58625535,107625,-0.0010210238084188417
2026-04-10,A114100,RISE 국고채3년,안전,국내채권_종합,korea_bond,government,KTB index(시장가격),1490.58625535,107590,-0.0003252032520325576
2026-04-13,A114100,RISE 국고채3년,안전,국내채권_종합,korea_bond,government,KTB index(시장가격),1490.58625535,107490,-0.0009294544102611546
2026-04-14,A114100,RISE 국고채3년,안전,국내채권_종합,korea_bond,government,KTB index(시장가격),1490.58625535,107635,0.0013489626942040367
2026-04-15,A114100,RISE 국고채3년,안전,국내채권_종합,korea_bond,government,KTB index(시장가격),1490.58625535,107665,0.0002787197472939873
2026-04-16,A114100,RISE 국고채3년,안전,국내채권_종합,korea_bond,government,KTB index(시장가격),1490.58625535,107625,-0.00037152277899044073
2026-04-17,A114100,RISE 국고채3년,안전,국내채권_종합,korea_bond,government,KTB index(시장가격),1490.58625535,107535,-0.0008362369337978626
2026-04-20,A114100,RISE 국고채3년,안전,국내채권_종합,korea_bond,government,KTB index(시장가격),1490.58625535,107645,0.001022922769331025
2026-04-21,A114100,RISE 국고채3년,안전,국내채권_종합,korea_bond,government,KTB index(시장가격),1490.58625535,107705,0.0005573877096010094
2026-04-22,A114100,RISE 국고채3년,안전,국내채권_종합,korea_bond,government,KTB index(시장가격),1490.58625535,107615,-0.0008356158024233062
2026-04-23,A114100,RISE 국고채3년,안전,국내채권_종합,korea_bond,government,KTB index(시장가격),1490.58625535,107355,-0.0024160200715513946
2026-04-24,A114100,RISE 국고채3년,안전,국내채권_종합,korea_bond,government,KTB index(시장가격),1490.58625535,107240,-0.0010712123329141843
2026-04-27,A114100,RISE 국고채3년,안전,국내채권_종합,korea_bond,government,KTB index(시장가격),1490.58625535,107260,0.0001864975755314635
2026-04-28,A114100,RISE 국고채3년,안전,국내채권_종합,korea_bond,government,KTB index(시장가격),1490.58625535,107150,-0.0010255454036919298
2026-04-29,A114100,RISE 국고채3년,안전,국내채권_종합,korea_bond,government,KTB index(시장가격),1490.58625535,107200,0.00046663555762949116
2026-04-30,A114100,RISE 국고채3년,안전,국내채권_종합,korea_bond,government,KTB index(시장가격),1490.58625535,106975,-0.002098880597014907
2026-05-04,A114100,RISE 국고채3년,안전,국내채권_종합,korea_bond,government,KTB index(시장가격),1490.58625535,106965,-9.347978499651965e-05
2026-05-06,A114100,RISE 국고채3년,안전,국내채권_종합,korea_bond,government,KTB index(시장가격),1490.58625535,107035,0.0006544196699855842
2026-05-07,A114100,RISE 국고채3년,안전,국내채권_종합,korea_bond,government,KTB index(시장가격),1490.58625535,107220,0.0017284065959732864
2026-05-08,A114100,RISE 국고채3년,안전,국내채권_종합,korea_bond,government,KTB index(시장가격),1490.58625535,107185,-0.0003264316358888575
2026-05-11,A114100,RISE 국고채3년,안전,국내채권_종합,korea_bond,government,KTB index(시장가격),1490.58625535,107070,-0.0010729113215468544
2026-05-12,A114100,RISE 국고채3년,안전,국내채권_종합,korea_bond,government,KTB index(시장가격),1490.58625535,106890,-0.0016811431773605667
2026-05-13,A114100,RISE 국고채3년,안전,국내채권_종합,korea_bond,government,KTB index(시장가격),1490.58625535,106990,0.0009355412105902516
2026-05-14,A114100,RISE 국고채3년,안전,국내채권_종합,korea_bond,government,KTB index(시장가격),1490.58625535,106925,-0.0006075334143378353
2026-05-15,A114100,RISE 국고채3년,안전,국내채권_종합,korea_bond,government,KTB index(시장가격),1490.58625535,106535,-0.0036474164133738496
2026-05-18,A114100,RISE 국고채3년,안전,국내채권_종합,korea_bond,government,KTB index(시장가격),1490.58625535,106645,0.0010325245224573898
2026-05-19,A114100,RISE 국고채3년,안전,국내채권_종합,korea_bond,government,KTB index(시장가격),1490.58625535,106635,-9.376904683766618e-05
2026-05-20,A114100,RISE 국고채3년,안전,국내채권_종합,korea_bond,government,KTB index(시장가격),1490.58625535,106605,-0.0002813335208889933
2026-05-21,A114100,RISE 국고채3년,안전,국내채권_종합,korea_bond,government,KTB index(시장가격),1490.58625535,106675,0.0006566296139955963
2026-05-22,A114100,RISE 국고채3년,안전,국내채권_종합,korea_bond,government,KTB index(시장가격),1490.58625535,106765,0.0008436840871806073
2026-01-02,A114260,KODEX 국고채3년,안전,국내채권_종합,korea_bond,government,MKF 국고채지수(총수익),5004.9294523,61790,0.00024281667341163882
2026-01-05,A114260,KODEX 국고채3년,안전,국내채권_종합,korea_bond,government,MKF 국고채지수(총수익),5004.9294523,61745,-0.000728273183362993
2026-01-06,A114260,KODEX 국고채3년,안전,국내채권_종합,korea_bond,government,MKF 국고채지수(총수익),5004.9294523,61750,8.097821685959516e-05
2026-01-07,A114260,KODEX 국고채3년,안전,국내채권_종합,korea_bond,government,MKF 국고채지수(총수익),5004.9294523,61840,0.0014574898785424395
2026-01-08,A114260,KODEX 국고채3년,안전,국내채권_종합,korea_bond,government,MKF 국고채지수(총수익),5004.9294523,61870,0.00048512289780067164
2026-01-09,A114260,KODEX 국고채3년,안전,국내채권_종합,korea_bond,government,MKF 국고채지수(총수익),5004.9294523,61845,-0.0004040730564085493
2026-01-12,A114260,KODEX 국고채3년,안전,국내채권_종합,korea_bond,government,MKF 국고채지수(총수익),5004.9294523,61810,-0.0005659309564233217
2026-01-13,A114260,KODEX 국고채3년,안전,국내채권_종합,korea_bond,government,MKF 국고채지수(총수익),5004.9294523,61775,-0.0005662514156284937
2026-01-14,A114260,KODEX 국고채3년,안전,국내채권_종합,korea_bond,government,MKF 국고채지수(총수익),5004.9294523,61800,0.00040469445568591667
2026-01-15,A114260,KODEX 국고채3년,안전,국내채권_종합,korea_bond,government,MKF 국고채지수(총수익),5004.9294523,61625,-0.0028317152103559673
2026-01-16,A114260,KODEX 국고채3년,안전,국내채권_종합,korea_bond,government,MKF 국고채지수(총수익),5004.9294523,61700,0.0012170385395537942
2026-01-19,A114260,KODEX 국고채3년,안전,국내채권_종합,korea_bond,government,MKF 국고채지수(총수익),5004.9294523,61610,-0.00145867098865482
2026-01-20,A114260,KODEX 국고채3년,안전,국내채권_종합,korea_bond,government,MKF 국고채지수(총수익),5004.9294523,61485,-0.002028891413731526
2026-01-21,A114260,KODEX 국고채3년,안전,국내채권_종합,korea_bond,government,MKF 국고채지수(총수익),5004.9294523,61580,0.001545092298934625
2026-01-22,A114260,KODEX 국고채3년,안전,국내채권_종합,korea_bond,government,MKF 국고채지수(총수익),5004.9294523,61615,0.0005683663527118465
2026-01-23,A114260,KODEX 국고채3년,안전,국내채권_종합,korea_bond,government,MKF 국고채지수(총수익),5004.9294523,61575,-0.0006491925667451159
2026-01-26,A114260,KODEX 국고채3년,안전,국내채권_종합,korea_bond,government,MKF 국고채지수(총수익),5004.9294523,61690,0.0018676410881039995
2026-01-27,A114260,KODEX 국고채3년,안전,국내채권_종합,korea_bond,government,MKF 국고채지수(총수익),5004.9294523,61700,0.00016210082671430648
2026-01-28,A114260,KODEX 국고채3년,안전,국내채권_종합,korea_bond,government,MKF 국고채지수(총수익),5004.9294523,61735,0.0005672609400324546
2026-01-29,A114260,KODEX 국고채3년,안전,국내채권_종합,korea_bond,government,MKF 국고채지수(총수익),5004.9294523,61660,-0.0012148700089090747
2026-01-30,A114260,KODEX 국고채3년,안전,국내채권_종합,korea_bond,government,MKF 국고채지수(총수익),5004.9294523,61600,-0.0009730781706129843
2026-02-02,A114260,KODEX 국고채3년,안전,국내채권_종합,korea_bond,government,MKF 국고채지수(총수익),5004.9294523,61635,0.0005681818181817455
2026-02-03,A114260,KODEX 국고채3년,안전,국내채권_종합,korea_bond,government,MKF 국고채지수(총수익),5004.9294523,61555,-0.0012979638192585075
2026-02-04,A114260,KODEX 국고채3년,안전,국내채권_종합,korea_bond,government,MKF 국고채지수(총수익),5004.9294523,61500,-0.0008935098692226529
2026-02-05,A114260,KODEX 국고채3년,안전,국내채권_종합,korea_bond,government,MKF 국고채지수(총수익),5004.9294523,61540,0.0006504065040651152
2026-02-06,A114260,KODEX 국고채3년,안전,국내채권_종합,korea_bond,government,MKF 국고채지수(총수익),5004.9294523,61485,-0.0008937276568086183
2026-02-09,A114260,KODEX 국고채3년,안전,국내채권_종합,korea_bond,government,MKF 국고채지수(총수익),5004.9294523,61490,8.132064731225519e-05
2026-02-10,A114260,KODEX 국고채3년,안전,국내채권_종합,korea_bond,government,MKF 국고채지수(총수익),5004.9294523,61590,0.001626280696048088
2026-02-11,A114260,KODEX 국고채3년,안전,국내채권_종합,korea_bond,government,MKF 국고채지수(총수익),5004.9294523,61645,0.0008930021107322883
2026-02-12,A114260,KODEX 국고채3년,안전,국내채권_종합,korea_bond,government,MKF 국고채지수(총수익),5004.9294523,61730,0.0013788628437019224
2026-02-13,A114260,KODEX 국고채3년,안전,국내채권_종합,korea_bond,government,MKF 국고채지수(총수익),5004.9294523,61750,0.0003239915762189849
2026-02-19,A114260,KODEX 국고채3년,안전,국내채권_종합,korea_bond,government,MKF 국고채지수(총수익),5004.9294523,61750,0.0
2026-02-20,A114260,KODEX 국고채3년,안전,국내채권_종합,korea_bond,government,MKF 국고채지수(총수익),5004.9294523,61830,0.0012955465587045634
2026-02-23,A114260,KODEX 국고채3년,안전,국내채권_종합,korea_bond,government,MKF 국고채지수(총수익),5004.9294523,61835,8.086689309405592e-05
2026-02-24,A114260,KODEX 국고채3년,안전,국내채권_종합,korea_bond,government,MKF 국고채지수(총수익),5004.9294523,61795,-0.0006468828333467957
2026-02-25,A114260,KODEX 국고채3년,안전,국내채권_종합,korea_bond,government,MKF 국고채지수(총수익),5004.9294523,61900,0.00169916659923941
2026-02-26,A114260,KODEX 국고채3년,안전,국내채권_종합,korea_bond,government,MKF 국고채지수(총수익),5004.9294523,61995,0.001534733441033831
2026-02-27,A114260,KODEX 국고채3년,안전,국내채권_종합,korea_bond,government,MKF 국고채지수(총수익),5004.9294523,62000,8.065166545678792e-05
2026-03-03,A114260,KODEX 국고채3년,안전,국내채권_종합,korea_bond,government,MKF 국고채지수(총수익),5004.9294523,61800,-0.003225806451612856
2026-03-04,A114260,KODEX 국고채3년,안전,국내채권_종합,korea_bond,government,MKF 국고채지수(총수익),5004.9294523,61690,-0.0017799352750809128
2026-03-05,A114260,KODEX 국고채3년,안전,국내채권_종합,korea_bond,government,MKF 국고채지수(총수익),5004.9294523,61800,0.001783109093856483
2026-03-06,A114260,KODEX 국고채3년,안전,국내채권_종합,korea_bond,government,MKF 국고채지수(총수익),5004.9294523,61730,-0.0011326860841424091
2026-03-09,A114260,KODEX 국고채3년,안전,국내채권_종합,korea_bond,government,MKF 국고채지수(총수익),5004.9294523,61385,-0.0055888546897781
2026-03-10,A114260,KODEX 국고채3년,안전,국내채권_종합,korea_bond,government,MKF 국고채지수(총수익),5004.9294523,61700,0.005131546794819641
2026-03-11,A114260,KODEX 국고채3년,안전,국내채권_종합,korea_bond,government,MKF 국고채지수(총수익),5004.9294523,61745,0.00072933549432741
2026-03-12,A114260,KODEX 국고채3년,안전,국내채권_종합,korea_bond,government,MKF 국고채지수(총수익),5004.9294523,61705,-0.0006478257348773164
2026-03-13,A114260,KODEX 국고채3년,안전,국내채권_종합,korea_bond,government,MKF 국고채지수(총수익),5004.9294523,61560,-0.002349890608540628
2026-03-16,A114260,KODEX 국고채3년,안전,국내채권_종합,korea_bond,government,MKF 국고채지수(총수익),5004.9294523,61655,0.0015432098765431057
2026-03-17,A114260,KODEX 국고채3년,안전,국내채권_종합,korea_bond,government,MKF 국고채지수(총수익),5004.9294523,61645,-0.00016219284729546146
2026-03-18,A114260,KODEX 국고채3년,안전,국내채권_종합,korea_bond,government,MKF 국고채지수(총수익),5004.9294523,61765,0.0019466298969907925
2026-03-19,A114260,KODEX 국고채3년,안전,국내채권_종합,korea_bond,government,MKF 국고채지수(총수익),5004.9294523,61605,-0.0025904638549339998
2026-03-20,A114260,KODEX 국고채3년,안전,국내채권_종합,korea_bond,government,MKF 국고채지수(총수익),5004.9294523,61490,-0.0018667315964613351
2026-03-23,A114260,KODEX 국고채3년,안전,국내채권_종합,korea_bond,government,MKF 국고채지수(총수익),5004.9294523,61105,-0.0062611806797853164
2026-03-24,A114260,KODEX 국고채3년,안전,국내채권_종합,korea_bond,government,MKF 국고채지수(총수익),5004.9294523,61265,0.0026184436625480423
2026-03-25,A114260,KODEX 국고채3년,안전,국내채권_종합,korea_bond,government,MKF 국고채지수(총수익),5004.9294523,61210,-0.0008977393291438318
2026-03-26,A114260,KODEX 국고채3년,안전,국내채권_종합,korea_bond,government,MKF 국고채지수(총수익),5004.9294523,61210,0.0
2026-03-27,A114260,KODEX 국고채3년,안전,국내채권_종합,korea_bond,government,MKF 국고채지수(총수익),5004.9294523,61170,-0.0006534879921581416
2026-03-30,A114260,KODEX 국고채3년,안전,국내채권_종합,korea_bond,government,MKF 국고채지수(총수익),5004.9294523,61310,0.002288703612882026
2026-03-31,A114260,KODEX 국고채3년,안전,국내채권_종합,korea_bond,government,MKF 국고채지수(총수익),5004.9294523,61255,-0.0008970804110259856
2026-04-01,A114260,KODEX 국고채3년,안전,국내채권_종합,korea_bond,government,MKF 국고채지수(총수익),5004.9294523,61625,0.006040323238919232
2026-04-02,A114260,KODEX 국고채3년,안전,국내채권_종합,korea_bond,government,MKF 국고채지수(총수익),5004.9294523,61435,-0.003083164300202834
2026-04-03,A114260,KODEX 국고채3년,안전,국내채권_종합,korea_bond,government,MKF 국고채지수(총수익),5004.9294523,61535,0.0016277366322128284
2026-04-06,A114260,KODEX 국고채3년,안전,국내채권_종합,korea_bond,government,MKF 국고채지수(총수익),5004.9294523,61625,0.0014625822702527547
2026-04-07,A114260,KODEX 국고채3년,안전,국내채권_종합,korea_bond,government,MKF 국고채지수(총수익),5004.9294523,61575,-0.0008113590263691961
2026-04-08,A114260,KODEX 국고채3년,안전,국내채권_종합,korea_bond,government,MKF 국고채지수(총수익),5004.9294523,61860,0.004628501827040221
2026-04-09,A114260,KODEX 국고채3년,안전,국내채권_종합,korea_bond,government,MKF 국고채지수(총수익),5004.9294523,61770,-0.0014548981571289588
2026-04-10,A114260,KODEX 국고채3년,안전,국내채권_종합,korea_bond,government,MKF 국고채지수(총수익),5004.9294523,61750,-0.0003237817710862734
2026-04-13,A114260,KODEX 국고채3년,안전,국내채권_종합,korea_bond,government,MKF 국고채지수(총수익),5004.9294523,61705,-0.0007287449392712197
2026-04-14,A114260,KODEX 국고채3년,안전,국내채권_종합,korea_bond,government,MKF 국고채지수(총수익),5004.9294523,61760,0.0008913378170325448
2026-04-15,A114260,KODEX 국고채3년,안전,국내채권_종합,korea_bond,government,MKF 국고채지수(총수익),5004.9294523,61825,0.0010524611398963213
2026-04-16,A114260,KODEX 국고채3년,안전,국내채권_종합,korea_bond,government,MKF 국고채지수(총수익),5004.9294523,61790,-0.0005661140315406099
2026-04-17,A114260,KODEX 국고채3년,안전,국내채권_종합,korea_bond,government,MKF 국고채지수(총수익),5004.9294523,61740,-0.0008091924259588934
2026-04-20,A114260,KODEX 국고채3년,안전,국내채권_종합,korea_bond,government,MKF 국고채지수(총수익),5004.9294523,61795,0.0008908325234855408
2026-04-21,A114260,KODEX 국고채3년,안전,국내채권_종합,korea_bond,government,MKF 국고채지수(총수익),5004.9294523,61840,0.0007282142568167949
2026-04-22,A114260,KODEX 국고채3년,안전,국내채권_종합,korea_bond,government,MKF 국고채지수(총수익),5004.9294523,61800,-0.0006468305304010435
2026-04-23,A114260,KODEX 국고채3년,안전,국내채권_종합,korea_bond,government,MKF 국고채지수(총수익),5004.9294523,61600,-0.003236245954692518
2026-04-24,A114260,KODEX 국고채3년,안전,국내채권_종합,korea_bond,government,MKF 국고채지수(총수익),5004.9294523,61575,-0.00040584415584410394
2026-04-27,A114260,KODEX 국고채3년,안전,국내채권_종합,korea_bond,government,MKF 국고채지수(총수익),5004.9294523,61575,0.0
2026-04-28,A114260,KODEX 국고채3년,안전,국내채권_종합,korea_bond,government,MKF 국고채지수(총수익),5004.9294523,61510,-0.0010556232237108887
2026-04-29,A114260,KODEX 국고채3년,안전,국내채권_종합,korea_bond,government,MKF 국고채지수(총수익),5004.9294523,61520,0.00016257519102591544
2026-04-30,A114260,KODEX 국고채3년,안전,국내채권_종합,korea_bond,government,MKF 국고채지수(총수익),5004.9294523,61370,-0.002438231469440777
2026-05-04,A114260,KODEX 국고채3년,안전,국내채권_종합,korea_bond,government,MKF 국고채지수(총수익),5004.9294523,61425,0.0008962033566888294
2026-05-06,A114260,KODEX 국고채3년,안전,국내채권_종합,korea_bond,government,MKF 국고채지수(총수익),5004.9294523,61460,0.0005698005698004938
2026-05-07,A114260,KODEX 국고채3년,안전,국내채권_종합,korea_bond,government,MKF 국고채지수(총수익),5004.9294523,61540,0.0013016596160104754
2026-05-08,A114260,KODEX 국고채3년,안전,국내채권_종합,korea_bond,government,MKF 국고채지수(총수익),5004.9294523,61535,-8.124796880082386e-05
2026-05-11,A114260,KODEX 국고채3년,안전,국내채권_종합,korea_bond,government,MKF 국고채지수(총수익),5004.9294523,61485,-0.0008125457056959995
2026-05-12,A114260,KODEX 국고채3년,안전,국내채권_종합,korea_bond,government,MKF 국고채지수(총수익),5004.9294523,61365,-0.001951695535496456
2026-05-13,A114260,KODEX 국고채3년,안전,국내채권_종합,korea_bond,government,MKF 국고채지수(총수익),5004.9294523,61435,0.001140715391509728
2026-05-14,A114260,KODEX 국고채3년,안전,국내채권_종합,korea_bond,government,MKF 국고채지수(총수익),5004.9294523,61410,-0.0004069341580532626
2026-05-15,A114260,KODEX 국고채3년,안전,국내채권_종합,korea_bond,government,MKF 국고채지수(총수익),5004.9294523,61180,-0.0037453183520599342
2026-05-18,A114260,KODEX 국고채3년,안전,국내채권_종합,korea_bond,government,MKF 국고채지수(총수익),5004.9294523,61235,0.0008989865969271094
2026-05-19,A114260,KODEX 국고채3년,안전,국내채권_종합,korea_bond,government,MKF 국고채지수(총수익),5004.9294523,61215,-0.00032661059851391006
2026-05-20,A114260,KODEX 국고채3년,안전,국내채권_종합,korea_bond,government,MKF 국고채지수(총수익),5004.9294523,61230,0.00024503798088693074
2026-05-21,A114260,KODEX 국고채3년,안전,국내채권_종합,korea_bond,government,MKF 국고채지수(총수익),5004.9294523,61265,0.000571615221296673
2026-05-22,A114260,KODEX 국고채3년,안전,국내채권_종합,korea_bond,government,MKF 국고채지수(총수익),5004.9294523,61305,0.0006529013302865039
2026-01-02,A148070,KIWOOM 국고채10년,안전,국내채권_종합,korea_bond,government,KIS 국고채 10년(총수익),4985.98575674,109165,-0.00013738779996341766
2026-01-05,A148070,KIWOOM 국고채10년,안전,국내채권_종합,korea_bond,government,KIS 국고채 10년(총수익),4985.98575674,108920,-0.0022443090734209914
2026-01-06,A148070,KIWOOM 국고채10년,안전,국내채권_종합,korea_bond,government,KIS 국고채 10년(총수익),4985.98575674,108985,0.0005967682702900934
2026-01-07,A148070,KIWOOM 국고채10년,안전,국내채권_종합,korea_bond,government,KIS 국고채 10년(총수익),4985.98575674,109450,0.004266642198467618
2026-01-08,A148070,KIWOOM 국고채10년,안전,국내채권_종합,korea_bond,government,KIS 국고채 10년(총수익),4985.98575674,109625,0.0015989036089538722
2026-01-09,A148070,KIWOOM 국고채10년,안전,국내채권_종합,korea_bond,government,KIS 국고채 10년(총수익),4985.98575674,109150,-0.004332953249714944
2026-01-12,A148070,KIWOOM 국고채10년,안전,국내채권_종합,korea_bond,government,KIS 국고채 10년(총수익),4985.98575674,109145,-4.5808520384826856e-05
2026-01-13,A148070,KIWOOM 국고채10년,안전,국내채권_종합,korea_bond,government,KIS 국고채 10년(총수익),4985.98575674,108775,-0.003389985798708195
2026-01-14,A148070,KIWOOM 국고채10년,안전,국내채권_종합,korea_bond,government,KIS 국고채 10년(총수익),4985.98575674,108825,0.0004596644449552656
2026-01-15,A148070,KIWOOM 국고채10년,안전,국내채권_종합,korea_bond,government,KIS 국고채 10년(총수익),4985.98575674,108070,-0.006937744084539399
2026-01-16,A148070,KIWOOM 국고채10년,안전,국내채권_종합,korea_bond,government,KIS 국고채 10년(총수익),4985.98575674,108350,0.0025909132969372806
2026-01-19,A148070,KIWOOM 국고채10년,안전,국내채권_종합,korea_bond,government,KIS 국고채 10년(총수익),4985.98575674,107785,-0.005214582371942833
2026-01-20,A148070,KIWOOM 국고채10년,안전,국내채권_종합,korea_bond,government,KIS 국고채 10년(총수익),4985.98575674,107030,-0.007004685253050091
2026-01-21,A148070,KIWOOM 국고채10년,안전,국내채권_종합,korea_bond,government,KIS 국고채 10년(총수익),4985.98575674,107490,0.004297860412968424
2026-01-22,A148070,KIWOOM 국고채10년,안전,국내채권_종합,korea_bond,government,KIS 국고채 10년(총수익),4985.98575674,107835,0.0032096008931064013
2026-01-23,A148070,KIWOOM 국고채10년,안전,국내채권_종합,korea_bond,government,KIS 국고채 10년(총수익),4985.98575674,107560,-0.002550192423610098
2026-01-26,A148070,KIWOOM 국고채10년,안전,국내채권_종합,korea_bond,government,KIS 국고채 10년(총수익),4985.98575674,108120,0.005206396429899618
2026-01-27,A148070,KIWOOM 국고채10년,안전,국내채권_종합,korea_bond,government,KIS 국고채 10년(총수익),4985.98575674,108170,0.0004624491305955658
2026-01-28,A148070,KIWOOM 국고채10년,안전,국내채권_종합,korea_bond,government,KIS 국고채 10년(총수익),4985.98575674,108315,0.0013404825737264314
2026-01-29,A148070,KIWOOM 국고채10년,안전,국내채권_종합,korea_bond,government,KIS 국고채 10년(총수익),4985.98575674,107970,-0.0031851544107464047
2026-01-30,A148070,KIWOOM 국고채10년,안전,국내채권_종합,korea_bond,government,KIS 국고채 10년(총수익),4985.98575674,107535,-0.004028896915809987
2026-02-02,A148070,KIWOOM 국고채10년,안전,국내채권_종합,korea_bond,government,KIS 국고채 10년(총수익),4985.98575674,107650,0.0010694192588458495
2026-02-03,A148070,KIWOOM 국고채10년,안전,국내채권_종합,korea_bond,government,KIS 국고채 10년(총수익),4985.98575674,107250,-0.003715745471435161
2026-02-04,A148070,KIWOOM 국고채10년,안전,국내채권_종합,korea_bond,government,KIS 국고채 10년(총수익),4985.98575674,106990,-0.00242424242424244
2026-02-05,A148070,KIWOOM 국고채10년,안전,국내채권_종합,korea_bond,government,KIS 국고채 10년(총수익),4985.98575674,107185,0.0018226002430132837
2026-02-06,A148070,KIWOOM 국고채10년,안전,국내채권_종합,korea_bond,government,KIS 국고채 10년(총수익),4985.98575674,107015,-0.0015860428231562196
2026-02-09,A148070,KIWOOM 국고채10년,안전,국내채권_종합,korea_bond,government,KIS 국고채 10년(총수익),4985.98575674,106620,-0.0036910713451385746
2026-02-10,A148070,KIWOOM 국고채10년,안전,국내채권_종합,korea_bond,government,KIS 국고채 10년(총수익),4985.98575674,107245,0.005861939598574395
2026-02-11,A148070,KIWOOM 국고채10년,안전,국내채권_종합,korea_bond,government,KIS 국고채 10년(총수익),4985.98575674,107615,0.0034500442911091778
2026-02-12,A148070,KIWOOM 국고채10년,안전,국내채권_종합,korea_bond,government,KIS 국고채 10년(총수익),4985.98575674,107895,0.0026018677693631087
2026-02-13,A148070,KIWOOM 국고채10년,안전,국내채권_종합,korea_bond,government,KIS 국고채 10년(총수익),4985.98575674,108290,0.0036609666805691443
2026-02-19,A148070,KIWOOM 국고채10년,안전,국내채권_종합,korea_bond,government,KIS 국고채 10년(총수익),4985.98575674,108250,-0.00036937852063900767
2026-02-20,A148070,KIWOOM 국고채10년,안전,국내채권_종합,korea_bond,government,KIS 국고채 10년(총수익),4985.98575674,108565,0.0029099307159352605
2026-02-23,A148070,KIWOOM 국고채10년,안전,국내채권_종합,korea_bond,government,KIS 국고채 10년(총수익),4985.98575674,108340,-0.0020724911343434904
2026-02-24,A148070,KIWOOM 국고채10년,안전,국내채권_종합,korea_bond,government,KIS 국고채 10년(총수익),4985.98575674,108090,-0.0023075503045966173
2026-02-25,A148070,KIWOOM 국고채10년,안전,국내채권_종합,korea_bond,government,KIS 국고채 10년(총수익),4985.98575674,108565,0.004394486076417792
2026-02-26,A148070,KIWOOM 국고채10년,안전,국내채권_종합,korea_bond,government,KIS 국고채 10년(총수익),4985.98575674,109230,0.006125362685948543
2026-02-27,A148070,KIWOOM 국고채10년,안전,국내채권_종합,korea_bond,government,KIS 국고채 10년(총수익),4985.98575674,109410,0.001647898928865743
2026-03-03,A148070,KIWOOM 국고채10년,안전,국내채권_종합,korea_bond,government,KIS 국고채 10년(총수익),4985.98575674,108325,-0.009916826615483099
2026-03-04,A148070,KIWOOM 국고채10년,안전,국내채권_종합,korea_bond,government,KIS 국고채 10년(총수익),4985.98575674,107960,-0.0033694899607662476
2026-03-05,A148070,KIWOOM 국고채10년,안전,국내채권_종합,korea_bond,government,KIS 국고채 10년(총수익),4985.98575674,108265,0.0028251204149685183
2026-03-06,A148070,KIWOOM 국고채10년,안전,국내채권_종합,korea_bond,government,KIS 국고채 10년(총수익),4985.98575674,108060,-0.001893502055142493
2026-03-09,A148070,KIWOOM 국고채10년,안전,국내채권_종합,korea_bond,government,KIS 국고채 10년(총수익),4985.98575674,106930,-0.0104571534332778
2026-03-10,A148070,KIWOOM 국고채10년,안전,국내채권_종합,korea_bond,government,KIS 국고채 10년(총수익),4985.98575674,107845,0.008556999906480955
2026-03-11,A148070,KIWOOM 국고채10년,안전,국내채권_종합,korea_bond,government,KIS 국고채 10년(총수익),4985.98575674,108175,0.003059947146367481
2026-03-12,A148070,KIWOOM 국고채10년,안전,국내채권_종합,korea_bond,government,KIS 국고채 10년(총수익),4985.98575674,107940,-0.0021724058238964394
2026-03-13,A148070,KIWOOM 국고채10년,안전,국내채권_종합,korea_bond,government,KIS 국고채 10년(총수익),4985.98575674,107600,-0.0031498980915323216
2026-03-16,A148070,KIWOOM 국고채10년,안전,국내채권_종합,korea_bond,government,KIS 국고채 10년(총수익),4985.98575674,107825,0.0020910780669145534
2026-03-17,A148070,KIWOOM 국고채10년,안전,국내채권_종합,korea_bond,government,KIS 국고채 10년(총수익),4985.98575674,107635,-0.0017621145374449032
2026-03-18,A148070,KIWOOM 국고채10년,안전,국내채권_종합,korea_bond,government,KIS 국고채 10년(총수익),4985.98575674,108460,0.007664793050587537
2026-03-19,A148070,KIWOOM 국고채10년,안전,국내채권_종합,korea_bond,government,KIS 국고채 10년(총수익),4985.98575674,107635,-0.007606490872210991
2026-03-20,A148070,KIWOOM 국고채10년,안전,국내채권_종합,korea_bond,government,KIS 국고채 10년(총수익),4985.98575674,107320,-0.002926557346587977
2026-03-23,A148070,KIWOOM 국고채10년,안전,국내채권_종합,korea_bond,government,KIS 국고채 10년(총수익),4985.98575674,106085,-0.0115076407007082
2026-03-24,A148070,KIWOOM 국고채10년,안전,국내채권_종합,korea_bond,government,KIS 국고채 10년(총수익),4985.98575674,106400,0.0029693170570768146
2026-03-25,A148070,KIWOOM 국고채10년,안전,국내채권_종합,korea_bond,government,KIS 국고채 10년(총수익),4985.98575674,106160,-0.0022556390977443996
2026-03-26,A148070,KIWOOM 국고채10년,안전,국내채권_종합,korea_bond,government,KIS 국고채 10년(총수익),4985.98575674,106175,0.00014129615674463025
2026-03-27,A148070,KIWOOM 국고채10년,안전,국내채권_종합,korea_bond,government,KIS 국고채 10년(총수익),4985.98575674,105845,-0.003108076289145334
2026-03-30,A148070,KIWOOM 국고채10년,안전,국내채권_종합,korea_bond,government,KIS 국고채 10년(총수익),4985.98575674,106105,0.002456422126694724
2026-03-31,A148070,KIWOOM 국고채10년,안전,국내채권_종합,korea_bond,government,KIS 국고채 10년(총수익),4985.98575674,106070,-0.0003298619292210203
2026-04-01,A148070,KIWOOM 국고채10년,안전,국내채권_종합,korea_bond,government,KIS 국고채 10년(총수익),4985.98575674,107825,0.01654567738286028
2026-04-02,A148070,KIWOOM 국고채10년,안전,국내채권_종합,korea_bond,government,KIS 국고채 10년(총수익),4985.98575674,106925,-0.008346858335265495
2026-04-03,A148070,KIWOOM 국고채10년,안전,국내채권_종합,korea_bond,government,KIS 국고채 10년(총수익),4985.98575674,107390,0.00434884264671509
2026-04-06,A148070,KIWOOM 국고채10년,안전,국내채권_종합,korea_bond,government,KIS 국고채 10년(총수익),4985.98575674,107630,0.0022348449576310436
2026-04-07,A148070,KIWOOM 국고채10년,안전,국내채권_종합,korea_bond,government,KIS 국고채 10년(총수익),4985.98575674,107375,-0.0023692279104339242
2026-04-08,A148070,KIWOOM 국고채10년,안전,국내채권_종합,korea_bond,government,KIS 국고채 10년(총수익),4985.98575674,108480,0.010291036088474925
2026-04-09,A148070,KIWOOM 국고채10년,안전,국내채권_종합,korea_bond,government,KIS 국고채 10년(총수익),4985.98575674,108245,-0.0021662979351032563
2026-04-10,A148070,KIWOOM 국고채10년,안전,국내채권_종합,korea_bond,government,KIS 국고채 10년(총수익),4985.98575674,108070,-0.0016167028500161384
2026-04-13,A148070,KIWOOM 국고채10년,안전,국내채권_종합,korea_bond,government,KIS 국고채 10년(총수익),4985.98575674,107790,-0.0025909132969371695
2026-04-14,A148070,KIWOOM 국고채10년,안전,국내채권_종합,korea_bond,government,KIS 국고채 10년(총수익),4985.98575674,108255,0.004313943779571394
2026-04-15,A148070,KIWOOM 국고채10년,안전,국내채권_종합,korea_bond,government,KIS 국고채 10년(총수익),4985.98575674,108420,0.0015241790217541684
2026-04-16,A148070,KIWOOM 국고채10년,안전,국내채권_종합,korea_bond,government,KIS 국고채 10년(총수익),4985.98575674,108175,-0.0022597306769969183
2026-04-17,A148070,KIWOOM 국고채10년,안전,국내채권_종합,korea_bond,government,KIS 국고채 10년(총수익),4985.98575674,107900,-0.002542177027963999
2026-04-20,A148070,KIWOOM 국고채10년,안전,국내채권_종합,korea_bond,government,KIS 국고채 10년(총수익),4985.98575674,108145,0.0022706209453198234
2026-04-21,A148070,KIWOOM 국고채10년,안전,국내채권_종합,korea_bond,government,KIS 국고채 10년(총수익),4985.98575674,108440,0.0027278191317212652
2026-04-22,A148070,KIWOOM 국고채10년,안전,국내채권_종합,korea_bond,government,KIS 국고채 10년(총수익),4985.98575674,108110,-0.0030431575064552296
2026-04-23,A148070,KIWOOM 국고채10년,안전,국내채권_종합,korea_bond,government,KIS 국고채 10년(총수익),4985.98575674,107315,-0.00735362131162709
2026-04-24,A148070,KIWOOM 국고채10년,안전,국내채권_종합,korea_bond,government,KIS 국고채 10년(총수익),4985.98575674,107065,-0.0023295904579975213
2026-04-27,A148070,KIWOOM 국고채10년,안전,국내채권_종합,korea_bond,government,KIS 국고채 10년(총수익),4985.98575674,107115,0.0004670060243776586
2026-04-28,A148070,KIWOOM 국고채10년,안전,국내채권_종합,korea_bond,government,KIS 국고채 10년(총수익),4985.98575674,106745,-0.003454231433506094
2026-04-29,A148070,KIWOOM 국고채10년,안전,국내채권_종합,korea_bond,government,KIS 국고채 10년(총수익),4985.98575674,106930,0.0017331022530329143
2026-04-30,A148070,KIWOOM 국고채10년,안전,국내채권_종합,korea_bond,government,KIS 국고채 10년(총수익),4985.98575674,106155,-0.007247732161226983
2026-05-04,A148070,KIWOOM 국고채10년,안전,국내채권_종합,korea_bond,government,KIS 국고채 10년(총수익),4985.98575674,106320,0.0015543309311856213
2026-05-06,A148070,KIWOOM 국고채10년,안전,국내채권_종합,korea_bond,government,KIS 국고채 10년(총수익),4985.98575674,106225,-0.0008935289691497372
2026-05-07,A148070,KIWOOM 국고채10년,안전,국내채권_종합,korea_bond,government,KIS 국고채 10년(총수익),4985.98575674,106575,0.0032948929159801743
2026-05-08,A148070,KIWOOM 국고채10년,안전,국내채권_종합,korea_bond,government,KIS 국고채 10년(총수익),4985.98575674,106480,-0.0008913910391742386
2026-05-11,A148070,KIWOOM 국고채10년,안전,국내채권_종합,korea_bond,government,KIS 국고채 10년(총수익),4985.98575674,106170,-0.002911344853493647
2026-05-12,A148070,KIWOOM 국고채10년,안전,국내채권_종합,korea_bond,government,KIS 국고채 10년(총수익),4985.98575674,105380,-0.007440896675143582
2026-05-13,A148070,KIWOOM 국고채10년,안전,국내채권_종합,korea_bond,government,KIS 국고채 10년(총수익),4985.98575674,105440,0.000569368001518411
2026-05-14,A148070,KIWOOM 국고채10년,안전,국내채권_종합,korea_bond,government,KIS 국고채 10년(총수익),4985.98575674,105205,-0.0022287556904400097
2026-05-15,A148070,KIWOOM 국고채10년,안전,국내채권_종합,korea_bond,government,KIS 국고채 10년(총수익),4985.98575674,104160,-0.009932987975856622
2026-05-18,A148070,KIWOOM 국고채10년,안전,국내채권_종합,korea_bond,government,KIS 국고채 10년(총수익),4985.98575674,103965,-0.0018721198156681496
2026-05-19,A148070,KIWOOM 국고채10년,안전,국내채권_종합,korea_bond,government,KIS 국고채 10년(총수익),4985.98575674,104125,0.0015389794642428622
2026-05-20,A148070,KIWOOM 국고채10년,안전,국내채권_종합,korea_bond,government,KIS 국고채 10년(총수익),4985.98575674,104310,0.0017767106842736524
2026-05-21,A148070,KIWOOM 국고채10년,안전,국내채권_종합,korea_bond,government,KIS 국고채 10년(총수익),4985.98575674,104660,0.003355382993001532
2026-05-22,A148070,KIWOOM 국고채10년,안전,국내채권_종합,korea_bond,government,KIS 국고채 10년(총수익),4985.98575674,104790,0.0012421173323140522
2026-01-02,A152380,KODEX 국채선물10년,안전,국내채권_종합,korea_bond,government,10년국채선물지수,390.64889903,67720,-0.0008852168781351422
2026-01-05,A152380,KODEX 국채선물10년,안전,국내채권_종합,korea_bond,government,10년국채선물지수,390.64889903,67560,-0.002362669816893037
2026-01-06,A152380,KODEX 국채선물10년,안전,국내채권_종합,korea_bond,government,10년국채선물지수,390.64889903,67560,0.0
2026-01-07,A152380,KODEX 국채선물10년,안전,국내채권_종합,korea_bond,government,10년국채선물지수,390.64889903,67850,0.00429248075784483
2026-01-08,A152380,KODEX 국채선물10년,안전,국내채권_종합,korea_bond,government,10년국채선물지수,390.64889903,68045,0.0028739867354459214
2026-01-09,A152380,KODEX 국채선물10년,안전,국내채권_종합,korea_bond,government,10년국채선물지수,390.64889903,67705,-0.004996693364685112
2026-01-12,A152380,KODEX 국채선물10년,안전,국내채권_종합,korea_bond,government,10년국채선물지수,390.64889903,67685,-0.00029539915811238604
2026-01-13,A152380,KODEX 국채선물10년,안전,국내채권_종합,korea_bond,government,10년국채선물지수,390.64889903,67470,-0.0031764792790131002
2026-01-14,A152380,KODEX 국채선물10년,안전,국내채권_종합,korea_bond,government,10년국채선물지수,390.64889903,67495,0.0003705350526159723
2026-01-15,A152380,KODEX 국채선물10년,안전,국내채권_종합,korea_bond,government,10년국채선물지수,390.64889903,67060,-0.006444921846062712
2026-01-16,A152380,KODEX 국채선물10년,안전,국내채권_종합,korea_bond,government,10년국채선물지수,390.64889903,67165,0.0015657620041753528
2026-01-19,A152380,KODEX 국채선물10년,안전,국내채권_종합,korea_bond,government,10년국채선물지수,390.64889903,66860,-0.004541055609320277
2026-01-20,A152380,KODEX 국채선물10년,안전,국내채권_종합,korea_bond,government,10년국채선물지수,390.64889903,66350,-0.007627879150463701
2026-01-21,A152380,KODEX 국채선물10년,안전,국내채권_종합,korea_bond,government,10년국채선물지수,390.64889903,66590,0.003617181612660225
2026-01-22,A152380,KODEX 국채선물10년,안전,국내채권_종합,korea_bond,government,10년국채선물지수,390.64889903,66835,0.003679231115783166
2026-01-23,A152380,KODEX 국채선물10년,안전,국내채권_종합,korea_bond,government,10년국채선물지수,390.64889903,66650,-0.002768010772798646
2026-01-26,A152380,KODEX 국채선물10년,안전,국내채권_종합,korea_bond,government,10년국채선물지수,390.64889903,66995,0.005176294073518273
2026-01-27,A152380,KODEX 국채선물10년,안전,국내채권_종합,korea_bond,government,10년국채선물지수,390.64889903,67080,0.0012687513993581145
2026-01-28,A152380,KODEX 국채선물10년,안전,국내채권_종합,korea_bond,government,10년국채선물지수,390.64889903,67230,0.0022361359570661765
2026-01-29,A152380,KODEX 국채선물10년,안전,국내채권_종합,korea_bond,government,10년국채선물지수,390.64889903,66980,-0.0037185780157668047
2026-01-30,A152380,KODEX 국채선물10년,안전,국내채권_종합,korea_bond,government,10년국채선물지수,390.64889903,66735,-0.003657808300985388
2026-02-02,A152380,KODEX 국채선물10년,안전,국내채권_종합,korea_bond,government,10년국채선물지수,390.64889903,66855,0.0017981568891884958
2026-02-03,A152380,KODEX 국채선물10년,안전,국내채권_종합,korea_bond,government,10년국채선물지수,390.64889903,66555,-0.0044873233116445865
2026-02-04,A152380,KODEX 국채선물10년,안전,국내채권_종합,korea_bond,government,10년국채선물지수,390.64889903,66365,-0.0028547817594470892
2026-02-05,A152380,KODEX 국채선물10년,안전,국내채권_종합,korea_bond,government,10년국채선물지수,390.64889903,66480,0.00173284110600469
2026-02-06,A152380,KODEX 국채선물10년,안전,국내채권_종합,korea_bond,government,10년국채선물지수,390.64889903,66330,-0.002256317689530718
2026-02-09,A152380,KODEX 국채선물10년,안전,국내채권_종합,korea_bond,government,10년국채선물지수,390.64889903,66090,-0.0036182722749886764
2026-02-10,A152380,KODEX 국채선물10년,안전,국내채권_종합,korea_bond,government,10년국채선물지수,390.64889903,66530,0.0066575881373884815
2026-02-11,A152380,KODEX 국채선물10년,안전,국내채권_종합,korea_bond,government,10년국채선물지수,390.64889903,66795,0.003983165489253038
2026-02-12,A152380,KODEX 국채선물10년,안전,국내채권_종합,korea_bond,government,10년국채선물지수,390.64889903,66900,0.0015719739501460772
2026-02-13,A152380,KODEX 국채선물10년,안전,국내채권_종합,korea_bond,government,10년국채선물지수,390.64889903,67155,0.003811659192825223
2026-02-19,A152380,KODEX 국채선물10년,안전,국내채권_종합,korea_bond,government,10년국채선물지수,390.64889903,67195,0.0005956369592732269
2026-02-20,A152380,KODEX 국채선물10년,안전,국내채권_종합,korea_bond,government,10년국채선물지수,390.64889903,67395,0.002976411935411871
2026-02-23,A152380,KODEX 국채선물10년,안전,국내채권_종합,korea_bond,government,10년국채선물지수,390.64889903,67235,-0.00237406335781587
2026-02-24,A152380,KODEX 국채선물10년,안전,국내채권_종합,korea_bond,government,10년국채선물지수,390.64889903,67115,-0.0017847847103442671
2026-02-25,A152380,KODEX 국채선물10년,안전,국내채권_종합,korea_bond,government,10년국채선물지수,390.64889903,67400,0.004246442673023987
2026-02-26,A152380,KODEX 국채선물10년,안전,국내채권_종합,korea_bond,government,10년국채선물지수,390.64889903,67875,0.0070474777448070736
2026-02-27,A152380,KODEX 국채선물10년,안전,국내채권_종합,korea_bond,government,10년국채선물지수,390.64889903,67955,0.001178637200736743
2026-03-03,A152380,KODEX 국채선물10년,안전,국내채권_종합,korea_bond,government,10년국채선물지수,390.64889903,67260,-0.010227356338753602
2026-03-04,A152380,KODEX 국채선물10년,안전,국내채권_종합,korea_bond,government,10년국채선물지수,390.64889903,67015,-0.0036425810288432947
2026-03-05,A152380,KODEX 국채선물10년,안전,국내채권_종합,korea_bond,government,10년국채선물지수,390.64889903,67245,0.0034320674475862845
2026-03-06,A152380,KODEX 국채선물10년,안전,국내채권_종합,korea_bond,government,10년국채선물지수,390.64889903,67070,-0.002602423972042578
2026-03-09,A152380,KODEX 국채선물10년,안전,국내채권_종합,korea_bond,government,10년국채선물지수,390.64889903,66280,-0.01177873863128076
2026-03-10,A152380,KODEX 국채선물10년,안전,국내채권_종합,korea_bond,government,10년국채선물지수,390.64889903,66945,0.010033192516596179
2026-03-11,A152380,KODEX 국채선물10년,안전,국내채권_종합,korea_bond,government,10년국채선물지수,390.64889903,67110,0.002464709836432988
2026-03-12,A152380,KODEX 국채선물10년,안전,국내채권_종합,korea_bond,government,10년국채선물지수,390.64889903,66970,-0.0020861272537624487
2026-03-13,A152380,KODEX 국채선물10년,안전,국내채권_종합,korea_bond,government,10년국채선물지수,390.64889903,66715,-0.003807675078393302
2026-03-16,A152380,KODEX 국채선물10년,안전,국내채권_종합,korea_bond,government,10년국채선물지수,390.64889903,66950,0.003522446226485787
2026-03-17,A152380,KODEX 국채선물10년,안전,국내채권_종합,korea_bond,government,10년국채선물지수,390.64889903,66910,-0.0005974607916355845
2026-03-18,A152380,KODEX 국채선물10년,안전,국내채권_종합,korea_bond,government,10년국채선물지수,390.64889903,67465,0.008294724256463937
2026-03-19,A152380,KODEX 국채선물10년,안전,국내채권_종합,korea_bond,government,10년국채선물지수,390.64889903,66940,-0.007781812791817999
2026-03-20,A152380,KODEX 국채선물10년,안전,국내채권_종합,korea_bond,government,10년국채선물지수,390.64889903,66695,-0.003659994024499569
2026-03-23,A152380,KODEX 국채선물10년,안전,국내채권_종합,korea_bond,government,10년국채선물지수,390.64889903,65875,-0.012294774720743695
2026-03-24,A152380,KODEX 국채선물10년,안전,국내채권_종합,korea_bond,government,10년국채선물지수,390.64889903,66105,0.003491461100569193
2026-03-25,A152380,KODEX 국채선물10년,안전,국내채권_종합,korea_bond,government,10년국채선물지수,390.64889903,66020,-0.0012858331442402449
2026-03-26,A152380,KODEX 국채선물10년,안전,국내채권_종합,korea_bond,government,10년국채선물지수,390.64889903,65970,-0.0007573462587094903
2026-03-27,A152380,KODEX 국채선물10년,안전,국내채권_종합,korea_bond,government,10년국채선물지수,390.64889903,65690,-0.004244353494012421
2026-03-30,A152380,KODEX 국채선물10년,안전,국내채권_종합,korea_bond,government,10년국채선물지수,390.64889903,65845,0.002359567666311513
2026-03-31,A152380,KODEX 국채선물10년,안전,국내채권_종합,korea_bond,government,10년국채선물지수,390.64889903,65880,0.0005315513706432018
2026-04-01,A152380,KODEX 국채선물10년,안전,국내채권_종합,korea_bond,government,10년국채선물지수,390.64889903,67010,0.01715239829993931
2026-04-02,A152380,KODEX 국채선물10년,안전,국내채권_종합,korea_bond,government,10년국채선물지수,390.64889903,66365,-0.009625429040441724
2026-04-03,A152380,KODEX 국채선물10년,안전,국내채권_종합,korea_bond,government,10년국채선물지수,390.64889903,66715,0.005273864235666448
2026-04-06,A152380,KODEX 국채선물10년,안전,국내채권_종합,korea_bond,government,10년국채선물지수,390.64889903,66860,0.0021734242674060766
2026-04-07,A152380,KODEX 국채선물10년,안전,국내채권_종합,korea_bond,government,10년국채선물지수,390.64889903,66700,-0.002393060125635671
2026-04-08,A152380,KODEX 국채선물10년,안전,국내채권_종합,korea_bond,government,10년국채선물지수,390.64889903,67565,0.012968515742128872
2026-04-09,A152380,KODEX 국채선물10년,안전,국내채권_종합,korea_bond,government,10년국채선물지수,390.64889903,67250,-0.004662177162732206
2026-04-10,A152380,KODEX 국채선물10년,안전,국내채권_종합,korea_bond,government,10년국채선물지수,390.64889903,67120,-0.0019330855018587778
2026-04-13,A152380,KODEX 국채선물10년,안전,국내채권_종합,korea_bond,government,10년국채선물지수,390.64889903,66950,-0.002532777115613838
2026-04-14,A152380,KODEX 국채선물10년,안전,국내채권_종합,korea_bond,government,10년국채선물지수,390.64889903,67310,0.005377147124719928
2026-04-15,A152380,KODEX 국채선물10년,안전,국내채권_종합,korea_bond,government,10년국채선물지수,390.64889903,67410,0.0014856633486852733
2026-04-16,A152380,KODEX 국채선물10년,안전,국내채권_종합,korea_bond,government,10년국채선물지수,390.64889903,67205,-0.0030410918261385422
2026-04-17,A152380,KODEX 국채선물10년,안전,국내채권_종합,korea_bond,government,10년국채선물지수,390.64889903,67030,-0.0026039729186816407
2026-04-20,A152380,KODEX 국채선물10년,안전,국내채권_종합,korea_bond,government,10년국채선물지수,390.64889903,67215,0.002759958227659176
2026-04-21,A152380,KODEX 국채선물10년,안전,국내채권_종합,korea_bond,government,10년국채선물지수,390.64889903,67420,0.003049914453618907
2026-04-22,A152380,KODEX 국채선물10년,안전,국내채권_종합,korea_bond,government,10년국채선물지수,390.64889903,67180,-0.003559774547612027
2026-04-23,A152380,KODEX 국채선물10년,안전,국내채권_종합,korea_bond,government,10년국채선물지수,390.64889903,66640,-0.008038106579339122
2026-04-24,A152380,KODEX 국채선물10년,안전,국내채권_종합,korea_bond,government,10년국채선물지수,390.64889903,66500,-0.0021008403361344463
2026-04-27,A152380,KODEX 국채선물10년,안전,국내채권_종합,korea_bond,government,10년국채선물지수,390.64889903,66510,0.00015037593984956743
2026-04-28,A152380,KODEX 국채선물10년,안전,국내채권_종합,korea_bond,government,10년국채선물지수,390.64889903,66250,-0.003909186588482938
2026-04-29,A152380,KODEX 국채선물10년,안전,국내채권_종합,korea_bond,government,10년국채선물지수,390.64889903,66360,0.0016603773584906723
2026-04-30,A152380,KODEX 국채선물10년,안전,국내채권_종합,korea_bond,government,10년국채선물지수,390.64889903,65895,-0.007007233273056079
2026-05-04,A152380,KODEX 국채선물10년,안전,국내채권_종합,korea_bond,government,10년국채선물지수,390.64889903,65970,0.001138174368313205
2026-05-06,A152380,KODEX 국채선물10년,안전,국내채권_종합,korea_bond,government,10년국채선물지수,390.64889903,65950,-0.00030316810671515704
2026-05-07,A152380,KODEX 국채선물10년,안전,국내채권_종합,korea_bond,government,10년국채선물지수,390.64889903,66225,0.004169825625473855
2026-05-08,A152380,KODEX 국채선물10년,안전,국내채권_종합,korea_bond,government,10년국채선물지수,390.64889903,66145,-0.0012080030200075642
2026-05-11,A152380,KODEX 국채선물10년,안전,국내채권_종합,korea_bond,government,10년국채선물지수,390.64889903,65940,-0.003099251644115175
2026-05-12,A152380,KODEX 국채선물10년,안전,국내채권_종합,korea_bond,government,10년국채선물지수,390.64889903,65405,-0.008113436457385492
2026-05-13,A152380,KODEX 국채선물10년,안전,국내채권_종합,korea_bond,government,10년국채선물지수,390.64889903,65515,0.0016818286063755572
2026-05-14,A152380,KODEX 국채선물10년,안전,국내채권_종합,korea_bond,government,10년국채선물지수,390.64889903,65305,-0.0032053728153857985
2026-05-15,A152380,KODEX 국채선물10년,안전,국내채권_종합,korea_bond,government,10년국채선물지수,390.64889903,64640,-0.010182987520098052
2026-05-18,A152380,KODEX 국채선물10년,안전,국내채권_종합,korea_bond,government,10년국채선물지수,390.64889903,64570,-0.0010829207920791672
2026-05-19,A152380,KODEX 국채선물10년,안전,국내채권_종합,korea_bond,government,10년국채선물지수,390.64889903,64620,0.0007743534148985098
2026-05-20,A152380,KODEX 국채선물10년,안전,국내채권_종합,korea_bond,government,10년국채선물지수,390.64889903,64690,0.0010832559579077028
2026-05-21,A152380,KODEX 국채선물10년,안전,국내채권_종합,korea_bond,government,10년국채선물지수,390.64889903,64915,0.0034781264492194097
2026-05-22,A152380,KODEX 국채선물10년,안전,국내채권_종합,korea_bond,government,10년국채선물지수,390.64889903,65130,0.003312023415235288
2026-01-02,A157450,TIGER 단기통안채,안전,국내채권_종합,korea_bond,government,KIS MSB 6M(총수익),7801.27363517,110820,9.024456276507387e-05
2026-01-05,A157450,TIGER 단기통안채,안전,국내채권_종합,korea_bond,government,KIS MSB 6M(총수익),7801.27363517,110835,0.00013535462912828145
2026-01-06,A157450,TIGER 단기통안채,안전,국내채권_종합,korea_bond,government,KIS MSB 6M(총수익),7801.27363517,110850,0.00013533631073214814
2026-01-07,A157450,TIGER 단기통안채,안전,국내채권_종합,korea_bond,government,KIS MSB 6M(총수익),7801.27363517,110860,9.02119981958105e-05
2026-01-08,A157450,TIGER 단기통안채,안전,국내채권_종합,korea_bond,government,KIS MSB 6M(총수익),7801.27363517,110880,0.00018040772145044848
2026-01-09,A157450,TIGER 단기통안채,안전,국내채권_종합,korea_bond,government,KIS MSB 6M(총수익),7801.27363517,110890,9.018759018752931e-05
2026-01-12,A157450,TIGER 단기통안채,안전,국내채권_종합,korea_bond,government,KIS MSB 6M(총수익),7801.27363517,110900,9.01794571197545e-05
2026-01-13,A157450,TIGER 단기통안채,안전,국내채권_종합,korea_bond,government,KIS MSB 6M(총수익),7801.27363517,110905,4.508566275918113e-05
2026-01-14,A157450,TIGER 단기통안채,안전,국내채권_종합,korea_bond,government,KIS MSB 6M(총수익),7801.27363517,110915,9.016726026778166e-05
2026-01-15,A157450,TIGER 단기통안채,안전,국내채권_종합,korea_bond,government,KIS MSB 6M(총수익),7801.27363517,110935,0.00018031826173192655
2026-01-16,A157450,TIGER 단기통안채,안전,국내채권_종합,korea_bond,government,KIS MSB 6M(총수익),7801.27363517,110930,-4.507143822962689e-05
2026-01-19,A157450,TIGER 단기통안채,안전,국내채권_종합,korea_bond,government,KIS MSB 6M(총수익),7801.27363517,110935,4.507346975568538e-05
2026-01-20,A157450,TIGER 단기통안채,안전,국내채권_종합,korea_bond,government,KIS MSB 6M(총수익),7801.27363517,110935,0.0
2026-01-21,A157450,TIGER 단기통안채,안전,국내채권_종합,korea_bond,government,KIS MSB 6M(총수익),7801.27363517,110935,0.0
2026-01-22,A157450,TIGER 단기통안채,안전,국내채권_종합,korea_bond,government,KIS MSB 6M(총수익),7801.27363517,110960,0.00022535719114791242
2026-01-23,A157450,TIGER 단기통안채,안전,국내채권_종합,korea_bond,government,KIS MSB 6M(총수익),7801.27363517,110970,9.012256669072016e-05
2026-01-26,A157450,TIGER 단기통안채,안전,국내채권_종합,korea_bond,government,KIS MSB 6M(총수익),7801.27363517,110970,0.0
2026-01-27,A157450,TIGER 단기통안채,안전,국내채권_종합,korea_bond,government,KIS MSB 6M(총수익),7801.27363517,110965,-4.5057222672784114e-05
2026-01-28,A157450,TIGER 단기통안채,안전,국내채권_종합,korea_bond,government,KIS MSB 6M(총수익),7801.27363517,110970,4.505925291753421e-05
2026-01-29,A157450,TIGER 단기통안채,안전,국내채권_종합,korea_bond,government,KIS MSB 6M(총수익),7801.27363517,110980,9.011444534556823e-05
2026-01-30,A157450,TIGER 단기통안채,안전,국내채권_종합,korea_bond,government,KIS MSB 6M(총수익),7801.27363517,110990,9.010632546413433e-05
2026-02-02,A157450,TIGER 단기통안채,안전,국내채권_종합,korea_bond,government,KIS MSB 6M(총수익),7801.27363517,110990,0.0
2026-02-03,A157450,TIGER 단기통안채,안전,국내채권_종합,korea_bond,government,KIS MSB 6M(총수익),7801.27363517,110985,-4.5049103522876166e-05
2026-02-04,A157450,TIGER 단기통안채,안전,국내채권_종합,korea_bond,government,KIS MSB 6M(총수익),7801.27363517,110980,-4.505113303598929e-05
2026-02-05,A157450,TIGER 단기통안채,안전,국내채권_종합,korea_bond,government,KIS MSB 6M(총수익),7801.27363517,111010,0.00027031897639218094
2026-02-06,A157450,TIGER 단기통안채,안전,국내채권_종합,korea_bond,government,KIS MSB 6M(총수익),7801.27363517,111025,0.00013512296189532869
2026-02-09,A157450,TIGER 단기통안채,안전,국내채권_종합,korea_bond,government,KIS MSB 6M(총수익),7801.27363517,111025,0.0
2026-02-10,A157450,TIGER 단기통안채,안전,국내채권_종합,korea_bond,government,KIS MSB 6M(총수익),7801.27363517,111035,9.006980409820287e-05
2026-02-11,A157450,TIGER 단기통안채,안전,국내채권_종합,korea_bond,government,KIS MSB 6M(총수익),7801.27363517,111050,0.0001350925383887258
2026-02-12,A157450,TIGER 단기통안채,안전,국내채권_종합,korea_bond,government,KIS MSB 6M(총수익),7801.27363517,111095,0.0004052228725799356
2026-02-13,A157450,TIGER 단기통안채,안전,국내채권_종합,korea_bond,government,KIS MSB 6M(총수익),7801.27363517,111115,0.0001800261037849804
2026-02-19,A157450,TIGER 단기통안채,안전,국내채권_종합,korea_bond,government,KIS MSB 6M(총수익),7801.27363517,111135,0.0001799937002204821
2026-02-20,A157450,TIGER 단기통안채,안전,국내채권_종합,korea_bond,government,KIS MSB 6M(총수익),7801.27363517,111150,0.0001349709812390465
2026-02-23,A157450,TIGER 단기통안채,안전,국내채권_종합,korea_bond,government,KIS MSB 6M(총수익),7801.27363517,111155,4.498425551058283e-05
2026-02-24,A157450,TIGER 단기통안채,안전,국내채권_종합,korea_bond,government,KIS MSB 6M(총수익),7801.27363517,111150,-4.498223201832019e-05
2026-02-25,A157450,TIGER 단기통안채,안전,국내채권_종합,korea_bond,government,KIS MSB 6M(총수익),7801.27363517,111155,4.498425551058283e-05
2026-02-26,A157450,TIGER 단기통안채,안전,국내채권_종합,korea_bond,government,KIS MSB 6M(총수익),7801.27363517,111185,0.0002698933921101432
2026-02-27,A157450,TIGER 단기통안채,안전,국내채권_종합,korea_bond,government,KIS MSB 6M(총수익),7801.27363517,111205,0.0001798803795476367
2026-03-03,A157450,TIGER 단기통안채,안전,국내채권_종합,korea_bond,government,KIS MSB 6M(총수익),7801.27363517,111192,-0.00011690121847041102
2026-03-04,A157450,TIGER 단기통안채,안전,국내채권_종합,korea_bond,government,KIS MSB 6M(총수익),7801.27363517,111185,-6.29541693647484e-05
2026-03-05,A157450,TIGER 단기통안채,안전,국내채권_종합,korea_bond,government,KIS MSB 6M(총수익),7801.27363517,111205,0.0001798803795476367
2026-03-06,A157450,TIGER 단기통안채,안전,국내채권_종합,korea_bond,government,KIS MSB 6M(총수익),7801.27363517,111225,0.00017984802841608527
2026-03-09,A157450,TIGER 단기통안채,안전,국내채권_종합,korea_bond,government,KIS MSB 6M(총수익),7801.27363517,111235,8.990784445939148e-05
2026-03-10,A157450,TIGER 단기통안채,안전,국내채권_종합,korea_bond,government,KIS MSB 6M(총수익),7801.27363517,111220,-0.00013484964264842692
2026-03-11,A157450,TIGER 단기통안채,안전,국내채권_종합,korea_bond,government,KIS MSB 6M(총수익),7801.27363517,111235,0.00013486782952698562
2026-03-12,A157450,TIGER 단기통안채,안전,국내채권_종합,korea_bond,government,KIS MSB 6M(총수익),7801.27363517,111265,0.00026969928529685383
2026-03-13,A157450,TIGER 단기통안채,안전,국내채권_종합,korea_bond,government,KIS MSB 6M(총수익),7801.27363517,111275,8.987552240147245e-05
2026-03-16,A157450,TIGER 단기통안채,안전,국내채권_종합,korea_bond,government,KIS MSB 6M(총수익),7801.27363517,111280,4.4933722758822014e-05
2026-03-17,A157450,TIGER 단기통안채,안전,국내채권_종합,korea_bond,government,KIS MSB 6M(총수익),7801.27363517,111290,8.986340762051626e-05
2026-03-18,A157450,TIGER 단기통안채,안전,국내채권_종합,korea_bond,government,KIS MSB 6M(총수익),7801.27363517,111295,4.492766645691759e-05
2026-03-19,A157450,TIGER 단기통안채,안전,국내채권_종합,korea_bond,government,KIS MSB 6M(총수익),7801.27363517,111330,0.00031447953636720705
2026-03-20,A157450,TIGER 단기통안채,안전,국내채권_종합,korea_bond,government,KIS MSB 6M(총수익),7801.27363517,111320,-8.982304859428414e-05
2026-03-23,A157450,TIGER 단기통안채,안전,국내채권_종합,korea_bond,government,KIS MSB 6M(총수익),7801.27363517,111305,-0.00013474667624868708
2026-03-24,A157450,TIGER 단기통안채,안전,국내채권_종합,korea_bond,government,KIS MSB 6M(총수익),7801.27363517,111290,-0.0001347648353623443
2026-03-25,A157450,TIGER 단기통안채,안전,국내채권_종합,korea_bond,government,KIS MSB 6M(총수익),7801.27363517,111295,4.492766645691759e-05
2026-03-26,A157450,TIGER 단기통안채,안전,국내채권_종합,korea_bond,government,KIS MSB 6M(총수익),7801.27363517,111330,0.00031447953636720705
2026-03-27,A157450,TIGER 단기통안채,안전,국내채권_종합,korea_bond,government,KIS MSB 6M(총수익),7801.27363517,111335,4.491152429708656e-05
2026-03-30,A157450,TIGER 단기통안채,안전,국내채권_종합,korea_bond,government,KIS MSB 6M(총수익),7801.27363517,111325,-8.981901468541054e-05
2026-03-31,A157450,TIGER 단기통안채,안전,국내채권_종합,korea_bond,government,KIS MSB 6M(총수익),7801.27363517,111335,8.982708286553454e-05
2026-04-01,A157450,TIGER 단기통안채,안전,국내채권_종합,korea_bond,government,KIS MSB 6M(총수익),7801.27363517,111365,0.0002694570440562316
2026-04-02,A157450,TIGER 단기통안채,안전,국내채권_종합,korea_bond,government,KIS MSB 6M(총수익),7801.27363517,111345,-0.000179589637677946
2026-04-03,A157450,TIGER 단기통안채,안전,국내채권_종합,korea_bond,government,KIS MSB 6M(총수익),7801.27363517,111400,0.0004939602137501442
2026-04-06,A157450,TIGER 단기통안채,안전,국내채권_종합,korea_bond,government,KIS MSB 6M(총수익),7801.27363517,111410,8.976660682225024e-05
2026-04-07,A157450,TIGER 단기통안채,안전,국내채권_종합,korea_bond,government,KIS MSB 6M(총수익),7801.27363517,111405,-4.487927475094189e-05
2026-04-08,A157450,TIGER 단기통안채,안전,국내채권_종합,korea_bond,government,KIS MSB 6M(총수익),7801.27363517,111415,8.976257798121168e-05
2026-04-09,A157450,TIGER 단기통안채,안전,국내채권_종합,korea_bond,government,KIS MSB 6M(총수익),7801.27363517,111470,0.0004936498676120227
2026-04-10,A157450,TIGER 단기통안채,안전,국내채권_종합,korea_bond,government,KIS MSB 6M(총수익),7801.27363517,111485,0.00013456535390687918
2026-04-13,A157450,TIGER 단기통안채,안전,국내채권_종합,korea_bond,government,KIS MSB 6M(총수익),7801.27363517,111490,4.484908283619582e-05
2026-04-14,A157450,TIGER 단기통안채,안전,국내채권_종합,korea_bond,government,KIS MSB 6M(총수익),7801.27363517,111500,8.969414297244072e-05
2026-04-15,A157450,TIGER 단기통안채,안전,국내채권_종합,korea_bond,government,KIS MSB 6M(총수익),7801.27363517,111500,0.0
2026-04-16,A157450,TIGER 단기통안채,안전,국내채권_종합,korea_bond,government,KIS MSB 6M(총수익),7801.27363517,111535,0.0003139013452915229
2026-04-17,A157450,TIGER 단기통안채,안전,국내채권_종합,korea_bond,government,KIS MSB 6M(총수익),7801.27363517,111520,-0.00013448693235307285
2026-04-20,A157450,TIGER 단기통안채,안전,국내채권_종합,korea_bond,government,KIS MSB 6M(총수익),7801.27363517,111550,0.00026901004304158427
2026-04-21,A157450,TIGER 단기통안채,안전,국내채권_종합,korea_bond,government,KIS MSB 6M(총수익),7801.27363517,111550,0.0
2026-04-22,A157450,TIGER 단기통안채,안전,국내채권_종합,korea_bond,government,KIS MSB 6M(총수익),7801.27363517,111560,8.964589870008588e-05
2026-04-23,A157450,TIGER 단기통안채,안전,국내채권_종합,korea_bond,government,KIS MSB 6M(총수익),7801.27363517,111565,4.4818931516754645e-05
2026-04-24,A157450,TIGER 단기통안채,안전,국내채권_종합,korea_bond,government,KIS MSB 6M(총수익),7801.27363517,111590,0.00022408461435041716
2026-04-27,A157450,TIGER 단기통안채,안전,국내채권_종합,korea_bond,government,KIS MSB 6M(총수익),7801.27363517,111575,-0.00013442064701141287
2026-04-28,A157450,TIGER 단기통안채,안전,국내채권_종합,korea_bond,government,KIS MSB 6M(총수익),7801.27363517,111600,0.00022406453058487763
2026-04-29,A157450,TIGER 단기통안채,안전,국내채권_종합,korea_bond,government,KIS MSB 6M(총수익),7801.27363517,111640,0.00035842293906807043
2026-04-30,A157450,TIGER 단기통안채,안전,국내채권_종합,korea_bond,government,KIS MSB 6M(총수익),7801.27363517,111640,0.0
2026-05-04,A157450,TIGER 단기통안채,안전,국내채권_종합,korea_bond,government,KIS MSB 6M(총수익),7801.27363517,111650,8.957362952344283e-05
2026-05-06,A157450,TIGER 단기통안채,안전,국내채권_종합,korea_bond,government,KIS MSB 6M(총수익),7801.27363517,111655,4.478280340358687e-05
2026-05-07,A157450,TIGER 단기통안채,안전,국내채권_종합,korea_bond,government,KIS MSB 6M(총수익),7801.27363517,111680,0.00022390398996918748
2026-05-08,A157450,TIGER 단기통안채,안전,국내채권_종합,korea_bond,government,KIS MSB 6M(총수익),7801.27363517,111695,0.00013431232091698497
2026-05-11,A157450,TIGER 단기통안채,안전,국내채권_종합,korea_bond,government,KIS MSB 6M(총수익),7801.27363517,111665,-0.0002685885670800081
2026-05-12,A157450,TIGER 단기통안채,안전,국내채권_종합,korea_bond,government,KIS MSB 6M(총수익),7801.27363517,111710,0.00040299108941921347
2026-05-13,A157450,TIGER 단기통안채,안전,국내채권_종합,korea_bond,government,KIS MSB 6M(총수익),7801.27363517,111700,-8.951750067143216e-05
2026-05-14,A157450,TIGER 단기통안채,안전,국내채권_종합,korea_bond,government,KIS MSB 6M(총수익),7801.27363517,111715,0.00013428827215755668
2026-05-15,A157450,TIGER 단기통안채,안전,국내채권_종합,korea_bond,government,KIS MSB 6M(총수익),7801.27363517,111730,0.0001342702412387986
2026-05-18,A157450,TIGER 단기통안채,안전,국내채권_종합,korea_bond,government,KIS MSB 6M(총수익),7801.27363517,111735,4.475073838716703e-05
2026-05-19,A157450,TIGER 단기통안채,안전,국내채권_종합,korea_bond,government,KIS MSB 6M(총수익),7801.27363517,111730,-4.474873584825456e-05
2026-05-20,A157450,TIGER 단기통안채,안전,국내채권_종합,korea_bond,government,KIS MSB 6M(총수익),7801.27363517,111750,0.00017900295354866813
2026-05-21,A157450,TIGER 단기통안채,안전,국내채권_종합,korea_bond,government,KIS MSB 6M(총수익),7801.27363517,111775,0.00022371364653239745
2026-05-22,A157450,TIGER 단기통안채,안전,국내채권_종합,korea_bond,government,KIS MSB 6M(총수익),7801.27363517,111785,8.946544397225864e-05
2026-01-02,A272560,RISE 단기국공채액티브,안전,국내채권_종합,korea_bond,government,KIS 종합채권국공채3M~1.5Y지수,1642.75175848,113155,0.00039784280788612847
2026-01-05,A272560,RISE 단기국공채액티브,안전,국내채권_종합,korea_bond,government,KIS 종합채권국공채3M~1.5Y지수,1642.75175848,113135,-0.0001767487075250429
2026-01-06,A272560,RISE 단기국공채액티브,안전,국내채권_종합,korea_bond,government,KIS 종합채권국공채3M~1.5Y지수,1642.75175848,113190,0.000486144871171712
2026-01-07,A272560,RISE 단기국공채액티브,안전,국내채권_종합,korea_bond,government,KIS 종합채권국공채3M~1.5Y지수,1642.75175848,113240,0.0004417351356127419
2026-01-08,A272560,RISE 단기국공채액티브,안전,국내채권_종합,korea_bond,government,KIS 종합채권국공채3M~1.5Y지수,1642.75175848,113265,0.00022077004592024885
2026-01-09,A272560,RISE 단기국공채액티브,안전,국내채권_종합,korea_bond,government,KIS 종합채권국공채3M~1.5Y지수,1642.75175848,113270,4.414426345289435e-05
2026-01-12,A272560,RISE 단기국공채액티브,안전,국내채권_종합,korea_bond,government,KIS 종합채권국공채3M~1.5Y지수,1642.75175848,113280,8.828462964594053e-05
2026-01-13,A272560,RISE 단기국공채액티브,안전,국내채권_종합,korea_bond,government,KIS 종합채권국공채3M~1.5Y지수,1642.75175848,113290,8.827683615808546e-05
2026-01-14,A272560,RISE 단기국공채액티브,안전,국내채권_종합,korea_bond,government,KIS 종합채권국공채3M~1.5Y지수,1642.75175848,113300,8.826904404624081e-05
2026-01-15,A272560,RISE 단기국공채액티브,안전,국내채권_종합,korea_bond,government,KIS 종합채권국공채3M~1.5Y지수,1642.75175848,113285,-0.00013239187996472168
2026-01-16,A272560,RISE 단기국공채액티브,안전,국내채권_종합,korea_bond,government,KIS 종합채권국공채3M~1.5Y지수,1642.75175848,113295,8.827293993030061e-05
2026-01-19,A272560,RISE 단기국공채액티브,안전,국내채권_종합,korea_bond,government,KIS 종합채권국공채3M~1.5Y지수,1642.75175848,113270,-0.00022066287126532025
2026-01-20,A272560,RISE 단기국공채액티브,안전,국내채권_종합,korea_bond,government,KIS 종합채권국공채3M~1.5Y지수,1642.75175848,113275,4.414231482297026e-05
2026-01-21,A272560,RISE 단기국공채액티브,안전,국내채권_종합,korea_bond,government,KIS 종합채권국공채3M~1.5Y지수,1642.75175848,113290,0.0001324210990951702
2026-01-22,A272560,RISE 단기국공채액티브,안전,국내채권_종합,korea_bond,government,KIS 종합채권국공채3M~1.5Y지수,1642.75175848,113325,0.00030894165416195385
2026-01-23,A272560,RISE 단기국공채액티브,안전,국내채권_종합,korea_bond,government,KIS 종합채권국공채3M~1.5Y지수,1642.75175848,113295,-0.0002647253474520328
2026-01-26,A272560,RISE 단기국공채액티브,안전,국내채권_종합,korea_bond,government,KIS 종합채권국공채3M~1.5Y지수,1642.75175848,113305,8.82651485061281e-05
2026-01-27,A272560,RISE 단기국공채액티브,안전,국내채권_종합,korea_bond,government,KIS 종합채권국공채3M~1.5Y지수,1642.75175848,113300,-4.4128679228649936e-05
2026-01-28,A272560,RISE 단기국공채액티브,안전,국내채권_종합,korea_bond,government,KIS 종합채권국공채3M~1.5Y지수,1642.75175848,113295,-4.413062665487022e-05
2026-01-29,A272560,RISE 단기국공채액티브,안전,국내채권_종합,korea_bond,government,KIS 종합채권국공채3M~1.5Y지수,1642.75175848,113285,-8.82651485061281e-05
2026-01-30,A272560,RISE 단기국공채액티브,안전,국내채권_종합,korea_bond,government,KIS 종합채권국공채3M~1.5Y지수,1642.75175848,113290,4.413646996503928e-05
2026-02-02,A272560,RISE 단기국공채액티브,안전,국내채권_종합,korea_bond,government,KIS 종합채권국공채3M~1.5Y지수,1642.75175848,113280,-8.826904404624081e-05
2026-02-03,A272560,RISE 단기국공채액티브,안전,국내채권_종합,korea_bond,government,KIS 종합채권국공채3M~1.5Y지수,1642.75175848,113270,-8.827683615819648e-05
2026-02-04,A272560,RISE 단기국공채액티브,안전,국내채권_종합,korea_bond,government,KIS 종합채권국공채3M~1.5Y지수,1642.75175848,113250,-0.00017656925929199208
2026-02-05,A272560,RISE 단기국공채액티브,안전,국내채권_종합,korea_bond,government,KIS 종합채권국공채3M~1.5Y지수,1642.75175848,113295,0.0003973509933774544
2026-02-06,A272560,RISE 단기국공채액티브,안전,국내채권_종합,korea_bond,government,KIS 종합채권국공채3M~1.5Y지수,1642.75175848,113305,8.82651485061281e-05
2026-02-09,A272560,RISE 단기국공채액티브,안전,국내채권_종합,korea_bond,government,KIS 종합채권국공채3M~1.5Y지수,1642.75175848,113295,-8.825735845729987e-05
2026-02-10,A272560,RISE 단기국공채액티브,안전,국내채권_종합,korea_bond,government,KIS 종합채권국공채3M~1.5Y지수,1642.75175848,113325,0.0002647954455183843
2026-02-11,A272560,RISE 단기국공채액티브,안전,국내채권_종합,korea_bond,government,KIS 종합채권국공채3M~1.5Y지수,1642.75175848,113315,-8.824178248401093e-05
2026-02-12,A272560,RISE 단기국공채액티브,안전,국내채권_종합,korea_bond,government,KIS 종합채권국공채3M~1.5Y지수,1642.75175848,113410,0.0008383709129418104
2026-02-13,A272560,RISE 단기국공채액티브,안전,국내채권_종합,korea_bond,government,KIS 종합채권국공채3M~1.5Y지수,1642.75175848,113415,4.408782294329505e-05
2026-02-19,A272560,RISE 단기국공채액티브,안전,국내채권_종합,korea_bond,government,KIS 종합채권국공채3M~1.5Y지수,1642.75175848,113440,0.0002204293964642723
2026-02-20,A272560,RISE 단기국공채액티브,안전,국내채권_종합,korea_bond,government,KIS 종합채권국공채3M~1.5Y지수,1642.75175848,113475,0.00030853314527501396
2026-02-23,A272560,RISE 단기국공채액티브,안전,국내채권_종합,korea_bond,government,KIS 종합채권국공채3M~1.5Y지수,1642.75175848,113480,4.4062568847813566e-05
2026-02-24,A272560,RISE 단기국공채액티브,안전,국내채권_종합,korea_bond,government,KIS 종합채권국공채3M~1.5Y지수,1642.75175848,113500,0.00017624250969339172
2026-02-25,A272560,RISE 단기국공채액티브,안전,국내채권_종합,korea_bond,government,KIS 종합채권국공채3M~1.5Y지수,1642.75175848,113510,8.810572687223406e-05
2026-02-26,A272560,RISE 단기국공채액티브,안전,국내채권_종합,korea_bond,government,KIS 종합채권국공채3M~1.5Y지수,1642.75175848,113565,0.0004845388071534895
2026-02-27,A272560,RISE 단기국공채액티브,안전,국내채권_종합,korea_bond,government,KIS 종합채권국공채3M~1.5Y지수,1642.75175848,113600,0.00030819354554667555
2026-03-03,A272560,RISE 단기국공채액티브,안전,국내채권_종합,korea_bond,government,KIS 종합채권국공채3M~1.5Y지수,1642.75175848,113565,-0.00030809859154934394
2026-03-04,A272560,RISE 단기국공채액티브,안전,국내채권_종합,korea_bond,government,KIS 종합채권국공채3M~1.5Y지수,1642.75175848,113555,-8.8055298727574e-05
2026-03-05,A272560,RISE 단기국공채액티브,안전,국내채권_종합,korea_bond,government,KIS 종합채권국공채3M~1.5Y지수,1642.75175848,113580,0.00022015763286509227
2026-03-06,A272560,RISE 단기국공채액티브,안전,국내채권_종합,korea_bond,government,KIS 종합채권국공채3M~1.5Y지수,1642.75175848,113585,4.402183483009914e-05
2026-03-09,A272560,RISE 단기국공채액티브,안전,국내채권_종합,korea_bond,government,KIS 종합채권국공채3M~1.5Y지수,1642.75175848,113545,-0.00035215917594755286
2026-03-10,A272560,RISE 단기국공채액티브,안전,국내채권_종합,korea_bond,government,KIS 종합채권국공채3M~1.5Y지수,1642.75175848,113585,0.00035228323572145115
2026-03-11,A272560,RISE 단기국공채액티브,안전,국내채권_종합,korea_bond,government,KIS 종합채권국공채3M~1.5Y지수,1642.75175848,113620,0.00030813927895412263
2026-03-12,A272560,RISE 단기국공채액티브,안전,국내채권_종합,korea_bond,government,KIS 종합채권국공채3M~1.5Y지수,1642.75175848,113630,8.801267382496647e-05
2026-03-13,A272560,RISE 단기국공채액티브,안전,국내채권_종합,korea_bond,government,KIS 종합채권국공채3M~1.5Y지수,1642.75175848,113625,-4.4002464137937736e-05
2026-03-16,A272560,RISE 단기국공채액티브,안전,국내채권_종합,korea_bond,government,KIS 종합채권국공채3M~1.5Y지수,1642.75175848,113630,4.400440043994536e-05
2026-03-17,A272560,RISE 단기국공채액티브,안전,국내채권_종합,korea_bond,government,KIS 종합채권국공채3M~1.5Y지수,1642.75175848,113665,0.00030801724896600824
2026-03-18,A272560,RISE 단기국공채액티브,안전,국내채권_종합,korea_bond,government,KIS 종합채권국공채3M~1.5Y지수,1642.75175848,113675,8.797782958702705e-05
2026-03-19,A272560,RISE 단기국공채액티브,안전,국내채권_종합,korea_bond,government,KIS 종합채권국공채3M~1.5Y지수,1642.75175848,113675,0.0
2026-03-20,A272560,RISE 단기국공채액티브,안전,국내채권_종합,korea_bond,government,KIS 종합채권국공채3M~1.5Y지수,1642.75175848,113655,-0.0001759401803387295
2026-03-23,A272560,RISE 단기국공채액티브,안전,국내채권_종합,korea_bond,government,KIS 종합채권국공채3M~1.5Y지수,1642.75175848,113570,-0.0007478773481148782
2026-03-24,A272560,RISE 단기국공채액티브,안전,국내채권_종합,korea_bond,government,KIS 종합채권국공채3M~1.5Y지수,1642.75175848,113565,-4.402571101524977e-05
2026-03-25,A272560,RISE 단기국공채액티브,안전,국내채권_종합,korea_bond,government,KIS 종합채권국공채3M~1.5Y지수,1642.75175848,113575,8.805529872768503e-05
2026-03-26,A272560,RISE 단기국공채액티브,안전,국내채권_종합,korea_bond,government,KIS 종합채권국공채3M~1.5Y지수,1642.75175848,113585,8.80475456745966e-05
2026-03-27,A272560,RISE 단기국공채액티브,안전,국내채권_종합,korea_bond,government,KIS 종합채권국공채3M~1.5Y지수,1642.75175848,113560,-0.00022009948496715115
2026-03-30,A272560,RISE 단기국공채액티브,안전,국내채권_종합,korea_bond,government,KIS 종합채권국공채3M~1.5Y지수,1642.75175848,113560,0.0
2026-03-31,A272560,RISE 단기국공채액티브,안전,국내채권_종합,korea_bond,government,KIS 종합채권국공채3M~1.5Y지수,1642.75175848,113560,0.0
2026-04-01,A272560,RISE 단기국공채액티브,안전,국내채권_종합,korea_bond,government,KIS 종합채권국공채3M~1.5Y지수,1642.75175848,113655,0.0008365621697781211
2026-04-02,A272560,RISE 단기국공채액티브,안전,국내채권_종합,korea_bond,government,KIS 종합채권국공채3M~1.5Y지수,1642.75175848,113640,-0.00013197835554967785
2026-04-03,A272560,RISE 단기국공채액티브,안전,국내채권_종합,korea_bond,government,KIS 종합채권국공채3M~1.5Y지수,1642.75175848,113675,0.0003079901443154842
2026-04-06,A272560,RISE 단기국공채액티브,안전,국내채권_종합,korea_bond,government,KIS 종합채권국공채3M~1.5Y지수,1642.75175848,113710,0.0003078953155926101
2026-04-07,A272560,RISE 단기국공채액티브,안전,국내채권_종합,korea_bond,government,KIS 종합채권국공채3M~1.5Y지수,1642.75175848,113710,0.0
2026-04-08,A272560,RISE 단기국공채액티브,안전,국내채권_종합,korea_bond,government,KIS 종합채권국공채3M~1.5Y지수,1642.75175848,113785,0.0006595725969571475
2026-04-09,A272560,RISE 단기국공채액티브,안전,국내채권_종합,korea_bond,government,KIS 종합채권국공채3M~1.5Y지수,1642.75175848,113835,0.00043942523179674176
2026-04-10,A272560,RISE 단기국공채액티브,안전,국내채권_종합,korea_bond,government,KIS 종합채권국공채3M~1.5Y지수,1642.75175848,113835,0.0
2026-04-13,A272560,RISE 단기국공채액티브,안전,국내채권_종합,korea_bond,government,KIS 종합채권국공채3M~1.5Y지수,1642.75175848,113825,-8.784644441517386e-05
2026-04-14,A272560,RISE 단기국공채액티브,안전,국내채권_종합,korea_bond,government,KIS 종합채권국공채3M~1.5Y지수,1642.75175848,113855,0.00026356248627279477
2026-04-15,A272560,RISE 단기국공채액티브,안전,국내채권_종합,korea_bond,government,KIS 종합채권국공채3M~1.5Y지수,1642.75175848,113875,0.00017566202626140281
2026-04-16,A272560,RISE 단기국공채액티브,안전,국내채권_종합,korea_bond,government,KIS 종합채권국공채3M~1.5Y지수,1642.75175848,113900,0.00021953896816695462
2026-04-17,A272560,RISE 단기국공채액티브,안전,국내채권_종합,korea_bond,government,KIS 종합채권국공채3M~1.5Y지수,1642.75175848,113905,4.3898156277366596e-05
2026-04-20,A272560,RISE 단기국공채액티브,안전,국내채권_종합,korea_bond,government,KIS 종합채권국공채3M~1.5Y지수,1642.75175848,113920,0.00013168868794166677
2026-04-21,A272560,RISE 단기국공채액티브,안전,국내채권_종합,korea_bond,government,KIS 종합채권국공채3M~1.5Y지수,1642.75175848,113940,0.000175561797752799
2026-04-22,A272560,RISE 단기국공채액티브,안전,국내채권_종합,korea_bond,government,KIS 종합채권국공채3M~1.5Y지수,1642.75175848,113950,8.77654906090708e-05
2026-04-23,A272560,RISE 단기국공채액티브,안전,국내채권_종합,korea_bond,government,KIS 종합채권국공채3M~1.5Y지수,1642.75175848,113920,-0.0002632733655112407
2026-04-24,A272560,RISE 단기국공채액티브,안전,국내채권_종합,korea_bond,government,KIS 종합채권국공채3M~1.5Y지수,1642.75175848,113915,-4.389044943819975e-05
2026-04-27,A272560,RISE 단기국공채액티브,안전,국내채권_종합,korea_bond,government,KIS 종합채권국공채3M~1.5Y지수,1642.75175848,113925,8.7784751788611e-05
2026-04-28,A272560,RISE 단기국공채액티브,안전,국내채권_종합,korea_bond,government,KIS 종합채권국공채3M~1.5Y지수,1642.75175848,113945,0.00017555409260472388
2026-04-29,A272560,RISE 단기국공채액티브,안전,국내채권_종합,korea_bond,government,KIS 종합채권국공채3M~1.5Y지수,1642.75175848,113970,0.00021940409846865627
2026-04-30,A272560,RISE 단기국공채액티브,안전,국내채권_종합,korea_bond,government,KIS 종합채권국공채3M~1.5Y지수,1642.75175848,113970,0.0
2026-05-04,A272560,RISE 단기국공채액티브,안전,국내채권_종합,korea_bond,government,KIS 종합채권국공채3M~1.5Y지수,1642.75175848,113970,0.0
2026-05-06,A272560,RISE 단기국공채액티브,안전,국내채권_종합,korea_bond,government,KIS 종합채권국공채3M~1.5Y지수,1642.75175848,113980,8.774238834785564e-05
2026-05-07,A272560,RISE 단기국공채액티브,안전,국내채권_종합,korea_bond,government,KIS 종합채권국공채3M~1.5Y지수,1642.75175848,114035,0.00048254079663090366
2026-05-08,A272560,RISE 단기국공채액티브,안전,국내채권_종합,korea_bond,government,KIS 종합채권국공채3M~1.5Y지수,1642.75175848,114040,4.384618757402592e-05
2026-05-11,A272560,RISE 단기국공채액티브,안전,국내채권_종합,korea_bond,government,KIS 종합채권국공채3M~1.5Y지수,1642.75175848,114035,-4.384426517012319e-05
2026-05-12,A272560,RISE 단기국공채액티브,안전,국내채권_종합,korea_bond,government,KIS 종합채권국공채3M~1.5Y지수,1642.75175848,114020,-0.00013153856272196673
2026-05-13,A272560,RISE 단기국공채액티브,안전,국내채권_종합,korea_bond,government,KIS 종합채권국공채3M~1.5Y지수,1642.75175848,114035,0.00013155586739177494
2026-05-14,A272560,RISE 단기국공채액티브,안전,국내채권_종합,korea_bond,government,KIS 종합채권국공채3M~1.5Y지수,1642.75175848,114055,0.00017538475029588163
2026-05-15,A272560,RISE 단기국공채액티브,안전,국내채권_종합,korea_bond,government,KIS 종합채권국공채3M~1.5Y지수,1642.75175848,114020,-0.0003068694927885751
2026-05-18,A272560,RISE 단기국공채액티브,안전,국내채권_종합,korea_bond,government,KIS 종합채권국공채3M~1.5Y지수,1642.75175848,114020,0.0
2026-05-19,A272560,RISE 단기국공채액티브,안전,국내채권_종합,korea_bond,government,KIS 종합채권국공채3M~1.5Y지수,1642.75175848,114050,0.00026311173478332783
2026-05-20,A272560,RISE 단기국공채액티브,안전,국내채권_종합,korea_bond,government,KIS 종합채권국공채3M~1.5Y지수,1642.75175848,114015,-0.0003068829460762812
2026-05-21,A272560,RISE 단기국공채액티브,안전,국내채권_종합,korea_bond,government,KIS 종합채권국공채3M~1.5Y지수,1642.75175848,114080,0.0005701004253826358
2026-05-22,A272560,RISE 단기국공채액티브,안전,국내채권_종합,korea_bond,government,KIS 종합채권국공채3M~1.5Y지수,1642.75175848,114085,4.382889200571505e-05
2026-01-02,A273130,KODEX 종합채권(AA-이상)액티브,안전,국내채권_회사채,korea_bond,credit,KAP 한국종합채권지수,33295.21864865,114645,0.0006109535238927322
2026-01-05,A273130,KODEX 종합채권(AA-이상)액티브,안전,국내채권_회사채,korea_bond,credit,KAP 한국종합채권지수,33295.21864865,114590,-0.0004797418116795349
2026-01-06,A273130,KODEX 종합채권(AA-이상)액티브,안전,국내채권_회사채,korea_bond,credit,KAP 한국종합채권지수,33295.21864865,114685,0.0008290426738808421
2026-01-07,A273130,KODEX 종합채권(AA-이상)액티브,안전,국내채권_회사채,korea_bond,credit,KAP 한국종합채권지수,33295.21864865,114960,0.0023978724331865653
2026-01-08,A273130,KODEX 종합채권(AA-이상)액티브,안전,국내채권_회사채,korea_bond,credit,KAP 한국종합채권지수,33295.21864865,115005,0.0003914405010438937
2026-01-09,A273130,KODEX 종합채권(AA-이상)액티브,안전,국내채권_회사채,korea_bond,credit,KAP 한국종합채권지수,33295.21864865,114805,-0.00173905482370329
2026-01-12,A273130,KODEX 종합채권(AA-이상)액티브,안전,국내채권_회사채,korea_bond,credit,KAP 한국종합채권지수,33295.21864865,114795,-8.710422019941877e-05
2026-01-13,A273130,KODEX 종합채권(AA-이상)액티브,안전,국내채권_회사채,korea_bond,credit,KAP 한국종합채권지수,33295.21864865,114670,-0.0010888976000696937
2026-01-14,A273130,KODEX 종합채권(AA-이상)액티브,안전,국내채권_회사채,korea_bond,credit,KAP 한국종합채권지수,33295.21864865,114655,-0.00013081015086768844
2026-01-15,A273130,KODEX 종합채권(AA-이상)액티브,안전,국내채권_회사채,korea_bond,credit,KAP 한국종합채권지수,33295.21864865,114240,-0.003619554315119289
2026-01-16,A273130,KODEX 종합채권(AA-이상)액티브,안전,국내채권_회사채,korea_bond,credit,KAP 한국종합채권지수,33295.21864865,114350,0.0009628851540617323
2026-01-19,A273130,KODEX 종합채권(AA-이상)액티브,안전,국내채권_회사채,korea_bond,credit,KAP 한국종합채권지수,33295.21864865,113915,-0.003804110188019294
2026-01-20,A273130,KODEX 종합채권(AA-이상)액티브,안전,국내채권_회사채,korea_bond,credit,KAP 한국종합채권지수,33295.21864865,113330,-0.005135407979633966
2026-01-21,A273130,KODEX 종합채권(AA-이상)액티브,안전,국내채권_회사채,korea_bond,credit,KAP 한국종합채권지수,33295.21864865,113605,0.002426541957116335
2026-01-22,A273130,KODEX 종합채권(AA-이상)액티브,안전,국내채권_회사채,korea_bond,credit,KAP 한국종합채권지수,33295.21864865,113825,0.0019365344835173826
2026-01-23,A273130,KODEX 종합채권(AA-이상)액티브,안전,국내채권_회사채,korea_bond,credit,KAP 한국종합채권지수,33295.21864865,113470,-0.0031188227542280345
2026-01-26,A273130,KODEX 종합채권(AA-이상)액티브,안전,국내채권_회사채,korea_bond,credit,KAP 한국종합채권지수,33295.21864865,113825,0.0031285802414735553
2026-01-27,A273130,KODEX 종합채권(AA-이상)액티브,안전,국내채권_회사채,korea_bond,credit,KAP 한국종합채권지수,33295.21864865,113820,-4.39270810455028e-05
2026-01-28,A273130,KODEX 종합채권(AA-이상)액티브,안전,국내채권_회사채,korea_bond,credit,KAP 한국종합채권지수,33295.21864865,113910,0.0007907221929361885
2026-01-29,A273130,KODEX 종합채권(AA-이상)액티브,안전,국내채권_회사채,korea_bond,credit,KAP 한국종합채권지수,33295.21864865,113635,-0.0024141866385742894
2026-01-30,A273130,KODEX 종합채권(AA-이상)액티브,안전,국내채권_회사채,korea_bond,credit,KAP 한국종합채권지수,33295.21864865,113390,-0.002156025872310452
2026-02-02,A273130,KODEX 종합채권(AA-이상)액티브,안전,국내채권_회사채,korea_bond,credit,KAP 한국종합채권지수,33295.21864865,113480,0.0007937207866655083
2026-02-03,A273130,KODEX 종합채권(AA-이상)액티브,안전,국내채권_회사채,korea_bond,credit,KAP 한국종합채권지수,33295.21864865,113075,-0.003568910821290072
2026-02-04,A273130,KODEX 종합채권(AA-이상)액티브,안전,국내채권_회사채,korea_bond,credit,KAP 한국종합채권지수,33295.21864865,112830,-0.002166703515365853
2026-02-05,A273130,KODEX 종합채권(AA-이상)액티브,안전,국내채권_회사채,korea_bond,credit,KAP 한국종합채권지수,33295.21864865,112935,0.0009306035628822151
2026-02-06,A273130,KODEX 종합채권(AA-이상)액티브,안전,국내채권_회사채,korea_bond,credit,KAP 한국종합채권지수,33295.21864865,112835,-0.0008854650905387729
2026-02-09,A273130,KODEX 종합채권(AA-이상)액티브,안전,국내채권_회사채,korea_bond,credit,KAP 한국종합채권지수,33295.21864865,112580,-0.00225993707626182
2026-02-10,A273130,KODEX 종합채권(AA-이상)액티브,안전,국내채권_회사채,korea_bond,credit,KAP 한국종합채권지수,33295.21864865,112905,0.0028868360277136684
2026-02-11,A273130,KODEX 종합채권(AA-이상)액티브,안전,국내채권_회사채,korea_bond,credit,KAP 한국종합채권지수,33295.21864865,113035,0.0011514104778354017
2026-02-12,A273130,KODEX 종합채권(AA-이상)액티브,안전,국내채권_회사채,korea_bond,credit,KAP 한국종합채권지수,33295.21864865,113225,0.0016808952979165959
2026-02-13,A273130,KODEX 종합채권(AA-이상)액티브,안전,국내채권_회사채,korea_bond,credit,KAP 한국종합채권지수,33295.21864865,113515,0.0025612718039302873
2026-02-19,A273130,KODEX 종합채권(AA-이상)액티브,안전,국내채권_회사채,korea_bond,credit,KAP 한국종합채권지수,33295.21864865,113455,-0.0005285645068933142
2026-02-20,A273130,KODEX 종합채권(AA-이상)액티브,안전,국내채권_회사채,korea_bond,credit,KAP 한국종합채권지수,33295.21864865,113750,0.002600149839143251
2026-02-23,A273130,KODEX 종합채권(AA-이상)액티브,안전,국내채권_회사채,korea_bond,credit,KAP 한국종합채권지수,33295.21864865,113595,-0.001362637362637309
2026-02-24,A273130,KODEX 종합채권(AA-이상)액티브,안전,국내채권_회사채,korea_bond,credit,KAP 한국종합채권지수,33295.21864865,113435,-0.0014085126986222996
2026-02-25,A273130,KODEX 종합채권(AA-이상)액티브,안전,국내채권_회사채,korea_bond,credit,KAP 한국종합채권지수,33295.21864865,113745,0.0027328425970820636
2026-02-26,A273130,KODEX 종합채권(AA-이상)액티브,안전,국내채권_회사채,korea_bond,credit,KAP 한국종합채권지수,33295.21864865,114265,0.004571629522176712
2026-02-27,A273130,KODEX 종합채권(AA-이상)액티브,안전,국내채권_회사채,korea_bond,credit,KAP 한국종합채권지수,33295.21864865,114215,-0.00043757931125021354
2026-03-03,A273130,KODEX 종합채권(AA-이상)액티브,안전,국내채권_회사채,korea_bond,credit,KAP 한국종합채권지수,33295.21864865,113385,-0.0072669964540559295
2026-03-04,A273130,KODEX 종합채권(AA-이상)액티브,안전,국내채권_회사채,korea_bond,credit,KAP 한국종합채권지수,33295.21864865,113250,-0.001190633681703912
2026-03-05,A273130,KODEX 종합채권(AA-이상)액티브,안전,국내채권_회사채,korea_bond,credit,KAP 한국종합채권지수,33295.21864865,113580,0.002913907284768147
2026-03-06,A273130,KODEX 종합채권(AA-이상)액티브,안전,국내채권_회사채,korea_bond,credit,KAP 한국종합채권지수,33295.21864865,113510,-0.0006163056876210549
2026-03-09,A273130,KODEX 종합채권(AA-이상)액티브,안전,국내채권_회사채,korea_bond,credit,KAP 한국종합채권지수,33295.21864865,112720,-0.006959739230023798
2026-03-10,A273130,KODEX 종합채권(AA-이상)액티브,안전,국내채권_회사채,korea_bond,credit,KAP 한국종합채권지수,33295.21864865,113485,0.006786728176011447
2026-03-11,A273130,KODEX 종합채권(AA-이상)액티브,안전,국내채권_회사채,korea_bond,credit,KAP 한국종합채권지수,33295.21864865,113595,0.0009692910957395107
2026-03-12,A273130,KODEX 종합채권(AA-이상)액티브,안전,국내채권_회사채,korea_bond,credit,KAP 한국종합채권지수,33295.21864865,113355,-0.0021127690479334493
2026-03-13,A273130,KODEX 종합채권(AA-이상)액티브,안전,국내채권_회사채,korea_bond,credit,KAP 한국종합채권지수,33295.21864865,113025,-0.0029112081513827937
2026-03-16,A273130,KODEX 종합채권(AA-이상)액티브,안전,국내채권_회사채,korea_bond,credit,KAP 한국종합채권지수,33295.21864865,113150,0.0011059500110595089
2026-03-17,A273130,KODEX 종합채권(AA-이상)액티브,안전,국내채권_회사채,korea_bond,credit,KAP 한국종합채권지수,33295.21864865,113030,-0.0010605391073795767
2026-03-18,A273130,KODEX 종합채권(AA-이상)액티브,안전,국내채권_회사채,korea_bond,credit,KAP 한국종합채권지수,33295.21864865,113680,0.005750685658674648
2026-03-19,A273130,KODEX 종합채권(AA-이상)액티브,안전,국내채권_회사채,korea_bond,credit,KAP 한국종합채권지수,33295.21864865,113165,-0.004530260380014028
2026-03-20,A273130,KODEX 종합채권(AA-이상)액티브,안전,국내채권_회사채,korea_bond,credit,KAP 한국종합채권지수,33295.21864865,112895,-0.0023858966995096154
2026-03-23,A273130,KODEX 종합채권(AA-이상)액티브,안전,국내채권_회사채,korea_bond,credit,KAP 한국종합채권지수,33295.21864865,112130,-0.006776207980867199
2026-03-24,A273130,KODEX 종합채권(AA-이상)액티브,안전,국내채권_회사채,korea_bond,credit,KAP 한국종합채권지수,33295.21864865,112230,0.0008918219923303994
2026-03-25,A273130,KODEX 종합채권(AA-이상)액티브,안전,국내채권_회사채,korea_bond,credit,KAP 한국종합채권지수,33295.21864865,112060,-0.0015147465027176565
2026-03-26,A273130,KODEX 종합채권(AA-이상)액티브,안전,국내채권_회사채,korea_bond,credit,KAP 한국종합채권지수,33295.21864865,111935,-0.0011154738532929143
2026-03-27,A273130,KODEX 종합채권(AA-이상)액티브,안전,국내채권_회사채,korea_bond,credit,KAP 한국종합채권지수,33295.21864865,111625,-0.0027694644213159814
2026-03-30,A273130,KODEX 종합채권(AA-이상)액티브,안전,국내채권_회사채,korea_bond,credit,KAP 한국종합채권지수,33295.21864865,111810,0.0016573348264277143
2026-03-31,A273130,KODEX 종합채권(AA-이상)액티브,안전,국내채권_회사채,korea_bond,credit,KAP 한국종합채권지수,33295.21864865,112000,0.0016993113317234076
2026-04-01,A273130,KODEX 종합채권(AA-이상)액티브,안전,국내채권_회사채,korea_bond,credit,KAP 한국종합채권지수,33295.21864865,113035,0.009241071428571335
2026-04-02,A273130,KODEX 종합채권(AA-이상)액티브,안전,국내채권_회사채,korea_bond,credit,KAP 한국종합채권지수,33295.21864865,112310,-0.0064139425841553965
2026-04-03,A273130,KODEX 종합채권(AA-이상)액티브,안전,국내채권_회사채,korea_bond,credit,KAP 한국종합채권지수,33295.21864865,112835,0.004674561481613493
2026-04-06,A273130,KODEX 종합채권(AA-이상)액티브,안전,국내채권_회사채,korea_bond,credit,KAP 한국종합채권지수,33295.21864865,112985,0.0013293747507421294
2026-04-07,A273130,KODEX 종합채권(AA-이상)액티브,안전,국내채권_회사채,korea_bond,credit,KAP 한국종합채권지수,33295.21864865,112820,-0.0014603708456875086
2026-04-08,A273130,KODEX 종합채권(AA-이상)액티브,안전,국내채권_회사채,korea_bond,credit,KAP 한국종합채권지수,33295.21864865,113700,0.007800035454706533
2026-04-09,A273130,KODEX 종합채권(AA-이상)액티브,안전,국내채권_회사채,korea_bond,credit,KAP 한국종합채권지수,33295.21864865,113380,-0.0028144239226033374
2026-04-10,A273130,KODEX 종합채권(AA-이상)액티브,안전,국내채권_회사채,korea_bond,credit,KAP 한국종합채권지수,33295.21864865,113355,-0.00022049744222962797
2026-04-13,A273130,KODEX 종합채권(AA-이상)액티브,안전,국내채권_회사채,korea_bond,credit,KAP 한국종합채권지수,33295.21864865,113170,-0.0016320409333510089
2026-04-14,A273130,KODEX 종합채권(AA-이상)액티브,안전,국내채권_회사채,korea_bond,credit,KAP 한국종합채권지수,33295.21864865,113545,0.0033135990103383417
2026-04-15,A273130,KODEX 종합채권(AA-이상)액티브,안전,국내채권_회사채,korea_bond,credit,KAP 한국종합채권지수,33295.21864865,113620,0.0006605310669778319
2026-04-16,A273130,KODEX 종합채권(AA-이상)액티브,안전,국내채권_회사채,korea_bond,credit,KAP 한국종합채권지수,33295.21864865,113495,-0.001100158422812858
2026-04-17,A273130,KODEX 종합채권(AA-이상)액티브,안전,국내채권_회사채,korea_bond,credit,KAP 한국종합채권지수,33295.21864865,113305,-0.0016740825587030495
2026-04-20,A273130,KODEX 종합채권(AA-이상)액티브,안전,국내채권_회사채,korea_bond,credit,KAP 한국종합채권지수,33295.21864865,113490,0.0016327611314592705
2026-04-21,A273130,KODEX 종합채권(AA-이상)액티브,안전,국내채권_회사채,korea_bond,credit,KAP 한국종합채권지수,33295.21864865,113685,0.0017182130584192379
2026-04-22,A273130,KODEX 종합채권(AA-이상)액티브,안전,국내채권_회사채,korea_bond,credit,KAP 한국종합채권지수,33295.21864865,113450,-0.002067115274662412
2026-04-23,A273130,KODEX 종합채권(AA-이상)액티브,안전,국내채권_회사채,korea_bond,credit,KAP 한국종합채권지수,33295.21864865,112880,-0.005024239753195214
2026-04-24,A273130,KODEX 종합채권(AA-이상)액티브,안전,국내채권_회사채,korea_bond,credit,KAP 한국종합채권지수,33295.21864865,112795,-0.0007530120481927804
2026-04-27,A273130,KODEX 종합채권(AA-이상)액티브,안전,국내채권_회사채,korea_bond,credit,KAP 한국종합채권지수,33295.21864865,112730,-0.0005762666784875359
2026-04-28,A273130,KODEX 종합채권(AA-이상)액티브,안전,국내채권_회사채,korea_bond,credit,KAP 한국종합채권지수,33295.21864865,112610,-0.0010644903752328183
2026-04-29,A273130,KODEX 종합채권(AA-이상)액티브,안전,국내채권_회사채,korea_bond,credit,KAP 한국종합채권지수,33295.21864865,112670,0.0005328123612466928
2026-04-30,A273130,KODEX 종합채권(AA-이상)액티브,안전,국내채권_회사채,korea_bond,credit,KAP 한국종합채권지수,33295.21864865,112215,-0.0040383420608858245
2026-05-04,A273130,KODEX 종합채권(AA-이상)액티브,안전,국내채권_회사채,korea_bond,credit,KAP 한국종합채권지수,33295.21864865,112105,-0.0009802611059127608
2026-05-06,A273130,KODEX 종합채권(AA-이상)액티브,안전,국내채권_회사채,korea_bond,credit,KAP 한국종합채권지수,33295.21864865,112105,0.0
2026-05-07,A273130,KODEX 종합채권(AA-이상)액티브,안전,국내채권_회사채,korea_bond,credit,KAP 한국종합채권지수,33295.21864865,112310,0.0018286427902411972
2026-05-08,A273130,KODEX 종합채권(AA-이상)액티브,안전,국내채권_회사채,korea_bond,credit,KAP 한국종합채권지수,33295.21864865,112125,-0.0016472264268542203
2026-05-11,A273130,KODEX 종합채권(AA-이상)액티브,안전,국내채권_회사채,korea_bond,credit,KAP 한국종합채권지수,33295.21864865,112025,-0.0008918617614269708
2026-05-12,A273130,KODEX 종합채권(AA-이상)액티브,안전,국내채권_회사채,korea_bond,credit,KAP 한국종합채권지수,33295.21864865,111435,-0.005266681544298102
2026-05-13,A273130,KODEX 종합채권(AA-이상)액티브,안전,국내채권_회사채,korea_bond,credit,KAP 한국종합채권지수,33295.21864865,111615,0.0016152914254947692
2026-05-14,A273130,KODEX 종합채권(AA-이상)액티브,안전,국내채권_회사채,korea_bond,credit,KAP 한국종합채권지수,33295.21864865,111445,-0.0015230927742686529
2026-05-15,A273130,KODEX 종합채권(AA-이상)액티브,안전,국내채권_회사채,korea_bond,credit,KAP 한국종합채권지수,33295.21864865,110635,-0.0072681591816591284
2026-05-18,A273130,KODEX 종합채권(AA-이상)액티브,안전,국내채권_회사채,korea_bond,credit,KAP 한국종합채권지수,33295.21864865,110400,-0.002124101776110665
2026-05-19,A273130,KODEX 종합채권(AA-이상)액티브,안전,국내채권_회사채,korea_bond,credit,KAP 한국종합채권지수,33295.21864865,110310,-0.0008152173913043015
2026-05-20,A273130,KODEX 종합채권(AA-이상)액티브,안전,국내채권_회사채,korea_bond,credit,KAP 한국종합채권지수,33295.21864865,110495,0.0016770918321094008
2026-05-21,A273130,KODEX 종합채권(AA-이상)액티브,안전,국내채권_회사채,korea_bond,credit,KAP 한국종합채권지수,33295.21864865,110685,0.001719534820580071
2026-05-22,A273130,KODEX 종합채권(AA-이상)액티브,안전,국내채권_회사채,korea_bond,credit,KAP 한국종합채권지수,33295.21864865,110765,0.0007227718299678276
2026-01-02,A278620,PLUS 단기채권액티브,안전,국내채권_회사채,korea_bond,credit,"KAP 투자적격 크레딧 채권 1년지수(A-이상,총수익)",441.46480345,117325,-0.00017043759853418994
2026-01-05,A278620,PLUS 단기채권액티브,안전,국내채권_회사채,korea_bond,credit,"KAP 투자적격 크레딧 채권 1년지수(A-이상,총수익)",441.46480345,117335,8.523332623044944e-05
2026-01-06,A278620,PLUS 단기채권액티브,안전,국내채권_회사채,korea_bond,credit,"KAP 투자적격 크레딧 채권 1년지수(A-이상,총수익)",441.46480345,117375,0.00034090424851918044
2026-01-07,A278620,PLUS 단기채권액티브,안전,국내채권_회사채,korea_bond,credit,"KAP 투자적격 크레딧 채권 1년지수(A-이상,총수익)",441.46480345,117405,0.00025559105431316453
2026-01-08,A278620,PLUS 단기채권액티브,안전,국내채권_회사채,korea_bond,credit,"KAP 투자적격 크레딧 채권 1년지수(A-이상,총수익)",441.46480345,117475,0.0005962267365102747
2026-01-09,A278620,PLUS 단기채권액티브,안전,국내채권_회사채,korea_bond,credit,"KAP 투자적격 크레딧 채권 1년지수(A-이상,총수익)",441.46480345,117470,-4.256224728660385e-05
2026-01-12,A278620,PLUS 단기채권액티브,안전,국내채권_회사채,korea_bond,credit,"KAP 투자적격 크레딧 채권 1년지수(A-이상,총수익)",441.46480345,117475,4.2564058908567404e-05
2026-01-13,A278620,PLUS 단기채권액티브,안전,국내채권_회사채,korea_bond,credit,"KAP 투자적격 크레딧 채권 1년지수(A-이상,총수익)",441.46480345,117470,-4.256224728660385e-05
2026-01-14,A278620,PLUS 단기채권액티브,안전,국내채권_회사채,korea_bond,credit,"KAP 투자적격 크레딧 채권 1년지수(A-이상,총수익)",441.46480345,117480,8.512811781735685e-05
2026-01-15,A278620,PLUS 단기채권액티브,안전,국내채권_회사채,korea_bond,credit,"KAP 투자적격 크레딧 채권 1년지수(A-이상,총수익)",441.46480345,117485,4.2560435818961295e-05
2026-01-16,A278620,PLUS 단기채권액티브,안전,국내채권_회사채,korea_bond,credit,"KAP 투자적격 크레딧 채권 1년지수(A-이상,총수익)",441.46480345,117475,-8.511724901050233e-05
2026-01-19,A278620,PLUS 단기채권액티브,안전,국내채권_회사채,korea_bond,credit,"KAP 투자적격 크레딧 채권 1년지수(A-이상,총수익)",441.46480345,117475,0.0
2026-01-20,A278620,PLUS 단기채권액티브,안전,국내채권_회사채,korea_bond,credit,"KAP 투자적격 크레딧 채권 1년지수(A-이상,총수익)",441.46480345,117470,-4.256224728660385e-05
2026-01-21,A278620,PLUS 단기채권액티브,안전,국내채권_회사채,korea_bond,credit,"KAP 투자적격 크레딧 채권 1년지수(A-이상,총수익)",441.46480345,117470,0.0
2026-01-22,A278620,PLUS 단기채권액티브,안전,국내채권_회사채,korea_bond,credit,"KAP 투자적격 크레딧 채권 1년지수(A-이상,총수익)",441.46480345,117535,0.0005533327658124865
2026-01-23,A278620,PLUS 단기채권액티브,안전,국내채권_회사채,korea_bond,credit,"KAP 투자적격 크레딧 채권 1년지수(A-이상,총수익)",441.46480345,117525,-8.508103969029346e-05
2026-01-26,A278620,PLUS 단기채권액티브,안전,국내채권_회사채,korea_bond,credit,"KAP 투자적격 크레딧 채권 1년지수(A-이상,총수익)",441.46480345,117550,0.00021272069772382274
2026-01-27,A278620,PLUS 단기채권액티브,안전,국내채권_회사채,korea_bond,credit,"KAP 투자적격 크레딧 채권 1년지수(A-이상,총수익)",441.46480345,117540,-8.507018290093704e-05
2026-01-28,A278620,PLUS 단기채권액티브,안전,국내채권_회사채,korea_bond,credit,"KAP 투자적격 크레딧 채권 1년지수(A-이상,총수익)",441.46480345,117570,0.0002552322613578184
2026-01-29,A278620,PLUS 단기채권액티브,안전,국내채권_회사채,korea_bond,credit,"KAP 투자적격 크레딧 채권 1년지수(A-이상,총수익)",441.46480345,117555,-0.0001275835672365222
2026-01-30,A278620,PLUS 단기채권액티브,안전,국내채권_회사채,korea_bond,credit,"KAP 투자적격 크레딧 채권 1년지수(A-이상,총수익)",441.46480345,117525,-0.00025519969376042173
2026-02-02,A278620,PLUS 단기채권액티브,안전,국내채권_회사채,korea_bond,credit,"KAP 투자적격 크레딧 채권 1년지수(A-이상,총수익)",441.46480345,117510,-0.00012763241863433805
2026-02-03,A278620,PLUS 단기채권액티브,안전,국내채권_회사채,korea_bond,credit,"KAP 투자적격 크레딧 채권 1년지수(A-이상,총수익)",441.46480345,117485,-0.00021274785124669737
2026-02-04,A278620,PLUS 단기채권액티브,안전,국내채권_회사채,korea_bond,credit,"KAP 투자적격 크레딧 채권 1년지수(A-이상,총수익)",441.46480345,117470,-0.000127675873515809
2026-02-05,A278620,PLUS 단기채권액티브,안전,국내채권_회사채,korea_bond,credit,"KAP 투자적격 크레딧 채권 1년지수(A-이상,총수익)",441.46480345,117490,0.0001702562356347137
2026-02-06,A278620,PLUS 단기채권액티브,안전,국내채권_회사채,korea_bond,credit,"KAP 투자적격 크레딧 채권 1년지수(A-이상,총수익)",441.46480345,117485,-4.255681334586203e-05
2026-02-09,A278620,PLUS 단기채권액티브,안전,국내채권_회사채,korea_bond,credit,"KAP 투자적격 크레딧 채권 1년지수(A-이상,총수익)",441.46480345,117475,-8.511724901050233e-05
2026-02-10,A278620,PLUS 단기채권액티브,안전,국내채권_회사채,korea_bond,credit,"KAP 투자적격 크레딧 채권 1년지수(A-이상,총수익)",441.46480345,117490,0.0001276867418600336
2026-02-11,A278620,PLUS 단기채권액티브,안전,국내채권_회사채,korea_bond,credit,"KAP 투자적격 크레딧 채권 1년지수(A-이상,총수익)",441.46480345,117535,0.0003830113201124252
2026-02-12,A278620,PLUS 단기채권액티브,안전,국내채권_회사채,korea_bond,credit,"KAP 투자적격 크레딧 채권 1년지수(A-이상,총수익)",441.46480345,117605,0.0005955672778321652
2026-02-13,A278620,PLUS 단기채권액티브,안전,국내채권_회사채,korea_bond,credit,"KAP 투자적격 크레딧 채권 1년지수(A-이상,총수익)",441.46480345,117630,0.00021257599591861798
2026-02-19,A278620,PLUS 단기채권액티브,안전,국내채권_회사채,korea_bond,credit,"KAP 투자적격 크레딧 채권 1년지수(A-이상,총수익)",441.46480345,117655,0.00021253081696848142
2026-02-20,A278620,PLUS 단기채권액티브,안전,국내채권_회사채,korea_bond,credit,"KAP 투자적격 크레딧 채권 1년지수(A-이상,총수익)",441.46480345,117670,0.00012749139433099188
2026-02-23,A278620,PLUS 단기채권액티브,안전,국내채권_회사채,korea_bond,credit,"KAP 투자적격 크레딧 채권 1년지수(A-이상,총수익)",441.46480345,117685,0.00012747514234723312
2026-02-24,A278620,PLUS 단기채권액티브,안전,국내채권_회사채,korea_bond,credit,"KAP 투자적격 크레딧 채권 1년지수(A-이상,총수익)",441.46480345,117700,0.00012745889450660464
2026-02-25,A278620,PLUS 단기채권액티브,안전,국내채권_회사채,korea_bond,credit,"KAP 투자적격 크레딧 채권 1년지수(A-이상,총수익)",441.46480345,117710,8.496176720473869e-05
2026-02-26,A278620,PLUS 단기채권액티브,안전,국내채권_회사채,korea_bond,credit,"KAP 투자적격 크레딧 채권 1년지수(A-이상,총수익)",441.46480345,117790,0.0006796363945289485
2026-02-27,A278620,PLUS 단기채권액티브,안전,국내채권_회사채,korea_bond,credit,"KAP 투자적격 크레딧 채권 1년지수(A-이상,총수익)",441.46480345,117820,0.00025469055098059634
2026-03-03,A278620,PLUS 단기채권액티브,안전,국내채권_회사채,korea_bond,credit,"KAP 투자적격 크레딧 채권 1년지수(A-이상,총수익)",441.46480345,117765,-0.00046681378373791826
2026-03-04,A278620,PLUS 단기채권액티브,안전,국내채권_회사채,korea_bond,credit,"KAP 투자적격 크레딧 채권 1년지수(A-이상,총수익)",441.46480345,117715,-0.00042457436419984784
2026-03-05,A278620,PLUS 단기채권액티브,안전,국내채권_회사채,korea_bond,credit,"KAP 투자적격 크레딧 채권 1년지수(A-이상,총수익)",441.46480345,117755,0.0003398037633266515
2026-03-06,A278620,PLUS 단기채권액티브,안전,국내채권_회사채,korea_bond,credit,"KAP 투자적격 크레딧 채권 1년지수(A-이상,총수익)",441.46480345,117770,0.000127383125981817
2026-03-09,A278620,PLUS 단기채권액티브,안전,국내채권_회사채,korea_bond,credit,"KAP 투자적격 크레딧 채권 1년지수(A-이상,총수익)",441.46480345,117625,-0.0012312133820158166
2026-03-10,A278620,PLUS 단기채권액티브,안전,국내채권_회사채,korea_bond,credit,"KAP 투자적격 크레딧 채권 1년지수(A-이상,총수익)",441.46480345,117715,0.000765143464399598
2026-03-11,A278620,PLUS 단기채권액티브,안전,국내채권_회사채,korea_bond,credit,"KAP 투자적격 크레딧 채권 1년지수(A-이상,총수익)",441.46480345,117765,0.0004247547041582589
2026-03-12,A278620,PLUS 단기채권액티브,안전,국내채권_회사채,korea_bond,credit,"KAP 투자적격 크레딧 채권 1년지수(A-이상,총수익)",441.46480345,117770,4.245743641995148e-05
2026-03-13,A278620,PLUS 단기채권액티브,안전,국내채권_회사채,korea_bond,credit,"KAP 투자적격 크레딧 채권 1년지수(A-이상,총수익)",441.46480345,117755,-0.00012736690158787756
2026-03-16,A278620,PLUS 단기채권액티브,안전,국내채권_회사채,korea_bond,credit,"KAP 투자적격 크레딧 채권 1년지수(A-이상,총수익)",441.46480345,117770,0.000127383125981817
2026-03-17,A278620,PLUS 단기채권액티브,안전,국내채권_회사채,korea_bond,credit,"KAP 투자적격 크레딧 채권 1년지수(A-이상,총수익)",441.46480345,117810,0.0003396450709010068
2026-03-18,A278620,PLUS 단기채권액티브,안전,국내채권_회사채,korea_bond,credit,"KAP 투자적격 크레딧 채권 1년지수(A-이상,총수익)",441.46480345,117830,0.00016976487564712706
2026-03-19,A278620,PLUS 단기채권액티브,안전,국내채권_회사채,korea_bond,credit,"KAP 투자적격 크레딧 채권 1년지수(A-이상,총수익)",441.46480345,117810,-0.00016973606042602896
2026-03-20,A278620,PLUS 단기채권액티브,안전,국내채권_회사채,korea_bond,credit,"KAP 투자적격 크레딧 채권 1년지수(A-이상,총수익)",441.46480345,117770,-0.00033952975129447616
2026-03-23,A278620,PLUS 단기채권액티브,안전,국내채권_회사채,korea_bond,credit,"KAP 투자적격 크레딧 채권 1년지수(A-이상,총수익)",441.46480345,117610,-0.0013585802836035832
2026-03-24,A278620,PLUS 단기채권액티브,안전,국내채권_회사채,korea_bond,credit,"KAP 투자적격 크레딧 채권 1년지수(A-이상,총수익)",441.46480345,117625,0.00012754017515526073
2026-03-25,A278620,PLUS 단기채권액티브,안전,국내채권_회사채,korea_bond,credit,"KAP 투자적격 크레딧 채권 1년지수(A-이상,총수익)",441.46480345,117640,0.00012752391073322933
2026-03-26,A278620,PLUS 단기채권액티브,안전,국내채권_회사채,korea_bond,credit,"KAP 투자적격 크레딧 채권 1년지수(A-이상,총수익)",441.46480345,117680,0.0003400204012240504
2026-03-27,A278620,PLUS 단기채권액티브,안전,국내채권_회사채,korea_bond,credit,"KAP 투자적격 크레딧 채권 1년지수(A-이상,총수익)",441.46480345,117630,-0.0004248810333106201
2026-03-30,A278620,PLUS 단기채권액티브,안전,국내채권_회사채,korea_bond,credit,"KAP 투자적격 크레딧 채권 1년지수(A-이상,총수익)",441.46480345,117650,0.00017002465357474073
2026-03-31,A278620,PLUS 단기채권액티브,안전,국내채권_회사채,korea_bond,credit,"KAP 투자적격 크레딧 채권 1년지수(A-이상,총수익)",441.46480345,117655,4.24989375265028e-05
2026-04-01,A278620,PLUS 단기채권액티브,안전,국내채권_회사채,korea_bond,credit,"KAP 투자적격 크레딧 채권 1년지수(A-이상,총수익)",441.46480345,117770,0.000977434023203383
2026-04-02,A278620,PLUS 단기채권액티브,안전,국내채권_회사채,korea_bond,credit,"KAP 투자적격 크레딧 채권 1년지수(A-이상,총수익)",441.46480345,117750,-0.0001698225354505034
2026-04-03,A278620,PLUS 단기채권액티브,안전,국내채권_회사채,korea_bond,credit,"KAP 투자적격 크레딧 채권 1년지수(A-이상,총수익)",441.46480345,117775,0.00021231422505318953
2026-04-06,A278620,PLUS 단기채권액티브,안전,국내채권_회사채,korea_bond,credit,"KAP 투자적격 크레딧 채권 1년지수(A-이상,총수익)",441.46480345,117810,0.0002971768202080227
2026-04-07,A278620,PLUS 단기채권액티브,안전,국내채권_회사채,korea_bond,credit,"KAP 투자적격 크레딧 채권 1년지수(A-이상,총수익)",441.46480345,117810,0.0
2026-04-08,A278620,PLUS 단기채권액티브,안전,국내채권_회사채,korea_bond,credit,"KAP 투자적격 크레딧 채권 1년지수(A-이상,총수익)",441.46480345,117910,0.0008488243782360794
2026-04-09,A278620,PLUS 단기채권액티브,안전,국내채권_회사채,korea_bond,credit,"KAP 투자적격 크레딧 채권 1년지수(A-이상,총수익)",441.46480345,117950,0.00033924179458910686
2026-04-10,A278620,PLUS 단기채권액티브,안전,국내채권_회사채,korea_bond,credit,"KAP 투자적격 크레딧 채권 1년지수(A-이상,총수익)",441.46480345,117965,0.0001271725307334659
2026-04-13,A278620,PLUS 단기채권액티브,안전,국내채권_회사채,korea_bond,credit,"KAP 투자적격 크레딧 채권 1년지수(A-이상,총수익)",441.46480345,117955,-8.477090662484255e-05
2026-04-14,A278620,PLUS 단기채권액티브,안전,국내채권_회사채,korea_bond,credit,"KAP 투자적격 크레딧 채권 1년지수(A-이상,총수익)",441.46480345,117975,0.00016955618668146322
2026-04-15,A278620,PLUS 단기채권액티브,안전,국내채권_회사채,korea_bond,credit,"KAP 투자적격 크레딧 채권 1년지수(A-이상,총수익)",441.46480345,118010,0.00029667302394575934
2026-04-16,A278620,PLUS 단기채권액티브,안전,국내채권_회사채,korea_bond,credit,"KAP 투자적격 크레딧 채권 1년지수(A-이상,총수익)",441.46480345,118035,0.0002118464536904341
2026-04-17,A278620,PLUS 단기채권액티브,안전,국내채권_회사채,korea_bond,credit,"KAP 투자적격 크레딧 채권 1년지수(A-이상,총수익)",441.46480345,118035,0.0
2026-04-20,A278620,PLUS 단기채권액티브,안전,국내채권_회사채,korea_bond,credit,"KAP 투자적격 크레딧 채권 1년지수(A-이상,총수익)",441.46480345,118040,4.2360316855116764e-05
2026-04-21,A278620,PLUS 단기채권액티브,안전,국내채권_회사채,korea_bond,credit,"KAP 투자적격 크레딧 채권 1년지수(A-이상,총수익)",441.46480345,118080,0.0003388681802778404
2026-04-22,A278620,PLUS 단기채권액티브,안전,국내채권_회사채,korea_bond,credit,"KAP 투자적격 크레딧 채권 1년지수(A-이상,총수익)",441.46480345,118085,4.2344173441843935e-05
2026-04-23,A278620,PLUS 단기채권액티브,안전,국내채권_회사채,korea_bond,credit,"KAP 투자적격 크레딧 채권 1년지수(A-이상,총수익)",441.46480345,118095,8.468476097722721e-05
2026-04-24,A278620,PLUS 단기채권액티브,안전,국내채권_회사채,korea_bond,credit,"KAP 투자적격 크레딧 채권 1년지수(A-이상,총수익)",441.46480345,118010,-0.0007197595156441805
2026-04-27,A278620,PLUS 단기채권액티브,안전,국내채권_회사채,korea_bond,credit,"KAP 투자적격 크레딧 채권 1년지수(A-이상,총수익)",441.46480345,117970,-0.0003389543259045835
2026-04-28,A278620,PLUS 단기채권액티브,안전,국내채권_회사채,korea_bond,credit,"KAP 투자적격 크레딧 채권 1년지수(A-이상,총수익)",441.46480345,117990,0.00016953462744773162
2026-04-29,A278620,PLUS 단기채권액티브,안전,국내채권_회사채,korea_bond,credit,"KAP 투자적격 크레딧 채권 1년지수(A-이상,총수익)",441.46480345,118005,0.0001271294177471738
2026-04-30,A278620,PLUS 단기채권액티브,안전,국내채권_회사채,korea_bond,credit,"KAP 투자적격 크레딧 채권 1년지수(A-이상,총수익)",441.46480345,118020,0.00012711325791281425
2026-05-04,A278620,PLUS 단기채권액티브,안전,국내채권_회사채,korea_bond,credit,"KAP 투자적격 크레딧 채권 1년지수(A-이상,총수익)",441.46480345,117975,-0.00038129130655817356
2026-05-06,A278620,PLUS 단기채권액티브,안전,국내채권_회사채,korea_bond,credit,"KAP 투자적격 크레딧 채권 1년지수(A-이상,총수익)",441.46480345,117985,8.476372112742325e-05
2026-05-07,A278620,PLUS 단기채권액티브,안전,국내채권_회사채,korea_bond,credit,"KAP 투자적격 크레딧 채권 1년지수(A-이상,총수익)",441.46480345,118045,0.0005085392210875117
2026-05-08,A278620,PLUS 단기채권액티브,안전,국내채권_회사채,korea_bond,credit,"KAP 투자적격 크레딧 채권 1년지수(A-이상,총수익)",441.46480345,118125,0.0006777076538608817
2026-05-11,A278620,PLUS 단기채권액티브,안전,국내채권_회사채,korea_bond,credit,"KAP 투자적격 크레딧 채권 1년지수(A-이상,총수익)",441.46480345,118120,-4.232804232806586e-05
2026-05-12,A278620,PLUS 단기채권액티브,안전,국내채권_회사채,korea_bond,credit,"KAP 투자적격 크레딧 채권 1년지수(A-이상,총수익)",441.46480345,118090,-0.0002539790044022716
2026-05-13,A278620,PLUS 단기채권액티브,안전,국내채권_회사채,korea_bond,credit,"KAP 투자적격 크레딧 채권 1년지수(A-이상,총수익)",441.46480345,118050,-0.00033872470149887146
2026-05-14,A278620,PLUS 단기채권액티브,안전,국내채권_회사채,korea_bond,credit,"KAP 투자적격 크레딧 채권 1년지수(A-이상,총수익)",441.46480345,118135,0.0007200338839474796
2026-05-15,A278620,PLUS 단기채권액티브,안전,국내채권_회사채,korea_bond,credit,"KAP 투자적격 크레딧 채권 1년지수(A-이상,총수익)",441.46480345,118105,-0.0002539467558302366
2026-05-18,A278620,PLUS 단기채권액티브,안전,국내채권_회사채,korea_bond,credit,"KAP 투자적격 크레딧 채권 1년지수(A-이상,총수익)",441.46480345,118020,-0.0007196985733034511
2026-05-19,A278620,PLUS 단기채권액티브,안전,국내채권_회사채,korea_bond,credit,"KAP 투자적격 크레딧 채권 1년지수(A-이상,총수익)",441.46480345,118050,0.0002541942043721157
2026-05-20,A278620,PLUS 단기채권액티브,안전,국내채권_회사채,korea_bond,credit,"KAP 투자적격 크레딧 채권 1년지수(A-이상,총수익)",441.46480345,118055,4.235493434978643e-05
2026-05-21,A278620,PLUS 단기채권액티브,안전,국내채권_회사채,korea_bond,credit,"KAP 투자적격 크레딧 채권 1년지수(A-이상,총수익)",441.46480345,118085,0.00025411884291215436
2026-05-22,A278620,PLUS 단기채권액티브,안전,국내채권_회사채,korea_bond,credit,"KAP 투자적격 크레딧 채권 1년지수(A-이상,총수익)",441.46480345,118085,0.0
2026-01-02,A298340,PLUS 국채선물3년,안전,국내채권_종합,korea_bond,government,F-KTB 지수,68.33326373,56260,-0.0005329543435779183
2026-01-05,A298340,PLUS 국채선물3년,안전,국내채권_종합,korea_bond,government,F-KTB 지수,68.33326373,56260,0.0
2026-01-06,A298340,PLUS 국채선물3년,안전,국내채권_종합,korea_bond,government,F-KTB 지수,68.33326373,56260,0.0
2026-01-07,A298340,PLUS 국채선물3년,안전,국내채권_종합,korea_bond,government,F-KTB 지수,68.33326373,56320,0.0010664770707429216
2026-01-08,A298340,PLUS 국채선물3년,안전,국내채권_종합,korea_bond,government,F-KTB 지수,68.33326373,56330,0.00017755681818187874
2026-01-09,A298340,PLUS 국채선물3년,안전,국내채권_종합,korea_bond,government,F-KTB 지수,68.33326373,56285,-0.0007988638380969082
2026-01-12,A298340,PLUS 국채선물3년,안전,국내채권_종합,korea_bond,government,F-KTB 지수,68.33326373,56220,-0.001154836990317154
2026-01-13,A298340,PLUS 국채선물3년,안전,국내채권_종합,korea_bond,government,F-KTB 지수,68.33326373,56240,0.0003557452863749422
2026-01-14,A298340,PLUS 국채선물3년,안전,국내채권_종합,korea_bond,government,F-KTB 지수,68.33326373,56270,0.0005334281650071215
2026-01-15,A298340,PLUS 국채선물3년,안전,국내채권_종합,korea_bond,government,F-KTB 지수,68.33326373,56140,-0.0023102896747823065
2026-01-16,A298340,PLUS 국채선물3년,안전,국내채권_종합,korea_bond,government,F-KTB 지수,68.33326373,56165,0.0004453152832204488
2026-01-19,A298340,PLUS 국채선물3년,안전,국내채권_종합,korea_bond,government,F-KTB 지수,68.33326373,56100,-0.00115730437104955
2026-01-20,A298340,PLUS 국채선물3년,안전,국내채권_종합,korea_bond,government,F-KTB 지수,68.33326373,56020,-0.0014260249554367554
2026-01-21,A298340,PLUS 국채선물3년,안전,국내채권_종합,korea_bond,government,F-KTB 지수,68.33326373,56065,0.0008032845412353495
2026-01-22,A298340,PLUS 국채선물3년,안전,국내채권_종합,korea_bond,government,F-KTB 지수,68.33326373,56130,0.0011593685900295192
2026-01-23,A298340,PLUS 국채선물3년,안전,국내채권_종합,korea_bond,government,F-KTB 지수,68.33326373,56065,-0.001158026011045754
2026-01-26,A298340,PLUS 국채선물3년,안전,국내채권_종합,korea_bond,government,F-KTB 지수,68.33326373,56185,0.0021403727815927365
2026-01-27,A298340,PLUS 국채선물3년,안전,국내채권_종합,korea_bond,government,F-KTB 지수,68.33326373,56180,-8.899172376963804e-05
2026-01-28,A298340,PLUS 국채선물3년,안전,국내채권_종합,korea_bond,government,F-KTB 지수,68.33326373,56210,0.0005339978640086507
2026-01-29,A298340,PLUS 국채선물3년,안전,국내채권_종합,korea_bond,government,F-KTB 지수,68.33326373,56190,-0.0003558085749866269
2026-01-30,A298340,PLUS 국채선물3년,안전,국내채권_종합,korea_bond,government,F-KTB 지수,68.33326373,56085,-0.0018686599038975071
2026-02-02,A298340,PLUS 국채선물3년,안전,국내채권_종합,korea_bond,government,F-KTB 지수,68.33326373,56160,0.0013372559507889292
2026-02-03,A298340,PLUS 국채선물3년,안전,국내채권_종합,korea_bond,government,F-KTB 지수,68.33326373,56075,-0.0015135327635327211
2026-02-04,A298340,PLUS 국채선물3년,안전,국내채권_종합,korea_bond,government,F-KTB 지수,68.33326373,56035,-0.000713330361123532
2026-02-05,A298340,PLUS 국채선물3년,안전,국내채권_종합,korea_bond,government,F-KTB 지수,68.33326373,56055,0.00035691978227903043
2026-02-06,A298340,PLUS 국채선물3년,안전,국내채권_종합,korea_bond,government,F-KTB 지수,68.33326373,56025,-0.0005351886540004847
2026-02-09,A298340,PLUS 국채선물3년,안전,국내채권_종합,korea_bond,government,F-KTB 지수,68.33326373,55955,-0.0012494422132975913
2026-02-10,A298340,PLUS 국채선물3년,안전,국내채권_종합,korea_bond,government,F-KTB 지수,68.33326373,56125,0.0030381556607987914
2026-02-11,A298340,PLUS 국채선물3년,안전,국내채권_종합,korea_bond,government,F-KTB 지수,68.33326373,56175,0.0008908685968820329
2026-02-12,A298340,PLUS 국채선물3년,안전,국내채권_종합,korea_bond,government,F-KTB 지수,68.33326373,56260,0.0015131286159324464
2026-02-13,A298340,PLUS 국채선물3년,안전,국내채권_종합,korea_bond,government,F-KTB 지수,68.33326373,56250,-0.0001777461784571166
2026-02-19,A298340,PLUS 국채선물3년,안전,국내채권_종합,korea_bond,government,F-KTB 지수,68.33326373,56255,8.888888888880508e-05
2026-02-20,A298340,PLUS 국채선물3년,안전,국내채권_종합,korea_bond,government,F-KTB 지수,68.33326373,56325,0.0012443338369922952
2026-02-23,A298340,PLUS 국채선물3년,안전,국내채권_종합,korea_bond,government,F-KTB 지수,68.33326373,56285,-0.0007101642254770946
2026-02-24,A298340,PLUS 국채선물3년,안전,국내채권_종합,korea_bond,government,F-KTB 지수,68.33326373,56260,-0.00044416807319891394
2026-02-25,A298340,PLUS 국채선물3년,안전,국내채권_종합,korea_bond,government,F-KTB 지수,68.33326373,56340,0.0014219694276573769
2026-02-26,A298340,PLUS 국채선물3년,안전,국내채권_종합,korea_bond,government,F-KTB 지수,68.33326373,56450,0.001952431664891785
2026-02-27,A298340,PLUS 국채선물3년,안전,국내채권_종합,korea_bond,government,F-KTB 지수,68.33326373,56485,0.0006200177147919206
2026-03-03,A298340,PLUS 국채선물3년,안전,국내채권_종합,korea_bond,government,F-KTB 지수,68.33326373,56285,-0.003540763034433958
2026-03-04,A298340,PLUS 국채선물3년,안전,국내채권_종합,korea_bond,government,F-KTB 지수,68.33326373,56175,-0.0019543395220751325
2026-03-05,A298340,PLUS 국채선물3년,안전,국내채권_종합,korea_bond,government,F-KTB 지수,68.33326373,56315,0.0024922118380061864
2026-03-06,A298340,PLUS 국채선물3년,안전,국내채권_종합,korea_bond,government,F-KTB 지수,68.33326373,56290,-0.000443931456983071
2026-03-09,A298340,PLUS 국채선물3년,안전,국내채권_종합,korea_bond,government,F-KTB 지수,68.33326373,55940,-0.006217800675075491
2026-03-10,A298340,PLUS 국채선물3년,안전,국내채권_종합,korea_bond,government,F-KTB 지수,68.33326373,56225,0.0050947443689668415
2026-03-11,A298340,PLUS 국채선물3년,안전,국내채권_종합,korea_bond,government,F-KTB 지수,68.33326373,56330,0.0018674966651845981
2026-03-12,A298340,PLUS 국채선물3년,안전,국내채권_종합,korea_bond,government,F-KTB 지수,68.33326373,56210,-0.002130303568258496
2026-03-13,A298340,PLUS 국채선물3년,안전,국내채권_종합,korea_bond,government,F-KTB 지수,68.33326373,56160,-0.0008895214374666782
2026-03-16,A298340,PLUS 국채선물3년,안전,국내채권_종합,korea_bond,government,F-KTB 지수,68.33326373,56220,0.0010683760683760646
2026-03-17,A298340,PLUS 국채선물3년,안전,국내채권_종합,korea_bond,government,F-KTB 지수,68.33326373,56195,-0.00044468160796873324
2026-03-18,A298340,PLUS 국채선물3년,안전,국내채권_종합,korea_bond,government,F-KTB 지수,68.33326373,56355,0.0028472284011034077
2026-03-19,A298340,PLUS 국채선물3년,안전,국내채권_종합,korea_bond,government,F-KTB 지수,68.33326373,56200,-0.002750421435542494
2026-03-20,A298340,PLUS 국채선물3년,안전,국내채권_종합,korea_bond,government,F-KTB 지수,68.33326373,56110,-0.00160142348754444
2026-03-23,A298340,PLUS 국채선물3년,안전,국내채권_종합,korea_bond,government,F-KTB 지수,68.33326373,55705,-0.007217964712172509
2026-03-24,A298340,PLUS 국채선물3년,안전,국내채권_종합,korea_bond,government,F-KTB 지수,68.33326373,55820,0.0020644466385422167
2026-03-25,A298340,PLUS 국채선물3년,안전,국내채권_종합,korea_bond,government,F-KTB 지수,68.33326373,55805,-0.0002687208885704395
2026-03-26,A298340,PLUS 국채선물3년,안전,국내채권_종합,korea_bond,government,F-KTB 지수,68.33326373,55885,0.0014335633007795945
2026-03-27,A298340,PLUS 국채선물3년,안전,국내채권_종합,korea_bond,government,F-KTB 지수,68.33326373,55830,-0.0009841639080253595
2026-03-30,A298340,PLUS 국채선물3년,안전,국내채권_종합,korea_bond,government,F-KTB 지수,68.33326373,55880,0.0008955758552748883
2026-03-31,A298340,PLUS 국채선물3년,안전,국내채권_종합,korea_bond,government,F-KTB 지수,68.33326373,55900,0.0003579098067287845
2026-04-01,A298340,PLUS 국채선물3년,안전,국내채권_종합,korea_bond,government,F-KTB 지수,68.33326373,56240,0.006082289803220009
2026-04-02,A298340,PLUS 국채선물3년,안전,국내채권_종합,korea_bond,government,F-KTB 지수,68.33326373,56015,-0.0040007112375533005
2026-04-03,A298340,PLUS 국채선물3년,안전,국내채권_종합,korea_bond,government,F-KTB 지수,68.33326373,56070,0.0009818798536105344
2026-04-06,A298340,PLUS 국채선물3년,안전,국내채권_종합,korea_bond,government,F-KTB 지수,68.33326373,56150,0.0014267879436418163
2026-04-07,A298340,PLUS 국채선물3년,안전,국내채권_종합,korea_bond,government,F-KTB 지수,68.33326373,56120,-0.0005342831700801964
2026-04-08,A298340,PLUS 국채선물3년,안전,국내채권_종합,korea_bond,government,F-KTB 지수,68.33326373,56460,0.006058446186742783
2026-04-09,A298340,PLUS 국채선물3년,안전,국내채권_종합,korea_bond,government,F-KTB 지수,68.33326373,56325,-0.0023910733262486605
2026-04-10,A298340,PLUS 국채선물3년,안전,국내채권_종합,korea_bond,government,F-KTB 지수,68.33326373,56360,0.0006213936972925271
2026-04-13,A298340,PLUS 국채선물3년,안전,국내채권_종합,korea_bond,government,F-KTB 지수,68.33326373,56260,-0.0017743080198722172
2026-04-14,A298340,PLUS 국채선물3년,안전,국내채권_종합,korea_bond,government,F-KTB 지수,68.33326373,56425,0.00293281194454309
2026-04-15,A298340,PLUS 국채선물3년,안전,국내채권_종합,korea_bond,government,F-KTB 지수,68.33326373,56435,0.00017722640673456524
2026-04-16,A298340,PLUS 국채선물3년,안전,국내채권_종합,korea_bond,government,F-KTB 지수,68.33326373,56400,-0.0006201825108531622
2026-04-17,A298340,PLUS 국채선물3년,안전,국내채권_종합,korea_bond,government,F-KTB 지수,68.33326373,56295,-0.0018617021276595702
2026-04-20,A298340,PLUS 국채선물3년,안전,국내채권_종합,korea_bond,government,F-KTB 지수,68.33326373,56365,0.0012434496846966958
2026-04-21,A298340,PLUS 국채선물3년,안전,국내채권_종합,korea_bond,government,F-KTB 지수,68.33326373,56450,0.001508028031579789
2026-04-22,A298340,PLUS 국채선물3년,안전,국내채권_종합,korea_bond,government,F-KTB 지수,68.33326373,56345,-0.0018600531443755397
2026-04-23,A298340,PLUS 국채선물3년,안전,국내채권_종합,korea_bond,government,F-KTB 지수,68.33326373,56180,-0.0029283876120329566
2026-04-24,A298340,PLUS 국채선물3년,안전,국내채권_종합,korea_bond,government,F-KTB 지수,68.33326373,56170,-0.00017799928800288356
2026-04-27,A298340,PLUS 국채선물3년,안전,국내채권_종합,korea_bond,government,F-KTB 지수,68.33326373,56185,0.00026704646608499694
2026-04-28,A298340,PLUS 국채선물3년,안전,국내채권_종합,korea_bond,government,F-KTB 지수,68.33326373,56120,-0.0011568924090059607
2026-04-29,A298340,PLUS 국채선물3년,안전,국내채권_종합,korea_bond,government,F-KTB 지수,68.33326373,56070,-0.0008909479686386446
2026-04-30,A298340,PLUS 국채선물3년,안전,국내채권_종합,korea_bond,government,F-KTB 지수,68.33326373,55950,-0.0021401819154628354
2026-05-04,A298340,PLUS 국채선물3년,안전,국내채권_종합,korea_bond,government,F-KTB 지수,68.33326373,55975,0.00044682752457547714
2026-05-06,A298340,PLUS 국채선물3년,안전,국내채권_종합,korea_bond,government,F-KTB 지수,68.33326373,56010,0.0006252791424743442
2026-05-07,A298340,PLUS 국채선물3년,안전,국내채권_종합,korea_bond,government,F-KTB 지수,68.33326373,56105,0.0016961256918406331
2026-05-08,A298340,PLUS 국채선물3년,안전,국내채권_종합,korea_bond,government,F-KTB 지수,68.33326373,56145,0.0007129489350325979
2026-05-11,A298340,PLUS 국채선물3년,안전,국내채권_종합,korea_bond,government,F-KTB 지수,68.33326373,56115,-0.0005343307507347239
2026-05-12,A298340,PLUS 국채선물3년,안전,국내채권_종합,korea_bond,government,F-KTB 지수,68.33326373,55990,-0.00222756838634941
2026-05-13,A298340,PLUS 국채선물3년,안전,국내채권_종합,korea_bond,government,F-KTB 지수,68.33326373,56055,0.0011609215931416283
2026-05-14,A298340,PLUS 국채선물3년,안전,국내채권_종합,korea_bond,government,F-KTB 지수,68.33326373,56040,-0.00026759432700029784
2026-05-15,A298340,PLUS 국채선물3년,안전,국내채권_종합,korea_bond,government,F-KTB 지수,68.33326373,55765,-0.0049072091363311365
2026-05-18,A298340,PLUS 국채선물3년,안전,국내채권_종합,korea_bond,government,F-KTB 지수,68.33326373,55850,0.0015242535640633825
2026-05-19,A298340,PLUS 국채선물3년,안전,국내채권_종합,korea_bond,government,F-KTB 지수,68.33326373,55840,-0.0001790510295434089
2026-05-20,A298340,PLUS 국채선물3년,안전,국내채권_종합,korea_bond,government,F-KTB 지수,68.33326373,55805,-0.0006267908309455228
2026-05-21,A298340,PLUS 국채선물3년,안전,국내채권_종합,korea_bond,government,F-KTB 지수,68.33326373,55870,0.0011647701818833234
2026-05-22,A298340,PLUS 국채선물3년,안전,국내채권_종합,korea_bond,government,F-KTB 지수,68.33326373,55935,0.0011634150706998359
2026-01-02,A302190,TIGER 중장기국채,안전,국내채권_종합,korea_bond,government,KIS 국채 3-10년 지수(시장가격지수),2385.75073337,51200,0.0
2026-01-05,A302190,TIGER 중장기국채,안전,국내채권_종합,korea_bond,government,KIS 국채 3-10년 지수(시장가격지수),2385.75073337,51130,-0.0013671874999999778
2026-01-06,A302190,TIGER 중장기국채,안전,국내채권_종합,korea_bond,government,KIS 국채 3-10년 지수(시장가격지수),2385.75073337,51155,0.0004889497359672479
2026-01-07,A302190,TIGER 중장기국채,안전,국내채권_종합,korea_bond,government,KIS 국채 3-10년 지수(시장가격지수),2385.75073337,51260,0.0020525852800312716
2026-01-08,A302190,TIGER 중장기국채,안전,국내채권_종합,korea_bond,government,KIS 국채 3-10년 지수(시장가격지수),2385.75073337,51330,0.0013655872024971316
2026-01-09,A302190,TIGER 중장기국채,안전,국내채권_종합,korea_bond,government,KIS 국채 3-10년 지수(시장가격지수),2385.75073337,51190,-0.0027274498344048714
2026-01-12,A302190,TIGER 중장기국채,안전,국내채권_종합,korea_bond,government,KIS 국채 3-10년 지수(시장가격지수),2385.75073337,51205,0.0002930259816369407
2026-01-13,A302190,TIGER 중장기국채,안전,국내채권_종합,korea_bond,government,KIS 국채 3-10년 지수(시장가격지수),2385.75073337,51120,-0.0016599941411971075
2026-01-14,A302190,TIGER 중장기국채,안전,국내채권_종합,korea_bond,government,KIS 국채 3-10년 지수(시장가격지수),2385.75073337,51120,0.0
2026-01-15,A302190,TIGER 중장기국채,안전,국내채권_종합,korea_bond,government,KIS 국채 3-10년 지수(시장가격지수),2385.75073337,50890,-0.004499217527386579
2026-01-16,A302190,TIGER 중장기국채,안전,국내채권_종합,korea_bond,government,KIS 국채 3-10년 지수(시장가격지수),2385.75073337,50985,0.0018667714678719527
2026-01-19,A302190,TIGER 중장기국채,안전,국내채권_종합,korea_bond,government,KIS 국채 3-10년 지수(시장가격지수),2385.75073337,50795,-0.0037265862508580883
2026-01-20,A302190,TIGER 중장기국채,안전,국내채권_종합,korea_bond,government,KIS 국채 3-10년 지수(시장가격지수),2385.75073337,50580,-0.004232700068904416
2026-01-21,A302190,TIGER 중장기국채,안전,국내채권_종합,korea_bond,government,KIS 국채 3-10년 지수(시장가격지수),2385.75073337,50710,0.0025701858442070957
2026-01-22,A302190,TIGER 중장기국채,안전,국내채권_종합,korea_bond,government,KIS 국채 3-10년 지수(시장가격지수),2385.75073337,50815,0.002070597515283046
2026-01-23,A302190,TIGER 중장기국채,안전,국내채권_종합,korea_bond,government,KIS 국채 3-10년 지수(시장가격지수),2385.75073337,50735,-0.0015743382859392252
2026-01-26,A302190,TIGER 중장기국채,안전,국내채권_종합,korea_bond,government,KIS 국채 3-10년 지수(시장가격지수),2385.75073337,50905,0.0033507440622844165
2026-01-27,A302190,TIGER 중장기국채,안전,국내채권_종합,korea_bond,government,KIS 국채 3-10년 지수(시장가격지수),2385.75073337,50915,0.00019644435713583874
2026-01-28,A302190,TIGER 중장기국채,안전,국내채권_종합,korea_bond,government,KIS 국채 3-10년 지수(시장가격지수),2385.75073337,50970,0.0010802317588136656
2026-01-29,A302190,TIGER 중장기국채,안전,국내채권_종합,korea_bond,government,KIS 국채 3-10년 지수(시장가격지수),2385.75073337,50865,-0.0020600353148910733
2026-01-30,A302190,TIGER 중장기국채,안전,국내채권_종합,korea_bond,government,KIS 국채 3-10년 지수(시장가격지수),2385.75073337,50730,-0.0026540843409024184
2026-02-02,A302190,TIGER 중장기국채,안전,국내채권_종합,korea_bond,government,KIS 국채 3-10년 지수(시장가격지수),2385.75073337,50715,-0.0002956830277942579
2026-02-03,A302190,TIGER 중장기국채,안전,국내채권_종합,korea_bond,government,KIS 국채 3-10년 지수(시장가격지수),2385.75073337,50635,-0.00157744257123138
2026-02-04,A302190,TIGER 중장기국채,안전,국내채권_종합,korea_bond,government,KIS 국채 3-10년 지수(시장가격지수),2385.75073337,50550,-0.0016786807544189042
2026-02-05,A302190,TIGER 중장기국채,안전,국내채권_종합,korea_bond,government,KIS 국채 3-10년 지수(시장가격지수),2385.75073337,50600,0.0009891196834816984
2026-02-06,A302190,TIGER 중장기국채,안전,국내채권_종합,korea_bond,government,KIS 국채 3-10년 지수(시장가격지수),2385.75073337,50560,-0.0007905138339920903
2026-02-09,A302190,TIGER 중장기국채,안전,국내채권_종합,korea_bond,government,KIS 국채 3-10년 지수(시장가격지수),2385.75073337,50465,-0.0018789556962025555
2026-02-10,A302190,TIGER 중장기국채,안전,국내채권_종합,korea_bond,government,KIS 국채 3-10년 지수(시장가격지수),2385.75073337,50650,0.003665907064301921
2026-02-11,A302190,TIGER 중장기국채,안전,국내채권_종합,korea_bond,government,KIS 국채 3-10년 지수(시장가격지수),2385.75073337,50745,0.0018756169792695232
2026-02-12,A302190,TIGER 중장기국채,안전,국내채권_종합,korea_bond,government,KIS 국채 3-10년 지수(시장가격지수),2385.75073337,50870,0.002463296876539456
2026-02-13,A302190,TIGER 중장기국채,안전,국내채권_종합,korea_bond,government,KIS 국채 3-10년 지수(시장가격지수),2385.75073337,50945,0.0014743463731079487
2026-02-19,A302190,TIGER 중장기국채,안전,국내채권_종합,korea_bond,government,KIS 국채 3-10년 지수(시장가격지수),2385.75073337,50965,0.000392580233585349
2026-02-20,A302190,TIGER 중장기국채,안전,국내채권_종합,korea_bond,government,KIS 국채 3-10년 지수(시장가격지수),2385.75073337,51045,0.001569704699303509
2026-02-23,A302190,TIGER 중장기국채,안전,국내채권_종합,korea_bond,government,KIS 국채 3-10년 지수(시장가격지수),2385.75073337,50995,-0.000979527867567831
2026-02-24,A302190,TIGER 중장기국채,안전,국내채권_종합,korea_bond,government,KIS 국채 3-10년 지수(시장가격지수),2385.75073337,50935,-0.0011765859397979694
2026-02-25,A302190,TIGER 중장기국채,안전,국내채권_종합,korea_bond,government,KIS 국채 3-10년 지수(시장가격지수),2385.75073337,51070,0.0026504368312554316
2026-02-26,A302190,TIGER 중장기국채,안전,국내채권_종합,korea_bond,government,KIS 국채 3-10년 지수(시장가격지수),2385.75073337,51260,0.0037203837869590473
2026-02-27,A302190,TIGER 중장기국채,안전,국내채권_종합,korea_bond,government,KIS 국채 3-10년 지수(시장가격지수),2385.75073337,51320,0.001170503316425986
2026-03-03,A302190,TIGER 중장기국채,안전,국내채권_종합,korea_bond,government,KIS 국채 3-10년 지수(시장가격지수),2385.75073337,51000,-0.00623538581449723
2026-03-04,A302190,TIGER 중장기국채,안전,국내채권_종합,korea_bond,government,KIS 국채 3-10년 지수(시장가격지수),2385.75073337,50860,-0.002745098039215632
2026-03-05,A302190,TIGER 중장기국채,안전,국내채권_종합,korea_bond,government,KIS 국채 3-10년 지수(시장가격지수),2385.75073337,50955,0.0018678725914273997
2026-03-06,A302190,TIGER 중장기국채,안전,국내채권_종합,korea_bond,government,KIS 국채 3-10년 지수(시장가격지수),2385.75073337,50910,-0.0008831321754488863
2026-03-09,A302190,TIGER 중장기국채,안전,국내채권_종합,korea_bond,government,KIS 국채 3-10년 지수(시장가격지수),2385.75073337,50480,-0.008446277745040254
2026-03-10,A302190,TIGER 중장기국채,안전,국내채권_종합,korea_bond,government,KIS 국채 3-10년 지수(시장가격지수),2385.75073337,50855,0.007428684627575288
2026-03-11,A302190,TIGER 중장기국채,안전,국내채권_종합,korea_bond,government,KIS 국채 3-10년 지수(시장가격지수),2385.75073337,50940,0.0016714187395536761
2026-03-12,A302190,TIGER 중장기국채,안전,국내채권_종합,korea_bond,government,KIS 국채 3-10년 지수(시장가격지수),2385.75073337,50845,-0.0018649391440911378
2026-03-13,A302190,TIGER 중장기국채,안전,국내채권_종합,korea_bond,government,KIS 국채 3-10년 지수(시장가격지수),2385.75073337,50770,-0.0014750712951125955
2026-03-16,A302190,TIGER 중장기국채,안전,국내채권_종합,korea_bond,government,KIS 국채 3-10년 지수(시장가격지수),2385.75073337,50835,0.0012802836320662259
2026-03-17,A302190,TIGER 중장기국채,안전,국내채권_종합,korea_bond,government,KIS 국채 3-10년 지수(시장가격지수),2385.75073337,50780,-0.0010819317399429762
2026-03-18,A302190,TIGER 중장기국채,안전,국내채권_종합,korea_bond,government,KIS 국채 3-10년 지수(시장가격지수),2385.75073337,51030,0.004923198109491933
2026-03-19,A302190,TIGER 중장기국채,안전,국내채권_종합,korea_bond,government,KIS 국채 3-10년 지수(시장가격지수),2385.75073337,50760,-0.005291005291005346
2026-03-20,A302190,TIGER 중장기국채,안전,국내채권_종합,korea_bond,government,KIS 국채 3-10년 지수(시장가격지수),2385.75073337,50655,-0.002068557919621794
2026-03-23,A302190,TIGER 중장기국채,안전,국내채권_종합,korea_bond,government,KIS 국채 3-10년 지수(시장가격지수),2385.75073337,50200,-0.008982331457901505
2026-03-24,A302190,TIGER 중장기국채,안전,국내채권_종합,korea_bond,government,KIS 국채 3-10년 지수(시장가격지수),2385.75073337,50335,0.0026892430278884216
2026-03-25,A302190,TIGER 중장기국채,안전,국내채권_종합,korea_bond,government,KIS 국채 3-10년 지수(시장가격지수),2385.75073337,50295,-0.0007946756729909632
2026-03-26,A302190,TIGER 중장기국채,안전,국내채권_종합,korea_bond,government,KIS 국채 3-10년 지수(시장가격지수),2385.75073337,50295,0.0
2026-03-27,A302190,TIGER 중장기국채,안전,국내채권_종합,korea_bond,government,KIS 국채 3-10년 지수(시장가격지수),2385.75073337,50195,-0.0019882692116512946
2026-03-30,A302190,TIGER 중장기국채,안전,국내채권_종합,korea_bond,government,KIS 국채 3-10년 지수(시장가격지수),2385.75073337,50270,0.0014941727263670934
2026-03-31,A302190,TIGER 중장기국채,안전,국내채권_종합,korea_bond,government,KIS 국채 3-10년 지수(시장가격지수),2385.75073337,50250,-0.00039785160135275
2026-04-01,A302190,TIGER 중장기국채,안전,국내채권_종합,korea_bond,government,KIS 국채 3-10년 지수(시장가격지수),2385.75073337,50840,0.011741293532338215
2026-04-02,A302190,TIGER 중장기국채,안전,국내채권_종합,korea_bond,government,KIS 국채 3-10년 지수(시장가격지수),2385.75073337,50525,-0.006195908733280908
2026-04-03,A302190,TIGER 중장기국채,안전,국내채권_종합,korea_bond,government,KIS 국채 3-10년 지수(시장가격지수),2385.75073337,50690,0.003265710044532355
2026-04-06,A302190,TIGER 중장기국채,안전,국내채권_종합,korea_bond,government,KIS 국채 3-10년 지수(시장가격지수),2385.75073337,50780,0.0017754981258630842
2026-04-07,A302190,TIGER 중장기국채,안전,국내채권_종합,korea_bond,government,KIS 국채 3-10년 지수(시장가격지수),2385.75073337,50690,-0.0017723513194171092
2026-04-08,A302190,TIGER 중장기국채,안전,국내채권_종합,korea_bond,government,KIS 국채 3-10년 지수(시장가격지수),2385.75073337,51075,0.007595186427303169
2026-04-09,A302190,TIGER 중장기국채,안전,국내채권_종합,korea_bond,government,KIS 국채 3-10년 지수(시장가격지수),2385.75073337,50980,-0.0018600097895251633
2026-04-10,A302190,TIGER 중장기국채,안전,국내채권_종합,korea_bond,government,KIS 국채 3-10년 지수(시장가격지수),2385.75073337,50930,-0.000980776775205916
2026-04-13,A302190,TIGER 중장기국채,안전,국내채권_종합,korea_bond,government,KIS 국채 3-10년 지수(시장가격지수),2385.75073337,50840,-0.0017671313567642066
2026-04-14,A302190,TIGER 중장기국채,안전,국내채권_종합,korea_bond,government,KIS 국채 3-10년 지수(시장가격지수),2385.75073337,50985,0.0028520849724626984
2026-04-15,A302190,TIGER 중장기국채,안전,국내채권_종합,korea_bond,government,KIS 국채 3-10년 지수(시장가격지수),2385.75073337,51040,0.0010787486515642097
2026-04-16,A302190,TIGER 중장기국채,안전,국내채권_종합,korea_bond,government,KIS 국채 3-10년 지수(시장가격지수),2385.75073337,50975,-0.001273510971786851
2026-04-17,A302190,TIGER 중장기국채,안전,국내채권_종합,korea_bond,government,KIS 국채 3-10년 지수(시장가격지수),2385.75073337,50865,-0.002157920549288872
2026-04-20,A302190,TIGER 중장기국채,안전,국내채권_종합,korea_bond,government,KIS 국채 3-10년 지수(시장가격지수),2385.75073337,50945,0.0015727907205347336
2026-04-21,A302190,TIGER 중장기국채,안전,국내채권_종합,korea_bond,government,KIS 국채 3-10년 지수(시장가격지수),2385.75073337,51045,0.001962901167926301
2026-04-22,A302190,TIGER 중장기국채,안전,국내채권_종합,korea_bond,government,KIS 국채 3-10년 지수(시장가격지수),2385.75073337,50935,-0.002154961308649228
2026-04-23,A302190,TIGER 중장기국채,안전,국내채권_종합,korea_bond,government,KIS 국채 3-10년 지수(시장가격지수),2385.75073337,50685,-0.004908216354176931
2026-04-24,A302190,TIGER 중장기국채,안전,국내채권_종합,korea_bond,government,KIS 국채 3-10년 지수(시장가격지수),2385.75073337,50595,-0.0017756732761171623
2026-04-27,A302190,TIGER 중장기국채,안전,국내채권_종합,korea_bond,government,KIS 국채 3-10년 지수(시장가격지수),2385.75073337,50620,0.0004941199723291767
2026-04-28,A302190,TIGER 중장기국채,안전,국내채권_종합,korea_bond,government,KIS 국채 3-10년 지수(시장가격지수),2385.75073337,50495,-0.0024693796918213717
2026-04-29,A302190,TIGER 중장기국채,안전,국내채권_종합,korea_bond,government,KIS 국채 3-10년 지수(시장가격지수),2385.75073337,50550,0.0010892167541340925
2026-04-30,A302190,TIGER 중장기국채,안전,국내채권_종합,korea_bond,government,KIS 국채 3-10년 지수(시장가격지수),2385.75073337,50330,-0.00435212660731954
2026-05-04,A302190,TIGER 중장기국채,안전,국내채권_종합,korea_bond,government,KIS 국채 3-10년 지수(시장가격지수),2385.75073337,50370,0.0007947546195112842
2026-05-06,A302190,TIGER 중장기국채,안전,국내채권_종합,korea_bond,government,KIS 국채 3-10년 지수(시장가격지수),2385.75073337,50360,-0.0001985308715505285
2026-05-07,A302190,TIGER 중장기국채,안전,국내채권_종합,korea_bond,government,KIS 국채 3-10년 지수(시장가격지수),2385.75073337,50490,0.002581413820492484
2026-05-08,A302190,TIGER 중장기국채,안전,국내채권_종합,korea_bond,government,KIS 국채 3-10년 지수(시장가격지수),2385.75073337,50440,-0.0009902951079421296
2026-05-11,A302190,TIGER 중장기국채,안전,국내채권_종합,korea_bond,government,KIS 국채 3-10년 지수(시장가격지수),2385.75073337,50340,-0.0019825535289452745
2026-05-12,A302190,TIGER 중장기국채,안전,국내채권_종합,korea_bond,government,KIS 국채 3-10년 지수(시장가격지수),2385.75073337,50135,-0.004072308303535999
2026-05-13,A302190,TIGER 중장기국채,안전,국내채권_종합,korea_bond,government,KIS 국채 3-10년 지수(시장가격지수),2385.75073337,50140,9.973072703695074e-05
2026-05-14,A302190,TIGER 중장기국채,안전,국내채권_종합,korea_bond,government,KIS 국채 3-10년 지수(시장가격지수),2385.75073337,50080,-0.0011966493817311408
2026-05-15,A302190,TIGER 중장기국채,안전,국내채권_종합,korea_bond,government,KIS 국채 3-10년 지수(시장가격지수),2385.75073337,49770,-0.006190095846645316
2026-05-18,A302190,TIGER 중장기국채,안전,국내채권_종합,korea_bond,government,KIS 국채 3-10년 지수(시장가격지수),2385.75073337,49740,-0.0006027727546714656
2026-05-19,A302190,TIGER 중장기국채,안전,국내채권_종합,korea_bond,government,KIS 국채 3-10년 지수(시장가격지수),2385.75073337,49750,0.00020104543626864313
2026-05-20,A302190,TIGER 중장기국채,안전,국내채권_종합,korea_bond,government,KIS 국채 3-10년 지수(시장가격지수),2385.75073337,49790,0.0008040201005026226
2026-05-21,A302190,TIGER 중장기국채,안전,국내채권_종합,korea_bond,government,KIS 국채 3-10년 지수(시장가격지수),2385.75073337,49910,0.002410122514561186
2026-05-22,A302190,TIGER 중장기국채,안전,국내채권_종합,korea_bond,government,KIS 국채 3-10년 지수(시장가격지수),2385.75073337,49965,0.001101983570426679
2026-01-02,A336160,RISE 금융채액티브,안전,국내채권_회사채,korea_bond,credit,KIS 종합채권금융채 2.5-3Y 지수(총수익),424.65177954,101525,0.00019703462883602363
2026-01-05,A336160,RISE 금융채액티브,안전,국내채권_회사채,korea_bond,credit,KIS 종합채권금융채 2.5-3Y 지수(총수익),424.65177954,101515,-9.849790691951466e-05
2026-01-06,A336160,RISE 금융채액티브,안전,국내채권_회사채,korea_bond,credit,KIS 종합채권금융채 2.5-3Y 지수(총수익),424.65177954,101550,0.00034477663399501424
2026-01-07,A336160,RISE 금융채액티브,안전,국내채권_회사채,korea_bond,credit,KIS 종합채권금융채 2.5-3Y 지수(총수익),424.65177954,101650,0.000984736582964052
2026-01-08,A336160,RISE 금융채액티브,안전,국내채권_회사채,korea_bond,credit,KIS 종합채권금융채 2.5-3Y 지수(총수익),424.65177954,101695,0.00044269552385634015
2026-01-09,A336160,RISE 금융채액티브,안전,국내채권_회사채,korea_bond,credit,KIS 종합채권금융채 2.5-3Y 지수(총수익),424.65177954,101625,-0.0006883327597226874
2026-01-12,A336160,RISE 금융채액티브,안전,국내채권_회사채,korea_bond,credit,KIS 종합채권금융채 2.5-3Y 지수(총수익),424.65177954,101630,4.920049200496379e-05
2026-01-13,A336160,RISE 금융채액티브,안전,국내채권_회사채,korea_bond,credit,KIS 종합채권금융채 2.5-3Y 지수(총수익),424.65177954,101540,-0.000885565285840828
2026-01-14,A336160,RISE 금융채액티브,안전,국내채권_회사채,korea_bond,credit,KIS 종합채권금융채 2.5-3Y 지수(총수익),424.65177954,101635,0.0009355918849713873
2026-01-15,A336160,RISE 금융채액티브,안전,국내채권_회사채,korea_bond,credit,KIS 종합채권금융채 2.5-3Y 지수(총수익),424.65177954,101402,-0.0022925173414669597
2026-01-16,A336160,RISE 금융채액티브,안전,국내채권_회사채,korea_bond,credit,KIS 종합채권금융채 2.5-3Y 지수(총수익),424.65177954,101476,0.000729768643616513
2026-01-19,A336160,RISE 금융채액티브,안전,국내채권_회사채,korea_bond,credit,KIS 종합채권금융채 2.5-3Y 지수(총수익),424.65177954,101388,-0.0008672001261381679
2026-01-20,A336160,RISE 금융채액티브,안전,국내채권_회사채,korea_bond,credit,KIS 종합채권금융채 2.5-3Y 지수(총수익),424.65177954,101353,-0.00034520850593755537
2026-01-21,A336160,RISE 금융채액티브,안전,국내채권_회사채,korea_bond,credit,KIS 종합채권금융채 2.5-3Y 지수(총수익),424.65177954,101363,9.866506171496425e-05
2026-01-22,A336160,RISE 금융채액티브,안전,국내채권_회사채,korea_bond,credit,KIS 종합채권금융채 2.5-3Y 지수(총수익),424.65177954,101436,0.0007201838935311233
2026-01-23,A336160,RISE 금융채액티브,안전,국내채권_회사채,korea_bond,credit,KIS 종합채권금융채 2.5-3Y 지수(총수익),424.65177954,101417,-0.00018731022516660367
2026-01-26,A336160,RISE 금융채액티브,안전,국내채권_회사채,korea_bond,credit,KIS 종합채권금융채 2.5-3Y 지수(총수익),424.65177954,101500,0.0008184032262834595
2026-01-27,A336160,RISE 금융채액티브,안전,국내채권_회사채,korea_bond,credit,KIS 종합채권금융채 2.5-3Y 지수(총수익),424.65177954,101441,-0.0005812807881773185
2026-01-28,A336160,RISE 금융채액티브,안전,국내채권_회사채,korea_bond,credit,KIS 종합채권금융채 2.5-3Y 지수(총수익),424.65177954,101491,0.000492897349197996
2026-01-29,A336160,RISE 금융채액티브,안전,국내채권_회사채,korea_bond,credit,KIS 종합채권금융채 2.5-3Y 지수(총수익),424.65177954,101383,-0.001064133765555586
2026-01-30,A336160,RISE 금융채액티브,안전,국내채권_회사채,korea_bond,credit,KIS 종합채권금융채 2.5-3Y 지수(총수익),424.65177954,101308,-0.0007397689948018815
2026-02-02,A336160,RISE 금융채액티브,안전,국내채권_회사채,korea_bond,credit,KIS 종합채권금융채 2.5-3Y 지수(총수익),424.65177954,101318,9.870888774821118e-05
2026-02-03,A336160,RISE 금융채액티브,안전,국내채권_회사채,korea_bond,credit,KIS 종합채권금융채 2.5-3Y 지수(총수익),424.65177954,101183,-0.0013324384610828854
2026-02-04,A336160,RISE 금융채액티브,안전,국내채권_회사채,korea_bond,credit,KIS 종합채권금융채 2.5-3Y 지수(총수익),424.65177954,101078,-0.0010377237282942486
2026-02-05,A336160,RISE 금융채액티브,안전,국내채권_회사채,korea_bond,credit,KIS 종합채권금융채 2.5-3Y 지수(총수익),424.65177954,101158,0.0007914679752270004
2026-02-06,A336160,RISE 금융채액티브,안전,국내채권_회사채,korea_bond,credit,KIS 종합채권금융채 2.5-3Y 지수(총수익),424.65177954,101058,-0.0009885525613396728
2026-02-09,A336160,RISE 금융채액티브,안전,국내채권_회사채,korea_bond,credit,KIS 종합채권금융채 2.5-3Y 지수(총수익),424.65177954,101013,-0.0004452888440301672
2026-02-10,A336160,RISE 금융채액티브,안전,국내채권_회사채,korea_bond,credit,KIS 종합채권금융채 2.5-3Y 지수(총수익),424.65177954,101043,0.0002969914763446546
2026-02-11,A336160,RISE 금융채액티브,안전,국내채권_회사채,korea_bond,credit,KIS 종합채권금융채 2.5-3Y 지수(총수익),424.65177954,101103,0.0005938065971913264
2026-02-12,A336160,RISE 금융채액티브,안전,국내채권_회사채,korea_bond,credit,KIS 종합채권금융채 2.5-3Y 지수(총수익),424.65177954,101233,0.00128581743370626
2026-02-13,A336160,RISE 금융채액티브,안전,국내채권_회사채,korea_bond,credit,KIS 종합채권금융채 2.5-3Y 지수(총수익),424.65177954,101283,0.000493910088607441
2026-02-19,A336160,RISE 금융채액티브,안전,국내채권_회사채,korea_bond,credit,KIS 종합채권금융채 2.5-3Y 지수(총수익),424.65177954,101258,-0.000246833130930213
2026-02-20,A336160,RISE 금융채액티브,안전,국내채권_회사채,korea_bond,credit,KIS 종합채권금융채 2.5-3Y 지수(총수익),424.65177954,101313,0.000543166959647623
2026-02-23,A336160,RISE 금융채액티브,안전,국내채권_회사채,korea_bond,credit,KIS 종합채권금융채 2.5-3Y 지수(총수익),424.65177954,101338,0.00024676004066614965
2026-02-24,A336160,RISE 금융채액티브,안전,국내채권_회사채,korea_bond,credit,KIS 종합채권금융채 2.5-3Y 지수(총수익),424.65177954,101308,-0.0002960389982040734
2026-02-25,A336160,RISE 금융채액티브,안전,국내채권_회사채,korea_bond,credit,KIS 종합채권금융채 2.5-3Y 지수(총수익),424.65177954,101393,0.0008390255458601281
2026-02-26,A336160,RISE 금융채액티브,안전,국내채권_회사채,korea_bond,credit,KIS 종합채권금융채 2.5-3Y 지수(총수익),424.65177954,101672,0.0027516692473839033
2026-02-27,A336160,RISE 금융채액티브,안전,국내채권_회사채,korea_bond,credit,KIS 종합채권금융채 2.5-3Y 지수(총수익),424.65177954,101667,-4.917774805257569e-05
2026-03-03,A336160,RISE 금융채액티브,안전,국내채권_회사채,korea_bond,credit,KIS 종합채권금융채 2.5-3Y 지수(총수익),424.65177954,101408,-0.002547532631040572
2026-03-04,A336160,RISE 금융채액티브,안전,국내채권_회사채,korea_bond,credit,KIS 종합채권금융채 2.5-3Y 지수(총수익),424.65177954,101198,-0.0020708425370778993
2026-03-05,A336160,RISE 금융채액티브,안전,국내채권_회사채,korea_bond,credit,KIS 종합채권금융채 2.5-3Y 지수(총수익),424.65177954,101343,0.0014328346410008574
2026-03-06,A336160,RISE 금융채액티브,안전,국내채권_회사채,korea_bond,credit,KIS 종합채권금융채 2.5-3Y 지수(총수익),424.65177954,101343,0.0
2026-03-09,A336160,RISE 금융채액티브,안전,국내채권_회사채,korea_bond,credit,KIS 종합채권금융채 2.5-3Y 지수(총수익),424.65177954,100894,-0.004430498406401973
2026-03-10,A336160,RISE 금융채액티브,안전,국내채권_회사채,korea_bond,credit,KIS 종합채권금융채 2.5-3Y 지수(총수익),424.65177954,101138,0.002418379685610539
2026-03-11,A336160,RISE 금융채액티브,안전,국내채권_회사채,korea_bond,credit,KIS 종합채권금융채 2.5-3Y 지수(총수익),424.65177954,101308,0.0016808716802785284
2026-03-12,A336160,RISE 금융채액티브,안전,국내채권_회사채,korea_bond,credit,KIS 종합채권금융채 2.5-3Y 지수(총수익),424.65177954,101203,-0.0010364433213566615
2026-03-13,A336160,RISE 금융채액티브,안전,국내채권_회사채,korea_bond,credit,KIS 종합채권금융채 2.5-3Y 지수(총수익),424.65177954,101138,-0.0006422734503918059
2026-03-16,A336160,RISE 금융채액티브,안전,국내채권_회사채,korea_bond,credit,KIS 종합채권금융채 2.5-3Y 지수(총수익),424.65177954,101183,0.0004449366212502248
2026-03-17,A336160,RISE 금융채액티브,안전,국내채권_회사채,korea_bond,credit,KIS 종합채권금융채 2.5-3Y 지수(총수익),424.65177954,101228,0.00044473874069761443
2026-03-18,A336160,RISE 금융채액티브,안전,국내채권_회사채,korea_bond,credit,KIS 종합채권금융채 2.5-3Y 지수(총수익),424.65177954,101353,0.00123483621132503
2026-03-19,A336160,RISE 금융채액티브,안전,국내채권_회사채,korea_bond,credit,KIS 종합채권금융채 2.5-3Y 지수(총수익),424.65177954,101163,-0.001874636172584876
2026-03-20,A336160,RISE 금융채액티브,안전,국내채권_회사채,korea_bond,credit,KIS 종합채권금융채 2.5-3Y 지수(총수익),424.65177954,100988,-0.0017298814784061367
2026-03-23,A336160,RISE 금융채액티브,안전,국내채권_회사채,korea_bond,credit,KIS 종합채권금융채 2.5-3Y 지수(총수익),424.65177954,100500,-0.004832257297896825
2026-03-24,A336160,RISE 금융채액티브,안전,국내채권_회사채,korea_bond,credit,KIS 종합채권금융채 2.5-3Y 지수(총수익),424.65177954,100604,0.0010348258706467384
2026-03-25,A336160,RISE 금융채액티브,안전,국내채권_회사채,korea_bond,credit,KIS 종합채권금융채 2.5-3Y 지수(총수익),424.65177954,100579,-0.00024849906564350377
2026-03-26,A336160,RISE 금융채액티브,안전,국내채권_회사채,korea_bond,credit,KIS 종합채권금융채 2.5-3Y 지수(총수익),424.65177954,100629,0.0004971216655564881
2026-03-27,A336160,RISE 금융채액티브,안전,국내채권_회사채,korea_bond,credit,KIS 종합채권금융채 2.5-3Y 지수(총수익),424.65177954,100525,-0.0010334992894692752
2026-03-30,A336160,RISE 금융채액티브,안전,국내채권_회사채,korea_bond,credit,KIS 종합채권금융채 2.5-3Y 지수(총수익),424.65177954,100585,0.0005968664511315502
2026-03-31,A336160,RISE 금융채액티브,안전,국내채권_회사채,korea_bond,credit,KIS 종합채권금융채 2.5-3Y 지수(총수익),424.65177954,100640,0.000546801212904402
2026-04-01,A336160,RISE 금융채액티브,안전,국내채권_회사채,korea_bond,credit,KIS 종합채권금융채 2.5-3Y 지수(총수익),424.65177954,100940,0.002980922098569261
2026-04-02,A336160,RISE 금융채액티브,안전,국내채권_회사채,korea_bond,credit,KIS 종합채권금융채 2.5-3Y 지수(총수익),424.65177954,100760,-0.0017832375668713762
2026-04-03,A336160,RISE 금융채액티브,안전,국내채권_회사채,korea_bond,credit,KIS 종합채권금융채 2.5-3Y 지수(총수익),424.65177954,100835,0.0007443429932512124
2026-04-06,A336160,RISE 금융채액티브,안전,국내채권_회사채,korea_bond,credit,KIS 종합채권금융채 2.5-3Y 지수(총수익),424.65177954,100940,0.0010413051023949738
2026-04-07,A336160,RISE 금융채액티브,안전,국내채권_회사채,korea_bond,credit,KIS 종합채권금융채 2.5-3Y 지수(총수익),424.65177954,100870,-0.0006934812760055475
2026-04-08,A336160,RISE 금융채액티브,안전,국내채권_회사채,korea_bond,credit,KIS 종합채권금융채 2.5-3Y 지수(총수익),424.65177954,101290,0.004163775156141636
2026-04-09,A336160,RISE 금융채액티브,안전,국내채권_회사채,korea_bond,credit,KIS 종합채권금융채 2.5-3Y 지수(총수익),424.65177954,101190,-0.000987264290650658
2026-04-10,A336160,RISE 금융채액티브,안전,국내채권_회사채,korea_bond,credit,KIS 종합채권금융채 2.5-3Y 지수(총수익),424.65177954,101155,-0.0003458839806305125
2026-04-13,A336160,RISE 금융채액티브,안전,국내채권_회사채,korea_bond,credit,KIS 종합채권금융채 2.5-3Y 지수(총수익),424.65177954,101100,-0.0005437200336118053
2026-04-14,A336160,RISE 금융채액티브,안전,국내채권_회사채,korea_bond,credit,KIS 종합채권금융채 2.5-3Y 지수(총수익),424.65177954,101240,0.0013847675568743334
2026-04-15,A336160,RISE 금융채액티브,안전,국내채권_회사채,korea_bond,credit,KIS 종합채권금융채 2.5-3Y 지수(총수익),424.65177954,101270,0.0002963255630186179
2026-04-16,A336160,RISE 금융채액티브,안전,국내채권_회사채,korea_bond,credit,KIS 종합채권금융채 2.5-3Y 지수(총수익),424.65177954,101310,0.00039498370692214735
2026-04-17,A336160,RISE 금융채액티브,안전,국내채권_회사채,korea_bond,credit,KIS 종합채권금융채 2.5-3Y 지수(총수익),424.65177954,101215,-0.0009377159214293274
2026-04-20,A336160,RISE 금융채액티브,안전,국내채권_회사채,korea_bond,credit,KIS 종합채권금융채 2.5-3Y 지수(총수익),424.65177954,101320,0.0010373956429383657
2026-04-21,A336160,RISE 금융채액티브,안전,국내채권_회사채,korea_bond,credit,KIS 종합채권금융채 2.5-3Y 지수(총수익),424.65177954,101340,0.00019739439399923953
2026-04-22,A336160,RISE 금융채액티브,안전,국내채권_회사채,korea_bond,credit,KIS 종합채권금융채 2.5-3Y 지수(총수익),424.65177954,101295,-0.000444049733570151
2026-04-23,A336160,RISE 금융채액티브,안전,국내채권_회사채,korea_bond,credit,KIS 종합채권금융채 2.5-3Y 지수(총수익),424.65177954,101070,-0.002221235006663713
2026-04-24,A336160,RISE 금융채액티브,안전,국내채권_회사채,korea_bond,credit,KIS 종합채권금융채 2.5-3Y 지수(총수익),424.65177954,101045,-0.00024735331948155803
2026-04-27,A336160,RISE 금융채액티브,안전,국내채권_회사채,korea_bond,credit,KIS 종합채권금융채 2.5-3Y 지수(총수익),424.65177954,101015,-0.00029689742194072277
2026-04-28,A336160,RISE 금융채액티브,안전,국내채권_회사채,korea_bond,credit,KIS 종합채권금융채 2.5-3Y 지수(총수익),424.65177954,100980,-0.00034648319556496165
2026-04-29,A336160,RISE 금융채액티브,안전,국내채권_회사채,korea_bond,credit,KIS 종합채권금융채 2.5-3Y 지수(총수익),424.65177954,100810,-0.0016835016835017313
2026-04-30,A336160,RISE 금융채액티브,안전,국내채권_회사채,korea_bond,credit,KIS 종합채권금융채 2.5-3Y 지수(총수익),424.65177954,100695,-0.001140759845253414
2026-05-04,A336160,RISE 금융채액티브,안전,국내채권_회사채,korea_bond,credit,KIS 종합채권금융채 2.5-3Y 지수(총수익),424.65177954,100665,-0.00029792939073436386
2026-05-06,A336160,RISE 금융채액티브,안전,국내채권_회사채,korea_bond,credit,KIS 종합채권금융채 2.5-3Y 지수(총수익),424.65177954,100655,-9.933939303630179e-05
2026-05-07,A336160,RISE 금융채액티브,안전,국내채권_회사채,korea_bond,credit,KIS 종합채권금융채 2.5-3Y 지수(총수익),424.65177954,100920,0.002632755451790869
2026-05-08,A336160,RISE 금융채액티브,안전,국내채권_회사채,korea_bond,credit,KIS 종합채권금융채 2.5-3Y 지수(총수익),424.65177954,100855,-0.000644074514466908
2026-05-11,A336160,RISE 금융채액티브,안전,국내채권_회사채,korea_bond,credit,KIS 종합채권금융채 2.5-3Y 지수(총수익),424.65177954,100845,-9.915224827727886e-05
2026-05-12,A336160,RISE 금융채액티브,안전,국내채권_회사채,korea_bond,credit,KIS 종합채권금융채 2.5-3Y 지수(총수익),424.65177954,100710,-0.0013386880856760541
2026-05-13,A336160,RISE 금융채액티브,안전,국내채권_회사채,korea_bond,credit,KIS 종합채권금융채 2.5-3Y 지수(총수익),424.65177954,100770,0.0005957700327674509
2026-05-14,A336160,RISE 금융채액티브,안전,국내채권_회사채,korea_bond,credit,KIS 종합채권금융채 2.5-3Y 지수(총수익),424.65177954,100760,-9.923588369553649e-05
2026-05-15,A336160,RISE 금융채액티브,안전,국내채권_회사채,korea_bond,credit,KIS 종합채권금융채 2.5-3Y 지수(총수익),424.65177954,100510,-0.002481143310837597
2026-05-18,A336160,RISE 금융채액티브,안전,국내채권_회사채,korea_bond,credit,KIS 종합채권금융채 2.5-3Y 지수(총수익),424.65177954,100530,0.00019898517560434925
2026-05-19,A336160,RISE 금융채액티브,안전,국내채권_회사채,korea_bond,credit,KIS 종합채권금융채 2.5-3Y 지수(총수익),424.65177954,100505,-0.00024868198547700615
2026-05-20,A336160,RISE 금융채액티브,안전,국내채권_회사채,korea_bond,credit,KIS 종합채권금융채 2.5-3Y 지수(총수익),424.65177954,100505,0.0
2026-05-21,A336160,RISE 금융채액티브,안전,국내채권_회사채,korea_bond,credit,KIS 종합채권금융채 2.5-3Y 지수(총수익),424.65177954,100660,0.0015422118302572674
2026-05-22,A336160,RISE 금융채액티브,안전,국내채권_회사채,korea_bond,credit,KIS 종합채권금융채 2.5-3Y 지수(총수익),424.65177954,100625,-0.0003477051460362146
2026-01-02,A363570,KODEX 장기종합채권(AA-이상)액티브,안전,국내채권_회사채,korea_bond,credit,"KAP 한국장기종합채권지수(AA-이상, 총수익)",2032.14478779,96165,-0.0009350163627863672
2026-01-05,A363570,KODEX 장기종합채권(AA-이상)액티브,안전,국내채권_회사채,korea_bond,credit,"KAP 한국장기종합채권지수(AA-이상, 총수익)",2032.14478779,95850,-0.0032756200280767978
2026-01-06,A363570,KODEX 장기종합채권(AA-이상)액티브,안전,국내채권_회사채,korea_bond,credit,"KAP 한국장기종합채권지수(AA-이상, 총수익)",2032.14478779,96150,0.003129890453834161
2026-01-07,A363570,KODEX 장기종합채권(AA-이상)액티브,안전,국내채권_회사채,korea_bond,credit,"KAP 한국장기종합채권지수(AA-이상, 총수익)",2032.14478779,96460,0.003224128965158668
2026-01-08,A363570,KODEX 장기종합채권(AA-이상)액티브,안전,국내채권_회사채,korea_bond,credit,"KAP 한국장기종합채권지수(AA-이상, 총수익)",2032.14478779,96650,0.0019697283848227887
2026-01-09,A363570,KODEX 장기종합채권(AA-이상)액티브,안전,국내채권_회사채,korea_bond,credit,"KAP 한국장기종합채권지수(AA-이상, 총수익)",2032.14478779,96160,-0.005069839627521944
2026-01-12,A363570,KODEX 장기종합채권(AA-이상)액티브,안전,국내채권_회사채,korea_bond,credit,"KAP 한국장기종합채권지수(AA-이상, 총수익)",2032.14478779,96415,0.0026518302828619778
2026-01-13,A363570,KODEX 장기종합채권(AA-이상)액티브,안전,국내채권_회사채,korea_bond,credit,"KAP 한국장기종합채권지수(AA-이상, 총수익)",2032.14478779,96070,-0.003578281387750848
2026-01-14,A363570,KODEX 장기종합채권(AA-이상)액티브,안전,국내채권_회사채,korea_bond,credit,"KAP 한국장기종합채권지수(AA-이상, 총수익)",2032.14478779,95885,-0.0019256791922556138
2026-01-15,A363570,KODEX 장기종합채권(AA-이상)액티브,안전,국내채권_회사채,korea_bond,credit,"KAP 한국장기종합채권지수(AA-이상, 총수익)",2032.14478779,95235,-0.0067789539552588485
2026-01-16,A363570,KODEX 장기종합채권(AA-이상)액티브,안전,국내채권_회사채,korea_bond,credit,"KAP 한국장기종합채권지수(AA-이상, 총수익)",2032.14478779,95335,0.0010500341261090451
2026-01-19,A363570,KODEX 장기종합채권(AA-이상)액티브,안전,국내채권_회사채,korea_bond,credit,"KAP 한국장기종합채권지수(AA-이상, 총수익)",2032.14478779,94900,-0.0045628572927046696
2026-01-20,A363570,KODEX 장기종합채권(AA-이상)액티브,안전,국내채권_회사채,korea_bond,credit,"KAP 한국장기종합채권지수(AA-이상, 총수익)",2032.14478779,93655,-0.013119072708113855
2026-01-21,A363570,KODEX 장기종합채권(AA-이상)액티브,안전,국내채권_회사채,korea_bond,credit,"KAP 한국장기종합채권지수(AA-이상, 총수익)",2032.14478779,93825,0.0018151727083444147
2026-01-22,A363570,KODEX 장기종합채권(AA-이상)액티브,안전,국내채권_회사채,korea_bond,credit,"KAP 한국장기종합채권지수(AA-이상, 총수익)",2032.14478779,94310,0.005169197974953299
2026-01-23,A363570,KODEX 장기종합채권(AA-이상)액티브,안전,국내채권_회사채,korea_bond,credit,"KAP 한국장기종합채권지수(AA-이상, 총수익)",2032.14478779,93875,-0.004612448308768946
2026-01-26,A363570,KODEX 장기종합채권(AA-이상)액티브,안전,국내채권_회사채,korea_bond,credit,"KAP 한국장기종합채권지수(AA-이상, 총수익)",2032.14478779,94120,0.002609853528628525
2026-01-27,A363570,KODEX 장기종합채권(AA-이상)액티브,안전,국내채권_회사채,korea_bond,credit,"KAP 한국장기종합채권지수(AA-이상, 총수익)",2032.14478779,94160,0.00042498937526569414
2026-01-28,A363570,KODEX 장기종합채권(AA-이상)액티브,안전,국내채권_회사채,korea_bond,credit,"KAP 한국장기종합채권지수(AA-이상, 총수익)",2032.14478779,94390,0.0024426508071366815
2026-01-29,A363570,KODEX 장기종합채권(AA-이상)액티브,안전,국내채권_회사채,korea_bond,credit,"KAP 한국장기종합채권지수(AA-이상, 총수익)",2032.14478779,93850,-0.0057209450153618
2026-01-30,A363570,KODEX 장기종합채권(AA-이상)액티브,안전,국내채권_회사채,korea_bond,credit,"KAP 한국장기종합채권지수(AA-이상, 총수익)",2032.14478779,93585,-0.002823654768247197
2026-02-02,A363570,KODEX 장기종합채권(AA-이상)액티브,안전,국내채권_회사채,korea_bond,credit,"KAP 한국장기종합채권지수(AA-이상, 총수익)",2032.14478779,93665,0.0008548378479458218
2026-02-03,A363570,KODEX 장기종합채권(AA-이상)액티브,안전,국내채권_회사채,korea_bond,credit,"KAP 한국장기종합채권지수(AA-이상, 총수익)",2032.14478779,92955,-0.007580206053488525
2026-02-04,A363570,KODEX 장기종합채권(AA-이상)액티브,안전,국내채권_회사채,korea_bond,credit,"KAP 한국장기종합채권지수(AA-이상, 총수익)",2032.14478779,92750,-0.0022053681889085963
2026-02-05,A363570,KODEX 장기종합채권(AA-이상)액티브,안전,국내채권_회사채,korea_bond,credit,"KAP 한국장기종합채권지수(AA-이상, 총수익)",2032.14478779,92905,0.0016711590296496492
2026-02-06,A363570,KODEX 장기종합채권(AA-이상)액티브,안전,국내채권_회사채,korea_bond,credit,"KAP 한국장기종합채권지수(AA-이상, 총수익)",2032.14478779,92990,0.0009149130832570851
2026-02-09,A363570,KODEX 장기종합채권(AA-이상)액티브,안전,국내채권_회사채,korea_bond,credit,"KAP 한국장기종합채권지수(AA-이상, 총수익)",2032.14478779,92420,-0.006129691364662904
2026-02-10,A363570,KODEX 장기종합채권(AA-이상)액티브,안전,국내채권_회사채,korea_bond,credit,"KAP 한국장기종합채권지수(AA-이상, 총수익)",2032.14478779,92925,0.005464185241289776
2026-02-11,A363570,KODEX 장기종합채권(AA-이상)액티브,안전,국내채권_회사채,korea_bond,credit,"KAP 한국장기종합채권지수(AA-이상, 총수익)",2032.14478779,93000,0.0008071025020177647
2026-02-12,A363570,KODEX 장기종합채권(AA-이상)액티브,안전,국내채권_회사채,korea_bond,credit,"KAP 한국장기종합채권지수(AA-이상, 총수익)",2032.14478779,93365,0.003924731182795682
2026-02-13,A363570,KODEX 장기종합채권(AA-이상)액티브,안전,국내채권_회사채,korea_bond,credit,"KAP 한국장기종합채권지수(AA-이상, 총수익)",2032.14478779,93800,0.0046591335082739604
2026-02-19,A363570,KODEX 장기종합채권(AA-이상)액티브,안전,국내채권_회사채,korea_bond,credit,"KAP 한국장기종합채권지수(AA-이상, 총수익)",2032.14478779,93805,5.330490405119903e-05
2026-02-20,A363570,KODEX 장기종합채권(AA-이상)액티브,안전,국내채권_회사채,korea_bond,credit,"KAP 한국장기종합채권지수(AA-이상, 총수익)",2032.14478779,94255,0.004797185651084668
2026-02-23,A363570,KODEX 장기종합채권(AA-이상)액티브,안전,국내채권_회사채,korea_bond,credit,"KAP 한국장기종합채권지수(AA-이상, 총수익)",2032.14478779,93985,-0.002864569518858384
2026-02-24,A363570,KODEX 장기종합채권(AA-이상)액티브,안전,국내채권_회사채,korea_bond,credit,"KAP 한국장기종합채권지수(AA-이상, 총수익)",2032.14478779,93645,-0.0036175985529606214
2026-02-25,A363570,KODEX 장기종합채권(AA-이상)액티브,안전,국내채권_회사채,korea_bond,credit,"KAP 한국장기종합채권지수(AA-이상, 총수익)",2032.14478779,94075,0.0045918094932990705
2026-02-26,A363570,KODEX 장기종합채권(AA-이상)액티브,안전,국내채권_회사채,korea_bond,credit,"KAP 한국장기종합채권지수(AA-이상, 총수익)",2032.14478779,94895,0.00871644964124374
2026-02-27,A363570,KODEX 장기종합채권(AA-이상)액티브,안전,국내채권_회사채,korea_bond,credit,"KAP 한국장기종합채권지수(AA-이상, 총수익)",2032.14478779,95095,0.002107592602349939
2026-03-03,A363570,KODEX 장기종합채권(AA-이상)액티브,안전,국내채권_회사채,korea_bond,credit,"KAP 한국장기종합채권지수(AA-이상, 총수익)",2032.14478779,93695,-0.014722119985277837
2026-03-04,A363570,KODEX 장기종합채권(AA-이상)액티브,안전,국내채권_회사채,korea_bond,credit,"KAP 한국장기종합채권지수(AA-이상, 총수익)",2032.14478779,93500,-0.0020812209829766948
2026-03-05,A363570,KODEX 장기종합채권(AA-이상)액티브,안전,국내채권_회사채,korea_bond,credit,"KAP 한국장기종합채권지수(AA-이상, 총수익)",2032.14478779,94005,0.00540106951871655
2026-03-06,A363570,KODEX 장기종합채권(AA-이상)액티브,안전,국내채권_회사채,korea_bond,credit,"KAP 한국장기종합채권지수(AA-이상, 총수익)",2032.14478779,93870,-0.0014360938247965915
2026-03-09,A363570,KODEX 장기종합채권(AA-이상)액티브,안전,국내채권_회사채,korea_bond,credit,"KAP 한국장기종합채권지수(AA-이상, 총수익)",2032.14478779,92860,-0.010759561095131542
2026-03-10,A363570,KODEX 장기종합채권(AA-이상)액티브,안전,국내채권_회사채,korea_bond,credit,"KAP 한국장기종합채권지수(AA-이상, 총수익)",2032.14478779,93590,0.007861296575490062
2026-03-11,A363570,KODEX 장기종합채권(AA-이상)액티브,안전,국내채권_회사채,korea_bond,credit,"KAP 한국장기종합채권지수(AA-이상, 총수익)",2032.14478779,93960,0.003953413826263574
2026-03-12,A363570,KODEX 장기종합채권(AA-이상)액티브,안전,국내채권_회사채,korea_bond,credit,"KAP 한국장기종합채권지수(AA-이상, 총수익)",2032.14478779,93410,-0.0058535547041294045
2026-03-13,A363570,KODEX 장기종합채권(AA-이상)액티브,안전,국내채권_회사채,korea_bond,credit,"KAP 한국장기종합채권지수(AA-이상, 총수익)",2032.14478779,93145,-0.0028369553580986917
2026-03-16,A363570,KODEX 장기종합채권(AA-이상)액티브,안전,국내채권_회사채,korea_bond,credit,"KAP 한국장기종합채권지수(AA-이상, 총수익)",2032.14478779,93085,-0.0006441569595792007
2026-03-17,A363570,KODEX 장기종합채권(AA-이상)액티브,안전,국내채권_회사채,korea_bond,credit,"KAP 한국장기종합채권지수(AA-이상, 총수익)",2032.14478779,93415,0.003545146908739305
2026-03-18,A363570,KODEX 장기종합채권(AA-이상)액티브,안전,국내채권_회사채,korea_bond,credit,"KAP 한국장기종합채권지수(AA-이상, 총수익)",2032.14478779,93840,0.0045495905368517775
2026-03-19,A363570,KODEX 장기종합채권(AA-이상)액티브,안전,국내채권_회사채,korea_bond,credit,"KAP 한국장기종합채권지수(AA-이상, 총수익)",2032.14478779,93220,-0.00660699062233594
2026-03-20,A363570,KODEX 장기종합채권(AA-이상)액티브,안전,국내채권_회사채,korea_bond,credit,"KAP 한국장기종합채권지수(AA-이상, 총수익)",2032.14478779,93120,-0.0010727311735678757
2026-03-23,A363570,KODEX 장기종합채권(AA-이상)액티브,안전,국내채권_회사채,korea_bond,credit,"KAP 한국장기종합채권지수(AA-이상, 총수익)",2032.14478779,91580,-0.016537800687285276
2026-03-24,A363570,KODEX 장기종합채권(AA-이상)액티브,안전,국내채권_회사채,korea_bond,credit,"KAP 한국장기종합채권지수(AA-이상, 총수익)",2032.14478779,91600,0.00021838829438736163
2026-03-25,A363570,KODEX 장기종합채권(AA-이상)액티브,안전,국내채권_회사채,korea_bond,credit,"KAP 한국장기종합채권지수(AA-이상, 총수익)",2032.14478779,91735,0.0014737991266375872
2026-03-26,A363570,KODEX 장기종합채권(AA-이상)액티브,안전,국내채권_회사채,korea_bond,credit,"KAP 한국장기종합채권지수(AA-이상, 총수익)",2032.14478779,91320,-0.004523900365182354
2026-03-27,A363570,KODEX 장기종합채권(AA-이상)액티브,안전,국내채권_회사채,korea_bond,credit,"KAP 한국장기종합채권지수(AA-이상, 총수익)",2032.14478779,90780,-0.005913272010512505
2026-03-30,A363570,KODEX 장기종합채권(AA-이상)액티브,안전,국내채권_회사채,korea_bond,credit,"KAP 한국장기종합채권지수(AA-이상, 총수익)",2032.14478779,90985,0.0022582066534480028
2026-03-31,A363570,KODEX 장기종합채권(AA-이상)액티브,안전,국내채권_회사채,korea_bond,credit,"KAP 한국장기종합채권지수(AA-이상, 총수익)",2032.14478779,91210,0.0024729350991921084
2026-04-01,A363570,KODEX 장기종합채권(AA-이상)액티브,안전,국내채권_회사채,korea_bond,credit,"KAP 한국장기종합채권지수(AA-이상, 총수익)",2032.14478779,92960,0.019186492709132752
2026-04-02,A363570,KODEX 장기종합채권(AA-이상)액티브,안전,국내채권_회사채,korea_bond,credit,"KAP 한국장기종합채권지수(AA-이상, 총수익)",2032.14478779,92010,-0.010219449225473354
2026-04-03,A363570,KODEX 장기종합채권(AA-이상)액티브,안전,국내채권_회사채,korea_bond,credit,"KAP 한국장기종합채권지수(AA-이상, 총수익)",2032.14478779,92840,0.00902075861319429
2026-04-06,A363570,KODEX 장기종합채권(AA-이상)액티브,안전,국내채권_회사채,korea_bond,credit,"KAP 한국장기종합채권지수(AA-이상, 총수익)",2032.14478779,93095,0.002746660922016364
2026-04-07,A363570,KODEX 장기종합채권(AA-이상)액티브,안전,국내채권_회사채,korea_bond,credit,"KAP 한국장기종합채권지수(AA-이상, 총수익)",2032.14478779,92690,-0.004350394758042886
2026-04-08,A363570,KODEX 장기종합채권(AA-이상)액티브,안전,국내채권_회사채,korea_bond,credit,"KAP 한국장기종합채권지수(AA-이상, 총수익)",2032.14478779,94150,0.015751429496170033
2026-04-09,A363570,KODEX 장기종합채권(AA-이상)액티브,안전,국내채권_회사채,korea_bond,credit,"KAP 한국장기종합채권지수(AA-이상, 총수익)",2032.14478779,93645,-0.005363781200212414
2026-04-10,A363570,KODEX 장기종합채권(AA-이상)액티브,안전,국내채권_회사채,korea_bond,credit,"KAP 한국장기종합채권지수(AA-이상, 총수익)",2032.14478779,93575,-0.0007475038710021975
2026-04-13,A363570,KODEX 장기종합채권(AA-이상)액티브,안전,국내채권_회사채,korea_bond,credit,"KAP 한국장기종합채권지수(AA-이상, 총수익)",2032.14478779,93300,-0.002938819129040926
2026-04-14,A363570,KODEX 장기종합채권(AA-이상)액티브,안전,국내채권_회사채,korea_bond,credit,"KAP 한국장기종합채권지수(AA-이상, 총수익)",2032.14478779,93830,0.005680600214362341
2026-04-15,A363570,KODEX 장기종합채권(AA-이상)액티브,안전,국내채권_회사채,korea_bond,credit,"KAP 한국장기종합채권지수(AA-이상, 총수익)",2032.14478779,93930,0.0010657572205050592
2026-04-16,A363570,KODEX 장기종합채권(AA-이상)액티브,안전,국내채권_회사채,korea_bond,credit,"KAP 한국장기종합채권지수(AA-이상, 총수익)",2032.14478779,93860,-0.000745235813903955
2026-04-17,A363570,KODEX 장기종합채권(AA-이상)액티브,안전,국내채권_회사채,korea_bond,credit,"KAP 한국장기종합채권지수(AA-이상, 총수익)",2032.14478779,93470,-0.0041551246537395725
2026-04-20,A363570,KODEX 장기종합채권(AA-이상)액티브,안전,국내채권_회사채,korea_bond,credit,"KAP 한국장기종합채권지수(AA-이상, 총수익)",2032.14478779,93665,0.0020862308762170656
2026-04-21,A363570,KODEX 장기종합채권(AA-이상)액티브,안전,국내채권_회사채,korea_bond,credit,"KAP 한국장기종합채권지수(AA-이상, 총수익)",2032.14478779,94015,0.0037367212939731775
2026-04-22,A363570,KODEX 장기종합채권(AA-이상)액티브,안전,국내채권_회사채,korea_bond,credit,"KAP 한국장기종합채권지수(AA-이상, 총수익)",2032.14478779,93740,-0.002925065149178341
2026-04-23,A363570,KODEX 장기종합채권(AA-이상)액티브,안전,국내채권_회사채,korea_bond,credit,"KAP 한국장기종합채권지수(AA-이상, 총수익)",2032.14478779,92675,-0.011361211862598641
2026-04-24,A363570,KODEX 장기종합채권(AA-이상)액티브,안전,국내채권_회사채,korea_bond,credit,"KAP 한국장기종합채권지수(AA-이상, 총수익)",2032.14478779,92535,-0.0015106555165902424
2026-04-27,A363570,KODEX 장기종합채권(AA-이상)액티브,안전,국내채권_회사채,korea_bond,credit,"KAP 한국장기종합채권지수(AA-이상, 총수익)",2032.14478779,92595,0.0006484033068567818
2026-04-28,A363570,KODEX 장기종합채권(AA-이상)액티브,안전,국내채권_회사채,korea_bond,credit,"KAP 한국장기종합채권지수(AA-이상, 총수익)",2032.14478779,92170,-0.00458988066310273
2026-04-29,A363570,KODEX 장기종합채권(AA-이상)액티브,안전,국내채권_회사채,korea_bond,credit,"KAP 한국장기종합채권지수(AA-이상, 총수익)",2032.14478779,92240,0.0007594662037540001
2026-04-30,A363570,KODEX 장기종합채권(AA-이상)액티브,안전,국내채권_회사채,korea_bond,credit,"KAP 한국장기종합채권지수(AA-이상, 총수익)",2032.14478779,91445,-0.008618820468343502
2026-05-04,A363570,KODEX 장기종합채권(AA-이상)액티브,안전,국내채권_회사채,korea_bond,credit,"KAP 한국장기종합채권지수(AA-이상, 총수익)",2032.14478779,91265,-0.0019683963037891994
2026-05-06,A363570,KODEX 장기종합채권(AA-이상)액티브,안전,국내채권_회사채,korea_bond,credit,"KAP 한국장기종합채권지수(AA-이상, 총수익)",2032.14478779,90930,-0.0036706294855640698
2026-05-07,A363570,KODEX 장기종합채권(AA-이상)액티브,안전,국내채권_회사채,korea_bond,credit,"KAP 한국장기종합채권지수(AA-이상, 총수익)",2032.14478779,91395,0.005113823820521279
2026-05-08,A363570,KODEX 장기종합채권(AA-이상)액티브,안전,국내채권_회사채,korea_bond,credit,"KAP 한국장기종합채권지수(AA-이상, 총수익)",2032.14478779,91280,-0.0012582745226763503
2026-05-11,A363570,KODEX 장기종합채권(AA-이상)액티브,안전,국내채권_회사채,korea_bond,credit,"KAP 한국장기종합채권지수(AA-이상, 총수익)",2032.14478779,91060,-0.002410166520596002
2026-05-12,A363570,KODEX 장기종합채권(AA-이상)액티브,안전,국내채권_회사채,korea_bond,credit,"KAP 한국장기종합채권지수(AA-이상, 총수익)",2032.14478779,89975,-0.011915220733582199
2026-05-13,A363570,KODEX 장기종합채권(AA-이상)액티브,안전,국내채권_회사채,korea_bond,credit,"KAP 한국장기종합채권지수(AA-이상, 총수익)",2032.14478779,89995,0.00022228396776879933
2026-05-14,A363570,KODEX 장기종합채권(AA-이상)액티브,안전,국내채권_회사채,korea_bond,credit,"KAP 한국장기종합채권지수(AA-이상, 총수익)",2032.14478779,89730,-0.0029446080337796054
2026-05-15,A363570,KODEX 장기종합채권(AA-이상)액티브,안전,국내채권_회사채,korea_bond,credit,"KAP 한국장기종합채권지수(AA-이상, 총수익)",2032.14478779,88415,-0.014655076340131523
2026-05-18,A363570,KODEX 장기종합채권(AA-이상)액티브,안전,국내채권_회사채,korea_bond,credit,"KAP 한국장기종합채권지수(AA-이상, 총수익)",2032.14478779,87965,-0.0050896341118588095
2026-05-19,A363570,KODEX 장기종합채권(AA-이상)액티브,안전,국내채권_회사채,korea_bond,credit,"KAP 한국장기종합채권지수(AA-이상, 총수익)",2032.14478779,87810,-0.0017620644574546374
2026-05-20,A363570,KODEX 장기종합채권(AA-이상)액티브,안전,국내채권_회사채,korea_bond,credit,"KAP 한국장기종합채권지수(AA-이상, 총수익)",2032.14478779,88120,0.0035303496184944105
2026-05-21,A363570,KODEX 장기종합채권(AA-이상)액티브,안전,국내채권_회사채,korea_bond,credit,"KAP 한국장기종합채권지수(AA-이상, 총수익)",2032.14478779,88600,0.005447117566954152
2026-05-22,A363570,KODEX 장기종합채권(AA-이상)액티브,안전,국내채권_회사채,korea_bond,credit,"KAP 한국장기종합채권지수(AA-이상, 총수익)",2032.14478779,88550,-0.0005643340857788282
2026-01-02,A385540,RISE 종합채권(A-이상)액티브,안전,국내채권_회사채,korea_bond,credit,KIS 종합채권 지수(A-이상)(총수익지수),14318.76838011,107045,-0.026819400881858302
2026-01-05,A385540,RISE 종합채권(A-이상)액티브,안전,국내채권_회사채,korea_bond,credit,KIS 종합채권 지수(A-이상)(총수익지수),14318.76838011,106880,-0.0015414078191414715
2026-01-06,A385540,RISE 종합채권(A-이상)액티브,안전,국내채권_회사채,korea_bond,credit,KIS 종합채권 지수(A-이상)(총수익지수),14318.76838011,107050,0.0015905688622754877
2026-01-07,A385540,RISE 종합채권(A-이상)액티브,안전,국내채권_회사채,korea_bond,credit,KIS 종합채권 지수(A-이상)(총수익지수),14318.76838011,107285,0.0021952358710883857
2026-01-08,A385540,RISE 종합채권(A-이상)액티브,안전,국내채권_회사채,korea_bond,credit,KIS 종합채권 지수(A-이상)(총수익지수),14318.76838011,107370,0.0007922822388963802
2026-01-09,A385540,RISE 종합채권(A-이상)액티브,안전,국내채권_회사채,korea_bond,credit,KIS 종합채권 지수(A-이상)(총수익지수),14318.76838011,107170,-0.0018627177051318
2026-01-12,A385540,RISE 종합채권(A-이상)액티브,안전,국내채권_회사채,korea_bond,credit,KIS 종합채권 지수(A-이상)(총수익지수),14318.76838011,107205,0.0003265839320705233
2026-01-13,A385540,RISE 종합채권(A-이상)액티브,안전,국내채권_회사채,korea_bond,credit,KIS 종합채권 지수(A-이상)(총수익지수),14318.76838011,107010,-0.0018189450118930583
2026-01-14,A385540,RISE 종합채권(A-이상)액티브,안전,국내채권_회사채,korea_bond,credit,KIS 종합채권 지수(A-이상)(총수익지수),14318.76838011,107025,0.00014017381553133035
2026-01-15,A385540,RISE 종합채권(A-이상)액티브,안전,국내채권_회사채,korea_bond,credit,KIS 종합채권 지수(A-이상)(총수익지수),14318.76838011,106585,-0.00411118897453866
2026-01-16,A385540,RISE 종합채권(A-이상)액티브,안전,국내채권_회사채,korea_bond,credit,KIS 종합채권 지수(A-이상)(총수익지수),14318.76838011,106710,0.0011727729042547708
2026-01-19,A385540,RISE 종합채권(A-이상)액티브,안전,국내채권_회사채,korea_bond,credit,KIS 종합채권 지수(A-이상)(총수익지수),14318.76838011,106365,-0.003233061568737705
2026-01-20,A385540,RISE 종합채권(A-이상)액티브,안전,국내채권_회사채,korea_bond,credit,KIS 종합채권 지수(A-이상)(총수익지수),14318.76838011,105780,-0.0054999294880835325
2026-01-21,A385540,RISE 종합채권(A-이상)액티브,안전,국내채권_회사채,korea_bond,credit,KIS 종합채권 지수(A-이상)(총수익지수),14318.76838011,105950,0.0016071090943468036
2026-01-22,A385540,RISE 종합채권(A-이상)액티브,안전,국내채권_회사채,korea_bond,credit,KIS 종합채권 지수(A-이상)(총수익지수),14318.76838011,106205,0.0024067956583293526
2026-01-23,A385540,RISE 종합채권(A-이상)액티브,안전,국내채권_회사채,korea_bond,credit,KIS 종합채권 지수(A-이상)(총수익지수),14318.76838011,105910,-0.002777647003436745
2026-01-26,A385540,RISE 종합채권(A-이상)액티브,안전,국내채권_회사채,korea_bond,credit,KIS 종합채권 지수(A-이상)(총수익지수),14318.76838011,106150,0.002266074969313525
2026-01-27,A385540,RISE 종합채권(A-이상)액티브,안전,국내채권_회사채,korea_bond,credit,KIS 종합채권 지수(A-이상)(총수익지수),14318.76838011,106215,0.0006123410268488172
2026-01-28,A385540,RISE 종합채권(A-이상)액티브,안전,국내채권_회사채,korea_bond,credit,KIS 종합채권 지수(A-이상)(총수익지수),14318.76838011,106335,0.001129783928823569
2026-01-29,A385540,RISE 종합채권(A-이상)액티브,안전,국내채권_회사채,korea_bond,credit,KIS 종합채권 지수(A-이상)(총수익지수),14318.76838011,106095,-0.0022570179150797065
2026-01-30,A385540,RISE 종합채권(A-이상)액티브,안전,국내채권_회사채,korea_bond,credit,KIS 종합채권 지수(A-이상)(총수익지수),14318.76838011,105860,-0.002214995994156199
2026-02-02,A385540,RISE 종합채권(A-이상)액티브,안전,국내채권_회사채,korea_bond,credit,KIS 종합채권 지수(A-이상)(총수익지수),14318.76838011,105880,0.00018892877385234819
2026-02-03,A385540,RISE 종합채권(A-이상)액티브,안전,국내채권_회사채,korea_bond,credit,KIS 종합채권 지수(A-이상)(총수익지수),14318.76838011,105500,-0.003588968643747692
2026-02-04,A385540,RISE 종합채권(A-이상)액티브,안전,국내채권_회사채,korea_bond,credit,KIS 종합채권 지수(A-이상)(총수익지수),14318.76838011,105325,-0.0016587677725118377
2026-02-05,A385540,RISE 종합채권(A-이상)액티브,안전,국내채권_회사채,korea_bond,credit,KIS 종합채권 지수(A-이상)(총수익지수),14318.76838011,105455,0.0012342748635176815
2026-02-06,A385540,RISE 종합채권(A-이상)액티브,안전,국내채권_회사채,korea_bond,credit,KIS 종합채권 지수(A-이상)(총수익지수),14318.76838011,105400,-0.0005215494760798522
2026-02-09,A385540,RISE 종합채권(A-이상)액티브,안전,국내채권_회사채,korea_bond,credit,KIS 종합채권 지수(A-이상)(총수익지수),14318.76838011,105105,-0.0027988614800759093
2026-02-10,A385540,RISE 종합채권(A-이상)액티브,안전,국내채권_회사채,korea_bond,credit,KIS 종합채권 지수(A-이상)(총수익지수),14318.76838011,105425,0.003044574473145989
2026-02-11,A385540,RISE 종합채권(A-이상)액티브,안전,국내채권_회사채,korea_bond,credit,KIS 종합채권 지수(A-이상)(총수익지수),14318.76838011,105585,0.0015176665876215356
2026-02-12,A385540,RISE 종합채권(A-이상)액티브,안전,국내채권_회사채,korea_bond,credit,KIS 종합채권 지수(A-이상)(총수익지수),14318.76838011,105810,0.002130984514845835
2026-02-13,A385540,RISE 종합채권(A-이상)액티브,안전,국내채권_회사채,korea_bond,credit,KIS 종합채권 지수(A-이상)(총수익지수),14318.76838011,106050,0.002268216614686791
2026-02-19,A385540,RISE 종합채권(A-이상)액티브,안전,국내채권_회사채,korea_bond,credit,KIS 종합채권 지수(A-이상)(총수익지수),14318.76838011,106045,-4.7147571900052476e-05
2026-02-20,A385540,RISE 종합채권(A-이상)액티브,안전,국내채권_회사채,korea_bond,credit,KIS 종합채권 지수(A-이상)(총수익지수),14318.76838011,106320,0.002593238719411639
2026-02-23,A385540,RISE 종합채권(A-이상)액티브,안전,국내채권_회사채,korea_bond,credit,KIS 종합채권 지수(A-이상)(총수익지수),14318.76838011,106150,-0.0015989465763731614
2026-02-24,A385540,RISE 종합채권(A-이상)액티브,안전,국내채권_회사채,korea_bond,credit,KIS 종합채권 지수(A-이상)(총수익지수),14318.76838011,105990,-0.0015073009891662936
2026-02-25,A385540,RISE 종합채권(A-이상)액티브,안전,국내채권_회사채,korea_bond,credit,KIS 종합채권 지수(A-이상)(총수익지수),14318.76838011,106225,0.002217190300971783
2026-02-26,A385540,RISE 종합채권(A-이상)액티브,안전,국내채권_회사채,korea_bond,credit,KIS 종합채권 지수(A-이상)(총수익지수),14318.76838011,106710,0.004565780183572565
2026-02-27,A385540,RISE 종합채권(A-이상)액티브,안전,국내채권_회사채,korea_bond,credit,KIS 종합채권 지수(A-이상)(총수익지수),14318.76838011,106800,0.0008434073657577201
2026-03-03,A385540,RISE 종합채권(A-이상)액티브,안전,국내채권_회사채,korea_bond,credit,KIS 종합채권 지수(A-이상)(총수익지수),14318.76838011,105995,-0.007537453183520615
2026-03-04,A385540,RISE 종합채권(A-이상)액티브,안전,국내채권_회사채,korea_bond,credit,KIS 종합채권 지수(A-이상)(총수익지수),14318.76838011,105935,-0.0005660644370018009
2026-03-05,A385540,RISE 종합채권(A-이상)액티브,안전,국내채권_회사채,korea_bond,credit,KIS 종합채권 지수(A-이상)(총수익지수),14318.76838011,106205,0.0025487327134563476
2026-03-06,A385540,RISE 종합채권(A-이상)액티브,안전,국내채권_회사채,korea_bond,credit,KIS 종합채권 지수(A-이상)(총수익지수),14318.76838011,106135,-0.0006591026787815535
2026-03-09,A385540,RISE 종합채권(A-이상)액티브,안전,국내채권_회사채,korea_bond,credit,KIS 종합채권 지수(A-이상)(총수익지수),14318.76838011,105455,-0.006406934564469724
2026-03-10,A385540,RISE 종합채권(A-이상)액티브,안전,국내채권_회사채,korea_bond,credit,KIS 종합채권 지수(A-이상)(총수익지수),14318.76838011,106085,0.0059741121805509945
2026-03-11,A385540,RISE 종합채권(A-이상)액티브,안전,국내채권_회사채,korea_bond,credit,KIS 종합채권 지수(A-이상)(총수익지수),14318.76838011,106155,0.0006598482349060575
2026-03-12,A385540,RISE 종합채권(A-이상)액티브,안전,국내채권_회사채,korea_bond,credit,KIS 종합채권 지수(A-이상)(총수익지수),14318.76838011,105945,-0.001978239366963397
2026-03-13,A385540,RISE 종합채권(A-이상)액티브,안전,국내채권_회사채,korea_bond,credit,KIS 종합채권 지수(A-이상)(총수익지수),14318.76838011,105710,-0.0022181320496483803
2026-03-16,A385540,RISE 종합채권(A-이상)액티브,안전,국내채권_회사채,korea_bond,credit,KIS 종합채권 지수(A-이상)(총수익지수),14318.76838011,105815,0.0009932835114936367
2026-03-17,A385540,RISE 종합채권(A-이상)액티브,안전,국내채권_회사채,korea_bond,credit,KIS 종합채권 지수(A-이상)(총수익지수),14318.76838011,105830,0.00014175683976747067
2026-03-18,A385540,RISE 종합채권(A-이상)액티브,안전,국내채권_회사채,korea_bond,credit,KIS 종합채권 지수(A-이상)(총수익지수),14318.76838011,106280,0.004252102428422999
2026-03-19,A385540,RISE 종합채권(A-이상)액티브,안전,국내채권_회사채,korea_bond,credit,KIS 종합채권 지수(A-이상)(총수익지수),14318.76838011,105825,-0.004281144147534777
2026-03-20,A385540,RISE 종합채권(A-이상)액티브,안전,국내채권_회사채,korea_bond,credit,KIS 종합채권 지수(A-이상)(총수익지수),14318.76838011,105680,-0.0013701866288684528
2026-03-23,A385540,RISE 종합채권(A-이상)액티브,안전,국내채권_회사채,korea_bond,credit,KIS 종합채권 지수(A-이상)(총수익지수),14318.76838011,104810,-0.008232399697199133
2026-03-24,A385540,RISE 종합채권(A-이상)액티브,안전,국내채권_회사채,korea_bond,credit,KIS 종합채권 지수(A-이상)(총수익지수),14318.76838011,105020,0.002003625608243409
2026-03-25,A385540,RISE 종합채권(A-이상)액티브,안전,국내채권_회사채,korea_bond,credit,KIS 종합채권 지수(A-이상)(총수익지수),14318.76838011,104830,-0.0018091792039611754
2026-03-26,A385540,RISE 종합채권(A-이상)액티브,안전,국내채권_회사채,korea_bond,credit,KIS 종합채권 지수(A-이상)(총수익지수),14318.76838011,104685,-0.0013831918343985006
2026-03-27,A385540,RISE 종합채권(A-이상)액티브,안전,국내채권_회사채,korea_bond,credit,KIS 종합채권 지수(A-이상)(총수익지수),14318.76838011,104435,-0.0023881167311458062
2026-03-30,A385540,RISE 종합채권(A-이상)액티브,안전,국내채권_회사채,korea_bond,credit,KIS 종합채권 지수(A-이상)(총수익지수),14318.76838011,104590,0.0014841767606645906
2026-03-31,A385540,RISE 종합채권(A-이상)액티브,안전,국내채권_회사채,korea_bond,credit,KIS 종합채권 지수(A-이상)(총수익지수),14318.76838011,104640,0.0004780571756382024
2026-04-01,A385540,RISE 종합채권(A-이상)액티브,안전,국내채권_회사채,korea_bond,credit,KIS 종합채권 지수(A-이상)(총수익지수),14318.76838011,105740,0.010512232415902156
2026-04-02,A385540,RISE 종합채권(A-이상)액티브,안전,국내채권_회사채,korea_bond,credit,KIS 종합채권 지수(A-이상)(총수익지수),14318.76838011,105130,-0.005768867032343472
2026-04-03,A385540,RISE 종합채권(A-이상)액티브,안전,국내채권_회사채,korea_bond,credit,KIS 종합채권 지수(A-이상)(총수익지수),14318.76838011,105620,0.004660896033482409
2026-04-06,A385540,RISE 종합채권(A-이상)액티브,안전,국내채권_회사채,korea_bond,credit,KIS 종합채권 지수(A-이상)(총수익지수),14318.76838011,105790,0.001609543647036471
2026-04-07,A385540,RISE 종합채권(A-이상)액티브,안전,국내채권_회사채,korea_bond,credit,KIS 종합채권 지수(A-이상)(총수익지수),14318.76838011,105600,-0.00179601096511961
2026-04-08,A385540,RISE 종합채권(A-이상)액티브,안전,국내채권_회사채,korea_bond,credit,KIS 종합채권 지수(A-이상)(총수익지수),14318.76838011,106380,0.00738636363636358
2026-04-09,A385540,RISE 종합채권(A-이상)액티브,안전,국내채권_회사채,korea_bond,credit,KIS 종합채권 지수(A-이상)(총수익지수),14318.76838011,106150,-0.0021620605376950763
2026-04-10,A385540,RISE 종합채권(A-이상)액티브,안전,국내채권_회사채,korea_bond,credit,KIS 종합채권 지수(A-이상)(총수익지수),14318.76838011,106105,-0.00042392840320304437
2026-04-13,A385540,RISE 종합채권(A-이상)액티브,안전,국내채권_회사채,korea_bond,credit,KIS 종합채권 지수(A-이상)(총수익지수),14318.76838011,105920,-0.0017435559115970278
2026-04-14,A385540,RISE 종합채권(A-이상)액티브,안전,국내채권_회사채,korea_bond,credit,KIS 종합채권 지수(A-이상)(총수익지수),14318.76838011,106290,0.0034932024169185283
2026-04-15,A385540,RISE 종합채권(A-이상)액티브,안전,국내채권_회사채,korea_bond,credit,KIS 종합채권 지수(A-이상)(총수익지수),14318.76838011,106430,0.0013171511901401978
2026-04-16,A385540,RISE 종합채권(A-이상)액티브,안전,국내채권_회사채,korea_bond,credit,KIS 종합채권 지수(A-이상)(총수익지수),14318.76838011,106290,-0.001315418584985406
2026-04-17,A385540,RISE 종합채권(A-이상)액티브,안전,국내채권_회사채,korea_bond,credit,KIS 종합채권 지수(A-이상)(총수익지수),14318.76838011,106055,-0.0022109323548781257
2026-04-20,A385540,RISE 종합채권(A-이상)액티브,안전,국내채권_회사채,korea_bond,credit,KIS 종합채권 지수(A-이상)(총수익지수),14318.76838011,106180,0.0011786337277828185
2026-04-21,A385540,RISE 종합채권(A-이상)액티브,안전,국내채권_회사채,korea_bond,credit,KIS 종합채권 지수(A-이상)(총수익지수),14318.76838011,106405,0.0021190431343003358
2026-04-22,A385540,RISE 종합채권(A-이상)액티브,안전,국내채권_회사채,korea_bond,credit,KIS 종합채권 지수(A-이상)(총수익지수),14318.76838011,106225,-0.0016916498284854642
2026-04-23,A385540,RISE 종합채권(A-이상)액티브,안전,국내채권_회사채,korea_bond,credit,KIS 종합채권 지수(A-이상)(총수익지수),14318.76838011,105695,-0.004989409272770029
2026-04-24,A385540,RISE 종합채권(A-이상)액티브,안전,국내채권_회사채,korea_bond,credit,KIS 종합채권 지수(A-이상)(총수익지수),14318.76838011,105635,-0.0005676711291925374
2026-04-27,A385540,RISE 종합채권(A-이상)액티브,안전,국내채권_회사채,korea_bond,credit,KIS 종합채권 지수(A-이상)(총수익지수),14318.76838011,105545,-0.0008519903441094323
2026-04-28,A385540,RISE 종합채권(A-이상)액티브,안전,국내채권_회사채,korea_bond,credit,KIS 종합채권 지수(A-이상)(총수익지수),14318.76838011,105435,-0.0010422094841062712
2026-04-29,A385540,RISE 종합채권(A-이상)액티브,안전,국내채권_회사채,korea_bond,credit,KIS 종합채권 지수(A-이상)(총수익지수),14318.76838011,105485,0.00047422582633860344
2026-04-30,A385540,RISE 종합채권(A-이상)액티브,안전,국내채권_회사채,korea_bond,credit,KIS 종합채권 지수(A-이상)(총수익지수),14318.76838011,104955,-0.005024411053704325
2026-05-04,A385540,RISE 종합채권(A-이상)액티브,안전,국내채권_회사채,korea_bond,credit,KIS 종합채권 지수(A-이상)(총수익지수),14318.76838011,104920,-0.0003334762517269718
2026-05-06,A385540,RISE 종합채권(A-이상)액티브,안전,국내채권_회사채,korea_bond,credit,KIS 종합채권 지수(A-이상)(총수익지수),14318.76838011,104805,-0.0010960731986274785
2026-05-07,A385540,RISE 종합채권(A-이상)액티브,안전,국내채권_회사채,korea_bond,credit,KIS 종합채권 지수(A-이상)(총수익지수),14318.76838011,105065,0.002480797671866819
2026-05-08,A385540,RISE 종합채권(A-이상)액티브,안전,국내채권_회사채,korea_bond,credit,KIS 종합채권 지수(A-이상)(총수익지수),14318.76838011,104945,-0.0011421500975586918
2026-05-11,A385540,RISE 종합채권(A-이상)액티브,안전,국내채권_회사채,korea_bond,credit,KIS 종합채권 지수(A-이상)(총수익지수),14318.76838011,104890,-0.0005240840440230432
2026-05-12,A385540,RISE 종합채권(A-이상)액티브,안전,국내채권_회사채,korea_bond,credit,KIS 종합채권 지수(A-이상)(총수익지수),14318.76838011,104260,-0.006006292306225625
2026-05-13,A385540,RISE 종합채권(A-이상)액티브,안전,국내채권_회사채,korea_bond,credit,KIS 종합채권 지수(A-이상)(총수익지수),14318.76838011,104405,0.00139075388451948
2026-05-14,A385540,RISE 종합채권(A-이상)액티브,안전,국내채권_회사채,korea_bond,credit,KIS 종합채권 지수(A-이상)(총수익지수),14318.76838011,104210,-0.0018677266414444116
2026-05-15,A385540,RISE 종합채권(A-이상)액티브,안전,국내채권_회사채,korea_bond,credit,KIS 종합채권 지수(A-이상)(총수익지수),14318.76838011,103390,-0.00786872660973037
2026-05-18,A385540,RISE 종합채권(A-이상)액티브,안전,국내채권_회사채,korea_bond,credit,KIS 종합채권 지수(A-이상)(총수익지수),14318.76838011,103360,-0.0002901634587484381
2026-05-19,A385540,RISE 종합채권(A-이상)액티브,안전,국내채권_회사채,korea_bond,credit,KIS 종합채권 지수(A-이상)(총수익지수),14318.76838011,103240,-0.0011609907120743168
2026-05-20,A385540,RISE 종합채권(A-이상)액티브,안전,국내채권_회사채,korea_bond,credit,KIS 종합채권 지수(A-이상)(총수익지수),14318.76838011,103385,0.001404494382022392
2026-05-21,A385540,RISE 종합채권(A-이상)액티브,안전,국내채권_회사채,korea_bond,credit,KIS 종합채권 지수(A-이상)(총수익지수),14318.76838011,103520,0.0013057987135465243
2026-05-22,A385540,RISE 종합채권(A-이상)액티브,안전,국내채권_회사채,korea_bond,credit,KIS 종합채권 지수(A-이상)(총수익지수),14318.76838011,103620,0.0009659969088098297
2026-01-02,A397420,RISE 국채선물5년추종,안전,국내채권_종합,korea_bond,government,5년 국채선물 추종 지수,53.28802083,51135,0.0
2026-01-05,A397420,RISE 국채선물5년추종,안전,국내채권_종합,korea_bond,government,5년 국채선물 추종 지수,53.28802083,51065,-0.001368925393566034
2026-01-06,A397420,RISE 국채선물5년추종,안전,국내채권_종합,korea_bond,government,5년 국채선물 추종 지수,53.28802083,51090,0.0004895721139723808
2026-01-07,A397420,RISE 국채선물5년추종,안전,국내채권_종합,korea_bond,government,5년 국채선물 추종 지수,53.28802083,51170,0.001565864161283903
2026-01-08,A397420,RISE 국채선물5년추종,안전,국내채권_종합,korea_bond,government,5년 국채선물 추종 지수,53.28802083,51235,0.001270275552081257
2026-01-09,A397420,RISE 국채선물5년추종,안전,국내채권_종합,korea_bond,government,5년 국채선물 추종 지수,53.28802083,51110,-0.0024397384600370886
2026-01-12,A397420,RISE 국채선물5년추종,안전,국내채권_종합,korea_bond,government,5년 국채선물 추종 지수,53.28802083,51120,0.00019565642731356192
2026-01-13,A397420,RISE 국채선물5년추종,안전,국내채권_종합,korea_bond,government,5년 국채선물 추종 지수,53.28802083,51030,-0.0017605633802817433
2026-01-14,A397420,RISE 국채선물5년추종,안전,국내채권_종합,korea_bond,government,5년 국채선물 추종 지수,53.28802083,51090,0.0011757789535566943
2026-01-15,A397420,RISE 국채선물5년추종,안전,국내채권_종합,korea_bond,government,5년 국채선물 추종 지수,53.28802083,50850,-0.004697592483852042
2026-01-16,A397420,RISE 국채선물5년추종,안전,국내채권_종합,korea_bond,government,5년 국채선물 추종 지수,53.28802083,50935,0.0016715830875122517
2026-01-19,A397420,RISE 국채선물5년추종,안전,국내채권_종합,korea_bond,government,5년 국채선물 추종 지수,53.28802083,50785,-0.0029449298125061585
2026-01-20,A397420,RISE 국채선물5년추종,안전,국내채권_종합,korea_bond,government,5년 국채선물 추종 지수,53.28802083,50625,-0.0031505365757605874
2026-01-21,A397420,RISE 국채선물5년추종,안전,국내채권_종합,korea_bond,government,5년 국채선물 추종 지수,53.28802083,50725,0.0019753086419753707
2026-01-22,A397420,RISE 국채선물5년추종,안전,국내채권_종합,korea_bond,government,5년 국채선물 추종 지수,53.28802083,50825,0.0019714144898965724
2026-01-23,A397420,RISE 국채선물5년추종,안전,국내채권_종합,korea_bond,government,5년 국채선물 추종 지수,53.28802083,50720,-0.0020659124446630317
2026-01-26,A397420,RISE 국채선물5년추종,안전,국내채권_종합,korea_bond,government,5년 국채선물 추종 지수,53.28802083,50900,0.0035488958990537167
2026-01-27,A397420,RISE 국채선물5년추종,안전,국내채권_종합,korea_bond,government,5년 국채선물 추종 지수,53.28802083,50905,9.823182711188316e-05
2026-01-28,A397420,RISE 국채선물5년추종,안전,국내채권_종합,korea_bond,government,5년 국채선물 추종 지수,53.28802083,50995,0.0017679992142225487
2026-01-29,A397420,RISE 국채선물5년추종,안전,국내채권_종합,korea_bond,government,5년 국채선물 추종 지수,53.28802083,50880,-0.002255123051279506
2026-01-30,A397420,RISE 국채선물5년추종,안전,국내채권_종합,korea_bond,government,5년 국채선물 추종 지수,53.28802083,50810,-0.0013757861635219637
2026-02-02,A397420,RISE 국채선물5년추종,안전,국내채권_종합,korea_bond,government,5년 국채선물 추종 지수,53.28802083,50820,0.00019681165124985078
2026-02-03,A397420,RISE 국채선물5년추종,안전,국내채권_종합,korea_bond,government,5년 국채선물 추종 지수,53.28802083,50725,-0.001869342778433647
2026-02-04,A397420,RISE 국채선물5년추종,안전,국내채권_종합,korea_bond,government,5년 국채선물 추종 지수,53.28802083,50630,-0.0018728437654016439
2026-02-05,A397420,RISE 국채선물5년추종,안전,국내채권_종합,korea_bond,government,5년 국채선물 추종 지수,53.28802083,50695,0.0012838238198695784
2026-02-06,A397420,RISE 국채선물5년추종,안전,국내채권_종합,korea_bond,government,5년 국채선물 추종 지수,53.28802083,50625,-0.0013808067856790895
2026-02-09,A397420,RISE 국채선물5년추종,안전,국내채권_종합,korea_bond,government,5년 국채선물 추종 지수,53.28802083,50610,-0.00029629629629635
2026-02-10,A397420,RISE 국채선물5년추종,안전,국내채권_종합,korea_bond,government,5년 국채선물 추종 지수,53.28802083,50735,0.002469867615095822
2026-02-11,A397420,RISE 국채선물5년추종,안전,국내채권_종합,korea_bond,government,5년 국채선물 추종 지수,53.28802083,50845,0.0021681285108898773
2026-02-12,A397420,RISE 국채선물5년추종,안전,국내채권_종합,korea_bond,government,5년 국채선물 추종 지수,53.28802083,50890,0.0008850427770674685
2026-02-13,A397420,RISE 국채선물5년추종,안전,국내채권_종합,korea_bond,government,5년 국채선물 추종 지수,53.28802083,50995,0.0020632737276478075
2026-02-19,A397420,RISE 국채선물5년추종,안전,국내채권_종합,korea_bond,government,5년 국채선물 추종 지수,53.28802083,50960,-0.0006863417982154729
2026-02-20,A397420,RISE 국채선물5년추종,안전,국내채권_종합,korea_bond,government,5년 국채선물 추종 지수,53.28802083,51075,0.002256671899528939
2026-02-23,A397420,RISE 국채선물5년추종,안전,국내채권_종합,korea_bond,government,5년 국채선물 추종 지수,53.28802083,51020,-0.0010768477728829717
2026-02-24,A397420,RISE 국채선물5년추종,안전,국내채권_종합,korea_bond,government,5년 국채선물 추종 지수,53.28802083,51000,-0.0003920031360250542
2026-02-25,A397420,RISE 국채선물5년추종,안전,국내채권_종합,korea_bond,government,5년 국채선물 추종 지수,53.28802083,51095,0.0018627450980392979
2026-02-26,A397420,RISE 국채선물5년추종,안전,국내채권_종합,korea_bond,government,5년 국채선물 추종 지수,53.28802083,51305,0.004109991192875917
2026-02-27,A397420,RISE 국채선물5년추종,안전,국내채권_종합,korea_bond,government,5년 국채선물 추종 지수,53.28802083,51315,0.00019491277653260752
2026-03-03,A397420,RISE 국채선물5년추종,안전,국내채권_종합,korea_bond,government,5년 국채선물 추종 지수,53.28802083,51040,-0.005359056806002127
2026-03-04,A397420,RISE 국채선물5년추종,안전,국내채권_종합,korea_bond,government,5년 국채선물 추종 지수,53.28802083,50910,-0.002547021943573702
2026-03-05,A397420,RISE 국채선물5년추종,안전,국내채권_종합,korea_bond,government,5년 국채선물 추종 지수,53.28802083,51035,0.002455313297976769
2026-03-06,A397420,RISE 국채선물5년추종,안전,국내채권_종합,korea_bond,government,5년 국채선물 추종 지수,53.28802083,50935,-0.0019594396002743375
2026-03-09,A397420,RISE 국채선물5년추종,안전,국내채권_종합,korea_bond,government,5년 국채선물 추종 지수,53.28802083,50595,-0.006675174241680626
2026-03-10,A397420,RISE 국채선물5년추종,안전,국내채권_종합,korea_bond,government,5년 국채선물 추종 지수,53.28802083,50870,0.005435319695622054
2026-03-11,A397420,RISE 국채선물5년추종,안전,국내채권_종합,korea_bond,government,5년 국채선물 추종 지수,53.28802083,50995,0.0024572439551797665
2026-03-12,A397420,RISE 국채선물5년추종,안전,국내채권_종합,korea_bond,government,5년 국채선물 추종 지수,53.28802083,50930,-0.0012746347681145132
2026-03-13,A397420,RISE 국채선물5년추종,안전,국내채권_종합,korea_bond,government,5년 국채선물 추종 지수,53.28802083,50830,-0.0019634792852935012
2026-03-16,A397420,RISE 국채선물5년추종,안전,국내채권_종합,korea_bond,government,5년 국채선물 추종 지수,53.28802083,50910,0.0015738736966357525
2026-03-17,A397420,RISE 국채선물5년추종,안전,국내채권_종합,korea_bond,government,5년 국채선물 추종 지수,53.28802083,50910,0.0
2026-03-18,A397420,RISE 국채선물5년추종,안전,국내채권_종합,korea_bond,government,5년 국채선물 추종 지수,53.28802083,51100,0.0037320762129247065
2026-03-19,A397420,RISE 국채선물5년추종,안전,국내채권_종합,korea_bond,government,5년 국채선물 추종 지수,53.28802083,50910,-0.0037181996086105285
2026-03-20,A397420,RISE 국채선물5년추종,안전,국내채권_종합,korea_bond,government,5년 국채선물 추종 지수,53.28802083,50750,-0.003142801021410291
2026-03-23,A397420,RISE 국채선물5년추종,안전,국내채권_종합,korea_bond,government,5년 국채선물 추종 지수,53.28802083,50385,-0.00719211822660093
2026-03-24,A397420,RISE 국채선물5년추종,안전,국내채권_종합,korea_bond,government,5년 국채선물 추종 지수,53.28802083,50520,0.002679368859779707
2026-03-25,A397420,RISE 국채선물5년추종,안전,국내채권_종합,korea_bond,government,5년 국채선물 추종 지수,53.28802083,50480,-0.0007917656373713777
2026-03-26,A397420,RISE 국채선물5년추종,안전,국내채권_종합,korea_bond,government,5년 국채선물 추종 지수,53.28802083,50445,-0.0006933438985736728
2026-03-27,A397420,RISE 국채선물5년추종,안전,국내채권_종합,korea_bond,government,5년 국채선물 추종 지수,53.28802083,50390,-0.0010902963623748985
2026-03-30,A397420,RISE 국채선물5년추종,안전,국내채권_종합,korea_bond,government,5년 국채선물 추종 지수,53.28802083,50480,0.0017860686644175505
2026-03-31,A397420,RISE 국채선물5년추종,안전,국내채권_종합,korea_bond,government,5년 국채선물 추종 지수,53.28802083,50490,0.0001980982567353351
2026-04-01,A397420,RISE 국채선물5년추종,안전,국내채권_종합,korea_bond,government,5년 국채선물 추종 지수,53.28802083,50925,0.00861556743909686
2026-04-02,A397420,RISE 국채선물5년추종,안전,국내채권_종합,korea_bond,government,5년 국채선물 추종 지수,53.28802083,50675,-0.004909180166912108
2026-04-03,A397420,RISE 국채선물5년추종,안전,국내채권_종합,korea_bond,government,5년 국채선물 추종 지수,53.28802083,50775,0.0019733596447952806
2026-04-06,A397420,RISE 국채선물5년추종,안전,국내채권_종합,korea_bond,government,5년 국채선물 추종 지수,53.28802083,50885,0.0021664204825209143
2026-04-07,A397420,RISE 국채선물5년추종,안전,국내채권_종합,korea_bond,government,5년 국채선물 추종 지수,53.28802083,50800,-0.0016704333300580076
2026-04-08,A397420,RISE 국채선물5년추종,안전,국내채권_종합,korea_bond,government,5년 국채선물 추종 지수,53.28802083,51180,0.007480314960629952
2026-04-09,A397420,RISE 국채선물5년추종,안전,국내채권_종합,korea_bond,government,5년 국채선물 추종 지수,53.28802083,51065,-0.002246971473231718
2026-04-10,A397420,RISE 국채선물5년추종,안전,국내채권_종합,korea_bond,government,5년 국채선물 추종 지수,53.28802083,51035,-0.0005874865367668791
2026-04-13,A397420,RISE 국채선물5년추종,안전,국내채권_종합,korea_bond,government,5년 국채선물 추종 지수,53.28802083,50960,-0.0014695797002057809
2026-04-14,A397420,RISE 국채선물5년추종,안전,국내채권_종합,korea_bond,government,5년 국채선물 추종 지수,53.28802083,51105,0.0028453689167975416
2026-04-15,A397420,RISE 국채선물5년추종,안전,국내채권_종합,korea_bond,government,5년 국채선물 추종 지수,53.28802083,51120,0.00029351335485761076
2026-04-16,A397420,RISE 국채선물5년추종,안전,국내채권_종합,korea_bond,government,5년 국채선물 추종 지수,53.28802083,51085,-0.0006846635367762088
2026-04-17,A397420,RISE 국채선물5년추종,안전,국내채권_종합,korea_bond,government,5년 국채선물 추종 지수,53.28802083,50980,-0.0020553978663012673
2026-04-20,A397420,RISE 국채선물5년추종,안전,국내채권_종합,korea_bond,government,5년 국채선물 추종 지수,53.28802083,51085,0.0020596312279326234
2026-04-21,A397420,RISE 국채선물5년추종,안전,국내채권_종합,korea_bond,government,5년 국채선물 추종 지수,53.28802083,51135,0.000978760888714847
2026-04-22,A397420,RISE 국채선물5년추종,안전,국내채권_종합,korea_bond,government,5년 국채선물 추종 지수,53.28802083,51080,-0.001075584237801852
2026-04-23,A397420,RISE 국채선물5년추종,안전,국내채권_종합,korea_bond,government,5년 국채선물 추종 지수,53.28802083,50825,-0.004992169146436964
2026-04-24,A397420,RISE 국채선물5년추종,안전,국내채권_종합,korea_bond,government,5년 국채선물 추종 지수,53.28802083,50775,-0.000983767830791904
2026-04-27,A397420,RISE 국채선물5년추종,안전,국내채권_종합,korea_bond,government,5년 국채선물 추종 지수,53.28802083,50770,-9.84736582964052e-05
2026-04-28,A397420,RISE 국채선물5년추종,안전,국내채권_종합,korea_bond,government,5년 국채선물 추종 지수,53.28802083,50700,-0.00137876698837891
2026-04-29,A397420,RISE 국채선물5년추종,안전,국내채권_종합,korea_bond,government,5년 국채선물 추종 지수,53.28802083,50705,9.861932938859397e-05
2026-04-30,A397420,RISE 국채선물5년추종,안전,국내채권_종합,korea_bond,government,5년 국채선물 추종 지수,53.28802083,50535,-0.0033527265555665098
2026-05-04,A397420,RISE 국채선물5년추종,안전,국내채권_종합,korea_bond,government,5년 국채선물 추종 지수,53.28802083,50540,9.89413277925344e-05
2026-05-06,A397420,RISE 국채선물5년추종,안전,국내채권_종합,korea_bond,government,5년 국채선물 추종 지수,53.28802083,50570,0.0005935892362485262
2026-05-07,A397420,RISE 국채선물5년추종,안전,국내채권_종합,korea_bond,government,5년 국채선물 추종 지수,53.28802083,50710,0.0027684397864347066
2026-05-08,A397420,RISE 국채선물5년추종,안전,국내채권_종합,korea_bond,government,5년 국채선물 추종 지수,53.28802083,50665,-0.0008873989351212419
2026-05-11,A397420,RISE 국채선물5년추종,안전,국내채권_종합,korea_bond,government,5년 국채선물 추종 지수,53.28802083,50630,-0.0006908121977696746
2026-05-12,A397420,RISE 국채선물5년추종,안전,국내채권_종합,korea_bond,government,5년 국채선물 추종 지수,53.28802083,50395,-0.004641516887221031
2026-05-13,A397420,RISE 국채선물5년추종,안전,국내채권_종합,korea_bond,government,5년 국채선물 추종 지수,53.28802083,50500,0.0020835400337335663
2026-05-14,A397420,RISE 국채선물5년추종,안전,국내채권_종합,korea_bond,government,5년 국채선물 추종 지수,53.28802083,50405,-0.0018811881188118829
2026-05-15,A397420,RISE 국채선물5년추종,안전,국내채권_종합,korea_bond,government,5년 국채선물 추종 지수,53.28802083,50160,-0.004860628905862474
2026-05-18,A397420,RISE 국채선물5년추종,안전,국내채권_종합,korea_bond,government,5년 국채선물 추종 지수,53.28802083,50135,-0.0004984051036682757
2026-05-19,A397420,RISE 국채선물5년추종,안전,국내채권_종합,korea_bond,government,5년 국채선물 추종 지수,53.28802083,50200,0.0012964994514810257
2026-05-20,A397420,RISE 국채선물5년추종,안전,국내채권_종합,korea_bond,government,5년 국채선물 추종 지수,53.28802083,50180,-0.00039840637450194727
2026-05-21,A397420,RISE 국채선물5년추종,안전,국내채권_종합,korea_bond,government,5년 국채선물 추종 지수,53.28802083,50270,0.0017935432443203503
2026-05-22,A397420,RISE 국채선물5년추종,안전,국내채권_종합,korea_bond,government,5년 국채선물 추종 지수,53.28802083,50310,0.0007957032027055
2026-01-02,A426150,WON 대한민국국고채액티브,안전,국내채권_종합,korea_bond,government,KAP 한국 국고채 총수익 지수,489.03663297,55620,0.0
2026-01-05,A426150,WON 대한민국국고채액티브,안전,국내채권_종합,korea_bond,government,KAP 한국 국고채 총수익 지수,489.03663297,55420,-0.0035958288385472548
2026-01-06,A426150,WON 대한민국국고채액티브,안전,국내채권_종합,korea_bond,government,KAP 한국 국고채 총수익 지수,489.03663297,55630,0.003789245759653559
2026-01-07,A426150,WON 대한민국국고채액티브,안전,국내채권_종합,korea_bond,government,KAP 한국 국고채 총수익 지수,489.03663297,55690,0.0010785547366529702
2026-01-08,A426150,WON 대한민국국고채액티브,안전,국내채권_종합,korea_bond,government,KAP 한국 국고채 총수익 지수,489.03663297,55795,0.0018854372418746213
2026-01-09,A426150,WON 대한민국국고채액티브,안전,국내채권_종합,korea_bond,government,KAP 한국 국고채 총수익 지수,489.03663297,55625,-0.0030468679989246183
2026-01-12,A426150,WON 대한민국국고채액티브,안전,국내채권_종합,korea_bond,government,KAP 한국 국고채 총수익 지수,489.03663297,55635,0.00017977528089896389
2026-01-13,A426150,WON 대한민국국고채액티브,안전,국내채권_종합,korea_bond,government,KAP 한국 국고채 총수익 지수,489.03663297,55520,-0.0020670441268985096
2026-01-14,A426150,WON 대한민국국고채액티브,안전,국내채권_종합,korea_bond,government,KAP 한국 국고채 총수익 지수,489.03663297,55485,-0.0006304034582133022
2026-01-15,A426150,WON 대한민국국고채액티브,안전,국내채권_종합,korea_bond,government,KAP 한국 국고채 총수익 지수,489.03663297,55140,-0.006217896728845651
2026-01-16,A426150,WON 대한민국국고채액티브,안전,국내채권_종합,korea_bond,government,KAP 한국 국고채 총수익 지수,489.03663297,55210,0.0012694958287993163
2026-01-19,A426150,WON 대한민국국고채액티브,안전,국내채권_종합,korea_bond,government,KAP 한국 국고채 총수익 지수,489.03663297,54905,-0.00552436152870861
2026-01-20,A426150,WON 대한민국국고채액티브,안전,국내채권_종합,korea_bond,government,KAP 한국 국고채 총수익 지수,489.03663297,54465,-0.008013842090884293
2026-01-21,A426150,WON 대한민국국고채액티브,안전,국내채권_종합,korea_bond,government,KAP 한국 국고채 총수익 지수,489.03663297,54470,9.180207472692103e-05
2026-01-22,A426150,WON 대한민국국고채액티브,안전,국내채권_종합,korea_bond,government,KAP 한국 국고채 총수익 지수,489.03663297,54715,0.004497888746098688
2026-01-23,A426150,WON 대한민국국고채액티브,안전,국내채권_종합,korea_bond,government,KAP 한국 국고채 총수익 지수,489.03663297,54540,-0.003198391665905187
2026-01-26,A426150,WON 대한민국국고채액티브,안전,국내채권_종합,korea_bond,government,KAP 한국 국고채 총수익 지수,489.03663297,54650,0.0020168683535020104
2026-01-27,A426150,WON 대한민국국고채액티브,안전,국내채권_종합,korea_bond,government,KAP 한국 국고채 총수익 지수,489.03663297,54650,0.0
2026-01-28,A426150,WON 대한민국국고채액티브,안전,국내채권_종합,korea_bond,government,KAP 한국 국고채 총수익 지수,489.03663297,54745,0.0017383348581885283
2026-01-29,A426150,WON 대한민국국고채액티브,안전,국내채권_종합,korea_bond,government,KAP 한국 국고채 총수익 지수,489.03663297,54585,-0.0029226413371084004
2026-01-30,A426150,WON 대한민국국고채액티브,안전,국내채권_종합,korea_bond,government,KAP 한국 국고채 총수익 지수,489.03663297,54375,-0.0038472107721901905
2026-02-02,A426150,WON 대한민국국고채액티브,안전,국내채권_종합,korea_bond,government,KAP 한국 국고채 총수익 지수,489.03663297,54405,0.0005517241379311422
2026-02-03,A426150,WON 대한민국국고채액티브,안전,국내채권_종합,korea_bond,government,KAP 한국 국고채 총수익 지수,489.03663297,54050,-0.0065251355573936465
2026-02-04,A426150,WON 대한민국국고채액티브,안전,국내채권_종합,korea_bond,government,KAP 한국 국고채 총수익 지수,489.03663297,53945,-0.001942645698427392
2026-02-05,A426150,WON 대한민국국고채액티브,안전,국내채권_종합,korea_bond,government,KAP 한국 국고채 총수익 지수,489.03663297,54010,0.0012049309481880766
2026-02-06,A426150,WON 대한민국국고채액티브,안전,국내채권_종합,korea_bond,government,KAP 한국 국고채 총수익 지수,489.03663297,54015,9.257544899088366e-05
2026-02-09,A426150,WON 대한민국국고채액티브,안전,국내채권_종합,korea_bond,government,KAP 한국 국고채 총수익 지수,489.03663297,53700,-0.005831713412940864
2026-02-10,A426150,WON 대한민국국고채액티브,안전,국내채권_종합,korea_bond,government,KAP 한국 국고채 총수익 지수,489.03663297,54005,0.005679702048417168
2026-02-11,A426150,WON 대한민국국고채액티브,안전,국내채권_종합,korea_bond,government,KAP 한국 국고채 총수익 지수,489.03663297,54125,0.0022220164799555686
2026-02-12,A426150,WON 대한민국국고채액티브,안전,국내채권_종합,korea_bond,government,KAP 한국 국고채 총수익 지수,489.03663297,54330,0.0037875288683602015
2026-02-13,A426150,WON 대한민국국고채액티브,안전,국내채권_종합,korea_bond,government,KAP 한국 국고채 총수익 지수,489.03663297,54440,0.002024664089821382
2026-02-19,A426150,WON 대한민국국고채액티브,안전,국내채권_종합,korea_bond,government,KAP 한국 국고채 총수익 지수,489.03663297,54535,0.0017450404114620621
2026-02-20,A426150,WON 대한민국국고채액티브,안전,국내채권_종합,korea_bond,government,KAP 한국 국고채 총수익 지수,489.03663297,54700,0.0030255799028147123
2026-02-23,A426150,WON 대한민국국고채액티브,안전,국내채권_종합,korea_bond,government,KAP 한국 국고채 총수익 지수,489.03663297,54595,-0.0019195612431444076
2026-02-24,A426150,WON 대한민국국고채액티브,안전,국내채권_종합,korea_bond,government,KAP 한국 국고채 총수익 지수,489.03663297,54520,-0.001373752175107601
2026-02-25,A426150,WON 대한민국국고채액티브,안전,국내채권_종합,korea_bond,government,KAP 한국 국고채 총수익 지수,489.03663297,54475,-0.0008253851797505041
2026-02-26,A426150,WON 대한민국국고채액티브,안전,국내채권_종합,korea_bond,government,KAP 한국 국고채 총수익 지수,489.03663297,55000,0.009637448370812374
2026-02-27,A426150,WON 대한민국국고채액티브,안전,국내채권_종합,korea_bond,government,KAP 한국 국고채 총수익 지수,489.03663297,55105,0.0019090909090908603
2026-03-03,A426150,WON 대한민국국고채액티브,안전,국내채권_종합,korea_bond,government,KAP 한국 국고채 총수익 지수,489.03663297,54530,-0.010434624807186266
2026-03-04,A426150,WON 대한민국국고채액티브,안전,국내채권_종합,korea_bond,government,KAP 한국 국고채 총수익 지수,489.03663297,54370,-0.0029341646799926346
2026-03-05,A426150,WON 대한민국국고채액티브,안전,국내채권_종합,korea_bond,government,KAP 한국 국고채 총수익 지수,489.03663297,54615,0.004506161486113713
2026-03-06,A426150,WON 대한민국국고채액티브,안전,국내채권_종합,korea_bond,government,KAP 한국 국고채 총수익 지수,489.03663297,54570,-0.0008239494644328715
2026-03-09,A426150,WON 대한민국국고채액티브,안전,국내채권_종합,korea_bond,government,KAP 한국 국고채 총수익 지수,489.03663297,54000,-0.010445299615173154
2026-03-10,A426150,WON 대한민국국고채액티브,안전,국내채권_종합,korea_bond,government,KAP 한국 국고채 총수익 지수,489.03663297,54515,0.009537037037037122
2026-03-11,A426150,WON 대한민국국고채액티브,안전,국내채권_종합,korea_bond,government,KAP 한국 국고채 총수익 지수,489.03663297,54580,0.001192332385582029
2026-03-12,A426150,WON 대한민국국고채액티브,안전,국내채권_종합,korea_bond,government,KAP 한국 국고채 총수익 지수,489.03663297,54280,-0.005496518871381473
2026-03-13,A426150,WON 대한민국국고채액티브,안전,국내채권_종합,korea_bond,government,KAP 한국 국고채 총수익 지수,489.03663297,54155,-0.002302873986735454
2026-03-16,A426150,WON 대한민국국고채액티브,안전,국내채권_종합,korea_bond,government,KAP 한국 국고채 총수익 지수,489.03663297,54190,0.0006462930477333373
2026-03-17,A426150,WON 대한민국국고채액티브,안전,국내채권_종합,korea_bond,government,KAP 한국 국고채 총수익 지수,489.03663297,54230,0.00073814356892421
2026-03-18,A426150,WON 대한민국국고채액티브,안전,국내채권_종합,korea_bond,government,KAP 한국 국고채 총수익 지수,489.03663297,54555,0.005992992808408593
2026-03-19,A426150,WON 대한민국국고채액티브,안전,국내채권_종합,korea_bond,government,KAP 한국 국고채 총수익 지수,489.03663297,54235,-0.005865640179635201
2026-03-20,A426150,WON 대한민국국고채액티브,안전,국내채권_종합,korea_bond,government,KAP 한국 국고채 총수익 지수,489.03663297,54165,-0.0012906794505392893
2026-03-23,A426150,WON 대한민국국고채액티브,안전,국내채권_종합,korea_bond,government,KAP 한국 국고채 총수익 지수,489.03663297,53480,-0.012646542970552899
2026-03-24,A426150,WON 대한민국국고채액티브,안전,국내채권_종합,korea_bond,government,KAP 한국 국고채 총수익 지수,489.03663297,53485,9.349289453997045e-05
2026-03-25,A426150,WON 대한민국국고채액티브,안전,국내채권_종합,korea_bond,government,KAP 한국 국고채 총수익 지수,489.03663297,53555,0.0013087781621015093
2026-03-26,A426150,WON 대한민국국고채액티브,안전,국내채권_종합,korea_bond,government,KAP 한국 국고채 총수익 지수,489.03663297,53325,-0.0042946503594435415
2026-03-27,A426150,WON 대한민국국고채액티브,안전,국내채권_종합,korea_bond,government,KAP 한국 국고채 총수익 지수,489.03663297,53070,-0.004781997187060516
2026-03-30,A426150,WON 대한민국국고채액티브,안전,국내채권_종합,korea_bond,government,KAP 한국 국고채 총수익 지수,489.03663297,53085,0.00028264556246471173
2026-03-31,A426150,WON 대한민국국고채액티브,안전,국내채권_종합,korea_bond,government,KAP 한국 국고채 총수익 지수,489.03663297,53250,0.0031082226617689113
2026-04-01,A426150,WON 대한민국국고채액티브,안전,국내채권_종합,korea_bond,government,KAP 한국 국고채 총수익 지수,489.03663297,53960,0.01333333333333342
2026-04-02,A426150,WON 대한민국국고채액티브,안전,국내채권_종합,korea_bond,government,KAP 한국 국고채 총수익 지수,489.03663297,53695,-0.004911045218680465
2026-04-03,A426150,WON 대한민국국고채액티브,안전,국내채권_종합,korea_bond,government,KAP 한국 국고채 총수익 지수,489.03663297,54115,0.007821957351708653
2026-04-06,A426150,WON 대한민국국고채액티브,안전,국내채권_종합,korea_bond,government,KAP 한국 국고채 총수익 지수,489.03663297,54140,0.00046197911854384266
2026-04-07,A426150,WON 대한민국국고채액티브,안전,국내채권_종합,korea_bond,government,KAP 한국 국고채 총수익 지수,489.03663297,54030,-0.0020317694865163993
2026-04-08,A426150,WON 대한민국국고채액티브,안전,국내채권_종합,korea_bond,government,KAP 한국 국고채 총수익 지수,489.03663297,54580,0.010179529890801398
2026-04-09,A426150,WON 대한민국국고채액티브,안전,국내채권_종합,korea_bond,government,KAP 한국 국고채 총수익 지수,489.03663297,54500,-0.0014657383657017409
2026-04-10,A426150,WON 대한민국국고채액티브,안전,국내채권_종합,korea_bond,government,KAP 한국 국고채 총수익 지수,489.03663297,54470,-0.0005504587155963359
2026-04-13,A426150,WON 대한민국국고채액티브,안전,국내채권_종합,korea_bond,government,KAP 한국 국고채 총수익 지수,489.03663297,54315,-0.0028456030842666236
2026-04-14,A426150,WON 대한민국국고채액티브,안전,국내채권_종합,korea_bond,government,KAP 한국 국고채 총수익 지수,489.03663297,54585,0.004971002485501197
2026-04-15,A426150,WON 대한민국국고채액티브,안전,국내채권_종합,korea_bond,government,KAP 한국 국고채 총수익 지수,489.03663297,54645,0.0010992030777685624
2026-04-16,A426150,WON 대한민국국고채액티브,안전,국내채권_종합,korea_bond,government,KAP 한국 국고채 총수익 지수,489.03663297,54610,-0.0006404977582578075
2026-04-17,A426150,WON 대한민국국고채액티브,안전,국내채권_종합,korea_bond,government,KAP 한국 국고채 총수익 지수,489.03663297,54395,-0.003937007874015741
2026-04-20,A426150,WON 대한민국국고채액티브,안전,국내채권_종합,korea_bond,government,KAP 한국 국고채 총수익 지수,489.03663297,54470,0.0013788031988233307
2026-04-21,A426150,WON 대한민국국고채액티브,안전,국내채권_종합,korea_bond,government,KAP 한국 국고채 총수익 지수,489.03663297,54695,0.00413071415458055
2026-04-22,A426150,WON 대한민국국고채액티브,안전,국내채권_종합,korea_bond,government,KAP 한국 국고채 총수익 지수,489.03663297,54475,-0.0040223055123869145
2026-04-23,A426150,WON 대한민국국고채액티브,안전,국내채권_종합,korea_bond,government,KAP 한국 국고채 총수익 지수,489.03663297,54060,-0.0076181734740706775
2026-04-24,A426150,WON 대한민국국고채액티브,안전,국내채권_종합,korea_bond,government,KAP 한국 국고채 총수익 지수,489.03663297,54000,-0.0011098779134295356
2026-04-27,A426150,WON 대한민국국고채액티브,안전,국내채권_종합,korea_bond,government,KAP 한국 국고채 총수익 지수,489.03663297,53800,-0.0037037037037036535
2026-04-28,A426150,WON 대한민국국고채액티브,안전,국내채권_종합,korea_bond,government,KAP 한국 국고채 총수익 지수,489.03663297,53760,-0.0007434944237918462
2026-04-29,A426150,WON 대한민국국고채액티브,안전,국내채권_종합,korea_bond,government,KAP 한국 국고채 총수익 지수,489.03663297,53745,-0.0002790178571429047
2026-04-30,A426150,WON 대한민국국고채액티브,안전,국내채권_종합,korea_bond,government,KAP 한국 국고채 총수익 지수,489.03663297,53390,-0.006605265606102861
2026-05-04,A426150,WON 대한민국국고채액티브,안전,국내채권_종합,korea_bond,government,KAP 한국 국고채 총수익 지수,489.03663297,53360,-0.000561902978085782
2026-05-06,A426150,WON 대한민국국고채액티브,안전,국내채권_종합,korea_bond,government,KAP 한국 국고채 총수익 지수,489.03663297,53240,-0.002248875562218866
2026-05-07,A426150,WON 대한민국국고채액티브,안전,국내채권_종합,korea_bond,government,KAP 한국 국고채 총수익 지수,489.03663297,53430,0.003568745304282528
2026-05-08,A426150,WON 대한민국국고채액티브,안전,국내채권_종합,korea_bond,government,KAP 한국 국고채 총수익 지수,489.03663297,53365,-0.0012165450121655041
2026-05-11,A426150,WON 대한민국국고채액티브,안전,국내채권_종합,korea_bond,government,KAP 한국 국고채 총수익 지수,489.03663297,53255,-0.002061276117305333
2026-05-12,A426150,WON 대한민국국고채액티브,안전,국내채권_종합,korea_bond,government,KAP 한국 국고채 총수익 지수,489.03663297,52750,-0.009482677682846719
2026-05-13,A426150,WON 대한민국국고채액티브,안전,국내채권_종합,korea_bond,government,KAP 한국 국고채 총수익 지수,489.03663297,52770,0.0003791469194311947
2026-05-14,A426150,WON 대한민국국고채액티브,안전,국내채권_종합,korea_bond,government,KAP 한국 국고채 총수익 지수,489.03663297,52630,-0.002653022550691664
2026-05-15,A426150,WON 대한민국국고채액티브,안전,국내채권_종합,korea_bond,government,KAP 한국 국고채 총수익 지수,489.03663297,52025,-0.011495344860345758
2026-05-18,A426150,WON 대한민국국고채액티브,안전,국내채권_종합,korea_bond,government,KAP 한국 국고채 총수익 지수,489.03663297,51870,-0.002979336857280135
2026-05-19,A426150,WON 대한민국국고채액티브,안전,국내채권_종합,korea_bond,government,KAP 한국 국고채 총수익 지수,489.03663297,51715,-0.0029882398303451296
2026-05-20,A426150,WON 대한민국국고채액티브,안전,국내채권_종합,korea_bond,government,KAP 한국 국고채 총수익 지수,489.03663297,51915,0.003867349898482031
2026-05-21,A426150,WON 대한민국국고채액티브,안전,국내채권_종합,korea_bond,government,KAP 한국 국고채 총수익 지수,489.03663297,52035,0.0023114706732159096
2026-05-22,A426150,WON 대한민국국고채액티브,안전,국내채권_종합,korea_bond,government,KAP 한국 국고채 총수익 지수,489.03663297,52075,0.0007687133660037038
2026-01-02,A438330,TIGER 투자등급회사채액티브,안전,국내채권_회사채,korea_bond,credit,KIS 투자등급회사채 지수(총수익),4670.31603613,115690,0.001038331746993082
2026-01-05,A438330,TIGER 투자등급회사채액티브,안전,국내채권_회사채,korea_bond,credit,KIS 투자등급회사채 지수(총수익),4670.31603613,115730,0.00034575157749161534
2026-01-06,A438330,TIGER 투자등급회사채액티브,안전,국내채권_회사채,korea_bond,credit,KIS 투자등급회사채 지수(총수익),4670.31603613,115725,-4.320400933210955e-05
2026-01-07,A438330,TIGER 투자등급회사채액티브,안전,국내채권_회사채,korea_bond,credit,KIS 투자등급회사채 지수(총수익),4670.31603613,116065,0.002937999567941274
2026-01-08,A438330,TIGER 투자등급회사채액티브,안전,국내채권_회사채,korea_bond,credit,KIS 투자등급회사채 지수(총수익),4670.31603613,116100,0.00030155516305518937
2026-01-09,A438330,TIGER 투자등급회사채액티브,안전,국내채권_회사채,korea_bond,credit,KIS 투자등급회사채 지수(총수익),4670.31603613,115975,-0.0010766580534022907
2026-01-12,A438330,TIGER 투자등급회사채액티브,안전,국내채권_회사채,korea_bond,credit,KIS 투자등급회사채 지수(총수익),4670.31603613,115930,-0.0003880146583314925
2026-01-13,A438330,TIGER 투자등급회사채액티브,안전,국내채권_회사채,korea_bond,credit,KIS 투자등급회사채 지수(총수익),4670.31603613,115950,0.00017251789873196088
2026-01-14,A438330,TIGER 투자등급회사채액티브,안전,국내채권_회사채,korea_bond,credit,KIS 투자등급회사채 지수(총수익),4670.31603613,116010,0.0005174644243208792
2026-01-15,A438330,TIGER 투자등급회사채액티브,안전,국내채권_회사채,korea_bond,credit,KIS 투자등급회사채 지수(총수익),4670.31603613,115630,-0.0032755796914059054
2026-01-16,A438330,TIGER 투자등급회사채액티브,안전,국내채권_회사채,korea_bond,credit,KIS 투자등급회사채 지수(총수익),4670.31603613,115745,0.000994551586958492
2026-01-19,A438330,TIGER 투자등급회사채액티브,안전,국내채권_회사채,korea_bond,credit,KIS 투자등급회사채 지수(총수익),4670.31603613,115515,-0.0019871268737310377
2026-01-20,A438330,TIGER 투자등급회사채액티브,안전,국내채권_회사채,korea_bond,credit,KIS 투자등급회사채 지수(총수익),4670.31603613,115305,-0.0018179457213348682
2026-01-21,A438330,TIGER 투자등급회사채액티브,안전,국내채권_회사채,korea_bond,credit,KIS 투자등급회사채 지수(총수익),4670.31603613,115495,0.0016478036511859973
2026-01-22,A438330,TIGER 투자등급회사채액티브,안전,국내채권_회사채,korea_bond,credit,KIS 투자등급회사채 지수(총수익),4670.31603613,115595,0.0008658383479804854
2026-01-23,A438330,TIGER 투자등급회사채액티브,안전,국내채권_회사채,korea_bond,credit,KIS 투자등급회사채 지수(총수익),4670.31603613,115420,-0.001513906310826596
2026-01-26,A438330,TIGER 투자등급회사채액티브,안전,국내채권_회사채,korea_bond,credit,KIS 투자등급회사채 지수(총수익),4670.31603613,115625,0.001776121989256696
2026-01-27,A438330,TIGER 투자등급회사채액티브,안전,국내채권_회사채,korea_bond,credit,KIS 투자등급회사채 지수(총수익),4670.31603613,115630,4.32432432433405e-05
2026-01-28,A438330,TIGER 투자등급회사채액티브,안전,국내채권_회사채,korea_bond,credit,KIS 투자등급회사채 지수(총수익),4670.31603613,115695,0.0005621378534981236
2026-01-29,A438330,TIGER 투자등급회사채액티브,안전,국내채권_회사채,korea_bond,credit,KIS 투자등급회사채 지수(총수익),4670.31603613,115550,-0.0012532953023034477
2026-01-30,A438330,TIGER 투자등급회사채액티브,안전,국내채권_회사채,korea_bond,credit,KIS 투자등급회사채 지수(총수익),4670.31603613,115345,-0.0017741237559497636
2026-02-02,A438330,TIGER 투자등급회사채액티브,안전,국내채권_회사채,korea_bond,credit,KIS 투자등급회사채 지수(총수익),4670.31603613,115350,4.334821622098417e-05
2026-02-03,A438330,TIGER 투자등급회사채액티브,안전,국내채권_회사채,korea_bond,credit,KIS 투자등급회사채 지수(총수익),4670.31603613,115155,-0.0016905071521456927
2026-02-04,A438330,TIGER 투자등급회사채액티브,안전,국내채권_회사채,korea_bond,credit,KIS 투자등급회사채 지수(총수익),4670.31603613,115065,-0.0007815552950370952
2026-02-05,A438330,TIGER 투자등급회사채액티브,안전,국내채권_회사채,korea_bond,credit,KIS 투자등급회사채 지수(총수익),4670.31603613,115150,0.0007387129014035931
2026-02-06,A438330,TIGER 투자등급회사채액티브,안전,국내채권_회사채,korea_bond,credit,KIS 투자등급회사채 지수(총수익),4670.31603613,115080,-0.0006079027355623268
2026-02-09,A438330,TIGER 투자등급회사채액티브,안전,국내채권_회사채,korea_bond,credit,KIS 투자등급회사채 지수(총수익),4670.31603613,114910,-0.001477233229058017
2026-02-10,A438330,TIGER 투자등급회사채액티브,안전,국내채권_회사채,korea_bond,credit,KIS 투자등급회사채 지수(총수익),4670.31603613,115135,0.001958054129318487
2026-02-11,A438330,TIGER 투자등급회사채액티브,안전,국내채권_회사채,korea_bond,credit,KIS 투자등급회사채 지수(총수익),4670.31603613,115165,0.00026056368610771763
2026-02-12,A438330,TIGER 투자등급회사채액티브,안전,국내채권_회사채,korea_bond,credit,KIS 투자등급회사채 지수(총수익),4670.31603613,115365,0.0017366387357269364
2026-02-13,A438330,TIGER 투자등급회사채액티브,안전,국내채권_회사채,korea_bond,credit,KIS 투자등급회사채 지수(총수익),4670.31603613,115470,0.0009101547263035137
2026-02-19,A438330,TIGER 투자등급회사채액티브,안전,국내채권_회사채,korea_bond,credit,KIS 투자등급회사채 지수(총수익),4670.31603613,115400,-0.0006062180652983695
2026-02-20,A438330,TIGER 투자등급회사채액티브,안전,국내채권_회사채,korea_bond,credit,KIS 투자등급회사채 지수(총수익),4670.31603613,115570,0.0014731369150779994
2026-02-23,A438330,TIGER 투자등급회사채액티브,안전,국내채권_회사채,korea_bond,credit,KIS 투자등급회사채 지수(총수익),4670.31603613,115510,-0.000519165873496541
2026-02-24,A438330,TIGER 투자등급회사채액티브,안전,국내채권_회사채,korea_bond,credit,KIS 투자등급회사채 지수(총수익),4670.31603613,115495,-0.0001298588866764927
2026-02-25,A438330,TIGER 투자등급회사채액티브,안전,국내채권_회사채,korea_bond,credit,KIS 투자등급회사채 지수(총수익),4670.31603613,115710,0.0018615524481579993
2026-02-26,A438330,TIGER 투자등급회사채액티브,안전,국내채권_회사채,korea_bond,credit,KIS 투자등급회사채 지수(총수익),4670.31603613,115965,0.002203785325382457
2026-02-27,A438330,TIGER 투자등급회사채액티브,안전,국내채권_회사채,korea_bond,credit,KIS 투자등급회사채 지수(총수익),4670.31603613,115985,0.00017246583020735784
2026-03-03,A438330,TIGER 투자등급회사채액티브,안전,국내채권_회사채,korea_bond,credit,KIS 투자등급회사채 지수(총수익),4670.31603613,115475,-0.004397120317282455
2026-03-04,A438330,TIGER 투자등급회사채액티브,안전,국내채권_회사채,korea_bond,credit,KIS 투자등급회사채 지수(총수익),4670.31603613,115425,-0.0004329941545788696
2026-03-05,A438330,TIGER 투자등급회사채액티브,안전,국내채권_회사채,korea_bond,credit,KIS 투자등급회사채 지수(총수익),4670.31603613,115615,0.0016460905349793276
2026-03-06,A438330,TIGER 투자등급회사채액티브,안전,국내채권_회사채,korea_bond,credit,KIS 투자등급회사채 지수(총수익),4670.31603613,115485,-0.0011244215715954242
2026-03-09,A438330,TIGER 투자등급회사채액티브,안전,국내채권_회사채,korea_bond,credit,KIS 투자등급회사채 지수(총수익),4670.31603613,114845,-0.005541845261289313
2026-03-10,A438330,TIGER 투자등급회사채액티브,안전,국내채권_회사채,korea_bond,credit,KIS 투자등급회사채 지수(총수익),4670.31603613,115420,0.005006748225869551
2026-03-11,A438330,TIGER 투자등급회사채액티브,안전,국내채권_회사채,korea_bond,credit,KIS 투자등급회사채 지수(총수익),4670.31603613,115480,0.0005198405822215424
2026-03-12,A438330,TIGER 투자등급회사채액티브,안전,국내채권_회사채,korea_bond,credit,KIS 투자등급회사채 지수(총수익),4670.31603613,115395,-0.0007360581918947062
2026-03-13,A438330,TIGER 투자등급회사채액티브,안전,국내채권_회사채,korea_bond,credit,KIS 투자등급회사채 지수(총수익),4670.31603613,115190,-0.0017765067810563417
2026-03-16,A438330,TIGER 투자등급회사채액티브,안전,국내채권_회사채,korea_bond,credit,KIS 투자등급회사채 지수(총수익),4670.31603613,115265,0.0006510981856064912
2026-03-17,A438330,TIGER 투자등급회사채액티브,안전,국내채권_회사채,korea_bond,credit,KIS 투자등급회사채 지수(총수익),4670.31603613,115225,-0.0003470264173860427
2026-03-18,A438330,TIGER 투자등급회사채액티브,안전,국내채권_회사채,korea_bond,credit,KIS 투자등급회사채 지수(총수익),4670.31603613,115470,0.0021262746799739496
2026-03-19,A438330,TIGER 투자등급회사채액티브,안전,국내채권_회사채,korea_bond,credit,KIS 투자등급회사채 지수(총수익),4670.31603613,115105,-0.003160994197627054
2026-03-20,A438330,TIGER 투자등급회사채액티브,안전,국내채권_회사채,korea_bond,credit,KIS 투자등급회사채 지수(총수익),4670.31603613,115000,-0.0009122105903305311
2026-03-23,A438330,TIGER 투자등급회사채액티브,안전,국내채권_회사채,korea_bond,credit,KIS 투자등급회사채 지수(총수익),4670.31603613,114225,-0.006739130434782581
2026-03-24,A438330,TIGER 투자등급회사채액티브,안전,국내채권_회사채,korea_bond,credit,KIS 투자등급회사채 지수(총수익),4670.31603613,114625,0.003501860363318121
2026-03-25,A438330,TIGER 투자등급회사채액티브,안전,국내채권_회사채,korea_bond,credit,KIS 투자등급회사채 지수(총수익),4670.31603613,114425,-0.0017448200654307522
2026-03-26,A438330,TIGER 투자등급회사채액티브,안전,국내채권_회사채,korea_bond,credit,KIS 투자등급회사채 지수(총수익),4670.31603613,114450,0.00021848372296262575
2026-03-27,A438330,TIGER 투자등급회사채액티브,안전,국내채권_회사채,korea_bond,credit,KIS 투자등급회사채 지수(총수익),4670.31603613,114285,-0.0014416775884665833
2026-03-30,A438330,TIGER 투자등급회사채액티브,안전,국내채권_회사채,korea_bond,credit,KIS 투자등급회사채 지수(총수익),4670.31603613,114510,0.001968762304764393
2026-03-31,A438330,TIGER 투자등급회사채액티브,안전,국내채권_회사채,korea_bond,credit,KIS 투자등급회사채 지수(총수익),4670.31603613,114480,-0.00026198585276393516
2026-04-01,A438330,TIGER 투자등급회사채액티브,안전,국내채권_회사채,korea_bond,credit,KIS 투자등급회사채 지수(총수익),4670.31603613,115255,0.006769741439552668
2026-04-02,A438330,TIGER 투자등급회사채액티브,안전,국내채권_회사채,korea_bond,credit,KIS 투자등급회사채 지수(총수익),4670.31603613,114655,-0.005205847902477134
2026-04-03,A438330,TIGER 투자등급회사채액티브,안전,국내채권_회사채,korea_bond,credit,KIS 투자등급회사채 지수(총수익),4670.31603613,114990,0.0029218089049758422
2026-04-06,A438330,TIGER 투자등급회사채액티브,안전,국내채권_회사채,korea_bond,credit,KIS 투자등급회사채 지수(총수익),4670.31603613,115055,0.0005652665449169536
2026-04-07,A438330,TIGER 투자등급회사채액티브,안전,국내채권_회사채,korea_bond,credit,KIS 투자등급회사채 지수(총수익),4670.31603613,114915,-0.001216809352049042
2026-04-08,A438330,TIGER 투자등급회사채액티브,안전,국내채권_회사채,korea_bond,credit,KIS 투자등급회사채 지수(총수익),4670.31603613,115555,0.005569333855458325
2026-04-09,A438330,TIGER 투자등급회사채액티브,안전,국내채권_회사채,korea_bond,credit,KIS 투자등급회사채 지수(총수익),4670.31603613,115375,-0.0015576997966336714
2026-04-10,A438330,TIGER 투자등급회사채액티브,안전,국내채권_회사채,korea_bond,credit,KIS 투자등급회사채 지수(총수익),4670.31603613,115300,-0.0006500541711809138
2026-04-13,A438330,TIGER 투자등급회사채액티브,안전,국내채권_회사채,korea_bond,credit,KIS 투자등급회사채 지수(총수익),4670.31603613,115180,-0.0010407632263660371
2026-04-14,A438330,TIGER 투자등급회사채액티브,안전,국내채권_회사채,korea_bond,credit,KIS 투자등급회사채 지수(총수익),4670.31603613,115360,0.0015627713144643618
2026-04-15,A438330,TIGER 투자등급회사채액티브,안전,국내채권_회사채,korea_bond,credit,KIS 투자등급회사채 지수(총수익),4670.31603613,115405,0.00039008321775302335
2026-04-16,A438330,TIGER 투자등급회사채액티브,안전,국내채권_회사채,korea_bond,credit,KIS 투자등급회사채 지수(총수익),4670.31603613,115400,-4.332567913001295e-05
2026-04-17,A438330,TIGER 투자등급회사채액티브,안전,국내채권_회사채,korea_bond,credit,KIS 투자등급회사채 지수(총수익),4670.31603613,115260,-0.0012131715771230844
2026-04-20,A438330,TIGER 투자등급회사채액티브,안전,국내채권_회사채,korea_bond,credit,KIS 투자등급회사채 지수(총수익),4670.31603613,115410,0.0013014055179594308
2026-04-21,A438330,TIGER 투자등급회사채액티브,안전,국내채권_회사채,korea_bond,credit,KIS 투자등급회사채 지수(총수익),4670.31603613,115460,0.0004332380209686182
2026-04-22,A438330,TIGER 투자등급회사채액티브,안전,국내채권_회사채,korea_bond,credit,KIS 투자등급회사채 지수(총수익),4670.31603613,115360,-0.0008661008141347404
2026-04-23,A438330,TIGER 투자등급회사채액티브,안전,국내채권_회사채,korea_bond,credit,KIS 투자등급회사채 지수(총수익),4670.31603613,115075,-0.002470527045769777
2026-04-24,A438330,TIGER 투자등급회사채액티브,안전,국내채권_회사채,korea_bond,credit,KIS 투자등급회사채 지수(총수익),4670.31603613,115055,-0.00017379969585051835
2026-04-27,A438330,TIGER 투자등급회사채액티브,안전,국내채권_회사채,korea_bond,credit,KIS 투자등급회사채 지수(총수익),4670.31603613,115080,0.00021728738429449557
2026-04-28,A438330,TIGER 투자등급회사채액티브,안전,국내채권_회사채,korea_bond,credit,KIS 투자등급회사채 지수(총수익),4670.31603613,115035,-0.0003910323253388803
2026-04-29,A438330,TIGER 투자등급회사채액티브,안전,국내채권_회사채,korea_bond,credit,KIS 투자등급회사채 지수(총수익),4670.31603613,115080,0.000391185291433116
2026-04-30,A438330,TIGER 투자등급회사채액티브,안전,국내채권_회사채,korea_bond,credit,KIS 투자등급회사채 지수(총수익),4670.31603613,114825,-0.0022158498435870255
2026-05-04,A438330,TIGER 투자등급회사채액티브,안전,국내채권_회사채,korea_bond,credit,KIS 투자등급회사채 지수(총수익),4670.31603613,114830,4.354452427612898e-05
2026-05-06,A438330,TIGER 투자등급회사채액티브,안전,국내채권_회사채,korea_bond,credit,KIS 투자등급회사채 지수(총수익),4670.31603613,114880,0.00043542628233050884
2026-05-07,A438330,TIGER 투자등급회사채액티브,안전,국내채권_회사채,korea_bond,credit,KIS 투자등급회사채 지수(총수익),4670.31603613,115110,0.0020020891364902482
2026-05-08,A438330,TIGER 투자등급회사채액티브,안전,국내채권_회사채,korea_bond,credit,KIS 투자등급회사채 지수(총수익),4670.31603613,115055,-0.0004778038398054463
2026-05-11,A438330,TIGER 투자등급회사채액티브,안전,국내채권_회사채,korea_bond,credit,KIS 투자등급회사채 지수(총수익),4670.31603613,114970,-0.0007387771066011961
2026-05-12,A438330,TIGER 투자등급회사채액티브,안전,국내채권_회사채,korea_bond,credit,KIS 투자등급회사채 지수(총수익),4670.31603613,114820,-0.0013046881795251153
2026-05-13,A438330,TIGER 투자등급회사채액티브,안전,국내채권_회사채,korea_bond,credit,KIS 투자등급회사채 지수(총수익),4670.31603613,114905,0.0007402891482319873
2026-05-14,A438330,TIGER 투자등급회사채액티브,안전,국내채권_회사채,korea_bond,credit,KIS 투자등급회사채 지수(총수익),4670.31603613,114870,-0.00030459945172101044
2026-05-15,A438330,TIGER 투자등급회사채액티브,안전,국내채권_회사채,korea_bond,credit,KIS 투자등급회사채 지수(총수익),4670.31603613,114465,-0.003525724732306057
2026-05-18,A438330,TIGER 투자등급회사채액티브,안전,국내채권_회사채,korea_bond,credit,KIS 투자등급회사채 지수(총수익),4670.31603613,114600,0.0011793998165376962
2026-05-19,A438330,TIGER 투자등급회사채액티브,안전,국내채권_회사채,korea_bond,credit,KIS 투자등급회사채 지수(총수익),4670.31603613,114670,0.0006108202443280142
2026-05-20,A438330,TIGER 투자등급회사채액티브,안전,국내채권_회사채,korea_bond,credit,KIS 투자등급회사채 지수(총수익),4670.31603613,114635,-0.0003052236853580137
2026-05-21,A438330,TIGER 투자등급회사채액티브,안전,국내채권_회사채,korea_bond,credit,KIS 투자등급회사채 지수(총수익),4670.31603613,114680,0.00039255026824269734
2026-05-22,A438330,TIGER 투자등급회사채액티브,안전,국내채권_회사채,korea_bond,credit,KIS 투자등급회사채 지수(총수익),4670.31603613,114690,8.719916288812968e-05
2026-01-02,A439870,KODEX 국고채30년액티브,안전,국내채권_종합,korea_bond,government,KAP 국고채 30년 총수익 지수,5264.02412789,109315,0.0009156251430664231
2026-01-05,A439870,KODEX 국고채30년액티브,안전,국내채권_종합,korea_bond,government,KAP 국고채 30년 총수익 지수,5264.02412789,108745,-0.0052142889813840965
2026-01-06,A439870,KODEX 국고채30년액티브,안전,국내채권_종합,korea_bond,government,KAP 국고채 30년 총수익 지수,5264.02412789,109380,0.005839348935583244
2026-01-07,A439870,KODEX 국고채30년액티브,안전,국내채권_종합,korea_bond,government,KAP 국고채 30년 총수익 지수,5264.02412789,109835,0.004159809837264605
2026-01-08,A439870,KODEX 국고채30년액티브,안전,국내채권_종합,korea_bond,government,KAP 국고채 30년 총수익 지수,5264.02412789,109995,0.0014567305503709882
2026-01-09,A439870,KODEX 국고채30년액티브,안전,국내채권_종합,korea_bond,government,KAP 국고채 30년 총수익 지수,5264.02412789,109480,-0.0046820310014091815
2026-01-12,A439870,KODEX 국고채30년액티브,안전,국내채권_종합,korea_bond,government,KAP 국고채 30년 총수익 지수,5264.02412789,109725,0.0022378516624042
2026-01-13,A439870,KODEX 국고채30년액티브,안전,국내채권_종합,korea_bond,government,KAP 국고채 30년 총수익 지수,5264.02412789,108895,-0.007564365459102329
2026-01-14,A439870,KODEX 국고채30년액티브,안전,국내채권_종합,korea_bond,government,KAP 국고채 30년 총수익 지수,5264.02412789,108915,0.00018366316176132713
2026-01-15,A439870,KODEX 국고채30년액티브,안전,국내채권_종합,korea_bond,government,KAP 국고채 30년 총수익 지수,5264.02412789,107620,-0.01189000596795664
2026-01-16,A439870,KODEX 국고채30년액티브,안전,국내채권_종합,korea_bond,government,KAP 국고채 30년 총수익 지수,5264.02412789,107695,0.0006968964876417072
2026-01-19,A439870,KODEX 국고채30년액티브,안전,국내채권_종합,korea_bond,government,KAP 국고채 30년 총수익 지수,5264.02412789,106570,-0.010446167417243135
2026-01-20,A439870,KODEX 국고채30년액티브,안전,국내채권_종합,korea_bond,government,KAP 국고채 30년 총수익 지수,5264.02412789,104455,-0.01984611053767482
2026-01-21,A439870,KODEX 국고채30년액티브,안전,국내채권_종합,korea_bond,government,KAP 국고채 30년 총수익 지수,5264.02412789,104710,0.002441242640371488
2026-01-22,A439870,KODEX 국고채30년액티브,안전,국내채권_종합,korea_bond,government,KAP 국고채 30년 총수익 지수,5264.02412789,105545,0.007974405500907222
2026-01-23,A439870,KODEX 국고채30년액티브,안전,국내채권_종합,korea_bond,government,KAP 국고채 30년 총수익 지수,5264.02412789,104540,-0.009522004832062114
2026-01-26,A439870,KODEX 국고채30년액티브,안전,국내채권_종합,korea_bond,government,KAP 국고채 30년 총수익 지수,5264.02412789,105120,0.0055481155538550375
2026-01-27,A439870,KODEX 국고채30년액티브,안전,국내채권_종합,korea_bond,government,KAP 국고채 30년 총수익 지수,5264.02412789,105260,0.0013318112633180501
2026-01-28,A439870,KODEX 국고채30년액티브,안전,국내채권_종합,korea_bond,government,KAP 국고채 30년 총수익 지수,5264.02412789,105460,0.0019000570017100316
2026-01-29,A439870,KODEX 국고채30년액티브,안전,국내채권_종합,korea_bond,government,KAP 국고채 30년 총수익 지수,5264.02412789,104725,-0.006969467096529458
2026-01-30,A439870,KODEX 국고채30년액티브,안전,국내채권_종합,korea_bond,government,KAP 국고채 30년 총수익 지수,5264.02412789,104125,-0.005729291000238668
2026-02-02,A439870,KODEX 국고채30년액티브,안전,국내채권_종합,korea_bond,government,KAP 국고채 30년 총수익 지수,5264.02412789,104095,-0.0002881152460983971
2026-02-03,A439870,KODEX 국고채30년액티브,안전,국내채권_종합,korea_bond,government,KAP 국고채 30년 총수익 지수,5264.02412789,102720,-0.013209087852442458
2026-02-04,A439870,KODEX 국고채30년액티브,안전,국내채권_종합,korea_bond,government,KAP 국고채 30년 총수익 지수,5264.02412789,102205,-0.0050136292834891405
2026-02-05,A439870,KODEX 국고채30년액티브,안전,국내채권_종합,korea_bond,government,KAP 국고채 30년 총수익 지수,5264.02412789,102550,0.003375568709945709
2026-02-06,A439870,KODEX 국고채30년액티브,안전,국내채권_종합,korea_bond,government,KAP 국고채 30년 총수익 지수,5264.02412789,102510,-0.0003900536323744319
2026-02-09,A439870,KODEX 국고채30년액티브,안전,국내채권_종합,korea_bond,government,KAP 국고채 30년 총수익 지수,5264.02412789,101625,-0.008633304067895864
2026-02-10,A439870,KODEX 국고채30년액티브,안전,국내채권_종합,korea_bond,government,KAP 국고채 30년 총수익 지수,5264.02412789,102315,0.006789667896679008
2026-02-11,A439870,KODEX 국고채30년액티브,안전,국내채권_종합,korea_bond,government,KAP 국고채 30년 총수익 지수,5264.02412789,102700,0.0037628891169427803
2026-02-12,A439870,KODEX 국고채30년액티브,안전,국내채권_종합,korea_bond,government,KAP 국고채 30년 총수익 지수,5264.02412789,103270,0.00555014605647508
2026-02-13,A439870,KODEX 국고채30년액티브,안전,국내채권_종합,korea_bond,government,KAP 국고채 30년 총수익 지수,5264.02412789,104115,0.008182434395274552
2026-02-19,A439870,KODEX 국고채30년액티브,안전,국내채권_종합,korea_bond,government,KAP 국고채 30년 총수익 지수,5264.02412789,104030,-0.000816404936848647
2026-02-20,A439870,KODEX 국고채30년액티브,안전,국내채권_종합,korea_bond,government,KAP 국고채 30년 총수익 지수,5264.02412789,105070,0.009997116216476032
2026-02-23,A439870,KODEX 국고채30년액티브,안전,국내채권_종합,korea_bond,government,KAP 국고채 30년 총수익 지수,5264.02412789,104450,-0.005900828019415605
2026-02-24,A439870,KODEX 국고채30년액티브,안전,국내채권_종합,korea_bond,government,KAP 국고채 30년 총수익 지수,5264.02412789,103660,-0.007563427477261797
2026-02-25,A439870,KODEX 국고채30년액티브,안전,국내채권_종합,korea_bond,government,KAP 국고채 30년 총수익 지수,5264.02412789,104500,0.008103415010611625
2026-02-26,A439870,KODEX 국고채30년액티브,안전,국내채권_종합,korea_bond,government,KAP 국고채 30년 총수익 지수,5264.02412789,105925,0.013636363636363669
2026-02-27,A439870,KODEX 국고채30년액티브,안전,국내채권_종합,korea_bond,government,KAP 국고채 30년 총수익 지수,5264.02412789,106245,0.003021005428369028
2026-03-03,A439870,KODEX 국고채30년액티브,안전,국내채권_종합,korea_bond,government,KAP 국고채 30년 총수익 지수,5264.02412789,103385,-0.026918913831239122
2026-03-04,A439870,KODEX 국고채30년액티브,안전,국내채권_종합,korea_bond,government,KAP 국고채 30년 총수익 지수,5264.02412789,103480,0.0009188953910141962
2026-03-05,A439870,KODEX 국고채30년액티브,안전,국내채권_종합,korea_bond,government,KAP 국고채 30년 총수익 지수,5264.02412789,104450,0.009373792037108641
2026-03-06,A439870,KODEX 국고채30년액티브,안전,국내채권_종합,korea_bond,government,KAP 국고채 30년 총수익 지수,5264.02412789,104215,-0.0022498803255146527
2026-03-09,A439870,KODEX 국고채30년액티브,안전,국내채권_종합,korea_bond,government,KAP 국고채 30년 총수익 지수,5264.02412789,102635,-0.01516096531209521
2026-03-10,A439870,KODEX 국고채30년액티브,안전,국내채권_종합,korea_bond,government,KAP 국고채 30년 총수익 지수,5264.02412789,104335,0.016563550445754416
2026-03-11,A439870,KODEX 국고채30년액티브,안전,국내채권_종합,korea_bond,government,KAP 국고채 30년 총수익 지수,5264.02412789,104405,0.0006709158000670623
2026-03-12,A439870,KODEX 국고채30년액티브,안전,국내채권_종합,korea_bond,government,KAP 국고채 30년 총수익 지수,5264.02412789,103370,-0.009913318327666287
2026-03-13,A439870,KODEX 국고채30년액티브,안전,국내채권_종합,korea_bond,government,KAP 국고채 30년 총수익 지수,5264.02412789,103020,-0.003385895327464472
2026-03-16,A439870,KODEX 국고채30년액티브,안전,국내채권_종합,korea_bond,government,KAP 국고채 30년 총수익 지수,5264.02412789,102870,-0.0014560279557367384
2026-03-17,A439870,KODEX 국고채30년액티브,안전,국내채권_종합,korea_bond,government,KAP 국고채 30년 총수익 지수,5264.02412789,103050,0.0017497812773403787
2026-03-18,A439870,KODEX 국고채30년액티브,안전,국내채권_종합,korea_bond,government,KAP 국고채 30년 총수익 지수,5264.02412789,104525,0.014313440077632134
2026-03-19,A439870,KODEX 국고채30년액티브,안전,국내채권_종합,korea_bond,government,KAP 국고채 30년 총수익 지수,5264.02412789,103110,-0.013537431236546271
2026-03-20,A439870,KODEX 국고채30년액티브,안전,국내채권_종합,korea_bond,government,KAP 국고채 30년 총수익 지수,5264.02412789,102845,-0.002570070798176727
2026-03-23,A439870,KODEX 국고채30년액티브,안전,국내채권_종합,korea_bond,government,KAP 국고채 30년 총수익 지수,5264.02412789,100590,-0.021926199620788567
2026-03-24,A439870,KODEX 국고채30년액티브,안전,국내채권_종합,korea_bond,government,KAP 국고채 30년 총수익 지수,5264.02412789,100650,0.0005964807634952773
2026-03-25,A439870,KODEX 국고채30년액티브,안전,국내채권_종합,korea_bond,government,KAP 국고채 30년 총수익 지수,5264.02412789,100285,-0.0036264282165922035
2026-03-26,A439870,KODEX 국고채30년액티브,안전,국내채권_종합,korea_bond,government,KAP 국고채 30년 총수익 지수,5264.02412789,99310,-0.009722291469312472
2026-03-27,A439870,KODEX 국고채30년액티브,안전,국내채권_종합,korea_bond,government,KAP 국고채 30년 총수익 지수,5264.02412789,98685,-0.006293424629946642
2026-03-30,A439870,KODEX 국고채30년액티브,안전,국내채권_종합,korea_bond,government,KAP 국고채 30년 총수익 지수,5264.02412789,98920,0.002381314282819069
2026-03-31,A439870,KODEX 국고채30년액티브,안전,국내채권_종합,korea_bond,government,KAP 국고채 30년 총수익 지수,5264.02412789,99390,0.004751314193287559
2026-04-01,A439870,KODEX 국고채30년액티브,안전,국내채권_종합,korea_bond,government,KAP 국고채 30년 총수익 지수,5264.02412789,102540,0.03169332930878355
2026-04-02,A439870,KODEX 국고채30년액티브,안전,국내채권_종합,korea_bond,government,KAP 국고채 30년 총수익 지수,5264.02412789,100885,-0.016140042910083863
2026-04-03,A439870,KODEX 국고채30년액티브,안전,국내채권_종합,korea_bond,government,KAP 국고채 30년 총수익 지수,5264.02412789,102735,0.018337711255389744
2026-04-06,A439870,KODEX 국고채30년액티브,안전,국내채권_종합,korea_bond,government,KAP 국고채 30년 총수익 지수,5264.02412789,102995,0.0025307830826883926
2026-04-07,A439870,KODEX 국고채30년액티브,안전,국내채권_종합,korea_bond,government,KAP 국고채 30년 총수익 지수,5264.02412789,102395,-0.0058255255109471715
2026-04-08,A439870,KODEX 국고채30년액티브,안전,국내채권_종합,korea_bond,government,KAP 국고채 30년 총수익 지수,5264.02412789,104720,0.022706186825528496
2026-04-09,A439870,KODEX 국고채30년액티브,안전,국내채권_종합,korea_bond,government,KAP 국고채 30년 총수익 지수,5264.02412789,103685,-0.009883498854087125
2026-04-10,A439870,KODEX 국고채30년액티브,안전,국내채권_종합,korea_bond,government,KAP 국고채 30년 총수익 지수,5264.02412789,103785,0.0009644596614746259
2026-04-13,A439870,KODEX 국고채30년액티브,안전,국내채권_종합,korea_bond,government,KAP 국고채 30년 총수익 지수,5264.02412789,103230,-0.005347593582887722
2026-04-14,A439870,KODEX 국고채30년액티브,안전,국내채권_종합,korea_bond,government,KAP 국고채 30년 총수익 지수,5264.02412789,104195,0.009348057735154569
2026-04-15,A439870,KODEX 국고채30년액티브,안전,국내채권_종합,korea_bond,government,KAP 국고채 30년 총수익 지수,5264.02412789,104545,0.003359086328518668
2026-04-16,A439870,KODEX 국고채30년액티브,안전,국내채권_종합,korea_bond,government,KAP 국고채 30년 총수익 지수,5264.02412789,104225,-0.0030608828734037807
2026-04-17,A439870,KODEX 국고채30년액티브,안전,국내채권_종합,korea_bond,government,KAP 국고채 30년 총수익 지수,5264.02412789,103510,-0.0068601583113456766
2026-04-20,A439870,KODEX 국고채30년액티브,안전,국내채권_종합,korea_bond,government,KAP 국고채 30년 총수익 지수,5264.02412789,103595,0.0008211766979036028
2026-04-21,A439870,KODEX 국고채30년액티브,안전,국내채권_종합,korea_bond,government,KAP 국고채 30년 총수익 지수,5264.02412789,104385,0.007625850668468548
2026-04-22,A439870,KODEX 국고채30년액티브,안전,국내채권_종합,korea_bond,government,KAP 국고채 30년 총수익 지수,5264.02412789,103895,-0.004694161038463429
2026-04-23,A439870,KODEX 국고채30년액티브,안전,국내채권_종합,korea_bond,government,KAP 국고채 30년 총수익 지수,5264.02412789,102360,-0.014774531979402261
2026-04-24,A439870,KODEX 국고채30년액티브,안전,국내채권_종합,korea_bond,government,KAP 국고채 30년 총수익 지수,5264.02412789,101890,-0.004591637358343115
2026-04-27,A439870,KODEX 국고채30년액티브,안전,국내채권_종합,korea_bond,government,KAP 국고채 30년 총수익 지수,5264.02412789,101670,-0.0021591912847188643
2026-04-28,A439870,KODEX 국고채30년액티브,안전,국내채권_종합,korea_bond,government,KAP 국고채 30년 총수익 지수,5264.02412789,101160,-0.005016228976099102
2026-04-29,A439870,KODEX 국고채30년액티브,안전,국내채권_종합,korea_bond,government,KAP 국고채 30년 총수익 지수,5264.02412789,101460,0.0029655990510082386
2026-04-30,A439870,KODEX 국고채30년액티브,안전,국내채권_종합,korea_bond,government,KAP 국고채 30년 총수익 지수,5264.02412789,99480,-0.01951507983441747
2026-05-04,A439870,KODEX 국고채30년액티브,안전,국내채권_종합,korea_bond,government,KAP 국고채 30년 총수익 지수,5264.02412789,99305,-0.0017591475673501833
2026-05-06,A439870,KODEX 국고채30년액티브,안전,국내채권_종합,korea_bond,government,KAP 국고채 30년 총수익 지수,5264.02412789,98675,-0.00634409143547654
2026-05-07,A439870,KODEX 국고채30년액티브,안전,국내채권_종합,korea_bond,government,KAP 국고채 30년 총수익 지수,5264.02412789,99260,0.005928553331644215
2026-05-08,A439870,KODEX 국고채30년액티브,안전,국내채권_종합,korea_bond,government,KAP 국고채 30년 총수익 지수,5264.02412789,99080,-0.0018134193028410683
2026-05-11,A439870,KODEX 국고채30년액티브,안전,국내채권_종합,korea_bond,government,KAP 국고채 30년 총수익 지수,5264.02412789,98770,-0.0031287848203471746
2026-05-12,A439870,KODEX 국고채30년액티브,안전,국내채권_종합,korea_bond,government,KAP 국고채 30년 총수익 지수,5264.02412789,96470,-0.023286423002936152
2026-05-13,A439870,KODEX 국고채30년액티브,안전,국내채권_종합,korea_bond,government,KAP 국고채 30년 총수익 지수,5264.02412789,96320,-0.0015548875298020404
2026-05-14,A439870,KODEX 국고채30년액티브,안전,국내채권_종합,korea_bond,government,KAP 국고채 30년 총수익 지수,5264.02412789,95805,-0.005346760797342198
2026-05-15,A439870,KODEX 국고채30년액티브,안전,국내채권_종합,korea_bond,government,KAP 국고채 30년 총수익 지수,5264.02412789,93345,-0.025677156724596806
2026-05-18,A439870,KODEX 국고채30년액티브,안전,국내채권_종합,korea_bond,government,KAP 국고채 30년 총수익 지수,5264.02412789,92440,-0.00969521666934492
2026-05-19,A439870,KODEX 국고채30년액티브,안전,국내채권_종합,korea_bond,government,KAP 국고채 30년 총수익 지수,5264.02412789,92165,-0.0029749026395500255
2026-05-20,A439870,KODEX 국고채30년액티브,안전,국내채권_종합,korea_bond,government,KAP 국고채 30년 총수익 지수,5264.02412789,92810,0.006998318233602863
2026-05-21,A439870,KODEX 국고채30년액티브,안전,국내채권_종합,korea_bond,government,KAP 국고채 30년 총수익 지수,5264.02412789,93385,0.006195453076177193
2026-05-22,A439870,KODEX 국고채30년액티브,안전,국내채권_종합,korea_bond,government,KAP 국고채 30년 총수익 지수,5264.02412789,93490,0.0011243775766986985
2026-01-02,A451530,TIGER 국고채30년스트립액티브,안전,국내채권_종합,korea_bond,government,KIS STRIP 30Y Index(총수익지수),1686.34436123,51740,0.000773694390715729
2026-01-05,A451530,TIGER 국고채30년스트립액티브,안전,국내채권_종합,korea_bond,government,KIS STRIP 30Y Index(총수익지수),1686.34436123,51370,-0.0071511403169695065
2026-01-06,A451530,TIGER 국고채30년스트립액티브,안전,국내채권_종합,korea_bond,government,KIS STRIP 30Y Index(총수익지수),1686.34436123,51745,0.00729998053338532
2026-01-07,A451530,TIGER 국고채30년스트립액티브,안전,국내채권_종합,korea_bond,government,KIS STRIP 30Y Index(총수익지수),1686.34436123,52180,0.008406609334235204
2026-01-08,A451530,TIGER 국고채30년스트립액티브,안전,국내채권_종합,korea_bond,government,KIS STRIP 30Y Index(총수익지수),1686.34436123,52135,-0.0008623993867382662
2026-01-09,A451530,TIGER 국고채30년스트립액티브,안전,국내채권_종합,korea_bond,government,KIS STRIP 30Y Index(총수익지수),1686.34436123,51815,-0.0061379111920973894
2026-01-12,A451530,TIGER 국고채30년스트립액티브,안전,국내채권_종합,korea_bond,government,KIS STRIP 30Y Index(총수익지수),1686.34436123,52040,0.004342371900028841
2026-01-13,A451530,TIGER 국고채30년스트립액티브,안전,국내채권_종합,korea_bond,government,KIS STRIP 30Y Index(총수익지수),1686.34436123,51420,-0.011913912375096092
2026-01-14,A451530,TIGER 국고채30년스트립액티브,안전,국내채권_종합,korea_bond,government,KIS STRIP 30Y Index(총수익지수),1686.34436123,51340,-0.001555814858031912
2026-01-15,A451530,TIGER 국고채30년스트립액티브,안전,국내채권_종합,korea_bond,government,KIS STRIP 30Y Index(총수익지수),1686.34436123,50540,-0.015582391897156267
2026-01-16,A451530,TIGER 국고채30년스트립액티브,안전,국내채권_종합,korea_bond,government,KIS STRIP 30Y Index(총수익지수),1686.34436123,50645,0.0020775623268698418
2026-01-19,A451530,TIGER 국고채30년스트립액티브,안전,국내채권_종합,korea_bond,government,KIS STRIP 30Y Index(총수익지수),1686.34436123,49955,-0.013624247210978324
2026-01-20,A451530,TIGER 국고채30년스트립액티브,안전,국내채권_종합,korea_bond,government,KIS STRIP 30Y Index(총수익지수),1686.34436123,48465,-0.029826844159743793
2026-01-21,A451530,TIGER 국고채30년스트립액티브,안전,국내채권_종합,korea_bond,government,KIS STRIP 30Y Index(총수익지수),1686.34436123,48625,0.003301351490766491
2026-01-22,A451530,TIGER 국고채30년스트립액티브,안전,국내채권_종합,korea_bond,government,KIS STRIP 30Y Index(총수익지수),1686.34436123,49200,0.011825192802056517
2026-01-23,A451530,TIGER 국고채30년스트립액티브,안전,국내채권_종합,korea_bond,government,KIS STRIP 30Y Index(총수익지수),1686.34436123,48550,-0.013211382113821113
2026-01-26,A451530,TIGER 국고채30년스트립액티브,안전,국내채권_종합,korea_bond,government,KIS STRIP 30Y Index(총수익지수),1686.34436123,48860,0.006385169927909384
2026-01-27,A451530,TIGER 국고채30년스트립액티브,안전,국내채권_종합,korea_bond,government,KIS STRIP 30Y Index(총수익지수),1686.34436123,48985,0.0025583299222267097
2026-01-28,A451530,TIGER 국고채30년스트립액티브,안전,국내채권_종합,korea_bond,government,KIS STRIP 30Y Index(총수익지수),1686.34436123,49160,0.0035725222006737223
2026-01-29,A451530,TIGER 국고채30년스트립액티브,안전,국내채권_종합,korea_bond,government,KIS STRIP 30Y Index(총수익지수),1686.34436123,48525,-0.012917005695687545
2026-01-30,A451530,TIGER 국고채30년스트립액티브,안전,국내채권_종합,korea_bond,government,KIS STRIP 30Y Index(총수익지수),1686.34436123,48030,-0.010200927357032485
2026-02-02,A451530,TIGER 국고채30년스트립액티브,안전,국내채권_종합,korea_bond,government,KIS STRIP 30Y Index(총수익지수),1686.34436123,48105,0.0015615240474702308
2026-02-03,A451530,TIGER 국고채30년스트립액티브,안전,국내채권_종합,korea_bond,government,KIS STRIP 30Y Index(총수익지수),1686.34436123,47115,-0.020579981290926086
2026-02-04,A451530,TIGER 국고채30년스트립액티브,안전,국내채권_종합,korea_bond,government,KIS STRIP 30Y Index(총수익지수),1686.34436123,46790,-0.0068980154940040395
2026-02-05,A451530,TIGER 국고채30년스트립액티브,안전,국내채권_종합,korea_bond,government,KIS STRIP 30Y Index(총수익지수),1686.34436123,46970,0.0038469758495405237
2026-02-06,A451530,TIGER 국고채30년스트립액티브,안전,국내채권_종합,korea_bond,government,KIS STRIP 30Y Index(총수익지수),1686.34436123,47120,0.003193527783691641
2026-02-09,A451530,TIGER 국고채30년스트립액티브,안전,국내채권_종합,korea_bond,government,KIS STRIP 30Y Index(총수익지수),1686.34436123,46440,-0.014431239388794537
2026-02-10,A451530,TIGER 국고채30년스트립액티브,안전,국내채권_종합,korea_bond,government,KIS STRIP 30Y Index(총수익지수),1686.34436123,46850,0.008828596037898429
2026-02-11,A451530,TIGER 국고채30년스트립액티브,안전,국내채권_종합,korea_bond,government,KIS STRIP 30Y Index(총수익지수),1686.34436123,47140,0.00618996798292426
2026-02-12,A451530,TIGER 국고채30년스트립액티브,안전,국내채권_종합,korea_bond,government,KIS STRIP 30Y Index(총수익지수),1686.34436123,47415,0.005833686890114542
2026-02-13,A451530,TIGER 국고채30년스트립액티브,안전,국내채권_종합,korea_bond,government,KIS STRIP 30Y Index(총수익지수),1686.34436123,47950,0.01128334915111262
2026-02-19,A451530,TIGER 국고채30년스트립액티브,안전,국내채권_종합,korea_bond,government,KIS STRIP 30Y Index(총수익지수),1686.34436123,47980,0.0006256517205422973
2026-02-20,A451530,TIGER 국고채30년스트립액티브,안전,국내채권_종합,korea_bond,government,KIS STRIP 30Y Index(총수익지수),1686.34436123,48545,0.011775739891621617
2026-02-23,A451530,TIGER 국고채30년스트립액티브,안전,국내채권_종합,korea_bond,government,KIS STRIP 30Y Index(총수익지수),1686.34436123,48145,-0.008239777526006797
2026-02-24,A451530,TIGER 국고채30년스트립액티브,안전,국내채권_종합,korea_bond,government,KIS STRIP 30Y Index(총수익지수),1686.34436123,47620,-0.010904559144251702
2026-02-25,A451530,TIGER 국고채30년스트립액티브,안전,국내채권_종합,korea_bond,government,KIS STRIP 30Y Index(총수익지수),1686.34436123,48050,0.009029819403612027
2026-02-26,A451530,TIGER 국고채30년스트립액티브,안전,국내채권_종합,korea_bond,government,KIS STRIP 30Y Index(총수익지수),1686.34436123,48905,0.01779396462018723
2026-02-27,A451530,TIGER 국고채30년스트립액티브,안전,국내채권_종합,korea_bond,government,KIS STRIP 30Y Index(총수익지수),1686.34436123,49295,0.00797464471935383
2026-03-03,A451530,TIGER 국고채30년스트립액티브,안전,국내채권_종합,korea_bond,government,KIS STRIP 30Y Index(총수익지수),1686.34436123,47390,-0.03864489299117557
2026-03-04,A451530,TIGER 국고채30년스트립액티브,안전,국내채권_종합,korea_bond,government,KIS STRIP 30Y Index(총수익지수),1686.34436123,47325,-0.0013715973834141915
2026-03-05,A451530,TIGER 국고채30년스트립액티브,안전,국내채권_종합,korea_bond,government,KIS STRIP 30Y Index(총수익지수),1686.34436123,48125,0.016904384574748965
2026-03-06,A451530,TIGER 국고채30년스트립액티브,안전,국내채권_종합,korea_bond,government,KIS STRIP 30Y Index(총수익지수),1686.34436123,47970,-0.003220779220779235
2026-03-09,A451530,TIGER 국고채30년스트립액티브,안전,국내채권_종합,korea_bond,government,KIS STRIP 30Y Index(총수익지수),1686.34436123,46875,-0.022826766729205805
2026-03-10,A451530,TIGER 국고채30년스트립액티브,안전,국내채권_종합,korea_bond,government,KIS STRIP 30Y Index(총수익지수),1686.34436123,48075,0.025600000000000067
2026-03-11,A451530,TIGER 국고채30년스트립액티브,안전,국내채권_종합,korea_bond,government,KIS STRIP 30Y Index(총수익지수),1686.34436123,48195,0.002496099843993793
2026-03-12,A451530,TIGER 국고채30년스트립액티브,안전,국내채권_종합,korea_bond,government,KIS STRIP 30Y Index(총수익지수),1686.34436123,47535,-0.013694366635543131
2026-03-13,A451530,TIGER 국고채30년스트립액티브,안전,국내채권_종합,korea_bond,government,KIS STRIP 30Y Index(총수익지수),1686.34436123,47105,-0.009045966130219796
2026-03-16,A451530,TIGER 국고채30년스트립액티브,안전,국내채권_종합,korea_bond,government,KIS STRIP 30Y Index(총수익지수),1686.34436123,47120,0.0003184375331706235
2026-03-17,A451530,TIGER 국고채30년스트립액티브,안전,국내채권_종합,korea_bond,government,KIS STRIP 30Y Index(총수익지수),1686.34436123,47280,0.00339558573853993
2026-03-18,A451530,TIGER 국고채30년스트립액티브,안전,국내채권_종합,korea_bond,government,KIS STRIP 30Y Index(총수익지수),1686.34436123,48350,0.022631133671742854
2026-03-19,A451530,TIGER 국고채30년스트립액티브,안전,국내채권_종합,korea_bond,government,KIS STRIP 30Y Index(총수익지수),1686.34436123,47390,-0.01985522233712511
2026-03-20,A451530,TIGER 국고채30년스트립액티브,안전,국내채권_종합,korea_bond,government,KIS STRIP 30Y Index(총수익지수),1686.34436123,47200,-0.004009284659210799
2026-03-23,A451530,TIGER 국고채30년스트립액티브,안전,국내채권_종합,korea_bond,government,KIS STRIP 30Y Index(총수익지수),1686.34436123,45750,-0.03072033898305082
2026-03-24,A451530,TIGER 국고채30년스트립액티브,안전,국내채권_종합,korea_bond,government,KIS STRIP 30Y Index(총수익지수),1686.34436123,45730,-0.00043715846994540897
2026-03-25,A451530,TIGER 국고채30년스트립액티브,안전,국내채권_종합,korea_bond,government,KIS STRIP 30Y Index(총수익지수),1686.34436123,45545,-0.0040454843647496075
2026-03-26,A451530,TIGER 국고채30년스트립액티브,안전,국내채권_종합,korea_bond,government,KIS STRIP 30Y Index(총수익지수),1686.34436123,44875,-0.014710725655944668
2026-03-27,A451530,TIGER 국고채30년스트립액티브,안전,국내채권_종합,korea_bond,government,KIS STRIP 30Y Index(총수익지수),1686.34436123,44395,-0.010696378830083564
2026-03-30,A451530,TIGER 국고채30년스트립액티브,안전,국내채권_종합,korea_bond,government,KIS STRIP 30Y Index(총수익지수),1686.34436123,44525,0.002928257686676483
2026-03-31,A451530,TIGER 국고채30년스트립액티브,안전,국내채권_종합,korea_bond,government,KIS STRIP 30Y Index(총수익지수),1686.34436123,44775,0.005614823133071267
2026-04-01,A451530,TIGER 국고채30년스트립액티브,안전,국내채권_종합,korea_bond,government,KIS STRIP 30Y Index(총수익지수),1686.34436123,46765,0.04444444444444451
2026-04-02,A451530,TIGER 국고채30년스트립액티브,안전,국내채권_종합,korea_bond,government,KIS STRIP 30Y Index(총수익지수),1686.34436123,45660,-0.023628782208916954
2026-04-03,A451530,TIGER 국고채30년스트립액티브,안전,국내채권_종합,korea_bond,government,KIS STRIP 30Y Index(총수익지수),1686.34436123,46645,0.02157249233464742
2026-04-06,A451530,TIGER 국고채30년스트립액티브,안전,국내채권_종합,korea_bond,government,KIS STRIP 30Y Index(총수익지수),1686.34436123,46890,0.005252438632222134
2026-04-07,A451530,TIGER 국고채30년스트립액티브,안전,국내채권_종합,korea_bond,government,KIS STRIP 30Y Index(총수익지수),1686.34436123,46525,-0.007784175730432885
2026-04-08,A451530,TIGER 국고채30년스트립액티브,안전,국내채권_종합,korea_bond,government,KIS STRIP 30Y Index(총수익지수),1686.34436123,48030,0.03234819989253079
2026-04-09,A451530,TIGER 국고채30년스트립액티브,안전,국내채권_종합,korea_bond,government,KIS STRIP 30Y Index(총수익지수),1686.34436123,47480,-0.011451176348115766
2026-04-10,A451530,TIGER 국고채30년스트립액티브,안전,국내채권_종합,korea_bond,government,KIS STRIP 30Y Index(총수익지수),1686.34436123,47385,-0.00200084245998311
2026-04-13,A451530,TIGER 국고채30년스트립액티브,안전,국내채권_종합,korea_bond,government,KIS STRIP 30Y Index(총수익지수),1686.34436123,47055,-0.006964229186451454
2026-04-14,A451530,TIGER 국고채30년스트립액티브,안전,국내채권_종합,korea_bond,government,KIS STRIP 30Y Index(총수익지수),1686.34436123,47737,0.014493677611305822
2026-04-15,A451530,TIGER 국고채30년스트립액티브,안전,국내채권_종합,korea_bond,government,KIS STRIP 30Y Index(총수익지수),1686.34436123,48100,0.007604164484571685
2026-04-16,A451530,TIGER 국고채30년스트립액티브,안전,국내채권_종합,korea_bond,government,KIS STRIP 30Y Index(총수익지수),1686.34436123,47890,-0.004365904365904338
2026-04-17,A451530,TIGER 국고채30년스트립액티브,안전,국내채권_종합,korea_bond,government,KIS STRIP 30Y Index(총수익지수),1686.34436123,47420,-0.009814157444142824
2026-04-20,A451530,TIGER 국고채30년스트립액티브,안전,국내채권_종합,korea_bond,government,KIS STRIP 30Y Index(총수익지수),1686.34436123,47400,-0.000421762969211259
2026-04-21,A451530,TIGER 국고채30년스트립액티브,안전,국내채권_종합,korea_bond,government,KIS STRIP 30Y Index(총수익지수),1686.34436123,47940,0.0113924050632912
2026-04-22,A451530,TIGER 국고채30년스트립액티브,안전,국내채권_종합,korea_bond,government,KIS STRIP 30Y Index(총수익지수),1686.34436123,47550,-0.008135168961201478
2026-04-23,A451530,TIGER 국고채30년스트립액티브,안전,국내채권_종합,korea_bond,government,KIS STRIP 30Y Index(총수익지수),1686.34436123,46530,-0.021451104100946417
2026-04-24,A451530,TIGER 국고채30년스트립액티브,안전,국내채권_종합,korea_bond,government,KIS STRIP 30Y Index(총수익지수),1686.34436123,46190,-0.007307113690092404
2026-04-27,A451530,TIGER 국고채30년스트립액티브,안전,국내채권_종합,korea_bond,government,KIS STRIP 30Y Index(총수익지수),1686.34436123,46025,-0.0035722017752760626
2026-04-28,A451530,TIGER 국고채30년스트립액티브,안전,국내채권_종합,korea_bond,government,KIS STRIP 30Y Index(총수익지수),1686.34436123,45675,-0.0076045627376425395
2026-04-29,A451530,TIGER 국고채30년스트립액티브,안전,국내채권_종합,korea_bond,government,KIS STRIP 30Y Index(총수익지수),1686.34436123,45900,0.0049261083743843415
2026-04-30,A451530,TIGER 국고채30년스트립액티브,안전,국내채권_종합,korea_bond,government,KIS STRIP 30Y Index(총수익지수),1686.34436123,44655,-0.027124183006535962
2026-05-04,A451530,TIGER 국고채30년스트립액티브,안전,국내채권_종합,korea_bond,government,KIS STRIP 30Y Index(총수익지수),1686.34436123,44400,-0.0057104467584816465
2026-05-06,A451530,TIGER 국고채30년스트립액티브,안전,국내채권_종합,korea_bond,government,KIS STRIP 30Y Index(총수익지수),1686.34436123,44015,-0.008671171171171221
2026-05-07,A451530,TIGER 국고채30년스트립액티브,안전,국내채권_종합,korea_bond,government,KIS STRIP 30Y Index(총수익지수),1686.34436123,44345,0.00749744405316366
2026-05-08,A451530,TIGER 국고채30년스트립액티브,안전,국내채권_종합,korea_bond,government,KIS STRIP 30Y Index(총수익지수),1686.34436123,44085,-0.00586311872815426
2026-05-11,A451530,TIGER 국고채30년스트립액티브,안전,국내채권_종합,korea_bond,government,KIS STRIP 30Y Index(총수익지수),1686.34436123,43855,-0.005217194056935437
2026-05-12,A451530,TIGER 국고채30년스트립액티브,안전,국내채권_종합,korea_bond,government,KIS STRIP 30Y Index(총수익지수),1686.34436123,42510,-0.03066925094059969
2026-05-13,A451530,TIGER 국고채30년스트립액티브,안전,국내채권_종합,korea_bond,government,KIS STRIP 30Y Index(총수익지수),1686.34436123,42450,-0.0014114326040931546
2026-05-14,A451530,TIGER 국고채30년스트립액티브,안전,국내채권_종합,korea_bond,government,KIS STRIP 30Y Index(총수익지수),1686.34436123,42100,-0.00824499411071844
2026-05-15,A451530,TIGER 국고채30년스트립액티브,안전,국내채권_종합,korea_bond,government,KIS STRIP 30Y Index(총수익지수),1686.34436123,40580,-0.03610451306413298
2026-05-18,A451530,TIGER 국고채30년스트립액티브,안전,국내채권_종합,korea_bond,government,KIS STRIP 30Y Index(총수익지수),1686.34436123,39860,-0.017742730409068486
2026-05-19,A451530,TIGER 국고채30년스트립액티브,안전,국내채권_종합,korea_bond,government,KIS STRIP 30Y Index(총수익지수),1686.34436123,39605,-0.006397390868038144
2026-05-20,A451530,TIGER 국고채30년스트립액티브,안전,국내채권_종합,korea_bond,government,KIS STRIP 30Y Index(총수익지수),1686.34436123,40015,0.010352228254008278
2026-05-21,A451530,TIGER 국고채30년스트립액티브,안전,국내채권_종합,korea_bond,government,KIS STRIP 30Y Index(총수익지수),1686.34436123,40255,0.00599775084343368
2026-05-22,A451530,TIGER 국고채30년스트립액티브,안전,국내채권_종합,korea_bond,government,KIS STRIP 30Y Index(총수익지수),1686.34436123,40340,0.002111538939262303
2026-01-02,A451540,TIGER 종합채권(AA-이상)액티브,안전,국내채권_회사채,korea_bond,credit,KIS 종합채권 AA-이상 총수익 지수(Total return Index),8916.36168255,55120,-0.0014492753623188692
2026-01-05,A451540,TIGER 종합채권(AA-이상)액티브,안전,국내채권_회사채,korea_bond,credit,KIS 종합채권 AA-이상 총수익 지수(Total return Index),8916.36168255,55040,-0.0014513788098693414
2026-01-06,A451540,TIGER 종합채권(AA-이상)액티브,안전,국내채권_회사채,korea_bond,credit,KIS 종합채권 AA-이상 총수익 지수(Total return Index),8916.36168255,55100,0.0010901162790697416
2026-01-07,A451540,TIGER 종합채권(AA-이상)액티브,안전,국내채권_회사채,korea_bond,credit,KIS 종합채권 AA-이상 총수익 지수(Total return Index),8916.36168255,55255,0.002813067150635229
2026-01-08,A451540,TIGER 종합채권(AA-이상)액티브,안전,국내채권_회사채,korea_bond,credit,KIS 종합채권 AA-이상 총수익 지수(Total return Index),8916.36168255,55280,0.00045244774228581086
2026-01-09,A451540,TIGER 종합채권(AA-이상)액티브,안전,국내채권_회사채,korea_bond,credit,KIS 종합채권 AA-이상 총수익 지수(Total return Index),8916.36168255,55190,-0.0016280752532561449
2026-01-12,A451540,TIGER 종합채권(AA-이상)액티브,안전,국내채권_회사채,korea_bond,credit,KIS 종합채권 AA-이상 총수익 지수(Total return Index),8916.36168255,55215,0.0004529806124298208
2026-01-13,A451540,TIGER 종합채권(AA-이상)액티브,안전,국내채권_회사채,korea_bond,credit,KIS 종합채권 AA-이상 총수익 지수(Total return Index),8916.36168255,55095,-0.0021733224667209727
2026-01-14,A451540,TIGER 종합채권(AA-이상)액티브,안전,국내채권_회사채,korea_bond,credit,KIS 종합채권 AA-이상 총수익 지수(Total return Index),8916.36168255,55115,0.0003630093474906726
2026-01-15,A451540,TIGER 종합채권(AA-이상)액티브,안전,국내채권_회사채,korea_bond,credit,KIS 종합채권 AA-이상 총수익 지수(Total return Index),8916.36168255,54890,-0.004082373219631674
2026-01-16,A451540,TIGER 종합채권(AA-이상)액티브,안전,국내채권_회사채,korea_bond,credit,KIS 종합채권 AA-이상 총수익 지수(Total return Index),8916.36168255,54955,0.001184186554928024
2026-01-19,A451540,TIGER 종합채권(AA-이상)액티브,안전,국내채권_회사채,korea_bond,credit,KIS 종합채권 AA-이상 총수익 지수(Total return Index),8916.36168255,54765,-0.0034573742152670395
2026-01-20,A451540,TIGER 종합채권(AA-이상)액티브,안전,국내채권_회사채,korea_bond,credit,KIS 종합채권 AA-이상 총수익 지수(Total return Index),8916.36168255,54375,-0.007121336620104057
2026-01-21,A451540,TIGER 종합채권(AA-이상)액티브,안전,국내채권_회사채,korea_bond,credit,KIS 종합채권 AA-이상 총수익 지수(Total return Index),8916.36168255,54515,0.0025747126436781453
2026-01-22,A451540,TIGER 종합채권(AA-이상)액티브,안전,국내채권_회사채,korea_bond,credit,KIS 종합채권 AA-이상 총수익 지수(Total return Index),8916.36168255,54680,0.0030266899018618343
2026-01-23,A451540,TIGER 종합채권(AA-이상)액티브,안전,국내채권_회사채,korea_bond,credit,KIS 종합채권 AA-이상 총수익 지수(Total return Index),8916.36168255,54535,-0.002651792245793705
2026-01-26,A451540,TIGER 종합채권(AA-이상)액티브,안전,국내채권_회사채,korea_bond,credit,KIS 종합채권 AA-이상 총수익 지수(Total return Index),8916.36168255,54660,0.00229210598698093
2026-01-27,A451540,TIGER 종합채권(AA-이상)액티브,안전,국내채권_회사채,korea_bond,credit,KIS 종합채권 AA-이상 총수익 지수(Total return Index),8916.36168255,54680,0.00036589828027810967
2026-01-28,A451540,TIGER 종합채권(AA-이상)액티브,안전,국내채권_회사채,korea_bond,credit,KIS 종합채권 AA-이상 총수익 지수(Total return Index),8916.36168255,54745,0.001188734455010998
2026-01-29,A451540,TIGER 종합채권(AA-이상)액티브,안전,국내채권_회사채,korea_bond,credit,KIS 종합채권 AA-이상 총수익 지수(Total return Index),8916.36168255,54615,-0.002374646086400589
2026-01-30,A451540,TIGER 종합채권(AA-이상)액티브,안전,국내채권_회사채,korea_bond,credit,KIS 종합채권 AA-이상 총수익 지수(Total return Index),8916.36168255,54460,-0.0028380481552686687
2026-02-02,A451540,TIGER 종합채권(AA-이상)액티브,안전,국내채권_회사채,korea_bond,credit,KIS 종합채권 AA-이상 총수익 지수(Total return Index),8916.36168255,54395,-0.0011935365405802978
2026-02-03,A451540,TIGER 종합채권(AA-이상)액티브,안전,국내채권_회사채,korea_bond,credit,KIS 종합채권 AA-이상 총수익 지수(Total return Index),8916.36168255,54270,-0.002298005331372366
2026-02-04,A451540,TIGER 종합채권(AA-이상)액티브,안전,국내채권_회사채,korea_bond,credit,KIS 종합채권 AA-이상 총수익 지수(Total return Index),8916.36168255,54210,-0.001105583195135429
2026-02-05,A451540,TIGER 종합채권(AA-이상)액티브,안전,국내채권_회사채,korea_bond,credit,KIS 종합채권 AA-이상 총수익 지수(Total return Index),8916.36168255,54250,0.0007378712414682909
2026-02-06,A451540,TIGER 종합채권(AA-이상)액티브,안전,국내채권_회사채,korea_bond,credit,KIS 종합채권 AA-이상 총수익 지수(Total return Index),8916.36168255,54220,-0.0005529953917050578
2026-02-09,A451540,TIGER 종합채권(AA-이상)액티브,안전,국내채권_회사채,korea_bond,credit,KIS 종합채권 AA-이상 총수익 지수(Total return Index),8916.36168255,54035,-0.003412025082995207
2026-02-10,A451540,TIGER 종합채권(AA-이상)액티브,안전,국내채권_회사채,korea_bond,credit,KIS 종합채권 AA-이상 총수익 지수(Total return Index),8916.36168255,54230,0.003608772092162482
2026-02-11,A451540,TIGER 종합채권(AA-이상)액티브,안전,국내채권_회사채,korea_bond,credit,KIS 종합채권 AA-이상 총수익 지수(Total return Index),8916.36168255,54300,0.0012907984510419634
2026-02-12,A451540,TIGER 종합채권(AA-이상)액티브,안전,국내채권_회사채,korea_bond,credit,KIS 종합채권 AA-이상 총수익 지수(Total return Index),8916.36168255,54425,0.002302025782688677
2026-02-13,A451540,TIGER 종합채권(AA-이상)액티브,안전,국내채권_회사채,korea_bond,credit,KIS 종합채권 AA-이상 총수익 지수(Total return Index),8916.36168255,54515,0.0016536518144234513
2026-02-19,A451540,TIGER 종합채권(AA-이상)액티브,안전,국내채권_회사채,korea_bond,credit,KIS 종합채권 AA-이상 총수익 지수(Total return Index),8916.36168255,54535,0.0003668715032560943
2026-02-20,A451540,TIGER 종합채권(AA-이상)액티브,안전,국내채권_회사채,korea_bond,credit,KIS 종합채권 AA-이상 총수익 지수(Total return Index),8916.36168255,54675,0.0025671587054185707
2026-02-23,A451540,TIGER 종합채권(AA-이상)액티브,안전,국내채권_회사채,korea_bond,credit,KIS 종합채권 AA-이상 총수익 지수(Total return Index),8916.36168255,54605,-0.0012802926383173041
2026-02-24,A451540,TIGER 종합채권(AA-이상)액티브,안전,국내채권_회사채,korea_bond,credit,KIS 종합채권 AA-이상 총수익 지수(Total return Index),8916.36168255,54500,-0.0019229008332570796
2026-02-25,A451540,TIGER 종합채권(AA-이상)액티브,안전,국내채권_회사채,korea_bond,credit,KIS 종합채권 AA-이상 총수익 지수(Total return Index),8916.36168255,54675,0.0032110091743118296
2026-02-26,A451540,TIGER 종합채권(AA-이상)액티브,안전,국내채권_회사채,korea_bond,credit,KIS 종합채권 AA-이상 총수익 지수(Total return Index),8916.36168255,54885,0.0038408779149519123
2026-02-27,A451540,TIGER 종합채권(AA-이상)액티브,안전,국내채권_회사채,korea_bond,credit,KIS 종합채권 AA-이상 총수익 지수(Total return Index),8916.36168255,54945,0.0010931948619841148
2026-03-03,A451540,TIGER 종합채권(AA-이상)액티브,안전,국내채권_회사채,korea_bond,credit,KIS 종합채권 AA-이상 총수익 지수(Total return Index),8916.36168255,54495,-0.008190008190008147
2026-03-04,A451540,TIGER 종합채권(AA-이상)액티브,안전,국내채권_회사채,korea_bond,credit,KIS 종합채권 AA-이상 총수익 지수(Total return Index),8916.36168255,54450,-0.0008257638315442017
2026-03-05,A451540,TIGER 종합채권(AA-이상)액티브,안전,국내채권_회사채,korea_bond,credit,KIS 종합채권 AA-이상 총수익 지수(Total return Index),8916.36168255,54645,0.003581267217630746
2026-03-06,A451540,TIGER 종합채권(AA-이상)액티브,안전,국내채권_회사채,korea_bond,credit,KIS 종합채권 AA-이상 총수익 지수(Total return Index),8916.36168255,54555,-0.0016469942355201717
2026-03-09,A451540,TIGER 종합채권(AA-이상)액티브,안전,국내채권_회사채,korea_bond,credit,KIS 종합채권 AA-이상 총수익 지수(Total return Index),8916.36168255,54205,-0.006415543946476032
2026-03-10,A451540,TIGER 종합채권(AA-이상)액티브,안전,국내채권_회사채,korea_bond,credit,KIS 종합채권 AA-이상 총수익 지수(Total return Index),8916.36168255,54560,0.006549211327368409
2026-03-11,A451540,TIGER 종합채권(AA-이상)액티브,안전,국내채권_회사채,korea_bond,credit,KIS 종합채권 AA-이상 총수익 지수(Total return Index),8916.36168255,54610,0.000916422287390084
2026-03-12,A451540,TIGER 종합채권(AA-이상)액티브,안전,국내채권_회사채,korea_bond,credit,KIS 종합채권 AA-이상 총수익 지수(Total return Index),8916.36168255,54465,-0.002655191356894293
2026-03-13,A451540,TIGER 종합채권(AA-이상)액티브,안전,국내채권_회사채,korea_bond,credit,KIS 종합채권 AA-이상 총수익 지수(Total return Index),8916.36168255,54355,-0.0020196456439915966
2026-03-16,A451540,TIGER 종합채권(AA-이상)액티브,안전,국내채권_회사채,korea_bond,credit,KIS 종합채권 AA-이상 총수익 지수(Total return Index),8916.36168255,54400,0.0008278907184251505
2026-03-17,A451540,TIGER 종합채권(AA-이상)액티브,안전,국내채권_회사채,korea_bond,credit,KIS 종합채권 AA-이상 총수익 지수(Total return Index),8916.36168255,54400,0.0
2026-03-18,A451540,TIGER 종합채권(AA-이상)액티브,안전,국내채권_회사채,korea_bond,credit,KIS 종합채권 AA-이상 총수익 지수(Total return Index),8916.36168255,54670,0.004963235294117574
2026-03-19,A451540,TIGER 종합채권(AA-이상)액티브,안전,국내채권_회사채,korea_bond,credit,KIS 종합채권 AA-이상 총수익 지수(Total return Index),8916.36168255,54410,-0.004755807572708992
2026-03-20,A451540,TIGER 종합채권(AA-이상)액티브,안전,국내채권_회사채,korea_bond,credit,KIS 종합채권 AA-이상 총수익 지수(Total return Index),8916.36168255,54295,-0.0021135820621209778
2026-03-23,A451540,TIGER 종합채권(AA-이상)액티브,안전,국내채권_회사채,korea_bond,credit,KIS 종합채권 AA-이상 총수익 지수(Total return Index),8916.36168255,53840,-0.008380145501427405
2026-03-24,A451540,TIGER 종합채권(AA-이상)액티브,안전,국내채권_회사채,korea_bond,credit,KIS 종합채권 AA-이상 총수익 지수(Total return Index),8916.36168255,53925,0.0015787518573551207
2026-03-25,A451540,TIGER 종합채권(AA-이상)액티브,안전,국내채권_회사채,korea_bond,credit,KIS 종합채권 AA-이상 총수익 지수(Total return Index),8916.36168255,53895,-0.0005563282336578101
2026-03-26,A451540,TIGER 종합채권(AA-이상)액티브,안전,국내채권_회사채,korea_bond,credit,KIS 종합채권 AA-이상 총수익 지수(Total return Index),8916.36168255,53805,-0.0016699137211244608
2026-03-27,A451540,TIGER 종합채권(AA-이상)액티브,안전,국내채권_회사채,korea_bond,credit,KIS 종합채권 AA-이상 총수익 지수(Total return Index),8916.36168255,53665,-0.0026019886627637323
2026-03-30,A451540,TIGER 종합채권(AA-이상)액티브,안전,국내채권_회사채,korea_bond,credit,KIS 종합채권 AA-이상 총수익 지수(Total return Index),8916.36168255,53710,0.000838535358240966
2026-03-31,A451540,TIGER 종합채권(AA-이상)액티브,안전,국내채권_회사채,korea_bond,credit,KIS 종합채권 AA-이상 총수익 지수(Total return Index),8916.36168255,53740,0.0005585552038727126
2026-04-01,A451540,TIGER 종합채권(AA-이상)액티브,안전,국내채권_회사채,korea_bond,credit,KIS 종합채권 AA-이상 총수익 지수(Total return Index),8916.36168255,54325,0.010885746185336886
2026-04-02,A451540,TIGER 종합채권(AA-이상)액티브,안전,국내채권_회사채,korea_bond,credit,KIS 종합채권 AA-이상 총수익 지수(Total return Index),8916.36168255,54015,-0.005706396686608328
2026-04-03,A451540,TIGER 종합채권(AA-이상)액티브,안전,국내채권_회사채,korea_bond,credit,KIS 종합채권 AA-이상 총수익 지수(Total return Index),8916.36168255,54290,0.005091178376376959
2026-04-06,A451540,TIGER 종합채권(AA-이상)액티브,안전,국내채권_회사채,korea_bond,credit,KIS 종합채권 AA-이상 총수익 지수(Total return Index),8916.36168255,54360,0.0012893718916928698
2026-04-07,A451540,TIGER 종합채권(AA-이상)액티브,안전,국내채권_회사채,korea_bond,credit,KIS 종합채권 AA-이상 총수익 지수(Total return Index),8916.36168255,54285,-0.0013796909492274079
2026-04-08,A451540,TIGER 종합채권(AA-이상)액티브,안전,국내채권_회사채,korea_bond,credit,KIS 종합채권 AA-이상 총수익 지수(Total return Index),8916.36168255,54705,0.007736943907156624
2026-04-09,A451540,TIGER 종합채권(AA-이상)액티브,안전,국내채권_회사채,korea_bond,credit,KIS 종합채권 AA-이상 총수익 지수(Total return Index),8916.36168255,54565,-0.0025591810620601008
2026-04-10,A451540,TIGER 종합채권(AA-이상)액티브,안전,국내채권_회사채,korea_bond,credit,KIS 종합채권 AA-이상 총수익 지수(Total return Index),8916.36168255,54540,-0.000458169156052457
2026-04-13,A451540,TIGER 종합채권(AA-이상)액티브,안전,국내채권_회사채,korea_bond,credit,KIS 종합채권 AA-이상 총수익 지수(Total return Index),8916.36168255,54445,-0.0017418408507517968
2026-04-14,A451540,TIGER 종합채권(AA-이상)액티브,안전,국내채권_회사채,korea_bond,credit,KIS 종합채권 AA-이상 총수익 지수(Total return Index),8916.36168255,54635,0.0034897603085681794
2026-04-15,A451540,TIGER 종합채권(AA-이상)액티브,안전,국내채권_회사채,korea_bond,credit,KIS 종합채권 AA-이상 총수익 지수(Total return Index),8916.36168255,54705,0.0012812299807816174
2026-04-16,A451540,TIGER 종합채권(AA-이상)액티브,안전,국내채권_회사채,korea_bond,credit,KIS 종합채권 AA-이상 총수익 지수(Total return Index),8916.36168255,54640,-0.0011881912073851142
2026-04-17,A451540,TIGER 종합채권(AA-이상)액티브,안전,국내채권_회사채,korea_bond,credit,KIS 종합채권 AA-이상 총수익 지수(Total return Index),8916.36168255,54540,-0.0018301610541727742
2026-04-20,A451540,TIGER 종합채권(AA-이상)액티브,안전,국내채권_회사채,korea_bond,credit,KIS 종합채권 AA-이상 총수익 지수(Total return Index),8916.36168255,54590,0.000916758342500934
2026-04-21,A451540,TIGER 종합채권(AA-이상)액티브,안전,국내채권_회사채,korea_bond,credit,KIS 종합채권 AA-이상 총수익 지수(Total return Index),8916.36168255,54710,0.0021982047994137943
2026-04-22,A451540,TIGER 종합채권(AA-이상)액티브,안전,국내채권_회사채,korea_bond,credit,KIS 종합채권 AA-이상 총수익 지수(Total return Index),8916.36168255,54595,-0.0021019923231584414
2026-04-23,A451540,TIGER 종합채권(AA-이상)액티브,안전,국내채권_회사채,korea_bond,credit,KIS 종합채권 AA-이상 총수익 지수(Total return Index),8916.36168255,54335,-0.004762340873706417
2026-04-24,A451540,TIGER 종합채권(AA-이상)액티브,안전,국내채권_회사채,korea_bond,credit,KIS 종합채권 AA-이상 총수익 지수(Total return Index),8916.36168255,54280,-0.0010122388883776479
2026-04-27,A451540,TIGER 종합채권(AA-이상)액티브,안전,국내채권_회사채,korea_bond,credit,KIS 종합채권 AA-이상 총수익 지수(Total return Index),8916.36168255,54275,-9.211495946936932e-05
2026-04-28,A451540,TIGER 종합채권(AA-이상)액티브,안전,국내채권_회사채,korea_bond,credit,KIS 종합채권 AA-이상 총수익 지수(Total return Index),8916.36168255,54165,-0.0020267157991709084
2026-04-29,A451540,TIGER 종합채권(AA-이상)액티브,안전,국내채권_회사채,korea_bond,credit,KIS 종합채권 AA-이상 총수익 지수(Total return Index),8916.36168255,54230,0.0012000369242131104
2026-04-30,A451540,TIGER 종합채권(AA-이상)액티브,안전,국내채권_회사채,korea_bond,credit,KIS 종합채권 AA-이상 총수익 지수(Total return Index),8916.36168255,53940,-0.005347593582887722
2026-05-04,A451540,TIGER 종합채권(AA-이상)액티브,안전,국내채권_회사채,korea_bond,credit,KIS 종합채권 AA-이상 총수익 지수(Total return Index),8916.36168255,53930,-0.00018539117538007854
2026-05-06,A451540,TIGER 종합채권(AA-이상)액티브,안전,국내채권_회사채,korea_bond,credit,KIS 종합채권 AA-이상 총수익 지수(Total return Index),8916.36168255,53860,-0.0012979788614870813
2026-05-07,A451540,TIGER 종합채권(AA-이상)액티브,안전,국내채권_회사채,korea_bond,credit,KIS 종합채권 AA-이상 총수익 지수(Total return Index),8916.36168255,54015,0.002877831414779042
2026-05-08,A451540,TIGER 종합채권(AA-이상)액티브,안전,국내채권_회사채,korea_bond,credit,KIS 종합채권 AA-이상 총수익 지수(Total return Index),8916.36168255,53955,-0.0011108025548458578
2026-05-11,A451540,TIGER 종합채권(AA-이상)액티브,안전,국내채권_회사채,korea_bond,credit,KIS 종합채권 AA-이상 총수익 지수(Total return Index),8916.36168255,53865,-0.0016680567139282232
2026-05-12,A451540,TIGER 종합채권(AA-이상)액티브,안전,국내채권_회사채,korea_bond,credit,KIS 종합채권 AA-이상 총수익 지수(Total return Index),8916.36168255,53570,-0.005476654599461672
2026-05-13,A451540,TIGER 종합채권(AA-이상)액티브,안전,국내채권_회사채,korea_bond,credit,KIS 종합채권 AA-이상 총수익 지수(Total return Index),8916.36168255,53585,0.0002800074668658503
2026-05-14,A451540,TIGER 종합채권(AA-이상)액티브,안전,국내채권_회사채,korea_bond,credit,KIS 종합채권 AA-이상 총수익 지수(Total return Index),8916.36168255,53530,-0.0010264066436502794
2026-05-15,A451540,TIGER 종합채권(AA-이상)액티브,안전,국내채권_회사채,korea_bond,credit,KIS 종합채권 AA-이상 총수익 지수(Total return Index),8916.36168255,53090,-0.008219689893517623
2026-05-18,A451540,TIGER 종합채권(AA-이상)액티브,안전,국내채권_회사채,korea_bond,credit,KIS 종합채권 AA-이상 총수익 지수(Total return Index),8916.36168255,53035,-0.0010359766434356876
2026-05-19,A451540,TIGER 종합채권(AA-이상)액티브,안전,국내채권_회사채,korea_bond,credit,KIS 종합채권 AA-이상 총수익 지수(Total return Index),8916.36168255,53025,-0.00018855472800982653
2026-05-20,A451540,TIGER 종합채권(AA-이상)액티브,안전,국내채권_회사채,korea_bond,credit,KIS 종합채권 AA-이상 총수익 지수(Total return Index),8916.36168255,53060,0.0006600660066007347
2026-05-21,A451540,TIGER 종합채권(AA-이상)액티브,안전,국내채권_회사채,korea_bond,credit,KIS 종합채권 AA-이상 총수익 지수(Total return Index),8916.36168255,53170,0.0020731247644176776
2026-05-22,A451540,TIGER 종합채권(AA-이상)액티브,안전,국내채권_회사채,korea_bond,credit,KIS 종합채권 AA-이상 총수익 지수(Total return Index),8916.36168255,53205,0.0006582659394396284
