date,ticker,pred,target_5d
2024-07-30,133690,-0.01737014301090456,-0.0525583510113294
2024-07-31,133690,0.004513997462811188,-0.0451625799719763
2024-08-01,133690,0.011083383803464734,-0.0744979618124686
2024-08-02,133690,0.010336403834107524,-0.0133017013894818
2024-08-05,133690,0.007093709815791754,0.0661898312368103
2024-08-06,133690,0.004605366703520261,0.0170990341791355
2024-08-07,133690,0.0037529523866812902,0.0327020367654312
2024-08-08,133690,0.004006415940745586,0.0739525893692317
2024-08-09,133690,0.004561575499828652,0.0336042399993184
2024-08-12,133690,0.0049378612892756754,0.0370867875529646
2024-08-13,133690,0.005041102861028217,0.034918314418837
2024-08-14,133690,0.0049807429087231694,0.0217243685472337
2024-08-16,133690,0.004888037060519058,-0.0129198990175303
2024-08-19,133690,0.004832342445292205,0.0077907244553306
2024-08-20,133690,0.004821233501295687,-0.0151284104876282
2024-08-21,133690,0.004833749483086984,-0.0064890246439024
2024-08-22,133690,0.00484889445523052,-0.0301773259936217
2024-08-23,133690,0.004856941638066996,-0.0111924133427998
2024-08-26,133690,0.0048578537284581025,-0.0015931566914148
2024-08-27,133690,0.004855450311168034,0.0062382366912116
2024-08-28,133690,0.004853025600387765,-0.0352840113670354
2024-08-29,133690,0.004851895482899084,-0.0178147697584625
2024-08-30,133690,0.004851885317186366,-0.0382062441421563
2024-09-02,133690,0.00485232409326085,-0.0510917310396579
2024-09-03,133690,0.004852704845778211,-0.0450239662854498
2024-09-04,133690,0.004852858007983376,-0.0070282947829996
2024-09-05,133690,0.004852838740463461,0.023700736575744
2024-09-06,133690,0.004852761548426554,0.0337957077288734
2024-09-09,133690,0.004852702901964082,0.0515162436146372
2024-09-10,133690,0.004852683115441677,0.0520925363955068
2024-09-11,133690,0.004852689349847368,0.0551973112426522
2024-09-12,133690,0.00485270253769451,0.0274371448824854
2024-09-13,133690,0.004852711391896898,0.0233526262178412
2024-09-19,133690,0.0048527137718660275,0.0261933373214777
2024-09-20,133690,0.0048527123091854,0.0039825985845946
2024-09-23,133690,0.004852710110927161,-0.017408213705626
2024-09-24,133690,0.00485270880272556,-0.0199038563242105
2024-09-25,133690,0.004852708549988545,-0.0001199585287668
2024-09-26,133690,0.004852708851014032,0.0037393610868075
2024-09-27,133690,0.0048527092095492375,0.009938541770376
2024-09-30,133690,0.0048527093981824785,0.0469008890077852
2024-10-02,133690,0.004852709418167519,0.0487084857737161
2024-10-04,133690,0.004852709360631359,0.03815726476014
2024-10-07,133690,0.004852709303317924,0.0313301367178409
2024-10-08,133690,0.004852709276892581,0.0301996428223859
2024-10-10,133690,0.004852709276899134,0.0137850352401274
2024-10-11,133690,0.004852709287368674,0.0153309207783955
2024-10-14,133690,0.004852709296355083,0.016004661807615
2024-10-15,133690,0.004852709299924958,0.0069576934749943
2024-10-16,133690,0.004852709299431563,0.0215888429616666
2024-10-17,133690,0.004852709297594341,0.0054531139959357
2024-10-18,133690,0.004852709296212302,0.0144637488423751
2024-10-21,133690,0.004852709295753207,0.0161999017859276
2024-10-22,133690,0.004852709295906294,0.0095736118278233
2024-10-23,133690,0.004852709296219525,0.0123099656775555
2024-10-24,133690,0.004852709296427841,0.0025654570595873
2024-10-25,133690,0.004852709296482665,-0.0213307145486822
2024-10-28,133690,0.004852709296447247,-0.0277522294657649
2024-10-29,133690,0.004852709296395129,-0.025081337956791
2024-10-30,133690,0.004852709296364405,0.0050781669074634
2024-10-31,133690,0.004852709296358664,0.041033107940021
2024-11-01,133690,0.004852709296365901,0.0607798731195154
2024-11-04,133690,0.004852709296374387,0.0687968704548548
2024-11-05,133690,0.004852709296378809,0.0719957535544065
2024-11-06,133690,0.004852709296379244,0.0320721521315093
2024-11-07,133690,0.004852709296377868,0.0125052380742187
2024-11-08,133690,0.004852709296376513,-0.0094771227062872
2024-11-11,133690,0.0048527092963758945,-0.0307786056372936
2024-11-12,133690,0.004852709296375901,-0.0339450565037354
2024-11-13,133690,0.00485270929637615,-0.0238668889651014
2024-11-14,133690,0.004852709296376363,-0.0230352745081525
2024-11-15,133690,0.004852709296376446,0.0021614375336289
2024-11-18,133690,0.004852709296376433,0.0218699464931026
2024-11-19,133690,0.004852709296376389,0.0170271278624401
2024-11-20,133690,0.004852709296376356,0.012070571671135
2024-11-21,133690,0.0048527092963763455,0.007740134374946
2024-11-22,133690,0.004852709296376349,0.0007012677649688
2024-11-25,133690,0.004852709296376357,0.0001933360921971
2024-11-26,133690,0.004852709296376363,0.0197887513164839
2024-11-27,133690,0.004852709296376365,0.0281562272689753
2024-11-28,133690,0.004852709296376363,0.0457453556010968
2024-11-29,133690,0.004852709296376361,0.0452960189865007
2024-12-02,133690,0.00485270929637636,0.0587046162729293
2024-12-03,133690,0.00485270929637636,0.0294490222873203
2024-12-04,133690,0.004852709296376361,0.0204869377692597
2024-12-05,133690,0.004852709296376361,0.0239033489356255
2024-12-06,133690,0.004852709296376361,0.0226036995600979
2024-12-09,133690,0.004852709296376361,0.0069323108374921
2024-12-10,133690,0.004852709296376361,0.0376731506680251
2024-12-11,133690,0.004852709296376361,0.0310713644805478
2024-12-12,133690,0.004852709296376361,-0.011331648959616
2024-12-13,133690,0.004852709296376361,-0.0199867728051327
2024-12-16,133690,0.004852709296376361,-0.0031332072804327
2024-12-17,133690,0.004852709296376361,-0.0144262442657126
2024-12-18,133690,0.004852709296376361,0.0124899765851193
2024-12-19,133690,0.004852709296376361,0.0354162024756477
2024-12-20,133690,0.004852709296376361,0.0372383451401187
2024-12-23,133690,0.004852709296376361,-0.0039449505638081
2024-12-24,133690,0.004852709296376361,-0.0131559290933883
2024-12-26,133690,0.004852709296376361,-0.0204564847849148
2024-12-27,133690,0.004852709296376361,-0.0184954732118583
2024-12-30,133690,0.004852709296376361,-0.0231274373153235
2025-01-02,133690,0.004852709296376361,-0.0053306940217346
2025-01-03,133690,0.004852709296376361,0.0002491426574426
2025-01-06,133690,0.004852709296376361,-0.0272949099376695
2025-01-07,133690,0.004852709296376361,-0.0226794977443701
2025-01-08,133690,0.004852709296376361,-0.0182848812742021
2025-01-09,133690,0.004852709296376361,0.0028407238051078
2025-01-10,133690,0.004852709296376361,-0.0024574993569951
2025-01-13,133690,0.004852709296376361,0.0191407113929502
2025-01-14,133690,0.004852709296376361,0.0108548634552962
2025-01-15,133690,0.004852709296376361,0.0266103649538996
2025-01-16,133690,0.004852709296376361,0.0120127456977507
2025-01-17,133690,0.004852709296376361,0.0150025776585221
2025-01-20,133690,0.004852709296376361,0.0102454348665051
2025-01-21,133690,0.004852709296376361,-0.0067170080508263
2025-01-22,133690,0.004852709296376361,-0.0036876121431823
2025-01-23,133690,0.004852709296376361,-0.0123052310207288
2025-01-24,133690,0.004852709296376361,0.004547989040956
2025-01-31,133690,0.004852709296376361,0.00118069718038
2025-02-03,133690,0.004852709296376361,0.0205518676847597
2025-02-04,133690,0.004852709296376361,0.0136996870517348
2025-02-05,133690,0.004852709296376361,0.0180891537671338
2025-02-06,133690,0.004852709296376361,0.0050291797813312
2025-02-07,133690,0.004852709296376361,0.0109341540312034
2025-02-10,133690,0.004852709296376361,0.0203361935534663
2025-02-11,133690,0.004852709296376361,0.016622737392779
2025-02-12,133690,0.004852709296376361,0.0125470906787257
2025-02-13,133690,0.004852709296376361,0.0050040136443079
2025-02-14,133690,0.004852709296376361,-0.0052732539073699
2025-02-17,133690,0.004852709296376361,-0.0304352727552982
2025-02-18,133690,0.004852709296376361,-0.0465870068329814
2025-02-19,133690,0.004852709296376361,-0.0487011566195116
2025-02-20,133690,0.004852709296376361,-0.0352996608392876
2025-02-21,133690,0.004852709296376361,-0.0491372180610817
2025-02-24,133690,0.004852709296376361,-0.0331316281055681
2025-02-25,133690,0.004852709296376361,-0.0242131689579265
2025-02-26,133690,0.004852709296376361,-0.0225395382359345
2025-02-27,133690,0.004852709296376361,-0.0512800757350987
2025-02-28,133690,0.004852709296376361,-0.0317220331023781
2025-03-04,133690,0.004852709296376361,-0.0550818368515853
2025-03-05,133690,0.004852709296376361,-0.0560529873687183
2025-03-06,133690,0.004852709296376361,-0.0507971578701023
2025-03-07,133690,0.004852709296376361,-0.0320861170942458
2025-03-10,133690,0.004852709296376361,-0.0293446530441984
2025-03-11,133690,0.004852709296376361,0.0104260523039624
2025-03-12,133690,0.004852709296376361,0.0062721209153668
2025-03-13,133690,0.004852709296376361,0.0255297331206259
2025-03-14,133690,0.004852709296376361,0.020833921353098
2025-03-17,133690,0.004852709296376361,0.0323421341532095
2025-03-18,133690,0.004852709296376361,0.0314901070880589
2025-03-19,133690,0.004852709296376361,0.0461549061061374
2025-03-20,133690,0.004852709296376361,0.0091904264707786
2025-03-21,133690,0.004852709296376361,0.0099061067816249
2025-03-24,133690,0.004852709296376361,-0.0423047666788541
2025-03-25,133690,0.004852709296376361,-0.045253194765339
2025-03-26,133690,0.004852709296376361,-0.0425169029136509
2025-03-27,133690,0.004852709296376361,-0.0509576922065705
2025-03-28,133690,0.004852709296376361,-0.0908509155726353
2025-03-31,133690,0.004852709296376361,-0.1456909294403873
2025-04-01,133690,0.004852709296376361,-0.0869939298544488
2025-04-02,133690,0.004852709296376361,-0.130105662553884
2025-04-03,133690,0.004852709296376361,-0.004669434357059
2025-04-04,133690,0.004852709296376361,0.0182750319908253
2025-04-07,133690,0.004852709296376361,0.1084748859220958
2025-04-08,133690,0.004852709296376361,0.0316232902611468
2025-04-09,133690,0.004852709296376361,0.0510140547232043
2025-04-10,133690,0.004852709296376361,-0.0528306200846154
2025-04-11,133690,0.004852709296376361,-0.0335514242999229
2025-04-14,133690,0.004852709296376361,-0.0493656198695704
2025-04-15,133690,0.004852709296376361,-0.0500236403665971
2025-04-16,133690,0.004852709296376361,0.0068907273913882
2025-04-17,133690,0.004852709296376361,0.0208044723232532
2025-04-18,133690,0.004852709296376361,0.0603811535641542
2025-04-21,133690,0.004852709296376361,0.0824584796273038
2025-04-22,133690,0.004852709296376361,0.0929543670454762
2025-04-23,133690,0.004852709296376361,0.0434474940669923
2025-04-24,133690,0.004852709296376361,0.0404836501835598
2025-04-25,133690,0.004852709296376361,0.00111600335794
2025-04-28,133690,0.004852709296376361,0.0035340440891733
2025-04-29,133690,0.004852709296376361,0.0070596976373495
2025-04-30,133690,0.004852709296376361,0.0376058370580555
2025-05-02,133690,0.004852709296376361,0.0541035179576945
2025-05-07,133690,0.004852709296376361,0.0818997416588424
2025-05-08,133690,0.004852709296376361,0.0574126742160497
2025-05-09,133690,0.004852709296376361,0.0510842373946367
2025-05-12,133690,0.004852709296376361,0.0289852865494869
2025-05-13,133690,0.004852709296376361,0.0088764997480465
2025-05-14,133690,0.004852709296376361,-0.0228606095913486
2025-05-15,133690,0.004852709296376361,-0.0179973017136852
2025-05-16,133690,0.004852709296376361,-0.0224268467708995
2025-05-19,133690,0.004852709296376361,-0.0225711078790204
2025-05-20,133690,0.004852709296376361,-0.0235723988997981
2025-05-21,133690,0.004852709296376361,-0.0001918862811035
2025-05-22,133690,0.004852709296376361,0.0257117840546124
2025-05-23,133690,0.004852709296376361,0.0159736786597472
2025-05-26,133690,0.004852709296376361,0.0072593760435782
2025-05-27,133690,0.004852709296376361,0.0225815300554835
2025-05-28,133690,0.004852709296376361,0.0004911553761295
2025-05-29,133690,0.004852709296376361,-0.0154044441407084
2025-05-30,133690,0.004852709296376361,0.0117257219651551
2025-06-02,133690,0.004852709296376361,0.032763758195746
2025-06-04,133690,0.004852709296376361,-0.0007857707250806
2025-06-05,133690,0.004852709296376361,0.0004525702615857
2025-06-09,133690,0.004852709296376361,0.0059887297129975
2025-06-10,133690,0.004852709296376361,0.0018145724980664
2025-06-11,133690,0.004852709296376361,-0.0078578006300995
2025-06-12,133690,0.004852709296376361,0.0071483194122441
2025-06-13,133690,0.004852709296376361,0.0060173207684842
2025-06-16,133690,0.004852709296376361,0.008545501019182
2025-06-17,133690,0.004852709296376361,0.010976396144532
2025-06-18,133690,0.004852709296376361,0.0140565470038729
2025-06-19,133690,0.004852709296376361,0.0141675588355
2025-06-20,133690,0.004852709296376361,0.0291776566765229
2025-06-23,133690,0.004852709296376361,0.0249558789744549
2025-06-24,133690,0.004852709296376361,0.0181630553023119
2025-06-25,133690,0.004852709296376361,0.0126818943249416
2025-06-26,133690,0.004852709296376361,0.0183875790143192
2025-06-27,133690,0.004852709296376361,0.0162371152485066
2025-06-30,133690,0.004852709296376361,0.0157577020201678
2025-07-01,133690,0.004852709296376361,0.013603461679198
2025-07-02,133690,0.004852709296376361,0.0170376577889873
2025-07-03,133690,0.004852709296376361,0.0136806819153686
2025-07-04,133690,0.004852709296376361,0.0100673085674603
2025-07-07,133690,0.004852709296376361,0.0060579456429657
2025-07-08,133690,0.004852709296376361,0.0185993934497455
2025-07-09,133690,0.004852709296376361,0.0145671569603526
2025-07-10,133690,0.004852709296376361,0.0232489617313442
2025-07-11,133690,0.004852709296376361,0.0273508312530954
2025-07-14,133690,0.004852709296376361,0.0261683048341881
2025-07-15,133690,0.004852709296376361,0.0138649541836343
2025-07-16,133690,0.004852709296376361,0.0079745239187695
2025-07-17,133690,0.004852709296376361,-0.006745160884244
2025-07-18,133690,0.004852709296376361,-0.0049380732162589
2025-07-21,133690,0.004852709296376361,0.0075022788497637
2025-07-22,133690,0.004852709296376361,0.012953286398777
2025-07-23,133690,0.004852709296376361,0.0138811399717704
2025-07-24,133690,0.004852709296376361,0.0327152097063146
2025-07-25,133690,0.004852709296376361,0.0111009789959171
2025-07-28,133690,0.004852709296376361,-0.0210927948383233
2025-07-29,133690,0.004852709296376361,-0.0080962503051582
2025-07-30,133690,0.004852709296376361,-0.0077725236914238
2025-07-31,133690,0.004852709296376361,-0.0163393364342587
2025-08-01,133690,0.004852709296376361,0.0045088688033712
2025-08-04,133690,0.004852709296376361,0.0343394921641442
2025-08-05,133690,0.004852709296376361,0.0140722050756179
2025-08-06,133690,0.004852709296376361,0.027180252944418
2025-08-07,133690,0.004852709296376361,0.0190493838335068
2025-08-08,133690,0.004852709296376361,0.0086199981436543
2025-08-11,133690,0.004852709296376361,0.0037086135221491
2025-08-12,133690,0.004852709296376361,-0.005767615649175
2025-08-13,133690,0.004852709296376361,-0.0122158100346624
2025-08-14,133690,0.004852709296376361,-0.0223031751939274
2025-08-18,133690,0.004852709296376361,-0.0093839613438961
2025-08-19,133690,0.004852709296376361,-0.0076663066523076
2025-08-20,133690,0.004852709296376361,0.010059571216484
2025-08-21,133690,0.004852709296376361,0.00293989381295
2025-08-22,133690,0.004852709296376361,0.0226122315785733
2025-08-25,133690,0.004852709296376361,0.0002778723333451
2025-08-26,133690,0.004852709296376361,-0.0042583358381182
2025-08-27,133690,0.004852709296376361,-0.0127992227555332
2025-08-28,133690,0.004852709296376361,-0.0002769795399074
2025-08-29,133690,0.004852709296376361,0.0035507214141789
2025-09-01,133690,0.004852709296376361,0.0142070375312508
2025-09-02,133690,0.004852709296376361,0.0165702046801404
2025-09-03,133690,0.004852709296376361,0.0212669172991872
2025-09-04,133690,0.004852709296376361,0.018648399137008
2025-09-05,133690,0.004852709296376361,0.0091746574754298
2025-09-08,133690,0.004852709296376361,0.015283450345634
2025-09-09,133690,0.004852709296376361,0.015324436932253
2025-09-10,133690,0.004852709296376361,0.0108540127096609
2025-09-11,133690,0.004852709296376361,0.016670479316067
2025-09-12,133690,0.004852709296376361,0.0222667217339623
2025-09-15,133690,0.004852709296376361,0.0217868309435584
2025-09-16,133690,0.004852709296376361,0.027515413022926
2025-09-17,133690,0.004852709296376361,0.0269357964029613
2025-09-18,133690,0.004852709296376361,0.0153509313282025
2025-09-19,133690,0.004852709296376361,0.0126506401410202
2025-09-22,133690,0.004852709296376361,0.0055735012130301
2025-09-23,133690,0.004852709296376361,0.0014725085366558
2025-09-24,133690,0.004852709296376361,0.0006495914036177
2025-09-25,133690,0.004852709296376361,0.0141132363244847
2025-09-26,133690,0.004852709296376361,0.0350676135227017
2025-09-29,133690,0.004852709296376361,0.0203759286173485
2025-09-30,133690,0.004852709296376361,0.0169373581895297
2025-10-01,133690,0.004852709296376361,0.0201108715198609
2025-10-02,133690,0.004852709296376361,0.0114941939680129
2025-10-10,133690,0.004852709296376361,-0.0269751554273165
2025-10-13,133690,0.004852709296376361,0.0074115457919339
2025-10-14,133690,0.004852709296376361,0.0208516527910806
2025-10-15,133690,0.004852709296376361,0.0234766734414707
2025-10-16,133690,0.004852709296376361,0.0195207499914764
2025-10-17,133690,0.004852709296376361,0.0410864197903576
2025-10-20,133690,0.004852709296376361,0.0366862450644217
2025-10-21,133690,0.004852709296376361,0.0346808351143048
2025-10-22,133690,0.004852709296376361,0.0398738230842707
2025-10-23,133690,0.004852709296376361,0.0359268269141821
2025-10-24,133690,0.004852709296376361,0.0235194805831504
2025-10-27,133690,0.004852709296376361,0.0079905323615327
2025-10-28,133690,0.004852709296376361,-0.0071971082838739
2025-10-29,133690,0.004852709296376361,-0.0166166000216769
2025-10-30,133690,0.004852709296376361,-0.0055335700536245
2025-10-31,133690,0.004852709296376361,-0.0097767081791205
2025-11-03,133690,0.004852709296376361,-0.0053178757182208
2025-11-04,133690,0.004852709296376361,0.0151456785644201
2025-11-05,133690,0.004852709296376361,0.0211860756205772
2025-11-06,133690,0.004852709296376361,0.0171339560452753
2025-11-07,133690,0.004852709296376361,-0.0095255876827041
2025-11-10,133690,0.004852709296376361,-0.0030357056435305
2025-11-11,133690,0.004852709296376361,-0.0368590054549201
2025-11-12,133690,0.004852709296376361,-0.0475376602362495
2025-11-13,133690,0.004852709296376361,-0.0225448669417974
2025-11-14,133690,0.004852709296376361,-0.0244730662126449
2025-11-17,133690,0.004852709296376361,-0.0177022147414543
2025-11-18,133690,0.004852709296376361,0.014155446345068
2025-11-19,133690,0.004852709296376361,0.027026236735443
2025-11-20,133690,0.004852709296376361,0.0055635094984048
2025-11-21,133690,0.004852709296376361,0.0469666116485333
2025-11-24,133690,0.004852709296376361,0.0278180937655425
2025-11-25,133690,0.004852709296376361,0.0152049927896371
2025-11-26,133690,0.004852709296376361,0.0204513551429972
2025-11-27,133690,0.004852709296376361,0.019761816931586
2025-11-28,133690,0.004852709296376361,0.0138379648280438
2025-12-01,133690,0.004852709296376361,0.0198223382794089
2025-12-02,133690,0.004852709296376361,0.0157196676582586
2025-12-03,133690,0.004852709296376361,0.0044592627416694
2025-12-04,133690,0.004852709296376361,-0.0061404939054796
2025-12-05,133690,0.004852709296376361,0.0030777805725746
2025-12-08,133690,0.004852709296376361,-0.017114824038536
2025-12-09,133690,0.004852709296376361,-0.0266805405518704
2025-12-10,133690,0.004852709296376361,-0.0138925832435046
2025-12-11,133690,0.004852709296376361,-0.0245017681271263
2025-12-12,133690,0.004852709296376361,-0.022295079628733
2025-12-15,133690,0.004852709296376361,0.0133807299738256
2025-12-16,133690,0.004852709296376361,0.0269498266759868
2025-12-17,133690,0.004852709296376361,-0.0027568300575504
2025-12-18,133690,0.004852709296376361,0.0105141693278984
2025-12-19,133690,0.004852709296376361,-0.0076501063683016
2025-12-22,133690,0.004852709296376361,-0.0242427656461276
2024-07-30,161510,0.015660908540895,-0.0624592511698125
2024-07-31,161510,0.010413151560984643,-0.0476161819777676
2024-08-01,161510,0.00683855518279348,-0.0465035488475784
2024-08-02,161510,0.0036421644093403006,-0.0077882570088032
2024-08-05,161510,0.0015925162047384343,0.0577139834393278
2024-08-06,161510,0.0002577167064988482,0.0540750825655802
2024-08-07,161510,-0.0004247701891567464,0.0266145321167758
2024-08-08,161510,-0.0007061214948985216,0.0189470286874158
2024-08-09,161510,-0.00072756002464747,0.0262642074354673
2024-08-12,161510,-0.0006223120499687208,0.041405515226053
2024-08-13,161510,-0.0004683562728948176,0.0340807724431329
2024-08-14,161510,-0.0003161998349939127,0.0363144059564728
2024-08-16,161510,-0.00018908932644390018,0.0453106966185803
2024-08-19,161510,-9.523615778536399e-05,0.0416042485691967
2024-08-20,161510,-3.3051768439557936e-05,0.0164044110196499
2024-08-21,161510,3.2565240553527737e-06,-0.0113469566658057
2024-08-22,161510,2.081614016941159e-05,-0.0140624086138867
2024-08-23,161510,2.61890818968046e-05,-0.0237197879353114
2024-08-26,161510,2.4625963404765048e-05,-0.0324234913604044
2024-08-27,161510,1.9860404551768227e-05,-0.0147586587452881
2024-08-28,161510,1.4272017725000316e-05,-0.0066616025963028
2024-08-29,161510,9.17833740084963e-06,-0.0039648088664545
2024-08-30,161510,5.155747427756742e-06,-0.0048122281379363
2024-09-02,161510,2.3177573803708696e-06,-0.0241043060310879
2024-09-03,161510,5.291785844747778e-07,-0.0311057329628443
2024-09-04,161510,-4.472305113459726e-07,-0.0416549203872236
2024-09-05,161510,-8.61092211424205e-07,-0.0317217195333903
2024-09-06,161510,-9.277980906045868e-07,-0.0058194730405993
2024-09-09,161510,-8.108158016222592e-07,0.0124750534229605
2024-09-10,161510,-6.212929037019073e-07,0.0073941395296603
2024-09-11,161510,-4.263257950758228e-07,0.0279147813347506
2024-09-12,161510,-2.6021094646638197e-07,0.0211418345447906
2024-09-13,161510,-1.353574837677756e-07,-0.0309936262010683
2024-09-19,161510,-5.12654876946287e-08,-0.014889312921257
2024-09-20,161510,-1.087046694073663e-09,-0.0135624032642152
2024-09-23,161510,2.4078505135773245e-08,-0.0179479214193598
2024-09-24,161510,3.271319957421349e-08,-0.0307562506006302
2024-09-25,161510,3.171741124808428e-08,0.0021735988850419
2024-09-26,161510,2.608671691575311e-08,-0.0032043321468329
2024-09-27,161510,1.9059335501261555e-08,-0.0107970016733283
2024-09-30,161510,1.2474057302179374e-08,0.0078740564309072
2024-10-02,161510,7.175052962831328e-09,0.0185670273279541
2024-10-04,161510,3.3744945949015356e-09,0.0292418495944968
2024-10-07,161510,9.354612905653975e-10,0.0145853619300364
2024-10-08,161510,-4.3065475456252707e-10,0.0257616347122802
2024-10-10,161510,-1.0412804173586257e-09,0.0145109606930002
2024-10-11,161510,-1.1768061780635575e-09,0.0159154553058993
2024-10-14,161510,-1.053785049360688e-09,-0.0014067667790893
2024-10-15,161510,-8.219200059677971e-10,0.0052578199571744
2024-10-16,161510,-5.733861323797843e-10,0.0003502504326373
2024-10-17,161510,-3.5678645700743685e-10,0.0003513086282396
2024-10-18,161510,-1.9115609721102526e-10,0.0155970297292764
2024-10-21,161510,-7.772331235745067e-11,0.0056152319930795
2024-10-22,161510,-8.649451628093571e-12,0.0011879390656641
2024-10-23,161510,2.7150573904791915e-11,-0.0039298296189418
2024-10-24,161510,4.0584043812689615e-11,-0.0117299253349241
2024-10-25,161510,4.0703890772823074e-11,-0.0217210062116777
2024-10-28,161510,3.4173964228599993e-11,-0.0121119711775676
2024-10-29,161510,2.5389496334511965e-11,-0.0137118486257286
2024-10-30,161510,1.690436543825593e-11,0.0042799574191647
2024-10-31,161510,9.941978741620177e-12,0.0124321725547957
2024-11-01,161510,4.8650909511212255e-12,0.0064046388474192
2024-11-04,161510,1.5491128506061264e-12,0.014349264986416
2024-11-05,161510,-3.5307896832170296e-13,0.0031104224143927
2024-11-06,161510,-1.2432367558517043e-12,-0.0185851372740479
2024-11-07,161510,-1.4852784375352305e-12,-0.0146380296416435
2024-11-08,161510,-1.3653647119299878e-12,-0.0245014564546846
2024-11-11,161510,-1.0846051146945588e-12,-0.0156962574980443
2024-11-12,161510,-7.691945923453541e-13,-0.001695394585246
2024-11-13,161510,-4.875896900996861e-13,0.020753197709963
2024-11-14,161510,-2.6840988844706425e-13,0.0269868801863388
2024-11-15,161510,-1.158020005909379e-13,0.04388581301904
2024-11-18,161510,-2.105377393161617e-14,0.0305308564502091
2024-11-19,161510,2.954060036007899e-14,0.0243752683450928
2024-11-20,161510,4.9954938979099236e-14,0.0279690339843234
2024-11-21,161510,5.203428881670011e-14,0.0255344673576054
2024-11-22,161510,4.464592763878791e-14,0.0140751162105878
2024-11-25,161510,3.3738625863922394e-14,0.0190157374073329
2024-11-26,161510,2.28446411561403e-14,0.049667050392987
2024-11-27,161510,1.3720931546707533e-14,0.0068379806740477
2024-11-28,161510,6.955894415646965e-15,-0.0324226490544443
2024-11-29,161510,2.460711011788766e-15,-0.0286304050568926
2024-12-02,161510,-1.7632156868066266e-16,-0.0662142424951266
2024-12-03,161510,-1.4610558933877995e-15,-0.0820636572215072
2024-12-04,161510,-1.8643391783846878e-15,-0.0420991518657682
2024-12-05,161510,-1.7633593428742928e-15,0.002231676775299
2024-12-06,161510,-1.427597159922328e-15,-0.0018868589406011
2024-12-09,161510,-1.0292670964887592e-15,0.0212682866846822
2024-12-10,161510,-6.642635820842489e-16,0.0017090369466359
2024-12-11,161510,-3.7494810663516844e-16,-0.0058580821794826
2024-12-12,161510,-1.7016404078118085e-16,-0.027902216238802
2024-12-13,161510,-4.063059465250137e-17,-0.0359635723649276
2024-12-16,161510,3.045662767228814e-17,-0.0063046998056659
2024-12-17,161510,6.092839557689936e-17,0.0014930151008432
2024-12-18,161510,6.623997769026467e-17,-0.0094591936058225
2024-12-19,161510,5.816153399308835e-17,-0.0105859196164033
2024-12-20,161510,4.472250027782883e-17,-0.0095443513495556
2024-12-23,161510,3.0789482101878527e-17,-0.0307405690420239
2024-12-24,161510,1.886608927850437e-17,-0.0338133643657787
2024-12-26,161510,9.873813506426752e-18,-0.0259153120480473
2024-12-27,161510,3.797047802104725e-18,-0.0090175871044468
2024-12-30,161510,1.5602350772453433e-19,0.0045285301260555
2025-01-02,161510,-1.6825166254832881e-18,0.0127427362286578
2025-01-03,161510,-2.3257503853066246e-18,0.0169050950959643
2025-01-06,161510,-2.2695707272946448e-18,0.0161493289295329
2025-01-07,161510,-1.874168365771744e-18,0.0066982412796328
2025-01-08,161510,-1.3738405940472449e-18,0.00820122897019
2025-01-09,161510,-9.022572835436465e-19,0.0023126410538516
2025-01-10,161510,-5.213344259176723e-19,-0.0013737755676341
2025-01-13,161510,-2.4722990260023122e-19,-0.0029629651306564
2025-01-14,161510,-7.069759025452739e-20,0.0042721182965159
2025-01-15,161510,2.866331745741778e-20,0.0047591667560649
2025-01-16,161510,7.350609957180532e-20,0.0021632543769243
2025-01-17,161510,8.393842592413043e-20,0.0054838148825542
2025-01-20,161510,7.554495731465664e-20,0.0258622786808881
2025-01-21,161510,5.913480910919535e-20,0.0129219314169191
2025-01-22,161510,4.1388904552349715e-20,0.0142849368601378
2025-01-23,161510,2.5850684834069535e-20,0.0159351687333213
2025-01-24,161510,1.3927428152029952e-20,0.0132954067114692
2025-01-31,161510,5.7347472052153565e-21,-0.0119906364065052
2025-02-03,161510,7.262704164718761e-22,-0.0042171535999333
2025-02-04,161510,-1.8855983743885554e-21,-0.0103361935305645
2025-02-05,161510,-2.8810834728566846e-21,-0.00790011581857
2025-02-06,161510,-2.9104262508222446e-21,-0.006625607538524
2025-02-07,161510,-2.4538662323647554e-21,0.0085288363475193
2025-02-10,161510,-1.8292329582785638e-21,0.0232922639352661
2025-02-11,161510,-1.2220196294378237e-21,0.0258872932602205
2025-02-12,161510,-7.217843261117331e-22,0.0270686858781861
2025-02-13,161510,-3.5580940273470005e-22,0.0284686644082228
2025-02-14,161510,-1.1594624720415652e-22,0.0137758714958238
2025-02-17,161510,2.2279681127962372e-23,0.0091254856381564
2025-02-18,161510,8.751124578730825e-23,-0.001537279318887
2025-02-19,161510,1.058301588738875e-22,-0.0033437857696689
2025-02-20,161510,9.782023682439205e-23,-0.0040375968530383
2025-02-21,161510,7.799492283247588e-23,-0.018457727249439
2025-02-24,161510,5.549492651355908e-23,-0.0314154585387704
2025-02-25,161510,3.5305457905690816e-23,-0.023705337868721
2025-02-26,161510,1.9535166970032962e-23,-0.0127103989866874
2025-02-27,161510,8.51876392335886e-24,-0.0255038371914118
2025-02-28,161510,1.653325339741931e-24,0.0022727282510039
2025-03-04,161510,-2.033418786684275e-24,-0.0003578457722923
2025-03-05,161510,-3.5402760446857225e-24,0.0070641415456798
2025-03-06,161510,-3.717571700531744e-24,-0.0051723642434193
2025-03-07,161510,-3.2040243447095062e-24,0.0044266815110258
2025-03-10,161510,-2.4295663891668974e-24,0.0069282709089666
2025-03-11,161510,-1.6505494123535544e-24,0.0226478186729064
2025-03-12,161510,-9.953781690674274e-25,0.0222200113500807
2025-03-13,161510,-5.079504657600029e-25,0.0219912610534489
2025-03-14,161510,-1.8297178148344073e-25,0.0231676031004219
2025-03-17,161510,8.493737297992645e-27,0.0149642677708641
2025-03-18,161510,1.0247119257888527e-25,0.0089174340406099
2025-03-19,161510,1.3268407560024299e-25,0.0
2025-03-20,161510,1.2625009811381106e-25,-0.005714699502505
2025-03-21,161510,1.0260707511001017e-25,-0.0059343211818134
2025-03-24,161510,7.422130896790205e-26,-0.0232413480278275
2025-03-25,161510,4.80690030211205e-26,-0.013968658475095
2025-03-26,161510,2.726282644078239e-26,-0.0144290519048375
2025-03-27,161510,1.248743956179318e-26,-0.0198347776592378
2025-03-28,161510,3.107479544851498e-27,-0.0203727778972204
2025-03-31,161510,-2.0669467254023405e-27,-0.0456375060044162
2025-04-01,161510,-4.309262708651397e-27,-0.0635168647470081
2025-04-02,161510,-4.7283347757892084e-27,-0.0719503336588403
2025-04-03,161510,-4.171561567384363e-27,-0.0271712647166939
2025-04-04,161510,-3.218940523184371e-27,-0.0243782190814361
2025-04-07,161510,-2.223402899332133e-27,0.0216248497313031
2025-04-08,161510,-1.367661248071667e-27,0.0437705025720944
2025-04-09,161510,-7.2007721471901005e-28,0.0587408524719066
2025-04-10,161510,-2.809969200451544e-28,0.0268860597236741
2025-04-11,161510,-1.683776387542749e-29,0.0348286749762873
2025-04-14,161510,1.1744309781578977e-28,0.0409878834012786
2025-04-15,161510,1.6530382006637507e-28,0.0314931061127872
2025-04-16,161510,1.623778566730272e-28,0.0360177933646284
2025-04-17,161510,1.346330986589815e-28,0.0361358552047743
2025-04-18,161510,9.901987136399976e-29,0.0303686800491753
2025-04-21,161510,6.525351291037814e-29,0.01566105046113
2025-04-22,161510,3.7873405919204274e-29,0.0237664871376548
2025-04-23,161510,1.8106347193815136e-29,0.030092268920729
2025-04-24,161510,5.330811336277236e-30,0.0313488315981569
2025-04-25,161510,-1.894597829818729e-30,0.0339267068660564
2025-04-28,161510,-5.1862339279181675e-30,0.0340000983416182
2025-04-29,161510,-5.985908012083857e-30,0.0238114472751185
2025-04-30,161510,-5.415089597924719e-30,0.0217112049369596
2025-05-02,161510,-4.254157284360652e-30,0.0215629336365257
2025-05-07,161510,-2.9872849757605358e-30,0.0221677492945424
2025-05-08,161510,-1.8727488596365794e-30,0.0198716895545292
2025-05-09,161510,-1.0145121790429405e-30,0.0216373508202636
2025-05-12,161510,-4.2285740188563045e-31,0.0037253727605239
2025-05-13,161510,-5.974801001266805e-32,0.0101253542411949
2025-05-14,161510,1.3075826155895264e-31,0.0096182518589955
2025-05-15,161510,2.0446441678411833e-31,0.0103056944774113
2025-05-16,161510,2.080700762844668e-31,0.0148084086417181
2025-05-19,161510,1.7618097843385774e-31,0.0358176481188454
2025-05-20,161510,1.317775650454602e-31,0.0287716364523298
2025-05-21,161510,8.833037977848556e-32,0.0331710609398161
2025-05-22,161510,5.239313749822584e-32,0.0738730427581373
2025-05-23,161510,2.60138847168126e-32,0.0613499253576854
2025-05-26,161510,8.665220569219726e-33,0.0336056871668777
2025-05-27,161510,-1.377483100309776e-33,0.0723046098756281
2025-05-28,161510,-6.155887903505249e-33,0.0660677099177444
2025-05-29,161510,-7.539015003422856e-33,0.0489698210253219
2025-05-30,161510,-7.00732964228316e-33,0.049771430081094
2025-06-02,161510,-5.608116084916624e-33,0.0703754788339114
2025-06-04,161510,-4.00338201132801e-33,0.0283702889452079
2025-06-05,161510,-2.5560885633990958e-33,0.0252174539088478
2025-06-09,161510,-1.421507198348299e-33,0.0231126410074296
2025-06-10,161510,-6.263398702595328e-34,0.0202107136905915
2025-06-11,161510,-1.2893629590603273e-34,0.0072908453065299
2025-06-12,161510,1.396513577150325e-34,0.0066727232431098
2025-06-13,161510,2.5080342211293203e-34,0.0118417984655252
2025-06-16,161510,2.65555781659752e-34,-0.006653458891046
2025-06-17,161510,2.2991145269930046e-34,0.0244697771520527
2025-06-18,161510,1.7493937690927435e-34,0.0416370693969039
2025-06-19,161510,1.192413208286932e-34,0.0338019769348925
2025-06-20,161510,7.219875558278009e-35,0.0239280316603966
2025-06-23,161510,3.7082535630215746e-35,0.0335387198629479
2025-06-24,161510,1.359081908530855e-35,0.0196042236406128
2025-06-25,161510,-3.0862329786320637e-37,0.0095689365770006
2025-06-26,161510,-7.180777440173378e-36,0.0264545778427649
2025-06-27,161510,-9.440700275407322e-36,0.0160707079958069
2025-06-30,161510,-9.037804919277828e-36,0.0178499362963844
2025-07-01,161510,-7.37401400151746e-36,0.0394331396941982
2025-07-02,161510,-5.3516329053872215e-36,0.0541488784032839
2025-07-03,161510,-3.478075075554978e-36,0.0599345456152562
2025-07-04,161510,-1.9819463226412247e-36,0.0813717270654095
2025-07-07,161510,-9.159930109998221e-37,0.1015592041142152
2025-07-08,161510,-2.3684184407665568e-37,0.0621125256772074
2025-07-09,161510,1.3972765045610192e-37,0.0171348060767968
2025-07-10,161510,3.0464383780424436e-37,0.0089557292937314
2025-07-11,161510,3.3745518293383117e-37,-0.0111839000856122
2025-07-14,161510,2.9916458401917722e-37,-0.0496932292334246
2025-07-15,161510,2.3166313856287885e-37,-0.0433182438647143
2025-07-16,161510,1.6054218814467037e-37,-0.0099134642549501
2025-07-17,161510,9.91325473877881e-38,-0.0251285885393315
2025-07-18,161510,5.25009712637571e-38,-0.0129875236861121
2025-07-21,161510,2.0778332590548043e-38,-0.0411593479855429
2025-07-22,161510,1.616178325919879e-39,-0.0310879242059343
2025-07-23,161510,-8.188489214288448e-39,-0.028996416382748
2025-07-24,161510,-1.1745705005036536e-38,-0.0297452275819107
2025-07-25,161510,-1.1615719205273246e-38,-0.0658007619859546
2025-07-28,161510,-9.67049879228505e-39,-0.0163175642117696
2025-07-29,161510,-7.136180593737039e-39,-0.0148805227561172
2025-07-30,161510,-4.718767875388151e-39,-0.0137163484497424
2025-07-31,161510,-2.7509341860330466e-39,-0.0019903631125544
2025-08-01,161510,-1.3255726253902825e-39,0.0365364229982621
2025-08-04,161510,-4.011236613622879e-40,0.014259353072747
2025-08-05,161510,1.2420340503753173e-40,0.0098050337452431
2025-08-06,161510,3.6571619610455166e-40,-0.0010508065906762
2025-08-07,161510,4.26786633376847e-40,-0.0026249490082861
2025-08-08,161510,3.881074611364328e-40,-0.0138704330622658
2025-08-11,161510,3.0601340910545253e-40,-0.008435287025664
2025-08-12,161510,2.1558846224447795e-40,-0.0149568097517231
2025-08-13,161510,1.3565363871809312e-40,-0.009985026298132
2025-08-14,161510,7.388380873054877e-41,-0.0115259814637038
2025-08-18,161510,3.11604082925999e-41,0.0047682209546699
2025-08-19,161510,4.838950771553045e-42,0.003191492070643
2025-08-20,161510,-9.052889703574227e-42,0.0036673883088038
2025-08-21,161510,-1.450563599621318e-41,0.0149665525536981
2025-08-22,161510,-1.487284178368583e-41,0.0102635542801028
2025-08-25,161510,-1.2647929461110621e-41,0.0031135411310518
2025-08-26,161510,-9.492300184689633e-42,0.0076182783016243
2025-08-27,161510,-6.384030195438445e-42,0.0066097588817655
2025-08-28,161510,-3.8025481411240074e-42,-0.0094070115879727
2025-08-29,161510,-1.901333760941662e-42,-0.0015802784578173
2025-09-01,161510,-6.4669259954709184e-43,-0.0007906597149105
2025-09-02,161510,8.283033305475725e-44,0.0111112254250702
2025-09-03,161510,4.3273348150415755e-43,0.0323068723262309
2025-09-04,161510,5.369343141117984e-43,0.0323656208147031
2025-09-05,161510,5.019027167362346e-43,0.0346094740235081
2025-09-08,161510,4.032027289842316e-43,0.0427353706102593
2025-09-09,161510,2.8877367259603417e-43,0.0256760779999449
2025-09-10,161510,1.8503640519672878e-43,-0.0050645970898361
2025-09-11,161510,1.0341797588612273e-43,0.0030624768728984
2025-09-12,161510,4.602836485054664e-44,-0.0055662086774344
2025-09-15,161510,9.995933279705551e-45,-0.0119445370396196
2025-09-16,161510,-9.566980117693667e-45,-0.0082636666950364
2025-09-17,161510,-1.7760773569294511e-44,-0.0064315521022724
2025-09-18,161510,-1.8966080407084223e-44,-0.0161318679429527
2025-09-19,161510,-1.6495893836578625e-44,-0.0204347401877935
2025-09-22,161510,-1.2595161994878294e-44,-0.0127619701501107
2025-09-23,161510,-8.613493651739868e-45,-0.0176209183949058
2025-09-24,161510,-5.236115866488228e-45,-0.0160786043083671
2025-09-25,161510,-2.7064518668438466e-45,-0.0048803378107002
2025-09-26,161510,-1.0084922243358564e-45,-0.0093996018548629
2025-09-29,161510,3.818081022163325e-49,-0.023421992338708
2025-09-30,161510,5.0275344109429834e-46,-0.0162929972003844
2025-10-01,161510,6.715500884446671e-46,0.0078374401911052
2025-10-02,161510,6.46894971201205e-46,0.0115907330937332
2025-10-10,161510,5.298896096319722e-46,0.0162230780784078
2025-10-13,161510,3.8583469669598005e-46,0.040368069011393
2025-10-14,161510,2.5162998623687722e-46,0.0380542849419267
2025-10-15,161510,1.4405741057983578e-46,0.0302952510863345
2025-10-16,161510,6.716309284002834e-47,0.0127794000074761
2025-10-17,161510,1.7995511437820329e-47,0.0239529338609134
2025-10-20,161510,-9.40395447593885e-48,0.0111902734839404
2025-10-21,161510,-2.152685365487881e-47,0.0094431325671742
2025-10-22,161510,-2.4079214178496466e-47,-0.0038954846518919
2025-10-23,161510,-2.1452106616869392e-47,-0.0055517498136197
2025-10-24,161510,-1.6670857428895818e-47,-0.0019277603372653
2025-10-27,161510,-1.1590858819383138e-47,-0.0044914410242835
2025-10-28,161510,-7.18448715547161e-48,-0.0051674465257196
2025-10-29,161510,-3.8269450865409916e-48,-0.0078367914183612
2025-10-30,161510,-1.535292257246706e-48,0.029837940939343
2025-10-31,161510,-1.4546625274636788e-49,0.0146687107331633
2025-11-03,161510,5.702363697900659e-49,0.049919127244193
2025-11-04,161510,8.343499382077401e-49,0.052247735147608
2025-11-05,161510,8.308080828080708e-49,0.0833775218764429
2025-11-06,161510,6.945434614737256e-49,0.0537540754043739
2025-11-07,161510,5.142411152568328e-49,0.0446257997107988
2025-11-10,161510,3.411967720311643e-49,0.000481046767021
2025-11-11,161510,1.9978141641637877e-49,-0.0241022546838145
2025-11-12,161510,9.70116784477553e-50,-0.0411628121332459
2025-11-13,161510,3.0125543290280235e-50,-0.0406536664288346
2025-11-14,161510,-8.061759847716963e-51,-0.0290353940673941
2025-11-17,161510,-2.57744433892172e-50,-0.0249812128809754
2025-11-18,161510,-3.0422946597609935e-50,0.000246883102104
2025-11-19,161510,-2.7812751489276694e-50,0.0072709848204972
2025-11-20,161510,-2.201019090114793e-50,0.0086230529688453
2025-11-21,161510,-1.5557172410141021e-50,0.0154966071322366
2025-11-24,161510,-9.824905282382919e-51,0.0183222421257447
2025-11-25,161510,-5.379587514755525e-51,0.0392586897596967
2025-11-26,161510,-2.294847564027198e-51,0.0284247574227762
2025-11-27,161510,-3.8708751675544705e-52,0.0270383740143973
2025-11-28,161510,6.256699543624244e-52,0.0372784935575509
2025-12-01,161510,1.028746787929233e-51,0.0325320999205427
2025-12-02,161510,1.0629394027981965e-51,0.0084612071524254
2025-12-03,161510,9.078870012394379e-52,-0.0032661977866208
2025-12-04,161510,6.836895808604803e-52,-0.0004722550264872
2025-12-05,161510,4.613526156234952e-52,0.0007007545076653
2025-12-08,161510,2.759366375170815e-52,-0.000468757332916
2025-12-09,161510,1.3892509188082562e-52,-0.0049072905537794
2025-12-10,161510,4.820063195713133e-53,0.0021313385764916
2025-12-11,161510,-4.784694246242692e-54,-0.0120228596749907
2025-12-12,161510,-3.0397530121728427e-53,-0.0179531267964989
2025-12-15,161510,-3.8231981974479864e-53,-0.0034286016256004
2025-12-16,161510,-3.594421797612708e-53,0.0051426123574298
2025-12-17,161510,-2.8985817687978365e-53,0.0074475951124455
2025-12-18,161510,-2.0827880429797212e-53,0.010652057541213
2025-12-19,161510,-1.3393257220208184e-53,0.004932660352388
2025-12-22,161510,-7.522456523439307e-54,-0.0056144140307843
2024-07-30,174350,0.010188052295957846,-0.058439460266646
2024-07-31,174350,0.01538931984285773,-0.051827638747028
2024-08-01,174350,0.005309176604859208,-0.0460030921223175
2024-08-02,174350,-0.00037798477925011717,-0.0131198427613927
2024-08-05,174350,-0.00017008735495712232,0.0495176102388104
2024-08-06,174350,0.0009120907604631928,0.0423120590270134
2024-08-07,174350,0.000858452661962443,0.0311546472935884
2024-08-08,174350,0.0003504610672233534,0.0257724797443774
2024-08-09,174350,8.730997996349009e-05,0.0229705216611773
2024-08-12,174350,6.614666590626546e-05,0.0334528831129929
2024-08-13,174350,8.068313277507e-05,0.0257448027214142
2024-08-14,174350,5.932311425273908e-05,0.0234080908980143
2024-08-16,174350,2.9334503744346503e-05,0.0332556876459175
2024-08-19,174350,1.3755458277764457e-05,0.0338116930395937
2024-08-20,174350,9.390317515583775e-06,0.0218277704726777
2024-08-21,174350,7.38279940915352e-06,0.008489559237601
2024-08-22,174350,4.880913061387359e-06,0.005367957447703
2024-08-23,174350,2.7413207677444826e-06,-0.0106952891167484
2024-08-26,174350,1.5611534754146733e-06,-0.0144768675321547
2024-08-27,174350,1.0208571843858048e-06,0.0
2024-08-28,174350,6.969631959708439e-07,-0.006159773086372
2024-08-29,174350,4.4388178769608675e-07,0.0
2024-08-30,174350,2.6585355132502203e-07,-0.0008027615426673
2024-09-02,174350,1.6162356907982186e-07,-0.0088524640556233
2024-09-03,174350,1.034906442627828e-07,-0.0133759956078147
2024-09-04,174350,6.708683648981408e-08,-0.020592539579928
2024-09-05,174350,4.226157715956758e-08,-0.0147304148598337
2024-09-06,174350,2.6042998936302596e-08,0.0092726483739582
2024-09-09,174350,1.6188693104520105e-08,0.0191351260961347
2024-09-10,174350,1.0261353834873566e-08,0.0050369884628445
2024-09-11,174350,6.523776964613536e-09,0.0256351724288261
2024-09-12,174350,4.09934213966722e-09,0.0120099779124132
2024-09-13,174350,2.5563329873705366e-09,-0.0189563909294161
2024-09-19,174350,1.6010172713292265e-09,-0.0106833512312718
2024-09-20,174350,1.0100402356692297e-09,0.00111589362767
2024-09-23,174350,6.375038757533246e-10,-0.0073724190001271
2024-09-24,174350,4.004800257092991e-10,-0.0201520193095561
2024-09-25,174350,2.509387965974302e-10,-0.0069165009847544
2024-09-26,174350,1.5755082886675505e-10,-0.0138823859822689
2024-09-27,174350,9.918416679314685e-11,-0.0246786717969218
2024-09-30,174350,6.24345956487104e-11,-0.0092926207059491
2024-10-02,174350,3.922801578577728e-11,0.0077365099426209
2024-10-04,174350,2.462681479257812e-11,0.0189264788971676
2024-10-07,174350,1.547400779451525e-11,0.0142830751730294
2024-10-08,174350,9.73247435267114e-12,0.0178041443236889
2024-10-10,174350,6.120467525079895e-12,0.013946777718921
2024-10-11,174350,3.846168833447672e-12,0.0170518086390192
2024-10-14,174350,2.4163606879561816e-12,0.0016011531721087
2024-10-15,174350,1.5186550280619165e-12,0.0031198777356351
2024-10-16,174350,9.547930607296998e-13,0.0042422123091139
2024-10-17,174350,6.002332925114312e-13,0.0011201793458095
2024-10-18,174350,3.7723186697025626e-13,0.0023101137449188
2024-10-21,174350,2.3706386105695556e-13,0.0038323400197448
2024-10-22,174350,1.490015941991739e-13,0.0045423833930655
2024-10-23,174350,9.366347482977231e-14,0.0015164215364489
2024-10-24,174350,5.887465933980594e-14,-0.0015205476900295
2024-10-25,174350,3.700325259136982e-14,-0.0038265352813677
2024-10-28,174350,2.325646662217271e-14,-0.0031126566493515
2024-10-29,174350,1.461758705350896e-14,-0.0057411847354362
2024-10-30,174350,9.188109822329663e-15,0.0027078704026433
2024-10-31,174350,5.775190315504167e-15,0.006545884313768
2024-11-01,174350,3.629851865980838e-15,0.000399281298975
2024-11-04,174350,2.281446346147323e-15,-0.0088318518678285
2024-11-05,174350,1.4339795391454301e-15,-0.0157978622014223
2024-11-06,174350,9.013259285686446e-16,-0.0353754155648129
2024-11-07,174350,5.665209853586144e-16,-0.0266897519497888
2024-11-08,174350,3.5607677565419175e-16,-0.028752739971491
2024-11-11,174350,2.238058685188925e-16,-0.0101317989304074
2024-11-12,174350,1.4067074643892503e-16,0.0011367328278257
2024-11-13,174350,8.841747860871157e-17,0.0226486259452283
2024-11-14,174350,5.557383279910355e-17,0.0216644153260503
2024-11-15,174350,3.49301302735756e-17,0.028752739971491
2024-11-18,174350,2.1954844975336416e-17,0.021279113527818
2024-11-19,174350,1.3799466785028333e-17,0.0184922458800862
2024-11-20,174350,8.673509454202927e-18,0.0245079102651519
2024-11-21,174350,5.451631622086596e-18,0.0237852467670283
2024-11-22,174350,3.426551765220257e-18,0.0152130340676812
2024-11-25,174350,2.1537153598154833e-18,0.0199761883232518
2024-11-26,174350,1.3536924086708902e-18,0.0374481904636727
2024-11-27,174350,8.508477573598022e-19,0.0088430360664908
2024-11-28,174350,5.347900822247252e-19,-0.0199541302605386
2024-11-29,174350,3.361356154319585e-19,-0.0229876895078078
2024-12-02,174350,2.112738920709055e-19,-0.0478759480460286
2024-12-03,174350,1.3279367624438629e-19,-0.0566710448107254
2024-12-04,174350,8.346588428449355e-20,-0.0275677976835506
2024-12-05,174350,5.246146911004853e-20,-0.001913723572656
2024-12-06,174350,3.297401218665047e-20,0.0112019094225193
2024-12-09,174350,2.0725413155816405e-20,0.0232634604506927
2024-12-10,174350,1.3026708558534323e-20,0.007282174749184
2024-12-11,174350,8.187780744448574e-21,0.0019203078392671
2024-12-12,174350,5.1463302131029596e-21,-0.0100269560252126
2024-12-13,174350,3.234663136406126e-21,-0.0258728919141706
2024-12-16,174350,2.0331082160074932e-21,-0.0053826199448572
2024-12-17,174350,1.277885574832422e-21,-0.0007258357510497
2024-12-18,174350,8.0319951814451615e-22,-0.0096386288377683
2024-12-19,174350,5.048413110067202e-22,-0.0170749737525781
2024-12-20,174350,3.173118719875577e-22,-0.0129850608192949
2024-12-23,174350,1.994425269978056e-22,-0.0329187178703769
2024-12-24,174350,1.2535718419036627e-22,-0.0309708515579902
2024-12-26,174350,7.879173917513789e-23,-0.0289875368732523
2024-12-27,174350,4.952359182904722e-23,-0.0039441300102414
2024-12-30,174350,3.1127452619291584e-23,0.0097955263222466
2025-01-02,174350,1.9564782801962676e-23,0.0138070069838907
2025-01-03,174350,1.2297207064940596e-23,0.0133908431758111
2025-01-06,174350,7.729260412770473e-24,0.0141893157743027
2025-01-07,174350,4.858132882865078e-24,0.0023847714932703
2025-01-08,174350,3.053520491333441e-24,-0.0011474470564767
2025-01-09,174350,1.9192532729659207e-24,0.0012308703806507
2025-01-10,174350,1.206323373439168e-24,0.003606265690152
2025-01-13,174350,7.582199283866134e-25,0.000818799685474
2025-01-14,174350,4.765699401648098e-25,0.0031162892202978
2025-01-15,174350,2.9954225579543113e-25,0.0031114411411365
2025-01-16,174350,1.8827365224442873e-25,-0.0039441300102414
2025-01-17,174350,1.1833712102642256e-25,-0.003606265690152
2025-01-20,174350,7.437936235805178e-26,0.0088817043418067
2025-01-21,174350,4.6750246160424825e-26,0.00196319081458
2025-01-22,174350,2.938430024875643e-26,0.0066813578622575
2025-01-23,174350,1.8469145570629704e-26,0.0171418775809524
2025-01-24,174350,1.1608557473685251e-26,0.0132949227939018
2025-01-31,174350,7.296418021055819e-27,0.0004055314545219
2025-02-03,174350,4.586075060064621e-27,0.0031005246770519
2025-02-04,174350,2.8825218615506107e-27,0.0034049485673168
2025-02-05,174350,1.811774158978163e-27,0.0038772261818671
2025-02-06,174350,1.1387686759304298e-27,0.0034779830424476
2025-02-07,174350,7.157592411078462e-28,0.0177621708121673
2025-02-10,174350,4.498817907211756e-28,0.0326978404047082
2025-02-11,174350,2.8276774368063487e-28,0.0280112476660612
2025-02-12,174350,1.777302360871882e-28,0.032285175636094
2025-02-13,174350,1.1171018451350917e-28,0.0371689840077706
2025-02-14,174350,7.021408173412041e-29,0.0207347094899326
2025-02-17,174350,4.41322095647425e-29,0.0070710539753484
2025-02-18,174350,2.7738765116513346e-29,0.0033782488820381
2025-02-19,174350,1.7434864417957382e-29,-0.0010934084188374
2025-02-20,174350,1.0958472592406329e-29,-0.0089083968050776
2025-02-21,174350,6.887815051296595e-30,-0.0195404893726838
2025-02-24,174350,4.329252619815344e-30,-0.0231260801243227
2025-02-25,174350,2.7210992320124965e-30,-0.0209232549648827
2025-02-26,174350,1.7103139227091113e-30,-0.0115535532819297
2025-02-27,174350,1.0749970746413407e-30,-0.0055885855240997
2025-02-28,174350,6.75676374454287e-31,0.0046042789921134
2025-03-04,174350,4.246881910303055e-31,0.0035191590346101
2025-03-05,174350,2.669326121502658e-31,0.0111501633058814
2025-03-06,174350,1.6777725619588177e-31,-0.0003953350516017
2025-03-07,174350,1.0545435969730474e-31,-0.0033998846744829
2025-03-10,174350,6.628205891110684e-32,0.0118884996637529
2025-03-11,174350,4.1660784306073004e-32,0.0252279835909199
2025-03-12,174350,2.6185380742743883e-32,0.0209263484832664
2025-03-13,174350,1.645850350792053e-32,0.0279182199472547
2025-03-14,174350,1.0344792782716659e-32,0.0291142514804487
2025-03-17,174350,6.502094049173921e-33,0.012753886230346
2025-03-18,174350,4.0868123617615844e-33,0.0078322295614707
2025-03-19,174350,2.568716347986821e-33,0.0025562584120031
2025-03-20,174350,1.614535508935578e-33,-0.0059393132284792
2025-03-21,174350,1.014796714186271e-33,-0.0108284761375809
2025-03-24,174350,6.378381679579597e-34,-0.0186411044587497
2025-03-25,174350,4.009054452152928e-34,-0.0131401805141315
2025-03-26,174350,2.5198425568963735e-34,-0.0126120784247056
2025-03-27,174350,1.5838164802521847e-34,-0.0238786935642103
2025-03-28,174350,9.954886412458438e-35,-0.0107111770316894
2025-03-31,174350,6.25702312866096e-35,-0.032160199002412
2025-04-01,174350,3.9327760067256076e-35,-0.0412231863589376
2025-04-02,174350,2.471898665074755e-35,-0.0575640484793336
2025-04-03,174350,1.5536819284773993e-35,-0.015410101745692
2025-04-04,174350,9.765479341784199e-36,-0.0268467153152887
2025-04-07,174350,6.13797361138525e-36,0.0207586503135459
2025-04-08,174350,3.857948876391522e-36,0.0365161877883597
2025-04-09,174350,2.4248669797543267e-36,0.0578773807707886
2025-04-10,174350,1.524120733036481e-36,0.0299618195658091
2025-04-11,174350,9.579676032814624e-37,0.038335255570205
2025-04-14,174350,6.021189194824948e-37,0.03189550629871
2025-04-15,174350,3.784545447642293e-37,0.0240844456768183
2025-04-16,174350,2.37873014479937e-37,0.0241423053216003
2025-04-17,174350,1.4951219849407208e-37,0.0269641172302002
2025-04-18,174350,9.397407918423632e-38,0.0250166514437584
2025-04-21,174350,5.906626781944574e-38,0.0143204193231962
2025-04-22,174350,3.712538632359084e-38,0.0220172878045801
2025-04-23,174350,2.3334711343013246e-38,0.0338990032524542
2025-04-24,174350,1.4666749827617357e-38,0.0302463541854383
2025-04-25,174350,9.218607736080737e-39,0.0317013307660793
2025-04-28,174350,5.7942440956963376e-39,0.0389955099942209
2025-04-29,174350,3.641901857816271e-39,0.0257964048600243
2025-04-30,174350,2.2890732462957608e-39,0.0175089634590559
2025-05-02,174350,1.4387692286823189e-39,0.0168194092929621
2025-05-07,174350,9.043209503028931e-40,0.0178283783463744
2025-05-08,174350,5.683999663418545e-40,0.0112707973686223
2025-05-09,174350,3.572609056875323e-40,0.0159713013787303
2025-05-12,174350,2.2455200965988785e-40,0.0025385326415552
2025-05-13,174350,1.4113944246224325e-40,0.0079451483314354
2025-05-14,174350,8.871148491934993e-41,0.0071149101750496
2025-05-15,174350,5.575852801530873e-41,0.0072046421150471
2025-05-16,174350,3.504634658365216e-41,0.011386137547424
2025-05-19,174350,2.2027956127612406e-41,0.0252489899698797
2025-05-20,174350,1.384540468438897e-41,0.0180377756150562
2025-05-21,174350,8.70236120700308e-42,0.0187292648434187
2025-05-22,174350,5.4697636005208795e-42,0.0477983211413217
2025-05-23,174350,3.4379535776459015e-42,0.0338137285845601
2025-05-26,174350,2.1608840281365543e-42,0.0181282304777692
2025-05-27,174350,1.3581974501973904e-42,0.0567893623373709
2025-05-28,174350,8.536785360542813e-43,0.0518378466824174
2025-05-29,174350,5.365692910216163e-43,0.0465977818169083
2025-05-30,174350,3.3725412073513057e-43,0.0540635982459569
2025-06-02,174350,2.119769876063293e-43,0.0675166720384226
2025-06-04,174350,1.3323556485153787e-43,0.0305046003129163
2025-06-05,174350,8.374359849983221e-44,0.0253027928565483
2025-06-09,174350,5.263602325336749e-44,0.0177396857135327
2025-06-10,174350,3.3083734083084504e-44,0.006824190523087
2025-06-11,174350,2.0794379841570244e-44,0.0041407926660319
2025-06-12,174350,1.3070055269746272e-44,0.0044578036802036
2025-06-13,174350,8.215024735323999e-45,0.0182462107229905
2025-06-16,174350,5.163454171322355e-45,0.0040986288564432
2025-06-17,174350,3.245426500629362e-45,0.0330008287685004
2025-06-18,174350,2.0398734687113367e-45,0.0338348311303544
2025-06-19,174350,1.2821377306019696e-45,0.0310353323457395
2025-06-20,174350,8.058721217015811e-46,0.0145876881248536
2025-06-23,174350,5.065211490429327e-46,0.0196183991083707
2025-06-24,174350,3.183677254972467e-46,0.0200397561461045
2025-06-25,174350,2.0010617292052927e-46,0.0212445462885675
2025-06-26,174350,1.2577430824170355e-46,0.0257863895963499
2025-06-27,174350,7.905391614261458e-47,0.026285416768264
2025-06-30,174350,4.968838028092095e-47,0.0306710043184477
2025-07-01,174350,3.123102883970244e-47,0.0295945831905779
2025-07-02,174350,1.962988442915386e-47,0.0384801160571317
2025-07-03,174350,1.233812580045661e-47,0.0511075280475719
2025-07-04,174350,7.754979343729884e-48,0.0636181345102411
2025-07-07,174350,4.874298219544132e-48,0.0774493767876958
2025-07-08,174350,3.063681033819997e-48,0.053976197043644
2025-07-09,174350,1.925639559630023e-48,0.0162719013201702
2025-07-10,174350,1.2103373923977406e-48,0.0046186791879563
2025-07-11,174350,7.6074288986752e-49,-0.0072198309399169
2025-07-14,174350,4.7815571766934515e-49,-0.0423371001286696
2025-07-15,174350,3.0053897760346065e-49,-0.0392952964193167
2025-07-16,174350,1.8890012964645584e-49,-0.018037438501949
2025-07-17,174350,1.1873088564082794e-49,-0.0376805140043021
2025-07-18,174350,7.462685828452977e-50,-0.0334199364769087
2025-07-21,174350,4.69058067524784e-50,-0.0445157775930482
2025-07-22,174350,2.9482075993502494e-50,-0.0357127403650174
2025-07-23,174350,1.8530601327749893e-50,-0.0281961215233401
2025-07-24,174350,1.1647184738404575e-50,-0.0189596308424437
2025-07-25,174350,7.320696718426288e-51,-0.0474394824089792
2025-07-28,174350,4.6013351420850316e-51,-0.0067713401231728
2025-07-29,174350,2.8921134017880786e-51,-0.0107149349032198
2025-07-30,174350,1.8178028051684222e-51,-0.0100472758732994
2025-07-31,174350,1.142557908149522e-51,-0.0021357750300214
2025-08-01,174350,7.18140917025409e-52,0.0287450875955954
2025-08-04,174350,4.513787642863212e-52,0.0046217922357705
2025-08-05,174350,2.8370864828669493e-52,0.002152191453332
2025-08-06,174350,1.783216302608474e-52,-0.0104584158428426
2025-08-07,174350,1.1208189814063427e-52,-0.0085890098565446
2025-08-08,174350,7.044771782554596e-53,-0.0147649560173892
2025-08-11,174350,4.427905869867221e-53,-0.0148031565694353
2025-08-12,174350,2.7831065359643035e-53,-0.0113665666570668
2025-08-13,174350,1.7492878616138e-53,-0.0052083451071371
2025-08-14,174350,1.0994936712795064e-53,-0.0095339049395448
2025-08-18,174350,6.9107341319366e-54,-0.000619962822089
2025-08-19,174350,4.343658130086017e-54,0.0034260475160081
2025-08-20,174350,2.730153640822402e-54,0.0009314745915212
2025-08-21,174350,1.716004961547978e-54,0.0135224807594056
2025-08-22,174350,1.0785741080748322e-54,0.0052115765059959
2025-08-25,174350,6.779246754391707e-55,0.0027868109071782
2025-08-26,174350,4.2610133335169845e-55,0.0042815987967781
2025-08-27,174350,2.6782082561971386e-55,0.0039645718781144
2025-08-28,174350,1.6833553199990067e-55,-0.0080049688543191
2025-08-29,174350,1.0580525718312085e-55,0.0064765068323637
2025-09-01,174350,6.650261127040579e-56,0.0030873750982518
2025-09-02,174350,4.179940981692772e-56,0.0135303417143788
2025-09-03,174350,2.627251212646723e-56,0.0241269910515082
2025-09-04,174350,1.651326888246723e-56,0.0334377656273279
2025-09-05,174350,1.0379214894716958e-56,0.0397171729325069
2025-09-08,174350,6.523729650226516e-57,0.0527749335791902
2025-09-09,174350,4.10041115642641e-57,0.0403478442546223
2025-09-10,174350,2.577263705457563e-57,0.0178837865397021
2025-09-11,174350,1.6199078468164484e-57,0.0171319285394009
2025-09-12,174350,1.0181734320088226e-57,0.0070655027798451
2025-09-15,174350,6.399605629949702e-58,-0.0108783009064268
2025-09-16,174350,4.02239450877059e-58,-0.0041154740901809
2025-09-17,174350,2.5282272877047516e-58,-0.0070793597070988
2025-09-18,174350,1.5890866011172448e-58,-0.0216263181272395
2025-09-19,174350,9.988011118030664e-59,-0.0303188892039099
2025-09-22,174350,6.277843260635718e-59,-0.011237075345738
2025-09-23,174350,3.9458622481870075e-59,-0.0265058497145531
2025-09-24,174350,2.480123863444588e-59,-0.0132213464381436
2025-09-25,174350,1.558851777163153e-59,-0.0003003453994647
2025-09-26,174350,9.79797379873488e-60,-0.0030284699100615
2025-09-29,174350,6.158397608231844e-60,-0.0251261893813694
2025-09-30,174350,3.870786131921757e-60,-0.0195485760853468
2025-10-01,174350,2.4329356810366138e-60,-0.0066768078086489
2025-10-02,174350,1.5291922173758426e-60,0.0026998666467559
2025-10-10,174350,9.611552232595395e-61,-0.0006067961351234
2025-10-13,174350,6.0412245936250415e-61,0.0188283727943794
2025-10-14,174350,3.7971384545828946e-61,0.0204556056259903
2025-10-15,174350,2.386645326592714e-61,0.0187034109744494
2025-10-16,174350,1.5000969764671227e-61,-0.0023995212472911
2025-10-17,174350,9.428677624330647e-62,0.0159569846727585
2025-10-20,174350,5.926280976375384e-62,0.0124967993036335
2025-10-21,174350,3.724892037916296e-62,0.0144016890584222
2025-10-22,174350,2.3412357175508574e-62,0.0038777080655236
2025-10-23,174350,1.4715553173997937e-62,0.000600420312244
2025-10-24,174350,9.249282487595436e-63,0.001492314856863
2025-10-27,174350,5.813524338759023e-63,0.0071642450955238
2025-10-28,174350,3.6540202207760504e-63,0.0029744221810403
2025-10-29,174350,2.2966900963711103e-63,-0.0059719496686376
2025-10-30,174350,1.443556707425354e-63,0.0318987470807101
2025-10-31,174350,9.073300620076386e-64,0.0145080264895778
2025-11-03,174350,5.702913070114741e-64,0.0404679495528466
2025-11-04,174350,3.5844968492856723e-64,0.0438705061364288
2025-11-05,174350,2.2529920243515833e-64,0.0735944273998487
2025-11-06,174350,1.4160908141970882e-64,0.0449066641430349
2025-11-07,174350,8.90066707906126e-65,0.0358005900020081
2025-11-10,174350,5.5944063514883434e-65,0.0056497325421194
2025-11-11,174350,3.516296267186527e-65,-0.0099986549315023
2025-11-12,174350,2.210125375562052e-65,-0.0242197138514299
2025-11-13,174350,1.3891475019571177e-65,-0.0162514083826597
2025-11-14,174350,8.731318157473102e-66,-0.0051180094657414
2025-11-17,174350,5.487964140569203e-66,-0.0184795592748372
2025-11-18,174350,3.449393306369875e-66,-0.0051813587419982
2025-11-19,174350,2.1680743308929902e-66,0.0065350424363117
2025-11-20,174350,1.3627168277959927e-66,0.0036655898932078
2025-11-21,174350,8.565191360360371e-67,0.0025622789819088
2025-11-24,174350,5.383547156913423e-67,0.0184795592748372
2025-11-25,174350,3.383763277589071e-67,0.0332086709966539
2025-11-26,174350,2.1268233722178328e-67,0.0276515313305107
2025-11-27,174350,1.336789037983454e-67,0.0150840848825115
2025-11-28,174350,8.40222538183439e-68,0.0260994188529437
2025-12-01,174350,5.281116867448151e-68,0.0125963876856847
2025-12-02,174350,3.3193819613484745e-68,0.0022308988616668
2025-12-03,174350,2.086357276666311e-68,-0.0172274335589968
2025-12-04,174350,1.3113545643690062e-68,-0.0038888937900196
2025-12-05,174350,8.242360082445576e-69,-0.0002770466841379
2025-12-08,174350,5.18063547225168e-69,0.0063773958000936
2025-12-09,174350,3.256225598965708e-69,0.0080455420814189
2025-12-10,174350,2.0466611110067467e-69,0.014192529863843
2025-12-11,174350,1.2864040208509782e-69,0.0063809343985479
2025-12-12,174350,8.085536466990156e-70,0.0066280275784134
2025-12-15,174350,5.0820658906041334e-70,0.0055126931228279
2025-12-16,174350,3.194270883803982e-70,0.0019323677510545
2025-12-17,174350,2.0077202261352313e-70,0.0077071672449378
2025-12-18,174350,1.2619281999127618e-70,-0.0063809343985479
2025-12-19,174350,7.931696662739112e-71,-0.0149753214551768
2025-12-22,174350,4.985371747303523e-71,-0.0152336417731149
2024-07-30,182480,0.001991743206282144,-0.0118705540282473
2024-07-31,182480,0.0002686114904322122,-0.0096547959919472
2024-08-01,182480,0.00020241632511083254,-0.0157146678692807
2024-08-02,182480,-0.00021077219915953424,0.0004108294704678
2024-08-05,182480,-0.0002462445044695349,0.0392434943093604
2024-08-06,182480,-0.00027665327790597213,0.0210067624510461
2024-08-07,182480,-0.00022158888020292934,0.015500391918378
2024-08-08,182480,-0.00016375486782204231,0.025947844149309
2024-08-09,182480,-0.00010213145874645059,0.0154877565973308
2024-08-12,182480,-5.435246886760097e-05,0.0158208159001649
2024-08-13,182480,-1.9959652639649724e-05,0.01346957493935
2024-08-14,182480,8.045372362091507e-07,0.0153435150533738
2024-08-16,182480,1.1326600039070543e-05,0.0215818463656578
2024-08-19,182480,1.4666960124744711e-05,0.0355179748838523
2024-08-20,182480,1.3819870997378806e-05,0.0265523303439696
2024-08-21,182480,1.0968275484757121e-05,0.0302228392218566
2024-08-22,182480,7.602835735542249e-06,0.0183259473046604
2024-08-23,182480,4.560426362169427e-06,0.0114008389808333
2024-08-26,182480,2.2153293279691297e-06,0.0060705299660313
2024-08-27,182480,6.343634413527575e-07,0.0128624119481681
2024-08-28,182480,-2.811982234878792e-07,-0.0061596233891734
2024-08-29,182480,-6.981664036724014e-07,0.0087282349619624
2024-08-30,182480,-7.884420856047693e-07,0.0039013782318821
2024-09-02,182480,-6.966559962413071e-07,-0.0054462127926395
2024-09-03,182480,-5.282205945574747e-07,-0.0041660297871537
2024-09-04,182480,-3.5019542754455815e-07,0.0234977575772745
2024-09-05,182480,-1.983896513934383e-07,0.0208852800224974
2024-09-06,182480,-8.64526450285568e-08,0.0294658008952257
2024-09-09,182480,-1.436687159057544e-08,0.048128672965813
2024-09-10,182480,2.4838627781832876e-08,0.0221721621063704
2024-09-11,182480,4.0456897648246e-08,0.0120734979641774
2024-09-12,182480,4.133938765518046e-08,0.0164296407990445
2024-09-13,182480,3.456639954855896e-08,0.0047523945666299
2024-09-19,182480,2.507963832352839e-08,-0.0053675393516314
2024-09-20,182480,1.5868811655356224e-08,-0.0021194467096705
2024-09-23,182480,8.407633661446186e-09,-0.0172818430713164
2024-09-24,182480,3.1406310793034783e-09,-0.0243637684744655
2024-09-25,182480,-8.924298536289153e-11,-0.0246850870316919
2024-09-26,182480,-1.717831648265975e-09,-0.0370821732352482
2024-09-27,182480,-2.2467561495248263e-09,-0.0349289584269456
2024-09-30,182480,-2.1234862484860644e-09,-0.0192283796752725
2024-10-02,182480,-1.6897502051845242e-09,-0.0222274397792059
2024-10-04,182480,-1.17374630025061e-09,-0.0089102979779571
2024-10-07,182480,-7.060124134609348e-10,0.0044891716257353
2024-10-08,182480,-3.4456631422593023e-10,0.028467268833781
2024-10-10,182480,-1.0037309732387911e-10,0.0335622633948364
2024-10-11,182480,4.1470153009624664e-11,0.0332722258560771
2024-10-14,182480,1.0643094016310394e-10,0.0321645002529553
2024-10-15,182480,1.2090539539416778e-10,0.006005561628724
2024-10-16,182480,1.0715081858733059e-10,-0.010195174735907
2024-10-17,182480,8.142914566395602e-11,-0.0003028467618548
2024-10-18,182480,5.410929735513017e-11,-0.0045554706371202
2024-10-21,182480,3.074882322888585e-11,-0.0210197366537006
2024-10-22,182480,1.3485090451243238e-11,0.0003837445843171
2024-10-23,182480,2.340998973938072e-12,0.0014628327665366
2024-10-24,182480,-3.7409297387554475e-12,-0.0177239169815148
2024-10-25,182480,-6.183397618497667e-12,-0.0287167552189568
2024-10-28,182480,-6.346470932888054e-12,-0.023911727688894
2024-10-29,182480,-5.3207197751744174e-12,-0.016323419729181
2024-10-30,182480,-3.86899742055026e-12,0.0070530804496513
2024-10-31,182480,-2.4540568578292346e-12,-0.018671773196031
2024-11-01,182480,-1.3050383043616086e-12,0.0050775408857788
2024-11-04,182480,-4.921284019451275e-13,0.0272924454689373
2024-11-05,182480,7.664143901272733e-15,0.0137110479015944
2024-11-06,182480,2.6074650872848255e-13,-0.0217786042273964
2024-11-07,182480,3.4402518269004354e-13,0.0089904057065108
2024-11-08,182480,3.263153752413334e-13,-0.0085293368917369
2024-11-11,182480,2.602909928613773e-13,-0.0203796135412446
2024-11-12,182480,1.8120672064265994e-13,-0.0104405263755786
2024-11-13,182480,1.0929072917428181e-13,0.0121063095848885
2024-11-14,182480,5.35879080823761e-14,0.0047362175572072
2024-11-15,182480,1.5870061219275792e-14,0.0200722469415293
2024-11-18,182480,-6.102944210169538e-15,0.0219125332865033
2024-11-19,182480,-1.622216908059298e-14,0.0238902171219219
2024-11-20,182480,-1.8539295331653164e-14,0.0185707067823663
2024-11-21,182480,-1.6479917996105004e-14,0.0325399227817069
2024-11-22,182480,-1.2552449368576728e-14,0.0283997826168533
2024-11-25,182480,-8.360172540140662e-15,0.0129358066180085
2024-11-26,182480,-4.76550847289166e-15,-0.0082317537999418
2024-11-27,182480,-2.1030695831888157e-15,-0.0174143253560465
2024-11-28,182480,-3.8032662391704763e-16,-0.0299097673241224
2024-11-29,182480,5.630875673580857e-16,-0.0348132806273433
2024-12-02,182480,9.449616472321803e-16,-0.0261187443274586
2024-12-03,182480,9.742660001636516e-16,-0.0101539333941573
2024-12-04,182480,8.189737303885701e-16,-0.0156077245254699
2024-12-05,182480,5.968422690897715e-16,-0.0168280692806508
2024-12-06,182480,3.7949367702927113e-16,-0.0134230203321408
2024-12-09,182480,2.025518478078619e-16,-0.0153271689901544
2024-12-10,182480,7.709197330658018e-17,-0.0213331004862862
2024-12-11,182480,-2.4226489663096186e-19,-0.0099886787476179
2024-12-12,182480,-3.956723376323834e-17,-0.045076922230173
2024-12-13,182480,-5.2673142827346796e-17,-0.0608161470701151
2024-12-16,182480,-5.014246158412211e-17,-0.0342276829464065
2024-12-17,182480,-4.009403768017495e-17,-0.0319398037582256
2024-12-18,182480,-2.7974194037008636e-17,-0.0268370333702794
2024-12-19,182480,-1.691729117178966e-17,0.0114408373848871
2024-12-20,182480,-8.333185714858039e-18,0.0105478325206842
2024-12-23,182480,-2.5075590004429997e-18,-0.0009790324678569
2024-12-24,182480,8.96083572100486e-19,-0.0095043730617554
2024-12-26,182480,2.472170171982886e-18,0.001217186826139
2024-12-27,182480,2.842581098675979e-18,-0.0122630706165427
2024-12-30,182480,2.534525269821665e-18,0.0015684982783916
2025-01-02,182480,1.9349123980021624e-18,-0.0124847617526917
2025-01-03,182480,1.29163703264758e-18,-0.0122589127358825
2025-01-06,182480,7.385189394844394e-19,-0.0439321432447812
2025-01-07,182480,3.2792860543109426e-19,-0.015668714341535
2025-01-08,182480,6.162502672331119e-20,-0.0086989488527091
2025-01-09,182480,-8.470408260135602e-20,-0.0063013225665695
2025-01-10,182480,-1.4439520237072416e-19,0.0191503995229744
2025-01-13,182480,-1.4955454228496821e-19,0.0380760874692462
2025-01-14,182480,-1.2605290237646564e-19,0.021737291273105
2025-01-15,182480,-9.206714854526988e-20,0.0390030671855932
2025-01-16,182480,-5.868191870377604e-20,0.0209875610125322
2025-01-17,182480,-3.143497584731475e-20,0.0124316043421455
2025-01-20,182480,-1.2072946356504092e-20,0.0128866718298432
2025-01-21,182480,-1.0741833548323487e-22,-0.0096944564705605
2025-01-22,182480,6.002446702741435e-21,-0.0136166145279474
2025-01-23,182480,8.064035910626536e-21,0.0020340920727281
2025-01-24,182480,7.70466334490558e-21,0.0121991882063472
2025-01-31,182480,6.175675212053762e-21,0.0108923069526394
2025-02-03,182480,4.318412587276502e-21,0.0349632075733854
2025-02-04,182480,2.618514813119931e-21,0.010169579169629
2025-02-05,182480,1.295705953721756e-21,0.018761369975687
2025-02-06,182480,3.959578362822243e-22,-0.0019163212507642
2025-02-07,182480,-1.312384995921226e-22,0.0021483994736541
2025-02-10,182480,-3.7668173322488453e-22,0.0019114373452691
2025-02-11,182480,-4.358171403224691e-22,0.0066429473147078
2025-02-12,182480,-3.897805366028727e-22,0.003265244011299
2025-02-13,182480,-2.9824856712958607e-22,0.0003995365429307
2025-02-14,182480,-1.995481564913622e-22,0.0034912357924294
2025-02-17,182480,-1.1444214140274073e-22,-0.0003183192769196
2025-02-18,182480,-5.1124906861303847e-23,0.0058856449231097
2025-02-19,182480,-9.961213500676574e-24,0.0119345419704668
2025-02-20,182480,1.2733604436052861e-23,0.0070058402939974
2025-02-21,182480,2.2061857029979483e-23,0.0058442750454723
2025-02-24,182480,2.2956109359932133e-23,0.0249177757375509
2025-02-25,182480,1.9400770218027467e-23,0.0212632074371228
2025-02-26,182480,1.4201487076252174e-23,0.0011778101946564
2025-02-27,182480,9.073691949645883e-24,-0.0082049291302617
2025-02-28,182480,4.8781427996503415e-24,-0.0227789396730848
2025-03-04,182480,1.8901431758983154e-24,-0.0416925179733791
2025-03-05,182480,3.887170630621453e-26,-0.0492483080734551
2025-03-06,182480,-9.10316322030718e-25,-0.0387217401172836
2025-03-07,182480,-1.2344667745268056e-24,-0.0354970514910508
2025-03-10,182480,-1.183808512739629e-24,-0.0287672039327056
2025-03-11,182480,-9.512027051982234e-25,-0.0081268224604968
2025-03-12,182480,-6.6661334006378e-25,-0.0017957722563171
2025-03-13,182480,-4.0528091025179577e-25,0.0069907616842854
2025-03-14,182480,-2.0144376276183767e-25,0.0130914553423657
2025-03-17,182480,-6.248631088451136e-26,0.0094896945182245
2025-03-18,182480,1.9167229845239328e-26,0.0022007589271311
2025-03-19,182480,5.738465831813867e-26,-0.0056532041917591
2025-03-20,182480,6.681396510353973e-26,-0.0069907616842854
2025-03-21,182480,5.99412138156787e-26,0.0035112108910695
2025-03-24,182480,4.597054504226983e-26,-0.0086609194003397
2025-03-25,182480,3.0827408460387336e-26,-0.0015481771273169
2025-03-26,182480,1.7733013948829864e-26,0.0111933845673757
2025-03-27,182480,7.969204097439252e-27,-0.018690593905374
2025-03-28,182480,1.6066339264810454e-27,-0.0291961357012997
2025-03-31,182480,-1.9129451043287815e-27,-0.0900963907317464
2025-04-01,182480,-3.370398164017076e-27,-0.0953264891601879
2025-04-02,182480,-3.523492731452097e-27,-0.1480755730540934
2025-04-03,182480,-2.9858520649884054e-27,-0.057295313072549
2025-04-04,182480,-2.1905188048716834e-27,-0.062330860499987
2025-04-07,182480,-1.4029553360300845e-27,0.0274504249148677
2025-04-08,182480,-7.569388887974021e-28,0.0332584792630097
2025-04-09,182480,-2.95840218265724e-28,0.0758158455945459
2025-04-10,182480,-9.431197159392458e-30,0.0252892034561913
2025-04-11,182480,1.3801410924478417e-28,0.0422394798106271
2025-04-14,182480,1.8895987118702707e-28,0.0227589715976268
2025-04-15,182480,1.8188165382845097e-28,0.003896952322874
2025-04-16,182480,1.465027092396885e-28,0.0369507554759014
2025-04-17,182480,1.0289807081374994e-28,0.010669726931253
2025-04-18,182480,6.272408726306609e-29,0.015127338692384
2025-04-21,182480,3.1315113357852923e-29,0.0170111380811448
2025-04-22,182480,9.85532647142574e-30,0.0245028692703481
2025-04-23,182480,-2.790642388816835e-30,-0.0078584206007015
2025-04-24,182480,-8.740580924202676e-30,0.0162536737468546
2025-04-25,182480,-1.0242391436178806e-29,0.0176403855377333
2025-04-28,182480,-9.217490359649353e-30,0.0267619249419137
2025-04-29,182480,-7.085412946425008e-30,0.0126546838552261
2025-04-30,182480,-4.762209071922981e-30,0.0317274900815434
2025-05-02,182480,-2.74758834884943e-30,0.0159114983670658
2025-05-07,182480,-1.2420186770414235e-30,-0.0028215786354373
2025-05-08,182480,-2.58614929167031e-31,-0.0155518956291338
2025-05-09,182480,2.8717204947626423e-31,0.0028274447110963
2025-05-12,182480,5.1483645141412e-31,-0.0056867503976505
2025-05-13,182480,5.407850669315543e-31,0.0012324885500838
2025-05-14,182480,4.595161095256153e-31,0.0070390750667712
2025-05-15,182480,3.378657759126178e-31,-0.0036946888951767
2025-05-16,182480,2.169121454070827e-31,-0.0170858427737226
2025-05-19,182480,1.1744445565007953e-31,-0.0218081082908074
2025-05-20,182480,4.6291833685091817e-32,-0.0271344154750643
2025-05-21,182480,1.9838711042218198e-33,-0.012204892253564
2025-05-22,182480,-2.0917862572226988e-32,0.0230354038166318
2025-05-23,182480,-2.892161037706441e-32,0.0259321656040718
2025-05-26,182480,-2.7943180813668456e-32,0.016753616857045
2025-05-27,182480,-2.256327618447231e-32,0.0191373408261075
2025-05-28,182480,-1.5882683278230913e-32,0.0091469122681928
2025-05-29,182480,-9.707107213467902e-33,-0.0016455491618447
2025-05-30,182480,-4.8675198943856506e-33,0.0028767537202547
2025-06-02,182480,-1.5535260241120272e-33,0.0177024918417298
2025-06-04,182480,4.0488516642733484e-34,0.0088999351362737
2025-06-05,182480,1.3310862571762047e-33,-0.0075610014980043
2025-06-09,182480,1.570024239464586e-33,0.0
2025-06-10,182480,1.4173644578125635e-33,-0.0112249445353231
2025-06-11,182480,1.092030840285393e-33,-0.0114089964085533
2025-06-12,182480,7.356345544625925e-34,-0.0088999351362737
2025-06-13,182480,4.256901377809021e-34,0.0098760087328066
2025-06-16,182480,1.9354126268498503e-34,-0.0075216290470674
2025-06-17,182480,4.1552227385501123e-35,0.02386630685886
2025-06-18,182480,-4.307778899184398e-35,0.0128769464356555
2025-06-19,182480,-7.863309441885934e-35,-0.0071440742457689
2025-06-20,182480,-8.299501553160297e-35,-0.0077931085837956
2025-06-23,182480,-7.071577115468648e-35,-0.0031577224177734
2025-06-24,182480,-5.21105301775051e-35,-0.0187334203513955
2025-06-25,182480,-3.3535456611735096e-35,-0.0178421999335576
2025-06-26,182480,-1.8220909983998632e-35,0.0111918266643016
2025-06-27,182480,-7.241684897980763e-36,0.0111733005981236
2025-06-30,182480,-3.875045944202691e-37,0.0128180378110034
2025-07-01,182480,3.169341711968393e-36,-0.0029771771907665
2025-07-02,182480,4.4262662504274967e-36,-0.0008299444413655
2025-07-03,182480,4.292814887416671e-36,-0.009525853767526
2025-07-04,182480,3.474901984648338e-36,-0.008762559167069
2025-07-07,182480,2.4514552767529078e-36,-0.007588291113727
2025-07-08,182480,1.5021826994389409e-36,0.0091513067029342
2025-07-09,182480,7.56512023375307e-37,0.0008299444413655
2025-07-10,182480,2.447585569292074e-37,0.0087011114527353
2025-07-11,182480,-5.851223021536299e-38,0.0095852659185329
2025-07-14,182480,-2.02670984114256e-37,0.0014892035514684
2025-07-15,182480,-2.406477931044011e-37,-0.0077443128850589
2025-07-16,182480,-2.1793750850665597e-37,0.0211778414757244
2025-07-17,182480,-1.683018383204142e-37,0.0176648361798044
2025-07-18,182480,-1.1363132765239037e-37,0.0077005377654426
2025-07-21,182480,-6.594905841961657e-38,0.0129775948662853
2025-07-22,182480,-3.0154541918617294e-38,-0.0014069938178753
2025-07-23,182480,-6.665035938908901e-39,-0.0034986407275319
2025-07-24,182480,6.45680755167569e-39,-0.0114137876949644
2025-07-25,182480,1.2008492185250145e-38,-0.0237831193356239
2025-07-28,182480,1.2736647478153122e-38,-0.0304070483049763
2025-07-29,182480,1.0882153615504177e-38,-0.0081497332569071
2025-07-30,182480,8.036942718656416e-39,-0.0160213754348106
2025-07-31,182480,5.184477861253917e-39,-0.0207115348158932
2025-08-01,182480,2.8266620432651666e-39,0.0049185210239848
2025-08-04,182480,1.1325729569292337e-39,0.0008409014959021
2025-08-05,182480,7.232345437594042e-41,-0.0070387419814768
2025-08-06,182480,-4.800359825664831e-40,-0.0078157876869315
2025-08-07,182480,-6.773517031872486e-40,0.0085851746310243
2025-08-08,182480,-6.594588738295413e-40,-0.0049185210239848
2025-08-11,182480,-5.351392755752256e-40,-0.0008409014959021
2025-08-12,182480,-3.7836205269774e-40,0.0182482254030631
2025-08-13,182480,-2.3245201504658785e-40,0.0129376493589283
2025-08-14,182480,-1.1756526657655253e-40,0.0043890592589903
2025-08-18,182480,-3.8542406618346186e-41,0.0266352583346201
2025-08-19,182480,8.418062529889373e-42,0.0273012019178437
2025-08-20,182480,3.085278849829149e-41,0.0090416529169488
2025-08-21,182480,3.6883116633801243e-41,0.0181273845925566
2025-08-22,182480,3.350919009404751e-41,0.0170412119962328
2025-08-25,182480,2.593743522868147e-41,0.0103619481322461
2025-08-26,182480,1.7551587845749718e-41,0.0151111820113563
2025-08-27,182480,1.0216378336322772e-41,-0.0008185986049777
2025-08-28,182480,4.6975025773778863e-42,-0.0095126535454124
2025-08-29,182480,1.0674172761068628e-42,0.0026771605654296
2025-09-01,182480,-9.669755438571164e-43,0.0048204479941791
2025-09-02,182480,-1.83365501910167e-42,0.0044249639762679
2025-09-03,182480,-1.9544916953663323e-42,0.0159236446098489
2025-09-04,182480,-1.6745433531788836e-42,0.013469856367358
2025-09-05,182480,-1.239482396902387e-42,0.018223921840363
2025-09-08,182480,-8.014683652468503e-43,0.0070282215666708
2025-09-09,182480,-4.3847458048872125e-43,0.0064015582299337
2025-09-10,182480,-1.7708720457834726e-43,0.0016106953631229
2025-09-11,182480,-1.3088813771920539e-44,0.0008056719739713
2025-09-12,182480,7.268189273759605e-44,-0.0138585147461451
2025-09-15,182480,1.0364586703329015e-43,-0.0185554944262538
2025-09-16,182480,1.0130068079800952e-43,-0.0139761311090982
2025-09-17,182480,8.240905445991828e-44,0.0048165783091516
2025-09-18,182480,5.839487226421786e-44,-0.0051675528800281
2025-09-19,182480,3.596844619061399e-44,-0.0070425676596475
2025-09-22,182480,1.8268296631182142e-44,0.0083966261123951
2025-09-23,182480,6.066392405367308e-45,0.0084572208803006
2025-09-24,182480,-1.2048672305049821e-45,0.0024795053695001
2025-09-25,182480,-4.6958330512178165e-45,0.0151043282872347
2025-09-26,182480,-5.652534227779575e-45,-0.0032546814735425
2025-09-29,182480,-5.152017067134536e-45,-0.0204685508553943
2025-09-30,182480,-3.9971404303605594e-45,-0.0228776100787886
2025-10-01,182480,-2.710923025237302e-45,-0.0159436503971353
2025-10-02,182480,-1.5825555264551883e-45,-0.005837914936821
2025-10-10,182480,-7.316742998535563e-46,0.0072272838847791
2025-10-13,182480,-1.7070228494439812e-46,0.0280774138030821
2025-10-14,182480,1.4468534686421298e-46,0.0373694633472272
2025-10-15,182480,2.799572981115672e-46,0.0216788899508824
2025-10-16,182480,2.999078908558242e-46,0.0137010268136208
2025-10-17,182480,2.576682177047026e-46,0.022086198232559
2025-10-20,182480,1.9114985758181013e-46,0.0139452382705496
2025-10-21,182480,1.238934703101839e-46,0.0050465333406872
2025-10-22,182480,6.801145758361104e-47,-0.0041388152044792
2025-10-23,182480,2.7682517088908277e-47,-0.0346111005960985
2025-10-24,182480,2.316621665695225e-48,-0.0224908435664517
2025-10-27,182480,-1.1000712653924126e-47,-0.026712906791138
2025-10-28,182480,-1.5858066806968866e-47,-0.0291286603785323
2025-10-29,182480,-1.5560228080805545e-47,-0.0216067741289567
2025-10-30,182480,-1.269015252929217e-47,0.0152798811571148
2025-10-31,182480,-9.012088228754331e-48,0.0008091269961632
2025-11-03,182480,-5.565292696210246e-48,0.0158746218265246
2025-11-04,182480,-2.838400043683855e-48,0.0127933514599103
2025-11-05,182480,-9.543802683386618e-49,0.0476640597887083
2025-11-06,182480,1.714229205719478e-49,0.0150499158250134
2025-11-07,182480,7.145688495800581e-49,0.0035524016043684
2025-11-10,182480,8.662201838089694e-49,-0.0119225257037811
2025-11-11,182480,7.920853328128423e-49,-0.0127933514599103
2025-11-12,182480,6.159649250103229e-49,-0.0360770079777168
2025-11-13,182480,4.186976023675919e-49,-0.0186051878310351
2025-11-14,182480,2.4512907439677327e-49,-0.0119994953661723
2025-11-17,182480,1.1394791039497122e-49,0.0123201558334784
2025-11-18,182480,2.726228753376059e-50,0.0083864696033266
2025-11-19,182480,-2.1628240376694796e-50,0.0100197223179652
2025-11-20,182480,-4.273757767954375e-50,0.0226491215028374
2025-11-21,182480,-4.6016871883619e-50,0.0279102847410666
2025-11-24,182480,-3.9646802301662024e-50,0.0043635278883229
2025-11-25,182480,-2.9477573735844596e-50,0.0036070737678794
2025-11-26,182480,-1.915099013028903e-50,-0.0055986709466857
2025-11-27,182480,-1.0548416720850972e-50,-0.0118608355634126
2025-11-28,182480,-4.326375474733782e-51,-0.0143002237183313
2025-12-01,182480,-4.031790525677981e-52,-0.0174889664195294
2025-12-02,182480,1.664376956949321e-51,-0.0107796072370209
2025-12-03,182480,2.426098322820597e-51,-0.0111300447288389
2025-12-04,182480,2.3900024803544038e-51,-0.0147624993701125
2025-12-05,182480,1.9540808407558213e-51,-0.0103527291524301
2025-12-08,182480,1.390784297021734e-51,-0.0087386266907927
2025-12-09,182480,8.610581470187288e-52,0.0012124642798028
2025-12-10,182480,4.4096728178264874e-52,-0.0044706434956687
2025-12-11,182480,1.5007892662220233e-52,0.0
2025-12-12,182480,-2.4218553631957013e-53,-0.0036652453982952
2025-12-15,182480,-1.087142441028006e-52,-0.0065226484820826
2025-12-16,182480,-1.327341115620066e-52,-0.0064022261713017
2025-12-17,182480,-1.217721204546075e-52,-0.0032639767859485
2025-12-18,182480,-9.491760022446988e-53,0.0024350661383003
2025-12-19,182480,-6.46645625246092e-53,0.0069120014971666
2025-12-22,182480,-3.796687261379677e-53,0.0125992318955141
2024-07-30,229200,-0.0034427427856362387,-0.0848217191836719
2024-07-31,229200,0.0121335659484625,-0.0596638336150543
2024-08-01,229200,0.014839934449456376,-0.0833783914306573
2024-08-02,229200,0.0059063925189257755,-0.0104459945814687
2024-08-05,229200,-0.0008288489577950612,0.1068678316218935
2024-08-06,229200,-0.0011552829275548841,0.0401827292621198
2024-08-07,229200,0.0007069682468502747,0.028885141387666
2024-08-08,229200,0.001199269359579761,0.060246020365655
2024-08-09,229200,0.0004526906077975876,0.0162453535765131
2024-08-12,229200,-0.00015045877089138763,0.0211215745279979
2024-08-13,229200,-0.00015761441000712245,0.0115995228403309
2024-08-14,229200,4.187253622630493e-05,-0.0057417910694887
2024-08-16,229200,0.00010351782495751343,-0.0209696212071805
2024-08-19,229200,3.81197219008891e-05,-0.012725187231742
2024-08-20,229200,-1.8099868094499216e-05,-0.0305142547270521
2024-08-21,229200,-1.7879447584358695e-05,-0.0155223271803819
2024-08-22,229200,2.478420667957627e-06,-0.0172675195331659
2024-08-23,229200,9.356576633272288e-06,-0.0053507164998163
2024-08-26,229200,3.4496047564142523e-06,0.0096363816871557
2024-08-27,229200,-1.9188420041280875e-06,-0.0011803125263737
2024-08-28,229200,-1.8875153257456765e-06,-0.0436231259876915
2024-08-29,229200,1.4043272715144355e-07,-0.041874853757173
2024-08-30,229200,8.707516055548124e-07,-0.0921350687445817
2024-09-02,229200,3.27314549482271e-07,-0.0835161214993641
2024-09-03,229200,-1.9240454831433529e-07,-0.0833747625313611
2024-09-04,229200,-1.9266498300085675e-07,-0.0354374369959236
2024-09-05,229200,6.767975837545953e-09,0.0024736160370167
2024-09-06,229200,8.244574408564281e-08,0.0408458666882072
2024-09-09,229200,3.193612296883875e-08,0.0381886328376514
2024-09-10,229200,-1.8752449209168674e-08,0.0719723110160056
2024-09-11,229200,-1.93306909715367e-08,0.0810238887016437
2024-09-12,229200,1.416433465655562e-10,0.0674269586108261
2024-09-13,229200,7.8823007477382e-09,0.0430914749202359
2024-09-19,229200,3.1635393642351677e-09,0.0606769841926514
2024-09-20,229200,-1.7989723189590896e-09,0.0339015516756814
2024-09-23,229200,-1.9216255985886094e-09,0.0058669546784612
2024-09-24,229200,-2.8370825701108186e-11,-0.0081159865781798
2024-09-25,229200,7.575099514334716e-10,0.0239351498247646
2024-09-26,229200,3.1576497148489504e-10,0.008267330640815
2024-09-27,229200,-1.7094029516417286e-10,0.0174753579147545
2024-09-30,229200,-1.9002924607242453e-10,0.0267811311575194
2024-10-02,229200,-6.435523089210899e-12,0.0100386943422004
2024-10-04,229200,7.298672820365746e-11,-0.0084550849585025
2024-10-07,229200,3.162524599967697e-11,-0.0128474913193892
2024-10-08,229200,-1.6141060972154833e-11,-0.0270670156084539
2024-10-10,229200,-1.873364608095926e-11,-0.0240549542928716
2024-10-11,229200,-9.617249521203883e-13,-0.0311366887857914
2024-10-14,229200,7.04010149157816e-12,-0.010007453287402
2024-10-15,229200,3.171081776095851e-12,-0.053268424521563
2024-10-16,229200,-1.5171188746872361e-12,-0.0224004336198147
2024-10-17,229200,-1.843169791649566e-12,-0.0359528785075253
2024-10-18,229200,-1.2511273335809243e-13,-0.0271568066554326
2024-10-21,229200,6.79254352829249e-13,-0.0173014696357527
2024-10-22,229200,3.179624114849289e-13,0.025023219729774
2024-10-23,229200,-1.4205892781765458e-13,-0.0043014245069389
2024-10-24,229200,-1.8109831507753956e-13,0.0210634881665523
2024-10-25,229200,-1.51881595493779e-14,0.0056040755803019
2024-10-28,229200,6.552400576321531e-14,0.0303917770025352
2024-10-29,229200,3.1862620623753824e-14,0.0125138501444671
2024-10-30,229200,-1.3256544451260903e-14,0.0118241269666194
2024-10-31,229200,-1.7775160644332577e-14,-0.0182453374226345
2024-11-01,229200,-1.768723275650342e-15,0.0251132839525095
2024-11-04,229200,6.317803548711806e-15,-0.0418806539714232
2024-11-05,229200,3.1900704248482477e-15,-0.0475939267368035
2024-11-06,229200,-1.2329101550269512e-15,-0.0666233688460162
2024-11-07,229200,-1.7431774601744297e-15,-0.0603181238050163
2024-11-08,229200,-2.0031116942312306e-16,-0.0654393295554579
2024-11-11,229200,6.087803332560789e-16,-0.042873661758779
2024-11-12,229200,3.190637654406416e-16,-0.0474054044482946
2024-11-13,229200,-1.1426618389945298e-16,-0.0216510332562577
2024-11-14,229200,-1.7082135023058132e-16,-0.0071998253931676
2024-11-15,229200,-2.2233505283106134e-17,-0.0429006353948906
2024-11-18,229200,5.861938362472876e-17,-0.0063017475276202
2024-11-19,229200,3.1878249295059425e-17,-0.0060008752731373
2024-11-20,229200,-1.055058805103322e-17,-0.00129338237474
2024-11-21,229200,-1.6727822740936872e-17,0.0
2024-11-22,229200,-2.4303311458275885e-18,-0.0048528793346684
2024-11-25,229200,5.640003627702709e-18,-0.0450841270024375
2024-11-26,229200,3.1816373731445908e-18,-0.0021519268041726
2024-11-27,229200,-9.701660407959083e-19,-0.0152143773699014
2024-11-28,229200,-1.6369937146464701e-18,-0.0242926925690445
2024-11-29,229200,-2.624688696151757e-19,-0.0008848775022128
2024-12-02,229200,5.421927343931955e-19,-0.0551013703338061
2024-12-03,229200,3.172155211390789e-19,-0.0323131304844031
2024-12-04,229200,-8.880026485173374e-20,-0.0095947217286597
2024-12-05,229200,-1.6009309847580915e-19,0.0169540021755781
2024-12-06,229200,-2.8069204768751844e-20,0.0231021824933451
2024-12-09,229200,5.207705170011002e-20,0.0755244924729104
2024-12-10,229200,3.15949697249165e-20,0.0188668207582514
2024-12-11,229200,-8.085624451092107e-21,0.0178826644806922
2024-12-12,229200,-1.564661906832231e-20,-0.0293699119368607
2024-12-13,229200,-2.977449060207483e-21,-0.0553993268911426
2024-12-16,229200,4.997365180613492e-21,-0.0404620880920404
2024-12-17,229200,3.1437998140402047e-21,-0.0233267336008524
2024-12-18,229200,-7.318250260525302e-22,-0.0325842256566117
2024-12-19,229200,-1.5282450996699168e-21,-0.0170098147851649
2024-12-20,229200,-3.1366559010324045e-22,0.0269713728889085
2024-12-23,229200,4.790949275978887e-22,0.0147343827425259
2024-12-24,229200,3.125209007349843e-22,0.0461217112681942
2024-12-26,229200,-6.577617315089217e-23,0.0654020742072225
2024-12-27,229200,-1.491733277894523e-22,0.0791136414578971
2024-12-30,229200,-3.284899174875234e-23,0.0623612237446731
2025-01-02,229200,4.5885033752644865e-23,0.0604525321520804
2025-01-03,229200,3.1038723185100394e-23,0.0152493636168113
2025-01-06,229200,-5.86338885727255e-24,-0.0185842677294409
2025-01-07,229200,-1.455175036074889e-23,-0.0029395729394173
2025-01-08,229200,-3.42252319402636e-24,-0.0164401122949218
2025-01-09,229200,4.3900723026628995e-24,0.0020006675562971
2025-01-10,229200,3.0799370087700347e-24,0.01078741070837
2025-01-13,229200,-5.175195774362168e-25,0.0368294524797042
2025-01-14,229200,-1.4186158230864649e-24,0.0178397528800591
2025-01-15,229200,-3.549863329262625e-25,0.038275402103377
2025-01-16,229200,4.195697179675524e-25,0.0120029585575023
2025-01-17,229200,3.0535482369058906e-25,0.0201727642592331
2025-01-20,229200,-4.5126465878471504e-26,0.0131224715807059
2025-01-21,229200,-1.3820984837901473e-25,-0.0279843998609415
2025-01-22,229200,-3.6672485361884894e-26,-0.0115199167499545
2025-01-23,229200,4.005414154751364e-26,0.0117792773016469
2025-01-24,229200,3.024848212803615e-26,0.0164918855034703
2025-01-31,229200,-3.875333250064684e-27,0.0200853697077475
2025-02-03,229200,-1.3456635695476632e-26,0.0683072199920309
2025-02-04,229200,-3.7750026079291645e-27,0.0392748245878364
2025-02-05,229200,3.8192538455296256e-27,0.0181317671328085
2025-02-06,229200,2.9939757543290303e-27,0.0059954614220873
2025-02-07,229200,-3.2628346841241957e-28,0.0185146518246924
2025-02-10,229200,-1.309349525256321e-27,0.0273196122579906
2025-02-11,229200,-3.873444753547514e-28,0.0346439618914064
2025-02-12,229200,3.6372411597128404e-28,0.0447433806365566
2025-02-13,229200,2.9610660614243963e-28,0.0292949051768931
2025-02-14,229200,-2.6747191021330207e-29,0.0239351498247646
2025-02-17,229200,-1.2731928104318012e-28,0.0126608251732902
2025-02-18,229200,-3.962889822356034e-29,0.0019197548610511
2025-02-19,229200,3.4593953160280354e-29,-0.0038255593709834
2025-02-20,229200,2.926250607893262e-29,0.0168845147020086
2025-02-21,229200,-2.1105456551636192e-30,-0.0369546259530123
2025-02-24,229200,-1.237227985061486e-29,-0.0454712402288916
2025-02-25,229200,-4.043648345064256e-30,-0.0322759541089715
2025-02-26,229200,3.2857299698154484e-30,-0.0553968386898166
2025-02-27,229200,2.8896570975830708e-30,-0.0735695385143632
2025-02-28,229200,-1.5698657110029349e-31,-0.0362294009478816
2025-03-04,229200,-1.2014877766240955e-30,-0.0377280517931306
2025-03-05,229200,-4.11602648293951e-31,-0.03902106586283
2025-03-06,229200,3.1162533921956783e-31,-0.0274349855677142
2025-03-07,229200,2.8514094563968946e-31,-0.0004096513923987
2025-03-10,229200,-1.052223918152089e-32,0.0291357594379386
2025-03-11,229200,-1.166003137014957e-31,0.0393226941339167
2025-03-12,229200,-4.1803259335279414e-32,0.019902777683377
2025-03-13,229200,2.9509686755079426e-32,0.0049842269656537
2025-03-14,229200,2.8116278447818333e-32,-0.0277518640753342
2025-03-17,229200,-5.571591410175686e-34,-0.0444044985229501
2025-03-18,229200,-1.1308032940249753e-32,-0.062713122120741
2025-03-19,229200,-4.236843818698342e-33,-0.0414716697896377
2025-03-20,229200,2.789873950405826e-33,-0.0309684794931042
2025-03-21,229200,2.77042868240787e-33,-0.0346310427645003
2025-03-24,229200,-8.420531194132779e-36,-0.0708521359094909
2025-03-25,229200,-1.0959157998357417e-33,-0.0291771633097417
2025-03-26,229200,-4.2858725685952626e-34,-0.0512091157604542
2025-03-27,229200,2.6329626067852473e-34,-0.036025822256762
2025-03-28,229200,2.7279246805301628e-34,-0.0082326616672819
2025-03-31,229200,3.671077752804361e-36,-0.0405751889681211
2025-04-01,229200,-1.0613665778260766e-34,-0.0527192703875951
2025-04-02,229200,-4.3276998085820534e-35,-0.0652594377965588
2025-04-03,229200,2.4802235143512055e-35,-0.0026616997348603
2025-04-04,229200,2.684224879549976e-35,0.006049731309066
2025-04-07,229200,7.972537169585669e-37,0.0882491598817628
2025-04-08,229200,-1.0271799683625386e-35,0.071750986685811
2025-04-09,229200,-4.362608252779375e-36,0.0705616771539859
2025-04-10,229200,2.3316412405743585e-36,0.033116476942167
2025-04-11,229200,2.6394346903725555e-36,0.0258006459447332
2025-04-14,229200,1.2067087887132169e-37,-0.0029997879791116
2025-04-15,229200,-9.933787739145953e-37,-0.0008572653761183
2025-04-16,229200,-4.390875605949859e-37,0.0475891040686409
2025-04-17,229200,2.187196264830885e-37,0.0199121623201131
2025-04-18,229200,2.593655938741335e-37,0.0110133271779829
2025-04-21,229200,1.5959512680769128e-38,0.0042826617920009
2025-04-22,229200,-9.599843036588178e-38,0.0119353505492728
2025-04-23,229200,-4.4127744744906044e-38,-0.0215774596367121
2025-04-24,229200,2.046865188079391e-38,-0.0062542462147298
2025-04-25,229200,2.5469869120407314e-38,-0.0143411172706577
2025-04-28,229200,1.9654607879651992e-39,0.0097810688351606
2025-04-29,229200,-9.270164176431883e-39,-0.0123642589838985
2025-04-30,229200,-4.428572286769331e-39,0.0021445429621602
2025-05-02,229200,1.910620937730783e-39,-0.0008481764715439
2025-05-07,229200,2.4995224082290555e-39,0.0140040480840164
2025-05-08,229200,2.3157177193909653e-40,-0.0038159893666858
2025-05-09,229200,-8.944935705337077e-40,-0.0025773210143004
2025-05-12,229200,-4.438531222761495e-40,-0.0190317162982159
2025-05-13,229200,1.7784329675314567e-40,-0.0327756806517431
2025-05-14,229200,2.451353786655821e-40,-0.0273404470812681
2025-05-15,229200,2.647202582282477e-41,-0.0210353323894731
2025-05-16,229200,-8.62432854940317e-41,-0.0116808596127556
2025-05-19,229200,-4.442908152799738e-41,0.0181744509220977
2025-05-20,229200,1.650267452370463e-41,0.0298013848538166
2025-05-21,229200,2.4025690205692907e-41,0.0209992717428208
2025-05-22,229200,2.960395483521591e-42,0.0328597944844965
2025-05-23,229200,-8.308500443065843e-42,0.0354813880781618
2025-05-26,229200,-4.4419545851718214e-42,0.0304077481847152
2025-05-27,229200,1.5260874779721873e-42,0.0297653497998537
2025-05-28,229200,2.3532527511498962e-42,0.0317221924501562
2025-05-29,229200,3.2557755814548343e-43,0.034251336561545
2025-05-30,229200,-7.99759635341763e-43,0.0503688857331262
2025-06-02,229200,-4.435916622265797e-43,0.0656038852160421
2025-06-04,229200,1.405853225465541e-43,0.060114250327831
2025-06-05,229200,2.3034863429230283e-43,0.0243518526925091
2025-06-09,229200,3.5338205762008754e-44,0.0192854510668016
2025-06-10,229200,-7.6917488997161e-44,-0.0011988013423701
2025-06-11,229200,-4.425034924944354e-44,-0.0236510827128469
2025-06-12,229200,1.2895221508386656e-44,-0.0196392800779696
2025-06-13,229200,2.253347940416389e-44,0.025728709919807
2025-06-16,229200,3.795006225115797e-45,0.0059512177231559
2025-06-17,229200,-7.391078767839477e-45,0.0326479340248734
2025-06-18,229200,-4.409544684824006e-45,0.0275391124940716
2025-06-19,229200,1.1770491592999187e-45,0.0098678519294319
2025-06-20,229200,2.202912525935311e-45,-0.0113972544382228
2025-06-23,229200,4.039805882797084e-46,0.0007908264548177
2025-06-24,229200,-7.09569511945585e-46,-0.0254765885498822
2025-06-25,229200,-4.38967560413476e-46,-0.0160378950952485
2025-06-26,229200,1.068386774574076e-46,0.0136534206012619
2025-06-27,229200,2.152251978335802e-46,-0.0099305682026008
2025-06-30,229200,4.26869006501757e-47,-0.0003953350516007
2025-07-01,229200,-6.805695995683155e-47,0.0094824890695094
2025-07-02,229200,-4.3656518828387146e-47,0.0082466597340701
2025-07-03,229200,9.634853031690935e-48,0.0061800119441344
2025-07-04,229200,2.1014351326804941e-47,0.0383758914756001
2025-07-07,229200,4.482126035986686e-48,0.0296087075175021
2025-07-08,229200,-6.521168715030643e-48,0.0476097587598946
2025-07-09,229200,-4.3376922126908355e-48,0.0443667408477323
2025-07-10,229200,8.622929936538166e-49,0.0451713977635992
2025-07-11,229200,2.0505278406674146e-48,0.0516581913082203
2025-07-14,229200,4.680577418339863e-49,0.0483330630964276
2025-07-15,229200,-6.242190265427126e-49,0.0119270888359903
2025-07-16,229200,-4.306009777930692e-49,0.0141161333597464
2025-07-17,229200,7.647561909915046e-50,-0.0036873198120466
2025-07-18,229200,1.999593031725985e-49,-0.0195253946597455
2025-07-21,229200,4.864503825260003e-50,-0.0151099244722959
2025-07-22,229200,-5.968827690156212e-50,-0.0063185491763808
2025-07-23,229200,-4.270812262300177e-50,-0.012620805978313
2025-07-24,229200,6.708194859779018e-51,-0.0066716333454364
2025-07-25,229200,1.9486907746788542e-50,-0.0491808654832513
2025-07-28,229200,5.034360514137399e-51,-0.0347598273629473
2025-07-29,229200,-5.701138467533558e-51,-0.0074850648865668
2025-07-30,229200,-4.232301862088638e-51,0.0007468260242563
2025-07-31,229200,5.804258598361859e-52,-0.0052199969387577
2025-08-01,229200,1.8978783398722957e-51,0.0491808654832514
2025-08-04,229200,5.1905980611776026e-52,0.0395755432820818
2025-08-05,229200,-5.43917088417571e-52,0.0104634736408278
2025-08-06,229200,-4.1906753049134924e-52,0.0199563163834592
2025-08-07,229200,4.935168240243528e-53,0.0247382007921528
2025-08-08,229200,1.847210261681834e-52,-0.0063444885330792
2025-08-11,229200,5.333662056369742e-53,-0.0246926125903715
2025-08-12,229200,-5.182964401724293e-53,-0.0271305261260395
2025-08-13,229200,-4.1461238739511025e-53,-0.0483511825996081
2025-08-14,229200,4.100325553136542e-54,-0.0451316567988534
2025-08-18,229200,1.7967384013036854e-53,0.001496446220146
2025-08-19,229200,5.463992818231514e-54,0.0195054946242566
2025-08-20,229200,-4.932550016903075e-54,0.0267587097990194
2025-08-21,229200,-4.0988334373394995e-54,0.0239055208535543
2025-08-22,229200,3.2991202619943974e-55,0.0117581479823468
2025-08-25,229200,1.746512009746354e-54,-0.018106869644567
2025-08-26,229200,5.582025127751114e-55,-0.0142164758724655
2025-08-27,229200,-4.6879506147986724e-55,-0.0119717105090511
2025-08-28,229200,-4.048984482481293e-55,0.0044893453625945
2025-08-29,229200,2.530931307083882e-56,0.0208962827264124
2025-09-01,229200,1.696577790940459e-55,0.0402889251705416
2025-09-02,229200,5.688187980950901e-56,0.0337131390514782
2025-09-03,229200,-4.449181315268527e-56,0.0420105991031648
2025-09-04,229200,-3.9967521549819787e-56,0.0323201102423171
2025-09-05,229200,1.795128056684542e-57,0.0408810769698307
2025-09-08,229200,1.6469799648884928e-56,0.0359105013057708
2025-09-09,229200,5.782904359502504e-57,0.0333185037763569
2025-09-10,229200,-4.2162498123921524e-57,0.0132642202827232
2025-09-11,229200,-3.942306301965645e-57,0.026392402067262
2025-09-12,229200,1.0910714751006639e-58,0.013730192811902
2025-09-15,229200,1.597760330779768e-57,0.0302263761487923
2025-09-16,229200,5.8665910188285544e-58,0.0229895182246987
2025-09-17,229200,-3.98915670689346e-58,0.0155480163884848
2025-09-18,229200,-3.885811519516859e-58,-0.0067102494414286
2025-09-19,229200,4.1811524669129945e-60,-0.032696587076338
2025-09-22,229200,1.5489583299992875e-58,-0.0405083316482385
2025-09-23,229200,5.939658293131924e-59,-0.0400475011292754
2025-09-24,229200,-3.7678958314734774e-59,-0.0194730883322268
2025-09-25,229200,-3.827427204004326e-59,0.0
2025-09-26,229200,-2.2439314335798178e-61,0.0242695709144578
2025-09-29,229200,1.500611108962661e-59,0.0102819554994461
2025-09-30,229200,6.002509916799511e-60,-0.0007171029349968
2025-10-01,229200,-3.5524545690037356e-60,0.0106686644916306
2025-10-02,229200,-3.7673076070486657e-60,0.0077656585103721
2025-10-10,229200,-8.37111370781001e-62,0.0084270161618801
2025-10-13,229200,1.4527535817125328e-60,0.0329604858492606
2025-10-14,229200,6.05554286163418e-61,0.0479699877855423
2025-10-15,229200,-3.342814163541086e-61,0.0439441053977347
2025-10-16,229200,-3.70560189390334e-61,0.0277410299465376
2025-10-17,229200,-1.4207012757391308e-62,0.0374035709498614
2025-10-20,229200,1.4054184922152023e-61,0.0496024459133872
2025-10-21,229200,6.09914718937529e-62,0.0529329750172631
2025-10-22,229200,-3.1389500241348105e-62,0.0368873852789866
2025-10-23,229200,-3.6424542050244493e-62,0.0405483592743282
2025-10-24,229200,-1.9758279073224945e-63,0.0344290873667249
2025-10-27,229200,1.358636476299305e-62,0.0215269356937226
2025-10-28,229200,6.133705918975298e-63,0.0437748290536996
2025-10-29,229200,-2.9408320214066356e-63,0.0200265090875295
2025-10-30,229200,-3.5780037206117754e-63,0.0256133308155791
2025-10-31,229200,-2.5031586082633734e-64,-0.0117840970847358
2025-11-03,229200,1.3124361231814909e-63,-0.0264105527577412
2025-11-04,229200,6.159594908107552e-64,-0.0571584138399486
2025-11-05,229200,-2.7484247768933175e-64,0.0089144175174722
2025-11-06,229200,-3.5123847279099606e-64,0.0293350162794497
2025-11-07,229200,-3.003362139070162e-65,0.0336710344928978
2025-11-10,229200,1.2668440365270594e-64,0.0308507757204758
2025-11-11,229200,6.17718274838791e-65,0.0143558746051881
2025-11-12,229200,-2.561687945150499e-65,-0.0354875948313161
2025-11-13,229200,-3.4457266910652956e-65,-0.0286950162576044
2025-11-14,229200,-3.477107840781295e-66,-0.0402782603795854
2025-11-17,229200,1.2218848949964184e-65,-0.0626837022936867
2025-11-18,229200,6.186830673800803e-66,-0.0437010946619607
2025-11-19,229200,-2.3805764886248015e-66,-0.0039486724554163
2025-11-20,229200,-3.3781543233399725e-66,-0.0278967165811545
2025-11-21,229200,-3.925064835530509e-67,0.0526182366151613
2025-11-24,229200,1.1775815122311152e-66,0.0836645877646907
2025-11-25,229200,6.188892481828674e-67,0.0889834863765036
2025-11-26,229200,-2.2050409453092075e-67,0.061690750996573
2025-11-27,229200,-3.309787661492102e-67,0.0512932943875504
2025-11-28,229200,-4.347901264108773e-68,-0.0101138662369286
2025-12-01,229200,1.1339548962359296e-67,-0.0115319962730715
2025-12-02,229200,6.183714466791834e-68,-0.0115212235019201
2025-12-03,229200,-2.035027689204445e-68,-0.0046605645956402
2025-12-04,229200,-3.240742142136067e-68,-0.0050125418235442
2025-12-05,229200,-4.746283559702336e-69,0.0053857250409827
2025-12-08,229200,1.091024308116243e-68,-0.0088161780094728
2025-12-09,229200,6.171635364914596e-69,-0.0373308620892474
2025-12-10,229200,-1.8704791836162992e-69,-0.0465348457192021
2025-12-11,229200,-3.171128679904041e-69,-0.0561981892213522
2025-12-12,229200,-5.120875756982971e-70,-0.0360283418433987
2025-12-15,229200,1.0488073201324921e-69,-0.0233573248508356
2025-12-16,229200,6.152986310642048e-70,-0.0019524900442917
2025-12-17,229200,-1.7113342273257107e-70,-0.0055619315637748
2025-12-18,229200,-3.1010537472356436e-70,0.0216899728826132
2025-12-19,229200,-5.472338835722875e-71,0.020425414255761
2025-12-22,229200,1.0073198730360846e-70,-0.0009716599954755
2024-07-30,241180,-0.0075976826401054865,-0.0707278062650505
2024-07-31,241180,0.006179978594781026,-0.0884976681851302
2024-08-01,241180,0.007783058339704472,-0.0650717885838264
2024-08-02,241180,0.005448714603900344,-0.0246028914308576
2024-08-05,241180,0.003063737672526862,0.0881856691619683
2024-08-06,241180,0.0019050203094932252,0.0372598207454838
2024-08-07,241180,0.0017445131661806854,0.0364347425035065
2024-08-08,241180,0.0019887870627668335,0.0585653937892987
2024-08-09,241180,0.002236028516543185,0.0530599934963225
2024-08-12,241180,0.0023554143200247906,0.0595510612917145
2024-08-13,241180,0.00237146573516324,0.0373413938092211
2024-08-14,241180,0.00234590831108478,0.0386457150976595
2024-08-16,241180,0.0023202790721387773,0.0157284181190548
2024-08-19,241180,0.0023079793144141787,0.0250486732508282
2024-08-20,241180,0.002306376161896646,0.0179595867151746
2024-08-21,241180,0.0023090497000947327,0.0208239970272753
2024-08-22,241180,0.002311706308313991,0.0032867737066227
2024-08-23,241180,0.002312973402297678,0.0171484778969254
2024-08-26,241180,0.002313133298277127,0.0088063664878882
2024-08-27,241180,0.0023128536665296684,0.0098665221046828
2024-08-28,241180,0.002312578309127112,-0.0397442146422589
2024-08-29,241180,0.002312447785480797,-0.0350620222209948
2024-08-30,241180,0.0023124318613689217,-0.061604632645291
2024-09-02,241180,0.0023124611041552396,-0.0436200087920289
2024-09-03,241180,0.0023124896434674642,-0.0499834045332712
2024-09-04,241180,0.0023125030877413594,-0.0110321046683675
2024-09-05,241180,0.0023125046710880505,0.0101932613181151
2024-09-06,241180,0.0023125016134604662,0.0181195207055522
2024-09-09,241180,0.002312498655667251,0.0184973490283719
2024-09-10,241180,0.0023124972709759294,0.039149062367561
2024-09-11,241180,0.00231249711381612,0.0505366548397369
2024-09-12,241180,0.0023124974334739236,0.0206132295520742
2024-09-13,241180,0.0023124977400016244,0.0204249048520409
2024-09-19,241180,0.0023124978826069434,0.0330877707289243
2024-09-20,241180,0.00231249789817683,0.0254775628335523
2024-09-23,241180,0.0023124978647633123,-0.0153618788290137
2024-09-24,241180,0.002312497832998279,-0.0073933893860265
2024-09-25,241180,0.002312497818312896,0.0118367447178483
2024-09-26,241180,0.0023124978167735634,0.0104593517936234
2024-09-27,241180,0.0023124978202657426,-0.0090077885895307
2024-09-30,241180,0.0023124978235573392,0.0219556243491369
2024-10-02,241180,0.0023124978250695116,0.0350189274716948
2024-10-04,241180,0.002312497825221355,0.0239648928229305
2024-10-07,241180,0.0023124978248564246,0.0165572132120104
2024-10-08,241180,0.0023124978245153563,0.0066924805407994
2024-10-10,241180,0.002312497824359658,0.0069289822092385
2024-10-11,241180,0.002312497824344717,-0.0097584857766701
2024-10-14,241180,0.002312497824382847,-0.0050771075589079
2024-10-15,241180,0.002312497824418186,-0.0352225759744753
2024-10-16,241180,0.0023124978244342155,-0.0333813218169433
2024-10-17,241180,0.0023124978244356818,-0.0334221957643105
2024-10-18,241180,0.0023124978244316984,-0.0216541999700074
2024-10-21,241180,0.0023124978244280373,-0.0273767186990262
2024-10-22,241180,0.0023124978244263867,0.00796702236746
2024-10-23,241180,0.0023124978244262436,0.0292097111216558
2024-10-24,241180,0.00231249782442666,0.0299637059969929
2024-10-25,241180,0.002312497824427039,-0.0047786320698465
2024-10-28,241180,0.002312497824427209,-0.0031048392477304
2024-10-29,241180,0.002312497824427223,-0.0098963144335974
2024-10-30,241180,0.0023124978244271795,0.0048809479675996
2024-10-31,241180,0.0023124978244271404,0.0041676593594813
2024-11-01,241180,0.002312497824427123,0.0375574704256585
2024-11-04,241180,0.0023124978244271214,0.0311411574995285
2024-11-05,241180,0.0023124978244271257,0.0256894861153108
2024-11-06,241180,0.00231249782442713,-0.0153867511040833
2024-11-07,241180,0.0023124978244271318,-0.0262889519917842
2024-11-08,241180,0.0023124978244271318,-0.0358969894815259
2024-11-11,241180,0.002312497824427131,-0.03640253271941
2024-11-12,241180,0.002312497824427131,-0.0370998694360718
2024-11-13,241180,0.002312497824427131,-0.0237545475983733
2024-11-14,241180,0.002312497824427131,-0.0117131646636532
2024-11-15,241180,0.002312497824427131,0.0059356017410412
2024-11-18,241180,0.002312497824427131,0.0170952612372626
2024-11-19,241180,0.002312497824427131,0.0076375240519201
2024-11-20,241180,0.002312497824427131,0.0204848423244314
2024-11-21,241180,0.002312497824427131,0.0263555609376824
2024-11-22,241180,0.002312497824427131,0.0174553033805487
2024-11-25,241180,0.002312497824427131,0.0149174695258447
2024-11-26,241180,0.002312497824427131,0.0470463436066194
2024-11-27,241180,0.002312497824427131,0.042848548254958
2024-11-28,241180,0.002312497824427131,0.0491225360556518
2024-11-29,241180,0.002312497824427131,0.0393527108655126
2024-12-02,241180,0.002312497824427131,0.0443674310574343
2024-12-03,241180,0.002312497824427131,0.0125886069308937
2024-12-04,241180,0.002312497824427131,0.0121536041607565
2024-12-05,241180,0.002312497824427131,0.0075283802278594
2024-12-06,241180,0.002312497824427131,0.000229121320741
2024-12-09,241180,0.002312497824427131,-0.0173917427118692
2024-12-10,241180,0.002312497824427131,-0.0073777399602497
2024-12-11,241180,0.002312497824427131,-0.013215444938257
2024-12-12,241180,0.002312497824427131,-0.0319046591905802
2024-12-13,241180,0.002312497824427131,-0.0319364260921169
2024-12-16,241180,0.002312497824427131,-0.0101819734651154
2024-12-17,241180,0.002312497824427131,-0.0161353648978694
2024-12-18,241180,0.002312497824427131,0.0053898552685765
2024-12-19,241180,0.002312497824427131,0.0351974743627462
2024-12-20,241180,0.002312497824427131,0.0447746248194229
2024-12-23,241180,0.002312497824427131,0.0295628669232763
2024-12-24,241180,0.002312497824427131,0.0307914884422953
2024-12-26,241180,0.002312497824427131,-0.0056670427414776
2024-12-27,241180,0.002312497824427131,-0.0170773520702214
2024-12-30,241180,0.002312497824427131,-0.0134798707632565
2025-01-02,241180,0.002312497824427131,-0.0227941809048827
2025-01-03,241180,0.002312497824427131,-0.0251981113164208
2025-01-06,241180,0.002312497824427131,-0.0151772000813347
2025-01-07,241180,0.002312497824427131,-0.0328753357171658
2025-01-08,241180,0.002312497824427131,-0.0320045948450287
2025-01-09,241180,0.002312497824427131,-0.0144737837940364
2025-01-10,241180,0.002312497824427131,-0.0110772089182329
2025-01-13,241180,0.002312497824427131,0.0055202235988828
2025-01-14,241180,0.002312497824427131,0.012794153824317
2025-01-15,241180,0.002312497824427131,0.0245032365837454
2025-01-16,241180,0.002312497824427131,0.0185775359509208
2025-01-17,241180,0.002312497824427131,0.0256584934702718
2025-01-20,241180,0.002312497824427131,0.0281967947813076
2025-01-21,241180,0.002312497824427131,0.0043837219854153
2025-01-22,241180,0.002312497824427131,-0.0004620431630505
2025-01-23,241180,0.002312497824427131,-0.0093849652100848
2025-01-24,241180,0.002312497824427131,0.0022878069919279
2025-01-31,241180,0.002312497824427131,-0.0085634120828556
2025-02-03,241180,0.002312497824427131,0.0168420176608587
2025-02-04,241180,0.002312497824427131,0.0124464830407006
2025-02-05,241180,0.002312497824427131,0.0089247083786525
2025-02-06,241180,0.002312497824427131,0.0017808630474343
2025-02-07,241180,0.002312497824427131,0.0015998175049692
2025-02-10,241180,0.002312497824427131,0.0062944925942813
2025-02-11,241180,0.002312497824427131,0.0072310841041019
2025-02-12,241180,0.002312497824427131,0.0088001301253573
2025-02-13,241180,0.002312497824427131,-0.0042519209103166
2025-02-14,241180,0.002312497824427131,-0.0061389234392061
2025-02-17,241180,0.002312497824427131,-0.0149338551849891
2025-02-18,241180,0.002312497824427131,-0.0228714967699472
2025-02-19,241180,0.002312497824427131,-0.0149880972268051
2025-02-20,241180,0.002312497824427131,0.0001832508709544
2025-02-21,241180,0.002312497824427131,-0.0187866461762158
2025-02-24,241180,0.002312497824427131,-0.0084353484976116
2025-02-25,241180,0.002312497824427131,-0.0064652891547514
2025-02-26,241180,0.002312497824427131,0.0036527609681736
2025-02-27,241180,0.002312497824427131,-0.0217183410863148
2025-02-28,241180,0.002312497824427131,0.0057895390027242
2025-03-04,241180,0.002312497824427131,-0.0002327475862945
2025-03-05,241180,0.002312497824427131,-0.0113568258032053
2025-03-06,241180,0.002312497824427131,-0.0063895022453781
2025-03-07,241180,0.002312497824427131,0.000234044048158
2025-03-10,241180,0.002312497824427131,-0.0018639334380627
2025-03-11,241180,0.002312497824427131,0.0073287586247177
2025-03-12,241180,0.002312497824427131,0.0200913173117309
2025-03-13,241180,0.002312497824427131,0.0168574367741697
2025-03-14,241180,0.002312497824427131,0.0096880124295416
2025-03-17,241180,0.002312497824427131,0.0114546664836685
2025-03-18,241180,0.002312497824427131,0.0
2025-03-19,241180,0.002312497824427131,0.0099878859435131
2025-03-20,241180,0.002312497824427131,-0.0106525641162073
2025-03-21,241180,0.002312497824427131,-0.0057642405792113
2025-03-24,241180,0.002312497824427131,-0.0454205537337279
2025-03-25,241180,0.002312497824427131,-0.0436412280986946
2025-03-26,241180,0.002312497824427131,-0.051257138701161
2025-03-27,241180,0.002312497824427131,-0.05772065794203
2025-03-28,241180,0.002312497824427131,-0.0844970580229167
2025-03-31,241180,0.002312497824427131,-0.1054463028627172
2025-04-01,241180,0.002312497824427131,-0.0574253902766037
2025-04-02,241180,0.002312497824427131,-0.0743824172386124
2025-04-03,241180,0.002312497824427131,-0.0078062109342117
2025-04-04,241180,0.002312497824427131,0.0220263276017278
2025-04-07,241180,0.002312497824427131,0.0828023527307127
2025-04-08,241180,0.002312497824427131,0.0318525506781536
2025-04-09,241180,0.002312497824427131,0.0424470948900475
2025-04-10,241180,0.002312497824427131,-0.0014303684403752
2025-04-11,241180,0.002312497824427131,0.0206284020174999
2025-04-14,241180,0.002312497824427131,0.0113860672564184
2025-04-15,241180,0.002312497824427131,0.0152854817929726
2025-04-16,241180,0.002312497824427131,0.0256972402710649
2025-04-17,241180,0.002312497824427131,0.0290411244939606
2025-04-18,241180,0.002312497824427131,0.0272373586632118
2025-04-21,241180,0.002312497824427131,0.0371220094640342
2025-04-22,241180,0.002312497824427131,0.0477165219795293
2025-04-23,241180,0.002312497824427131,0.0307143289525266
2025-04-24,241180,0.002312497824427131,0.0155093498878214
2025-04-25,241180,0.002312497824427131,0.0139054244163913
2025-04-28,241180,0.002312497824427131,-0.0006585136644361
2025-04-29,241180,0.002312497824427131,-0.004801314432735
2025-04-30,241180,0.002312497824427131,0.0142919624780324
2025-05-02,241180,0.002312497824427131,0.0287568671002889
2025-05-07,241180,0.002312497824427131,0.0207763705929183
2025-05-08,241180,0.002312497824427131,0.0126705297506191
2025-05-09,241180,0.002312497824427131,0.004801314432735
2025-05-12,241180,0.002312497824427131,-0.0062334481039365
2025-05-13,241180,0.002312497824427131,-0.0166975041000073
2025-05-14,241180,0.002312497824427131,-0.021009661157373
2025-05-15,241180,0.002312497824427131,-0.0106023739018146
2025-05-16,241180,0.002312497824427131,-0.0150399911384196
2025-05-19,241180,0.002312497824427131,-0.0069301644659458
2025-05-20,241180,0.002312497824427131,0.0009324009999511
2025-05-21,241180,0.002312497824427131,0.0002332905644547
2025-05-22,241180,0.002312497824427131,0.0158848105400231
2025-05-23,241180,0.002312497824427131,0.0239750289389153
2025-05-26,241180,0.002312497824427131,0.0041732177885142
2025-05-27,241180,0.002312497824427131,-0.0027530872945484
2025-05-28,241180,0.002312497824427131,-0.0092330700682866
2025-05-29,241180,0.002312497824427131,-0.0156500632444077
2025-05-30,241180,0.002312497824427131,-0.0109832649386823
2025-06-02,241180,0.002312497824427131,0.0107973311267854
2025-06-04,241180,0.002312497824427131,0.0009340993626751
2025-06-05,241180,0.002312497824427131,0.0089997795038318
2025-06-09,241180,0.002312497824427131,0.0119923977548961
2025-06-10,241180,0.002312497824427131,0.0041386745582218
2025-06-11,241180,0.002312497824427131,0.0113687276067597
2025-06-12,241180,0.002312497824427131,0.0164366966384312
2025-06-13,241180,0.002312497824427131,0.0027959011689334
2025-06-16,241180,0.002312497824427131,-0.0071221062136861
2025-06-17,241180,0.002312497824427131,0.0066141172180399
2025-06-18,241180,0.002312497824427131,-0.0031628914085083
2025-06-19,241180,0.002312497824427131,0.0137278967034614
2025-06-20,241180,0.002312497824427131,0.044904853508271
2025-06-23,241180,0.002312497824427131,0.0488213076005062
2025-06-24,241180,0.002312497824427131,0.0335895600523541
2025-06-25,241180,0.002312497824427131,0.0255197985097847
2025-06-26,241180,0.002312497824427131,0.0120214860303039
2025-06-27,241180,0.002312497824427131,-0.0019594751315218
2025-06-30,241180,0.002312497824427131,-0.0121300415306163
2025-07-01,241180,0.002312497824427131,-0.0117479604210953
2025-07-02,241180,0.002312497824427131,-0.0050701174230211
2025-07-03,241180,0.002312497824427131,-0.0059701669865037
2025-07-04,241180,0.002312497824427131,-0.0146387885781964
2025-07-07,241180,0.002312497824427131,-0.007367431457873
2025-07-08,241180,0.002312497824427131,-0.0046565331998886
2025-07-09,241180,0.002312497824427131,-0.0084926200456535
2025-07-10,241180,0.002312497824427131,0.0026528196129043
2025-07-11,241180,0.002312497824427131,0.0053684743104829
2025-07-14,241180,0.002312497824427131,0.0091221730838041
2025-07-15,241180,0.002312497824427131,0.0042053918045259
2025-07-16,241180,0.002312497824427131,0.0474866662659878
2025-07-17,241180,0.002312497824427131,0.0478702894642281
2025-07-18,241180,0.002312497824427131,0.0415524034917818
2025-07-21,241180,0.002312497824427131,0.0274026190940849
2025-07-22,241180,0.002312497824427131,0.0244713689027567
2025-07-23,241180,0.002312497824427131,-0.0201011793210872
2025-07-24,241180,0.002312497824427131,-0.018577455687368
2025-07-25,241180,0.002312497824427131,-0.0252635813801512
2025-07-28,241180,0.002312497824427131,-0.0176503721690569
2025-07-29,241180,0.002312497824427131,0.0047443420567104
2025-07-30,241180,0.002312497824427131,0.0110619625873359
2025-07-31,241180,0.002312497824427131,0.0002180121659422
2025-08-01,241180,0.002312497824427131,0.0350134707056942
2025-08-04,241180,0.002312497824427131,0.0560077127133519
2025-08-05,241180,0.002312497824427131,0.0485856263511375
2025-08-06,241180,0.002312497824427131,0.0574275820753573
2025-08-07,241180,0.002312497824427131,0.0514088215676278
2025-08-08,241180,0.002312497824427131,0.0472094839850203
2025-08-11,241180,0.002312497824427131,0.0316934499138101
2025-08-12,241180,0.002312497824427131,0.0155748322701162
2025-08-13,241180,0.002312497824427131,-0.0036751842824827
2025-08-14,241180,0.002312497824427131,-0.0115377084289677
2025-08-18,241180,0.002312497824427131,-0.0154073591612619
2025-08-19,241180,0.002312497824427131,-0.0277445286336553
2025-08-20,241180,0.002312497824427131,-0.0162012286324432
2025-08-21,241180,0.002312497824427131,-0.0041040579938696
2025-08-22,241180,0.002312497824427131,0.0098798144031029
2025-08-25,241180,0.002312497824427131,-0.010279550326471
2025-08-26,241180,0.002312497824427131,-0.0060557819954446
2025-08-27,241180,0.002312497824427131,-0.0214489962296923
2025-08-28,241180,0.002312497824427131,-0.0072124215679775
2025-08-29,241180,0.002312497824427131,-0.0014113742483991
2025-09-01,241180,0.002312497824427131,0.0232784993022517
2025-09-02,241180,0.002312497824427131,0.03220863597412
2025-09-03,241180,0.002312497824427131,0.0545635164705538
2025-09-04,241180,0.002312497824427131,0.0446773147198105
2025-09-05,241180,0.002312497824427131,0.0437670160403058
2025-09-08,241180,0.002312497824427131,0.0276507882446453
2025-09-09,241180,0.002312497824427131,0.0252871740142781
2025-09-10,241180,0.002312497824427131,0.0171882674654638
2025-09-11,241180,0.002312497824427131,0.0193380570466871
2025-09-12,241180,0.002312497824427131,0.009773160266959
2025-09-15,241180,0.002312497824427131,0.0154246731577974
2025-09-16,241180,0.002312497824427131,0.0252461208270134
2025-09-17,241180,0.002312497824427131,0.0200175785591451
2025-09-18,241180,0.002312497824427131,0.0063767991841802
2025-09-19,241180,0.002312497824427131,0.0063975726966268
2025-09-22,241180,0.002312497824427131,-0.0025477720787986
2025-09-23,241180,0.002312497824427131,-0.0133301428539965
2025-09-24,241180,0.002312497824427131,-0.0080924619193389
2025-09-25,241180,0.002312497824427131,0.0044358049387319
2025-09-26,241180,0.002312497824427131,0.0456927422539338
2025-09-29,241180,0.002312497824427131,0.0316751084797563
2025-09-30,241180,0.002312497824427131,0.0351469553146059
2025-10-01,241180,0.002312497824427131,0.0510008195279981
2025-10-02,241180,0.002312497824427131,0.0544737730933561
2025-10-10,241180,0.002312497824427131,0.0124801976428336
2025-10-13,241180,0.002312497824427131,0.0562581354536598
2025-10-14,241180,0.002312497824427131,0.0533390726958011
2025-10-15,241180,0.002312497824427131,0.036729930199654
2025-10-16,241180,0.002312497824427131,0.0097686681878591
2025-10-17,241180,0.002312497824427131,0.0237819867131389
2025-10-20,241180,0.002312497824427131,0.0186235731388883
2025-10-21,241180,0.002312497824427131,0.0247962758570343
2025-10-22,241180,0.002312497824427131,0.041034829628497
2025-10-23,241180,0.002312497824427131,0.0462104942071667
2025-10-24,241180,0.002312497824427131,0.0484760072789584
2025-10-27,241180,0.002312497824427131,0.0285187124293339
2025-10-28,241180,0.002312497824427131,0.019245082491214
2025-10-29,241180,0.002312497824427131,-0.0230753959533257
2025-10-30,241180,0.002312497824427131,-0.0049837174265727
2025-10-31,241180,0.002312497824427131,-0.0172839105095148
2025-11-03,241180,0.002312497824427131,-0.0141576950398833
2025-11-04,241180,0.002312497824427131,-0.0022084204972847
2025-11-05,241180,0.002312497824427131,0.0268299428435755
2025-11-06,241180,0.002312497824427131,0.0226948826157349
2025-11-07,241180,0.002312497824427131,-0.0067659019562528
2025-11-10,241180,0.002312497824427131,-0.0073999430140976
2025-11-11,241180,0.002312497824427131,-0.0494985814049577
2025-11-12,241180,0.002312497824427131,-0.0614673064185182
2025-11-13,241180,0.002312497824427131,-0.052302250078197
2025-11-14,241180,0.002312497824427131,-0.0396809125952311
2025-11-17,241180,0.002312497824427131,-0.0345021570120536
2025-11-18,241180,0.002312497824427131,-0.0077248598684622
2025-11-19,241180,0.002312497824427131,0.0214486403846613
2025-11-20,241180,0.002312497824427131,0.0151791339197107
2025-11-21,241180,0.002312497824427131,0.0377796374643669
2025-11-24,241180,0.002312497824427131,0.010138817886267
2025-11-25,241180,0.002312497824427131,0.0179087621191797
2025-11-26,241180,0.002312497824427131,0.0095091266242712
2025-11-27,241180,0.002312497824427131,0.0248897070044202
2025-11-28,241180,0.002312497824427131,0.0107264068254822
2025-12-01,241180,0.002312497824427131,0.0262534341932023
2025-12-02,241180,0.002312497824427131,0.0271153793693946
2025-12-03,241180,0.002312497824427131,0.0054085714325977
2025-12-04,241180,0.002312497824427131,-0.0182479811831926
2025-12-05,241180,0.002312497824427131,0.0039668783315866
2025-12-08,241180,0.002312497824427131,0.0005243930271017
2025-12-09,241180,0.002312497824427131,-0.0156478963756646
2025-12-10,241180,0.002312497824427131,-0.0061177410247614
2025-12-11,241180,0.002312497824427131,-0.0101570423573641
2025-12-12,241180,0.002312497824427131,-0.0216957186364002
2025-12-15,241180,0.002312497824427131,-0.0055374620171621
2025-12-16,241180,0.002312497824427131,0.0198005378708656
2025-12-17,241180,0.002312497824427131,-0.0001773710074001
2025-12-18,241180,0.002312497824427131,0.010157042357364
2025-12-19,241180,0.002312497824427131,-0.0052306771455385
2025-12-22,241180,0.002312497824427131,-0.0200205465895776
2024-07-30,251350,-0.008778665050093509,-0.0436450372975309
2024-07-31,251350,-0.006343266525305318,-0.0294555317370486
2024-08-01,251350,-0.002965350646545286,-0.0547436354180674
2024-08-02,251350,-0.000733064420330717,-0.0052141645135005
2024-08-05,251350,0.0009325967193961919,0.0504499155877963
2024-08-06,251350,0.0019827637067113555,0.0204889958008201
2024-08-07,251350,0.0026355544527237925,0.016911609964608
2024-08-08,251350,0.0030078004796509888,0.0543824028887627
2024-08-09,251350,0.003208554797796225,0.018535148931883
2024-08-12,251350,0.0033065877299953347,0.0048527722893749
2024-08-13,251350,0.0033482054592341025,0.0162253027206997
2024-08-14,251350,0.0033608479391547866,0.0082587715903347
2024-08-16,251350,0.003360339574254724,-0.0085267474760181
2024-08-19,251350,0.003355009189427999,0.006102816361239
2024-08-20,251350,0.0033488852302669416,0.0073445109536869
2024-08-21,251350,0.0033436148540248707,0.0031991883904181
2024-08-22,251350,0.0033396537469048207,-0.0035728646414536
2024-08-23,251350,0.0033369253544249114,0.001456505373461
2024-08-26,251350,0.0033351696266141835,0.0106902505630918
2024-08-27,251350,0.003334106704164055,0.0106464883944874
2024-08-28,251350,0.0033335020018883054,-0.0217587332647555
2024-08-29,251350,0.0033331818859707856,-0.0195469989054291
2024-08-30,251350,0.0033330280995221766,-0.0298783235009785
2024-09-02,251350,0.0033329652661497726,-0.0407949610392872
2024-09-03,251350,0.0033329481728701683,-0.0348932269050496
2024-09-04,251350,0.003332951356206443,-0.0076708624137868
2024-09-05,251350,0.003332961505977759,0.0029379518705977
2024-09-06,251350,0.003332972347347235,0.0149584184461583
2024-09-09,251350,0.00333298140937734,0.0260159197330374
2024-09-10,251350,0.003332988104608557,0.0313208279772458
2024-09-11,251350,0.0033329926586548424,0.0416948192395395
2024-09-12,251350,0.003332995558067192,0.0357812747227593
2024-09-13,251350,0.0033329972953105003,0.0282570504339392
2024-09-19,251350,0.0033329982725098404,0.0197409384418297
2024-09-20,251350,0.003332998782517893,0.0032481622321772
2024-09-23,251350,0.0033329990223866417,-0.0042757372508035
2024-09-24,251350,0.0033329991163965744,-0.0195375244956431
2024-09-25,251350,0.0033329991383237866,-0.0124279056227106
2024-09-26,251350,0.003332999129238233,0.0029009923108124
2024-09-27,251350,0.003332999110290053,0.0139902455379111
2024-09-30,251350,0.003332999091223217,0.0239089231302445
2024-10-02,251350,0.003332999075695235,0.032495131392253
2024-10-04,251350,0.003332999064405588,0.0358832521675071
2024-10-07,251350,0.0033329990568187477,0.0292511252110968
2024-10-08,251350,0.0033329990520390754,0.0214079216303884
2024-10-10,251350,0.0033329990492048985,0.0145539607588046
2024-10-11,251350,0.003332999047629144,0.0241110250817334
2024-10-14,251350,0.0033329990468189945,0.0236030850832894
2024-10-15,251350,0.003332999046446719,0.0147216118253599
2024-10-16,251350,0.0033329990463077616,0.0135755724859143
2024-10-17,251350,0.0033329990462819623,0.0010389251523207
2024-10-18,251350,0.003332999046303228,0.0064355379988372
2024-10-21,251350,0.0033329990463380555,-0.0031906708602088
2024-10-22,251350,0.003332999046371398,-0.0046997565107955
2024-10-23,251350,0.0033329990463979203,0.0010287713948742
2024-10-24,251350,0.003332999046416914,0.0040415260800982
2024-10-25,251350,0.003332999046429529,-0.0228307744539615
2024-10-28,251350,0.003332999046437395,-0.0211140947767274
2024-10-29,251350,0.00333299904644201,-0.0165378983708019
2024-10-30,251350,0.0033329990464445454,0.0013358225000211
2024-10-31,251350,0.0033329990464458286,0.022160249540382
2024-11-01,251350,0.0033329990464464033,0.0423636406552531
2024-11-04,251350,0.0033329990464466054,0.0505050710004077
2024-11-05,251350,0.0033329990464466305,0.0480824117533058
2024-11-06,251350,0.003332999046446585,0.0233099747068066
2024-11-07,251350,0.0033329990464465217,0.0105984356699272
2024-11-08,251350,0.0033329990464464635,-0.0027960738457677
2024-11-11,251350,0.0033329990464464184,-0.0216208229745085
2024-11-12,251350,0.003332999046446387,-0.0232917484535867
2024-11-13,251350,0.003332999046446366,-0.0117393164368741
2024-11-14,251350,0.0033329990464463534,-0.0179420785477033
2024-11-15,251350,0.003332999046446346,0.0026278567780675
2024-11-18,251350,0.0033329990464463417,0.0219544454504127
2024-11-19,251350,0.0033329990464463395,0.0212906805499927
2024-11-20,251350,0.0033329990464463386,0.0149111134969213
2024-11-21,251350,0.003332999046446338,0.0181088758726609
2024-11-22,251350,0.003332999046446338,0.0105095016431217
2024-11-25,251350,0.003332999046446338,0.0056546185795247
2024-11-26,251350,0.003332999046446338,0.0113858261423257
2024-11-27,251350,0.003332999046446338,0.0208811664017391
2024-11-28,251350,0.003332999046446338,0.026660346783925
2024-11-29,251350,0.003332999046446338,0.0306556256829867
2024-12-02,251350,0.003332999046446338,0.0387434818005879
2024-12-03,251350,0.003332999046446338,0.0226158740871272
2024-12-04,251350,0.003332999046446338,0.0098753401300025
2024-12-05,251350,0.003332999046446338,0.0117530654506353
2024-12-06,251350,0.003332999046446338,0.0025798143943763
2024-12-09,251350,0.003332999046446338,-0.0109080324427284
2024-12-10,251350,0.003332999046446338,0.0039933068652727
2024-12-11,251350,0.003332999046446338,0.0054158739730326
2024-12-12,251350,0.003332999046446338,-0.0173551385322872
2024-12-13,251350,0.003332999046446338,-0.0279555792339434
2024-12-16,251350,0.003332999046446338,-0.0058558215829099
2024-12-17,251350,0.003332999046446338,-0.0049295307234267
2024-12-18,251350,0.003332999046446338,0.0091210847889913
2024-12-19,251350,0.003332999046446338,0.0253798630859741
2024-12-20,251350,0.003332999046446338,0.0358151112311205
2024-12-23,251350,0.003332999046446338,-0.0009738995705492
2024-12-24,251350,0.003332999046446338,-0.0014544986968784
2024-12-26,251350,0.003332999046446338,-0.0083497773847675
2024-12-27,251350,0.003332999046446338,-0.0119807948757203
2024-12-30,251350,0.003332999046446338,-0.0139002849455509
2025-01-02,251350,0.003332999046446338,0.0008116488278962
2025-01-03,251350,0.003332999046446338,0.0006467050603713
2025-01-06,251350,0.003332999046446338,-0.0206433815562251
2025-01-07,251350,0.003332999046446338,-0.011767320573214
2025-01-08,251350,0.003332999046446338,-0.0106189922928013
2025-01-09,251350,0.003332999046446338,0.0044361766267653
2025-01-10,251350,0.003332999046446338,0.0009369800850282
2025-01-13,251350,0.003332999046446338,0.0197113102013633
2025-01-14,251350,0.003332999046446338,0.0101546771016479
2025-01-15,251350,0.003332999046446338,0.020452864321812
2025-01-16,251350,0.003332999046446338,0.0101579194817032
2025-01-17,251350,0.003332999046446338,0.011750488353878
2025-01-20,251350,0.003332999046446338,0.0248972880530467
2025-01-21,251350,0.003332999046446338,0.0017737648768934
2025-01-22,251350,0.003332999046446338,0.0017310470743503
2025-01-23,251350,0.003332999046446338,0.0006074848715267
2025-01-24,251350,0.003332999046446338,0.0089287725988266
2025-01-31,251350,0.003332999046446338,-0.0080617662256681
2025-02-03,251350,0.003332999046446338,0.0146496990487325
2025-02-04,251350,0.003332999046446338,0.0105456970954824
2025-02-05,251350,0.003332999046446338,0.0137766836270685
2025-02-06,251350,0.003332999046446338,0.0035682182577223
2025-02-07,251350,0.003332999046446338,0.011162058382481
2025-02-10,251350,0.003332999046446338,0.0119939574976465
2025-02-11,251350,0.003332999046446338,0.0122530866041602
2025-02-12,251350,0.003332999046446338,0.0082258477706031
2025-02-13,251350,0.003332999046446338,0.0015433316973804
2025-02-14,251350,0.003332999046446338,-0.0083834894513898
2025-02-17,251350,0.003332999046446338,-0.0137419041059487
2025-02-18,251350,0.003332999046446338,-0.0262638795691879
2025-02-19,251350,0.003332999046446338,-0.0269048946659951
2025-02-20,251350,0.003332999046446338,-0.0116812293914876
2025-02-21,251350,0.003332999046446338,-0.0067069756938944
2025-02-24,251350,0.003332999046446338,-0.0051663220437786
2025-02-25,251350,0.003332999046446338,-0.0049295307234267
2025-02-26,251350,0.003332999046446338,-0.0042811453861089
2025-02-27,251350,0.003332999046446338,-0.0238125668921466
2025-02-28,251350,0.003332999046446338,-0.0280702113492249
2025-03-04,251350,0.003332999046446338,-0.0354396621336445
2025-03-05,251350,0.003332999046446338,-0.0363425232765697
2025-03-06,251350,0.003332999046446338,-0.03359014299376
2025-03-07,251350,0.003332999046446338,-0.0314016261800418
2025-03-10,251350,0.003332999046446338,-0.0231178354432612
2025-03-11,251350,0.003332999046446338,0.0045610867014907
2025-03-12,251350,0.003332999046446338,0.013143417116758
2025-03-13,251350,0.003332999046446338,0.0234094630316276
2025-03-14,251350,0.003332999046446338,0.0309123654432406
2025-03-17,251350,0.003332999046446338,0.0308253159958767
2025-03-18,251350,0.003332999046446338,0.0247207625168819
2025-03-19,251350,0.003332999046446338,0.0293813070006308
2025-03-20,251350,0.003332999046446338,0.0036432282832071
2025-03-21,251350,0.003332999046446338,0.0033222621919778
2025-03-24,251350,0.003332999046446338,-0.0249623457384439
2025-03-25,251350,0.003332999046446338,-0.0260406769140852
2025-03-26,251350,0.003332999046446338,-0.02792786638537
2025-03-27,251350,0.003332999046446338,-0.0258857716831937
2025-03-28,251350,0.003332999046446338,-0.0703804580415152
2025-03-31,251350,0.003332999046446338,-0.1194950659935231
2025-04-01,251350,0.003332999046446338,-0.1090545239935098
2025-04-02,251350,0.003332999046446338,-0.1074348814715529
2025-04-03,251350,0.003332999046446338,-0.0485069747888069
2025-04-04,251350,0.003332999046446338,-0.0043004803791685
2025-04-07,251350,0.003332999046446338,0.0657285785714476
2025-04-08,251350,0.003332999046446338,0.0583258799069787
2025-04-09,251350,0.003332999046446338,0.0453733472824921
2025-04-10,251350,0.003332999046446338,-0.011609629077839
2025-04-11,251350,0.003332999046446338,-0.0159997762088201
2025-04-14,251350,0.003332999046446338,-0.0177872049265497
2025-04-15,251350,0.003332999046446338,-0.0350317708942984
2025-04-16,251350,0.003332999046446338,-0.0052469527894023
2025-04-17,251350,0.003332999046446338,0.0208705663448565
2025-04-18,251350,0.003332999046446338,0.0435767682257008
2025-04-21,251350,0.003332999046446338,0.0527782053473875
2025-04-22,251350,0.003332999046446338,0.0651094834493396
2025-04-23,251350,0.003332999046446338,0.0384083223839841
2025-04-24,251350,0.003332999046446338,0.0184045848715319
2025-04-25,251350,0.003332999046446338,0.00200902425622
2025-04-28,251350,0.003332999046446338,-0.0080534611328739
2025-04-29,251350,0.003332999046446338,-0.0097555139921975
2025-04-30,251350,0.003332999046446338,0.0131973900956444
2025-05-02,251350,0.003332999046446338,0.0373647458576534
2025-05-07,251350,0.003332999046446338,0.049475130640144
2025-05-08,251350,0.003332999046446338,0.0346700496637966
2025-05-09,251350,0.003332999046446338,0.0341307218650462
2025-05-12,251350,0.003332999046446338,0.0286569607335271
2025-05-13,251350,0.003332999046446338,0.0065010601223077
2025-05-14,251350,0.003332999046446338,-0.0106430726858962
2025-05-15,251350,0.003332999046446338,-0.0090375522025053
2025-05-16,251350,0.003332999046446338,-0.018929267092721
2025-05-19,251350,0.003332999046446338,-0.0327898228229908
2025-05-20,251350,0.003332999046446338,-0.0256267837321519
2025-05-21,251350,0.003332999046446338,-0.0113861964625171
2025-05-22,251350,0.003332999046446338,0.0121305756285153
2025-05-23,251350,0.003332999046446338,0.0158321673221193
2025-05-26,251350,0.003332999046446338,0.0129129014669779
2025-05-27,251350,0.003332999046446338,0.0152507680190709
2025-05-28,251350,0.003332999046446338,0.0004963189778447
2025-05-29,251350,0.003332999046446338,-0.0108344853189654
2025-05-30,251350,0.003332999046446338,0.0045763656671469
2025-06-02,251350,0.003332999046446338,0.0198769213560127
2025-06-04,251350,0.003332999046446338,-0.0039230603992765
2025-06-05,251350,0.003332999046446338,0.0044228873631551
2025-06-09,251350,0.003332999046446338,0.0059272678044184
2025-06-10,251350,0.003332999046446338,-0.0001642548582067
2025-06-11,251350,0.003332999046446338,-0.0092311369446971
2025-06-12,251350,0.003332999046446338,0.0076341272373679
2025-06-13,251350,0.003332999046446338,-0.0062439291709265
2025-06-16,251350,0.003332999046446338,0.0011548678959963
2025-06-17,251350,0.003332999046446338,-0.0001642818422975
2025-06-18,251350,0.003332999046446338,0.0095569229062038
2025-06-19,251350,0.003332999046446338,-0.0004918274768387
2025-06-20,251350,0.003332999046446338,0.022414675019386
2025-06-23,251350,0.003332999046446338,0.0209826431623394
2025-06-24,251350,0.003332999046446338,0.0223552864996974
2025-06-25,251350,0.003332999046446338,0.0147120914030339
2025-06-26,251350,0.003332999046446338,0.0255153877557154
2025-06-27,251350,0.003332999046446338,0.0180798425224242
2025-06-30,251350,0.003332999046446338,0.0150634218045174
2025-07-01,251350,0.003332999046446338,0.0104207566194189
2025-07-02,251350,0.003332999046446338,0.0112349973699235
2025-07-03,251350,0.003332999046446338,0.0104000301302938
2025-07-04,251350,0.003332999046446338,0.0102269480970075
2025-07-07,251350,0.003332999046446338,0.0044117951996317
2025-07-08,251350,0.003332999046446338,0.012670996608589
2025-07-09,251350,0.003332999046446338,0.0064223451841469
2025-07-10,251350,0.003332999046446338,0.0118575356495357
2025-07-11,251350,0.003332999046446338,0.0162168249486537
2025-07-14,251350,0.003332999046446338,0.0194138226296009
2025-07-15,251350,0.003332999046446338,0.007756826081509
2025-07-16,251350,0.003332999046446338,0.0108522847835875
2025-07-17,251350,0.003332999046446338,0.0024358265744216
2025-07-18,251350,0.003332999046446338,0.0044841044318906
2025-07-21,251350,0.003332999046446338,0.0106896717360433
2025-07-22,251350,0.003332999046446338,0.0169909249523182
2025-07-23,251350,0.003332999046446338,0.0095314216051503
2025-07-24,251350,0.003332999046446338,0.018847496055178
2025-07-25,251350,0.003332999046446338,-0.0004938119294198
2025-07-28,251350,0.003332999046446338,-0.0233490578034788
2025-07-29,251350,0.003332999046446338,-0.0128866968168937
2025-07-30,251350,0.003332999046446338,-0.0049561790266086
2025-07-31,251350,0.003332999046446338,-0.0127217597710566
2025-08-01,251350,0.003332999046446338,0.0027129529233331
2025-08-04,251350,0.003332999046446338,0.0254978798483905
2025-08-05,251350,0.003332999046446338,0.0110471083658137
2025-08-06,251350,0.003332999046446338,0.0170265354955566
2025-08-07,251350,0.003332999046446338,0.0171196534306952
2025-08-08,251350,0.003332999046446338,0.0114182001221371
2025-08-11,251350,0.003332999046446338,0.0098559040247054
2025-08-12,251350,0.003332999046446338,0.0112299013544763
2025-08-13,251350,0.003332999046446338,0.0078455625174074
2025-08-14,251350,0.003332999046446338,-0.0037859172628273
2025-08-18,251350,0.003332999046446338,0.0071273977474045
2025-08-19,251350,0.003332999046446338,0.0042419164321975
2025-08-20,251350,0.003332999046446338,0.0070757151667991
2025-08-21,251350,0.003332999046446338,0.0
2025-08-22,251350,0.003332999046446338,0.016262987760582
2025-08-25,251350,0.003332999046446338,-0.0009070569648933
2025-08-26,251350,0.003332999046446338,-0.0009074685277457
2025-08-27,251350,0.003332999046446338,-0.0106933451591028
2025-08-28,251350,0.003332999046446338,-0.0022743478637548
2025-08-29,251350,0.003332999046446338,-0.0002709007466337
2025-09-01,251350,0.003332999046446338,0.0050689545219214
2025-09-02,251350,0.003332999046446338,0.0064252645598387
2025-09-03,251350,0.003332999046446338,0.0163720203756739
2025-09-04,251350,0.003332999046446338,0.0162012698100794
2025-09-05,251350,0.003332999046446338,0.0119102464258375
2025-09-08,251350,0.003332999046446338,0.0133929238729869
2025-09-09,251350,0.003332999046446338,0.0108558567203719
2025-09-10,251350,0.003332999046446338,0.0062422734542061
2025-09-11,251350,0.003332999046446338,0.0096021666172993
2025-09-12,251350,0.003332999046446338,0.0101517704994096
2025-09-15,251350,0.003332999046446338,0.009281220561038
2025-09-16,251350,0.003332999046446338,0.0157293019085439
2025-09-17,251350,0.003332999046446338,0.0183209880145582
2025-09-18,251350,0.003332999046446338,0.0105360167080267
2025-09-19,251350,0.003332999046446338,0.0082990461805716
2025-09-22,251350,0.003332999046446338,0.0055159603518151
2025-09-23,251350,0.003332999046446338,0.0044989850937103
2025-09-24,251350,0.003332999046446338,0.0008766291251591
2025-09-25,251350,0.003332999046446338,0.0106868800983559
2025-09-26,251350,0.003332999046446338,0.0255455724767902
2025-09-29,251350,0.003332999046446338,0.0198731916995653
2025-09-30,251350,0.003332999046446338,0.011678414890971
2025-10-01,251350,0.003332999046446338,0.0171434424717869
2025-10-02,251350,0.003332999046446338,0.010315905221158
2025-10-10,251350,0.003332999046446338,-0.0164462757160586
2025-10-13,251350,0.003332999046446338,0.0017195430253672
2025-10-14,251350,0.003332999046446338,0.0158914971120368
2025-10-15,251350,0.003332999046446338,0.0168544915087619
2025-10-16,251350,0.003332999046446338,0.0184059503497359
2025-10-17,251350,0.003332999046446338,0.0334104264148797
2025-10-20,251350,0.003332999046446338,0.0301510536046575
2025-10-21,251350,0.003332999046446338,0.0261950389386293
2025-10-22,251350,0.003332999046446338,0.0229138026968837
2025-10-23,251350,0.003332999046446338,0.0126132585481779
2025-10-24,251350,0.003332999046446338,0.0015102363313475
2025-10-27,251350,0.003332999046446338,-0.0041484015780964
2025-10-28,251350,0.003332999046446338,-0.0134596025250531
2025-10-29,251350,0.003332999046446338,-0.0096763768804119
2025-10-30,251350,0.003332999046446338,-0.000806283494017
2025-10-31,251350,0.003332999046446338,0.0069345122276401
2025-11-03,251350,0.003332999046446338,0.0059527296779867
2025-11-04,251350,0.003332999046446338,0.0220957573035263
2025-11-05,251350,0.003332999046446338,0.0273982211990302
2025-11-06,251350,0.003332999046446338,0.0287053827238138
2025-11-07,251350,0.003332999046446338,0.0020793198414816
2025-11-10,251350,0.003332999046446338,0.0080106499857947
2025-11-11,251350,0.003332999046446338,-0.0220957573035262
2025-11-12,251350,0.003332999046446338,-0.03745052699487
2025-11-13,251350,0.003332999046446338,-0.0233239550349753
2025-11-14,251350,0.003332999046446338,-0.0157153867250993
2025-11-17,251350,0.003332999046446338,-0.0102318242338099
2025-11-18,251350,0.003332999046446338,0.0101393626313031
2025-11-19,251350,0.003332999046446338,0.0228692676428096
2025-11-20,251350,0.003332999046446338,0.0105672575837309
2025-11-21,251350,0.003332999046446338,0.0320326370121017
2025-11-24,251350,0.003332999046446338,0.0204689531061972
2025-11-25,251350,0.003332999046446338,0.0167373673480963
2025-11-26,251350,0.003332999046446338,0.0130892278782529
2025-11-27,251350,0.003332999046446338,0.0146468019696609
2025-11-28,251350,0.003332999046446338,0.0112171979238011
2025-12-01,251350,0.003332999046446338,0.0085146129683088
2025-12-02,251350,0.003332999046446338,0.0096018964899127
2025-12-03,251350,0.003332999046446338,0.0036582928137636
2025-12-04,251350,0.003332999046446338,-0.005545425721027
2025-12-05,251350,0.003332999046446338,0.0093592713117303
2025-12-08,251350,0.003332999046446338,-0.0013509864254215
2025-12-09,251350,0.003332999046446338,-0.003650872826713
2025-12-10,251350,0.003332999046446338,0.0036449584735563
2025-12-11,251350,0.003332999046446338,-0.004594834146743
2025-12-12,251350,0.003332999046446338,-0.0139501516406296
2025-12-15,251350,0.003332999046446338,0.0105966243557939
2025-12-16,251350,0.003332999046446338,0.0191330484681151
2025-12-17,251350,0.003332999046446338,-0.0043214111814858
2025-12-18,251350,0.003332999046446338,0.0024223960893569
2025-12-19,251350,0.003332999046446338,-0.0081260383826276
2025-12-22,251350,0.003332999046446338,-0.0192591542547916
2024-07-30,360750,-0.009362717976002822,-0.0457083648056534
2024-07-31,360750,-0.005873495476278901,-0.0380093259669841
2024-08-01,360750,-0.002188821710264854,-0.0555652321922759
2024-08-02,360750,0.00020403250745886815,-0.0186274974990856
2024-08-05,360750,0.0018146471059942602,0.0334562661289715
2024-08-06,360750,0.0027411628638497254,0.0147461392016865
2024-08-07,360750,0.003239714186791081,0.0200134895746379
2024-08-08,360750,0.003469172584591539,0.0509742278822683
2024-08-09,360750,0.0035521967320791734,0.0194559750809236
2024-08-12,360750,0.003562452388079096,0.0194619809820196
2024-08-13,360750,0.0035433448299084717,0.0204931977642629
2024-08-14,360750,0.003516994478006584,0.0137585419168309
2024-08-16,360750,0.003493300960464772,-0.0072261323374962
2024-08-19,360750,0.0034754341138344426,0.0113634467352047
2024-08-20,360750,0.0034634097981044764,-0.0002730375443583
2024-08-21,360750,0.0034560406342085573,0.006142825980876
2024-08-22,360750,0.0034519303818342736,-0.0085837436913914
2024-08-23,360750,0.003449887635409109,0.0005451373881185
2024-08-26,360750,0.00344904145402439,0.0093448468799947
2024-08-27,360750,0.0034488192623276233,0.0120516088679826
2024-08-28,360750,0.0034488778170054233,-0.0190950953017672
2024-08-29,360750,0.0034490303693153726,-0.0098218523948206
2024-08-30,360750,0.003449187292424888,-0.0271234900077918
2024-09-02,360750,0.0034493138760847324,-0.0362314584132912
2024-09-03,360750,0.0034494032077594565,-0.0294050260234079
2024-09-04,360750,0.0034494602728926994,-0.0068176413503326
2024-09-05,360750,0.0034494935301630702,0.0125087731021821
2024-09-06,360750,0.0034495110245074006,0.0210009103396705
2024-09-09,360750,0.0034495190047942608,0.0367720866364391
2024-09-10,360750,0.0034495217683515734,0.0333901678153728
2024-09-11,360750,0.00344952200012298,0.0404926855765414
2024-09-12,360750,0.003449521229325013,0.0247179895551677
2024-09-13,360750,0.0034495202373523676,0.0230904567662972
2024-09-19,360750,0.00344951936413626,0.0132082457113327
2024-09-20,360750,0.0034495187137350857,-0.0020982979210326
2024-09-23,360750,0.0034495182799927433,-0.0188160927707408
2024-09-24,360750,0.0034495180164206304,-0.0164830017800697
2024-09-25,360750,0.0034495178707880745,-0.0008040524675364
2024-09-26,360750,0.0034495177993449145,0.0111916727594416
2024-09-27,360750,0.0034495177704593873,0.0151271024686855
2024-09-30,360750,0.0034495177635204912,0.041940341398287
2024-10-02,360750,0.0034495177662772418,0.0383074300462491
2024-10-04,360750,0.003449517772130506,0.0357641802698746
2024-10-07,360750,0.0034495177779589993,0.0325873280527049
2024-10-08,360750,0.0034495177825900132,0.0313855687305353
2024-10-10,360750,0.003449517785825152,0.023468596506239
2024-10-11,360750,0.003449517787874103,0.0263091621258198
2024-10-14,360750,0.00344951778905779,0.022409614745318
2024-10-15,360750,0.0034495177896736932,0.0092995563099194
2024-10-16,360750,0.0034495177899498014,0.0189948422622315
2024-10-17,360750,0.00344951779004141,0.0035621634532187
2024-10-18,360750,0.0034495177900447267,0.0087695404237744
2024-10-21,360750,0.003449517790014052,0.0034849400152845
2024-10-22,360750,0.0034495177899768045,0.0032319995814078
2024-10-23,360750,0.0034495177899446696,0.0005043118771467
2024-10-24,360750,0.0034495177899210145,-0.0045312299101024
2024-10-25,360750,0.003449517789905381,-0.0236446608238281
2024-10-28,360750,0.0034495177898959616,-0.0262050494846868
2024-10-29,360750,0.003449517789890807,-0.0254289933627514
2024-10-30,360750,0.0034495177898883123,0.0128245420629098
2024-10-31,360750,0.0034495177898873296,0.0378518278738249
2024-11-01,360750,0.003449517789887118,0.0495010842011944
2024-11-04,360750,0.0034495177898872407,0.0623007570601348
2024-11-05,360750,0.003449517789887464,0.0661340101832599
2024-11-06,360750,0.00344951778988768,0.0249718048767669
2024-11-07,360750,0.003449517789887849,0.0129361595034508
2024-11-08,360750,0.0034495177898879663,-0.0012302848430567
2024-11-11,360750,0.00344951778988804,-0.0203386849697522
2024-11-12,360750,0.003449517789888082,-0.0251961762824503
2024-11-13,360750,0.0034495177898881037,-0.0175825476195413
2024-11-14,360750,0.0034495177898881133,-0.0170718554183655
2024-11-15,360750,0.0034495177898881163,0.0077500755794157
2024-11-18,360750,0.0034495177898881163,0.0227672853474194
2024-11-19,360750,0.003449517789888115,0.0203436822887387
2024-11-20,360750,0.0034495177898881133,0.0200070263322441
2024-11-21,360750,0.003449517789888112,0.0151299186977911
2024-11-22,360750,0.003449517789888111,0.0061862395586472
2024-11-25,360750,0.0034495177898881107,0.0053222498383019
2024-11-26,360750,0.0034495177898881107,0.0133841052836865
2024-11-27,360750,0.0034495177898881107,0.0154266941882957
2024-11-28,360750,0.0034495177898881107,0.0268025153490812
2024-11-29,360750,0.0034495177898881107,0.0272559082587588
2024-12-02,360750,0.0034495177898881107,0.0360177301375617
2024-12-03,360750,0.0034495177898881107,0.0176498956291896
2024-12-04,360750,0.0034495177898881107,0.0135470052061449
2024-12-05,360750,0.0034495177898881107,0.0113372965490542
2024-12-06,360750,0.0034495177898881107,0.0078136429543829
2024-12-09,360750,0.0034495177898881107,-0.0070067551234217
2024-12-10,360750,0.0034495177898881107,0.0101809507314761
2024-12-11,360750,0.0034495177898881107,0.0050682918573439
2024-12-12,360750,0.0034495177898881107,-0.0205101466842098
2024-12-13,360750,0.0034495177898881107,-0.0219476493928368
2024-12-16,360750,0.0034495177898881107,-0.0030045560370825
2024-12-17,360750,0.0034495177898881107,-0.0025706354274229
2024-12-18,360750,0.0034495177898881107,0.0180452536620721
2024-12-19,360750,0.0034495177898881107,0.0360589503440908
2024-12-20,360750,0.0034495177898881107,0.0348516553403806
2024-12-23,360750,0.0034495177898881107,0.0020666016466937
2024-12-24,360750,0.0034495177898881107,-0.006903218378747
2024-12-26,360750,0.0034495177898881107,-0.0131422530155871
2024-12-27,360750,0.0034495177898881107,-0.0185939443325332
2024-12-30,360750,0.0034495177898881107,-0.0195841832095921
2025-01-02,360750,0.0034495177898881107,-0.0050330546754951
2025-01-03,360750,0.0034495177898881107,0.0007065972925123
2025-01-06,360750,0.0034495177898881107,-0.0228032117500099
2025-01-07,360750,0.0034495177898881107,-0.0116093800347683
2025-01-08,360750,0.0034495177898881107,-0.0095803436097318
2025-01-09,360750,0.0034495177898881107,0.0052676257633385
2025-01-10,360750,0.0034495177898881107,0.0031500531466412
2025-01-13,360750,0.0034495177898881107,0.0197708565538537
2025-01-14,360750,0.0034495177898881107,0.0091195377694685
2025-01-15,360750,0.0034495177898881107,0.0204714474141106
2025-01-16,360750,0.0034495177898881107,0.0077101384259674
2025-01-17,360750,0.0034495177898881107,0.0097630110984972
2025-01-20,360750,0.0034495177898881107,0.0162205799391391
2025-01-21,360750,0.0034495177898881107,0.0043648721119748
2025-01-22,360750,0.0034495177898881107,0.0043792289878803
2025-01-23,360750,0.0034495177898881107,-0.0063038662212139
2025-01-24,360750,0.0034495177898881107,0.0048228622512796
2025-01-31,360750,0.0034495177898881107,-0.0065492347366755
2025-02-03,360750,0.0034495177898881107,0.0092763746422313
2025-02-04,360750,0.0034495177898881107,0.0043601349282295
2025-02-05,360750,0.0034495177898881107,0.0145091831011461
2025-02-06,360750,0.0034495177898881107,-0.0016204832585164
2025-02-07,360750,0.0034495177898881107,0.004985009169294
2025-02-10,360750,0.0034495177898881107,0.0077188338221756
2025-02-11,360750,0.0034495177898881107,0.0061368285802488
2025-02-12,360750,0.0034495177898881107,0.0017989349624089
2025-02-13,360750,0.0034495177898881107,0.0034230767072633
2025-02-14,360750,0.0034495177898881107,-0.0072549473732576
2025-02-17,360750,0.0034495177898881107,-0.022960608150553
2025-02-18,360750,0.0034495177898881107,-0.0306882866420444
2025-02-19,360750,0.0034495177898881107,-0.0295583413909201
2025-02-20,360750,0.0034495177898881107,-0.0200095293269592
2025-02-21,360750,0.0034495177898881107,-0.0210909069159032
2025-02-24,360750,0.0034495177898881107,-0.0065701084777527
2025-02-25,360750,0.0034495177898881107,-0.0139474939630759
2025-02-26,360750,0.0034495177898881107,-0.0167532158805814
2025-02-27,360750,0.0034495177898881107,-0.0375374044335975
2025-02-28,360750,0.0034495177898881107,-0.0287340193158037
2025-03-04,360750,0.0034495177898881107,-0.043865618819541
2025-03-05,360750,0.0034495177898881107,-0.0421957932893209
2025-03-06,360750,0.0034495177898881107,-0.0391801675641049
2025-03-07,360750,0.0034495177898881107,-0.0286797131128689
2025-03-10,360750,0.0034495177898881107,-0.0275777298864283
2025-03-11,360750,0.0034495177898881107,0.0024743913253271
2025-03-12,360750,0.0034495177898881107,0.0085927490785427
2025-03-13,360750,0.0034495177898881107,0.0273813367979322
2025-03-14,360750,0.0034495177898881107,0.0251025930422562
2025-03-17,360750,0.0034495177898881107,0.0330710472176662
2025-03-18,360750,0.0034495177898881107,0.0286485538191588
2025-03-19,360750,0.0034495177898881107,0.0348048229877953
2025-03-20,360750,0.0034495177898881107,0.0081720466461625
2025-03-21,360750,0.0034495177898881107,0.0100616263498735
2025-03-24,360750,0.0034495177898881107,-0.0269762089471224
2025-03-25,360750,0.0034495177898881107,-0.0261802699970181
2025-03-26,360750,0.0034495177898881107,-0.0240190465491326
2025-03-27,360750,0.0034495177898881107,-0.037563333369542
2025-03-28,360750,0.0034495177898881107,-0.0798928752223819
2025-03-31,360750,0.0034495177898881107,-0.1324646955151077
2025-04-01,360750,0.0034495177898881107,-0.0867872893614662
2025-04-02,360750,0.0034495177898881107,-0.1255142371739095
2025-04-03,360750,0.0034495177898881107,-0.0200682427710499
2025-04-04,360750,0.0034495177898881107,0.0028385216703857
2025-04-07,360750,0.0034495177898881107,0.0778577662552625
2025-04-08,360750,0.0034495177898881107,0.0200177041869969
2025-04-09,360750,0.0034495177898881107,0.0434518741255494
2025-04-10,360750,0.0034495177898881107,-0.0456748330031588
2025-04-11,360750,0.0034495177898881107,-0.0228296175336724
2025-04-14,360750,0.0034495177898881107,-0.0362604994699057
2025-04-15,360750,0.0034495177898881107,-0.0436877702789737
2025-04-16,360750,0.0034495177898881107,0.0051682455130615
2025-04-17,360750,0.0034495177898881107,0.0192062935718512
2025-04-18,360750,0.0034495177898881107,0.0459193402232797
2025-04-21,360750,0.0034495177898881107,0.064269176478769
2025-04-22,360750,0.0034495177898881107,0.075487529381433
2025-04-23,360750,0.0034495177898881107,0.0313367518617927
2025-04-24,360750,0.0034495177898881107,0.0280069223817489
2025-04-25,360750,0.0034495177898881107,-0.0054002754224241
2025-04-28,360750,0.0034495177898881107,-0.0025606897122492
2025-04-29,360750,0.0034495177898881107,-0.0017375310994416
2025-04-30,360750,0.0034495177898881107,0.0227612361865184
2025-05-02,360750,0.0034495177898881107,0.0411088974055971
2025-05-07,360750,0.0034495177898881107,0.0608217829993733
2025-05-08,360750,0.0034495177898881107,0.0354643522243333
2025-05-09,360750,0.0034495177898881107,0.0353752406363008
2025-05-12,360750,0.0034495177898881107,0.0222546709814745
2025-05-13,360750,0.0034495177898881107,0.0026520003756493
2025-05-14,360750,0.0034495177898881107,-0.01920592080712
2025-05-15,360750,0.0034495177898881107,-0.0150596243933535
2025-05-16,360750,0.0034495177898881107,-0.0243372079683449
2025-05-19,360750,0.0034495177898881107,-0.0280105184384439
2025-05-20,360750,0.0034495177898881107,-0.0281526600267633
2025-05-21,360750,0.0034495177898881107,-0.0064018481215869
2025-05-22,360750,0.0034495177898881107,0.0197504119106582
2025-05-23,360750,0.0034495177898881107,0.0157096256940136
2025-05-26,360750,0.0034495177898881107,0.007265053900991
2025-05-27,360750,0.0034495177898881107,0.0168575634950938
2025-05-28,360750,0.0034495177898881107,-0.004690861438496
2025-05-29,360750,0.0034495177898881107,-0.0133398125039002
2025-05-30,360750,0.0034495177898881107,0.0068981192120026
2025-06-02,360750,0.0034495177898881107,0.0258530289264663
2025-06-04,360750,0.0034495177898881107,-0.0014395276864765
2025-06-05,360750,0.0034495177898881107,0.0056860844505771
2025-06-09,360750,0.0034495177898881107,0.0064193696593263
2025-06-10,360750,0.0034495177898881107,-0.0004946821767957
2025-06-11,360750,0.0034495177898881107,-0.0070789795173979
2025-06-12,360750,0.0034495177898881107,0.0081136347741696
2025-06-13,360750,0.0034495177898881107,0.0014909798497863
2025-06-16,360750,0.0034495177898881107,0.0083971844370874
2025-06-17,360750,0.0034495177898881107,0.0104841853194911
2025-06-18,360750,0.0034495177898881107,0.0111853599454624
2025-06-19,360750,0.0034495177898881107,0.0072659753120096
2025-06-20,360750,0.0034495177898881107,0.0236067203554163
2025-06-23,360750,0.0034495177898881107,0.0164405976389132
2025-06-24,360750,0.0034495177898881107,0.0147754814397465
2025-06-25,360750,0.0034495177898881107,0.0167867909233889
2025-06-26,360750,0.0034495177898881107,0.0227782655735262
2025-06-27,360750,0.0034495177898881107,0.0197864592781358
2025-06-30,360750,0.0034495177898881107,0.020450414575254
2025-07-01,360750,0.0034495177898881107,0.0156533676543655
2025-07-02,360750,0.0034495177898881107,0.0123484846421984
2025-07-03,360750,0.0034495177898881107,0.0104643268424419
2025-07-04,360750,0.0034495177898881107,0.0112541380744233
2025-07-07,360750,0.0034495177898881107,0.005625561435791
2025-07-08,360750,0.0034495177898881107,0.0172811834415459
2025-07-09,360750,0.0034495177898881107,0.0097607753602301
2025-07-10,360750,0.0034495177898881107,0.0195391011665958
2025-07-11,360750,0.0034495177898881107,0.0207545839706446
2025-07-14,360750,0.0034495177898881107,0.0196981723866346
2025-07-15,360750,0.0034495177898881107,0.0080900571419853
2025-07-16,360750,0.0034495177898881107,0.0111988478502459
2025-07-17,360750,0.0034495177898881107,-0.0027879763423658
2025-07-18,360750,0.0034495177898881107,-0.0006910691113759
2025-07-21,360750,0.0034495177898881107,0.0120829347743849
2025-07-22,360750,0.0034495177898881107,0.0173526205024653
2025-07-23,360750,0.0034495177898881107,0.0109371403359932
2025-07-24,360750,0.0034495177898881107,0.0237717807792045
2025-07-25,360750,0.0034495177898881107,0.0073468968542227
2025-07-28,360750,0.0034495177898881107,-0.0230043864234273
2025-07-29,360750,0.0034495177898881107,-0.0107525457741346
2025-07-30,360750,0.0034495177898881107,-0.0043697316605035
2025-07-31,360750,0.0034495177898881107,-0.0141859332220145
2025-08-01,360750,0.0034495177898881107,-0.0038963171842998
2025-08-04,360750,0.0034495177898881107,0.0243734369726789
2025-08-05,360750,0.0034495177898881107,0.0077899857804798
2025-08-06,360750,0.0034495177898881107,0.0130523251638077
2025-08-07,360750,0.0034495177898881107,0.0153212390817927
2025-08-08,360750,0.0034495177898881107,0.0125058681446618
2025-08-11,360750,0.0034495177898881107,0.0080847058882788
2025-08-12,360750,0.0034495177898881107,0.0078656433169376
2025-08-13,360750,0.0034495177898881107,0.0051283327353155
2025-08-14,360750,0.0034495177898881107,-0.0061460210308186
2025-08-18,360750,0.0034495177898881107,0.0028986840351749
2025-08-19,360750,0.0034495177898881107,0.0031615581187289
2025-08-20,360750,0.0034495177898881107,0.0101381903339326
2025-08-21,360750,0.0034495177898881107,0.0049670471487333
2025-08-22,360750,0.0034495177898881107,0.0189086015320487
2025-08-25,360750,0.0034495177898881107,0.0036115790238213
2025-08-26,360750,0.0034495177898881107,-0.0004510396540314
2025-08-27,360750,0.0034495177898881107,-0.0092328442035588
2025-08-28,360750,0.0034495177898881107,0.0004503287475905
2025-08-29,360750,0.0034495177898881107,0.0042479997701693
2025-09-01,360750,0.0034495177898881107,0.0051688992985048
2025-09-02,360750,0.0034495177898881107,0.0069683560234139
2025-09-03,360750,0.0034495177898881107,0.0123660995308723
2025-09-04,360750,0.0034495177898881107,0.0126609453254581
2025-09-05,360750,0.0034495177898881107,0.0085749720141456
2025-09-08,360750,0.0034495177898881107,0.0148183821758235
2025-09-09,360750,0.0034495177898881107,0.0112708621565594
2025-09-10,360750,0.0034495177898881107,0.0072581861554747
2025-09-11,360750,0.0034495177898881107,0.0106129942826887
2025-09-12,360750,0.0034495177898881107,0.0109555179831504
2025-09-15,360750,0.0034495177898881107,0.0113318148633913
2025-09-16,360750,0.0034495177898881107,0.0211706094410416
2025-09-17,360750,0.0034495177898881107,0.0220714955607286
2025-09-18,360750,0.0034495177898881107,0.0115021713746663
2025-09-19,360750,0.0034495177898881107,0.0106203392132748
2025-09-22,360750,0.0034495177898881107,0.006963513362916
2025-09-23,360750,0.0034495177898881107,0.0025988666249636
2025-09-24,360750,0.0034495177898881107,0.0017344553823512
2025-09-25,360750,0.0034495177898881107,0.0114143657885855
2025-09-26,360750,0.0034495177898881107,0.0261098049615695
2025-09-29,360750,0.0034495177898881107,0.0151938705283432
2025-09-30,360750,0.0034495177898881107,0.0125950039033795
2025-10-01,360750,0.0034495177898881107,0.0160305987822082
2025-10-02,360750,0.0034495177898881107,0.0078791141137791
2025-10-10,360750,0.0034495177898881107,-0.0235154332897652
2025-10-13,360750,0.0034495177898881107,0.0029857134570762
2025-10-14,360750,0.0034495177898881107,0.0153872014133161
2025-10-15,360750,0.0034495177898881107,0.0174549578794142
2025-10-16,360750,0.0034495177898881107,0.0187189882552848
2025-10-17,360750,0.0034495177898881107,0.0368810873738283
2025-10-20,360750,0.0034495177898881107,0.033339213013713
2025-10-21,360750,0.0034495177898881107,0.0284886473428907
2025-10-22,360750,0.0034495177898881107,0.0263385287016754
2025-10-23,360750,0.0034495177898881107,0.0173469926517738
2025-10-24,360750,0.0034495177898881107,0.0078353737097626
2025-10-27,360750,0.0034495177898881107,-0.0028876716571966
2025-10-28,360750,0.0034495177898881107,-0.0120924436539098
2025-10-29,360750,0.0034495177898881107,-0.0098009847318295
2025-10-30,360750,0.0034495177898881107,0.0009869233468227
2025-10-31,360750,0.0034495177898881107,0.0030923396526694
2025-11-03,360750,0.0034495177898881107,0.005725953318252
2025-11-04,360750,0.0034495177898881107,0.0230299573940836
2025-11-05,360750,0.0034495177898881107,0.026152990318322
2025-11-06,360750,0.0034495177898881107,0.0257246302763652
2025-11-07,360750,0.0034495177898881107,0.0002058163713606
2025-11-10,360750,0.0034495177898881107,0.0028712078789592
2025-11-11,360750,0.0034495177898881107,-0.0267611503136758
2025-11-12,360750,0.0034495177898881107,-0.0377588571384739
2025-11-13,360750,0.0034495177898881107,-0.021213652768402
2025-11-14,360750,0.0034495177898881107,-0.014886348749194
2025-11-17,360750,0.0034495177898881107,-0.0063275747318288
2025-11-18,360750,0.0034495177898881107,0.014391704243322
2025-11-19,360750,0.0034495177898881107,0.0264948853229171
2025-11-20,360750,0.0034495177898881107,0.0117555096958056
2025-11-21,360750,0.0034495177898881107,0.0392014315845322
2025-11-24,360750,0.0034495177898881107,0.0213281608927181
2025-11-25,360750,0.0034495177898881107,0.0131778862291836
2025-11-26,360750,0.0034495177898881107,0.0102598145203268
2025-11-27,360750,0.0034495177898881107,0.0114590241275145
2025-11-28,360750,0.0034495177898881107,0.0048088575479289
2025-12-01,360750,0.0034495177898881107,0.0092373844522019
2025-12-02,360750,0.0034495177898881107,0.0094505358227474
2025-12-03,360750,0.0034495177898881107,0.0024082856626473
2025-12-04,360750,0.0034495177898881107,-0.0036044734447392
2025-12-05,360750,0.0034495177898881107,0.0079240663897961
2025-12-08,360750,0.0034495177898881107,-0.0026019268927388
2025-12-09,360750,0.0034495177898881107,-0.0068276099600977
2025-12-10,360750,0.0034495177898881107,0.0002004289185552
2025-12-11,360750,0.0034495177898881107,-0.0102432641407102
2025-12-12,360750,0.0034495177898881107,-0.0165564047391966
2025-12-15,360750,0.0034495177898881107,0.0067509793619591
2025-12-16,360750,0.0034495177898881107,0.0183286221802667
2025-12-17,360750,0.0034495177898881107,-0.0044187426280121
2025-12-18,360750,0.0034495177898881107,0.0042067855907429
2025-12-19,360750,0.0034495177898881107,-0.008463473549213
2025-12-22,360750,0.0034495177898881107,-0.0173889488851087
2024-07-30,402970,0.008413358152955335,-0.037409644523267
2024-07-31,402970,0.005599592040387056,-0.0378293632854038
2024-08-01,402970,0.0037193993580146934,-0.038272901523868
2024-08-02,402970,0.0022800722101772087,-0.0166478652279113
2024-08-05,402970,0.001353335238321392,0.0104675525208843
2024-08-06,402970,0.0007648097920080947,-0.0007144133184713
2024-08-07,402970,0.00041468008347406366,-0.0004452954608922
2024-08-08,402970,0.00021339433939883987,0.0203770898106778
2024-08-09,402970,0.00010310684449460685,-0.0034885316473918
2024-08-12,402970,4.539816094038314e-05,0.0
2024-08-13,402970,1.6970150058854206e-05,0.0046345894008421
2024-08-14,402970,4.057362488412019e-06,0.0039118115316778
2024-08-16,402970,-1.062371448584221e-06,-0.0052989614408627
2024-08-19,402970,-2.548781438717662e-06,0.0151181180867503
2024-08-20,402970,-2.5239004997366644e-06,0.012470864315583
2024-08-21,402970,-2.0015923925441056e-06,0.0162289679367084
2024-08-22,402970,-1.4202218109523104e-06,0.0123458358223
2024-08-23,402970,-9.376270270667387e-07,0.0149413923913392
2024-08-26,402970,-5.861699988549836e-07,0.019491068460967
2024-08-27,402970,-3.4990590592404435e-07,0.0170810253083608
2024-08-28,402970,-2.0006977437349274e-07,0.0033190702144043
2024-08-29,402970,-1.0949293459178363e-07,-0.0016665939562088
2024-08-30,402970,-5.707083888394273e-08,-0.0213374344501442
2024-09-02,402970,-2.8014082766811732e-08,-0.0252445696166745
2024-09-03,402970,-1.2645549200538023e-08,-0.0166416386850087
2024-09-04,402970,-4.959190166169715e-09,-0.012106472981209
2024-09-05,402970,-1.3930413831897105e-09,-0.0053694948778613
2024-09-06,402970,7.660405660531365e-11,0.0017807857969316
2024-09-09,402970,5.497309543156335e-10,0.0205595011823209
2024-09-10,402970,5.951029864572346e-10,0.0131793310628705
2024-09-11,402970,4.889844610075299e-10,0.0200967882043165
2024-09-12,402970,3.541014743184313e-10,0.0222570828444244
2024-09-13,402970,2.3712503929092007e-10,0.0262514526002934
2024-09-19,402970,1.4992845788941846e-10,-0.0030483845406568
2024-09-20,402970,9.039480587582489e-11,-0.0118623283702046
2024-09-23,402970,5.218588527225423e-11,-0.0179807584956961
2024-09-24,402970,2.8850643228375987e-11,-0.0111975476660486
2024-09-25,402970,1.5214408251945918e-11,0.0050996264197848
2024-09-26,402970,7.580913773948214e-12,0.0224263323227749
2024-09-27,402970,3.4983683788411303e-12,0.028884747649986
2024-09-30,402970,1.4281955738657041e-12,0.0392918478706096
2024-10-02,402970,4.4887547448675676e-13,0.0296706634253212
2024-10-04,402970,3.1779318511145896e-14,0.029561313335348
2024-10-07,402970,-1.1339821527754631e-13,0.0303269913068007
2024-10-08,402970,-1.3858060361105393e-13,0.0244202097985333
2024-10-10,402970,-1.187297291037426e-13,0.0300297817355179
2024-10-11,402970,-8.794619256037619e-14,0.0331697075229886
2024-10-14,402970,-5.979681317820425e-14,0.0265140454169188
2024-10-15,402970,-3.825671423790512e-14,0.0041288250231179
2024-10-16,402970,-2.330168110231169e-14,0.0048960721845521
2024-10-17,402970,-1.3582455138755989e-14,-0.0085830352776667
2024-10-18,402970,-7.58394441601601e-15,-0.0008200754928999
2024-10-21,402970,-4.0444939955620575e-15,-0.0128801157130915
2024-10-22,402970,-2.0436953515044864e-15,-0.0008244023550183
2024-10-23,402970,-9.620843166642524e-16,-0.0041476625200811
2024-10-24,402970,-4.0644416097025675e-16,-0.0063191363514789
2024-10-25,402970,-1.3888450433889557e-16,-0.0106397143746601
2024-10-28,402970,-2.1620654479272793e-17,-0.0144713104260123
2024-10-29,402970,2.1778886452511524e-17,-0.0100295092454256
2024-10-30,402970,3.1775570151701254e-17,0.0301316392931401
2024-10-31,402970,2.862810295583716e-17,0.0481981766434778
2024-11-01,402970,2.1750618267020356e-17,0.0291723101356655
2024-11-04,402970,1.5033484110444524e-17,0.0511131659093795
2024-11-05,402970,9.737779321539371e-18,0.0536023558755172
2024-11-06,402970,5.9933663523285506e-18,0.0144140868415831
2024-11-07,402970,3.527473167826547e-18,0.001270951001171
2024-11-08,402970,1.988988577014856e-18,0.0024131285841342
2024-11-11,402970,1.0722619676931008e-18,-0.0147544974726088
2024-11-12,402970,5.490136526687876e-19,-0.0205008575793996
2024-11-13,402970,2.631881853827048e-19,-0.0162709476665572
2024-11-14,402970,1.145326418347093e-19,-0.0143921889354601
2024-11-15,402970,4.177007663497329e-20,0.0104696261024717
2024-11-18,402970,9.065482553257972e-21,0.0338342311018156
2024-11-19,402970,-3.656800243354784e-21,0.0281305795719166
2024-11-20,402970,-7.142788064067728e-21,0.0292253152395414
2024-11-21,402970,-6.847250329768723e-21,0.0258371222595901
2024-11-22,402970,-5.3543633218812144e-21,0.0141308844348415
2024-11-25,402970,-3.767361121740203e-21,-0.0014848973069536
2024-11-26,402970,-2.4722919453090426e-21,-0.0003918648900018
2024-11-27,402970,-1.5380766070903222e-21,0.002273351819829
2024-11-28,402970,-9.14138145050509e-22,-0.0047988134415337
2024-11-29,402970,-5.204619367246833e-22,-0.0040845237840247
2024-12-02,402970,-2.835407854253455e-22,0.0014848973069536
2024-12-03,402970,-1.4700303042419765e-22,-0.003376392041936
2024-12-04,402970,-7.165685297067431e-23,-0.0051813587419964
2024-12-05,402970,-3.2005924681083424e-23,-0.0050596993071572
2024-12-06,402970,-1.2301275814023272e-23,-0.007346875089313
2024-12-09,402970,-3.2430653386784107e-24,-0.0147906087058835
2024-12-10,402970,4.297614201225525e-25,-0.0159356446312983
2024-12-11,402970,1.563625153623042e-24,-0.0175477923635956
2024-12-12,402970,1.6222207775519724e-24,-0.0252019758675725
2024-12-13,402970,1.3113026511293997e-24,-0.0314111352100905
2024-12-16,402970,9.40829000497459e-25,-0.0152540593041017
2024-12-17,402970,6.260060347393919e-25,-0.0053688177358921
2024-12-18,402970,3.93810872804427e-25,0.010597286537072
2024-12-19,402970,2.36385601412494e-25,0.0254397220350348
2024-12-20,402970,1.358884035249684e-25,0.0330748313751758
2024-12-23,402970,7.479123732293908e-26,0.0097702386869293
2024-12-24,402970,3.9240411383421645e-26,0.0038492429243515
2024-12-26,402970,1.9425771343997864e-26,-0.001983419270557
2024-12-27,402970,8.879909574109415e-27,-0.0162968936722034
2024-12-30,402970,3.564287755225848e-27,-0.0176486912617672
2025-01-02,402970,1.0706305431747348e-27,-0.0081620041814058
2025-01-03,402970,2.3307788085870957e-29,-0.0023238120958559
2025-01-06,402970,-3.2972555077002553e-28,-0.017060203125375
2025-01-07,402970,-3.7996994877609467e-28,0.0071426008887183
2025-01-08,402970,-3.1928870991163607e-28,0.0109772345420378
2025-01-09,402970,-2.340784447555397e-28,0.0161788745183777
2025-01-10,402970,-1.5806618367026911e-28,0.01528570483479
2025-01-13,402970,-1.0059442395812838e-28,0.0237878394069177
2025-01-14,402970,-6.099378754613648e-29,0.0085994637754733
2025-01-15,402970,-3.540179191414764e-29,0.0067506113483375
2025-01-16,402970,-1.9680777708096773e-29,-0.0075388207700637
2025-01-17,402970,-1.0444309034465043e-29,-0.0058637252004807
2025-01-20,402970,-5.24549725012227e-30,0.0030717150919663
2025-01-21,402970,-2.4482665940384765e-30,-0.0015869240813461
2025-01-22,402970,-1.0194022725372459e-30,0.0
2025-01-23,402970,-3.3660920640467116e-31,-0.0055114161636034
2025-01-24,402970,-4.0988532678905483e-32,0.0026984143357733
2025-01-31,402970,6.566812576829096e-32,-0.015214239584397
2025-02-03,402970,8.776180875173443e-32,-0.009334305278152
2025-02-04,402970,7.72342508100935e-32,-0.0106629481682531
2025-02-05,402970,5.800272018551234e-32,0.0105171872138676
2025-02-06,402970,3.979365299448939e-32,-0.009716546658689
2025-02-07,402970,2.5633316865016014e-32,0.0007981483383243
2025-02-10,402970,1.5703473243066627e-32,0.0011215253919285
2025-02-11,402970,9.202925781802732e-33,0.0007197409243495
2025-02-12,402970,5.166779278662186e-33,-0.0050057710502642
2025-02-13,402970,2.7722246134054537e-33,0.0086063165684393
2025-02-14,402970,1.4112880005789757e-33,0.0084214369162278
2025-02-17,402970,6.712673298113437e-34,0.0097997039675696
2025-02-18,402970,2.884545450990171e-34,0.0085967257129997
2025-02-19,402970,1.0239986647904548e-34,0.0117201214854425
2025-02-20,402970,1.967138550598455e-35,0.0067217840371363
2025-02-21,402970,-1.1846437292539617e-35,0.012109922309234
2025-02-24,402970,-1.9914848054367587e-35,0.0233516330875271
2025-02-25,402970,-1.8541855199464492e-35,0.0071079117767922
2025-02-26,402970,-1.4308775690303258e-35,-0.0056053515889455
2025-02-27,402970,-9.986745022831426e-36,-0.0011829187925638
2025-02-28,402970,-6.515418606600249e-36,0.0019521343020514
2025-03-04,402970,-4.034011664125617e-36,-0.0037246880960033
2025-03-05,402970,-2.3871993138991257e-36,-0.0101242658656612
2025-03-06,402970,-1.353343278378324e-36,-0.0162825849679801
2025-03-07,402970,-7.3389475936976494e-37,-0.0200046519628163
2025-03-10,402970,-3.784225517114964e-37,-0.033393276050269
2025-03-11,402970,-1.831358196674506e-37,-0.0182008633047416
2025-03-12,402970,-8.089342141724574e-38,0.0038086215998074
2025-03-13,402970,-3.041693341347675e-38,0.0242469845959885
2025-03-14,402970,-7.435891385914726e-39,0.0234705869014977
2025-03-17,402970,1.720928553206472e-39,0.031206629337527
2025-03-18,402970,4.415511762802798e-39,0.0152422812649959
2025-03-19,402970,4.4122682237869574e-39,0.0067877135114429
2025-03-20,402970,3.512525681127557e-39,0.0072778816369876
2025-03-21,402970,2.497907356623731e-39,0.0065054898869618
2025-03-24,402970,1.651738482074372e-39,-0.0050160776073457
2025-03-25,402970,1.0339298266711836e-39,0.0042016868536993
2025-03-26,402970,6.17893639707631e-40,0.0103295385938615
2025-03-27,402970,3.5369240394479937e-40,-0.0118437401555073
2025-03-28,402970,1.9379462951438126e-40,-0.0596339018041156
2025-03-31,402970,1.01149872817382e-40,-0.1156540079744488
2025-04-01,402970,4.973936046409271e-41,-0.0930222486075464
2025-04-02,402970,2.2512235352996815e-41,-0.1343658618114958
2025-04-03,402970,8.872726790893174e-42,-0.0668029313839575
2025-04-04,402970,2.52977872400249e-42,-0.0367393428534725
2025-04-07,402970,-9.481232391153589e-44,0.0055416423649887
2025-04-08,402970,-9.483066952647474e-43,-0.023451372170113
2025-04-09,402970,-1.038990078309147e-42,0.0129171043105333
2025-04-10,402970,-8.575315796501966e-43,-0.0476815423087746
2025-04-11,402970,-6.225309276315731e-43,-0.015169536326308
2025-04-14,402970,-4.175883861472999e-43,-0.0081029155691059
2025-04-15,402970,-2.6438308780621526e-43,-0.0215156875700461
2025-04-16,402970,-1.5958688036592384e-43,0.0097971392449824
2025-04-17,402970,-9.223332140839647e-44,0.0140562799242793
2025-04-18,402970,-5.104944081226373e-44,0.015169536326308
2025-04-21,402970,-2.695634283611137e-44,0.0262702195245552
2025-04-22,402970,-1.3453903177442862e-44,0.0388984057034758
2025-04-23,402970,-6.223471147023872e-45,0.0059017702981218
2025-04-24,402970,-2.551439414919072e-45,0.0004360908882503
2025-04-25,402970,-8.10647245757671e-46,-0.0288888615264486
2025-04-28,402970,-6.664083299963145e-47,-0.0245031224045355
2025-04-29,402970,1.943507655298416e-46,-0.027553783457451
2025-04-30,402970,2.415590848420042e-46,-0.0114883770067617
2025-05-02,402970,2.0805888239837175e-46,0.0223333274578045
2025-05-07,402970,1.5454225765232135e-46,0.0389890929004597
2025-05-08,402970,1.0526913142603532e-46,0.0058971257462836
2025-05-09,402970,6.744282657105628e-47,0.0173856648298897
2025-05-12,402970,4.1127382177383505e-47,0.0144262517544326
2025-05-13,402970,2.3999632460621984e-47,-0.0113199047714331
2025-05-14,402970,1.3415717258214386e-47,-0.0202166118006719
2025-05-15,402970,7.163615136348453e-48,-0.0067802839773154
2025-05-16,402970,3.6254432524303874e-48,-0.0287302870759145
2025-05-19,402970,1.7104194864363502e-48,-0.0338717999537987
2025-05-20,402970,7.252124002864063e-49,-0.0302947348968061
2025-05-21,402970,2.498759113900907e-49,-0.0135616059835808
2025-05-22,402970,4.0910027125272656e-50,0.0067802839773154
2025-05-23,402970,-3.6913676908354273e-50,0.0109038800290086
2025-05-26,402970,-5.527552023882859e-50,0.005340942017824
2025-05-27,402970,-5.012355199504175e-50,0.009114704047052
2025-05-28,402970,-3.820141037308929e-50,-0.0108942222673391
2025-05-29,402970,-2.645608342428575e-50,-0.0107641766352521
2025-05-30,402970,-1.716177264709302e-50,0.0063280225226804
2025-06-02,402970,-1.057555347046561e-50,0.0281856732587471
2025-06-04,402970,-6.231348478845727e-51,0.0076346296857963
2025-06-05,402970,-3.517524298628858e-51,0.0291376471027824
2025-06-09,402970,-1.8986168244604898e-51,0.0234954263758737
2025-06-10,402970,-9.735520324009825e-52,0.0055914875716549
2025-06-11,402970,-4.676355010804617e-52,-0.0068419268331112
2025-06-12,402970,-2.0414830745490173e-52,0.0055793013703357
2025-06-13,402970,-7.494621740373946e-53,-0.0123587299736733
2025-06-16,402970,-1.6715600722629509e-53,0.0034599117639722
2025-06-17,402970,6.053465201401996e-54,0.0008708526196965
2025-06-18,402970,1.2392362739835118e-53,-0.0041800983970112
2025-06-19,402970,1.1976355938852007e-53,-0.0158601352994054
2025-06-20,402970,9.398742083747368e-54,-0.0021039720218638
2025-06-23,402970,6.627280616036769e-54,-0.0178599511413555
2025-06-24,402970,4.3558297003460224e-54,-0.008567234846776
2025-06-25,402970,2.713292083307742e-54,0.0152423493099451
2025-06-26,402970,1.614441017775893e-54,0.0376160129422036
2025-06-27,402970,9.201996689191399e-55,0.0304232261441015
2025-06-30,402970,5.01909730582851e-55,0.0370172974765914
2025-07-01,402970,2.6058190791744422e-55,0.0305215409238517
2025-07-02,402970,1.272548429716586e-55,0.0190692762284019
2025-07-03,402970,5.69985678240611e-56,0.0061903950069286
2025-07-04,402970,2.2025791735467987e-56,0.0169660115121157
2025-07-07,402970,5.909550442236756e-57,0.0083513075532586
2025-07-08,402970,-6.535109513769282e-58,0.014456860823552
2025-07-09,402970,-2.7029474246459314e-57,-0.0061746865669363
2025-07-10,402970,-2.833965643316069e-57,0.0042179917438023
2025-07-11,402970,-2.300330768593057e-57,0.0029250783465162
2025-07-14,402970,-1.6543536620772213e-57,0.0004199386951242
2025-07-15,402970,-1.102585938017666e-57,-0.0050488158408494
2025-07-16,402970,-6.945281392993809e-58,0.0119761910467168
2025-07-17,402970,-4.1737166076191474e-58,-0.0033729688779029
2025-07-18,402970,-2.4019583009005648e-58,-0.0046004012379423
2025-07-21,402970,-1.3235455900765037e-58,0.0077788857814624
2025-07-22,402970,-6.953488041737347e-59,0.0111573658593169
2025-07-23,402970,-3.4481817426260982e-59,0.0004190939250801
2025-07-24,402970,-1.5801909387129064e-59,-0.0040626378349628
2025-07-25,402970,-6.371487748664749e-60,-0.0148651385908618
2025-07-28,402970,-1.937704519855582e-60,-0.031915351093902
2025-07-29,402970,-6.859442459848842e-62,-0.021417344783476
2025-07-30,402970,5.669471909584401e-61,-0.0116319585278805
2025-07-31,402970,6.628235798794985e-61,-0.0086882999689024
2025-08-01,402970,5.597073105493243e-61,0.0020401231149449
2025-08-04,402970,4.1141832215268724e-61,0.0165504545566843
2025-08-05,402970,2.7830978812640553e-61,0.0049311441530495
2025-08-06,402970,1.7736023440086177e-61,0.0033855301063088
2025-08-07,402970,1.0766590789414158e-61,0.0249241981492289
2025-08-08,402970,6.2560392173704714e-62,0.0150023884155405
2025-08-11,402970,3.481867786507192e-62,0.0117757269565661
2025-08-12,402970,1.8501541947044735e-62,0.024711229344831
2025-08-13,402970,9.307013139754573e-63,0.0265970907472166
2025-08-14,402970,4.3537859147077685e-63,0.0124390027452427
2025-08-18,402970,1.8198424933333534e-63,0.0239700706811039
2025-08-19,402970,6.065276741113746e-64,0.0267320595702873
2025-08-20,402970,7.950716512344445e-65,0.0145388408405224
2025-08-21,402970,-1.1194652096692292e-64,0.0093359125388428
2025-08-22,402970,-1.52813670418319e-64,0.0077987506871277
2025-08-25,402970,-1.3527984344908595e-64,0.0019582251688401
2025-08-26,402970,-1.0189601233565232e-64,0.0004069838483591
2025-08-27,402970,-7.004069326279997e-65,-0.0031853663557246
2025-08-28,402970,-4.5181776651152674e-65,-0.0072810891470318
2025-08-29,402970,-2.7712619451482036e-65,-0.0012273454062903
2025-09-01,402970,-1.6258930960619725e-65,-0.0081025118973432
2025-09-02,402970,-9.138498145785477e-66,-0.0165754184659494
2025-09-03,402970,-4.90933160723174e-66,-0.0138387710999712
2025-09-04,402970,-2.503023692356843e-66,-0.0056815995399723
2025-09-05,402970,-1.1930077512488061e-66,-0.0031981658322894
2025-09-08,402970,-5.143786908612553e-67,-0.0060169149174846
2025-09-09,402970,-1.839357477367358e-67,-0.0118186977024787
2025-09-10,402970,-3.6584360144805567e-68,-0.0080783283375236
2025-09-11,402970,1.986847821679185e-68,-0.0023975870275751
2025-09-12,402970,3.4595123427778487e-68,-0.0073369110292862
2025-09-15,402970,3.2446330842528976e-68,-0.0062196991150607
2025-09-16,402970,2.5123281021077035e-68,0.0049275583063188
2025-09-17,402970,1.7571051219110687e-68,0.0125474245783312
2025-09-18,402970,1.1480799989125573e-68,0.0040477524185327
2025-09-19,402970,7.117153554570266e-69,0.0069261490600691
2025-09-22,402970,4.2164487612255995e-69,0.0131401419596333
2025-09-23,402970,2.393041647388098e-69,0.0105251044127516
2025-09-24,402970,1.299269266286824e-69,0.0037090502030849
2025-09-25,402970,6.709090908713576e-70,0.0113940328530866
2025-09-26,402970,3.253018578279038e-70,0.0036907977102664
2025-09-29,402970,1.4411501262986314e-70,-0.0065071684658342
2025-09-30,402970,5.450903807752471e-71,-0.0023936291400428
2025-10-01,402970,1.3608590760783358e-71,0.0021367529497346
2025-10-02,402970,-2.7645275538750165e-72,-0.0133745583395494
2025-10-10,402970,-7.646329794651995e-72,-0.0171748916611225
2025-10-13,402970,-7.712410459374812e-72,0.0024760659728659
2025-10-14,402970,-6.163568750292043e-72,0.0130538366921495
2025-10-15,402970,-4.3931448383815826e-72,0.0116712200166002
2025-10-16,402970,-2.909623137995447e-72,0.0222195058476728
2025-10-17,402970,-1.8236651459835696e-72,0.0344621784822205
2025-10-20,402970,-1.0910978804389911e-72,0.0221742190444107
2025-10-21,402970,-6.25255189854901e-73,0.0128051024346351
2025-10-22,402970,-3.42991494693644e-73,0.0003245172833938
2025-10-23,402970,-1.7926656317511428e-73,-0.0131741354008383
2025-10-24,402970,-8.830807718764911e-74,-0.0270771720936231
2025-10-27,402970,-4.0073871183985165e-74,-0.0192932029346799
2025-10-28,402970,-1.5871631583552565e-74,-0.0262722135055231
2025-10-29,402970,-4.590563431707623e-75,-0.0070821249244392
2025-10-30,402970,9.592265891362697e-77,0.0031874490637449
2025-10-31,402970,1.6348720494963419e-75,0.0189982785806375
2025-11-03,402970,1.8136673760515202e-75,0.017275527418656
2025-11-04,402970,1.5037288656827584e-75,0.0314127870746734
2025-11-05,402970,1.0943887865172455e-75,0.0332614209037114
2025-11-06,402970,7.35364706688702e-76,0.0383415646147575
2025-11-07,402970,4.661969998499078e-76,0.0242810117740219
2025-11-10,402970,2.8173337977503354e-76,0.0229215801364688
2025-11-11,402970,1.6300844648216442e-76,0.0071049674208421
2025-11-12,402970,9.032601972383612e-77,0.0011846003359607
2025-11-13,402970,4.775849697497803e-77,-0.0065393181623001
2025-11-14,402970,2.3875549552190893e-77,-0.0067522201172867
2025-11-17,402970,1.1070472457202676e-77,0.0054332981411953
2025-11-18,402970,4.557390306797635e-78,0.0059483857037285
2025-11-19,402970,1.4632497644666673e-78,0.0069999106065576
2025-11-20,402970,1.3627057868364342e-79,0.0119432550315092
2025-11-21,402970,-3.3276980362279666e-79,0.0245642960449448
2025-11-24,402970,-4.209721947902688e-79,0.0116330312145542
2025-11-25,402970,-3.645627615302552e-79,0.017014013460157
2025-11-26,402970,-2.715519381507286e-79,0.0057830733227177
2025-11-27,402970,-1.8531323631080592e-79,0.0169607163506277
2025-11-28,402970,-1.188911701388168e-79,0.0119058228916095
2025-12-01,402970,-7.25875483533947e-80,0.0042601048124062
2025-12-02,402970,-4.240513497984404e-80,0.0054272113365279
2025-12-03,402970,-2.3731183632574857e-80,0.0031121164151741
2025-12-04,402970,-1.2687756622524067e-80,0.000383891900757
2025-12-05,402970,-6.431110888305053e-81,0.0083419915124736
2025-12-08,402970,-3.0406200325154157e-81,0.017089193230392
2025-12-09,402970,-1.293820676943482e-81,0.0167156169267208
2025-12-10,402970,-4.4940675987377285e-82,0.0167928765204639
2025-12-11,402970,-7.70653129728215e-83,0.0064274458018367
2025-12-12,402970,6.2452661811203536e-83,-0.0060390811525685
2025-12-15,402970,9.612924928053701e-83,-0.0053329396542238
2025-12-16,402970,8.774934551422872e-83,0.0015196416570812
2025-12-17,402970,6.709036475154405e-83,-0.0144651287282524
2025-12-18,402970,4.6555684350820975e-83,-0.019874325389269
2025-12-19,402970,3.0244718494981188e-83,-0.0216245589704566
2025-12-22,402970,1.8660462890123137e-83,-0.0218549955035491
2024-07-30,423160,0.0006932383173499665,0.0006429652263868
2024-07-31,423160,0.0006874687324248686,0.0006523619989433
2024-08-01,423160,0.0006829157809823398,0.0006995519371706
2024-08-02,423160,0.0006823982650610663,0.0007088076734564
2024-08-05,423160,0.0006807001563016322,0.0006142129054964
2024-08-06,423160,0.000678796948675094,0.0007086737232189
2024-08-07,423160,0.0006774084352647646,0.0008030497424851
2024-08-08,423160,0.0006761076061501868,0.0009917684042122
2024-08-09,423160,0.0006748618945549694,0.0008027084757902
2024-08-12,423160,0.0006737494681884595,0.0007931936847054
2024-08-13,423160,0.0006727388209879075,0.0007836806005823
2024-08-14,423160,0.0006718105425303727,0.0006891636375492
2024-08-16,423160,0.0006709644798546665,0.0006323290209042
2024-08-19,423160,0.0006701934072208932,0.0006322693489231
2024-08-20,423160,0.0006694893719774619,0.0006416486816309
2024-08-21,423160,0.0006688469252295767,0.0006510263329477
2024-08-22,423160,0.0006682608247316926,0.000650964913337
2024-08-23,423160,0.0006677260102106057,0.0006602154428421
2024-08-26,423160,0.0006672380005007982,0.0007449984077201
2024-08-27,423160,0.0006667927209055615,0.0006977972522115
2024-08-28,423160,0.0006663864222758246,0.0006883058989899
2024-08-29,423160,0.0006660156901637383,0.0006882410057897
2024-08-30,423160,0.0006656774132575649,0.000688046399583
2024-09-02,423160,0.0006653687500708614,0.0006502410361566
2024-09-03,423160,0.000665087107790434,0.0006502103989465
2024-09-04,423160,0.000664830121110342,0.0006595746924755
2024-09-05,423160,0.0006645956316468806,0.0010267666703658
2024-09-06,423160,0.0006643816699042326,0.0008664532468998
2024-09-09,423160,0.0006641864388471681,0.0009604520512329
2024-09-10,423160,0.0006640082987552826,0.0010545147385236
2024-09-11,423160,0.0006638457534442408,0.0011955474347704
2024-09-12,423160,0.0006636974377119489,0.0008281807789582
2024-09-13,423160,0.0006635621058700012,0.0007998607727746
2024-09-19,423160,0.0006634386212795019,0.0006586004039128
2024-09-20,423160,0.0006633259468055407,0.0007995598143928
2024-09-23,423160,0.0006632231361064521,0.0007993718303858
2024-09-24,423160,0.0006631293256853738,0.0009308842661681
2024-09-25,423160,0.0006630437276378751,0.0010529582516021
2024-09-26,423160,0.0006629656230344516,0.0010998360755021
2024-09-27,423160,0.0006628943558822899,0.0009586286706202
2024-09-30,423160,0.0006628293276156489,0.0008644829615072
2024-10-02,423160,0.0006627699920685691,0.0009206287228789
2024-10-04,423160,0.000662715850887678,0.0008453244670629
2024-10-07,423160,0.0006626664493465691,0.0007513289483593
2024-10-08,423160,0.0006626213725266001,0.0006573510867013
2024-10-10,423160,0.0006625802418320324,0.0006103257920635
2024-10-11,423160,0.0006625427118102435,0.0005913855020072
2024-10-14,423160,0.0006625084672503038,0.000591302243059
2024-10-15,423160,0.0006624772205355522,0.0005912744952851
2024-10-16,423160,0.0006624487092279318,0.0006381561259019
2024-10-17,423160,0.0006624226938637985,0.0005911912675884
2024-10-18,423160,0.0006623989559426904,0.0006097932989739
2024-10-21,423160,0.0006623772960921633,0.0006565926828834
2024-10-22,423160,0.0006623575323932816,0.0005627937228211
2024-10-23,423160,0.0006623394988526995,0.0005533645171933
2024-10-24,423160,0.0006623230440084986,0.000647094428027
2024-10-25,423160,0.0006623080296580753,0.0006375398678351
2024-10-28,423160,0.0006622943296973901,0.0005437075362433
2024-10-29,423160,0.0006622818290618323,0.0006749346413297
2024-10-30,423160,0.0006622704227598044,0.0006842477993771
2024-10-31,423160,0.0006622600149909073,0.000637306837941
2024-11-01,423160,0.0006622505183413225,0.0006465002544135
2024-11-04,423160,0.0006622418530496326,0.0006464396858003
2024-11-05,423160,0.0006622339463369124,0.0006557500141308
2024-11-06,423160,0.0006622267317954662,0.0006556885901556
2024-11-07,423160,0.0006622201488310762,0.0006556271776894
2024-11-08,423160,0.0006622141421540776,0.0006554430092897
2024-11-11,423160,0.0006622086613149865,0.0007021781854934
2024-11-12,423160,0.0006622036602807789,0.000608525934961
2024-11-13,423160,0.0006621990970482649,0.0005523181118203
2024-11-14,423160,0.0006621949332913071,0.0005896971654806
2024-11-15,423160,0.0006621911340389243,0.0005801766894286
2024-11-18,423160,0.0006621876673815724,0.0005800952641639
2024-11-19,423160,0.0006621845042031403,0.0005800952641639
2024-11-20,423160,0.0006621816179364063,0.0006829546942608
2024-11-21,423160,0.0006621789843399025,0.0006454600529988
2024-11-22,423160,0.0006621765812943129,0.0006078885413156
2024-11-25,423160,0.0006621743886166963,0.0006545420776955
2024-11-26,423160,0.0006621723878909708,0.0006078032774734
2024-11-27,423160,0.0006621705623132396,0.0005983713259496
2024-11-28,423160,0.0006621688965506565,0.0005983153861404
2024-11-29,423160,0.0006621673766126467,0.0006448929841376
2024-12-02,423160,0.0006621659897334018,0.0004952970247931
2024-12-03,423160,0.0006621647242646606,0.0006354605901197
2024-12-04,423160,0.0006621635695778767,0.0005980134918122
2024-12-05,423160,0.0006621625159749504,0.0005979576188845
2024-12-06,423160,0.0006621615546067752,0.0005977900627307
2024-12-09,423160,0.000662160677398915,0.0007004730814426
2024-12-10,423160,0.0006621598769837884,0.000607048316338
2024-12-11,423160,0.0006621591466387879,0.0005509770643428
2024-12-12,423160,0.0006621584802298184,0.0005976002792351
2024-12-13,423160,0.000662157872159777,0.0005881007782129
2024-12-16,423160,0.000662157317321544,0.0005413629410622
2024-12-17,423160,0.0006621568110550879,0.0007279718839043
2024-12-18,423160,0.0006621563491083269,0.0007839185126243
2024-12-19,423160,0.0006621559276014161,0.0008677518774291
2024-12-20,423160,0.0006621555429941609,0.0009234601492966
2024-12-23,423160,0.000662155192056283,0.0009233740180683
2024-12-24,423160,0.0006621548718402899,0.0009604849788402
2024-12-26,423160,0.0006621545796567195,0.0009603954210302
2024-12-27,423160,0.0006621543130515507,0.0007831292003981
2024-12-30,423160,0.0006621540697855933,0.0005033463315395
2025-01-02,423160,0.0006621538478156806,0.0005032994178488
2025-01-03,423160,0.0006621536452775093,0.000540449891087
2025-01-06,423160,0.0006621534604699815,0.0005869720331954
2025-01-07,423160,0.0006621532918409171,0.0005869446903279
2025-01-08,423160,0.0006621531379740172,0.000540349190512
2025-01-09,423160,0.0006621529975769691,0.0005868626770073
2025-01-10,423160,0.0006621528694705918,0.0006518783639624
2025-01-13,423160,0.0006621527525789327,0.0005587008488596
2025-01-14,423160,0.0006621526459202302,0.0005586748378494
2025-01-15,423160,0.0006621525485986685,0.0006052169887578
2025-01-16,423160,0.0006621524597968535,0.0005958255152354
2025-01-17,423160,0.0006621523787689476,0.0009212173747279
2025-01-20,423160,0.0006621523048344053,0.0012838285898766
2025-01-21,423160,0.0006621522373722578,0.0012372842726975
2025-01-22,423160,0.0006621521758158972,0.0012372267237736
2025-01-23,423160,0.0006621521196483178,0.0011069202240872
2025-01-24,423160,0.0006621520683977736,0.0005486050228018
2025-01-31,423160,0.0006621520216338164,0.0003996969792439
2025-02-03,423160,0.0006621519789636803,0.0004926268729974
2025-02-04,423160,0.0006621519400289833,0.0004926039796053
2025-02-05,423160,0.0006621519045027165,0.0005855209212182
2025-02-06,423160,0.0006621518720864982,0.0005854665080597
2025-02-07,423160,0.0006621518425080681,0.0006038899988869
2025-02-10,423160,0.0006621518155189998,0.000603833899003
2025-02-11,423160,0.0006621517908926147,0.0006038058529664
2025-02-12,423160,0.0006621517684220783,0.0005944640710069
2025-02-13,423160,0.0006621517479186628,0.0005479833884542
2025-02-14,423160,0.000662151729210162,0.000547830743292
2025-02-17,423160,0.0006621517121394451,0.0005384979750768
2025-02-18,423160,0.000662151696563137,0.0005384729779542
2025-02-19,423160,0.0006621516823504135,0.0005477086883765
2025-02-20,423160,0.0006621516693819037,0.0005940833190916
2025-02-21,423160,0.0006621516575486861,0.000677409352809
2025-02-24,423160,0.0006621516467513747,0.0006402494407744
2025-02-25,423160,0.0006621516368992841,0.0006773213591966
2025-02-26,423160,0.0006621516279096675,0.00063088558014
2025-02-27,423160,0.0006621516197070221,0.0008162887146827
2025-02-28,423160,0.0006621516122224544,0.0005471601136246
2025-03-04,423160,0.0006621516053931025,0.0005471347432575
2025-03-05,423160,0.0006621515991616074,0.000510007753899
2025-03-06,423160,0.0006621515934756312,0.000509984108822
2025-03-07,423160,0.0006621515882874181,0.0005005747444055
2025-03-10,423160,0.0006621515835533927,0.0005005283459151
2025-03-11,423160,0.0006621515792337944,0.0004541726026623
2025-03-12,423160,0.0006621515752923434,0.0005004819560241
2025-03-13,423160,0.0006621515716959359,0.0005467848723164
2025-03-14,423160,0.0006621515684143659,0.0005095871990796
2025-03-17,423160,0.0006621515654200718,0.0005095399890677
2025-03-18,423160,0.000662151562687905,0.0005558489345744
2025-03-19,423160,0.000662151560194918,0.0005557974446723
2025-03-20,423160,0.0006621515579201728,0.0005557459643057
2025-03-21,423160,0.0006621515558445638,0.0005463595459449
2025-03-24,423160,0.0006621515539506582,0.0005463089559238
2025-03-25,423160,0.0006621515522225494,0.0005462836644269
2025-03-26,423160,0.0006621515506457231,0.0005462330884569
2025-03-27,423160,0.0006621515492069356,0.0005369276757818
2025-03-28,423160,0.0006621515478941028,0.0005368084093131
2025-03-31,423160,0.0006621515466961983,0.0005830175486849
2025-04-01,423160,0.0006621515456031612,0.0005829905729903
2025-04-02,423160,0.0006621515446058109,0.0004904296910037
2025-04-03,423160,0.0006621515436957708,0.0005458894200636
2025-04-04,423160,0.0006621515428653977,0.0005087764037501
2025-04-07,423160,0.0006621515421077174,0.0004624705257469
2025-04-08,423160,0.000662151541416366,0.0005086822926401
2025-04-09,423160,0.000662151540785537,0.000601142188227
2025-04-10,423160,0.0006621515402099324,0.0004623849899747
2025-04-11,423160,0.0006621515396847173,0.0005824623528809
2025-04-14,423160,0.0006621515392054808,0.000536197999331
2025-04-15,423160,0.0006621515387681976,0.0005361484335164
2025-04-16,423160,0.0006621515383691953,0.000489894774855
2025-04-17,423160,0.0006621515380051225,0.000582300844151
2025-04-18,423160,0.0006621515376729214,0.0005544108141233
2025-04-21,423160,0.000662151537369802,0.0005913332889662
2025-04-22,423160,0.0006621515370932184,0.0004989144095723
2025-04-23,423160,0.0006621515368408474,0.0006281929497937
2025-04-24,423160,0.0006621515366105696,0.000951285923902
2025-04-25,423160,0.0006621515364004508,0.0007664286188404
2025-04-28,423160,0.0006621515362087263,0.0007294451462165
2025-04-29,423160,0.0006621515360337859,0.0009048019747375
2025-04-30,423160,0.00066215153587416,0.0008215979155998
2025-05-02,423160,0.0006621515357285081,0.000452236037999
2025-05-07,423160,0.000662151535595607,0.0004983250843686
2025-05-08,423160,0.0006621515354743403,0.0004983020921063
2025-05-09,423160,0.0006621515353636896,0.0005996725045349
2025-05-12,423160,0.0006621515352627255,0.0005535055491865
2025-05-13,423160,0.0006621515351705999,0.0005534800196631
2025-05-14,423160,0.0006621515350865394,0.0005072981869123
2025-05-15,423160,0.0006621515350098376,0.0005533779251205
2025-05-16,423160,0.0006621515349398505,0.0005071344706557
2025-05-19,423160,0.0006621515348759902,0.0005439818683932
2025-05-20,423160,0.0006621515348177204,0.0005439567918976
2025-05-21,423160,0.0006621515347645517,0.0005439066458432
2025-05-22,423160,0.0006621515347160374,0.0005346410657924
2025-05-23,423160,0.0006621515346717702,0.0005253044813144
2025-05-26,423160,0.0006621515346313783,0.0005805354911689
2025-05-27,423160,0.0006621515345945223,0.000626566436539
2025-05-28,423160,0.0006621515345608929,0.0008107013009883
2025-05-29,423160,0.0006621515345302075,0.0008198420651286
2025-05-30,423160,0.0006621515345022082,0.0006447334711054
2025-06-02,423160,0.0006621515344766601,0.0005065413008527
2025-06-04,423160,0.0006621515344533486,0.0004972879491731
2025-06-05,423160,0.0006621515344320777,0.0004971506008359
2025-06-09,423160,0.000662151534412669,0.0004510869891856
2025-06-10,423160,0.0006621515343949593,0.0004510662269314
2025-06-11,423160,0.0006621515343788,0.0005430955659484
2025-06-12,423160,0.0006621515343640554,0.0004970407767803
2025-06-13,423160,0.0006621515343506015,0.0004509043469038
2025-06-16,423160,0.0006621515343383254,0.0004968807036469
2025-06-17,423160,0.0006621515343271239,0.0005428507155862
2025-06-18,423160,0.000662151534316903,0.0004968121324342
2025-06-19,423160,0.000662151534307577,0.0005427807988862
2025-06-20,423160,0.0006621515342990673,0.0005334608860554
2025-06-23,423160,0.0006621515342913026,0.0004874392521898
2025-06-24,423160,0.0006621515342842176,0.0004414239672918
2025-06-25,423160,0.0006621515342777529,0.000487372017023
2025-06-26,423160,0.0006621515342718541,0.0004505602194768
2025-06-27,423160,0.0006621515342664717,0.000450460810633
2025-06-30,423160,0.0006621515342615605,0.0004504401059772
2025-07-01,423160,0.0006621515342570793,0.0004963691617678
2025-07-02,423160,0.0006621515342529903,0.0004503780034301
2025-07-03,423160,0.0006621515342492592,0.0004963007316618
2025-07-04,423160,0.0006621515342458548,0.0005053776886825
2025-07-07,423160,0.0006621515342427485,0.0005053544709667
2025-07-08,423160,0.0006621515342399141,0.0005053080419337
2025-07-09,423160,0.0006621515342373278,0.0005052848306164
2025-07-10,423160,0.0006621515342349679,0.0005052384143784
2025-07-11,423160,0.0006621515342328147,0.0005051224110825
2025-07-14,423160,0.0006621515342308499,0.0005050992168147
2025-07-15,423160,0.0006621515342290571,0.0004591494795853
2025-07-16,423160,0.0006621515342274212,0.0005050296467921
2025-07-17,423160,0.0006621515342259286,0.0005049832774215
2025-07-18,423160,0.0006621515342245666,0.0005048673912426
2025-07-21,423160,0.0006621515342233238,0.0004956675090479
2025-07-22,423160,0.00066215153422219,0.0004497620467489
2025-07-23,423160,0.0006621515342211553,0.0004864237397264
2025-07-24,423160,0.0006621515342202112,0.0004405043846347
2025-07-25,423160,0.0006621515342193498,0.0004404033431733
2025-07-28,423160,0.0006621515342185637,0.0004495598517841
2025-07-29,423160,0.0006621515342178465,0.0005412819339394
2025-07-30,423160,0.000662151534217192,0.000458673524232
2025-07-31,423160,0.0006621515342165948,0.0005045061679691
2025-08-01,423160,0.00066215153421605,0.0004952220346616
2025-08-04,423160,0.0006621515342155528,0.0005410387158057
2025-08-05,423160,0.0006621515342150992,0.0004951539204576
2025-08-06,423160,0.0006621515342146852,0.0004951312198873
2025-08-07,423160,0.0006621515342143075,0.000724209245611
2025-08-08,423160,0.0006621515342139628,0.0005957755110852
2025-08-11,423160,0.0006621515342136484,0.0005499088206466
2025-08-12,423160,0.0006621515342133615,0.0005498836218258
2025-08-13,423160,0.0006621515342130997,0.0005498584253125
2025-08-14,423160,0.0006621515342128607,0.000448929676752
2025-08-18,423160,0.0006621515342126427,0.0004030928267404
2025-08-19,423160,0.0006621515342124438,0.0004030743635166
2025-08-20,423160,0.0006621515342122624,0.0004030559019803
2025-08-21,423160,0.0006621515342120967,0.0004488268748605
2025-08-22,423160,0.0006621515342119456,0.0004029488584222
2025-08-25,423160,0.0006621515342118076,0.0004487076836348
2025-08-26,423160,0.0006621515342116819,0.0004944602243401
2025-08-27,423160,0.0006621515342115671,0.0004944375873296
2025-08-28,423160,0.0006621515342114623,0.0004852391271175
2025-08-29,423160,0.0006621515342113668,0.0004943063335236
2025-09-01,423160,0.0006621515342112796,0.0004942610897487
2025-09-02,423160,0.0006621515342112,0.0004942158542533
2025-09-03,423160,0.0006621515342111274,0.0004941932396107
2025-09-04,423160,0.0006621515342110612,0.0005033012089388
2025-09-05,423160,0.0006621515342110008,0.0005489428413891
2025-09-08,423160,0.0006621515342109456,0.0005031630766172
2025-09-09,423160,0.0006621515342108953,0.000503117049357
2025-09-10,423160,0.0006621515342108494,0.0005030940388852
2025-09-11,423160,0.0006621515342108075,0.0005030480242549
2025-09-12,423160,0.0006621515342107692,0.0004572222911498
2025-09-15,423160,0.0006621515342107343,0.0005029100308533
2025-09-16,423160,0.0006621515342107024,0.0004571595840836
2025-09-17,423160,0.0006621515342106733,0.0005028410625378
2025-09-18,423160,0.0006621515342106469,0.0005027950941709
2025-09-19,423160,0.0006621515342106227,0.0005392535582036
2025-09-22,423160,0.0006621515342106006,0.0004935202717639
2025-09-23,423160,0.0006621515342105805,0.0004478137169794
2025-09-24,423160,0.0006621515342105621,0.0004934526248554
2025-09-25,423160,0.0006621515342105454,0.0010778717645525
2025-09-26,423160,0.0006621515342105301,0.0010867630602149
2025-09-29,423160,0.0006621515342105161,0.0010410769693383
2025-09-30,423160,0.0006621515342105035,0.0011323478247931
2025-10-01,423160,0.0006621515342104919,0.0009953020741377
2025-10-02,423160,0.0006621515342104812,0.0004107469719514
2025-10-10,423160,0.0006621515342104715,0.0003650334502438
2025-10-13,423160,0.0006621515342104627,0.0004562709963824
2025-10-14,423160,0.0006621515342104546,0.0004106157925765
2025-10-15,423160,0.0006621515342104472,0.0004562293635341
2025-10-16,423160,0.0006621515342104405,0.0004561877382869
2025-10-17,423160,0.0006621515342104344,0.0004469844587688
2025-10-20,423160,0.0006621515342104288,0.0004925389570171
2025-10-21,423160,0.0006621515342104237,0.0004925164955782
2025-10-22,423160,0.000662151534210419,0.000538083069296
2025-10-23,423160,0.0006621515342104149,0.0004924491235431
2025-10-24,423160,0.000662151534210411,0.0005379407938974
2025-10-27,423160,0.0006621515342104075,0.0004922964818181
2025-10-28,423160,0.0006621515342104042,0.0004922740424859
2025-10-29,423160,0.0006621515342104013,0.0004922291699571
2025-10-30,423160,0.0006621515342103986,0.0004922067367623
2025-10-31,423160,0.0006621515342103962,0.0005012097485419
2025-11-03,423160,0.0006621515342103941,0.0004556140845348
2025-11-04,423160,0.000662151534210392,0.0005011412457562
2025-11-05,423160,0.0006621515342103902,0.0004555518177866
2025-11-06,423160,0.0006621515342103884,0.0005010727616916
2025-11-07,423160,0.0006621515342103869,0.0005009586631725
2025-11-10,423160,0.0006621515342103855,0.0005009358497023
2025-11-11,423160,0.0006621515342103842,0.0004098379376031
2025-11-12,423160,0.000662151534210383,0.0004553443848198
2025-11-13,423160,0.0006621515342103819,0.0004553029208942
2025-11-14,423160,0.0006621515342103809,0.0004096886878528
2025-11-17,423160,0.00066215153421038,0.0004551785744109
2025-11-18,423160,0.0006621515342103791,0.0004551785744109
2025-11-19,423160,0.0006621515342103784,0.000500639463576
2025-11-20,423160,0.0006621515342103778,0.0004550957144822
2025-11-21,423160,0.0006621515342103771,0.0004550128847142
2025-11-24,423160,0.0006621515342103765,0.0004549714811368
2025-11-25,423160,0.0006621515342103761,0.0005459409427501
2025-11-26,423160,0.0006621515342103756,0.0004549093898962
2025-11-27,423160,0.0006621515342103752,0.0004912708547752
2025-11-28,423160,0.0006621515342103748,0.0005366490489571
2025-12-01,423160,0.0006621515342103743,0.0004911368096607
2025-12-02,423160,0.000662151534210374,0.0004910921442107
2025-12-03,423160,0.0006621515342103737,0.000536527046103
2025-12-04,423160,0.0006621515342103735,0.000500120493994
2025-12-05,423160,0.0006621515342103732,0.0004545619918996
2025-12-08,423160,0.000662151534210373,0.0005454248085321
2025-12-09,423160,0.0006621515342103728,0.0004999386543076
2025-12-10,423160,0.0006621515342103726,0.0004544587020713
2025-12-11,423160,0.0006621515342103725,0.0004998704985101
2025-12-12,423160,0.0006621515342103724,0.0005906218510958
2025-12-15,423160,0.0006621515342103722,0.0004997115405611
2025-12-16,423160,0.000662151534210372,0.0004542728986223
2025-12-17,423160,0.0006621515342103719,0.0005904877145734
2025-12-18,423160,0.0006621515342103718,0.0007266386019484
2025-12-19,423160,0.0006621515342103717,0.0005448799582659
2025-12-22,423160,0.0006621515342103716,0.00067194539794
2024-07-30,459580,0.0006867103532384983,0.0006620976645734
2024-07-31,459580,0.0007018687394901538,0.0006571609325209
2024-08-01,459580,0.0007126839013423291,0.0006628901668062
2024-08-02,459580,0.0007204002719339528,0.0006676169491299
2024-08-05,459580,0.0007259057258440392,0.0006568496791121
2024-08-06,459580,0.0007298337412751522,0.0006587371584707
2024-08-07,459580,0.0007326362904344131,0.0007706874162654
2024-08-08,459580,0.000734635845153028,0.0008757058441428
2024-08-09,459580,0.0007360624817062257,0.0007304566652681
2024-08-12,459580,0.0007370803542535345,0.0007615612567857
2024-08-13,459580,0.0007378065830328564,0.000757595711903
2024-08-14,459580,0.0007383247306548842,0.0007496566047766
2024-08-16,459580,0.0007386944171309059,0.0006852235323133
2024-08-19,459580,0.0007389581799752059,0.0006579280565279
2024-08-20,459580,0.0007391463687312078,0.0006578646690478
2024-08-21,459580,0.0007392806371039178,0.0006636417045573
2024-08-22,459580,0.0007393764345165433,0.0006586497141132
2024-08-23,459580,0.0007394447837791472,0.000654611655328
2024-08-26,459580,0.0007394935494145694,0.0006662461943367
2024-08-27,459580,0.0007395283425799605,0.0006661820479347
2024-08-28,459580,0.0007395531667075956,0.0006632015763159
2024-08-29,459580,0.0007395708781548273,0.0006708512478592
2024-08-30,459580,0.000739583514867289,0.0006570985835683
2024-09-02,459580,0.0007395925308725738,0.0006667742565049
2024-09-03,459580,0.0007395989635861092,0.0006618523067007
2024-09-04,459580,0.0007396035531800724,0.0006608190898429
2024-09-05,459580,0.0007396068277503811,0.0009491173775817
2024-09-06,459580,0.0007396091640813927,0.0009460077046572
2024-09-09,459580,0.0007396108310001274,0.0010643619446621
2024-09-10,459580,0.0007396120203085149,0.0011787805357261
2024-09-11,459580,0.0007396128688528448,0.0011534429800317
2024-09-12,459580,0.0007396134742698141,0.0007522420807557
2024-09-13,459580,0.0007396139062209733,0.0006482850274256
2024-09-19,459580,0.0007396142144082448,0.0007626137255858
2024-09-20,459580,0.0007396144342928134,0.0007527600748531
2024-09-23,459580,0.0007396145911754234,0.0008913559917953
2024-09-24,459580,0.000739614703107577,0.0011122808283374
2024-09-25,459580,0.0007396147829686082,0.0011150759406959
2024-09-26,459580,0.0007396148399476273,0.0010091321980922
2024-09-27,459580,0.0007396148806008539,0.0009101214559574
2024-09-30,459580,0.0007396149096060013,0.0010029162930802
2024-10-02,459580,0.0007396149303005104,0.000803137024528
2024-10-04,459580,0.0007396149450655693,0.0007798139981876
2024-10-07,459580,0.0007396149556001011,0.0006528243601646
2024-10-08,459580,0.0007396149631162485,0.0006372702580446
2024-10-10,459580,0.0007396149684788478,0.000605139052789
2024-10-11,459580,0.0007396149723049397,0.0005702327991894
2024-10-14,459580,0.0007396149750347687,0.00056244468397
2024-10-15,459580,0.0007396149769824394,0.0005759524064394
2024-10-16,459580,0.0007396149783720578,0.0005836465880797
2024-10-17,459580,0.0007396149793635188,0.0005854260060544
2024-10-18,459580,0.0007396149800709035,0.0006085994611755
2024-10-21,459580,0.0007396149805756064,0.0006346694175647
2024-10-22,459580,0.0007396149809357003,0.0006404179381114
2024-10-23,459580,0.000739614981192619,0.0006422949495945
2024-10-24,459580,0.0007396149813759246,0.0006546904645645
2024-10-25,459580,0.000739614981506709,0.0006497958496662
2024-10-28,459580,0.0007396149816000208,0.0006477986674973
2024-10-29,459580,0.0007396149816665965,0.0006429074719918
2024-10-30,459580,0.0007396149817140968,0.0006544455402863
2024-10-31,459580,0.0007396149817479871,0.0006513638280782
2024-11-01,459580,0.0007396149817721671,0.0006609660200691
2024-11-04,459580,0.000739614981789419,0.0006348221913974
2024-11-05,459580,0.0007396149818017278,0.0006395968632393
2024-11-06,459580,0.0007396149818105098,0.0006366341109877
2024-11-07,459580,0.0007396149818167757,0.0006345266735809
2024-11-08,459580,0.0007396149818212461,0.0006267410012164
2024-11-11,459580,0.0007396149818244358,0.0006508298309775
2024-11-12,459580,0.0007396149818267115,0.0006594577140877
2024-11-13,459580,0.0007396149818283352,0.0006400896150893
2024-11-14,459580,0.0007396149818294937,0.0006495621957363
2024-11-15,459580,0.0007396149818303202,0.0006581861900762
2024-11-18,459580,0.0007396149818309099,0.0006388302868405
2024-11-19,459580,0.0007396149818313306,0.0006310499954675
2024-11-20,459580,0.0007396149818316308,0.0006454672552997
2024-11-21,459580,0.000739614981831845,0.0006250343827698
2024-11-22,459580,0.0007396149818319977,0.0006124381062342
2024-11-25,459580,0.0007396149818321068,0.0006307098008644
2024-11-26,459580,0.0007396149818321845,0.0006229400269717
2024-11-27,459580,0.0007396149818322401,0.00061998942315
2024-11-28,459580,0.0007396149818322796,0.0006256076140651
2024-11-29,459580,0.0007396149818323079,0.0006274804841144
2024-12-02,459580,0.0007396149818323281,0.000620677445001
2024-12-03,459580,0.0007396149818323425,0.0006264058196521
2024-12-04,459580,0.0007396149818323528,0.0006205685917795
2024-12-05,459580,0.0007396149818323601,0.0006252164738675
2024-12-06,459580,0.0007396149818323653,0.0006299758910248
2024-12-09,459580,0.000739614981832369,0.0006202924434592
2024-12-10,459580,0.0007396149818323717,0.0006192740822719
2024-12-11,459580,0.0007396149818323735,0.0006240345963881
2024-12-12,459580,0.0007396149818323749,0.0006363751670317
2024-12-13,459580,0.0007396149818323759,0.0006247674773494
2024-12-16,459580,0.0007396149818323766,0.0007132458521894
2024-12-17,459580,0.0007396149818323771,0.0007141448131005
2024-12-18,459580,0.0007396149818323774,0.0008939634012659
2024-12-19,459580,0.0007396149818323776,0.0008744753344824
2024-12-20,459580,0.0007396149818323779,0.0008695962216496
2024-12-23,459580,0.000739614981832378,0.000977119518092
2024-12-24,459580,0.0007396149818323781,0.0009818380006088
2024-12-26,459580,0.0007396149818323782,0.0007836052876566
2024-12-27,459580,0.0007396149818323782,0.0006017795938006
2024-12-30,459580,0.0007396149818323782,0.0006103817959317
2025-01-02,459580,0.0007396149818323782,0.0006092545373235
2025-01-03,459580,0.0007396149818323782,0.0006063154034663
2025-01-06,459580,0.0007396149818323782,0.0005995480509799
2025-01-07,459580,0.0007396149818323782,0.000599496786533
2025-01-08,459580,0.0007396149818323782,0.0005821588651109
2025-01-09,459580,0.0007396149818323782,0.0005675987699795
2025-01-10,459580,0.0007396149818323782,0.0005617867077294
2025-01-13,459580,0.0007396149818323782,0.0005598300490703
2025-01-14,459580,0.0007396149818323782,0.0005540227521478
2025-01-15,459580,0.0007396149818323782,0.0005770210417548
2025-01-16,459580,0.0007396149818323782,0.0009203424630452
2025-01-17,459580,0.0007396149818323782,0.0011005708822526
2025-01-20,459580,0.0007396149818323782,0.0011283098522376
2025-01-21,459580,0.0007396149818323782,0.0011061666796035
2025-01-22,459580,0.0007396149818323782,0.0010705909897623
2025-01-23,459580,0.0007396149818323782,0.0005523744088069
2025-01-24,459580,0.0007396149818323782,0.000529224315251
2025-01-31,459580,0.0007396149818323782,0.0005272593183409
2025-02-03,459580,0.0007396149818323782,0.0005550206262174
2025-02-04,459580,0.0007396149818323782,0.0005779878802627
2025-02-05,459580,0.0007396149818323782,0.0005750657410672
2025-02-06,459580,0.0007396149818323782,0.0005883373316422
2025-02-07,459580,0.0007396149818323782,0.0005767907980693
2025-02-10,459580,0.0007396149818323782,0.0005815304377581
2025-02-11,459580,0.0007396149818323782,0.0005786116929851
2025-02-12,459580,0.0007396149818323782,0.0005795233032372
2025-02-13,459580,0.0007396149818323782,0.0005630997448218
2025-02-14,459580,0.0007396149818323782,0.0005697572078808
2025-02-17,459580,0.0007396149818323782,0.0005505614189775
2025-02-18,459580,0.0007396149818323782,0.0005514769381154
2025-02-19,459580,0.0007396149818323782,0.000555260919878
2025-02-20,459580,0.0007396149818323782,0.0006067967158838
2025-02-21,459580,0.0007396149818323782,0.0005990918100735
2025-02-24,459580,0.0007396149818323782,0.0006114859058357
2025-02-25,459580,0.0007396149818323782,0.0006200482458371
2025-02-26,459580,0.0007396149818323782,0.0007854546832462
2025-02-27,459580,0.0007396149818323782,0.0005796541559259
2025-02-28,459580,0.0007396149818323782,0.0005671794548067
2025-03-04,459580,0.0007396149818323782,0.0005786054813334
2025-03-05,459580,0.0007396149818323782,0.0005728201314987
2025-03-06,459580,0.0007396149818323782,0.0005526055779778
2025-03-07,459580,0.0007396149818323782,0.0005477799514732
2025-03-10,459580,0.0007396149818323782,0.0005639910063877
2025-03-11,459580,0.0007396149818323782,0.0005448263142504
2025-03-12,459580,0.0007396149818323782,0.0005352280533745
2025-03-13,459580,0.0007396149818323782,0.0005408370301331
2025-03-14,459580,0.0007396149818323782,0.0005407936230241
2025-03-17,459580,0.0007396149818323782,0.0005397950916083
2025-03-18,459580,0.0007396149818323782,0.0005302037109498
2025-03-19,459580,0.0007396149818323782,0.000534941737543
2025-03-20,459580,0.0007396149818323782,0.0005348160599023
2025-03-21,459580,0.0007396149818323782,0.0005347731591118
2025-03-24,459580,0.0007396149818323782,0.0005442769415378
2025-03-25,459580,0.0007396149818323782,0.0005337409878887
2025-03-26,459580,0.0007396149818323782,0.00053942815242
2025-03-27,459580,0.0007396149818323782,0.0005440727702659
2025-03-28,459580,0.0007396149818323782,0.0005430749724855
2025-03-31,459580,0.0007396149818323782,0.0005248988258763
2025-04-01,459580,0.0007396149818323782,0.0005344103100419
2025-04-02,459580,0.0007396149818323782,0.0005343674743176
2025-04-03,459580,0.0007396149818323782,0.0005199332503771
2025-04-04,459580,0.0007396149818323782,0.0005160773467398
2025-04-07,459580,0.0007396149818323782,0.0005284378869845
2025-04-08,459580,0.0007396149818323782,0.0005341248681993
2025-04-09,459580,0.0007396149818323782,0.0005302682175063
2025-04-10,459580,0.0007396149818323782,0.0005187097973191
2025-04-11,459580,0.0007396149818323782,0.0005139047577777
2025-04-14,459580,0.0007396149818323782,0.0005110027777792
2025-04-15,459580,0.0007396149818323782,0.0005166850290585
2025-04-16,459580,0.0007396149818323782,0.000515692652895
2025-04-17,459580,0.0007396149818323782,0.0005098659163138
2025-04-18,459580,0.0007396149818323782,0.0005155462068824
2025-04-21,459580,0.0007396149818323782,0.0005116944200231
2025-04-22,459580,0.0007396149818323782,0.0005802373609835
2025-04-23,459580,0.0007396149818323782,0.0008706404233702
2025-04-24,459580,0.0007396149818323782,0.0007352738416628
2025-04-25,459580,0.0007396149818323782,0.0007333138111622
2025-04-28,459580,0.0007396149818323782,0.000875086052801
2025-04-29,459580,0.0007396149818323782,0.000804533996872
2025-04-30,459580,0.0007396149818323782,0.0005159300657986
2025-05-02,459580,0.0007396149818323782,0.0005187474982051
2025-05-07,459580,0.0007396149818323782,0.0005196605001742
2025-05-08,459580,0.0007396149818323782,0.0005166933454372
2025-05-09,459580,0.0007396149818323782,0.0005166549987105
2025-05-12,459580,0.0007396149818323782,0.00051566401922
2025-05-13,459580,0.0007396149818323782,0.0005146741707697
2025-05-14,459580,0.0007396149818323782,0.0005203416107679
2025-05-15,459580,0.0007396149818323782,0.0005287870452459
2025-05-16,459580,0.0007396149818323782,0.0005296985549545
2025-05-19,459580,0.0007396149818323782,0.0005325102372548
2025-05-20,459580,0.0007396149818323782,0.0005324707433302
2025-05-21,459580,0.0007396149818323782,0.0005267246312303
2025-05-22,459580,0.0007396149818323782,0.00051425294488
2025-05-23,459580,0.0007396149818323782,0.0005123138400193
2025-05-26,459580,0.0007396149818323782,0.0005787831934291
2025-05-27,459580,0.0007396149818323782,0.0007782282729991
2025-05-28,459580,0.0007396149818323782,0.0007791196342701
2025-05-29,459580,0.0007396149818323782,0.0006431567913942
2025-05-30,459580,0.0007396149818323782,0.0006450090159155
2025-06-02,459580,0.0007396149818323782,0.0005793979552617
2025-06-04,459580,0.0007396149818323782,0.0005194319411696
2025-06-05,459580,0.0007396149818323782,0.0005222403278715
2025-06-09,459580,0.0007396149818323782,0.0005231503644882
2025-06-10,459580,0.0007396149818323782,0.0005269076671137
2025-06-11,459580,0.0007396149818323782,0.0005268656505332
2025-06-12,459580,0.0007396149818323782,0.0005267531391233
2025-06-13,459580,0.0007396149818323782,0.0005238653026786
2025-06-16,459580,0.0007396149818323782,0.0005209793960894
2025-06-17,459580,0.0007396149818323782,0.0005180924445919
2025-06-18,459580,0.0007396149818323782,0.0005123597408722
2025-06-19,459580,0.0007396149818323782,0.0005075085282619
2025-06-20,459580,0.0007396149818323782,0.0005065217149056
2025-06-23,459580,0.0007396149818323782,0.000499847068589
2025-06-24,459580,0.0007396149818323782,0.0004884310695629
2025-06-25,459580,0.0007396149818323782,0.000479861930362
2025-06-26,459580,0.0007396149818323782,0.0004617512210121
2025-06-27,459580,0.0007396149818323782,0.0004522379455398
2025-06-30,459580,0.0007396149818323782,0.0004559991698496
2025-07-01,459580,0.0007396149818323782,0.0004654471908125
2025-07-02,459580,0.0007396149818323782,0.0004692074414229
2025-07-03,459580,0.0007396149818323782,0.0004748029917447
2025-07-04,459580,0.0007396149818323782,0.0004804564713101
2025-07-07,459580,0.0007396149818323782,0.0004794754289623
2025-07-08,459580,0.0007396149818323782,0.0004756508547174
2025-07-09,459580,0.0007396149818323782,0.0004737235135046
2025-07-10,459580,0.0007396149818323782,0.0004849950032586
2025-07-11,459580,0.0007396149818323782,0.0004830666299646
2025-07-14,459580,0.0007396149818323782,0.0004839801255371
2025-07-15,459580,0.0007396149818323782,0.0004820525492732
2025-07-16,459580,0.0007396149818323782,0.0004848604321985
2025-07-17,459580,0.0007396149818323782,0.0004790804776391
2025-07-18,459580,0.0007396149818323782,0.0004781008599845
2025-07-21,459580,0.0007396149818323782,0.0004771209251224
2025-07-22,459580,0.0007396149818323782,0.0004799275373148
2025-07-23,459580,0.0007396149818323782,0.0004808402302227
2025-07-24,459580,0.0007396149818323782,0.0004779049495446
2025-07-25,459580,0.0007396149818323782,0.0004797644987757
2025-07-28,459580,0.0007396149818323782,0.0004806773479675
2025-07-29,459580,0.0007396149818323782,0.0004806432385695
2025-07-30,459580,0.0007396149818323782,0.0004796632799042
2025-07-31,459580,0.0007396149818323782,0.0004805136669947
2025-08-01,459580,0.0007396149818323782,0.0004804800352733
2025-08-04,459580,0.0007396149818323782,0.0004804464082592
2025-08-05,459580,0.0007396149818323782,0.0004794668647392
2025-08-06,459580,0.0007396149818323782,0.0006741669967418
2025-08-07,459580,0.0007396149818323782,0.0005455003682914
2025-08-08,459580,0.0007396149818323782,0.0005454622076523
2025-08-11,459580,0.0007396149818323782,0.0005425889945964
2025-08-12,459580,0.0007396149818323782,0.0005434959969434
2025-08-13,459580,0.0007396149818323782,0.0004847788515913
2025-08-14,459580,0.0007396149818323782,0.0004828551098583
2025-08-18,459580,0.0007396149818323782,0.0004809320915502
2025-08-19,459580,0.0007396149818323782,0.0004846780882914
2025-08-20,459580,0.0007396149818323782,0.0004846437467413
2025-08-21,459580,0.0007396149818323782,0.0004845439549239
2025-08-22,459580,0.0007396149818323782,0.0004826220733189
2025-08-25,459580,0.0007396149818323782,0.0004854217739929
2025-08-26,459580,0.0007396149818323782,0.00048538739399
2025-08-27,459580,0.0007396149818323782,0.0004844089809523
2025-08-28,459580,0.0007396149818323782,0.0004786462051047
2025-08-29,459580,0.0007396149818323782,0.0004805016945397
2025-09-01,459580,0.0007396149818323782,0.0004804676770255
2025-09-02,459580,0.0007396149818323782,0.0004804336643271
2025-09-03,459580,0.0007396149818323782,0.0004794565244612
2025-09-04,459580,0.0007396149818323782,0.000478417212518
2025-09-05,459580,0.0007396149818323782,0.0004802709235445
2025-09-08,459580,0.0007396149818323782,0.000480236938694
2025-09-09,459580,0.0007396149818323782,0.0004783165612778
2025-09-10,459580,0.0007396149818323782,0.0004745110761898
2025-09-11,459580,0.0007396149818323782,0.0004706448345412
2025-09-12,459580,0.0007396149818323782,0.0004706115443262
2025-09-15,459580,0.0007396149818323782,0.0004686926155432
2025-09-16,459580,0.0007396149818323782,0.000469603109142
2025-09-17,459580,0.0007396149818323782,0.0004742860222144
2025-09-18,459580,0.0007396149818323782,0.0004789059918017
2025-09-19,459580,0.0007396149818323782,0.0004741599421809
2025-09-22,459580,0.0007396149818323782,0.0004750696905357
2025-09-23,459580,0.0007396149818323782,0.0004750365556436
2025-09-24,459580,0.0007396149818323782,0.0009375379058624
2025-09-25,459580,0.0007396149818323782,0.0009364090436321
2025-09-26,459580,0.0007396149818323782,0.0009401135234128
2025-09-29,459580,0.0007396149818323782,0.0009409894835386
2025-09-30,459580,0.0007396149818323782,0.0009418653207333
2025-10-01,459580,0.0007396149818323782,0.0004783238418877
2025-10-02,459580,0.0007396149818323782,0.0004838758359824
2025-10-10,459580,0.0007396149818323782,0.0004894887105866
2025-10-13,459580,0.0007396149818323782,0.0004932182590735
2025-10-14,459580,0.0007396149818323782,0.0004969472669937
2025-10-15,459580,0.0007396149818323782,0.0004978540148314
2025-10-16,459580,0.0007396149818323782,0.0005080999711299
2025-10-17,459580,0.0007396149818323782,0.0005071211107274
2025-10-20,459580,0.0007396149818323782,0.0005061428729202
2025-10-21,459580,0.0007396149818323782,0.0005070457357572
2025-10-22,459580,0.0007396149818323782,0.0005117124889544
2025-10-23,459580,0.0007396149818323782,0.0005116027666662
2025-10-24,459580,0.0007396149818323782,0.0005115647598312
2025-10-27,459580,0.0007396149818323782,0.0005087070347471
2025-10-28,459580,0.0007396149818323782,0.0005077287709216
2025-10-29,459580,0.0007396149818323782,0.0005076910602177
2025-10-30,459580,0.0007396149818323782,0.0004981849252647
2025-10-31,459580,0.0007396149818323782,0.0004943892560707
2025-11-03,459580,0.0007396149818323782,0.0004934148022108
2025-11-04,459580,0.0007396149818323782,0.0004886804784831
2025-11-05,459580,0.0007396149818323782,0.0004839468354358
2025-11-06,459580,0.0007396149818323782,0.0004847869991646
2025-11-07,459580,0.0007396149818323782,0.0004828744084903
2025-11-10,459580,0.0007396149818323782,0.0004837799938126
2025-11-11,459580,0.0007396149818323782,0.0004837463666582
2025-11-12,459580,0.0007396149818323782,0.0004893468538309
2025-11-13,459580,0.0007396149818323782,0.000492062682186
2025-11-14,459580,0.0007396149818323782,0.0004892126825239
2025-11-17,459580,0.0007396149818323782,0.0004882395400134
2025-11-18,459580,0.0007396149818323782,0.000489144246746
2025-11-19,459580,0.0007396149818323782,0.000489107510603
2025-11-20,459580,0.0007396149818323782,0.0004936973904285
2025-11-21,459580,0.0007396149818323782,0.0004983564196141
2025-11-24,459580,0.0007396149818323782,0.0004992600356903
2025-11-25,459580,0.0007396149818323782,0.0005076682886269
2025-11-26,459580,0.0007396149818323782,0.0005113824938067
2025-11-27,459580,0.0007396149818323782,0.0005272173739854
2025-11-28,459580,0.0007396149818323782,0.0005318692515015
2025-12-01,459580,0.0007396149818323782,0.0005346450084573
2025-12-02,459580,0.0007396149818323782,0.0005355405359139
2025-12-03,459580,0.0007396149818323782,0.0005354983474532
2025-12-04,459580,0.0007396149818323782,0.0005391252706079
2025-12-05,459580,0.0007396149818323782,0.0005437712544633
2025-12-08,459580,0.0007396149818323782,0.0005446687053751
2025-12-09,459580,0.0007396149818323782,0.0005399396073748
2025-12-10,459580,0.0007396149818323782,0.0005398970952334
2025-12-11,459580,0.0007396149818323782,0.0005397716222432
2025-12-12,459580,0.0007396149818323782,0.0005397286308053
2025-12-15,459580,0.0007396149818323782,0.0005443722028637
2025-12-16,459580,0.0007396149818323782,0.0006407998600401
2025-12-17,459580,0.0007396149818323782,0.0008186625535095
2025-12-18,459580,0.0007396149818323782,0.0006658790621987
2025-12-19,459580,0.0007396149818323782,0.0008287033327896
2025-12-22,459580,0.0007396149818323782,0.0009821183179266
2024-07-30,69500,-0.00984173682323102,-0.0946898484947308
2024-07-31,69500,-0.009003530379740344,-0.0866269174749698
2024-08-01,69500,-0.005611133273983639,-0.0948956965701587
2024-08-02,69500,-0.0037929524660205312,-0.0402366283079123
2024-08-05,69500,-0.0021119880436739594,0.0674701504059392
2024-08-06,69500,-0.0011232037560218186,0.0434857513179564
2024-08-07,69500,-0.00046218013620573665,0.0302685144501119
2024-08-08,69500,-0.00011297719117844878,0.0611677178951223
2024-08-09,69500,6.464356219861688e-05,0.0387488878546927
2024-08-12,69500,0.00012813477675847093,0.0372601287069662
2024-08-13,69500,0.00013507379245327405,0.0325243425853212
2024-08-14,69500,0.00011470999190684043,0.0246627178788479
2024-08-16,69500,8.656835112585048e-05,0.000556715393641
2024-08-19,69500,5.956919523174937e-05,0.004120942714254
2024-08-20,69500,3.775376816131487e-05,-0.0109064533653317
2024-08-21,69500,2.1852450319191662e-05,-0.0077727841983995
2024-08-22,69500,1.1237694263358006e-05,-0.0225840998380453
2024-08-23,69500,4.715315224021612e-06,-0.0167245809770316
2024-08-26,69500,1.0813606578811004e-06,-0.012527435279564
2024-08-27,69500,-6.816559854257009e-07,-0.0158429818297316
2024-08-28,69500,-1.3319015885811605e-06,-0.052998067498631
2024-08-29,69500,-1.3883972446259172e-06,-0.04125942662301
2024-08-30,69500,-1.1772163395868107e-06,-0.0554437337830265
2024-09-02,69500,-8.856019964824416e-07,-0.0610921531885134
2024-09-03,69500,-6.085308819516784e-07,-0.0569551022120915
2024-09-04,69500,-3.8482294559047267e-07,-0.0310500876814105
2024-09-05,69500,-2.2228042927392068e-07,-0.0068411926542546
2024-09-06,69500,-1.1391256531930509e-07,0.0042978726058928
2024-09-09,69500,-4.748314796202456e-08,0.0093216314825729
2024-09-10,69500,-1.055561203781134e-08,0.0160200222139744
2024-09-11,69500,7.282985282986981e-09,0.0285905721215624
2024-09-12,69500,1.3798157267748209e-08,0.017837279454669
2024-09-13,69500,1.4286756045196546e-08,0.0008633136895098
2024-09-19,69500,1.2073604564556893e-08,0.0356641709026254
2024-09-20,69500,9.062159039033065e-09,0.0291822400132215
2024-09-23,69500,6.2150749212217095e-09,0.0029033616413159
2024-09-24,69500,3.922763262481396e-09,-0.019569864426259
2024-09-25,69500,2.260689677167747e-09,-0.0051611862954026
2024-09-26,69500,1.1546515502433197e-09,-0.0225049163718539
2024-09-27,69500,4.780063899132027e-10,-0.0260918741388632
2024-09-30,69500,1.0282461053935001e-10,-0.0010063340694175
2024-10-02,69500,-7.766405785903472e-11,0.0108240968770688
2024-10-04,69500,-1.4290884718082875e-10,0.0230330235581875
2024-10-07,69500,-1.4699874611673077e-10,0.0108061670918913
2024-10-08,69500,-1.2381995568303542e-10,0.0093611798819888
2024-10-10,69500,-9.272685485991535e-11,0.0097248364689728
2024-10-11,69500,-6.347334182464515e-11,0.0026288210557915
2024-10-14,69500,-3.998558406388436e-11,-0.006304174289454
2024-10-15,69500,-2.2990810760403206e-11,-0.0245025747242087
2024-10-16,69500,-1.170271733472536e-11,-0.0026193819700373
2024-10-17,69500,-4.810796935187729e-12,-0.0132252850150773
2024-10-18,69500,-9.992401497575716e-13,-0.0066295969109869
2024-10-21,69500,8.266812552979904e-13,-0.0004118858546021
2024-10-22,69500,1.4797741928565147e-12,0.0168712934458542
2024-10-23,69500,1.5123485492895602e-12,-0.0055853684809349
2024-10-24,69500,1.2697515911288686e-12,-0.0105454382085355
2024-10-25,69500,9.487670003695444e-13,-0.0183403402659863
2024-10-28,69500,6.482133712757356e-13,-0.0108880036534791
2024-10-29,69500,4.075629263967504e-13,-0.0191125423108855
2024-10-30,69500,2.3379820792976527e-13,-0.0118348104434704
2024-10-31,69500,1.18598211079852e-13,0.0010205613972997
2024-11-01,69500,4.8404562293012046e-14,0.0069020874694937
2024-11-04,69500,9.684842446038625e-15,-0.0258862445130581
2024-11-05,69500,-8.784686402792308e-15,-0.0413506649265276
2024-11-06,69500,-1.5319086713339248e-14,-0.0648844391584504
2024-11-07,69500,-1.5557829681034384e-14,-0.0686993314021596
2024-11-08,69500,-1.3020315973688049e-14,-0.060292399952993
2024-11-11,69500,-9.707197635229577e-15,-0.0211027760677359
2024-11-12,69500,-6.619515901146915e-15,0.0035171301643733
2024-11-13,69500,-4.1539924217145385e-15,0.0314346691072836
2024-11-14,69500,-2.3773952741498675e-15,0.0368770790533977
2024-11-15,69500,-1.2017787352032313e-15,0.0384903582849769
2024-11-18,69500,-4.868980665792713e-16,0.0272203061410708
2024-11-19,69500,-9.359182247021249e-17,0.0205729976144289
2024-11-20,69500,9.32052263649953e-17,0.0107942451308803
2024-11-21,69500,1.5855284103931987e-16,0.0066059817326183
2024-11-22,69500,1.6003153615621997e-16,-0.0213780810257351
2024-11-25,69500,1.3350548828997455e-16,-0.03118800742697
2024-11-26,69500,9.931354893201216e-17,-0.0134830748830802
2024-11-27,69500,6.759523650354105e-17,-0.0193579409077555
2024-11-28,69500,4.23366454808144e-17,-0.0234089005651161
2024-11-29,69500,2.4173230995006885e-17,-0.009389740349839
2024-12-02,69500,1.2176574481482723e-17,-0.0364035862207001
2024-12-03,69500,4.896307050842791e-18,-0.0309230321889212
2024-12-04,69500,9.0148023480711e-19,-0.0069041542099682
2024-12-05,69500,-9.874828977669183e-19,0.0143842380044067
2024-12-06,69500,-1.6406707467918738e-18,0.0239603592721676
2024-12-09,69500,-1.6459708894171848e-18,0.0455958298048211
2024-12-10,69500,-1.3688370446808535e-18,0.0138722146213105
2024-12-11,69500,-1.0160229713873568e-18,0.017512270362524
2024-12-12,69500,-6.902200404366795e-19,-0.019657962194086
2024-12-13,69500,-4.314662377809473e-19,-0.0385978003236296
2024-12-16,69500,-2.457767842750395e-19,-0.0184065798914806
2024-12-17,69500,-1.2336138707298877e-19,-0.0059487451758301
2024-12-18,69500,-4.922370061626965e-20,-0.0258924285045289
2024-12-19,69500,-8.6510668464272e-21,-0.0057155713973289
2024-12-20,69500,1.0448125843011697e-20,0.0061489385092308
2024-12-23,69500,1.6973738687211106e-20,-0.012717963612449
2024-12-24,69500,1.6927752367249814e-20,0.0062625100430146
2024-12-26,69500,1.4033939740763906e-20,0.0334759291963895
2024-12-27,69500,1.0393911474401514e-20,0.0365188921661322
2024-12-30,69500,7.047590150254398e-21,0.0486974181967833
2025-01-02,69500,4.397002706388153e-21,0.051632415172186
2025-01-03,69500,2.4987316321396837e-21,0.0303723044742174
2025-01-06,69500,1.2496433963464807e-21,-0.0042779168110045
2025-01-07,69500,4.947102187077237e-22,-0.0001535225757962
2025-01-08,69500,8.267322057475755e-23,-0.0112231877881644
2025-01-09,69500,-1.1040946630387864e-22,0.0022158487719976
2025-01-10,69500,-1.755676833495139e-22,0.001611652900882
2025-01-13,69500,-1.7407546236991197e-22,0.0133576325114008
2025-01-14,69500,-1.438741861631606e-22,0.0098694560184841
2025-01-15,69500,-1.0632491010415635e-22,0.0227427636921283
2025-01-16,69500,-7.195737419658609e-23,-0.0022158487719976
2025-01-17,69500,-4.4807023842980104e-23,0.0058167880925857
2025-01-20,69500,-2.5402164288209727e-23,-0.0023766007530011
2025-01-21,69500,-1.26574118317211e-23,-0.0310653029800753
2025-01-22,69500,-4.970433667143683e-24,-0.0300269713376154
2025-01-23,69500,-7.862896073601421e-25,-0.0074728505021108
2025-01-24,69500,1.1653838012825626e-24,-0.0033890131686377
2025-01-31,69500,1.8156195855679837e-24,-0.000152539012148
2025-02-03,69500,1.7899358157208303e-24,0.029696127466105
2025-02-04,69500,1.4748972019050528e-24,0.0251752991469518
2025-02-05,69500,1.0876060633638989e-24,0.0147394441822229
2025-02-06,69500,7.3466872900761985e-25,0.0157578289164906
2025-02-07,69500,4.565778310977789e-25,0.0272670297892925
2025-02-10,69500,2.5822240186708755e-25,0.0324420777107572
2025-02-11,69500,1.2819021464226374e-25,0.0319280412215297
2025-02-12,69500,4.992292430557102e-26,0.0507305078400422
2025-02-13,69500,7.437098313095242e-27,0.0309343899489471
2025-02-14,69500,-1.2287360238601142e-26,0.0271501938125533
2025-02-17,69500,-1.8772429748850328e-26,0.0136128216366807
2025-02-18,69500,-1.840346133509805e-26,0.0010235265767577
2025-02-19,69500,-1.5118767983577517e-26,-0.0141506346441664
2025-02-20,69500,-1.1124714149527671e-26,-0.0093875571332077
2025-02-21,69500,-7.500485385924837e-27,-0.044308615099145
2025-02-24,69500,-4.652247428506909e-27,-0.0404985704376046
2025-02-25,69500,-2.6247560038368094e-27,-0.0277392211424716
2025-02-26,69500,-1.2981209504093575e-27,-0.0229469074849596
2025-02-27,69500,-5.012604031059113e-28,-0.0236076731132352
2025-02-28,69500,-6.989219058914049e-29,0.0124862804204713
2025-03-04,69500,1.2942087437495903e-28,0.0036569742304203
2025-03-05,69500,1.9405887755747313e-28,0.0118298616339027
2025-03-06,69500,1.892013463456772e-28,-0.0027416055554946
2025-03-07,69500,1.5496977682992194e-28,0.0074467161706745
2025-03-10,69500,1.1378546874927414e-28,0.0243979219315698
2025-03-11,69500,7.65717787938209e-29,0.0381491847646733
2025-03-12,69500,4.7401267149940917e-29,0.030936330598795
2025-03-13,69500,2.667813794010537e-29,0.0425310164349519
2025-03-14,69500,1.314392000374941e-29,0.0417320471038913
2025-03-17,69500,5.0312915820655985e-30,0.0190015087708794
2025-03-18,69500,6.518528987084738e-31,0.0118928746387801
2025-03-19,69500,-1.3618607933342953e-30,0.0117927920177365
2025-03-20,69500,-2.0056997049857373e-30,-0.0073193110811197
2025-03-21,69500,-1.9449662681197093e-30,-0.0282904298390964
2025-03-24,69500,-1.5883775478903393e-30,-0.0533518495518316
2025-03-25,69500,-1.1637655655738058e-30,-0.0344766110409198
2025-03-26,69500,-7.816811490987393e-31,-0.0478501627776728
2025-03-27,69500,-4.829433177662757e-31,-0.0480054410320268
2025-03-28,69500,-2.7113985974212015e-31,-0.0406963423947085
2025-03-31,69500,-1.330709434106362e-31,-0.0708387667261586
2025-04-01,69500,-5.048275689728445e-32,-0.0855004277182889
2025-04-02,69500,-6.024278684541481e-33,-0.0973300686203514
2025-04-03,69500,1.4317524562977943e-32,-0.0250349713244487
2025-04-04,69500,2.0726194430749547e-32,-0.0191508315881865
2025-04-07,69500,1.999233596885521e-32,0.0458244984575048
2025-04-08,69500,1.6279338972030384e-32,0.0560829960228425
2025-04-09,69500,1.1902138884577456e-32,0.0571931423135535
2025-04-10,69500,7.979433489996447e-33,0.007225821953524
2025-04-11,69500,4.9201838456235583e-33,0.0170443786547664
2025-04-14,69500,2.7555114115402265e-33,0.0120666503483653
2025-04-15,69500,1.3470671133193637e-33,-0.0010405509737652
2025-04-16,69500,5.063474384359774e-34,0.0325261746424154
2025-04-17,69500,5.505698156180023e-35,0.0209175067089407
2025-04-18,69500,-1.5039455001712485e-34,0.0233783941559573
2025-04-21,69500,-2.141392652151924e-34,0.0227807157063784
2025-04-22,69500,-2.0548450967990064e-34,0.0328905686384208
2025-04-23,69500,-1.6683849053366956e-34,0.0129396519067435
2025-04-24,69500,-1.2172096518435972e-34,0.0156061644439305
2025-04-25,69500,-8.145091694477189e-35,0.0148756706397357
2025-04-28,69500,-5.012395762324149e-35,0.0145706963746292
2025-04-29,69500,-2.800153013490297e-35,0.00761537373795
2025-04-30,69500,-1.3634586148088977e-35,0.0237362432430132
2025-05-02,69500,-5.076803050182245e-36,0.0251338693836625
2025-05-07,69500,-4.961996320909794e-37,0.0299316844051094
2025-05-08,69500,1.578503209544876e-36,0.0220696607377386
2025-05-09,69500,2.2120649969850987e-36,0.0259196910365236
2025-05-12,69500,2.111831023560936e-36,0.0005797269648435
2025-05-13,69500,1.7097489955911808e-36,0.0002892430529521
2025-05-14,69500,1.2447630096312365e-36,-0.0067022075938387
2025-05-15,69500,8.313834471136155e-37,-0.0122395590537381
2025-05-16,69500,5.106085977666041e-37,-0.0150695692396363
2025-05-19,69500,2.845323950150446e-37,0.0120113779356706
2025-05-20,69500,1.3798772213598743e-37,0.0131584626182583
2025-05-21,69500,5.088174353368346e-38,0.0203394913638853
2025-05-22,69500,4.392360496481257e-39,0.0529281039705778
2025-05-23,69500,-1.6554904199555917e-38,0.0424274998522454
2025-05-26,69500,-2.2846831652755577e-38,0.0262235993149933
2025-05-27,69500,-2.1702222526970298e-38,0.0507779772527013
2025-05-28,69500,-1.752044930696375e-38,0.0546569146912431
2025-05-29,69500,-1.2728842756821421e-38,0.0521820091493042
2025-05-30,69500,-8.485710734863656e-39,0.0676630778739319
2025-06-02,69500,-5.201271539778111e-39,0.0797637598628625
2025-06-04,69500,-2.8910245279490537e-39,0.0538658756813129
2025-06-05,69500,-1.396315912412399e-39,0.0280249676309434
2025-06-09,69500,-5.0974981683306175e-40,0.0289560865411865
2025-06-10,69500,-3.795955872860215e-41,0.0257723685434245
2025-06-11,69500,1.734973552463149e-40,0.0225100533895858
2025-06-12,69500,2.359294888503842e-40,0.0223191776145654
2025-06-13,69500,2.2300502908996626e-40,0.0446670285350169
2025-06-16,69500,1.7952918180980191e-40,0.0255882859523262
2025-06-17,69500,1.3015839255763392e-40,0.0554161129130813
2025-06-18,69500,8.660769947985896e-41,0.0500902545200974
2025-06-19,69500,5.297969486436044e-41,0.0393860360481233
2025-06-20,69500,2.9372548023363954e-41,0.0193723142915344
2025-06-23,69500,1.4127673544755576e-41,0.0267394300816012
2025-06-24,69500,5.104681502224158e-42,-0.0028628843245893
2025-06-25,69500,3.1719249739179315e-43,-0.0098193371580401
2025-06-26,69500,-1.8170206489272226e-42,0.0146586922760054
2025-06-27,69500,-2.435948963155592e-42,0.0013365249914876
2025-06-30,69500,-2.2913472875440822e-42,-0.0034611742023788
2025-07-01,69500,-1.8395091152996706e-42,0.0119979886240879
2025-07-02,69500,-1.33087259836448e-42,0.0187839443171445
2025-07-03,69500,-8.839062119211752e-43,0.0162997018058819
2025-07-04,69500,-5.396196836116744e-43,0.03634075770591
2025-07-07,69500,-2.9840145669281823e-43,0.0439941473286892
2025-07-08,69500,-1.4292238912837115e-43,0.0321845321958862
2025-07-09,69500,-5.109628417622066e-44,0.0198347395046157
2025-07-10,69500,-2.5193871072024375e-45,0.0088877032779198
2025-07-11,69500,1.901701407998019e-44,0.0072564687209204
2025-07-14,69500,2.5146952723317126e-44,0.0060836865445127
2025-07-15,69500,2.354146046380906e-44,-0.01427783137607
2025-07-16,69500,1.8847166352605223e-44,-0.0012806335064152
2025-07-17,69500,1.360761098313971e-44,-0.0042590394280798
2025-07-18,69500,9.02063780226152e-45,-0.0006744264723827
2025-07-21,69500,5.495970578676341e-45,-0.0035346746438762
2025-07-22,69500,3.031303342311243e-45,0.0170401368938479
2025-07-23,69500,1.4456775336890366e-45,0.0220067640235322
2025-07-24,69500,5.112239953323178e-46,0.0206364223735309
2025-07-25,69500,1.8374378015486103e-47,-0.0233720936764087
2025-07-28,69500,-1.9890872218334053e-46,-0.0171095963434235
2025-07-29,69500,-2.595584807748961e-46,-0.0103749991923177
2025-07-30,69500,-2.4184800374067142e-46,-0.0194936152162708
2025-07-31,69500,-1.9309345518488187e-46,-0.008558336909611
2025-08-01,69500,-1.3912603966480322e-46,0.0305118351720517
2025-08-04,69500,-9.205548094164686e-47,0.019259612776592
2025-08-05,69500,-5.597307665640338e-47,0.002551731921853
2025-08-06,69500,-3.0791203645024674e-47,0.0133666213570996
2025-08-07,69500,-1.4621199492840628e-47,0.0039096687490149
2025-08-08,69500,-5.1124140432516005e-48,-0.0089326703868675
2025-08-11,69500,-1.1251482322866065e-49,-0.0162272060382718
2025-08-12,69500,2.0792512135553675e-48,-0.0189916132085852
2025-08-13,69500,2.6786696921367153e-48,-0.0267494424012647
2025-08-14,69500,2.4843834089144507e-48,-0.0175516221864438
2025-08-18,69500,1.9781834053505262e-48,0.0098331033481381
2025-08-19,69500,1.4223816332765048e-48,0.0074361955235538
2025-08-20,69500,9.393844633213195e-49,0.0150452781738719
2025-08-21,69500,5.700225000093891e-49,0.0176731303812717
2025-08-22,69500,3.1274645730517055e-49,0.0055674113313546
2025-08-25,69500,1.4785424517476578e-49,-0.0234898376450591
2025-08-26,69500,5.110045433405611e-50,-0.0034539930252158
2025-08-27,69500,3.8156463379683974e-52,-0.0001163047651373
2025-08-28,69500,-2.1722682754592176e-50,-0.001505309393683
2025-08-29,69500,-2.7640032020359503e-50,0.0063448169316677
2025-09-01,69500,-2.551890999725421e-50,0.027175458697241
2025-09-02,69500,-2.0264841080329117e-50,0.0301657687607332
2025-09-03,69500,-1.4541361185171919e-50,0.045985897364182
2025-09-04,69500,-9.585579596556428e-51,0.0488034075361609
2025-09-05,69500,-5.804739426160046e-51,0.0647952861023929
2025-09-08,69500,-3.176334598779239e-51,0.0668107812475203
2025-09-09,69500,-1.4949359899078724e-51,0.0694177179022933
2025-09-10,69500,-5.10502559681349e-52,0.0363017850846973
2025-09-11,69500,3.9429230083955803e-54,0.0471428577104067
2025-09-12,69500,2.2682151079888428e-52,0.0234560309522674
2025-09-15,69500,2.8516397910063332e-52,0.0272612051568053
2025-09-16,69500,2.6210383516045936e-52,0.0191160715168585
2025-09-17,69500,2.0758579497626105e-52,0.0283255992702249
2025-09-18,69500,1.4865353348064651e-52,0.0112643040208759
2025-09-19,69500,9.780805697423627e-53,-0.0093207609046895
2025-09-22,69500,5.910867718053451e-53,-0.0038792654987102
2025-09-23,69500,3.225728751138194e-53,-0.0145975781552495
2025-09-24,69500,1.5112911365149028e-53,-0.0010418621100377
2025-09-25,69500,5.09724264645271e-54,0.0280430578242466
2025-09-26,69500,-1.203428033352145e-55,0.077367828567662
2025-09-29,69500,-2.3671702594916407e-54,0.0530261451395259
2025-09-30,69500,-2.9416351132474937e-54,0.0455466378223306
2025-10-01,69500,-2.6918617218609314e-54,0.0625089852253641
2025-10-02,69500,-2.126326603677736e-54,0.0590168977221239
2025-10-10,69500,-1.5195909383978187e-54,0.0368061234865409
2025-10-13,69500,-9.979576181959022e-55,0.0640913610636317
2025-10-14,69500,-6.018626568696595e-55,0.0764315874677335
2025-10-15,69500,-3.275645005191952e-55,0.0603066062309911
2025-10-16,69500,-1.527598076717214e-55,0.0237798893522218
2025-10-17,69500,-5.086581246087834e-56,0.046694725741971
2025-10-20,69500,2.0468748072176057e-57,0.0556976267709022
2025-10-21,69500,2.4692141667669867e-56,0.0435497815583514
2025-10-22,69500,3.034046047640573e-56,0.0529661209326886
2025-10-23,69500,2.764398096134456e-56,0.0670790381449148
2025-10-24,69500,2.177912131913542e-56,0.0534131990102069
2025-10-27,69500,1.5533147610470108e-56,0.0565405680980408
2025-10-28,69500,1.018194482565463e-56,0.0386107786199089
2025-10-29,69500,6.128032577885473e-57,-0.0101768184469447
2025-10-30,69500,3.326080988196529e-57,-0.0082065920469533
2025-10-31,69500,1.5438465962338238e-57,-0.0385591205084199
2025-11-03,69500,5.072922518982102e-58,-0.0387070395037642
2025-11-04,69500,-2.925692288285817e-59,-0.0014610964258411
2025-11-05,69500,-2.5744291964221774e-58,0.036989556312088
2025-11-06,69500,-3.1289307222161593e-58,0.0360971541586853
2025-11-07,69500,-2.838685201371712e-58,0.010041389028953
2025-11-10,69500,-2.2306369913810794e-58,0.0010412329137308
2025-11-11,69500,-1.5877188116823613e-58,-0.0420175265147551
2025-11-12,69500,-1.0387965929365064e-58,-0.0593921510033832
2025-11-13,69500,-6.239102239991077e-59,-0.042707728670421
2025-11-14,69500,-3.377033965777501e-59,-0.0412649624123267
2025-11-17,69500,-1.560026069215492e-59,-0.0626462549487516
2025-11-18,69500,-5.056143954436256e-60,-0.0216532469808932
2025-11-19,69500,3.8409682193682343e-61,0.0120318946014448
2025-11-20,69500,2.6828996870501107e-60,-0.0022132716750348
2025-11-21,69500,3.22634853905482e-60,0.0259309894671513
2025-11-24,69500,2.914761518991288e-60,0.0248578939191593
2025-11-25,69500,2.284524039598251e-60,0.0372112524162749
2025-11-26,69500,1.6228152780587393e-60,0.0214215069509036
2025-11-27,69500,1.0597694314888292e-60,0.0118763730298606
2025-11-28,69500,6.35185193118283e-61,0.0454859587514367
2025-12-01,69500,3.428500827690911e-61,0.0601540585095693
2025-12-02,69500,1.5761254457874723e-61,0.0351942481217926
2025-12-03,69500,5.036119312107591e-62,0.0238936892611388
2025-12-04,69500,-4.7938190890636587e-63,0.0182080411939736
2025-12-05,69500,-2.7947119922431046e-62,0.0128939290089078
2025-12-08,69500,-3.3263601996264823e-62,-0.0234069303937078
2025-12-09,69500,-2.9926662982410445e-62,-0.040063453439569
2025-12-10,69500,-2.339596540572636e-62,-0.0204924144298357
2025-12-11,69500,-1.6586165283937168e-62,-0.0239876425224016
2025-12-12,69500,-1.081118532009594e-62,-0.0322978596254863
2025-12-15,69500,-6.466297896159735e-63,0.0132637317959016
2025-12-16,69500,-3.4804780731572976e-63,0.0381859353076448
2025-12-17,69500,-1.592133239266281e-63,0.0192975283992712
2025-12-18,69500,-5.012718524061112e-64,0.0395018846578936
2025-12-19,69500,5.785390815102691e-65,0.0611152129886251
2025-12-22,69500,2.9099545244574864e-64,0.0414174000490799
2024-07-30,A091160,-0.04429982316404906,-0.1262818752219045
2024-07-31,A091160,-0.03364855105180613,-0.138739331440018
2024-08-01,A091160,-0.020061137512692596,-0.1504460422018474
2024-08-02,A091160,-0.011078758958981964,-0.0409195765436076
2024-08-05,A091160,-0.004621597877337325,0.1053955379686337
2024-08-06,A091160,-0.0009870614246965345,0.0669541347971031
2024-08-07,A091160,0.0008691060998873255,0.0729239957290107
2024-08-08,A091160,0.001513183072723778,0.1315374192854524
2024-08-09,A091160,0.001518215179916401,0.078574210514637
2024-08-12,A091160,0.0012282707480672367,0.0712959186507349
2024-08-13,A091160,0.0008655322607253985,0.049230044393758
2024-08-14,A091160,0.0005382863814057534,0.0087148924433819
2024-08-16,A091160,0.0002897878283600808,-0.0487305143140651
2024-08-19,A091160,0.00012364255634046833,-0.0482916742304397
2024-08-20,A091160,2.5987380732079822e-05,-0.0792358930470966
2024-08-21,A091160,-2.2519879356469676e-05,-0.042514901645408
2024-08-22,A091160,-3.9847857350381905e-05,-0.072415399440722
2024-08-23,A091160,-3.997080324332443e-05,-0.041924434505421
2024-08-26,A091160,-3.239779570645884e-05,-0.0281097713211267
2024-08-27,A091160,-2.2839013843980713e-05,-0.0395014908052249
2024-08-28,A091160,-1.4218719574581658e-05,-0.1245514847295413
2024-08-29,A091160,-7.661912829315306e-06,-0.0820373744499391
2024-08-30,A091160,-3.2763356632966265e-06,-0.1199806591127887
2024-09-02,A091160,-6.957346510647544e-07,-0.1080200266030107
2024-09-03,A091160,5.876408706821824e-07,-0.097340362541288
2024-09-04,A091160,1.047720792630687e-06,-0.039570046512347
2024-09-05,A091160,1.0529239014731468e-06,0.0148857710505436
2024-09-06,A091160,8.543184218099094e-07,0.0107746684539303
2024-09-09,A091160,6.027401644858564e-07,-0.0142495212391524
2024-09-10,A091160,3.755506478149e-07,0.0073253148786879
2024-09-11,A091160,2.0258901018082554e-07,0.0281505416371107
2024-09-12,A091160,8.68114946218737e-08,-0.0032571773598647
2024-09-13,A091160,1.862398203149705e-08,0.021460738432034
2024-09-19,A091160,-1.5332664111390197e-08,0.0996066967394142
2024-09-20,A091160,-2.7547011095943735e-08,0.0864632876154198
2024-09-23,A091160,-2.7736322987833104e-08,0.042159178383101
2024-09-24,A091160,-2.2527917676295174e-08,0.0096457688985685
2024-09-25,A091160,-1.5906736620319245e-08,0.0192084243621297
2024-09-26,A091160,-9.919136502938536e-09,-0.0068337738666801
2024-09-27,A091160,-5.356620771417988e-09,-0.021518004360282
2024-09-30,A091160,-2.3001530920710267e-09,0.0080934582407807
2024-10-02,A091160,-4.984394251158462e-10,0.0268349925818637
2024-10-04,A091160,4.000042583585405e-10,0.0356657245251793
2024-10-07,A091160,7.242612894678787e-10,0.0150802576009294
2024-10-08,A091160,7.306295404418873e-10,0.0069693111710027
2024-10-10,A091160,5.940457799051113e-10,0.022782522900935
2024-10-11,A091160,4.197878779726307e-10,-0.0248292881895231
2024-10-14,A091160,2.6198519196685106e-10,-0.037221273480853
2024-10-15,A091160,1.416322452757481e-10,-0.071116281058009
2024-10-16,A091160,6.094346034221835e-11,-0.0074007308565946
2024-10-17,A091160,1.3337223428438336e-11,-0.0423870342666539
2024-10-18,A091160,-1.0434016396898764e-11,-0.002162569598391
2024-10-21,A091160,-1.904179523322318e-11,-0.00121501019667
2024-10-22,A091160,-1.924606677684411e-11,0.0191759823326983
2024-10-23,A091160,-1.5664493780024522e-11,-0.0165647482704607
2024-10-24,A091160,-1.107838721279239e-11,0.0005959569205446
2024-10-25,A091160,-6.9195388819058304e-12,-0.0098057002484212
2024-10-28,A091160,-3.744808494686657e-12,0.0088759815548442
2024-10-29,A091160,-1.6146872220271113e-12,0.0047838753002278
2024-10-30,A091160,-3.5680755130844804e-13,-0.0061925541702617
2024-10-31,A091160,2.7213030516859155e-13,-0.0072697838698662
2024-11-01,A091160,5.006247011809227e-13,0.0053089080291634
2024-11-04,A091160,5.069710447404787e-13,-0.0674491848574659
2024-11-05,A091160,4.1305738904544906e-13,-0.0968054173308563
2024-11-06,A091160,2.9236207229460687e-13,-0.1129781129751711
2024-11-07,A091160,1.827574539880903e-13,-0.136296696175098
2024-11-08,A091160,9.901325439368007e-14,-0.1035446901918263
2024-11-11,A091160,4.2779993164072034e-14,-0.070200051875484
2024-11-12,A091160,9.543781641808906e-15,-0.0336160233960753
2024-11-13,A091160,-7.0964203424934964e-15,-0.0094350361178897
2024-11-14,A091160,-1.316159013187902e-14,0.0166562828383841
2024-11-15,A091160,-1.3354287331632839e-14,-0.0013991886989563
2024-11-18,A091160,-1.0891858833721662e-14,0.0294524249210888
2024-11-19,A091160,-7.715487403072092e-15,0.0293458974131663
2024-11-20,A091160,-4.826925372155838e-15,-0.0057900730042714
2024-11-21,A091160,-2.6179016104835208e-15,-0.023083903696692
2024-11-22,A091160,-1.1334022950234574e-15,-0.058266807874151
2024-11-25,A091160,-2.552272161742667e-16,-0.0920379795628792
2024-11-26,A091160,1.850279204410752e-16,-0.0681132501847952
2024-11-27,A091160,3.460159287551875e-16,-0.0339781884581606
2024-11-28,A091160,3.517666452938429e-16,0.0082358742171044
2024-11-29,A091160,2.872044641507795e-16,0.0083874200803094
2024-12-02,A091160,2.0361208241328934e-16,-0.0063237426026938
2024-12-03,A091160,1.274863283651304e-16,-0.0111820174360051
2024-12-04,A091160,6.921649164338643e-17,0.0188088712898737
2024-12-05,A091160,3.002746082810091e-17,0.0240966912837125
2024-12-06,A091160,6.82426060142095e-18,0.0438404676788336
2024-12-09,A091160,-4.823576178077874e-18,0.0852275774047319
2024-12-10,A091160,-9.096522533383426e-18,0.0854192804296511
2024-12-11,A091160,-9.265843580805657e-18,0.0691723929414603
2024-12-12,A091160,-7.573174049234081e-18,0.00608353524578
2024-12-13,A091160,-5.373305942088368e-18,-0.0228322860350148
2024-12-16,A091160,-3.3670858588075677e-18,-0.0048255216373513
2024-12-17,A091160,-1.830046547285942e-18,-0.0212147025224994
2024-12-18,A091160,-7.955076201424052e-19,-0.0420665708984562
2024-12-19,A091160,-1.8243508735177785e-19,0.0
2024-12-20,A091160,1.2572838041195963e-19,0.027680354550498
2024-12-23,A091160,2.391366941062428e-19,0.0061850463617687
2024-12-24,A091160,2.440684399485178e-19,0.0523490379136956
2024-12-26,A091160,1.996927307975765e-19,0.1144046074513293
2024-12-27,A091160,1.4180039360380244e-19,0.0920732181869175
2024-12-30,A091160,8.89287771060597e-20,0.1264445895568664
2025-01-02,A091160,4.838502781764795e-20,0.1258862391480846
2025-01-03,A091160,2.1074698050259568e-20,0.0733168319321578
2025-01-06,A091160,4.8762641004391176e-21,-0.0101923440247945
2025-01-07,A091160,-3.2766353435692903e-21,0.0065968975796548
2025-01-08,A091160,-6.286493793261811e-21,-0.024225612325227
2025-01-09,A091160,-6.4288697301162515e-21,-0.0077394278057069
2025-01-10,A091160,-5.2655547887690806e-21,0.0212465003954046
2025-01-13,A091160,-3.742063458528925e-21,0.0486776982320541
2025-01-14,A091160,-2.3487024767217675e-21,0.0643062185713701
2025-01-15,A091160,-1.2792522017924759e-21,0.0887737844353751
2025-01-16,A091160,-5.58302698511943e-22,0.0452078309974068
2025-01-17,A091160,-1.3031488275764359e-22,0.0259165397794114
2025-01-20,A091160,8.537913542667903e-23,-0.0262715098504792
2025-01-21,A091160,1.652578672011103e-22,-0.099049327440421
2025-01-22,A091160,1.6933781514740792e-22,-0.1172403183662006
2025-01-23,A091160,1.3884286738605448e-22,-0.0737166058708473
2025-01-24,A091160,9.875127327724024e-23,-0.0480903972737334
2025-01-31,A091160,6.203135264168088e-23,0.0235624297368877
2025-02-03,A091160,3.382187530833895e-23,0.0897427591843695
2025-02-04,A091160,1.4790045453342922e-23,0.0803181283804046
2025-02-05,A091160,3.482014361847145e-24,0.0544191763845484
2025-02-06,A091160,-2.224346374413915e-24,0.0412289010530088
2025-02-07,A091160,-4.344172993853052e-24,0.0364525501701877
2025-02-10,A091160,-4.460356695575354e-24,0.0326811973808658
2025-02-11,A091160,-3.6610070602642844e-24,0.036082206736071
2025-02-12,A091160,-2.605986155949786e-24,0.0740713458657381
2025-02-13,A091160,-1.6382948312252758e-24,0.0371971992622848
2025-02-14,A091160,-8.942018037107241e-25,0.025333237242793
2025-02-17,A091160,-3.9179669816946452e-25,-0.0069200387101983
2025-02-18,A091160,-9.302476193605355e-26,-0.0203742191951374
2025-02-19,A091160,5.793996143756738e-26,-0.0564024606730426
2025-02-20,A091160,1.1419401086971017e-25,-0.0531113849598776
2025-02-21,A091160,1.1748475827932883e-25,-0.0943135133988335
2025-02-24,A091160,9.653284566136596e-26,-0.0840378835529915
2025-02-25,A091160,6.877005135138705e-26,-0.0649053004056397
2025-02-26,A091160,4.3268360420237144e-26,-0.0864592590647647
2025-02-27,A091160,2.3641213173599847e-26,-0.0648039043162478
2025-02-28,A091160,1.0378714867090294e-26,-0.0249965192099228
2025-03-04,A091160,2.4848473177615425e-27,-0.0181048437499091
2025-03-05,A091160,-1.5089579325063435e-27,0.0154376725278236
2025-03-06,A091160,-3.0017237526084396e-27,0.0295117474776331
2025-03-07,A091160,-3.0944947407243537e-27,0.0497961796752544
2025-03-10,A091160,-2.5453481745951914e-27,0.0734897512261697
2025-03-11,A091160,-1.8147818918858865e-27,0.0708948345397755
2025-03-12,A091160,-1.1427372596832852e-27,0.038913518643551
2025-03-13,A091160,-6.250292617167992e-28,0.06379907851022
2025-03-14,A091160,-2.7492738420422816e-28,0.0543571603850931
2025-03-17,A091160,-6.636446301018766e-29,0.0219554300604417
2025-03-18,A091160,3.929136815597472e-29,0.0
2025-03-19,A091160,7.890222060176755e-29,0.0029544763869964
2025-03-20,A091160,8.150687459456917e-29,-0.0324543580098091
2025-03-21,A091160,6.71145724237132e-29,-0.0783337759190181
2025-03-24,A091160,4.7890279286462577e-29,-0.1118179125551202
2025-03-25,A091160,3.018004709015353e-29,-0.0597294663603276
2025-03-26,A091160,1.652446195946661e-29,-0.0785141865672099
2025-03-27,A091160,7.282560352796364e-30,-0.0767822902396179
2025-03-28,A091160,1.7721796321182443e-30,-0.0819282103941865
2025-03-31,A091160,-1.0229069228202448e-30,-0.1127499417155919
2025-04-01,A091160,-2.0739523273266865e-30,-0.1252679769793756
2025-04-02,A091160,-2.1468168116253717e-30,-0.1405551914163254
2025-04-03,A091160,-1.7696362093720337e-30,-0.054891930479319
2025-04-04,A091160,-1.2637703045750642e-30,-0.0150512826809861
2025-04-07,A091160,-7.97060004851933e-31,0.0697664560616727
2025-04-08,A091160,-4.368684736352137e-31,0.066450815132448
2025-04-09,A091160,-1.9290430532455718e-31,0.0497507044058701
2025-04-10,A091160,-4.73170507633872e-32,0.0010398974905011
2025-04-11,A091160,2.6625133920713254e-32,0.0030353224187129
2025-04-14,A091160,5.451289921709829e-32,0.0023611145843396
2025-04-15,A091160,5.654470938529297e-32,-0.0157451155978822
2025-04-16,A091160,4.666042584453522e-32,0.0645473453547528
2025-04-17,A091160,3.334930339204121e-32,0.0330870570938321
2025-04-18,A091160,2.1050368610078389e-32,0.0441941780532341
2025-04-21,A091160,1.154969447060903e-32,0.0094229602033042
2025-04-22,A091160,5.1096546230678484e-33,0.0258362919488267
2025-04-23,A091160,1.263184543197496e-33,-0.0321116941014092
2025-04-24,A091160,-6.928861431608976e-34,-0.0045351551653912
2025-04-25,A091160,-1.4328168701883561e-33,-0.0092026204753906
2025-04-28,A091160,-1.4893102966123957e-33,0.0265613209412912
2025-04-29,A091160,-1.230299732549049e-33,0.0085549460781356
2025-04-30,A091160,-8.800416584142989e-34,0.0630638310360614
2025-05-02,A091160,-5.5593751262788204e-34,0.0583641961320521
2025-05-07,A091160,-3.0534211699171605e-34,0.0656395111009847
2025-05-08,A091160,-1.353421369106342e-34,0.036738495278407
2025-05-09,A091160,-3.371759074263053e-35,0.0629504895446989
2025-05-12,A091160,1.802784930615308e-35,-0.0075678647962935
2025-05-13,A091160,3.765935819872423e-35,-0.0166537075506818
2025-05-14,A091160,3.922605385165719e-35,-0.0372792791184704
2025-05-15,A091160,3.2439241166865534e-35,-0.0410338925980729
2025-05-16,A091160,2.3222958087711931e-35,-0.059948485955967
2025-05-19,A091160,1.4682156356977236e-35,-0.0076255743898006
2025-05-20,A091160,8.072338548910635e-36,-0.0141477276432377
2025-05-21,A091160,3.584812380734491e-36,0.0077282625831481
2025-05-22,A091160,8.998874696807177e-37,0.0437316646063982
2025-05-23,A091160,-4.68959567475924e-37,0.0298578610169048
2025-05-26,A091160,-9.89796445942912e-37,0.0167962604941345
2025-05-27,A091160,-1.0331425443855027e-36,0.0531013542433603
2025-05-28,A091160,-8.553186943748584e-37,0.0590100354276012
2025-05-29,A091160,-6.128154264663179e-37,0.0578801114447849
2025-05-30,A091160,-3.8774955151781045e-37,0.0735190065796336
2025-06-02,A091160,-2.1340690854938627e-37,0.1000453259852791
2025-06-04,A091160,-9.494930930413586e-38,0.0661000439878305
2025-06-05,A091160,-2.4013922623965376e-38,0.0212423843859527
2025-06-09,A091160,1.2196456721066023e-38,0.02233325093375
2025-06-10,A091160,2.6014143887866873e-38,0.0355520884747282
2025-06-11,A091160,2.7210846630241463e-38,0.0109526963186346
2025-06-12,A091160,2.2551880364603887e-38,0.0127114235041047
2025-06-13,A091160,1.6171104491140251e-38,0.0458537191082992
2025-06-16,A091160,1.0240245333370355e-38,0.0196965093072168
2025-06-17,A091160,5.641752704386272e-39,0.0544332869831583
2025-06-18,A091160,2.514833431038897e-39,0.067874287096465
2025-06-19,A091160,6.4074096919196615e-40,0.0763814219137666
2025-06-20,A091160,-3.1712902714226627e-40,0.047355110209701
2025-06-23,A091160,-6.8369716969529124e-40,0.0649597001762505
2025-06-24,A091160,-7.1667132942286615e-40,0.0106485647844593
2025-06-25,A091160,-5.946139119942394e-40,-0.0307339936468809
2025-06-26,A091160,-4.267244431217546e-40,-0.0068050165868188
2025-06-27,A091160,-2.7043756711513113e-40,-0.0127563135655095
2025-06-30,A091160,-1.4914753969211388e-40,-0.021462383179346
2025-07-01,A091160,-6.660682528997134e-41,-0.0001358049842516
2025-07-02,A091160,-1.7094152557973975e-41,0.006744227613883
2025-07-03,A091160,8.24402811965466e-42,-0.0059084366861662
2025-07-04,A091160,1.7968364323331906e-41,0.0225517625691855
2025-07-07,A091160,1.8875312897863632e-41,0.0264225113191439
2025-07-08,A091160,1.5677791381114556e-41,0.0275934999404506
2025-07-09,A091160,1.1260383971285237e-41,0.0420393602257328
2025-07-10,A091160,7.142023654356912e-42,0.0005385754809059
2025-07-11,A091160,3.9428897256590295e-42,-0.0119552770571059
2025-07-14,A091160,1.7640886043452308e-42,-0.0063049373795897
2025-07-15,A091160,4.5599441423427746e-43,-0.0376945959269544
2025-07-16,A091160,-2.142599842905939e-43,-0.0465763859502996
2025-07-17,A091160,-4.722193157163574e-43,-0.0299223088728114
2025-07-18,A091160,-4.9712365159829114e-43,-0.033109693796076
2025-07-21,A091160,-4.133635705459074e-43,-0.0100081982252048
2025-07-22,A091160,-2.97136991533145e-43,0.0076534472257647
2025-07-23,A091160,-1.88613666191672e-43,0.0250387281191242
2025-07-24,A091160,-1.0423406373053442e-43,0.0419641990990322
2025-07-25,A091160,-4.672122944933261e-44,-0.0004191407675752
2025-07-28,A091160,-1.2162405199175173e-44,-0.0226829437808082
2025-07-29,A091160,5.567210580151531e-45,-0.0083396477604791
2025-07-30,A091160,1.2409929409462525e-44,-0.0264176582879798
2025-07-31,A091160,1.3092748161837342e-44,-0.0235494970777004
2025-08-01,A091160,1.0898758210752607e-44,0.0343393168449482
2025-08-04,A091160,7.840758651399553e-45,0.0427334035435099
2025-08-05,A091160,4.9810699592655816e-45,0.0293561831221377
2025-08-06,A091160,2.755505120661937e-45,0.0614116560768214
2025-08-07,A091160,1.2373723125425737e-45,0.044214924827264
2025-08-08,A091160,3.243609084404342e-46,0.005655057483345
2025-08-11,A091160,-1.4461918012455971e-46,-0.0173356488106639
2025-08-12,A091160,-3.261257980854049e-46,-0.0350008597743102
2025-08-13,A091160,-3.4482068411750185e-46,-0.0748868894980495
2025-08-14,A091160,-2.8735537863325668e-46,-0.062490940210831
2025-08-18,A091160,-2.068984760152516e-46,-0.0087654798977374
2025-08-19,A091160,-1.3154360561997715e-46,0.0063509435817341
2025-08-20,A091160,-7.28432478058364e-47,0.0264320565079741
2025-08-21,A091160,-3.2770181299780437e-47,0.0464564408232118
2025-08-22,A091160,-8.649434298378212e-48,0.0402282806562427
2025-08-25,A091160,3.755798963718034e-48,-0.0169379817743248
2025-08-26,A091160,8.570204738241588e-48,-0.0153379321727206
2025-08-27,A091160,9.081380966271712e-48,-0.0083716394952796
2025-08-28,A091160,7.576334371753524e-48,-0.0054890023349888
2025-08-29,A091160,5.4595184620881136e-48,0.0022619928479185
2025-09-01,A091160,3.473877190324967e-48,0.0506318275607975
2025-09-02,A091160,1.9256347643567568e-48,0.0721520578250891
2025-09-03,A091160,8.678599905009533e-49,0.0936446950409692
2025-09-04,A091160,2.306205929418953e-49,0.0915319532750796
2025-09-05,A091160,-9.751318384205274e-50,0.111085722135866
2025-09-08,A091160,-2.2520983636740742e-49,0.1143430998968474
2025-09-09,A091160,-2.391699185214684e-49,0.113901186197294
2025-09-10,A091160,-1.9975443113737366e-49,0.0662810445358401
2025-09-11,A091160,-1.4406192950742209e-49,0.0965011000143099
2025-09-12,A091160,-9.17395916869028e-50,0.071368733854244
2025-09-15,A091160,-5.090437207445031e-50,0.0777308175065445
2025-09-16,A091160,-2.2983328123136793e-50,0.0637859100386638
2025-09-17,A091160,-6.148379208165276e-51,0.085874454842673
2025-09-18,A091160,2.531075320084721e-51,0.0360497802139708
2025-09-19,A091160,5.917980701733272e-51,-0.0013297874300015
2025-09-22,A091160,6.29879211998367e-51,-0.0053096510937737
2025-09-23,A091160,5.2666103909645435e-51,-0.0207768924906082
2025-09-24,A091160,3.8013858711985376e-51,-0.0002121115714814
2025-09-25,A091160,2.42268399641378e-51,0.058248663364837
2025-09-26,A091160,1.3456521613267565e-51,0.1424870676792033
2025-09-29,A091160,6.0865143106881566e-52,0.1267724003609557
2025-09-30,A091160,1.6389901827389599e-52,0.1015896817161488
2025-10-01,A091160,-6.567854437899607e-53,0.1162261745394303
2025-10-02,A091160,-1.5550690602893365e-52,0.0898753085955607
2025-10-10,A091160,-1.6588382409741003e-52,0.0357973718332092
2025-10-13,A091160,-1.3885561226702479e-52,0.0541175947899346
2025-10-14,A091160,-1.0030729651982517e-52,0.0696477932472132
2025-10-15,A091160,-6.397854620631679e-53,0.038802960474951
2025-10-16,A091160,-3.557190432752636e-53,0.0118649356951909
2025-10-17,A091160,-1.6118213727457295e-53,0.044814755085074
2025-10-20,A091160,-4.368638829193775e-54,0.0440771856904646
2025-10-21,A091160,1.7037837115679873e-54,0.0329080855437626
2025-10-22,A091160,4.0861629063172035e-54,0.0503936255685467
2025-10-23,A091160,4.3686457396565207e-54,0.0670953666543339
2025-10-24,A091160,3.6609445895744563e-54,0.0413612387399945
2025-10-27,A091160,2.646798833597673e-54,0.0576499351081387
2025-10-28,A091160,1.6895443512801288e-54,0.0639008455819096
2025-10-29,A091160,9.403250445465456e-55,0.0048250998317568
2025-10-30,A091160,4.26832772546978e-55,0.0073260400920728
2025-10-31,A091160,1.16431614896196e-55,-0.0239480821950943
2025-11-03,A091160,-4.418485678139866e-56,-0.0372112674308647
2025-11-04,A091160,-1.0736715512985859e-55,-0.0051718500332088
2025-11-05,A091160,-1.1504973670332954e-55,0.0258785068746815
2025-11-06,A091160,-9.652067282357918e-56,0.0111412361070001
2025-11-07,A091160,-6.984047478621859e-56,-0.0220370310467291
2025-11-10,A091160,-4.461721537525265e-56,-0.0021273887953635
2025-11-11,A091160,-2.4856815443314456e-56,-0.0648675317943501
2025-11-12,A091160,-1.1302935273579342e-56,-0.0789195705850822
2025-11-13,A091160,-3.10278420437046e-57,-0.0561911621409362
2025-11-14,A091160,1.1455018722974765e-57,-0.0690883687892252
2025-11-17,A091160,2.82108972162087e-57,-0.1045184740831265
2025-11-18,A091160,3.0298450857062024e-57,-0.0418227032840765
2025-11-19,A091160,2.5447492083550722e-57,-0.0072773904365595
2025-11-20,A091160,1.842855446755175e-57,-0.0107115190006426
2025-11-21,A091160,1.1782378393704427e-57,0.0612143123583193
2025-11-24,A091160,6.57066885997981e-58,0.0601015597771431
2025-11-25,A091160,2.9930736962153086e-58,0.059863518014968
2025-11-26,A091160,8.267780700176359e-59,0.0492552470994921
2025-11-27,A091160,-2.9687701678167624e-59,0.0119537551852338
2025-11-28,A091160,-7.412282194576307e-59,0.0289516037806667
2025-12-01,A091160,-7.979050175557771e-59,0.0378359752095627
2025-12-02,A091160,-6.709143682879766e-59,0.0095944913937608
2025-12-03,A091160,-4.862652072641039e-59,0.0084812278180559
2025-12-04,A091160,-3.1114377218915686e-59,0.0184507079131166
2025-12-05,A091160,-1.7368819162519842e-59,0.0013953085022977
2025-12-08,A091160,-7.925676038538356e-60,-0.0387269232371366
2025-12-09,A091160,-2.202844702846414e-60,-0.0607494125885905
2025-12-10,A091160,7.691491405618046e-61,-0.0317820577794976
2025-12-11,A091160,1.9474956393033943e-60,-0.0326505446319894
2025-12-12,A091160,2.1012509807899693e-60,-0.0368357598524201
2025-12-15,A091160,1.7688322605557287e-60,0.0332238998914211
2025-12-16,A091160,1.283077710046996e-60,0.0727431712719997
2025-12-17,A091160,8.216500853012192e-61,0.0279830547645714
2025-12-18,A091160,4.5912150708896e-61,0.0683930634075483
2025-12-19,A091160,2.0986886273462143e-61,0.0940764748322858
2025-12-22,A091160,5.868636024832985e-62,0.0555092610538165
2024-07-30,A144600,-0.01443890464920348,-0.0396980419988747
2024-07-31,A144600,0.01434767960406457,-0.0538334646948076
2024-08-01,A144600,0.02486237327507499,-0.0744429195482684
2024-08-02,A144600,0.0161067329212547,-0.0552562257507454
2024-08-05,A144600,0.004283870458694114,-0.0136002884718317
2024-08-06,A144600,-0.002131262914533863,0.0261111440036858
2024-08-07,A144600,-0.0026699750992023414,0.0239341301099222
2024-08-08,A144600,-0.0004593759068946561,0.0485570910999698
2024-08-09,A144600,0.0016453057632792656,0.0552562257507454
2024-08-12,A144600,0.0025160893289106903,0.0651089081482118
2024-08-13,A144600,0.0023812578055714,0.0669023982524168
2024-08-14,A144600,0.0019042849314042114,0.0581870966695827
2024-08-16,A144600,0.0015546168944380436,0.0324890030869479
2024-08-19,A144600,0.001455588161513043,0.0261550496767449
2024-08-20,A144600,0.0015168163135151666,0.0164134620661892
2024-08-21,A144600,0.0016101020843226432,-0.0065110452326729
2024-08-22,A144600,0.0016639877982460396,0.0018577007014446
2024-08-23,A144600,0.0016710188901024967,0.00842622717996
2024-08-26,A144600,0.001654582224805007,-0.0433376029967416
2024-08-27,A144600,0.0016376743773785939,-0.0572122140153502
2024-08-28,A144600,0.0016301289666629374,-0.0564340862805419
2024-08-29,A144600,0.0016307442272824532,-0.0445951892020303
2024-08-30,A144600,0.0016344067421015557,-0.0245387926107173
2024-09-02,A144600,0.0016372664852456,-0.0281213609854032
2024-09-03,A144600,0.001638175561985532,-0.0019387365514248
2024-09-04,A144600,0.0016377591789248104,0.0280392200643931
2024-09-05,A144600,0.0016370267584504027,0.0134928801080743
2024-09-06,A144600,0.0016365769142325636,0.0373226628663242
2024-09-09,A144600,0.001636498939061533,0.1039334729611382
2024-09-10,A144600,0.0016366197537427242,0.0897729397533506
2024-09-11,A144600,0.001636754971010256,0.0729277719316486
2024-09-12,A144600,0.0016368197382055495,0.0628858063576113
2024-09-13,A144600,0.0016368185814705641,0.0561965703007028
2024-09-19,A144600,0.0016367906523886307,0.0314530012624222
2024-09-20,A144600,0.0016367673742918281,0.0234933666293915
2024-09-23,A144600,0.0016367591908767291,0.0185698147166543
2024-09-24,A144600,0.001636761913595392,0.0125068630439682
2024-09-25,A144600,0.0016367676343579305,0.0121087796741203
2024-09-26,A144600,0.0016367713682929048,-0.007640252480605
2024-09-27,A144600,0.0016367721647554197,-0.0155420922968332
2024-09-30,A144600,0.0016367712888818524,-0.0338592572642773
2024-10-02,A144600,0.0016367702124225852,-0.0008881784045993
2024-10-04,A144600,0.0016367696610652693,-0.023309456799222
2024-10-07,A144600,0.0016367696398628655,-0.0229206084781984
2024-10-08,A144600,0.0016367698512066802,0.007888549979724
2024-10-10,A144600,0.001636770039818154,0.0294690491417025
2024-10-11,A144600,0.0016367701123451565,0.0226663485739795
2024-10-14,A144600,0.0016367700955761573,0.0767067947308786
2024-10-15,A144600,0.0016367700511373809,0.0964930653725053
2024-10-16,A144600,0.0016367700203096082,0.090584521233109
2024-10-17,A144600,0.001636770012572182,0.0791487983864303
2024-10-18,A144600,0.0016367700188151904,0.047498751880481
2024-10-21,A144600,0.0016367700273451264,-0.0114755357668613
2024-10-22,A144600,0.0016367700320042882,-0.0105821093305369
2024-10-23,A144600,0.0016367700324191451,-0.0120338395637235
2024-10-24,A144600,0.0016367700308337176,-0.0098040000966208
2024-10-25,A144600,0.001636770029312398,-0.0209265190633699
2024-10-28,A144600,0.0016367700286777924,-0.0265657590742825
2024-10-29,A144600,0.0016367700287708454,-0.0433141863774049
2024-10-30,A144600,0.00163677002911402,-0.0708971393522764
2024-10-31,A144600,0.001636770029367247,-0.0835244048838888
2024-11-01,A144600,0.0016367700294398968,-0.0395117384102362
2024-11-04,A144600,0.0016367700293963504,-0.0439593184994498
2024-11-05,A144600,0.001636770029329081,-0.0706300729718128
2024-11-06,A144600,0.0016367700292899711,-0.03509131981127
2024-11-07,A144600,0.0016367700292846867,-0.0398778372590965
2024-11-08,A144600,0.001636770029296462,-0.0422382850304587
2024-11-11,A144600,0.0016367700293086777,-0.0250819311109235
2024-11-12,A144600,0.0016367700293141707,0.0351419168564134
2024-11-13,A144600,0.0016367700293137616,0.0017930791965711
2024-11-14,A144600,0.0016367700293111282,0.0434416329055199
2024-11-15,A144600,0.0016367700293090583,0.0235859990058792
2024-11-18,A144600,0.001636770029308393,0.0027176391397685
2024-11-19,A144600,0.0016367700293086881,-0.0351419168564134
2024-11-20,A144600,0.0016367700293092161,-0.0126196014027729
2024-11-21,A144600,0.0016367700293095423,-0.0425132139362225
2024-11-22,A144600,0.0016367700293096002,-0.009910883899454
2024-11-25,A144600,0.0016367700293095136,-0.020841705036285
2024-11-26,A144600,0.0016367700293094159,0.0199752419774869
2024-11-27,A144600,0.0016367700293093688,0.0126196014027729
2024-11-28,A144600,0.0016367700293093694,0.046950172142582
2024-11-29,A144600,0.0016367700293093896,0.0241536028530559
2024-12-02,A144600,0.0016367700293094065,0.0343202090230759
2024-12-03,A144600,0.0016367700293094124,0.0394834507421702
2024-12-04,A144600,0.0016367700293094104,0.0358940714398129
2024-12-05,A144600,0.001636770029309406,0.0363423459683107
2024-12-06,A144600,0.0016367700293094035,-0.0160374071596479
2024-12-09,A144600,0.001636770029309403,-0.0207420187610784
2024-12-10,A144600,0.0016367700293094035,-0.0539712086733492
2024-12-11,A144600,0.0016367700293094044,-0.0567111866410811
2024-12-12,A144600,0.0016367700293094048,-0.0954297224683901
2024-12-13,A144600,0.0016367700293094048,-0.063784359747209
2024-12-16,A144600,0.0016367700293094046,-0.0256589988371415
2024-12-17,A144600,0.0016367700293094044,-0.0210145982112133
2024-12-18,A144600,0.0016367700293094044,-0.0173436081661777
2024-12-19,A144600,0.0016367700293094046,0.0121372043574971
2024-12-20,A144600,0.0016367700293094046,0.0208419821643035
2024-12-23,A144600,0.0016367700293094044,-0.0141231986913639
2024-12-24,A144600,0.0016367700293094044,-0.0074794664312926
2024-12-26,A144600,0.0016367700293094046,-0.0074724801282193
2024-12-27,A144600,0.0016367700293094046,0.0118082552861685
2024-12-30,A144600,0.0016367700293094044,0.0220685822158209
2025-01-02,A144600,0.0016367700293094044,0.0352155625031804
2025-01-03,A144600,0.0016367700293094046,0.0366692396130379
2025-01-06,A144600,0.0016367700293094046,0.037538906222365
2025-01-07,A144600,0.0016367700293094044,-0.016458993833498
2025-01-08,A144600,0.0016367700293094044,-0.0099539992384732
2025-01-09,A144600,0.0016367700293094046,0.0270921391887012
2025-01-10,A144600,0.0016367700293094046,0.0188194460046153
2025-01-13,A144600,0.0016367700293094044,0.0009026085999564
2025-01-14,A144600,0.0016367700293094044,0.0373327892005826
2025-01-15,A144600,0.0016367700293094046,0.0353084903356961
2025-01-16,A144600,0.0016367700293094046,-0.0116499211671169
2025-01-17,A144600,0.0016367700293094044,-0.0125068630439681
2025-01-20,A144600,0.0016367700293094044,0.0456748700431405
2025-01-21,A144600,0.0016367700293094046,0.016037407159648
2025-01-22,A144600,0.0016367700293094046,0.0238548284802111
2025-01-23,A144600,0.0016367700293094044,0.0533553457330014
2025-01-24,A144600,0.0016367700293094044,0.0437949172811954
2025-01-31,A144600,0.0016367700293094046,0.0017223566090413
2025-02-03,A144600,0.0016367700293094046,0.0199516593678107
2025-02-04,A144600,0.0016367700293094044,0.0033121271453774
2025-02-05,A144600,0.0016367700293094044,-0.0188050051072268
2025-02-06,A144600,0.0016367700293094046,0.0060049935960857
2025-02-07,A144600,0.0016367700293094046,0.0321734489144072
2025-02-10,A144600,0.0016367700293094044,0.0222764523462023
2025-02-11,A144600,0.0016367700293094044,0.0181086262490012
2025-02-12,A144600,0.0016367700293094046,0.0315418674525013
2025-02-13,A144600,0.0016367700293094046,0.0152778391760252
2025-02-14,A144600,0.0016367700293094044,-0.0159573386856448
2025-02-17,A144600,0.0016367700293094044,-0.0068015905807395
2025-02-18,A144600,0.0016367700293094046,-0.0103075985624463
2025-02-19,A144600,0.0016367700293094046,-0.0385324586608932
2025-02-20,A144600,0.0016367700293094044,-0.0410957853668208
2025-02-21,A144600,0.0016367700293094044,-0.0546317783902218
2025-02-24,A144600,0.0016367700293094046,-0.0327784482644658
2025-02-25,A144600,0.0016367700293094046,-0.0060621992185313
2025-02-26,A144600,0.0016367700293094044,0.0257955963156187
2025-02-27,A144600,0.0016367700293094044,0.0241059101622806
2025-02-28,A144600,0.0016367700293094046,0.0349679833121435
2025-03-04,A144600,0.0016367700293094046,0.0129621713272713
2025-03-05,A144600,0.0016367700293094044,0.0180774484691708
2025-03-06,A144600,0.0016367700293094044,0.0085092412689327
2025-03-07,A144600,0.0016367700293094046,0.0409590653175365
2025-03-10,A144600,0.0016367700293094046,0.0439185593965317
2025-03-11,A144600,0.0016367700293094044,0.0565007354209779
2025-03-12,A144600,0.0016367700293094044,0.0416065356892118
2025-03-13,A144600,0.0016367700293094046,0.0251017195651526
2025-03-14,A144600,0.0016367700293094046,-0.0231272266044713
2025-03-17,A144600,0.0016367700293094044,-0.01834607826658
2025-03-18,A144600,0.0016367700293094044,-0.0256552468267021
2025-03-19,A144600,0.0016367700293094046,-0.0146734147011931
2025-03-20,A144600,0.0016367700293094046,-0.0008266512829181
2025-03-21,A144600,0.0016367700293094044,0.0474988634257573
2025-03-24,A144600,0.0016367700293094044,0.0386314131404365
2025-03-25,A144600,0.0016367700293094046,0.0330293072794172
2025-03-26,A144600,0.0016367700293094046,0.0089286307443013
2025-03-27,A144600,0.0016367700293094044,-0.025971133817716
2025-03-28,A144600,0.0016367700293094044,-0.1116222768818025
2025-03-31,A144600,0.0016367700293094046,-0.162661830872253
2025-04-01,A144600,0.0016367700293094046,-0.1422221089619845
2025-04-02,A144600,0.0016367700293094044,-0.1293309382442797
2025-04-03,A144600,0.0016367700293094044,-0.0674057522592058
2025-04-04,A144600,0.0016367700293094046,-0.0063012180767291
2025-04-07,A144600,0.0016367700293094046,0.0723915609380167
2025-04-08,A144600,0.0016367700293094044,0.0689050327587996
2025-04-09,A144600,0.0016367700293094044,0.071213458983593
2025-04-10,A144600,0.0016367700293094046,0.0417875714185277
2025-04-11,A144600,0.0016367700293094046,0.0328655567870884
2025-04-14,A144600,0.0016367700293094044,0.0269294118786313
2025-04-15,A144600,0.0016367700293094044,0.015514997872733
2025-04-16,A144600,0.0016367700293094046,0.0093766965880178
2025-04-17,A144600,0.0016367700293094046,0.0205126557954198
2025-04-18,A144600,0.0016367700293094044,0.0257065824541303
2025-04-21,A144600,0.0016367700293094044,-0.0025913463580969
2025-04-22,A144600,0.0016367700293094046,0.0043151875020991
2025-04-23,A144600,0.0016367700293094046,0.0
2025-04-24,A144600,0.0016367700293094044,-0.0205126557954199
2025-04-25,A144600,0.0016367700293094044,-0.0094122368508306
2025-04-28,A144600,0.0016367700293094046,-0.0146369576020805
2025-04-29,A144600,0.0016367700293094046,-0.0163226405651548
2025-04-30,A144600,0.0016367700293094044,0.0008637816897093
2025-05-02,A144600,0.0016367700293094044,0.0119450913940963
2025-05-07,A144600,0.0016367700293094046,-0.0121087796741204
2025-05-08,A144600,0.0016367700293094046,-0.0177089805890359
2025-05-09,A144600,0.0016367700293094044,-0.0035075448096773
2025-05-12,A144600,0.0016367700293094044,-0.0163652677453942
2025-05-13,A144600,0.0016367700293094046,-0.0268589567319499
2025-05-14,A144600,0.0016367700293094046,0.013826697980145
2025-05-15,A144600,0.0016367700293094044,0.052043414977813
2025-05-16,A144600,0.0016367700293094044,0.0258403348305663
2025-05-19,A144600,0.0016367700293094046,0.0326369293130225
2025-05-20,A144600,0.0016367700293094046,0.0337188704450803
2025-05-21,A144600,0.0016367700293094044,0.000857853702776
2025-05-22,A144600,0.0016367700293094044,-0.0093721398288632
2025-05-23,A144600,0.0016367700293094046,-0.006871698574245
2025-05-26,A144600,0.0016367700293094046,-0.0111045815216825
2025-05-27,A144600,0.0016367700293094044,0.0336109608340853
2025-05-28,A144600,0.0016367700293094044,0.0393460301559945
2025-05-29,A144600,0.0016367700293094046,0.084339889583245
2025-05-30,A144600,0.0016367700293094046,0.0988924786505409
2025-06-02,A144600,0.0016367700293094044,0.0931056933306078
2025-06-04,A144600,0.0016367700293094044,0.0505906843691854
2025-06-05,A144600,0.0016367700293094046,0.0459202705085868
2025-06-09,A144600,0.0016367700293094046,0.0023575649426546
2025-06-10,A144600,0.0016367700293094044,-0.0007810669771449
2025-06-11,A144600,0.0016367700293094044,0.0224415515586722
2025-06-12,A144600,0.0016367700293094046,0.0023538653473287
2025-06-13,A144600,0.0016367700293094046,-0.0190784801052385
2025-06-16,A144600,0.0016367700293094044,-0.0126383988717227
2025-06-17,A144600,0.0016367700293094044,-0.0187717476772158
2025-06-18,A144600,0.0016367700293094046,-0.0380582424665292
2025-06-19,A144600,0.0016367700293094046,-0.0039261927152811
2025-06-20,A144600,0.0016367700293094044,0.0237917645573366
2025-06-23,A144600,0.0016367700293094044,0.0047581374464167
2025-06-24,A144600,0.0016367700293094046,0.0023856870162031
2025-06-25,A144600,0.0016367700293094046,-0.0007952286701383
2025-06-26,A144600,0.0016367700293094044,0.0123545241754172
2025-06-27,A144600,0.0016367700293094044,0.008428331460136
2025-06-30,A144600,0.0016367700293094046,0.0086648828857237
2025-07-01,A144600,0.0016367700293094046,0.0202853091481501
2025-07-02,A144600,0.0016367700293094044,0.0156290181052969
2025-07-03,A144600,0.0016367700293094044,-0.0084283314601361
2025-07-04,A144600,0.0016367700293094046,0.0291029882661238
2025-07-07,A144600,0.0016367700293094046,0.0708421409258707
2025-07-08,A144600,0.0016367700293094044,0.0425142107313599
2025-07-09,A144600,0.0016367700293094044,0.036149440989278
2025-07-10,A144600,0.0016367700293094046,0.0352642591316172
2025-07-11,A144600,0.0016367700293094046,0.0075199632462237
2025-07-14,A144600,0.0016367700293094044,-0.02067104459454
2025-07-15,A144600,0.0016367700293094044,0.0133374828333442
2025-07-16,A144600,0.0016367700293094046,0.0362003627897118
2025-07-17,A144600,0.0016367700293094046,0.028931334874608
2025-07-18,A144600,0.0016367700293094044,0.0184090709447419
2025-07-21,A144600,0.0016367700293094044,-0.0050852637256513
2025-07-22,A144600,0.0016367700293094046,-0.0206744926128799
2025-07-23,A144600,0.0016367700293094046,-0.0346907006672431
2025-07-24,A144600,0.0016367700293094044,-0.0511153701441295
2025-07-25,A144600,0.0016367700293094044,-0.0681736383693239
2025-07-28,A144600,0.0016367700293094046,-0.0319954165998335
2025-07-29,A144600,0.0016367700293094046,-0.0243395039156307
2025-07-30,A144600,0.0016367700293094044,-0.0090923493489186
2025-07-31,A144600,0.0016367700293094044,0.026713028518228
2025-08-01,A144600,0.0016367700293094046,0.0520095732316707
2025-08-04,A144600,0.0016367700293094046,0.0267334334745251
2025-08-05,A144600,0.0016367700293094044,0.0137637896941143
2025-08-06,A144600,0.0016367700293094044,0.0158577664188464
2025-08-07,A144600,0.0016367700293094046,0.0067552609961249
2025-08-08,A144600,0.0016367700293094046,-0.0112757715766699
2025-08-11,A144600,0.0016367700293094044,-0.0098463266145247
2025-08-12,A144600,0.0016367700293094044,-0.0207173833465283
2025-08-13,A144600,0.0016367700293094046,-0.0166192071013378
2025-08-14,A144600,0.0016367700293094046,-0.0143150188014644
2025-08-18,A144600,0.0016367700293094044,0.0207982360331039
2025-08-19,A144600,0.0016367700293094044,0.022428877279765
2025-08-20,A144600,0.0016367700293094046,0.0372865227608945
2025-08-21,A144600,0.0016367700293094046,0.0291268150642538
2025-08-22,A144600,0.0016367700293094044,0.0268040303722392
2025-08-25,A144600,0.0016367700293094044,0.0524994377244292
2025-08-26,A144600,0.0016367700293094046,0.0583980936654849
2025-08-27,A144600,0.0016367700293094046,0.0612746855279991
2025-08-28,A144600,0.0016367700293094044,0.0482403999198633
2025-08-29,A144600,0.0016367700293094044,0.0495778759076813
2025-09-01,A144600,0.0016367700293094046,-0.0021098537962379
2025-09-02,A144600,0.0016367700293094046,0.0069959708873004
2025-09-03,A144600,0.0016367700293094044,0.0
2025-09-04,A144600,0.0016367700293094044,0.0021128256327965
2025-09-05,A144600,0.0016367700293094046,0.0263647850218415
2025-09-08,A144600,0.0016367700293094046,0.0291403996309528
2025-09-09,A144600,0.0016367700293094044,0.0300784880598631
2025-09-10,A144600,0.0016367700293094044,0.0181013018100103
2025-09-11,A144600,0.0016367700293094046,0.0042123061441721
2025-09-12,A144600,0.0016367700293094046,-0.0034295938684957
2025-09-15,A144600,0.0016367700293094044,0.0295110009673657
2025-09-16,A144600,0.0016367700293094044,0.0247223120810273
2025-09-17,A144600,0.0016367700293094046,0.0490069791581101
2025-09-18,A144600,0.0016367700293094046,0.0616708150457007
2025-09-19,A144600,0.0016367700293094044,0.0655514750146067
2025-09-22,A144600,0.0016367700293094044,0.0720952113344591
2025-09-23,A144600,0.0016367700293094046,0.0679892000786431
2025-09-24,A144600,0.0016367700293094046,0.0584349895811149
2025-09-25,A144600,0.0016367700293094044,0.0709318853034515
2025-09-26,A144600,0.0016367700293094044,0.0506882207625295
2025-09-29,A144600,0.0016367700293094046,0.0510585250473479
2025-09-30,A144600,0.0016367700293094046,0.0579733623686657
2025-10-01,A144600,0.0016367700293094044,0.0920488596348794
2025-10-02,A144600,0.0016367700293094044,0.0911851718591422
2025-10-10,A144600,0.0016367700293094046,0.1129047777911555
2025-10-13,A144600,0.0016367700293094046,0.0132946564548117
2025-10-14,A144600,0.0016367700293094044,0.0091515263662043
2025-10-15,A144600,0.0016367700293094044,-0.0604550871885811
2025-10-16,A144600,0.0016367700293094046,-0.0682570127386199
2025-10-17,A144600,0.0016367700293094046,-0.1080231473988743
2025-10-20,A144600,0.0016367700293094044,-0.0405468933464443
2025-10-21,A144600,0.0016367700293094044,-0.0820338491973855
2025-10-22,A144600,0.0016367700293094046,-0.0198890863650694
2025-10-23,A144600,0.0016367700293094046,-0.0223147750615434
2025-10-24,A144600,0.0016367700293094044,0.0161819736805875
2025-10-27,A144600,0.0016367700293094044,0.0064935293105483
2025-10-28,A144600,0.0016367700293094046,0.0142921714464774
2025-10-29,A144600,0.0016367700293094046,-0.0036814374625655
2025-10-30,A144600,0.0016367700293094044,0.0121893269333284
2025-10-31,A144600,0.0016367700293094044,-0.007092654605565
2025-11-03,A144600,0.0016367700293094046,0.0160517090105078
2025-11-04,A144600,0.0016367700293094046,0.0706203716612458
2025-11-05,A144600,0.0016367700293094044,0.0766513646544928
2025-11-06,A144600,0.0016367700293094044,0.118240621495357
2025-11-07,A144600,0.0016367700293094046,0.0840714421280859
2025-11-10,A144600,0.0016367700293094046,0.0191594645792961
2025-11-11,A144600,0.0016367700293094044,-0.0255035656771827
2025-11-12,A144600,0.0016367700293094044,0.0005691843741803
2025-11-13,A144600,0.0016367700293094046,-0.0613716715097895
2025-11-14,A144600,0.0016367700293094046,-0.0680347174042485
2025-11-17,A144600,0.0016367700293094044,-0.0144524660087196
2025-11-18,A144600,0.0016367700293094044,0.0357987835832607
2025-11-19,A144600,0.0016367700293094046,0.0090631638841638
2025-11-20,A144600,0.0016367700293094046,0.0386174373917337
2025-11-21,A144600,0.0016367700293094044,0.0926840455726767
2025-11-24,A144600,0.0016367700293094044,0.1334433399102407
2025-11-25,A144600,0.0016367700293094046,0.1054287960170075
2025-11-26,A144600,0.0016367700293094046,0.1170434416472274
2025-11-27,A144600,0.0016367700293094044,0.0745640796771799
2025-11-28,A144600,0.0016367700293094044,0.0772335414483847
2025-12-01,A144600,0.0016367700293094046,0.024757758027583
2025-12-02,A144600,0.0016367700293094046,0.01272087575714
2025-12-03,A144600,0.0016367700293094044,0.0507564328071707
2025-12-04,A144600,0.0016367700293094044,0.0768929003572528
2025-12-05,A144600,0.0016367700293094046,0.0883377532993043
2025-12-08,A144600,0.0016367700293094046,0.0760103506999199
2025-12-09,A144600,0.0016367700293094044,0.0751691946804842
2025-12-10,A144600,0.0016367700293094044,0.0719191981179441
2025-12-11,A144600,0.0016367700293094046,0.0661875015372859
2025-12-12,A144600,0.0016367700293094046,0.023920683905097
2025-12-15,A144600,0.0016367700293094044,0.0843063159489721
2025-12-16,A144600,0.0016367700293094044,0.0992165511277217
2025-12-17,A144600,0.0016367700293094046,0.0831437600855505
2025-12-18,A144600,0.0016367700293094046,0.1224864776372338
2025-12-19,A144600,0.0016367700293094044,0.1609956999572533
2025-12-22,A144600,0.0016367700293094044,0.0733942245521456
2024-07-30,A148070,0.008014788773786672,0.0040880226358807
2024-07-31,A148070,0.005956220637984459,0.0056958118639897
2024-08-01,A148070,0.0029035411774606533,0.0014547332025663
2024-08-02,A148070,0.000394554271380248,-0.0019319055511405
2024-08-05,A148070,-0.0012457076159645168,-0.0103446672979483
2024-08-06,A148070,-0.001752250893710556,0.0029701580937159
2024-08-07,A148070,-0.0015859255410664813,0.0045462346915226
2024-08-08,A148070,-0.0009752081123887409,0.0009012406462561
2024-08-09,A148070,-0.0003782550594062951,0.0019778578434786
2024-08-12,A148070,0.00011009952539517851,0.0001288209206955
2024-08-13,A148070,0.00032967245083334904,-0.001506965404457
2024-08-14,A148070,0.00038279848359364706,-0.0023118640059357
2024-08-16,A148070,0.0002806523224471193,-0.0012509199570862
2024-08-19,A148070,0.00015622356935393697,0.0014234747119556
2024-08-20,A148070,2.4707176632011296e-05,-0.0062392331393049
2024-08-21,A148070,-4.632303867033233e-05,-0.0045160950848401
2024-08-22,A148070,-8.33820497068782e-05,-0.0073193542103622
2024-08-23,A148070,-7.187089984600813e-05,-0.0053431895491626
2024-08-26,A148070,-5.104785826393761e-05,-0.0106933155327747
2024-08-27,A148070,-1.8263636479840283e-05,-0.0026050251825985
2024-08-28,A148070,1.0800396117509045e-06,-0.000480458292528
2024-08-29,A148070,1.5948664844594705e-05,0.0043114458407054
2024-08-30,A148070,1.6387256690300072e-05,0.0059964385660674
2024-09-02,A148070,1.4676956597187584e-05,0.0057898792893697
2024-09-03,A148070,6.9831301578153236e-06,0.008761446777927
2024-09-04,A148070,2.5142696337262986e-06,0.0091535714539469
2024-09-05,A148070,-2.472375021946447e-06,0.0041186371126515
2024-09-06,A148070,-3.202936861503994e-06,0.0059515524490093
2024-09-09,A148070,-3.859044267393097e-06,0.0048116602868056
2024-09-10,A148070,-2.113636496216714e-06,0.002619041458118
2024-09-11,A148070,-1.3160871111343292e-06,-0.0046261108505745
2024-09-12,A148070,2.218811965359057e-07,-0.0020571981613662
2024-09-13,A148070,4.5998378955123803e-07,-0.0039760026727508
2024-09-19,A148070,9.47454620701949e-07,-0.0004681884406258
2024-09-20,A148070,5.417301508224437e-07,-0.0006518216810005
2024-09-23,A148070,4.90276659934474e-07,0.0034715879250899
2024-09-24,A148070,3.0880379669165525e-08,0.0072730258036359
2024-09-25,A148070,-2.878511042812961e-09,0.0004221694063308
2024-09-26,A148070,-2.218273780143501e-07,-0.0076227538977149
2024-09-27,A148070,-1.144987101853213e-07,-0.0052391573311532
2024-09-30,A148070,-1.597670370263926e-07,-0.0067891046755617
2024-10-02,A148070,-2.0999346023499043e-08,-0.0114463200524058
2024-10-04,A148070,-3.37562652668247e-08,-0.0058435838733132
2024-10-07,A148070,5.148174086172123e-08,0.0054349715090795
2024-10-08,A148070,1.6087254805725313e-08,0.0066157463614607
2024-10-10,A148070,4.900230880656019e-08,0.0047792566647996
2024-10-11,A148070,4.9307085430902445e-09,0.0019460193457127
2024-10-14,A148070,1.884287947864578e-08,0.0029674706136866
2024-10-15,A148070,-1.2783591631503289e-08,-0.0064717974337374
2024-10-16,A148070,1.35095189205491e-09,-0.0093335915088501
2024-10-17,A148070,-1.4835269853153917e-08,-0.0024926773301708
2024-10-18,A148070,2.5672051098950355e-10,0.0028246657017048
2024-10-21,A148070,-7.923915983832186e-09,-0.0040478979030738
2024-10-22,A148070,3.758858496459209e-09,0.0021650036675627
2024-10-23,A148070,-2.405299849672602e-09,0.0028101590887062
2024-10-24,A148070,4.620074512800917e-09,-0.0024158164664829
2024-10-25,A148070,-9.612415014931524e-10,-0.0024009173650246
2024-10-28,A148070,3.032566719077125e-09,0.0025376157274113
2024-10-29,A148070,-1.3593872941953607e-09,0.0046012280404511
2024-10-30,A148070,1.3708701120104254e-09,-0.0020791277004575
2024-10-31,A148070,-1.529360499319144e-09,0.0012455197502719
2024-11-01,A148070,6.597476991676329e-10,0.0030071338579818
2024-11-04,A148070,-1.1291821614541011e-09,0.0046891463424139
2024-11-05,A148070,5.645897537658038e-10,0.0048914662230923
2024-11-06,A148070,-6.298285607585485e-10,0.005773911760248
2024-11-07,A148070,5.456994738256847e-10,0.0024955925707682
2024-11-08,A148070,-3.437383781644921e-10,-0.0020221524423626
2024-11-11,A148070,4.2264916878172623e-10,-0.0015881689367337
2024-11-12,A148070,-2.4666027549212117e-10,-0.0013741676997738
2024-11-13,A148070,2.6667963704384597e-10,0.0048442239396477
2024-11-14,A148070,-2.081537003583321e-10,0.0082161752960433
2024-11-15,A148070,1.5934346395881207e-10,0.0088123245836611
2024-11-18,A148070,-1.6144196884545485e-10,0.0116822584767999
2024-11-19,A148070,1.0804329614094143e-10,0.0106052688484726
2024-11-20,A148070,-1.0923996877754012e-10,0.0110860431455664
2024-11-21,A148070,8.312928955048497e-11,0.0150920638343557
2024-11-22,A148070,-6.958818398873777e-11,0.0181834693750688
2024-11-25,A148070,6.315658224254232e-11,0.0181501677845757
2024-11-26,A148070,-4.669594482032033e-11,0.0144624666169222
2024-11-27,A148070,4.426426730912137e-11,0.0087596537187398
2024-11-28,A148070,-3.40489420651186e-11,0.0038473485987204
2024-11-29,A148070,2.943929913485291e-11,-0.0009139130447594
2024-12-02,A148070,-2.5222974417029215e-11,4.458612926261462e-05
2024-12-03,A148070,1.9878326211947823e-11,0.0001251586834939
2024-12-04,A148070,-1.7926617346199096e-11,-4.486417372163988e-05
2024-12-05,A148070,1.4100227120728442e-11,-0.004350660581879
2024-12-06,A148070,-1.2250375024603594e-11,-0.0004572699272282
2024-12-09,A148070,1.0224709279678824e-11,-0.008948024466554
2024-12-10,A148070,-8.358995139117989e-12,-0.0122229689988159
2024-12-11,A148070,7.286067246566303e-12,-0.0032805332195574
2024-12-12,A148070,-5.857211014785807e-12,-0.0099563541553464
2024-12-13,A148070,5.057680240193709e-12,-0.0165934261171419
2024-12-16,A148070,-4.1838045580678845e-12,-0.0106825190145753
2024-12-17,A148070,3.4849454974817745e-12,-0.0086522397435726
2024-12-18,A148070,-2.974426997954078e-12,-0.0161817150252901
2024-12-19,A148070,2.4319045517928622e-12,-0.0071715596756966
2024-12-20,A148070,-2.0815591311413764e-12,-0.001067396611778
2024-12-23,A148070,1.7208312788711782e-12,0.001844340081165
2024-12-24,A148070,-1.4449966104025354e-12,0.0080366991346668
2024-12-26,A148070,1.218888050692999e-12,0.0070566647083682
2024-12-27,A148070,-1.008042995451154e-12,0.010905511213129
2024-12-30,A148070,8.560547794544228e-13,0.0080819723813549
2025-01-02,A148070,-7.095399399919503e-13,0.0049438262247176
2025-01-03,A148070,5.972557969400291e-13,-0.002538578672042
2025-01-06,A148070,-5.008659839574504e-13,-0.0024195467424205
2025-01-07,A148070,4.1711922719991764e-13,-0.0048695874565392
2025-01-08,A148070,-3.52162570830231e-13,-0.0064949744834959
2025-01-09,A148070,2.9283182807410953e-13,-0.0019709784419606
2025-01-10,A148070,-2.4645135572047334e-13,0.004203285471033
2025-01-13,A148070,2.0618134391107293e-13,0.0079370895394687
2025-01-14,A148070,-1.7236226820466077e-13,0.0109301574090757
2025-01-15,A148070,1.449620211481896e-13,0.0119939838031981
2025-01-16,A148070,-1.2087291621006043e-13,0.0048481332179651
2025-01-17,A148070,1.0161861055985876e-13,0.0022664178192878
2025-01-20,A148070,-8.496159273401711e-14,0.0021840966796382
2025-01-21,A148070,7.115568258203346e-14,-0.0001348805634657
2025-01-22,A148070,-5.970751898536586e-14,0.0004771400496541
2025-01-23,A148070,4.9885178396440823e-14,0.0028239968403458
2025-01-24,A148070,-4.1889156009101876e-14,0.0072164196181242
2025-01-31,A148070,3.5028802690885395e-14,0.0030425530487836
2025-02-03,A148070,-2.935749973391396e-14,0.0010875183635592
2025-02-04,A148070,2.4604176806126284e-14,0.0003959433852694
2025-02-05,A148070,-2.0583067945473984e-14,-0.0041307683548408
2025-02-06,A148070,1.7267117696028578e-14,-0.0067745701553573
2025-02-07,A148070,-1.4445354387189866e-14,0.0008265502779522
2025-02-10,A148070,1.210831036997142e-14,-0.0022572459504371
2025-02-11,A148070,-1.0142100674910227e-14,-0.0012153240334023
2025-02-12,A148070,8.490905120402384e-15,0.0016579567683237
2025-02-13,A148070,-7.118168937543617e-15,0.0003064747317547
2025-02-14,A148070,5.9574750918351e-15,-0.0012131070953801
2025-02-17,A148070,-4.993162260637472e-15,0.0040791078941701
2025-02-18,A148070,4.1814995651343855e-15,0.0068942264846815
2025-02-19,A148070,-3.502087132682248e-15,0.0100865279384043
2025-02-20,A148070,2.9346431496911303e-15,0.0107035346360991
2025-02-21,A148070,-2.456943989729576e-15,0.0118343518654542
2025-02-24,A148070,2.0589117972383138e-15,0.0090598521216274
2025-02-25,A148070,-1.7241815235141527e-15,0.0012159143205698
2025-02-26,A148070,1.4442852677293127e-15,-0.0043589400350231
2025-02-27,A148070,-1.2099729514653384e-15,-0.0014276793716151
2025-02-28,A148070,1.0132477709796876e-15,-0.0066328729656877
2025-03-04,A148070,-8.489688451054709e-16,-0.0041314646199426
2025-03-05,A148070,7.109786385702327e-16,0.0017675893083382
2025-03-06,A148070,-5.95594951343553e-16,0.0026372855730177
2025-03-07,A148070,4.989077935709458e-16,-0.0021990408175198
2025-03-10,A148070,-4.178514204981922e-16,-4.4724919390777744e-05
2025-03-11,A148070,3.500640786385988e-16,-0.0008212013207967
2025-03-12,A148070,-2.931831397483655e-16,-0.0035025053675811
2025-03-13,A148070,2.4560319354413783e-16,0.0002945863092232
2025-03-14,A148070,-2.0572194051300797e-16,0.0003847341132139
2025-03-17,A148070,1.7231235207582375e-16,0.000169944053038
2025-03-18,A148070,-1.44347200347936e-16,-0.0026825249689138
2025-03-19,A148070,1.20899173034426e-16,-0.0016841354871948
2025-03-20,A148070,-1.0127680576779575e-16,-0.0038005688467269
2025-03-21,A148070,8.483012454764057e-17,-0.0018624146926765
2025-03-24,A148070,-7.105631279798522e-17,0.0036691064359724
2025-03-25,A148070,5.952156125491361e-17,0.003673238229556
2025-03-26,A148070,-4.9854755857090415e-17,0.0066483427496389
2025-03-27,A148070,4.1762205042821043e-17,0.0093102736991411
2025-03-28,A148070,-3.498036930230932e-17,0.0126549585147209
2025-03-31,A148070,2.930108444464316e-17,0.0107950104847121
2025-04-01,A148070,-2.4543942981254748e-17,0.0084214764393119
2025-04-02,A148070,2.0558334051622834e-17,0.0032721611213287
2025-04-03,A148070,-1.7220925101862526e-17,0.0038980532539243
2025-04-04,A148070,1.442450198195826e-17,0.0002566042424567
2025-04-07,A148070,-1.2082637152222778e-17,-0.0029397894461238
2025-04-08,A148070,1.0120853904153877e-17,0.0034616777768592
2025-04-09,A148070,-8.477492296550421e-18,0.0093922292842439
2025-04-10,A148070,7.10117230628717e-18,0.0043496166719938
2025-04-11,A148070,-5.948096178133224e-18,0.0072022349895623
2025-04-14,A148070,4.982396139446229e-18,0.0078290867219152
2025-04-15,A148070,-4.173416344670146e-18,0.0033530941899366
2025-04-16,A148070,3.495791174091801e-18,0.0025032181603542
2025-04-17,A148070,-2.9282243970100087e-18,0.0024268441848986
2025-04-18,A148070,2.452760658090166e-18,0.0040761461960828
2025-04-21,A148070,-2.054537740471832e-18,0.0013587732808021
2025-04-22,A148070,1.7209459761451443e-18,0.0020362851865994
2025-04-23,A148070,-1.4415264437419177e-18,0.0045686558194113
2025-04-24,A148070,1.2074782363176365e-18,0.0033842166633257
2025-04-25,A148070,-1.0114213968431668e-18,-0.0015671308521935
2025-04-28,A148070,8.472075157027309e-19,-0.0010167145222977
2025-04-29,A148070,-7.096484187499374e-19,-0.0041559642465107
2025-04-30,A148070,5.944278836740238e-19,-0.0096695410636897
2025-05-02,A148070,-4.979144757135156e-19,-0.009860095803932
2025-05-07,A148070,4.170698843329451e-19,-0.0084645603103985
2025-05-08,A148070,-3.493538181740179e-19,-0.0083833564542918
2025-05-09,A148070,2.926303967111238e-19,0.0006777304212691
2025-05-12,A148070,-2.4511812231209197e-19,-0.0042234792452344
2025-05-13,A148070,2.053196479249363e-19,0.0018810028727456
2025-05-14,A148070,-1.719829112497256e-19,-0.0026101012407007
2025-05-15,A148070,1.4405929328910293e-19,-0.0023107068558129
2025-05-16,A148070,-1.206689909603783e-19,-0.006957532547001
2025-05-19,A148070,1.0107680836215718e-19,-0.0004782527922812
2025-05-20,A148070,-8.466549603815886e-20,0.0002117223622008
2025-05-21,A148070,7.09188354483235e-20,0.0045257345370414
2025-05-22,A148070,-5.940420178343944e-20,0.0012843851554611
2025-05-23,A148070,4.9759030556943666e-20,-0.0020576686432459
2025-05-26,A148070,-4.1679985768666864e-20,-0.0017111829510748
2025-05-27,A148070,3.491262497566816e-20,-0.0138739379786369
2025-05-28,A148070,-2.9244068241044745e-20,-0.0134335082666064
2025-05-29,A148070,2.449588472810417e-20,-0.0072228138152313
2025-05-30,A148070,-2.0518617892081892e-20,-0.0055555203828057
2025-06-02,A148070,1.718713915227317e-20,-0.0065882842626928
2025-06-04,A148070,-1.4396555489512274e-20,0.0014746826519435
2025-06-05,A148070,1.2059072895202617e-20,0.0009916957468497
2025-06-09,A148070,-1.0101111172453725e-20,-0.0014633452536361
2025-06-10,A148070,8.461050002526132e-21,-0.0002589412887421
2025-06-11,A148070,-7.087280682910408e-21,-0.0005539671335377
2025-06-12,A148070,5.9365578459436114e-21,0.0001696723987264
2025-06-13,A148070,-4.972674364212482e-21,0.0001785794013407
2025-06-16,A148070,4.165289653293847e-21,0.0005177693185596
2025-06-17,A148070,-3.488995356499337e-21,0.0046507153434826
2025-06-18,A148070,2.9225078486732024e-21,0.0055081335004656
2025-06-19,A148070,-2.4479966219452492e-21,0.0073131347898118
2025-06-20,A148070,2.050529899592829e-21,0.0067890977178849
2025-06-23,A148070,-1.7175970442783887e-21,0.0048255509018772
2025-06-24,A148070,1.43872073331291e-21,0.0032657147033051
2025-06-25,A148070,-1.2051240466075132e-21,-0.0015922791186337
2025-06-26,A148070,1.009454900123194e-21,-0.0024051166892407
2025-06-27,A148070,-8.455556341891525e-22,-0.0032597766564922
2025-06-30,A148070,7.08267592486454e-22,-0.0025434218269734
2025-07-01,A148070,-5.932702916773977e-22,-0.0061052475100343
2025-07-02,A148070,4.969444309800139e-22,-0.0016750721168146
2025-07-03,A148070,-4.162584107212112e-22,0.0003908922164499
2025-07-04,A148070,3.4867296040659855e-22,0.0014224627001775
2025-07-07,A148070,-2.920609284489315e-22,-0.0027552525466359
2025-07-08,A148070,2.4464069058227565e-22,-0.0002942054912832
2025-07-09,A148070,-2.049197937931057e-22,-0.0003478400505994
2025-07-10,A148070,1.7164814661551104e-22,-0.0076321955401071
2025-07-11,A148070,-1.4377863367303712e-22,-0.0033638304598443
2025-07-14,A148070,1.2043412272883449e-22,0.002496991532372
2025-07-15,A148070,-1.0087993262800001e-22,0.0031781809647576
2025-07-16,A148070,8.450063959329101e-23,0.0036151912860477
2025-07-17,A148070,-7.078075842729374e-23,0.0059965378456511
2025-07-18,A148070,5.928849649551662e-23,0.0015498355288933
2025-07-21,A148070,-4.9662164631066243e-23,0.0028816156976805
2025-07-22,A148070,4.159880661482997e-23,0.0009061995325092
2025-07-23,A148070,-3.484464820916812e-23,0.0032655698061745
2025-07-24,A148070,2.9187123994951736e-23,0.0051468287648702
2025-07-25,A148070,-2.444817939707421e-23,0.0016362977087794
2025-07-28,A148070,2.0478669468518838e-23,0.0048373473022215
2025-07-29,A148070,-1.7153666398819623e-23,0.0058173932737309
2025-07-30,A148070,1.436852451531768e-23,0.0029458229129206
2025-07-31,A148070,-1.2035590230334569e-23,0.0023957612693188
2025-08-01,A148070,1.0081440965985342e-23,0.0063772901939588
2025-08-04,A148070,-8.44457557681955e-24,0.0006891433690889
2025-08-05,A148070,7.073478663348313e-24,-0.0022627243651557
2025-08-06,A148070,-5.92499874531571e-24,-0.0024763871572106
2025-08-07,A148070,4.962990940671722e-24,-0.0009805957683718
2025-08-08,A148070,-4.1571787603305065e-24,-0.0045307807252769
2025-08-11,A148070,3.482201648485288e-24,-0.0054376838793087
2025-08-12,A148070,-2.916816689045515e-24,-0.0032083977570488
2025-08-13,A148070,2.4432299989728156e-24,-0.0003897047150448
2025-08-14,A148070,-2.046536861818412e-24,-0.0039409005249791
2025-08-18,A148070,1.7142524883119405e-24,0.000815639036308
2025-08-19,A148070,-1.4359192122485922e-24,0.0011981204257258
2025-08-20,A148070,1.2027773048114914e-24,0.0039779449563258
2025-08-21,A148070,-1.0074892980697554e-24,0.0029102573869455
2025-08-22,A148070,8.43909081410396e-25,0.0046653973847871
2025-08-25,A148070,-7.0688843673279175e-25,0.0009389339361474
2025-08-26,A148070,5.921150441912633e-25,0.0001773772997183
2025-08-27,A148070,-4.95976744455345e-25,-0.0064755575250414
2025-08-28,A148070,4.154478644763445e-25,-0.0048344347743461
2025-08-29,A148070,-3.4799399461657035e-25,-0.0023521100241872
2025-09-01,A148070,2.9149221920267597e-25,0.0010707254966268
2025-09-02,A148070,-2.44164311236465e-25,0.0047861584979597
2025-09-03,A148070,2.045207621806639e-25,0.0076685112871339
2025-09-04,A148070,-1.7131390714882301e-25,0.0064142766774861
2025-09-05,A148070,1.4349865757442385e-25,0.0043990672146275
2025-09-08,A148070,-1.2019960922530114e-25,0.002861434434962
2025-09-09,A148070,1.0068349294163686e-25,0.0020454773004136
2025-09-10,A148070,-8.433609567009116e-26,0.0045642464976309
2025-09-11,A148070,7.06429308889215e-26,0.0054879473555252
2025-09-12,A148070,-5.91730462189887e-26,-0.0001674813019855
2025-09-15,A148070,4.956546043454073e-26,-0.0006792909170064
2025-09-16,A148070,-4.151780290474845e-26,-0.0007224924540686
2025-09-17,A148070,3.477679702414331e-26,-0.0052444975983501
2025-09-18,A148070,-2.913028934506207e-26,-0.010527433915417
2025-09-19,A148070,2.4400572508973218e-26,-0.0101985192007428
2025-09-22,A148070,-2.0438792470743417e-26,-0.0087038768300948
2025-09-23,A148070,1.712026378552744e-26,-0.0104550635594314
2025-09-24,A148070,-1.4340545429649536e-26,-0.0076737496482624
2025-09-25,A148070,1.201215389280568e-26,-0.0052877496577549
2025-09-26,A148070,-1.0061809841479049e-26,-0.0005612297313993
2025-09-29,A148070,8.428131888355437e-27,0.0039536102602777
2025-09-30,A148070,-7.05970479121262e-27,0.0071708433900196
2025-10-01,A148070,5.913461296648119e-27,0.0086983670521688
2025-10-02,A148070,-4.9533267394172374e-27,0.0063950762860575
2025-10-10,A148070,4.149083684501166e-27,0.0071653706556919
2025-10-13,A148070,-3.475420929461159e-27,0.0020107809399699
2025-10-14,A148070,2.9111369055975595e-27,-0.0020536978192011
2025-10-15,A148070,-2.4384724192421198e-27,-0.0005563429865459
2025-10-16,A148070,2.0425517360177904e-27,-0.0014087317101464
2025-10-17,A148070,-1.7109144073029213e-27,-0.0014077089872623
2025-10-20,A148070,1.433123116335142e-27,-0.0051012597593785
2025-10-21,A148070,-1.2004351929523089e-27,-0.0015430459590327
2025-10-22,A148070,1.005527463714108e-27,-0.0090953681925696
2025-10-23,A148070,-8.422657768742032e-28,-0.0102574142079613
2025-10-24,A148070,7.055119471513671e-28,-0.0115038537699152
2025-10-27,A148070,-5.909620469684307e-28,-0.0095446495667184
2025-10-28,A148070,4.950109524976796e-28,-0.0110030960037158
2025-10-29,A148070,-4.146388830566836e-28,-0.0090439198785041
2025-10-30,A148070,3.473163623635238e-28,-0.0098750898130864
2025-10-31,A148070,-2.909246105187771e-28,-0.0142252220498247
2025-11-03,A148070,2.436888617413345e-28,-0.0110883499657921
2025-11-04,A148070,-2.041225086807829e-28,-0.0104633657746694
2025-11-05,A148070,1.7098031585012675e-28,-0.0161315027020831
2025-11-06,A148070,-1.432192294613259e-28,-0.0060978011892196
2025-11-07,A148070,1.199655503317355e-28,-0.0056795802291682
2025-11-10,A148070,-1.0048743678419162e-28,-0.0054628028853545
2025-11-11,A148070,8.41718720364783e-29,-0.0039976794045827
2025-11-12,A148070,-7.050537130673456e-29,0.0033947833296322
2025-11-13,A148070,5.9057821370533e-29,-0.0041864917013327
2025-11-14,A148070,-4.946894400144949e-29,0.0049793542185356
2025-11-17,A148070,4.143695727120017e-29,0.0017695729367068
2025-11-18,A148070,-3.470907783726853e-29,0.0011009559410402
2025-11-19,A148070,2.907356533045499e-29,0.0030382165220887
2025-11-20,A148070,-2.4353058441642457e-29,-0.0012438153806306
2025-11-21,A148070,2.039899299299068e-29,-0.0058208125519763
2025-11-24,A148070,-1.7086926314799825e-29,-0.0077031129162993
2025-11-25,A148070,1.431262077422586e-29,-0.0074573739237363
2025-11-26,A148070,-1.198876320139977e-29,-0.011528505579629
2025-11-27,A148070,1.0042216961267383e-29,-0.0010621252658065
2025-11-28,A148070,-8.411720191877301e-30,-0.0012818401652627
2025-12-01,A148070,7.045957766072136e-30,0.0002662981361092
2025-12-02,A148070,-5.901946297372623e-30,-0.0058255625052903
2025-12-03,A148070,4.9436813636538256e-30,-0.0033776820004426
2025-12-04,A148070,-4.1410043727728635e-30,-0.0060831238987736
2025-12-05,A148070,3.468653409053786e-30,-0.0044442068997336
2025-12-08,A148070,-2.9054681881715462e-30,0.0043882823765937
2025-12-09,A148070,2.433724098929596e-30,0.0113440781092307
2025-12-10,A148070,-2.0385743729158763e-30,0.0083452017700641
2025-12-11,A148070,1.707582825731606e-30,0.0078130776947
2025-12-12,A148070,-1.4303324644291386e-30,0.0027111121590149
2025-12-15,A148070,1.1980976430383295e-30,-0.0035439435263111
2025-12-16,A148070,-1.003569448327108e-30,-0.0072516103446592
2025-12-17,A148070,8.406256730990776e-31,0.0
2025-12-18,A148070,-7.041381375749851e-31,-0.0023439370543884
2025-12-19,A148070,5.898112949133071e-31,0.004313410751147
2025-12-22,A148070,-4.940470414021606e-31,0.0015857960030093
2024-07-30,A157450,0.0009506362384917479,0.0008342433943553
2024-07-31,A157450,0.0009329484536882013,0.000881049067687
2024-08-01,A157450,0.000907283012824974,0.0007402653111467
2024-08-02,A157450,0.0008832320529782415,0.0008807188733924
2024-08-05,A157450,0.0008604574296398388,0.0006557500141302
2024-08-06,A157450,0.00083859039369212,0.0007399255728973
2024-08-07,A157450,0.0008176983307287749,0.0009738740352066
2024-08-08,A157450,0.0007977191630204667,0.0007397177237509
2024-08-09,A157450,0.0007786142894184164,0.0006459918305395
2024-08-12,A157450,0.000760345851679976,0.0008799027058391
2024-08-13,A157450,0.0007428770518764898,0.00065517308272
2024-08-14,A157450,0.0007261729258307925,0.0004678712877884
2024-08-16,A157450,0.0007101999971585054,0.0006924041671169
2024-08-19,A157450,0.0006949262583930261,0.0007391017911174
2024-08-20,A157450,0.0006803211038856465,0.0004583658868949
2024-08-21,A157450,0.0006663552673246371,0.0005986399827076
2024-08-22,A157450,0.0006530007635695167,0.0006920480220838
2024-08-23,A157450,0.0006402308324763352,0.0006545359573906
2024-08-26,A157450,0.0006280198852842165,0.0004675038186709
2024-08-27,A157450,0.0006163434533411619,0.0006450979790938
2024-08-28,A157450,0.0006051781390722543,0.0004674382599183
2024-08-29,A157450,0.0005945015690951035,0.0005981420391795
2024-08-30,A157450,0.000584292349387386,0.0007381763642225
2024-09-02,A157450,0.0005745300224168784,0.0009250132637465
2024-09-03,A157450,0.0005651950261480592,0.0009248490773146
2024-09-04,A157450,0.0005562686548431306,0.0010556062541677
2024-09-05,A157450,0.0005477330215789161,0.0010645550885367
2024-09-06,A157450,0.0005395710224045215,0.0008776271021825
2024-09-09,A157450,0.0005317663020679399,0.0011947098183189
2024-09-10,A157450,0.0005243032212429204,0.001110556465543
2024-09-11,A157450,0.0005171668251904297,0.0010638199601652
2024-09-12,A157450,0.0005103428137919103,0.0007836844765093
2024-09-13,A157450,0.0005038175128942856,0.000876857548184
2024-09-19,A157450,0.0004975778469092933,0.0006527537112358
2024-09-20,A157450,0.0004916113126122399,0.0007365796002123
2024-09-23,A157450,0.0004859059540876751,0.0007831438028454
2024-09-24,A157450,0.00048045033877177875,0.0009228403628531
2024-09-25,A157450,0.00047523353454345673,0.000876089342582
2024-09-26,A157450,0.0004702450878182377,0.0006430119271945
2024-09-27,A157450,0.0004654750026010754,0.0006056399236598
2024-09-30,A157450,0.00046091372045608235,0.0007825309685354
2024-10-02,A157450,0.0004565521013530574,0.0004191915254282
2024-10-04,A157450,0.0004523814053524264,0.0005960474779257
2024-10-07,A157450,0.00044839327509189626,0.0005960474779257
2024-10-08,A157450,0.0004445797190397291,0.0005959642225392
2024-10-10,A157450,0.0004409330954810775,0.0006051099390083
2024-10-11,A157450,0.00043744609720529327,0.0007820210054639
2024-10-14,A157450,0.0004341117368635261,0.000372349342451
2024-10-15,A157450,0.0004309233329672697,0.0005119446094675
2024-10-16,A157450,0.00042787449649980044,0.000418824783796
2024-10-17,A157450,0.00042495911811367925,0.0005024284145216
2024-10-18,A157450,0.000422171355888663,0.0005954153197636
2024-10-21,A157450,0.0004195056236254946,0.0006884809962788
2024-10-22,A157450,0.00041695657965211343,0.0006418873568577
2024-10-23,A157450,0.0004145191161198577,0.0006883529103555
2024-10-24,A157450,0.00041218834876820775,0.0005579578886557
2024-10-25,A157450,0.0004099596071375629,0.000511401949824
2024-10-28,A157450,0.00040782842521043766,0.0005578800702571
2024-10-29,A157450,0.00040579053246232646,0.0005950056887021
2024-10-30,A157450,0.0004038418453043011,0.0005020127096049
2024-10-31,A157450,0.000401978458900197,0.0005483551805939
2024-11-01,A157450,0.0004001966393419882,0.0005483042203452
2024-11-04,A157450,0.00039849281616767345,0.0006411775584506
2024-11-05,A157450,0.0003968635752066806,0.0005110503124099
2024-11-06,A157450,0.00039530565173845193,0.0005110503124099
2024-11-07,A157450,0.00039381592395050177,0.0005016209894223
2024-11-08,A157450,0.00039239140668283765,0.0005015743967834
2024-11-11,A157450,0.0003910292454462097,0.0003157914316734
2024-11-12,A157450,0.0003897267107022017,0.0004550794842337
2024-11-13,A157450,0.0003884811923937026,0.0005943481383344
2024-11-14,A157450,0.00038729019471479777,0.0006034695036473
2024-11-15,A157450,0.0003861513311096002,0.0006034134818559
2024-11-18,A157450,0.00038506231949000057,0.0007426455230249
2024-11-19,A157450,0.0003840209776627523,0.0006497545084859
2024-11-20,A157450,0.0003830252189567291,0.0005939950984431
2024-11-21,A157450,0.00038207304804159254,0.0007329576094146
2024-11-22,A157450,0.0003811625569294908,0.0008719852129512
2024-11-25,A157450,0.0003802919211517772,0.0007791846783534
2024-11-26,A157450,0.0003794593961030864,0.0010016509527716
2024-11-27,A157450,0.0003786633135454436,0.0009181417087137
2024-11-28,A157450,0.0003779020782654004,0.0007324207760096
2024-11-29,A157450,0.00037717416487749965,0.0006395906837797
2024-12-02,A157450,0.00037647811476766366,0.0005932572778491
2024-12-03,A157450,0.00037581253317038046,0.0004633877433452
2024-12-04,A157450,0.0003751760863738325,0.0005560395302011
2024-12-05,A157450,0.0003745674990473656,0.0005559107350547
2024-12-06,A157450,0.0003739855516859443,0.000546572126386
2024-12-09,A157450,0.0003734290781664721,0.0005929055323167
2024-12-10,A157450,0.0003728969634110799,0.0005465214969921
2024-12-11,A157450,0.0003723881411527007,0.0004538697101362
2024-12-12,A157450,0.00037190159179845237,0.0006389155321029
2024-12-13,A157450,0.00037143634038654756,0.0005092474821286
2024-12-16,A157450,0.0003709914546326372,0.000648088162671
2024-12-17,A157450,0.00037056604306167143,0.0006480281656143
2024-12-18,A157450,0.0003701592532215365,0.0008238490878315
2024-12-19,A157450,0.00036977026997488593,0.0006385075796789
2024-12-20,A157450,0.00036939831386574443,0.0005922526130437
2024-12-23,A157450,0.0003690426395576118,0.0007771517779912
2024-12-24,A157450,0.0003687025343399354,0.0006846020324371
2024-12-26,A157450,0.0003683773166999601,0.0008324161821406
2024-12-27,A157450,0.0003680663349570933,0.0007305446581328
2024-12-30,A157450,0.0003677689659570484,0.0008692355898192
2025-01-02,A157450,0.0003674846138231495,0.0007303420451568
2025-01-03,A157450,0.0003672127087622971,0.0007765482820829
2025-01-06,A157450,0.0003669527059231996,0.0005453192794584
2025-01-07,A157450,0.0003667040843045845,0.0005082921033048
2025-01-08,A157450,0.00036646634571120085,0.0005082451329424
2025-01-09,A157450,0.0003662390137555211,0.0005081512182555
2025-01-10,A157450,0.0003660216329031418,0.00059125134523
2025-01-13,A157450,0.00036581376755997065,0.0006835396534383
2025-01-14,A157450,0.00036561500119937026,0.0005449717257612
2025-01-15,A157450,0.00036542493552750967,0.0005449213924121
2025-01-16,A157450,0.0003652431896852521,0.000683287191866
2025-01-17,A157450,0.00036506939948497774,0.000738572926102
2025-01-20,A157450,0.00036490321668081443,0.0006830727461118
2025-01-21,A157450,0.00036474430827081205,0.0008215144942415
2025-01-22,A157450,0.00036459235582966387,0.0009136929981345
2025-01-23,A157450,0.0003644470548706361,0.0006828206292576
2025-01-24,A157450,0.0003643081142354292,0.0006365813032396
2025-01-31,A157450,0.0003641752555107458,0.0006457207390019
2025-02-03,A157450,0.0003640482124703983,0.0005534493873455
2025-02-04,A157450,0.0003639267305418371,0.0005533473041008
2025-02-05,A157450,0.00036381056629603025,0.0005440771801626
2025-02-06,A157450,0.00036369948695967407,0.0004979115480035
2025-02-07,A157450,0.0003635932699487544,0.0005439267031555
2025-02-10,A157450,0.0003634917024225266,0.0006821659955903
2025-02-11,A157450,0.00036339458085701934,0.0005898998263104
2025-02-12,A157450,0.00036330171063720686,0.0004608507386048
2025-02-13,A157450,0.000363212905667034,0.0005990093486333
2025-02-14,A157450,0.0003631279879965113,0.0004607233437865
2025-02-17,A157450,0.0003630467874651338,0.0003685447132514
2025-02-18,A157450,0.0003629691413609083,0.0004514069694661
2025-02-19,A157450,0.0003628948940943066,0.0006356254445749
2025-02-20,A157450,0.00036282389688649017,0.0006815126159416
2025-02-21,A157450,0.00036275600747118317,0.0007735376840699
2025-02-24,A157450,0.00036269108980959515,0.0007735020690086
2025-02-25,A157450,0.0003626290138178224,0.0006445138287171
2025-02-26,A157450,0.00036256965510618184,0.0006352216814976
2025-02-27,A157450,0.000362512894729956,0.0005890419954764
2025-02-28,A157450,0.0003624586189510474,0.0004049477304636
2025-03-04,A157450,0.0003624067190100671,0.0004509333937368
2025-03-05,A157450,0.00036235709090839973,0.0005429106585248
2025-03-06,A157450,0.0003623096351998076,0.0004600535583474
2025-03-07,A157450,0.0003622642567911576,0.0004599477580441
2025-03-10,A157450,0.00036222086475187114,0.0005979183421701
2025-03-11,A157450,0.00036217937213171413,0.0005059076320586
2025-03-12,A157450,0.00036213969578656404,0.0003679074386393
2025-03-13,A157450,0.00036210175621180334,0.0005425911157372
2025-03-14,A157450,0.0003620654773830055,0.0004045791053301
2025-03-17,A157450,0.00036203078660359514,0.0003585794774659
2025-03-18,A157450,0.0003619976143591768,0.0004964604312689
2025-03-19,A157450,0.0003619658941782395,0.0004964604312689
2025-03-20,A157450,0.0003619355624989595,0.0005514858086224
2025-03-21,A157450,0.0003619065585418332,0.0005054938092739
2025-03-24,A157450,0.0003618788241878852,0.0005973468787045
2025-03-25,A157450,0.00036185230386220836,0.0005054009085335
2025-03-26,A157450,0.00036182694442260044,0.0006340076385173
2025-03-27,A157450,0.00036180269505307666,0.0007256594403848
2025-03-28,A157450,0.00036177950716204316,0.0008633437654521
2025-03-31,A157450,0.0003617573342849275,0.0007714278225137
2025-04-01,A157450,0.0003617361319910719,0.0007713924014666
2025-04-02,A157450,0.00036171585779470146,0.0008171847980937
2025-04-03,A157450,0.00036169647106979016,0.0006792543150567
2025-04-04,A157450,0.0003616779329686532,0.0005415054902386
2025-04-07,A157450,0.0003616602063441028,0.0005873553576894
2025-04-08,A157450,0.0003616432556750116,0.0005873284068694
2025-04-09,A157450,0.00036162704699513456,0.0003670566684937
2025-04-10,A157450,0.00036161154782504614,0.0006329433451839
2025-04-11,A157450,0.00036159672710705723,0.0005503829887135
2025-04-14,A157450,0.0003615825551429809,0.00063285626645
2025-04-15,A157450,0.0003615690035346221,0.0005869836546849
2025-04-16,A157450,0.0003615560451268728,0.0006786998572948
2025-04-17,A157450,0.00036154365395329763,0.0003209051386112
2025-04-18,A157450,0.0003615318051841015,0.0006783887610969
2025-04-21,A157450,0.0003615204750763751,0.0005958028160647
2025-04-22,A157450,0.0003615096409265181,0.0007332453767444
2025-04-23,A157450,0.0003614992810247451,0.0017679582860087
2025-04-24,A157450,0.00036148937461158263,0.0018134696268017
2025-04-25,A157450,0.0003614799018362712,0.0007237182944813
2025-04-28,A157450,0.00036147084371698725,0.0009067719998301
2025-04-29,A157450,0.00036146218210280723,0.0008151041998708
2025-04-30,A157450,0.00036145389963733595,-0.0001739090643041
2025-05-02,A157450,0.0003614459797239275,-0.0002745568212585
2025-05-07,A157450,0.0003614384064924284,0.0005859196359145
2025-05-08,A157450,0.00036143116476737656,0.0005857587573672
2025-05-09,A157450,0.00036142424003759207,0.0006772215871529
2025-05-12,A157450,0.0003614176184270994,0.0006314200296719
2025-05-13,A157450,0.0003614112866673223,0.0005947778680069
2025-05-14,A157450,0.0003614052320704958,0.0004117692869147
2025-05-15,A157450,0.00036139944250424233,0.0005396925712879
2025-05-16,A157450,0.00036139390636726,0.0004481782543931
2025-05-19,A157450,0.00036138861256607624,0.0003567133023285
2025-05-20,A157450,0.0003613835504928176,0.0004938542681583
2025-05-21,A157450,0.00036137871000395427,0.0006767632684407
2025-05-22,A157450,0.0003613740813999734,0.0363144065824466
2025-05-23,A157450,0.0003613696554059432,0.0005942123889857
2025-05-26,A157450,0.00036136542315292795,0.0007313216221218
2025-05-27,A157450,0.00036136137616021554,0.000767733305237
2025-05-28,A157450,0.00036135750631832383,0.0007676631432618
2025-05-29,A157450,0.0003613538058727508,-0.0349984124972718
2025-05-30,A157450,0.00036135026740843586,0.0005847258807295
2025-06-02,A157450,0.0003613468838349008,0.0004476705219777
2025-06-04,A157450,0.00036134364837204233,0.0005480202904655
2025-06-05,A157450,0.00036134055453654573,0.0005479702406626
2025-06-09,A157450,0.000361337596128893,0.0003195982221016
2025-06-10,A157450,0.0003613347672209407,0.0004930966569338
2025-06-11,A157450,0.0003613320621440406,0.0005844108574541
2025-06-12,A157450,0.00036132947547768063,0.0004473272273204
2025-06-13,A157450,0.00036132700203862333,0.0004929166157928
2025-06-16,A157450,0.00036132463687051943,0.0003560034542549
2025-06-17,A157450,0.000361322375233976,0.0003651000871158
2025-06-18,A157450,0.0003613202125970598,0.0005019553547666
2025-06-19,A157450,0.00036131814462621596,0.000410634527358
2025-06-20,A157450,0.00036131616717758404,0.0003649668376901
2025-06-23,A157450,0.000361314276288695,0.0004562293635351
2025-06-24,A157450,0.00036131246817053036,0.000538279434757
2025-06-25,A157450,0.0003613107391999303,0.0003557793658131
2025-06-26,A157450,0.000361309085912333,0.0003557469126303
2025-06-27,A157450,0.0003613075049948327,0.0003101171173017
2025-06-30,A157450,0.0003613059932795407,0.0004469029246196
2025-07-01,A157450,0.00036130454773723774,0.0003647704722276
2025-07-02,A157450,0.0003613031654713042,0.0004103574270724
2025-07-03,A157450,0.0003613018437119151,0.0004103200097688
2025-07-04,A157450,0.00036130057981049047,0.0005014565137149
2025-07-07,A157450,0.0003612993712343879,0.0004558176079212
2025-07-08,A157450,0.0003612982155618271,0.0003646374632463
2025-07-09,A157450,0.0003612971104770379,0.000410189102925
2025-07-10,A157450,0.0003612960537656191,0.0004921618765039
2025-07-11,A157450,0.00036129504331010147,0.0004009842394018
2025-07-14,A157450,0.00036129407708570486,0.0004009476999221
2025-07-15,A157450,0.0003612931531562807,0.0004464997682215
2025-07-16,A157450,0.00036129226967043207,0.0004009111671011
2025-07-17,A157450,0.00036129142485780434,0.0004099499462986
2025-07-18,A157450,0.00036129061702553744,0.0004554688219243
2025-07-21,A157450,0.0003612898445548734,0.000409893934299
2025-07-22,A157450,0.00036128910589791293,0.0005009358497022
2025-07-23,A157450,0.00036128839957451375,0.0004553858562991
2025-07-24,A157450,0.0003612877241693244,0.0004461988937269
2025-07-25,A157450,0.0003612870783289483,0.0004916734294935
2025-07-28,A157450,0.0003612864607592316,0.0005371620674245
2025-07-29,A157450,0.0003612858702226701,0.0004460770330646
2025-07-30,A157450,0.0003612853055359295,0.0004915839114371
2025-07-31,A157450,0.0003612847655674739,0.0005915894359942
2025-08-01,A157450,0.00036128424923529887,0.0004550377304788
2025-08-04,A157450,0.0003612837555047629,0.0004095060049855
2025-08-05,A157450,0.00036128328338651445,0.0004094873730365
2025-08-06,A157450,0.000361282831934509,0.0006277835353868
2025-08-07,A157450,0.000361282400244114,0.0004457361770508
2025-08-08,A157450,0.00036128198745029555,0.0004457361770508
2025-08-11,A157450,0.0003612815927258855,0.0004457159044276
2025-08-12,A157450,0.0003612812152799234,0.0005820933696575
2025-08-13,A157450,0.00036128085435607217,0.0004546694631385
2025-08-14,A157450,0.0003612805092311019,0.0004546281220329
2025-08-18,A157450,0.00036128017921344124,0.0005455289492931
2025-08-19,A157450,0.00036127986364179116,0.0005455041502671
2025-08-20,A157450,0.00036127956188379995,0.0004454363304246
2025-08-21,A157450,0.00036127927333479614,0.0004453755998705
2025-08-22,A157450,0.0003612789974165769,0.0004453351220338
2025-08-25,A157450,0.00036127873357624915,0.0003544342947737
2025-08-26,A157450,0.00036127848128512203,0.0004452744190723
2025-08-27,A157450,0.00036127824003764713,0.0004088994754909
2025-08-28,A157450,0.0003612780093504058,0.0004542605171284
2025-08-29,A157450,0.0003612777887611402,0.0003633919039935
2025-09-01,A157450,0.00036127757782782705,0.0004542192503534
2025-09-02,A157450,0.0003612773761277921,0.0002725191688679
2025-09-03,A157450,0.00036127718325686294,0.0004087323450472
2025-09-04,A157450,0.00036127699882855914,0.0004449751931647
2025-09-05,A157450,0.00036127682247331797,0.0003995786314924
2025-09-08,A157450,0.0003612766538377536,0.0004449347880736
2025-09-09,A157450,0.0003612764925839491,0.0005811261298009
2025-09-10,A157450,0.00036127633838877956,0.0004902583941458
2025-09-11,A157450,0.000361276190943264,0.0004084763435531
2025-09-12,A157450,0.000361276049951947,0.0004538729052252
2025-09-15,A157450,0.00036127591513230586,0.0003630653648297
2025-09-16,A157450,0.0003612757862141851,0.0003176605687424
2025-09-17,A157450,0.0003612756629392549,0.0002722619539815
2025-09-18,A157450,0.00036127554506049325,0.0003085159499993
2025-09-19,A157450,0.0003612754323416914,0.0001814914976214
2025-09-22,A157450,0.00036127532455698,0.0002268489331949
2025-09-23,A157450,0.0003612752214903769,0.0002631280496071
2025-09-24,A157450,0.0003612751229353544,0.0005352323625836
2025-09-25,A157450,0.00036127502869442486,0.000634880346384
2025-09-26,A157450,0.0003612749385787456,0.0009432251742292
2025-09-29,A157450,0.0003612748524077404,0.0010700328378435
2025-09-30,A157450,0.00036127477000873697,0.0008977434598398
2025-10-01,A157450,0.000361274691216622,0.0007162187583762
2025-10-02,A157450,0.0003612746158735095,0.0006254163981373
2025-10-10,A157450,0.00036127454382842475,0.0004440960226698
2025-10-13,A157450,0.0003612744749370017,0.0002718597945171
2025-10-14,A157450,0.00036127440906119374,0.0003624961524478
2025-10-15,A157450,0.0003612743460689969,0.0002718474771173
2025-10-16,A157450,0.0003612742858341856,0.0003170907404364
2025-10-17,A157450,0.0003612742282360597,0.0001812070204557
2025-10-20,A157450,0.0003612741731592022,0.0003170763772958
2025-10-21,A157450,0.0003612741204932487,0.0003170763772958
2025-10-22,A157450,0.0003612740701326655,0.0003623483838143
2025-10-23,A157450,0.0003612740219765386,4.529047043984898e-05
2025-10-24,A157450,0.0003612739759283714,0.0
2025-10-27,A157450,0.00036127393189589114,9.057478766396415e-05
2025-10-28,A157450,0.0003612738897908644,-9.05829921993652e-05
2025-10-29,A157450,0.0003612738495289198,-0.0001358652581038
2025-10-30,A157450,0.00036127381102937935,9.057478766396415e-05
2025-10-31,A157450,0.0003612737742150964,0.0003985399000244
2025-11-03,A157450,0.0003612737390123015,-4.5286368358000325e-05
2025-11-04,A157450,0.0003612737053504543,0.0002264420974591
2025-11-05,A157450,0.0003612736731621022,0.0002173755533522
2025-11-06,A157450,0.00036127364238274515,0.0003078929281394
2025-11-07,A157450,0.00036127361295070675,0.0001811020061996
2025-11-10,A157450,0.00036127358480701006,0.0003531792964975
2025-11-11,A157450,0.00036127355789526,0.0005342001385576
2025-11-12,A157450,0.0003612735321615301,0.0004979741609051
2025-11-13,A157450,0.0003612735075542541,0.0004526115764784
2025-11-14,A157450,0.00036127348402412347,0.0004978614690177
2025-11-17,A157450,0.0003612734615239878,0.0006697923894073
2025-11-18,A157450,0.0003612734400087606,0.0005791488483885
2025-11-19,A157450,0.0003612734194353291,0.0003620073346018
2025-11-20,A157450,0.00036127339976246755,0.0004071753398485
2025-11-21,A157450,0.00036127338095075495,0.0004071569193753
2025-11-24,A157450,0.00036127336296249584,0.0002352259989855
2025-11-25,A157450,0.00036127334576164486,9.950743826304504e-05
2025-11-26,A157450,0.00036127332931373444,0.0002261880537113
2025-11-27,A157450,0.0003612733135858057,0.0003165773492734
2025-11-28,A157450,0.00036127329854634266,0.0004522022325406
2025-12-01,A157450,0.0003612732841652088,0.0003617781435019
2025-12-02,A157450,0.00036127327041358666,0.0003617617838132
2025-12-03,A157450,0.0003612732572639204,0.0004522226821516
2025-12-04,A157450,0.00036127324468986045,0.0004520795737031
2025-12-05,A157450,0.00036127323266621036,0.0001808236522263
2025-12-08,A157450,0.0003612732211688769,0.0004068440261348
2025-12-09,A157450,0.0003612732101748214,0.0007683095309361
2025-12-10,A157450,0.00036127319966201355,0.0006779508067397
2025-12-11,A157450,0.0003612731896093876,0.0007229024848318
2025-12-12,A157450,0.00036127317999679965,0.0009036281281753
2025-12-15,A157450,0.00036127317080498795,0.000542201350713
2025-12-16,A157450,0.00036127316201553343,0.000451671191057
2025-12-17,A157450,0.00036127315361082367,0.0008580784087527
2025-12-18,A157450,0.000361273145574017,0.0005418341217132
2025-12-19,A157450,0.0003612731378890091,0.0007223150510428
2025-12-22,A157450,0.0003612731305404004,0.0010835215507015
2024-07-30,A192090,-0.013815792184222693,-0.0023110148338197
2024-07-31,A192090,-0.007684931519094015,-0.0185800969812478
2024-08-01,A192090,-0.0029463851362012544,-0.0016893934270212
2024-08-02,A192090,0.0003256513780935458,-0.0117984705016073
2024-08-05,A192090,0.002277225190841346,-0.0006137605299157
2024-08-06,A192090,0.003169556282742326,-0.0064748867100239
2024-08-07,A192090,0.0032999847553641876,-0.0153624089280831
2024-08-08,A192090,0.002949083696834452,-0.018405053632733
2024-08-09,A192090,0.002350615455639963,-0.01008370570829
2024-08-12,A192090,0.0016793274798651908,-0.0155924455878516
2024-08-13,A192090,0.00105121162715801,-0.0186805704337436
2024-08-14,A192090,0.0005313251475996346,-0.0198542320187604
2024-08-16,A192090,0.00014519988446075262,-0.0112576187374259
2024-08-19,A192090,-0.00010904978981874093,-0.0096871100297691
2024-08-20,A192090,-0.0002497723415204719,-0.0096498023072413
2024-08-21,A192090,-0.00030295600279555725,-0.0096619109117368
2024-08-22,A192090,-0.0002958554270092341,-0.0035153834067974
2024-08-23,A192090,-0.0002529424752631181,0.007066291102589
2024-08-26,A192090,-0.00019380147755336242,-0.0102860916947508
2024-08-27,A192090,-0.00013248399811639934,-0.0018907171448306
2024-08-28,A192090,-7.78372043377901e-05,-0.0049295429408136
2024-08-29,A192090,-3.4382743304413175e-05,-0.0098585227170163
2024-08-30,A192090,-3.416485073442848e-06,-0.0326457113216143
2024-09-02,A192090,1.5900562846296463e-05,-0.0216679392291808
2024-09-03,A192090,2.559899945061979e-05,-0.0191064276101053
2024-09-04,A192090,2.8170780504684924e-05,-0.0229423712085068
2024-09-05,A192090,2.6064018972468117e-05,-0.0287335363638856
2024-09-06,A192090,2.1380824147805944e-05,-0.0252032726295549
2024-09-09,A192090,1.5738284773782403e-05,-0.0018055202222363
2024-09-10,A192090,1.0247006123726938e-05,-0.0037363955083724
2024-09-11,A192090,5.564086067385062e-06,0.0192609960575168
2024-09-12,A192090,1.984546583688086e-06,0.0631895724996383
2024-09-13,A192090,-4.5572377157562885e-07,0.0868259322216406
2024-09-19,A192090,-1.883438232499735e-06,0.0987425635240527
2024-09-20,A192090,-2.5078768203236745e-06,0.1505853502296144
2024-09-23,A192090,-2.5613429557338363e-06,0.1971961775301031
2024-09-24,A192090,-2.259873777073799e-06,0.2642786640676205
2024-09-25,A192090,-1.7814176722452115e-06,0.2528200212425374
2024-09-26,A192090,-1.257502790442688e-06,0.286160625613733
2024-09-27,A192090,-7.742138309385819e-07,0.1642828625263232
2024-09-30,A192090,-3.7871409143016976e-07,0.068498509638832
2024-10-02,A192090,-8.82962991530824e-08,-0.1017658703108437
2024-10-04,A192090,1.0020588349663182e-07,-0.0901510969942974
2024-10-07,A192090,2.020140075383226e-07,-0.1707583111520605
2024-10-08,A192090,2.3771110838185757e-07,-0.1170060622816081
2024-10-10,A192090,2.2846316198011802e-07,-0.080684814456007
2024-10-11,A192090,1.9303091550218457e-07,0.0235038136335648
2024-10-14,A192090,1.462625282081135e-07,-0.0059329142932367
2024-10-15,A192090,9.86852392119102e-08,0.0307811312790634
2024-10-16,A192090,5.682005960126675e-08,0.0509967030670279
2024-10-17,A192090,2.3896047878767092e-08,0.0386676832674404
2024-10-18,A192090,7.149431881867014e-10,0.0102377864445196
2024-10-21,A192090,-1.3505336570762696e-08,0.0113237629281129
2024-10-22,A192090,-2.041008653612017e-08,-0.003948372631368
2024-10-23,A192090,-2.1956080620322214e-08,-0.0297248788334305
2024-10-24,A192090,-2.0034710111531148e-08,-0.0088862236346746
2024-10-25,A192090,-1.6250843936613002e-08,-0.0231583927700769
2024-10-28,A192090,-1.182543010183111e-08,-0.0118368728988351
2024-10-29,A192090,-7.586210324768345e-09,0.0199856011791574
2024-10-30,A192090,-4.013343641132362e-09,0.0460957774895214
2024-10-31,A192090,-1.3125423870291723e-09,0.0541158180386003
2024-11-01,A192090,5.045636751248291e-10,0.0520825380184943
2024-11-04,A192090,1.5461394107685542e-09,0.0564738574057677
2024-11-05,A192090,1.9792480120916596e-09,0.0123525460178009
2024-11-06,A192090,1.9850579847733788e-09,0.0085769737607155
2024-11-07,A192090,1.7297057484764203e-09,-0.0300915517666013
2024-11-08,A192090,1.348499210940059e-09,-0.0269092342302384
2024-11-11,A192090,9.403117857954614e-10,-0.0510482413936145
2024-11-12,A192090,5.689178108319439e-10,-0.041202640517938
2024-11-13,A192090,2.6838403036694003e-10,-0.0402617967598897
2024-11-14,A192090,5.022976378474567e-11,-0.0141216790982624
2024-11-15,A192090,-8.926888790646712e-11,-0.0267226507903315
2024-11-18,A192090,-1.626396766575657e-10,-0.0315280702481489
2024-11-19,A192090,-1.8614172124418976e-10,-0.0261290136930379
2024-11-20,A192090,-1.761875831021403e-10,-0.0209642623871092
2024-11-21,A192090,-1.4714279451241783e-10,-0.0259327148035962
2024-11-22,A192090,-1.1025182164601114e-10,0.0010331646750206
2024-11-25,A192090,-7.339057671614926e-11,0.0285629844911134
2024-11-26,A192090,-4.1354923528605114e-11,0.0266406011600713
2024-11-27,A192090,-1.643820116125667e-11,0.0190206271785382
2024-11-28,A192090,8.904399650441115e-13,0.0179775479142552
2024-11-29,A192090,1.1334734063383674e-11,0.0315098738462011
2024-12-02,A192090,1.6221413461902276e-11,0.0240780473759041
2024-12-03,A192090,1.7083844640629558e-11,0.0402981257374014
2024-12-04,A192090,1.538133816949087e-11,0.0403385682476844
2024-12-05,A192090,1.2337748915466291e-11,0.0446565337397689
2024-12-06,A192090,8.873824062197786e-12,0.000500175071699
2024-12-09,A192090,5.6055061804010276e-12,-0.0141946310435161
2024-12-10,A192090,2.8826519615061307e-12,-0.0231586158607053
2024-12-11,A192090,8.473313475616216e-13,-0.0211705963709933
2024-12-12,A192090,-5.035440696232933e-13,-0.0148969360693237
2024-12-13,A192090,-1.261122353802509e-12,-0.000500175071699
2024-12-16,A192090,-1.5583293042393583e-12,0.0184837005083207
2024-12-17,A192090,-1.5362146253153753e-12,0.0211916600731176
2024-12-18,A192090,-1.32238307179376e-12,0.0316388228661387
2024-12-19,A192090,-1.0196034522151172e-12,0.0196837375701585
2024-12-20,A192090,-7.021058493336684e-13,0.0334545169429796
2024-12-23,A192090,-4.170471159114787e-13,-0.017774229034787
2024-12-24,A192090,-1.8893489133132963e-13,-0.0386380910223545
2024-12-26,A192090,-2.527761690474131e-14,-0.0606854509170953
2024-12-27,A192090,7.775518010654635e-14,-0.0658583014524706
2024-12-30,A192090,1.304045635655801e-13,-0.0683778929399938
2025-01-02,A192090,1.4548269357154138e-13,-0.0229565317986101
2025-01-03,A192090,1.3569763569332704e-13,-0.0202590908172164
2025-01-06,A192090,1.1203662145137179e-13,-0.0137444895891703
2025-01-07,A192090,8.300520704270728e-14,0.0155954619660438
2025-01-08,A192090,5.448726341466775e-14,0.0054766347167499
2025-01-09,A192090,3.0001573792066987e-14,0.004034975212179
2025-01-10,A192090,1.1166666178084856e-14,0.0166713672210268
2025-01-13,A192090,-1.768075370691354e-15,0.0247488686475015
2025-01-14,A192090,-9.420175821890987e-15,-0.0020517036331363
2025-01-15,A192090,-1.2854933987084531e-14,-0.0095258537675265
2025-01-16,A192090,-1.3271593979914843e-14,-0.0025846486345325
2025-01-17,A192090,-1.1794622465108906e-14,0.0
2025-01-20,A192090,-9.356261311111679e-15,0.0173388374176241
2025-01-21,A192090,-6.6500229114822265e-15,0.0015391722293688
2025-01-22,A192090,-4.133484590014464e-15,0.0397727551224894
2025-01-23,A192090,-2.060762420588645e-15,0.0031007776782481
2025-01-24,A192090,-5.288370222517694e-16,0.0045082043566562
2025-01-31,A192090,4.737208201314999e-16,-0.007871672495768
2025-02-03,A192090,1.0229168696707037e-15,0.0192938560080585
2025-02-04,A192090,1.2241984137582497e-15,-0.0078290071671574
2025-02-05,A192090,1.1872024780032402e-15,0.0257743600952617
2025-02-06,A192090,1.0098204454393133e-15,0.0246377567241461
2025-02-07,A192090,7.700185883487951e-16,0.0156818653959214
2025-02-10,A192090,5.234519840429891e-16,0.0131883218348101
2025-02-11,A192090,3.049202316868126e-16,0.0078290071671572
2025-02-12,A192090,1.3197458492167835e-16,0.0069155875715912
2025-02-13,A192090,9.365755688141011e-18,-0.0023966458445997
2025-02-14,A192090,-6.657604619885875e-17,0.0107143882124062
2025-02-17,A192090,-1.0417361887308623e-16,-0.0038784793285708
2025-02-18,A192090,-1.1349993165013346e-16,-0.0010003001734354
2025-02-19,A192090,-1.0438081849837939e-16,0.0008985175066639
2025-02-20,A192090,-8.521001045538111e-17,0.0101463120514779
2025-02-21,A192090,-6.241376838578315e-17,-0.002964722005528
2025-02-24,A192090,-4.038121843915293e-17,-0.001495737427984
2025-02-25,A192090,-2.168758190553583e-17,0.0024988768063506
2025-02-26,A192090,-7.4667870411295e-18,0.0130863372428939
2025-02-27,A192090,2.1734790492791742e-18,0.0014834596994329
2025-02-28,A192090,7.764986116592612e-18,-0.0008911332833891
2025-03-04,A192090,1.0159848050461141e-17,0.0121009213176668
2025-03-05,A192090,1.0294269549716403e-17,0.0096369530281641
2025-03-06,A192090,9.033601347550462e-18,-0.0120889304177375
2025-03-07,A192090,7.087154551616314e-18,0.0200564371087444
2025-03-10,A192090,4.976637592590652e-18,0.0171867721756659
2025-03-11,A192090,3.0413883600239225e-18,0.0219403272160601
2025-03-12,A192090,1.4653476934252409e-18,0.0248035369521276
2025-03-13,A192090,3.1376459136936466e-19,0.0264635973342419
2025-03-14,A192090,-4.2895499728506038e-19,-0.0180819078859247
2025-03-17,A192090,-8.256387315610443e-19,-0.0086055684603226
2025-03-18,A192090,-9.5970535419739e-19,-0.014181879263831
2025-03-19,A192090,-9.162426893595114e-19,-0.0194786057227659
2025-03-20,A192090,-7.702585069117381e-19,-0.0110314976276608
2025-03-21,A192090,-5.808350096119146e-19,0.0018721984086105
2025-03-24,A192090,-3.8964348483669073e-19,-0.0080860316329304
2025-03-25,A192090,-2.2230984956044867e-19,-0.0144851525133411
2025-03-26,A192090,-9.133949207751304e-20,-0.0140638150458412
2025-03-27,A192090,3.8907950046271883e-22,-0.0232383843440027
2025-03-28,A192090,5.623959094985846e-20,-0.0411994366160935
2025-03-31,A192090,8.294121224800408e-20,-0.1232310173121343
2025-04-01,A192090,8.839645938207218e-20,-0.0821955610346374
2025-04-02,A192090,8.019225638080283e-20,-0.0611795832795638
2025-04-03,A192090,6.473370603183722e-20,-0.0492172622954365
2025-04-04,A192090,4.6870326286307944e-20,-0.0258756058549144
2025-04-07,A192090,2.9871151826797553e-20,0.0505538565506611
2025-04-08,A192090,1.561568842981257e-20,0.0056949597855004
2025-04-09,A192090,4.8915079771020725e-21,-0.0166795270682488
2025-04-10,A192090,-2.281980149219001e-21,-0.008266261567562
2025-04-11,A192090,-6.356031792217981e-21,-0.0082452898415146
2025-04-14,A192090,-8.009882576456618e-21,0.0077425215755455
2025-04-15,A192090,-7.97311714989562e-21,0.0140442780776764
2025-04-16,A192090,-6.910850827810023e-21,0.019221093616922
2025-04-17,A192090,-5.3621650986101534e-21,0.0175109959664776
2025-04-18,A192090,-3.719026408999467e-21,0.0210069693125968
2025-04-21,A192090,-2.2326257121983326e-21,0.0158275931315656
2025-04-22,A192090,-1.0356019771209755e-21,0.0128072294335734
2025-04-23,A192090,-1.7104729715436328e-22,0.0010570825508652
2025-04-24,A192090,3.7813802742819904e-22,-0.0149602453008749
2025-04-25,A192090,6.63505640839064e-22,-0.0117094908218203
2025-04-28,A192090,7.508794930454485e-22,-0.0055268924254461
2025-04-29,A192090,7.061965515953064e-22,-0.0046001126597428
2025-04-30,A192090,5.868631038251326e-22,0.024009504033329
2025-05-02,A192090,4.375996903504948e-22,0.0455449285480134
2025-05-07,A192090,2.895634089836359e-22,0.0442276934285612
2025-05-08,A192090,1.6158198465853815e-22,0.0172096306258849
2025-05-09,A192090,6.251384402411789e-23,0.0096981833175081
2025-05-12,A192090,-6.013402773299002e-24,-0.0020650497787696
2025-05-13,A192090,-4.699102640136377e-23,-0.021424631689545
2025-05-14,A192090,-6.58350132895631e-23,-0.0253719860831936
2025-05-15,A192090,-6.87326633658239e-23,-0.0106433451123729
2025-05-16,A192090,-6.153437775566256e-23,-0.0102222648765922
2025-05-19,A192090,-4.912223031466904e-23,-0.0296869758301049
2025-05-20,A192090,-3.515145235580963e-23,-0.0261391043230602
2025-05-21,A192090,-2.2052894037461864e-23,-0.0260325191522953
2025-05-22,A192090,-1.119420921546418e-23,-0.0138077507517913
2025-05-23,A192090,-3.1167477339667202e-24,-0.0040972899679871
2025-05-26,A192090,2.2123103262420718e-24,-0.0015983806482525
2025-05-27,A192090,5.171415204032353e-24,0.0113162859553683
2025-05-28,A192090,6.30029347637671e-24,-0.0010597711886316
2025-05-29,A192090,6.1665651984806206e-24,-0.0097375875271875
2025-05-30,A192090,5.280819787345729e-24,-0.0092010590429293
2025-06-02,A192090,4.0522995238459646e-24,0.021104508101994
2025-06-04,A192090,2.7751099580835244e-24,-0.0082365829955594
2025-06-05,A192090,1.6348324806072768e-24,-0.0005303070602086
2025-06-09,A192090,7.267079709328162e-25,0.0010630382631771
2025-06-10,A192090,7.850056879034908e-26,0.0
2025-06-11,A192090,-3.267683052365056e-25,-0.007651627919193
2025-06-12,A192090,-5.311299920487376e-25,0.0015892359121774
2025-06-13,A192090,-5.864017312411862e-25,-0.0025493958996003
2025-06-16,A192090,-5.436064394453695e-25,0.0128788859175178
2025-06-17,A192090,-4.466285045285893e-25,0.0128788859175178
2025-06-18,A192090,-3.292785106552557e-25,0.0178324762955564
2025-06-19,A192090,-2.148182561437737e-25,0.0214701654510736
2025-06-20,A192090,-1.17047071323798e-25,0.0184419579375433
2025-06-23,A192090,-4.2197945841340284e-26,0.0025141433733326
2025-06-24,A192090,8.920124239313569e-27,0.0096034140982836
2025-06-25,A192090,3.8909144718325707e-26,-0.0050774680349278
2025-06-26,A192090,5.211049943592724e-26,0.0080495790682917
2025-06-27,A192090,5.335937758065624e-26,0.0202590908172164
2025-06-30,A192090,4.716129386604164e-26,0.020708961237679
2025-07-01,A192090,3.7233239617996135e-26,0.0260447408788587
2025-07-02,A192090,2.6326890814507514e-26,0.0279659710567527
2025-07-03,A192090,1.6246764721636882e-26,0.01641302964133
2025-07-04,A192090,7.984814161723259e-27,0.0241608922128291
2025-07-07,A192090,1.908427341772349e-27,0.0270942574476662
2025-07-08,A192090,-2.0435449821396132e-27,0.0132718618097514
2025-07-09,A192090,-4.18543634837762e-27,0.0098513060473733
2025-07-10,A192090,-4.944880301697919e-27,0.0228906991130021
2025-07-11,A192090,-4.7627853822773796e-27,0.0183091858125608
2025-07-14,A192090,-4.0306465152271835e-27,0.0231685820387603
2025-07-15,A192090,-3.0587858632011837e-27,0.0302024825640494
2025-07-16,A192090,-2.0675847773601573e-27,0.030247121376954
2025-07-17,A192090,-1.1938705272916016e-27,0.0162716783572975
2025-07-18,A192090,-5.057056984327214e-28,0.0095647810976641
2025-07-21,A192090,-2.0369500021746738e-29,0.0070891289849208
2025-07-22,A192090,2.780608492978167e-28,0.0117535071743959
2025-07-23,A192090,4.236654359507805e-28,0.0089851336338353
2025-07-24,A192090,4.5714502316919115e-28,-0.0076127636835591
2025-07-25,A192090,4.179269209914998e-28,-0.0090745609790179
2025-07-28,A192090,3.395202278732928e-28,-0.0118759304857554
2025-07-29,A192090,2.4745707873028556e-28,-0.0127230631937255
2025-07-30,A192090,1.5907836203346694e-28,-0.0070460211394657
2025-07-31,A192090,8.44714407847513e-29,0.0090701358142286
2025-08-01,A192090,2.7987629699524486e-29,0.009948389861263
2025-08-04,A192090,-1.0084923062709685e-29,0.0146782708228429
2025-08-05,A192090,-3.197182613708577e-29,0.0099416870180712
2025-08-06,A192090,-4.1140356859003564e-29,0.0103108598374665
2025-08-07,A192090,-4.136228544082852e-29,0.021039250521547
2025-08-08,A192090,-3.61030287607485e-29,0.0294532669134954
2025-08-11,A192090,-2.818934313130211e-29,0.0237436660734129
2025-08-12,A192090,-1.969010417421955e-29,0.0358461317731358
2025-08-13,A192090,-1.1942495098160118e-29,0.043980647541264
2025-08-14,A192090,-5.663394314538555e-30,0.0471636650194044
2025-08-18,A192090,-1.0981579936620409e-30,0.0567814110079621
2025-08-19,A192090,1.8272124901972213e-30,0.0671441980435085
2025-08-20,A192090,3.371686101313034e-30,0.0363941184577253
2025-08-21,A192090,3.873181534327039e-30,0.0247373643301029
2025-08-22,A192090,3.6736594101652356e-30,0.0347566619176485
2025-08-25,A192090,3.0729447865679003e-30,0.0265323479097655
2025-08-26,A192090,2.306081013646472e-30,0.0012328286168701
2025-08-27,A192090,1.5379775987093055e-30,0.010488052764849
2025-08-28,A192090,8.692954217903626e-31,-0.0131533427886594
2025-08-29,A192090,3.4841266623189634e-31,-0.0125155873054481
2025-09-01,A192090,-1.446414626314545e-32,-0.0174921374457933
2025-09-02,A192090,-2.337222235247783e-31,-0.0099054493469372
2025-09-03,A192090,-3.368603000386168e-31,-0.0026560440581162
2025-09-04,A192090,-3.557811327187412e-31,0.0411302810841228
2025-09-05,A192090,-3.2091059453408442e-31,0.0188892064719222
2025-09-08,A192090,-2.5780634711989527e-31,0.0161907881969418
2025-09-09,A192090,-1.8572601321737814e-31,0.0146464591052552
2025-09-10,A192090,-1.1757624829641885e-31,0.0188809121452319
2025-09-11,A192090,-6.071000232393519e-32,-0.0068116585094107
2025-09-12,A192090,-1.8136706284659555e-32,0.0038221033325566
2025-09-15,A192090,1.0173730118876808e-32,-0.0029560098033077
2025-09-16,A192090,2.609981881719385e-32,0.0020999220246166
2025-09-17,A192090,3.240154032098489e-32,0.0156232947767233
2025-09-18,A192090,3.2016100998932923e-32,0.0324166315241946
2025-09-19,A192090,2.760563930472584e-32,0.0159122610832443
2025-09-22,A192090,2.1317463352336097e-32,0.0313704160652499
2025-09-23,A192090,1.4705079433242585e-32,0.0397550852200193
2025-09-24,A192090,8.757509329083478e-33,0.0214369573079405
2025-09-25,A192090,3.9907774279070493e-33,0.0285172144512951
2025-09-26,A192090,5.653535545235013e-34,0.0246946938446185
2025-09-29,A192090,-1.595903253407547e-33,0.0037058915486095
2025-09-30,A192090,-2.7048780104293058e-33,-0.0024389230373127
2025-10-01,A192090,-3.0279372707043387e-33,0.0069337398212751
2025-10-02,A192090,-2.829909993075316e-33,-0.014115146340073
2025-10-10,A192090,-2.3401488763626013e-33,-0.0192483353898801
2025-10-13,A192090,-1.736474291452954e-33,-0.0103093696588612
2025-10-14,A192090,-1.1421102773047795e-33,0.0146280871437414
2025-10-15,A192090,-6.309377747234147e-34,0.0008321544958863
2025-10-16,A192090,-2.3713142262781316e-34,0.0093217487323195
2025-10-17,A192090,3.3789052792752733e-35,0.0378063342723274
2025-10-20,A192090,1.9448669884783e-34,0.0509194880148966
2025-10-21,A192090,2.670539891011937e-34,0.0275806180657014
2025-10-22,A192090,2.764485618871098e-34,0.0366676443216398
2025-10-23,A192090,2.46119148742584e-34,0.0278578648671437
2025-10-24,A192090,1.955367192174178e-34,-0.0044226116312606
2025-10-27,A192090,1.3920869345559383e-34,-0.0154562582366918
2025-10-28,A192090,8.67255336478852e-35,-0.0198930414576822
2025-10-29,A192090,4.343041165058103e-35,-0.0114517380521943
2025-10-30,A192090,1.1381253260587503e-35,0.0055437413501827
2025-10-31,A192090,-9.634507866797233e-36,0.0248867867652158
2025-11-03,A192090,-2.118539904229374e-35,0.0260553617976877
2025-11-04,A192090,-2.5461729076970145e-35,0.0328057604748969
2025-11-05,A192090,-2.4747071124228396e-35,0.0191996900669042
2025-11-06,A192090,-2.1084009968855913e-35,0.018181597265046
2025-11-07,A192090,-1.6101871540772132e-35,0.0055092158985034
2025-11-10,A192090,-1.0965635351556723e-35,-0.0161034075665787
2025-11-11,A192090,-6.405361150174846e-36,-0.021587628499924
2025-11-12,A192090,-2.7908447305218764e-36,-0.0108801073280284
2025-11-13,A192090,-2.2410062923090317e-37,-0.0268724059695239
2025-11-14,A192090,1.369352779488108e-36,-0.0348382607092462
2025-11-17,A192090,2.1618435123495178e-36,-0.0156246787786302
2025-11-18,A192090,2.3628539984302798e-36,-0.0056342777556156
2025-11-19,A192090,2.1771884440375684e-36,-0.0106745312469198
2025-11-20,A192090,1.7800893125762372e-36,-0.0074633266035916
2025-11-21,A192090,1.3059282693911025e-36,0.0131866442511998
2025-11-24,A192090,8.46644618008544e-37,0.0234672221079614
2025-11-25,A192090,4.563277161891874e-37,0.0135016284445383
2025-11-26,A192090,1.589460155274566e-37,0.0023549485080439
2025-11-27,A192090,-4.3014310539315535e-38,0.0059265446454603
2025-11-28,A192090,-1.6048307427797137e-37,0.0150208751676134
2025-12-01,A192090,-2.1114058685129233e-37,0.0093784503677786
2025-12-02,A192090,-2.1447516939733894e-37,0.0106076211616498
2025-12-03,A192090,-1.885352976456161e-37,0.016490740916068
2025-12-04,A192090,-1.4813807871027294e-37,0.0050866041609977
2025-12-05,A192090,-1.0419889828727055e-37,0.0039198482253716
2025-12-08,A192090,-6.38317598619797e-38,-0.0058411848417532
2025-12-09,A192090,-3.0906212964262804e-38,-0.0161163842824576
2025-12-10,A192090,-6.809901010414763e-39,0.0050931193972536
2025-12-11,A192090,8.763034238779429e-39,0.0062620628522107
2025-12-12,A192090,1.7110615053068973e-38,0.0065255682782037
2025-12-15,A192090,1.9966219455027186e-38,0.0224568056470168
2025-12-16,A192090,1.910247147297314e-38,0.0377042229895225
2025-12-17,A192090,1.608472531431719e-38,-0.0003969671760278
2025-12-18,A192090,1.2147865917803563e-38,0.0023980826840128
2025-12-19,A192090,8.164328789778264e-39,-0.0153467962890023
2025-12-22,A192090,4.671881605972084e-39,-0.0157383927893618
2024-07-30,A261220,-0.01755765960755374,-0.0199566914072498
2024-07-31,A261220,-0.023436740801183378,-0.0382125950650367
2024-08-01,A261220,-0.03325564864469106,-0.042741548377271
2024-08-02,A261220,-0.025531565848817137,-0.0095820987575804
2024-08-05,A261220,-0.010964134839895757,0.0597444391728968
2024-08-06,A261220,-0.0034577175961549474,0.0673744346345197
2024-08-07,A261220,-0.0036846333959427244,0.0698887127762331
2024-08-08,A261220,-0.005071204296169975,0.0369313319028052
2024-08-09,A261220,-0.0040592261481609436,0.004637305428517
2024-08-12,A261220,-0.0018975351276062321,-0.0336530174614082
2024-08-13,A261220,-0.0006566786290302809,-0.0605647385887109
2024-08-14,A261220,-0.0005883529186711927,-0.07161374339203
2024-08-16,A261220,-0.0007759524859704527,-0.047059710180887
2024-08-19,A261220,-0.0006432233908085189,0.0042868985684918
2024-08-20,A261220,-0.0003235844022700332,0.0547269048243977
2024-08-21,A261220,-0.00012135194929965436,0.0343538868637626
2024-08-22,A261220,-9.524220302801234e-05,0.0399376256808338
2024-08-23,A261220,-0.0001192224710777996,0.040238179749452
2024-08-26,A261220,-0.00010167021914054078,-0.0300623841015168
2024-08-27,A261220,-5.453287094079564e-05,-0.0429363016682014
2024-08-28,A261220,-2.195051321844469e-05,-0.0769872709883246
2024-08-29,A261220,-1.5594659864570506e-05,-0.0743632239610143
2024-08-30,A261220,-1.840578485673804e-05,-0.0917636729716933
2024-09-02,A261220,-1.60421837168244e-05,-0.0673229977914795
2024-09-03,A261220,-9.102651301765197e-06,-0.0790664038818495
2024-09-04,A261220,-3.902590354019938e-06,-0.0512187481875085
2024-09-05,A261220,-2.5764251574500956e-06,-0.0173039645648095
2024-09-06,A261220,-2.8565362118107683e-06,-0.0042964620335053
2024-09-09,A261220,-2.5285110720630632e-06,0.0387741973643204
2024-09-10,A261220,-1.5075258922494451e-06,0.0494975547043695
2024-09-11,A261220,-6.840663375567417e-07,0.0832772427029246
2024-09-12,A261220,-4.2848115288891834e-07,0.0544881852840697
2024-09-13,A261220,-4.458229425072061e-07,0.0411233484627385
2024-09-19,A261220,-3.983495283828608e-07,-0.0347922916505569
2024-09-20,A261220,-2.480542281090863e-07,-0.0466021491347295
2024-09-23,A261220,-1.1849238447773806e-07,-0.0359612846386919
2024-09-24,A261220,-7.158170536532669e-08,-0.0024133781753363
2024-09-25,A261220,-6.998372834581693e-08,0.0345211943682331
2024-09-26,A261220,-6.276279839131689e-08,0.0917568431709173
2024-09-27,A261220,-4.059781065027683e-08,0.1110544299203867
2024-09-30,A261220,-2.0319898994566863e-08,0.0686847306404444
2024-10-02,A261220,-1.1990927660351221e-08,0.0583275226714719
2024-10-04,A261220,-1.1049540319839067e-08,0.0145312992885374
2024-10-07,A261220,-9.894495377514779e-09,-0.0417287997429394
2024-10-08,A261220,-6.6151760546437315e-09,-0.0661785025158833
2024-10-10,A261220,-3.4548396627680054e-09,-0.0382255231557358
2024-10-11,A261220,-2.011208850490487e-09,-0.0538501602752841
2024-10-14,A261220,-1.7544232265088407e-09,-0.0692270909516596
2024-10-15,A261220,-1.561446412870867e-09,-0.0107100695533622
2024-10-16,A261220,-1.0740148025345542e-09,0.0178086898311464
2024-10-17,A261220,-5.830846390433199e-10,0.0170944333593
2024-10-18,A261220,-3.3738724889130683e-10,-0.0030975760441341
2024-10-21,A261220,-2.800508506242785e-10,-0.0059912073482304
2024-10-22,A261220,-2.4675414430720244e-10,-0.0364319689854807
2024-10-23,A261220,-1.7386339755391423e-10,-0.0529740572056684
2024-10-24,A261220,-9.778420457904098e-11,-0.0348371148359572
2024-10-25,A261220,-5.655924287389096e-11,0.0041279728380305
2024-10-28,A261220,-4.492333643515579e-11,0.0323450210090776
2024-10-29,A261220,-3.9060694334479294e-11,0.0580785795346877
2024-10-30,A261220,-2.8079863382204408e-11,0.0386148361277795
2024-10-31,A261220,-1.630831153518055e-11,0.0409202697893627
2024-11-01,A261220,-9.469363411905714e-12,0.0173562294565428
2024-11-04,A261220,-7.238100593424633e-12,-0.0075575763360794
2024-11-05,A261220,-6.195261316965655e-12,-0.0476860832045861
2024-11-06,A261220,-4.526870843013905e-12,-0.0286432435319274
2024-11-07,A261220,-2.706887329743306e-12,-0.0550597771830274
2024-11-08,A261220,-1.5827113777974378e-12,-0.0554927382614967
2024-11-11,A261220,-1.1707346415472274e-12,-0.0440599897940305
2024-11-12,A261220,-9.846941315868916e-13,0.0229084907968701
2024-11-13,A261220,-7.288144269682487e-13,0.0161690693067515
2024-11-14,A261220,-4.474332403947554e-13,0.0176433652180681
2024-11-15,A261220,-2.6401752314584866e-13,0.0350421277902059
2024-11-18,A261220,-1.8998931060758533e-13,0.0529855553995348
2024-11-19,A261220,-1.5686119299478004e-13,-0.0020927806731306
2024-11-20,A261220,-1.172266836086854e-13,-0.0059451128068389
2024-11-21,A261220,-7.369282129117187e-14,-0.0024514107881252
2024-11-22,A261220,-4.394911281174404e-14,-0.0145684158282904
2024-11-25,A261220,-3.091685032680276e-14,-0.0298322504248178
2024-11-26,A261220,-2.504531038991082e-14,-0.012295956778969
2024-11-27,A261220,-1.88442769876608e-14,0.0187635803733397
2024-11-28,A261220,-1.2099704130426359e-14,-0.0042164503789348
2024-11-29,A261220,-7.30008229767946e-15,-0.0094787439545437
2024-12-02,A261220,-5.042278342716627e-15,-0.0127570830007709
2024-12-03,A261220,-4.008061296154436e-15,-0.0028318602995708
2024-12-04,A261220,-3.0283671537219097e-15,-0.0159614769636997
2024-12-05,A261220,-1.981375834837775e-15,0.0250360781613248
2024-12-06,A261220,-1.2099506252131261e-15,0.0233582172822806
2024-12-09,A261220,-8.237808894225177e-16,0.0449788208229703
2024-12-10,A261220,-6.428628208150637e-16,0.0379109910091167
2024-12-11,A261220,-4.866619303277014e-16,0.0159614769636998
2024-12-12,A261220,-3.237210586857845e-16,-0.0034399758724434
2024-12-13,A261220,-2.0012077838977142e-16,-0.0079571428319572
2024-12-16,A261220,-1.3475946854769e-16,-0.0099366930327643
2024-12-17,A261220,-1.0333302091579804e-16,-0.0116719485055059
2024-12-18,A261220,-7.822258657631374e-17,0.0003441748442167
2024-12-19,A261220,-5.278840902395619e-17,-0.0013793105635054
2024-12-20,A261220,-3.303226219294646e-17,0.0209665697205514
2024-12-23,A261220,-2.2064916564310396e-17,0.0298529631496811
2024-12-24,A261220,-1.664343401548686e-17,0.0504987799495001
2024-12-26,A261220,-1.257773882220225e-17,0.054574210489508
2024-12-27,A261220,-8.594199292085408e-18,0.0560267254896841
2024-12-30,A261220,-5.441931319496858e-18,0.059102856275076
2025-01-02,A261220,-3.614907403060151e-18,0.0218190473946396
2025-01-03,A261220,-2.685744480116179e-18,0.0156354976779042
2025-01-06,A261220,-2.023498068320269e-18,0.0545301485218112
2025-01-07,A261220,-1.3973105266242086e-18,0.0570677807678785
2025-01-08,A261220,-8.949319466874316e-19,0.0386779856878182
2025-01-09,A261220,-5.924113420445021e-19,0.0843098895294691
2025-01-10,A261220,-4.341417619601239e-19,0.066274247247958
2025-01-13,A261220,-3.2574872601731925e-19,0.0046175239808835
2025-01-14,A261220,-2.269392237370047e-19,-0.0015420203518153
2025-01-15,A261220,-1.4692874356935522e-19,-0.0174242118256275
2025-01-16,A261220,-9.709160954427217e-20,-0.0473934844352811
2025-01-17,A261220,-7.028556625175786e-20,-0.0483365465612907
2025-01-20,A261220,-5.247821767816535e-20,-0.0490973366491933
2025-01-21,A261220,-3.682577170532454e-20,-0.0367792515032964
2025-01-22,A261220,-2.4085899414992212e-20,-0.0469086960697264
2025-01-23,A261220,-1.5910818502356946e-20,-0.0320232294527108
2025-01-24,A261220,-1.1394342536538556e-20,-0.0438026226583928
2025-01-31,A261220,-8.460900690982119e-21,-0.0327898228229908
2025-02-03,A261220,-5.9718005578981294e-21,-0.0332061758964066
2025-02-04,A261220,-3.942923226496991e-21,0.0107967677302171
2025-02-05,A261220,-2.6067146763423e-21,0.0048693490141821
2025-02-06,A261220,-1.849364004156894e-21,-0.0043210969678785
2025-02-07,A261220,-1.3652411306166485e-21,0.0066445427186685
2025-02-10,A261220,-9.679325483630798e-22,-0.0056431685026466
2025-02-11,A261220,-6.446625070107086e-22,-0.0134318153682223
2025-02-12,A261220,-4.269110845098983e-22,-0.0107440395389711
2025-02-13,A261220,-3.0046202450877678e-22,0.0175008594122884
2025-02-14,A261220,-2.2047639479739155e-22,0.0160949442508209
2025-02-17,A261220,-1.5683279492841151e-22,-0.0076859192059538
2025-02-18,A261220,-1.052841154091051e-22,-0.0052910176344155
2025-02-19,A261220,-6.988599175147329e-23,-0.0404129129027686
2025-02-20,A261220,-4.8856120419938057e-23,-0.0451959763433683
2025-02-21,A261220,-3.5634569484184885e-23,-0.0358247265181448
2025-02-24,A261220,-2.5406061694200394e-23,-0.0313483932118361
2025-02-25,A261220,-1.7177703898119516e-23,-0.0478787758963958
2025-02-26,A261220,-1.1434795998664462e-23,-0.0357366735910273
2025-02-27,A261220,-7.949574256885766e-24,-0.033075251681786
2025-02-28,A261220,-5.7640488143494225e-24,-0.0445438732879809
2025-03-04,A261220,-4.115237092268135e-24,-0.029150439803829
2025-03-05,A261220,-2.800218642469968e-24,-0.0193157892992915
2025-03-06,A261220,-1.8699857919641997e-24,0.0122873232762175
2025-03-07,A261220,-1.2942061034581333e-24,0.0088106296821549
2025-03-10,A261220,-9.330719667384667e-25,0.0143736041656792
2025-03-11,A261220,-6.665766219634046e-25,0.0291504398038289
2025-03-12,A261220,-4.561346062840836e-25,0.0045993358983572
2025-03-13,A261220,-3.056422309602838e-25,0.0027874582508531
2025-03-14,A261220,-2.1078666178025008e-25,0.0215211360538804
2025-03-17,A261220,-1.5115219512292804e-25,0.0141699277758606
2025-03-18,A261220,-1.079783158839374e-25,0.017499159866492
2025-03-19,A261220,-7.425312206447143e-26,0.0428390200219605
2025-03-20,A261220,-4.9929046964498915e-26,0.0325204081247895
2025-03-21,A261220,-3.4341140969820055e-26,0.0227475433967057
2025-03-24,A261220,-2.4502083824075893e-26,0.0163380080725939
2025-03-25,A261220,-1.7493686055968128e-26,0.0393515261562802
2025-03-26,A261220,-1.2080917797772876e-26,0.0280111678248875
2025-03-27,A261220,-8.151970726944456e-27,0.0033624779495224
2025-03-28,A261220,-5.595982082241755e-27,-0.0509576676013826
2025-03-31,A261220,-3.9742594832411504e-27,-0.1407921825459999
2025-04-01,A261220,-2.8346900337291507e-27,-0.1553504400191623
2025-04-02,A261220,-1.9646627193903923e-27,-0.2055420538728778
2025-04-03,A261220,-1.3303003516309027e-27,-0.119673038108993
2025-04-04,A261220,-9.119941254759597e-28,-0.0882002276397343
2025-04-07,A261220,-6.449830582411811e-28,0.021531012448137
2025-04-08,A261220,-4.594361605650546e-28,0.0072312398834413
2025-04-09,A261220,-3.193851542663003e-28,0.0430811531380428
2025-04-10,A261220,-2.16983020627348e-28,0.0176265579915955
2025-04-11,A261220,-1.4863863619910581e-28,0.0500386496251791
2025-04-14,A261220,-1.0472567655321408e-28,0.0321884076381546
2025-04-15,A261220,-7.448199754012359e-29,0.0261991032610144
2025-04-16,A261220,-5.19053754731669e-29,0.0748813673972214
2025-04-17,A261220,-3.537561500675291e-29,0.0014858843744245
2025-04-18,A261220,-2.4225368766863795e-29,-0.0058888650122493
2025-04-21,A261220,-1.7011593197442394e-29,0.004043379888442
2025-04-22,A261220,-1.2077890872591197e-29,-0.0227919449394001
2025-04-23,A261220,-8.43353442852872e-30,-0.0803119470738615
2025-04-24,A261220,-5.764997171936368e-30,-0.0467321497044197
2025-04-25,A261220,-3.948098170995078e-30,-0.0491778362037503
2025-04-28,A261220,-2.7643861895308644e-30,-0.0821542530988929
2025-04-29,A261220,-1.9590616513902533e-30,-0.0194625490749119
2025-04-30,A261220,-1.3700361117549083e-30,0.0370341997696249
2025-05-02,A261220,-9.391317803036266e-31,0.0340311945098553
2025-05-07,A261220,-6.433813739315339e-31,0.0561670130820078
2025-05-08,A261220,-4.493559759428406e-31,0.0565165866022284
2025-05-09,A261220,-3.178505070091987e-31,0.0190845486924106
2025-05-12,A261220,-2.2253675026226626e-31,0.0011238060744465
2025-05-13,A261220,-1.5293334253870726e-31,0.01121507082014
2025-05-14,A261220,-1.0483346569109238e-31,-0.0007334067068747
2025-05-15,A261220,-7.306309838449622e-32,0.0056295888967228
2025-05-16,A261220,-5.158383528223223e-32,-0.0018921481520379
2025-05-19,A261220,-3.6144148181497535e-32,0.0041098507316628
2025-05-20,A261220,-2.4896706244945114e-32,-0.0059657149339962
2025-05-21,A261220,-1.7079437223280907e-32,-0.0278984059674524
2025-05-22,A261220,-1.1882307740606547e-32,0.021474353522469
2025-05-23,A261220,-8.373680325986285e-33,-0.0003788596370377
2025-05-26,A261220,-5.8702569814683285e-33,0.0111235852186623
2025-05-27,A261220,-4.051923568971764e-33,0.0265698286660279
2025-05-28,A261220,-2.7821683741700793e-33,0.0282651765565629
2025-05-29,A261220,-1.9327687169824376e-33,0.0238882151746953
2025-05-30,A261220,-1.359645532192799e-33,0.0737560453508638
2025-06-02,A261220,-9.533948422173735e-34,0.0394050619417102
2025-06-04,A261220,-6.5928812046453904e-34,0.0662213723750106
2025-06-05,A261220,-4.5313333609328245e-34,0.1489509517326881
2025-06-09,A261220,-3.1442603498074803e-34,0.1255417635176254
2025-06-10,A261220,-2.2081825307194633e-34,0.0920730493673656
2025-06-11,A261220,-1.5484468910117423e-34,0.13135781623703
2025-06-12,A261220,-1.0725022325382152e-34,0.1075054528981431
2025-06-13,A261220,-7.379040730337787e-35,0.0252704134962598
2025-06-16,A261220,-5.115660073921117e-35,0.0453291720757261
2025-06-17,A261220,-3.587044240024364e-35,-0.0819171224678867
2025-06-18,A261220,-2.5149926471821776e-35,-0.106500943960371
2025-06-19,A261220,-1.744389787229031e-35,-0.1198512887204425
2025-06-20,A261220,-1.2014488888509547e-35,-0.1109900787885249
2025-06-23,A261220,-8.323698569843441e-36,-0.1374582969307063
2025-06-24,A261220,-5.828046560964322e-36,0.0052128701885332
2025-06-25,A261220,-4.085084861365748e-36,0.0
2025-06-26,A261220,-2.8367672655947186e-36,0.0225188635353498
2025-06-27,A261220,-1.9558869340412484e-36,0.016388212457911
2025-06-30,A261220,-1.3544133002564266e-36,0.014764216686581
2025-07-01,A261220,-9.470776101906892e-37,0.0370853860373738
2025-07-02,A261220,-6.635821638125323e-37,0.0426460560491389
2025-07-03,A261220,-4.612646371937358e-37,0.0233421734925001
2025-07-04,A261220,-3.1835953084623637e-37,0.0057403500528225
2025-07-07,A261220,-2.2039243485065995e-37,0.0302137785964966
2025-07-08,A261220,-1.5392746614533198e-37,-0.0134501018882485
2025-07-09,A261220,-1.0780063806366609e-37,-0.0200809960570491
2025-07-10,A261220,-7.499516821838517e-38,-0.0307922587470947
2025-07-11,A261220,-5.181208256347024e-38,0.0120483385161745
2025-07-14,A261220,-3.5862845733607333e-38,-0.0143216436213521
2025-07-15,A261220,-2.502110688294876e-38,0.0016911893088845
2025-07-16,A261220,-1.7513920125551031e-38,-0.0047441634219782
2025-07-17,A261220,-1.2192209042024622e-38,0.0114904947915996
2025-07-18,A261220,-8.431159890124109e-39,-0.0009985023295895
2025-07-21,A261220,-5.8356446124738375e-39,-0.0053817822462456
2025-07-22,A261220,-4.067699820292575e-39,0.0157589179127101
2025-07-23,A261220,-2.845653742374005e-39,0.0561388725451768
2025-07-24,A261220,-1.9820097573860384e-39,0.0558695011114243
2025-07-25,A261220,-1.37180089242137e-39,0.0353324289143066
2025-07-28,A261220,-9.49562786107123e-40,0.0256381613874124
2025-07-29,A261220,-6.613567345922853e-40,-0.0056714080289819
2025-07-30,A261220,-4.623998489501858e-40,-0.0517328325414664
2025-07-31,A261220,-3.221889996384718e-40,-0.0734970761947377
2025-08-01,A261220,-2.231757196398846e-40,-0.0844723045753252
2025-08-04,A261220,-1.5450595064917509e-40,-0.0641441216057381
2025-08-05,A261220,-1.0753755800280273e-40,-0.0312631645145874
2025-08-06,A261220,-7.514320938546425e-41,-0.0382607412026795
2025-08-07,A261220,-5.23725174545393e-41,-0.0263355483378027
2025-08-08,A261220,-3.6304431367279164e-41,-0.0042061050442742
2025-08-11,A261220,-2.5139136471999657e-41,-0.0021052639354624
2025-08-12,A261220,-1.7487011561249516e-41,-0.0181126512089191
2025-08-13,A261220,-1.2212288914700067e-41,0.0129169189886044
2025-08-14,A261220,-8.513132357113844e-42,0.0208485661215435
2025-08-18,A261220,-5.905190005131414e-42,0.0236040115065551
2025-08-19,A261220,-4.090128669441837e-42,0.0324838512759575
2025-08-20,A261220,-2.8437810725708827e-42,0.0118799440517446
2025-08-21,A261220,-1.9848972071993455e-42,0.0062240864830018
2025-08-22,A261220,-1.3837990624910639e-42,0.00992309254521
2025-08-25,A261220,-9.604488915999473e-43,0.0054738419262995
2025-08-26,A261220,-6.654319991715345e-43,0.0088016817368268
2025-08-27,A261220,-4.624838138491275e-43,0.0364916874869597
2025-08-28,A261220,-3.226343197393572e-43,-0.0010346612407763
2025-08-29,A261220,-2.249355606217181e-43,-0.0161321500921421
2025-09-01,A261220,-1.5620150598628401e-43,-0.0172062056263639
2025-09-02,A261220,-1.0825545092157863e-43,-0.0346340119027045
2025-09-03,A261220,-7.521630548008519e-44,-0.0323322360827896
2025-09-04,A261220,-5.244600395000022e-44,0.002068253064059
2025-09-05,A261220,-3.656349157867466e-44,-0.0220404234128875
2025-09-08,A261220,-2.5402177226014797e-44,0.0006939625538736
2025-09-09,A261220,-1.7610637676217538e-44,0.0114485205335383
2025-09-10,A261220,-1.223315214159752e-44,0.0168071183163811
2025-09-11,A261220,-8.525916569380217e-45,0.0020639842208514
2025-09-12,A261220,-5.943524065390279e-45,0.0237690323135053
2025-09-15,A261220,-4.130811301998929e-45,-0.0010411245084106
2025-09-16,A261220,-2.8647049125938114e-45,-0.0170468556589593
2025-09-17,A261220,-1.989628829444109e-45,-0.0109440216793172
2025-09-18,A261220,-1.3860983189957257e-45,0.0193982601252835
2025-09-19,A261220,-9.661598948276871e-46,0.0329569490872722
2025-09-22,A261220,-6.7171041704601146e-46,0.0378174854999564
2025-09-23,A261220,-4.659773982228665e-46,0.0177365108587077
2025-09-24,A261220,-3.2360108875672622e-46,-0.0121087796741204
2025-09-25,A261220,-2.253557825384422e-46,-0.0398815313781497
2025-09-26,A261220,-1.570593850259173e-46,-0.061690530604511
2025-09-29,A261220,-1.0922308223032128e-46,-0.0861910697841721
2025-09-30,A261220,-7.5793312182990075e-47,-0.0647913394889333
2025-10-01,A261220,-5.26319552519346e-47,-0.0650723682146711
2025-10-02,A261220,-3.6640597846462085e-47,-0.0555297657729419
2025-10-10,A261220,-2.55322764198375e-47,-0.0680284288853557
2025-10-13,A261220,-1.7759689637046107e-47,-0.0458607855223694
2025-10-14,A261220,-1.2327616925241098e-47,-0.0294852484921088
2025-10-15,A261220,-8.560290555091194e-48,0.0007426662056908
2025-10-16,A261220,-5.957624356351821e-48,0.0385502280250584
2025-10-17,A261220,-4.1507484951994566e-48,0.0786367320464987
2025-10-20,A261220,-2.887670085200571e-48,0.0869159889989055
2025-10-21,A261220,-2.004983798071838e-48,0.0687908308761015
2025-10-22,A261220,-1.3922756893982753e-48,0.0325024045555814
2025-10-23,A261220,-9.687195459697908e-49,-0.0100395249842533
2025-10-24,A261220,-6.747994200853738e-49,-0.0227686819084961
2025-10-27,A261220,-4.695192206593749e-49,-0.0094887375087014
2025-10-28,A261220,-3.2608248678963725e-49,-0.0053182185266065
2025-10-29,A261220,-2.2644270617451987e-49,0.0071607896388974
2025-10-30,A261220,-1.5751981497640576e-49,-0.0025257094429746
2025-10-31,A261220,-1.0970698647199453e-49,-0.0032438305611195
2025-11-03,A261220,-7.634046736533185e-50,-0.0163763004738594
2025-11-04,A261220,-5.3031068411102595e-50,-0.0161264917522966
2025-11-05,A261220,-3.6828730875054497e-50,0.0028500197417435
2025-11-06,A261220,-2.561429876355987e-50,-0.0245029629449446
2025-11-07,A261220,-1.7836304056747901e-50,-0.0061560940387768
2025-11-10,A261220,-1.241233927477195e-50,-0.0144615680118346
2025-11-11,A261220,-8.624243541132632e-51,-0.0072516633953202
2025-11-12,A261220,-5.989764350402224e-51,-0.0042780813910783
2025-11-13,A261220,-4.165220828542256e-51,0.0172512995496243
2025-11-14,A261220,-2.899919707393922e-51,-0.020180468374906
2025-11-17,A261220,-2.018140152299082e-51,-0.0194894935163174
2025-11-18,A261220,-1.402493307101805e-51,-0.0161412161793852
2025-11-19,A261220,-9.741521262977735e-52,-0.0386063967038545
2025-11-20,A261220,-6.773298079116936e-52,-0.0176216013498195
2025-11-21,A261220,-4.714949082463605e-52,0.0110579821956514
2025-11-24,A261220,-3.2813238589396547e-52,0.0260230920759615
2025-11-25,A261220,-2.2807154557367884e-52,0.0168687534977623
2025-11-26,A261220,-1.5843006527874785e-52,0.0096083518208718
2025-11-27,A261220,-1.1014567140191528e-52,0.0150710443103653
2025-11-28,A261220,-7.666149445418687e-53,0.0091224861792546
2025-12-01,A261220,-5.335166230071583e-53,0.0072098365667497
2025-12-02,A261220,-3.7087985618292152e-53,-0.0120725812342692
2025-12-03,A261220,-2.5765708017692405e-53,-0.0044231550181695
2025-12-04,A261220,-1.7911767325776766e-53,-0.0169246129596882
2025-12-05,A261220,-1.2464821087642347e-53,-0.0235218488737426
2025-12-08,A261220,-8.674584695540155e-54,-0.0403132637924218
2025-12-09,A261220,-6.03098778489032e-54,-0.039412119030026
2025-12-10,A261220,-4.1902531380542367e-54,-0.0399450241656496
2025-12-11,A261220,-2.9128092313112277e-54,-0.0301341068440742
2025-12-12,A261220,-2.026760965631964e-54,-0.0359682913924754
2025-12-15,A261220,-1.410431217979485e-54,-0.0093932683898187
2025-12-16,A261220,-9.807037973178763e-55,0.0271920076952506
2025-12-17,A261220,-6.81447332892619e-55,0.0410526484250951
2025-12-18,A261220,-4.736823982115855e-55,0.0345769131152778
2025-12-19,A261220,-3.295535060139147e-55,0.0258766340786676
2025-12-22,A261220,-2.293285160177326e-55,0.0157306614548361
2024-07-30,A261240,0.0006047013596978757,-0.006751400573629
2024-07-31,A261240,0.0008987197116809564,0.001140641163935
2024-08-01,A261240,0.0009627298453562612,0.0087050030453063
2024-08-02,A261240,0.0010359127646061173,-0.0029842773802814
2024-08-05,A261240,0.0010801993015384333,-0.0007623113648623
2024-08-06,A261240,0.0011119843573601784,-0.0030492476744193
2024-08-07,A261240,0.0011336047679314275,-0.0113885130443841
2024-08-08,A261240,0.0011485515012097738,-0.0125470240614946
2024-08-09,A261240,0.0011588334108457977,-0.0223178577282705
2024-08-12,A261240,0.0011659170780200605,-0.0272104597974478
2024-08-13,A261240,0.001170795080744897,-0.0237177481786057
2024-08-14,A261240,0.0011741546770218049,-0.0176817324698446
2024-08-16,A261240,0.0011764684113084556,-0.0130183938545833
2024-08-19,A261240,0.0011780618874568812,-0.0042406220294419
2024-08-20,A261240,0.0011791593151490145,-0.00070552270398
2024-08-21,A261240,0.0011799151149835924,0.0023426529533074
2024-08-22,A261240,0.0011804356350883058,-0.000391282236866
2024-08-23,A261240,0.0011807941178476292,-0.0023426529533075
2024-08-26,A261240,0.0011810410053032978,0.009711095190484
2024-08-27,A261240,0.001181211036957055,0.0088223236858483
2024-08-28,A261240,0.0011813281379377744,0.0042029949792362
2024-08-29,A261240,0.0011814087855077766,0.0027357659615853
2024-08-30,A261240,0.001181464327575019,-0.0042306550096336
2024-09-02,A261240,0.0011815025794558107,0.0007790589362557
2024-09-03,A261240,0.0011815289235668008,0.0023291935996006
2024-09-04,A261240,0.0011815470667840625,-0.0022549677141991
2024-09-05,A261240,0.0011815595620370898,0.0035064515609147
2024-09-06,A261240,0.0011815681675311411,0.0018825011442168
2024-09-09,A261240,0.001181574094144048,-0.0050747659364255
2024-09-10,A261240,0.0011815781758086612,-0.0092712284205968
2024-09-11,A261240,0.001181580986855422,-0.0007787555879903
2024-09-12,A261240,0.0011815829228263163,-0.001556905187601
2024-09-13,A261240,0.0011815842561315305,0.0019571775926957
2024-09-19,A261240,0.0011815851743802498,-0.0003914353985863
2024-09-20,A261240,0.0011815858067791196,-0.0069905637542501
2024-09-23,A261240,0.001181586242312894,-0.0203044671262987
2024-09-24,A261240,0.0011815865422654676,-0.0112818495266612
2024-09-25,A261240,0.001181586748843124,0.0039029009030752
2024-09-26,A261240,0.001181586891113376,0.0161556911914969
2024-09-27,A261240,0.0011815869890950497,0.0246791552831977
2024-09-30,A261240,0.0011815870565751326,0.0333077463203473
2024-10-02,A261240,0.0011815871030487375,0.0239005577049329
2024-10-04,A261240,0.0011815871350551587,0.0172238279906598
2024-10-07,A261240,0.001181587157098015,0.0117954798974008
2024-10-08,A261240,0.0011815871722789535,0.011012653360314
2024-10-10,A261240,0.001181587182734082,0.0158685050868843
2024-10-11,A261240,0.00118158718993454,0.0154959018406971
2024-10-14,A261240,0.0011815871948935032,0.0150481635784424
2024-10-15,A261240,0.0011815871983087464,0.0142135907663027
2024-10-16,A261240,0.001181587200660828,0.014572344394696
2024-10-17,A261240,0.0011815872022807091,0.0085915066118021
2024-10-18,A261240,0.001181587203396323,0.015632364027008
2024-10-21,A261240,0.0011815872041646474,0.0085624678158158
2024-10-22,A261240,0.0011815872046937934,0.0056144175626324
2024-10-23,A261240,0.0011815872050582167,0.0007492882112888
2024-10-24,A261240,0.0011815872053091954,0.0011249860563237
2024-10-25,A261240,0.0011815872054820448,-0.0055335518450942
2024-10-28,A261240,0.0011815872056010863,-0.008939698194879
2024-10-29,A261240,0.0011815872056830702,-0.0048640048004181
2024-10-30,A261240,0.0011815872057395328,0.011468698836621
2024-10-31,A261240,0.0011815872057784184,0.0122179870479098
2024-11-01,A261240,0.001181587205805199,0.0055335518450942
2024-11-04,A261240,0.001181587205823643,0.0178001857820151
2024-11-05,A261240,0.0011815872058363454,0.0188004794374516
2024-11-06,A261240,0.0011815872058450936,0.0080386877811807
2024-11-07,A261240,0.0011815872058511185,0.0036217194693423
2024-11-08,A261240,0.0011815872058552677,0.0099429475372469
2024-11-11,A261240,0.0011815872058581253,0.0011113170249143
2024-11-12,A261240,0.0011815872058600933,-0.0095418453901223
2024-11-13,A261240,0.0011815872058614488,-0.010633684603487
2024-11-14,A261240,0.0011815872058623823,-0.0011072972009473
2024-11-15,A261240,0.001181587205863025,0.0025808368858235
2024-11-18,A261240,0.0011815872058634678,0.0054644944720787
2024-11-19,A261240,0.0011815872058637726,0.0073309225350519
2024-11-20,A261240,0.0011815872058639828,0.0054786544085615
2024-11-21,A261240,0.0011815872058641274,-0.00036937170294
2024-11-22,A261240,0.001181587205864227,-0.0047982965866748
2024-11-25,A261240,0.0011815872058642957,0.0018393854282914
2024-11-26,A261240,0.0011815872058643427,0.0029468122105253
2024-11-27,A261240,0.0011815872058643752,0.0105758917590582
2024-11-28,A261240,0.0011815872058643978,0.0148878845330343
2024-11-29,A261240,0.0011815872058644132,0.0185482389508231
2024-12-02,A261240,0.0011815872058644238,0.0244702716260018
2024-12-03,A261240,0.0011815872058644312,0.0187289132685151
2024-12-04,A261240,0.0011815872058644362,0.0158008650869337
2024-12-05,A261240,0.0011815872058644396,0.0125869717343652
2024-12-06,A261240,0.001181587205864442,0.0100459775960199
2024-12-09,A261240,0.0011815872058644435,0.0
2024-12-10,A261240,0.0011815872058644446,0.0092703046127027
2024-12-11,A261240,0.0011815872058644455,0.0021550184333208
2024-12-12,A261240,0.0011815872058644462,0.0137785510181356
2024-12-13,A261240,0.0011815872058644466,0.0148468109018125
2024-12-16,A261240,0.0011815872058644468,0.012687269256437
2024-12-17,A261240,0.001181587205864447,0.0133581636748681
2024-12-18,A261240,0.001181587205864447,0.0221411258772135
2024-12-19,A261240,0.001181587205864447,0.0139409425306351
2024-12-20,A261240,0.001181587205864447,0.0170704155669183
2024-12-23,A261240,0.001181587205864447,0.0101473635138971
2024-12-24,A261240,0.001181587205864447,0.0073136753571212
2024-12-26,A261240,0.001181587205864447,0.0041323819968364
2024-12-27,A261240,0.001181587205864447,-0.0114624510165006
2024-12-30,A261240,0.001181587205864447,-0.0132517276650244
2025-01-02,A261240,0.001181587205864447,-0.0028083989531941
2025-01-03,A261240,0.001181587205864447,-0.0009814231422168
2025-01-06,A261240,0.001181587205864447,0.0010478886005509
2025-01-07,A261240,0.001181587205864447,0.0087318349315816
2025-01-08,A261240,0.001181587205864447,0.0049285462011491
2025-01-09,A261240,0.001181587205864447,-0.0017592629708968
2025-01-10,A261240,0.001181587205864447,-0.0038649427964457
2025-01-13,A261240,0.001181587205864447,-0.0114463522819142
2025-01-14,A261240,0.001181587205864447,-0.0164708774269156
2025-01-15,A261240,0.001181587205864447,-0.0157862620649299
2025-01-16,A261240,0.001181587205864447,-0.0122596582084341
2025-01-17,A261240,0.001181587205864447,-0.0165410366301205
2025-01-20,A261240,0.001181587205864447,0.0023984210142869
2025-01-21,A261240,0.001181587205864447,0.0199004520920483
2025-01-22,A261240,0.001181587205864447,0.0192218482662693
2025-01-23,A261240,0.001181587205864447,0.0059714402222607
2025-01-24,A261240,0.001181587205864447,0.0123783326264171
2025-01-31,A261240,0.001181587205864447,-0.0034583794218331
2025-02-03,A261240,0.001181587205864447,-0.0090542818939475
2025-02-04,A261240,0.001181587205864447,-0.0062489232658269
2025-02-05,A261240,0.001181587205864447,0.0062882179861734
2025-02-06,A261240,0.001181587205864447,0.0003534443185276
2025-02-07,A261240,0.001181587205864447,-0.0021232933166491
2025-02-10,A261240,0.001181587205864447,-0.0062948894076397
2025-02-11,A261240,0.001181587205864447,-0.005579701589806
2025-02-12,A261240,0.001181587205864447,-0.0091273142221179
2025-02-13,A261240,0.001181587205864447,-0.0056701548187391
2025-02-14,A261240,0.001181587205864447,-0.0063257611698784
2025-02-17,A261240,0.001181587205864447,-0.0091949755076906
2025-02-18,A261240,0.001181587205864447,-0.0084640784121293
2025-02-19,A261240,0.001181587205864447,-0.0038456107783245
2025-02-20,A261240,0.001181587205864447,0.0031934171835622
2025-02-21,A261240,0.001181587205864447,0.020256894797658
2025-02-24,A261240,0.001181587205864447,0.0248934429810502
2025-02-25,A261240,0.001181587205864447,0.0168571170664228
2025-02-26,A261240,0.001181587205864447,0.008101238166919
2025-02-27,A261240,0.001181587205864447,0.0041715336061297
2025-02-28,A261240,0.001181587205864447,-0.0055351341179297
2025-03-04,A261240,0.001181587205864447,-0.0024476392512722
2025-03-05,A261240,0.001181587205864447,-0.0017574079248067
2025-03-06,A261240,0.001181587205864447,0.0087379880892233
2025-03-07,A261240,0.001181587205864447,0.0049268117676807
2025-03-10,A261240,0.001181587205864447,-0.0035191477760177
2025-03-11,A261240,0.001181587205864447,-0.0030855564452367
2025-03-12,A261240,0.001181587205864447,0.003161113938562
2025-03-13,A261240,0.001181587205864447,0.0034319767533103
2025-03-14,A261240,0.001181587205864447,0.0079720701931078
2025-03-17,A261240,0.001181587205864447,0.0159477395437539
2025-03-18,A261240,0.001181587205864447,0.0131176873997993
2025-03-19,A261240,0.001181587205864447,0.0092848584925998
2025-03-20,A261240,0.001181587205864447,0.0062036235618323
2025-03-21,A261240,0.001181587205864447,0.0034071583216143
2025-03-24,A261240,0.001181587205864447,0.0031177494337027
2025-03-25,A261240,0.001181587205864447,0.0020774192084465
2025-03-26,A261240,0.001181587205864447,0.0010417752791345
2025-03-27,A261240,0.001181587205864447,0.0010417752791345
2025-03-28,A261240,0.001181587205864447,-0.022605385174365
2025-03-31,A261240,0.001181587205864447,-0.0031177494337028
2025-04-01,A261240,0.001181587205864447,0.0013825524115686
2025-04-02,A261240,0.001181587205864447,0.0123488168525135
2025-04-03,A261240,0.001181587205864447,-0.0054989175559359
2025-04-04,A261240,0.001181587205864447,0.012629370248479
2025-04-07,A261240,0.001181587205864447,-0.0289344742409658
2025-04-08,A261240,0.001181587205864447,-0.0312942115871263
2025-04-09,A261240,0.001181587205864447,-0.0380832047220196
2025-04-10,A261240,0.001181587205864447,-0.0252336956423647
2025-04-11,A261240,0.001181587205864447,-0.0182543628292133
2025-04-14,A261240,0.001181587205864447,-0.0028612322810322
2025-04-15,A261240,0.001181587205864447,-0.0039278750732066
2025-04-16,A261240,0.001181587205864447,-0.0032102756302482
2025-04-17,A261240,0.001181587205864447,0.0113172495148002
2025-04-18,A261240,0.001181587205864447,0.0105828609415212
2025-04-21,A261240,0.001181587205864447,0.0176090889155878
2025-04-22,A261240,0.001181587205864447,0.0130804452616709
2025-04-23,A261240,0.001181587205864447,0.0014280616493346
2025-04-24,A261240,0.001181587205864447,-0.0187896222633721
2025-04-25,A261240,0.001181587205864447,-0.0255460924276965
2025-04-28,A261240,0.001181587205864447,-0.0308046511873522
2025-04-29,A261240,0.001181587205864447,-0.0251747543688185
2025-04-30,A261240,0.001181587205864447,-0.0131434362357622
2025-05-02,A261240,0.001181587205864447,0.0089029881570911
2025-05-07,A261240,0.001181587205864447,0.0156770073908552
2025-05-08,A261240,0.001181587205864447,-0.0003629895861846
2025-05-09,A261240,0.001181587205864447,-0.0054468343385696
2025-05-12,A261240,0.001181587205864447,-0.0014469688532435
2025-05-13,A261240,0.001181587205864447,-0.0164316178971016
2025-05-14,A261240,0.001181587205864447,-0.0221485806043891
2025-05-15,A261240,0.001181587205864447,-0.0094109758955402
2025-05-16,A261240,0.001181587205864447,-0.0097326149686236
2025-05-19,A261240,0.001181587205864447,-0.0235891093080813
2025-05-20,A261240,0.001181587205864447,-0.015598426915994
2025-05-21,A261240,0.001181587205864447,-0.006513727425542
2025-05-22,A261240,0.001181587205864447,-0.0017606929939167
2025-05-23,A261240,0.001181587205864447,0.0043291699120756
2025-05-26,A261240,0.001181587205864447,0.0073119717186959
2025-05-27,A261240,0.001181587205864447,0.0014750352995217
2025-05-28,A261240,0.001181587205864447,-0.0113721503232581
2025-05-29,A261240,0.001181587205864447,-0.0132305414918168
2025-05-30,A261240,0.001181587205864447,-0.0098595456932579
2025-06-02,A261240,0.001181587205864447,0.0018380330873993
2025-06-04,A261240,0.001181587205864447,-0.0084369949849466
2025-06-05,A261240,0.001181587205864447,0.00732549799983
2025-06-09,A261240,0.001181587205864447,0.0048246521495754
2025-06-10,A261240,0.001181587205864447,-0.001035732873532
2025-06-11,A261240,0.001181587205864447,-0.0018380330873993
2025-06-12,A261240,0.001181587205864447,0.0178990525968443
2025-06-13,A261240,0.001181587205864447,-0.00036869078322
2025-06-16,A261240,0.001181587205864447,0.0163775555010275
2025-06-17,A261240,0.001181587205864447,-0.0007404665277236
2025-06-18,A261240,0.001181587205864447,-0.0047947570927208
2025-06-19,A261240,0.001181587205864447,-0.0164137199806526
2025-06-20,A261240,0.001181587205864447,-0.0058434279960112
2025-06-23,A261240,0.001181587205864447,-0.0241082117075151
2025-06-24,A261240,0.001181587205864447,-0.0025959591808215
2025-06-25,A261240,0.001181587205864447,-0.0014058976010606
2025-06-26,A261240,0.001181587205864447,0.0022238704495179
2025-06-27,A261240,0.001181587205864447,0.0039979323258728
2025-06-30,A261240,0.001181587205864447,0.0146669295887305
2025-07-01,A261240,0.001181587205864447,0.0102701408813868
2025-07-02,A261240,0.001181587205864447,0.0119973470084665
2025-07-03,A261240,0.001181587205864447,0.0098000268538821
2025-07-04,A261240,0.001181587205864447,0.0109491485876393
2025-07-07,A261240,0.001181587205864447,0.0097326149686237
2025-07-08,A261240,0.001181587205864447,0.0093650084504965
2025-07-09,A261240,0.001181587205864447,0.0090313796682919
2025-07-10,A261240,0.001181587205864447,0.015858337721618
2025-07-11,A261240,0.001181587205864447,0.0132856141226255
2025-07-14,A261240,0.001181587205864447,0.0068943268110352
2025-07-15,A261240,0.001181587205864447,0.0061708424790867
2025-07-16,A261240,0.001181587205864447,-0.0046511711757308
2025-07-17,A261240,0.001181587205864447,-0.0169588110361555
2025-07-18,A261240,0.001181587205864447,-0.0100022577746922
2025-07-21,A261240,0.001181587205864447,-0.0050754169276224
2025-07-22,A261240,0.001181587205864447,0.0028186337455469
2025-07-23,A261240,0.001181587205864447,0.0039258501894097
2025-07-24,A261240,0.001181587205864447,0.0152252075970655
2025-07-25,A261240,0.001181587205864447,0.0178324762955564
2025-07-28,A261240,0.001181587205864447,0.0032657237195515
2025-07-29,A261240,0.001181587205864447,-0.0007219695642456
2025-07-30,A261240,0.001181587205864447,0.0049940392579452
2025-07-31,A261240,0.001181587205864447,-0.0039842133185273
2025-08-01,A261240,0.001181587205864447,-0.0089125868482013
2025-08-04,A261240,0.001181587205864447,0.0035439229945515
2025-08-05,A261240,0.001181587205864447,0.0021643468516696
2025-08-06,A261240,0.001181587205864447,-0.003906254967065
2025-08-07,A261240,0.001181587205864447,0.0007255841270298
2025-08-08,A261240,0.001181587205864447,-0.0028196526652156
2025-08-11,A261240,0.001181587205864447,0.0021635664000107
2025-08-12,A261240,0.001181587205864447,0.0071092899336596
2025-08-13,A261240,0.001181587205864447,0.0128188418152665
2025-08-14,A261240,0.001181587205864447,0.0085942824873341
2025-08-18,A261240,0.001181587205864447,0.0020974223868188
2025-08-19,A261240,0.001181587205864447,0.0049585096744022
2025-08-20,A261240,0.001181587205864447,-0.0014321520528773
2025-08-21,A261240,0.001181587205864447,-0.0074696892600098
2025-08-22,A261240,0.001181587205864447,-0.0014392633457444
2025-08-25,A261240,0.001181587205864447,0.0064813708095229
2025-08-26,A261240,0.001181587205864447,-0.002440250977679
2025-08-27,A261240,0.001181587205864447,-0.0017212942641976
2025-08-28,A261240,0.001181587205864447,0.0046750903289939
2025-08-29,A261240,0.001181587205864447,0.0021581189586139
2025-09-01,A261240,0.001181587205864447,-0.0017961710472617
2025-09-02,A261240,0.001181587205864447,-0.0025182586967234
2025-09-03,A261240,0.001181587205864447,-0.0035955741311156
2025-09-04,A261240,0.001181587205864447,-0.000717823589792
2025-09-05,A261240,0.001181587205864447,-0.0007188556128694
2025-09-08,A261240,0.001181587205864447,0.0003594924006072
2025-09-09,A261240,0.001181587205864447,-0.0049832190652263
2025-09-10,A261240,0.001181587205864447,-0.0038977961864913
2025-09-11,A261240,0.001181587205864447,-0.0014371948435289
2025-09-12,A261240,0.001181587205864447,0.0045917715920443
2025-09-15,A261240,0.001181587205864447,0.0035162032567928
2025-09-16,A261240,0.001181587205864447,0.0113743937411245
2025-09-17,A261240,0.001181587205864447,0.0135049822102706
2025-09-18,A261240,0.001181587205864447,0.0099460588793809
2025-09-19,A261240,0.001181587205864447,0.0140737272116619
2025-09-22,A261240,0.001181587205864447,0.0057143012634386
2025-09-23,A261240,0.001181587205864447,0.0077721522115198
2025-09-24,A261240,0.001181587205864447,0.0049112166760544
2025-09-25,A261240,0.001181587205864447,0.0009962995415632
2025-09-26,A261240,0.001181587205864447,0.0070333670161126
2025-09-29,A261240,0.001181587205864447,0.0195372437805254
2025-09-30,A261240,0.001181587205864447,0.0209453819600652
2025-10-01,A261240,0.001181587205864447,0.0129798662038389
2025-10-02,A261240,0.001181587205864447,0.0133537858895901
2025-10-10,A261240,0.001181587205864447,0.0009807356302732
2025-10-13,A261240,0.001181587205864447,-0.0048310963908299
2025-10-14,A261240,0.001181587205864447,-0.0013920792948986
2025-10-15,A261240,0.001181587205864447,0.0069146425319369
2025-10-16,A261240,0.001181587205864447,0.0148388246452946
2025-10-17,A261240,0.001181587205864447,0.0121095501630091
2025-10-20,A261240,0.001181587205864447,0.0110282404798106
2025-10-21,A261240,0.001181587205864447,0.0068719251443704
2025-10-22,A261240,0.001181587205864447,0.0027108764385891
2025-10-23,A261240,0.001181587205864447,-0.0082630751722719
2025-10-24,A261240,0.001181587205864447,-0.0082659450257965
2025-10-27,A261240,0.001181587205864447,-0.0023629172158988
2025-10-28,A261240,0.001181587205864447,0.0006915151371617
2025-10-29,A261240,0.001181587205864447,0.012691576067523
2025-10-30,A261240,0.001181587205864447,0.0168013078593016
2025-10-31,A261240,0.001181587205864447,0.0235742927109653
2025-11-03,A261240,0.001181587205864447,0.0170401832782064
2025-11-04,A261240,0.001181587205864447,0.0189673254405936
2025-11-05,A261240,0.001181587205864447,0.0124648278047767
2025-11-06,A261240,0.001181587205864447,0.0157815669069127
2025-11-07,A261240,0.001181587205864447,0.0006810133741815
2025-11-10,A261240,0.001181587205864447,0.0051171946686069
2025-11-11,A261240,0.001181587205864447,0.0013556566842681
2025-11-12,A261240,0.001181587205864447,0.0
2025-11-13,A261240,0.001181587205864447,-0.0009453072952424
2025-11-14,A261240,0.001181587205864447,0.0120450772819359
2025-11-17,A261240,0.001181587205864447,0.0127131817769838
2025-11-18,A261240,0.001181587205864447,0.0060104857628827
2025-11-19,A261240,0.001181587205864447,0.0006766815794817
2025-11-20,A261240,0.001181587205864447,-0.0027058123794042
2025-11-21,A261240,0.001181587205864447,-0.0020199306625571
2025-11-24,A261240,0.001181587205864447,-0.0030283680064129
2025-11-25,A261240,0.001181587205864447,-0.0020219727856665
2025-11-26,A261240,0.001181587205864447,0.0026346916102142
2025-11-27,A261240,0.001181587205864447,0.0080283784231185
2025-11-28,A261240,0.001181587205864447,0.0
2025-12-01,A261240,0.001181587205864447,-0.0013488907420591
2025-12-02,A261240,0.001181587205864447,0.0023585711260488
2025-12-03,A261240,0.001181587205864447,0.0013484360187747
2025-12-04,A261240,0.001181587205864447,0.0
2025-12-05,A261240,0.001181587205864447,0.0037000950418138
2025-12-08,A261240,0.001181587205864447,0.0033688214046163
2025-12-09,A261240,0.001181587205864447,0.0049684538893108
2025-12-10,A261240,0.001181587205864447,0.007317187683849
2025-12-11,A261240,0.001181587205864447,0.0046257582567212
2025-12-12,A261240,0.001181587205864447,0.0019454606478141
2025-12-15,A261240,0.001181587205864447,0.0069710048364858
2025-12-16,A261240,0.001181587205864447,0.0053436771335123
2025-12-17,A261240,0.001181587205864447,-0.0167266326362706
2025-12-18,A261240,0.001181587205864447,-0.0240991829257126
2025-12-19,A261240,0.001181587205864447,-0.0286209672317558
2025-12-22,A261240,0.001181587205864447,-0.0264642698871874
2024-07-30,A305080,0.003473851125569743,0.012558266650939
2024-07-31,A305080,0.0035912054955819,0.0150538717837189
2024-08-01,A305080,0.0024365520916127515,0.0191526561654046
2024-08-02,A305080,0.0016970448075903023,-0.0040129450683323
2024-08-05,A305080,0.0009001134131071506,-0.0189142399008722
2024-08-06,A305080,0.00042064424992536656,-0.0052813447966574
2024-08-07,A305080,8.484892963043605e-05,-0.0061087544883212
2024-08-08,A305080,-7.283386371518093e-05,-0.0150292790548453
2024-08-09,A305080,-0.00014064953709391363,-0.0193891234358411
2024-08-12,A305080,-0.00014198861354168318,-0.0258724188552752
2024-08-13,A305080,-0.00011765013988588953,-0.021741777108231
2024-08-14,A305080,-8.306428919976661e-05,-0.0180541567620628
2024-08-16,A305080,-5.161580165602348e-05,-0.0115885743541215
2024-08-19,A305080,-2.6895048854776093e-05,0.0008363302319037
2024-08-20,A305080,-1.0342072516119737e-05,0.0008370302656607
2024-08-21,A305080,-5.770320502561332e-07,0.0012480760450236
2024-08-22,A305080,4.078383110061655e-06,-0.0036669763567474
2024-08-23,A305080,5.501172919559026e-06,-0.00241737291062
2024-08-26,A305080,5.12038392507428e-06,-0.0004180776849223
2024-08-27,A305080,3.9769003242398195e-06,0.0053404666313175
2024-08-28,A305080,2.687482121629635e-06,0.0049767853219897
2024-08-29,A305080,1.5760441897798284e-06,0.0086458265720569
2024-08-30,A305080,7.569693978989478e-07,0.0040811283896542
2024-09-02,A305080,2.303519091688183e-07,0.0132100122275478
2024-09-03,A305080,-5.997589169910328e-08,0.0136382656960428
2024-09-04,A305080,-1.8456990578635896e-07,0.0094701576538303
2024-09-05,A305080,-2.0804329603319199e-07,0.0066001394614356
2024-09-06,A305080,-1.7967742550364238e-07,0.0062145454181079
2024-09-09,A305080,-1.3241339222260389e-07,-0.005379249119736
2024-09-10,A305080,-8.522829786070281e-08,-0.010729716672567
2024-09-11,A305080,-4.7008951812684387e-08,-0.0090565414010874
2024-09-12,A305080,-2.0215611559991215e-08,-0.0070140981542701
2024-09-13,A305080,-3.84274965442184e-09,-0.0033096174509254
2024-09-19,A305080,4.553089185267855e-09,-0.0041576643959505
2024-09-20,A305080,7.624360377385754e-09,-0.0120211815762168
2024-09-23,A305080,7.620902145678612e-09,-0.0220763209231298
2024-09-24,A305080,6.177867042265159e-09,-0.0107398110095056
2024-09-25,A305080,4.333513215909403e-09,-0.0049850551889186
2024-09-26,A305080,2.6500064205377714e-09,0.0012491153724745
2024-09-27,A305080,1.3602595370106375e-09,0.0107756962987608
2024-09-30,A305080,4.988803258350704e-10,0.0134376759559829
2024-10-02,A305080,1.0641236137448303e-12,0.0029253228266465
2024-10-04,A305080,-2.3230881994574012e-10,0.0016644477877254
2024-10-07,A305080,-2.9767967857306234e-10,0.0053948755156479
2024-10-08,A305080,-2.7199647403498784e-10,0.0086859957940394
2024-10-10,A305080,-2.0852212795854068e-10,0.0160546314928591
2024-10-11,A305080,-1.393522477396439e-10,0.0135943738136504
2024-10-14,A305080,-8.059720017676818e-11,0.0151843155052363
2024-10-15,A305080,-3.783310603503076e-11,0.0070112053610868
2024-10-16,A305080,-1.0647255318344231e-11,0.0012347204927084
2024-10-17,A305080,4.100072613512009e-12,-0.0028774632424382
2024-10-18,A305080,1.0232076295744944e-11,0.0089341195046921
2024-10-21,A305080,1.1168971882058615e-11,-0.005667133560775
2024-10-22,A305080,9.495337479120685e-12,-0.0012337049720388
2024-10-23,A305080,6.915506868070564e-12,-0.0004114041280719
2024-10-24,A305080,4.399165865407935e-12,-0.0053659269379567
2024-10-25,A305080,2.3884957588045534e-12,-0.0147140051354835
2024-10-28,A305080,9.94968173552826e-13,-0.0119315360290472
2024-10-29,A305080,1.5407062550391296e-13,-0.004950096734365
2024-10-30,A305080,-2.6893654960083753e-13,-0.0016473111376924
2024-10-31,A305080,-4.1620239076737326e-13,0.0045422715088043
2024-11-01,A305080,-4.0646074965959064e-13,0.0045441479441899
2024-11-04,A305080,-3.2502111796252436e-13,0.0148101825865391
2024-11-05,A305080,-2.2540221927745224e-13,0.0130645627986263
2024-11-06,A305080,-1.36109979380767e-13,0.0060815440561409
2024-11-07,A305080,-6.854309217101723e-14,0.0016466330083156
2024-11-08,A305080,-2.3931507038390634e-14,-0.0004122521392433
2024-11-11,A305080,1.4903785086914579e-15,-0.0053526705804166
2024-11-12,A305080,1.31158111284039e-14,-0.0122378431748205
2024-11-13,A305080,1.608034490542158e-14,-0.0081445063754278
2024-11-14,A305080,1.4427510468957596e-14,0.0008223008439668
2024-11-15,A305080,1.0924566074086097e-14,0.0053460669334702
2024-11-18,A305080,7.21758781907452e-15,0.0110035598652175
2024-11-19,A305080,4.116169134072899e-15,0.0134615838945371
2024-11-20,A305080,1.8849805449053316e-15,0.0110080796146846
2024-11-21,A305080,4.833979830322248e-16,0.0056555209961213
2024-11-22,A305080,-2.6451557753811373e-16,0.0060517031274434
2024-11-25,A305080,-5.647999949194802e-16,0.0081334323930118
2024-11-26,A305080,-5.986251901513009e-16,0.0073111617301207
2024-11-27,A305080,-5.012463601416342e-16,0.0149208087622058
2024-11-28,A305080,-3.6083101426510517e-16,0.0205475599863131
2024-11-29,A305080,-2.268155948949685e-16,0.0212962795529629
2024-12-02,A305080,-1.211450993214565e-16,0.0301602563634204
2024-12-03,A305080,-4.87372381162663e-17,0.0203500052505159
2024-12-04,A305080,-5.6042159815144264e-18,0.0147807588447034
2024-12-05,A305080,1.5658759167067584e-17,0.0059873247954519
2024-12-06,A305080,2.2656441315912584e-17,0.0011965063446363
2024-12-09,A305080,2.164890408561689e-17,-0.0153654218971477
2024-12-10,A305080,1.7082376873574185e-17,-0.0059658928886056
2024-12-11,A305080,1.1712558930376346e-17,-0.0063648874276737
2024-12-12,A305080,6.982120022322085e-18,-0.001194600548229
2024-12-13,A305080,3.445859826584966e-18,-0.0035938224999672
2024-12-16,A305080,1.1377767628263693e-18,0.0011965063446363
2024-12-17,A305080,-1.5849841687675645e-19,0.0015943880928562
2024-12-18,A305080,-7.3568086503797e-19,0.0063648874276737
2024-12-19,A305080,-8.668820158233195e-19,0.0094381475482222
2024-12-20,A305080,-7.643756751831841e-19,0.0161895449332389
2024-12-23,A305080,-5.717911778952253e-19,0.0102312824918751
2024-12-24,A305080,-3.734399603661156e-19,0.0114051608529181
2024-12-26,A305080,-2.0990322815658939e-19,0.0034834965160373
2024-12-27,A305080,-9.360404375282718e-20,-0.0098366650683413
2024-12-30,A305080,-2.1426859277279876e-20,-0.0141913825771644
2025-01-02,A305080,1.6432713906018492e-20,-0.0070475803439504
2025-01-03,A305080,3.105766790891677e-20,-0.0074302768532299
2025-01-06,A305080,3.2033674302408737e-20,-0.0082533600789555
2025-01-07,A305080,2.6432071975439984e-20,-0.0031938704888766
2025-01-08,A305080,1.8809063659551976e-20,-0.0027985465832111
2025-01-09,A305080,1.1681044852225823e-20,-0.0031837021479246
2025-01-10,A305080,6.133045392485914e-21,-0.0011908071109059
2025-01-13,A305080,2.3744406660034894e-21,-0.0023934908506458
2025-01-14,A305080,1.6485897198512252e-22,-0.0024021150152446
2025-01-15,A305080,-9.012645663001972e-22,-0.0044136010338023
2025-01-16,A305080,-1.2301620893163385e-21,-0.0107398643915362
2025-01-17,A305080,-1.151544755163826e-21,-0.0183579647545774
2025-01-20,A305080,-8.969216020176676e-22,0.007163354413564
2025-01-21,A305080,-6.080180056532921e-22,0.0205505704873677
2025-01-22,A305080,-3.5770019889892925e-22,0.0202220090453463
2025-01-23,A305080,-1.7279988596014646e-22,0.0131285907443534
2025-01-24,A305080,-5.351186062540379e-23,0.0218469858183557
2025-01-31,A305080,1.2482347993586984e-23,0.0015057260046557
2025-02-03,A305080,4.103240139425428e-23,-0.0082804778955533
2025-02-04,A305080,4.664417293391995e-23,-0.0043442270445917
2025-02-05,A305080,4.045052397925834e-23,0.0027796547302199
2025-02-06,A305080,2.9898800140389164e-23,-0.0098640526152961
2025-02-07,A305080,1.9301525434176533e-23,-0.0070727834873444
2025-02-10,A305080,1.0687251781042243e-23,-0.0066741070876931
2025-02-11,A305080,4.631070696142204e-24,-0.0066714567197293
2025-02-12,A305080,9.18518511962124e-25,-0.0107643665871584
2025-02-13,A305080,-9.941239796582707e-25,-0.0003997921134288
2025-02-14,A305080,-1.7019580788662553e-24,-0.0039955303274527
2025-02-17,A305080,-1.7115962018958983e-24,-0.0067992102913258
2025-02-18,A305080,-1.3923844477843652e-24,-0.0015950238647554
2025-02-19,A305080,-9.79517947519401e-25,0.0099709676245617
2025-02-20,A305080,-6.008729669087586e-25,0.0173627860413877
2025-02-21,A305080,-3.098727207074784e-25,0.0344698904208625
2025-02-24,A305080,-1.1496316669410809e-25,0.0426599384655508
2025-02-25,A305080,-1.9259906784603394e-27,0.0273968170282311
2025-02-26,A305080,5.1383596380913554e-26,0.008220740312831
2025-02-27,A305080,6.663465446375761e-26,0.0062681393034786
2025-02-28,A305080,6.117499693223761e-26,-0.007765822984097
2025-03-04,A305080,4.704730195365475e-26,-0.0026955232155297
2025-03-05,A305080,3.153166768524741e-26,-0.0023324532421742
2025-03-06,A305080,1.8300518881500996e-26,0.0116612552122883
2025-03-07,A305080,8.641896303022413e-27,0.0026521076387475
2025-03-10,A305080,2.48340657504359e-27,-0.0050019643171599
2025-03-11,A305080,-8.708630888479322e-28,-0.011557235484712
2025-03-12,A305080,-2.277251940086393e-27,-0.0026500405220334
2025-03-13,A305080,-2.505275716600224e-27,0.0058187060481985
2025-03-14,A305080,-2.138239138630276e-27,0.0096903739027347
2025-03-17,A305080,-1.561903336656585e-27,0.0173984971273996
2025-03-18,A305080,-9.965406035628735e-28,0.0103997832932988
2025-03-19,A305080,-5.432485305473776e-28,0.0080839927224393
2025-03-20,A305080,-2.2818335821782607e-28,-0.0019358091917607
2025-03-21,A305080,-3.74525495239005e-29,-0.0023171401423375
2025-03-24,A305080,5.896722612679206e-29,0.0095027153893116
2025-03-25,A305080,9.297625505052664e-29,0.011819924241971
2025-03-26,A305080,9.132044412465453e-29,0.0107035249718727
2025-03-27,A305080,7.327280817297492e-29,0.0202554109356351
2025-03-28,A305080,5.096090561685035e-29,0.0034736998919068
2025-03-31,A305080,3.0871675620389016e-29,0.0158150925949784
2025-04-01,A305080,1.5623136175204992e-29,0.0057062581130235
2025-04-02,A305080,5.5259831462567995e-30,0.0015306906402129
2025-04-03,A305080,-2.4857478219645296e-31,-0.0225833393556028
2025-04-04,A305080,-2.9062965057101457e-30,-0.0138896510378249
2025-04-07,A305080,-3.601454592915267e-30,-0.0652194335865258
2025-04-08,A305080,-3.245890380111729e-30,-0.0455558886637776
2025-04-09,A305080,-2.46543028897393e-30,-0.0340703405107007
2025-04-10,A305080,-1.633567729610079e-30,-0.0226282439341053
2025-04-11,A305080,-9.349648201689699e-31,-0.0160683986507175
2025-04-14,A305080,-4.309108413833711e-31,0.0063903085102723
2025-04-15,A305080,-1.1331658868119418e-31,-0.0059730197890256
2025-04-16,A305080,5.687325800915382e-32,-0.0066688084559234
2025-04-17,A305080,1.2583138514605177e-31,0.0074420421059978
2025-04-18,A305080,1.34331209043329e-31,0.0113691418826231
2025-04-21,A305080,1.1290542917727331e-31,0.0211147842817239
2025-04-22,A305080,8.151524860717327e-32,0.0243048340401883
2025-04-23,A305080,5.139490155781299e-32,0.012978972949876
2025-04-24,A305080,2.7566201435857594e-32,-0.0102272267338035
2025-04-25,A305080,1.119132467574233e-32,-0.0260870527326581
2025-04-28,A305080,1.4048276759784009e-33,-0.0319222384713277
2025-04-29,A305080,-3.4447596396382476e-33,-0.0346626286766625
2025-04-30,A305080,-5.064719026656681e-33,-0.027340004390462
2025-05-02,A305080,-4.8655636697084895e-33,-0.0063954171137219
2025-05-07,A305080,-3.852023567037158e-33,0.0063456576644321
2025-05-08,A305080,-2.648732947709662e-33,-0.0149208087622059
2025-05-09,A305080,-1.5841521285299785e-33,-0.0085106896679086
2025-05-12,A305080,-7.858929848819384e-34,-0.0077063857357576
2025-05-13,A305080,-2.6335617110481227e-34,-0.0164958863039964
2025-05-14,A305080,3.12044439309141e-35,-0.0245605050546454
2025-05-15,A305080,1.6327132816543871e-34,-0.0118344576470027
2025-05-16,A305080,1.9424928901346184e-34,-0.01715899412855
2025-05-19,A305080,1.7201928472628774e-34,-0.0241491934940336
2025-05-20,A305080,1.2907179847390967e-34,-0.0167725711093467
2025-05-21,A305080,8.454344027689925e-35,-0.0049358441767636
2025-05-22,A305080,4.769657915302858e-35,-0.0016548075925848
2025-05-23,A305080,2.1416746869546954e-35,0.0090677399817102
2025-05-26,A305080,5.0568773205260987e-36,0.0127654253368754
2025-05-27,A305080,-3.562339615904663e-36,0.0033109872148094
2025-05-28,A305080,-6.925711367258021e-36,-0.0041318958049466
2025-05-29,A305080,-7.191167802005853e-36,-0.0103213834541309
2025-05-30,A305080,-5.9553887632445894e-36,-0.0123855930585038
2025-06-02,A305080,-4.2501798414691626e-36,-0.0028869570923427
2025-06-04,A305080,-2.6476134395980178e-36,-0.005801441764528
2025-06-05,A305080,-1.3962281841371897e-36,0.0094779627384167
2025-06-09,A305080,-5.460153622990374e-37,0.0086638329337329
2025-06-10,A305080,-4.451377375948638e-38,0.0016603025563956
2025-06-11,A305080,1.988029935610482e-37,0.0028869570923427
2025-06-12,A305080,2.751687660309398e-37,0.0164052976476934
2025-06-13,A305080,2.5889302415277788e-37,-0.004521732536778
2025-06-16,A305080,2.023034089326715e-37,0.0180022123563899
2025-06-17,A305080,1.3753442890828203e-37,0.0057894463253445
2025-06-18,A305080,8.118453804457281e-38,0.0028786465574917
2025-06-19,A305080,3.9435899840990523e-38,-0.0073037951372427
2025-06-20,A305080,1.242253159827765e-38,0.0028798308461887
2025-06-23,A305080,-2.5797790121108503e-39,-0.0151032994884745
2025-06-24,A305080,-9.118756850753573e-39,0.0053460669334702
2025-06-25,A305080,-1.0456844588083188e-38,0.0016412280066783
2025-06-26,A305080,-9.105813442884534e-39,0.0045198745641701
2025-06-27,A305080,-6.75075994653011e-39,0.0004107282269101
2025-06-30,A305080,-4.370861658358657e-39,0.0102033305175942
2025-07-01,A305080,-2.4294531354407495e-39,-0.0016419016905893
2025-07-02,A305080,-1.0606203156336962e-39,0.0007376747189149
2025-07-03,A305080,-2.1887226707564843e-40,0.0027839205730726
2025-07-04,A305080,2.167896614899558e-40,0.0064672158607458
2025-07-07,A305080,3.7984574747791724e-40,0.0036772257983615
2025-07-08,A305080,3.843764613835059e-40,0.006877944087656
2025-07-09,A305080,3.1379879175119655e-40,0.0049039738655291
2025-07-10,A305080,2.213900679852688e-40,0.0077377702296728
2025-07-11,A305080,1.3623383708561242e-40,0.0085314350494687
2025-07-14,A305080,7.058078279633879e-41,0.0077189089325081
2025-07-15,A305080,2.648021228651647e-41,0.0089358839933037
2025-07-16,A305080,8.156256899416854e-43,0.0032560061325664
2025-07-17,A305080,-1.1359635983104217e-41,-0.0129845440302402
2025-07-18,A305080,-1.4913861019422488e-41,-0.0081235215214793
2025-07-21,A305080,-1.3757856417731508e-41,-0.0052749158626299
2025-07-22,A305080,-1.0614277739491574e-41,0.0
2025-07-23,A305080,-7.134309245392048e-42,0.003650379230967
2025-07-24,A305080,-4.154970375110369e-42,0.0170331325562404
2025-07-25,A305080,-1.9736238151551953e-42,0.0173045475958655
2025-07-28,A305080,-5.786209649302296e-43,0.0132559328723168
2025-07-29,A305080,1.8422092190019465e-43,0.0123775893041457
2025-07-30,A305080,5.06684284157293e-43,0.012792322158618
2025-07-31,A305080,5.61889671788353e-43,0.0047563473923917
2025-08-01,A305080,4.814731226609957e-43,0.0020021630041539
2025-08-04,A305080,3.527425641942001e-43,0.0016046216536706
2025-08-05,A305080,2.257299896668204e-43,-0.0032002587518079
2025-08-06,A305080,1.2354487403726797e-43,-0.0068182993862183
2025-08-07,A305080,5.231563849736883e-44,0.0028109081673033
2025-08-08,A305080,9.05786319757646e-45,-0.0056161893447103
2025-08-11,A305080,-1.2916757307346456e-44,-0.0012032247872046
2025-08-12,A305080,-2.0766379898748085e-44,0.0055937496024538
2025-08-13,A305080,-2.0515362269014618e-44,0.0116033790963145
2025-08-14,A305080,-1.6517574800434298e-44,0.0008016675112682
2025-08-18,A305080,-1.1520972960377108e-44,0.0032131122510746
2025-08-19,A305080,-7.001580167524549e-45,0.0067992102913259
2025-08-20,A305080,-3.560490907648737e-45,0.0011946005482289
2025-08-21,A305080,-1.2753038371188695e-45,-0.0023896777342996
2025-08-22,A305080,3.6258578895201096e-47,0.0071862334169832
2025-08-25,A305080,6.437214664539673e-46,0.0087831928422861
2025-08-26,A305080,8.064985493137008e-46,0.0
2025-08-27,A305080,7.3020275809892e-46,-0.001593118068348
2025-08-28,A305080,5.5635834260275896e-46,0.0051704366866274
2025-08-29,A305080,3.697036833786402e-46,0.0046831057530448
2025-09-01,A305080,2.1235215248143163e-46,0.0078394510052392
2025-09-02,A305080,9.848686295966911e-47,0.0094418918604194
2025-09-03,A305080,2.6526165118970723e-47,0.0055648446334075
2025-09-04,A305080,-1.2196475535423419e-47,0.0066424409974639
2025-09-05,A305080,-2.802690973890282e-47,0.0039516371662295
2025-09-08,A305080,-3.0140777623774654e-47,-0.0027645055322139
2025-09-09,A305080,-2.5430153275471517e-47,-0.006655598611736
2025-09-10,A305080,-1.8413968659280665e-47,-0.0003964635503701
2025-09-11,A305080,-1.164490615787483e-47,-0.0031575649853212
2025-09-12,A305080,-6.271872860034028e-48,-0.001578781508861
2025-09-15,A305080,-2.5689628598581943e-48,0.0003953975774102
2025-09-16,A305080,-3.4867659334467645e-49,0.0050749454730253
2025-09-17,A305080,7.57227553503517e-49,0.0070336560571687
2025-09-18,A305080,1.1320005811619597e-48,0.0039454008410872
2025-09-19,A305080,1.0934367762664297e-48,0.0090441417075262
2025-09-22,A305080,8.685646025399924e-49,0.0019746461927562
2025-09-23,A305080,5.9895937948582995e-49,0.0063076768308027
2025-09-24,A305080,3.5939402967579344e-49,0.0007872156590114
2025-09-25,A305080,1.792096776544807e-49,0.0031451512009159
2025-09-26,A305080,6.091822542717601e-50,0.0104362317924108
2025-09-29,A305080,-6.01001731500979e-51,0.0256294456823498
2025-09-30,A305080,-3.622171862896576e-50,0.0288954609082705
2025-10-01,A305080,-4.352166492734592e-50,0.0228714753750073
2025-10-02,A305080,-3.8709319321365926e-50,0.0174323480563501
2025-10-10,A305080,-2.913390825155301e-50,0.0122436365655079
2025-10-13,A305080,-1.9138596542059694e-50,-0.0015394091710001
2025-10-14,A305080,-1.0837091300567103e-50,-0.0003818688708718
2025-10-15,A305080,-4.8990671419196153e-51,0.0087296672001248
2025-10-16,A305080,-1.1911702618422294e-51,0.0178917533608108
2025-10-17,A305080,7.708602680572217e-52,0.0064843649412692
2025-10-20,A305080,1.5440545800034857e-51,0.0060669079841072
2025-10-21,A305080,1.6141720649045236e-51,0.0049529571288486
2025-10-22,A305080,1.3417146543752755e-51,-0.000381286465137
2025-10-23,A305080,9.603308818086721e-52,-0.0163499707550581
2025-10-24,A305080,6.0006103185412496e-52,-0.014861618713154
2025-10-27,A305080,3.1782105210629197e-52,-0.0056818334674309
2025-10-28,A305080,1.2551138256450697e-52,-0.0049529571288485
2025-10-29,A305080,1.169690476882105e-53,0.0075982433789522
2025-10-30,A305080,-4.382480269108472e-53,0.0133141457155337
2025-10-31,A305080,-6.154163991018657e-53,0.024622961401614
2025-11-03,A305080,-5.820020232052287e-53,0.0163437271706693
2025-11-04,A305080,-4.562730083435431e-53,0.0165906612090582
2025-11-05,A305080,-3.1108488651752493e-53,0.0119635752176347
2025-11-06,A305080,-1.8424278634267678e-53,0.0172567486455052
2025-11-07,A305080,-8.998428336115941e-54,0.0
2025-11-10,A305080,-2.881533069878245e-54,0.004459400459094
2025-11-11,A305080,5.2855467098252814e-55,0.0022514080804574
2025-11-12,A305080,2.025831247461245e-54,-0.0007482230053521
2025-11-13,A305080,2.3439787383977793e-54,-0.0018695088638162
2025-11-14,A305080,2.0496622936395717e-54,0.0137603128402171
2025-11-17,A305080,1.5241409214163365e-54,0.0193441186245517
2025-11-18,A305080,9.897213510563006e-55,0.0111074980000649
2025-11-19,A305080,5.522124718210716e-55,0.0063421216123282
2025-11-20,A305080,2.428445528284498e-55,0.0055980739589548
2025-11-21,A305080,5.200929786196805e-56,0.0034106950836025
2025-11-24,A305080,-4.721261866682574e-56,-0.0043737791656865
2025-11-25,A305080,-8.475736907435712e-56,-0.00624676679962
2025-11-26,A305080,-8.631214464636187e-56,-0.0011162791856817
2025-11-27,A305080,-7.071556507046833e-56,0.0029728747276062
2025-11-28,A305080,-5.003537832570165e-56,-0.0070566680945199
2025-12-01,A305080,-3.0885476655553674e-56,-0.0070829746256993
2025-12-02,A305080,-1.60742974906969e-56,-0.0022404789058523
2025-12-03,A305080,-6.096667688849007e-57,-0.0059746256888876
2025-12-04,A305080,-2.701555109786017e-58,-0.0033451062599146
2025-12-05,A305080,2.5100120665051098e-57,-0.0007457121896648
2025-12-08,A305080,3.337474423881513e-57,0.0014953273814335
2025-12-09,A305080,3.0938084194674633e-57,0.0052199969387578
2025-12-10,A305080,2.3945244830519427e-57,0.0085773414173036
2025-12-11,A305080,1.6140948094991117e-57,0.0029739798871264
2025-12-12,A305080,9.432655205757948e-58,0.0055793337962382
2025-12-15,A305080,4.50650416250515e-58,0.0063303134499567
2025-12-16,A305080,1.3468051694855176e-58,0.0044526975237508
2025-12-17,A305080,-3.878921023714736e-59,-0.0179847485191991
2025-12-18,A305080,-1.1270395782863691e-58,-0.0255653021075678
2025-12-19,A305080,-1.2600828762711374e-58,-0.0320359033330688
2025-12-22,A305080,-1.08407055212095e-58,-0.024043231798499
2024-07-30,A305720,0.001138811384425108,-0.0516939774621435
2024-07-31,A305720,0.00999911971444376,-0.050950792114317
2024-08-01,A305720,0.010394953618551228,-0.1172975860645233
2024-08-02,A305720,0.0048086803444536245,-0.064672033296479
2024-08-05,A305720,0.0003853821010376462,0.0590145593776127
2024-08-06,A305720,-0.0003710560507927541,-0.0019102202561192
2024-08-07,A305720,0.0006163105118658455,0.034045841409717
2024-08-08,A305720,0.0011286777179365828,0.0705014881211948
2024-08-09,A305720,0.0007496237853389123,0.0
2024-08-12,A305720,0.00017874038724458594,-0.0101341384275787
2024-08-13,A305720,-5.613307462174304e-05,0.0138614200781613
2024-08-14,A305720,5.294725013881769e-06,0.0229653898104383
2024-08-16,A305720,0.00010061311364161049,0.0111475543303758
2024-08-19,A305720,9.914407211385753e-05,0.0538116458920387
2024-08-20,A305720,4.019110042380619e-05,0.0547523642104273
2024-08-21,A305720,-1.560832418265467e-06,0.0065159055172369
2024-08-22,A305720,-5.30240078796727e-06,0.005720560877815
2024-08-23,A305720,6.284955352725153e-06,0.0248934905637199
2024-08-26,A305720,1.1147973188953354e-05,0.0676546351806411
2024-08-27,A305720,6.787362113136346e-06,0.0553801408748316
2024-08-28,A305720,1.0910386048408717e-06,0.0501779533353229
2024-08-29,A305720,-8.705859221354392e-07,0.0149971190977393
2024-08-30,A305720,3.136827778957557e-08,-0.0397427776401014
2024-09-02,A305720,1.0259314451819865e-06,-0.1001377753870656
2024-09-03,A305720,9.444868694940534e-07,-0.1159513616148406
2024-09-04,A305720,3.2474172377074565e-07,-0.0458782115497053
2024-09-05,A305720,-6.466636993268028e-08,-0.0062966835730101
2024-09-06,A305720,-6.400517586114729e-08,0.047205498841691
2024-09-09,A305720,6.64385442180862e-08,0.0523447059726627
2024-09-10,A305720,1.1047293562956793e-07,0.0764950276805643
2024-09-11,A305720,6.077561590712575e-08,0.0587427817446517
2024-09-12,A305720,4.30658373830798e-09,0.0717203042860404
2024-09-13,A305720,-1.1257523493264704e-08,0.0631397438081968
2024-09-19,A305720,4.5425519704838193e-10,0.0918159898524055
2024-09-20,A305720,1.0557773427061674e-08,0.0930250143381951
2024-09-23,A305720,8.96820062706108e-09,0.0585288545322336
2024-09-24,A305720,2.4892844057231316e-09,0.0113580643110578
2024-09-25,A305720,-1.0872634851303098e-09,-0.0050224422044968
2024-09-26,A305720,-7.033034675632074e-10,-0.0019220742346162
2024-09-27,A305720,7.201391130534294e-10,0.0051860257618021
2024-09-30,A305720,1.0958703283320104e-09,0.005184788228119
2024-10-02,A305720,5.358115563618072e-10,-0.0141055498488502
2024-10-04,A305720,-1.945400274936369e-11,-0.007894852581338
2024-10-07,A305720,-1.328307810837182e-10,-0.0677097711525883
2024-10-08,A305720,9.153640233337566e-12,-0.0907902998828141
2024-10-10,A305720,1.092356157476665e-10,-0.0926235790438015
2024-10-11,A305720,8.469029924787889e-11,-0.0824787624714175
2024-10-14,A305720,1.7423080150036718e-11,-0.0598017011141519
2024-10-15,A305720,-1.4780536616616578e-11,-0.069219774638097
2024-10-16,A305720,-7.226563478670139e-12,-0.0224294944783635
2024-10-17,A305720,7.920612351912773e-12,-0.0193790342432886
2024-10-18,A305720,1.085877988994473e-11,-0.0149279425354592
2024-10-21,A305720,4.622683023958151e-12,0.0281725585306181
2024-10-22,A305720,-7.841740313166001e-13,0.0592294453378044
2024-10-23,A305720,-1.479450029569437e-12,0.0093464296330511
2024-10-24,A305720,1.661941194671071e-13,0.0103456586804105
2024-10-25,A305720,1.1325605262269549e-12,0.0185798029542303
2024-10-28,A305720,7.934612137144903e-13,-0.0014724507180785
2024-10-29,A305720,1.0058049396204464e-13,-0.0079928847834905
2024-10-30,A305720,-1.8186447947972692e-13,-0.0560929517548387
2024-10-31,A305720,-7.007116277633284e-14,-0.0707780031246078
2024-11-01,A305720,8.765745802098464e-14,-0.0696223005721617
2024-11-04,A305720,1.07266122261238e-13,-0.1221616399502494
2024-11-05,A305720,3.8671418958135875e-14,-0.1141962312370974
2024-11-06,A305720,-1.3368647060289674e-14,-0.0965185000986409
2024-11-07,A305720,-1.580223757504088e-14,-0.0828247148027327
2024-11-08,A305720,2.6591992320961948e-15,-0.1580118774610897
2024-11-11,A305720,1.1734778500479538e-14,-0.1036968985714261
2024-11-12,A305720,7.35472108324029e-15,-0.0855233722266664
2024-11-13,A305720,2.8062961545507577e-16,-0.0279718557883768
2024-11-14,A305720,-2.108246882649855e-15,0.002128113167494
2024-11-15,A305720,-6.400881198375424e-16,0.0821236664858507
2024-11-18,A305720,9.702017268601363e-16,0.0786096027092526
2024-11-19,A305720,1.054373882182714e-15,0.0622965216168498
2024-11-20,A305720,3.0894403205916353e-16,0.0251531660213857
2024-11-21,A305720,-1.8504162240220102e-16,0.0198554247997038
2024-11-22,A305720,-1.63163434449492e-16,-0.0416831620705541
2024-11-25,A305720,3.872270522941115e-17,-0.0647434181775257
2024-11-26,A305720,1.2123857608032715e-16,-0.0561727144792152
2024-11-27,A305720,6.721556792051206e-17,-0.0469535904661124
2024-11-28,A305720,-4.3100129952902146e-18,-0.0920574001121659
2024-11-29,A305720,-2.3458177518861428e-17,-0.0332954451339047
2024-12-02,A305720,-5.434867688421814e-18,-0.0852841065402395
2024-12-03,A305720,1.0695552153654126e-17,-0.039357360326133
2024-12-04,A305720,1.0294117365509703e-17,-0.0200200904780792
2024-12-05,A305720,2.2894553553786674e-18,0.0305292789118941
2024-12-06,A305720,-2.321987072494805e-18,0.019723913626025
2024-12-09,A305720,-1.6347485550523944e-18,0.0651929130226685
2024-12-10,A305720,5.265953930119213e-19,-0.0308614343928751
2024-12-11,A305720,1.2467526517717332e-18,-0.017353354259111
2024-12-12,A305720,6.02966544978118e-19,-0.0612342934440211
2024-12-13,A305720,-1.1256793672488093e-19,-0.0781261336728289
2024-12-16,A305720,-2.530200754566044e-19,-0.0687698811861055
2024-12-17,A305720,-4.137429732198858e-20,-0.0342618761867554
2024-12-18,A305720,1.171335191814732e-19,-0.0715186799898917
2024-12-19,A305720,9.964117430763733e-20,-0.0561332700222486
2024-12-20,A305720,1.4688551286381526e-20,-0.0275149632852693
2024-12-23,A305720,-2.748254220900799e-20,-0.0569336000129514
2024-12-24,A305720,-1.5907831870459173e-20,0.0020150734259798
2024-12-26,A305720,6.804560497602298e-21,0.0460138374381153
2024-12-27,A305720,1.274242388826981e-20,0.0573107104031863
2024-12-30,A305720,5.275865765289962e-21,0.0669549208490824
2025-01-02,A305720,-1.7989719428497873e-21,0.0884433782451623
2025-01-03,A305720,-2.660252290298231e-21,0.0229254647565017
2025-01-06,A305720,-2.538672920808469e-22,-0.0141981365851446
2025-01-07,A305720,1.2723336560949411e-21,0.0146408658372082
2025-01-08,A305720,9.54252926494377e-22,-0.0131309916695382
2025-01-09,A305720,6.309611439545957e-23,-0.0030911925696728
2025-01-10,A305720,-3.125571039503646e-22,0.0173971700613688
2025-01-13,A305720,-1.5011818746493978e-22,0.0674899052446098
2025-01-14,A305720,8.451850599811116e-23,-0.0146408658372082
2025-01-15,A305720,1.2927223709331322e-22,0.0123587908589657
2025-01-16,A305720,4.4591768178420946e-23,-0.0142653547468333
2025-01-17,A305720,-2.4455883819045263e-23,-0.0189723456253048
2025-01-20,A305720,-2.7349594181328593e-23,-0.0584242367937785
2025-01-21,A305720,-6.707506853685562e-25,-0.0714502473722088
2025-01-22,A305720,1.3694444675670085e-23,-0.0960907083622222
2025-01-23,A305720,9.020582031524841e-24,-0.0532083263143842
2025-01-24,A305720,-2.1939197560638946e-25,-0.0538395425414909
2025-01-31,A305720,-3.4501193932124486e-24,-0.0628089642743746
2025-02-03,A305720,-1.3676803251558191e-24,0.0103940583717211
2025-02-04,A305720,1.0171055256193599e-24,0.0113310869038295
2025-02-05,A305720,1.3002741536814654e-24,-0.0225255494351214
2025-02-06,A305720,3.5807430659136525e-25,0.029667012230401
2025-02-07,A305720,-3.0595459024688097e-25,0.0289128721719185
2025-02-10,A305720,-2.7535476063220278e-25,0.0465162252219841
2025-02-11,A305720,1.4319455265917188e-26,0.0492985373262699
2025-02-12,A305720,1.459678292099148e-25,0.0988607795273484
2025-02-13,A305720,8.391965442368372e-26,0.0636599861138585
2025-02-14,A305720,-1.076001445914894e-26,0.1004265719242243
2025-02-17,A305720,-3.71805600984631e-26,0.0949265846445004
2025-02-18,A305720,-1.1923601419592589e-26,0.0652935985688793
2025-02-19,A305720,1.1924974534383581e-26,0.0402971157137685
2025-02-20,A305720,1.295205889127336e-26,0.0183188305865443
2025-02-21,A305720,2.6437527804717125e-27,-0.0606107340527117
2025-02-24,A305720,-3.634335682904821e-27,-0.1290944161049429
2025-02-25,A305720,-2.715578492709776e-27,-0.0776961091630157
2025-02-26,A305720,3.732697636540832e-28,-0.0907226785593179
2025-02-27,A305720,1.540181694778534e-27,-0.050033311203239
2025-02-28,A305720,7.652849233786315e-28,0.0231808761782176
2025-03-04,A305720,-1.9314475951091062e-28,0.0420172275600965
2025-03-05,A305720,-3.925652939435741e-28,0.0497929798511107
2025-03-06,A305720,-9.77691320864682e-29,0.0241532605477386
2025-03-07,A305720,1.3676146026036393e-28,-0.0303318211063326
2025-03-10,A305720,1.2760658711649184e-28,-0.056141223232459
2025-03-11,A305720,1.653346728475703e-29,-0.0298194585439913
2025-03-12,A305720,-4.163089374832323e-29,-0.0401957450116263
2025-03-13,A305720,-2.621037391349331e-29,0.003537878606642
2025-03-14,A305720,6.192469457468363e-30,0.0186100175383411
2025-03-17,A305720,1.6082595970085938e-29,0.0156555812127921
2025-03-18,A305720,6.80189544260374e-30,0.0060031006919263
2025-03-19,A305720,-2.7772525618704697e-30,0.0126811126318915
2025-03-20,A305720,-4.0694316789296174e-30,-0.0316525008971535
2025-03-21,A305720,-7.265634710221191e-31,-0.0515557162092225
2025-03-24,A305720,1.5387076326504178e-30,-0.1077744374022044
2025-03-25,A305720,1.2416565097227225e-30,-0.0959331496104376
2025-03-26,A305720,6.165144780584049e-32,-0.1527119730950176
2025-03-27,A305720,-4.638745845656475e-31,-0.1465651043965735
2025-03-28,A305720,-2.4704101796106347e-31,-0.0791196765962422
2025-03-31,A305720,8.770007814677452e-32,-0.0739227647380363
2025-04-01,A305720,1.66140032690974e-31,-0.0814829561797225
2025-04-02,A305720,5.840258934574992e-32,-0.0673060193058826
2025-04-03,A305720,-3.6040470532950005e-32,0.0243677225810846
2025-04-04,A305720,-4.1462903330614325e-32,-0.0263149035347417
2025-04-07,A305720,-4.423058024743605e-33,0.046070344912885
2025-04-08,A305720,1.7020528308776567e-32,0.0545957356490214
2025-04-09,A305720,1.1910480905819966e-32,0.0468790627277757
2025-04-10,A305720,-4.580237699493282e-34,-0.0197824901991612
2025-04-11,A305720,-5.054217635675103e-33,-0.0143605601038679
2025-04-14,A305720,-2.2647491324056717e-33,-0.0361333244864399
2025-04-15,A305720,1.1422031454947236e-33,-0.0460367566313195
2025-04-16,A305720,1.6973024999229574e-33,0.0367276838127728
2025-04-17,A305720,4.771572134876235e-34,0.0151953261922551
2025-04-18,A305720,-4.401745347046564e-34,0.0316166101323179
2025-04-21,A305720,-4.1536230158347175e-34,0.0434426306694211
2025-04-22,A305720,-1.2869593697538937e-35,0.0533260827568948
2025-04-23,A305720,1.8539856777695796e-34,-0.0270684911627257
2025-04-24,A305720,1.1235917118187334e-34,-0.0227863846208912
2025-04-25,A305720,-1.559951396092326e-35,-0.0421917252086346
2025-04-28,A305720,-5.402556320225307e-35,-0.0337916900227807
2025-04-29,A305720,-2.00572723425703e-35,-0.0632381111740233
2025-04-30,A305720,1.4103502532674357e-35,-0.013624829043394
2025-05-02,A305720,1.713902974022226e-35,-0.0315362971182664
2025-05-07,A305720,3.60191041460354e-36,-0.0240165241512319
2025-05-08,A305720,-5.159728297509243e-36,-0.0467442359098293
2025-05-09,A305720,-4.0894305670813725e-36,-0.0531274094319734
2025-05-12,A305720,2.1004236511191356e-37,-0.0741079721537218
2025-05-13,A305720,1.9909384844935225e-36,-0.088247798590224
2025-05-14,A305720,1.0389308237633296e-36,-0.0915738530664483
2025-05-15,A305720,-2.6775066789263462e-37,-0.0832958143740841
2025-05-16,A305720,-5.677115707603635e-37,-0.0817865356041177
2025-05-19,A305720,-1.6956804938929165e-37,-0.0592882762040905
2025-05-20,A305720,1.6767974955128873e-37,-0.0400269765904781
2025-05-21,A305720,1.7094051325462756e-37,0.0350729484338755
2025-05-22,A305720,2.339735102251247e-38,0.0578135462298971
2025-05-23,A305720,-5.8670337060677e-38,0.0843330101148833
2025-05-26,A305720,-3.952421563970056e-38,0.0521307814351902
2025-05-27,A305720,5.692524138394448e-39,0.0866433917048885
2025-05-28,A305720,2.109481309975306e-38,0.0432880870154486
2025-05-29,A305720,9.370108377947785e-39,0.0120725812342692
2025-05-30,A305720,-3.797651764371913e-39,0.0246181736736714
2025-06-02,A305720,-5.8717115788609364e-39,0.0475922518160343
2025-06-04,A305720,-1.3376378080286813e-39,0.0455073573205065
2025-06-05,A305720,1.9368013282135697e-39,-0.0074165976550497
2025-06-09,A305720,1.6823067587615993e-39,-0.01257878220686
2025-06-10,A305720,9.95811617524905e-41,-0.01651275949085
2025-06-11,A305720,-6.512553042472489e-40,-0.0227619921150962
2025-06-12,A305720,-3.7421025474242205e-40,-0.0309378958876502
2025-06-13,A305720,9.43868514815543e-41,0.0317486983145802
2025-06-16,A305720,2.2063653384875265e-40,0.0235187222451945
2025-06-17,A305720,8.180863108999132e-41,0.0611586989142558
2025-06-18,A305720,-4.906259340101475e-41,0.0578533119263662
2025-06-19,A305720,-5.980776486559243e-41,0.0519913050854826
2025-06-20,A305720,-9.35337969129951e-42,-0.0203989589126935
2025-06-23,A305720,2.185567523223832e-41,0.0359436458605159
2025-06-24,A305720,1.6314267810951295e-41,0.0202027073175194
2025-06-25,A305720,-4.168992323588079e-43,0.0311580657299305
2025-06-26,A305720,-7.085233159063099e-42,0.0830974776684934
2025-06-27,A305720,-3.45885635739389e-42,0.1161461061698964
2025-06-30,A305720,1.3284503046755392e-42,0.0686747547354219
2025-07-01,A305720,2.2785678739458744e-42,0.0329398490778668
2025-07-02,A305720,6.8272525822734356e-43,0.0163491380015294
2025-07-03,A305720,-5.9883165800948e-43,-0.0140414768611081
2025-07-04,A305720,-5.999507976861591e-43,0.0125897039471302
2025-07-07,A305720,-4.932334843236663e-44,0.0285420033394844
2025-07-08,A305720,2.418305017098407e-43,0.0379736574284147
2025-07-09,A305720,1.5559301875867311e-43,0.0107527917762616
2025-07-10,A305720,-1.8833781967367674e-44,-0.0013265533672057
2025-07-11,A305720,-7.57428132441128e-44,0.0103005202579657
2025-07-14,A305720,-3.1040074779988754e-44,0.0481715436733657
2025-07-15,A305720,1.7172270933782652e-44,0.0298784496227369
2025-07-16,A305720,2.3233380859024255e-44,0.0746807645321511
2025-07-17,A305720,5.3181019518391484e-45,0.0920869699227561
2025-07-18,A305720,-7.028145450470694e-45,0.0588648988957067
2025-07-21,A305720,-5.924008483642006e-45,0.0344651991772172
2025-07-22,A305720,-1.6480967212342376e-47,0.039576475701706
2025-07-23,A305720,2.6302845270008132e-45,0.0381384964133513
2025-07-24,A305720,1.455350433400676e-45,-0.0085106896679086
2025-07-25,A305720,-3.3867135990185376e-46,-0.0554548359151647
2025-07-28,A305720,-7.969371620000681e-46,-0.0565724603010168
2025-07-29,A305720,-2.679873332797471e-46,0.0104544579038589
2025-07-30,A305720,2.1041517028671985e-46,0.0027827487645209
2025-07-31,A305720,2.338242626122641e-46,0.0185489189105951
2025-08-01,A305720,3.665355641363507e-47,0.0510166603832115
2025-08-04,A305720,-8.009638009994734e-47,0.0798155787444463
2025-08-05,A305720,-5.751415065358811e-47,0.0190180058357619
2025-08-06,A305720,4.8908202098635543e-48,0.021210535929134
2025-08-07,A305720,2.816901035002265e-47,0.0430089740888383
2025-08-08,A305720,1.3296086969254698e-47,0.0251560480357002
2025-08-11,A305720,-4.90829668076815e-48,-0.0117510165355188
2025-08-12,A305720,-8.260850495361083e-48,-0.0106530895041341
2025-08-13,A305720,-2.18980054074213e-48,-0.0156681622800689
2025-08-14,A305720,2.4829631779496447e-48,-0.0450085748350895
2025-08-18,A305720,2.3212102250604492e-48,0.0094192219164915
2025-08-19,A305720,1.8840125851961884e-49,0.0039323684177208
2025-08-20,A305720,-8.916504900995851e-49,-0.0011907125836273
2025-08-21,A305720,-5.480017115828295e-49,-0.0329082664735626
2025-08-22,A305720,1.0169736720887341e-49,-0.0467106625002825
2025-08-25,A305720,2.973739177781166e-49,-0.0885750989658124
2025-08-26,A305720,1.1790293786372639e-49,-0.0851578083403068
2025-08-27,A305720,-6.428045938814411e-50,-0.078455405752964
2025-08-28,A305720,-8.439939066201979e-50,-0.0391064805919814
2025-08-29,A305720,-1.6381852434628555e-50,-0.0216247561638104
2025-09-01,A305720,2.8472576273831983e-50,-0.0025641039689376
2025-09-02,A305720,2.2705743757770646e-50,0.0127390257774297
2025-09-03,A305720,-7.979810015988928e-54,0.0085543720966585
2025-09-04,A305720,-9.732534812968877e-51,-0.001273615115909
2025-09-05,A305720,-5.109360179186147e-51,0.0262282378235855
2025-09-08,A305720,1.5601180166683323e-51,0.0253498998955263
2025-09-09,A305720,3.0966405197199534e-51,0.0067283685286845
2025-09-10,A305720,1.0043512828874761e-51,0.0202367782873529
2025-09-11,A305720,-7.924659533025096e-52,0.0334199857272505
2025-09-12,A305720,-8.498929569107745e-52,0.0
2025-09-15,A305720,-1.0304767428281207e-52,0.0025000013020846
2025-09-16,A305720,3.19056633368705e-52,0.0116667989996153
2025-09-17,A305720,2.1851132199983026e-52,-0.0151390612156842
2025-09-18,A305720,-1.9898745797783052e-53,-0.005355316609414
2025-09-19,A305720,-1.0441862316392146e-52,-0.0249431658968979
2025-09-22,A305720,-4.640334037403038e-53,-0.0210268470091064
2025-09-23,A305720,2.110908077533857e-53,-0.0349877626217196
2025-09-24,A305720,3.1817716356002685e-53,-0.0136520891683273
2025-09-25,A305720,8.06733976312664e-54,-0.0234026560120251
2025-09-26,A305720,-9.375894256638545e-54,-0.0025717973883714
2025-09-29,A305720,-8.431373257727415e-54,0.0122493611878829
2025-09-30,A305720,-3.731638424604946e-55,0.0699933718205349
2025-10-01,A305720,3.5064401516976224e-54,0.0784554057529639
2025-10-02,A305720,2.0640857680164174e-54,0.1391182937850557
2025-10-10,A305720,-4.03831789731554e-55,0.2157341954565998
2025-10-13,A305720,-1.1029241112960217e-54,0.2070619520958675
2025-10-14,A305720,-4.0752433155965756e-55,0.1641575861662833
2025-10-15,A305720,2.6612816030034614e-55,0.2047061552874986
2025-10-16,A305720,3.2256918863334846e-55,0.1113030884446292
2025-10-17,A305720,5.877588776946105e-56,0.1365534559701621
2025-10-20,A305720,-1.0758868984363563e-55,0.12676795774176
2025-10-21,A305720,-8.23225694138186e-56,0.1491922330340752
2025-10-22,A305720,3.262565340714455e-57,0.1099132430450497
2025-10-23,A305720,3.7885391009387233e-56,0.0827230642988534
2025-10-24,A305720,1.9072636117821941e-56,-0.0238179198081259
2025-10-27,A305720,-6.12758573431041e-57,-0.0108828159934553
2025-10-28,A305720,-1.1480319435332e-56,-0.0369309390272884
2025-10-29,A305720,-3.4178589655682073e-57,-0.074933524149023
2025-10-30,A305720,3.202808714231561e-57,-0.0257841171557146
2025-10-31,A305720,3.225419739112336e-57,-0.0403585666908442
2025-11-03,A305720,3.4942470269025236e-58,-0.0318075293420811
2025-11-04,A305720,-1.2050389952381844e-57,-0.0211566989774005
2025-11-05,A305720,-7.898165329605102e-58,0.0207213228132523
2025-11-06,A305720,1.059328674702453e-58,0.0417171161673716
2025-11-07,A305720,4.030725948023152e-58,0.0326029826019758
2025-11-10,A305720,1.7149573293793135e-58,0.0056320549374339
2025-11-11,A305720,-8.229863926705658e-59,-0.0534648479010583
2025-11-12,A305720,-1.1781914059418364e-58,-0.0766305172527689
2025-11-13,A305720,-2.673449140606807e-59,-0.0842767305861674
2025-11-14,A305720,3.726790618930149e-59,-0.0881728337567866
2025-11-17,A305720,3.1784964635597414e-59,-0.1135408763046601
2025-11-18,A305720,9.413696260377303e-61,-0.0627312851716138
2025-11-19,A305720,-1.322729468591735e-59,0.0173632535761991
2025-11-20,A305720,-7.427426356956948e-60,-0.0035754954392386
2025-11-21,A305720,1.8167053661077373e-60,0.0291624486889913
2025-11-24,A305720,4.2271624750429756e-60,0.0682236137826649
2025-11-25,A305720,1.4880368295085576e-60,0.0692480889452108
2025-11-26,A305720,-1.0315570325508034e-60,0.0029187632201663
2025-11-27,A305720,-1.1922279169845159e-60,-0.0078457414551133
2025-11-28,A305720,-1.848788163323547e-61,0.0251195722813907
2025-12-01,A305720,4.224368360912603e-61,0.0617186823292152
2025-12-02,A305720,3.0830460292411576e-61,0.0555874067181693
2025-12-03,A305720,-1.7530870118030884e-62,0.0498998369298696
2025-12-04,A305720,-1.4266810881499467e-61,0.0471165497892486
2025-12-05,A305720,-6.820236722677021e-62,0.0357576459359169
2025-12-08,A305720,2.588232906499279e-62,-0.0154658201755852
2025-12-09,A305720,4.3724070406588104e-62,-0.0683347602424022
2025-12-10,A305720,1.2279449468128637e-62,-0.0573758997042247
2025-12-11,A305720,-1.2353716945107341e-62,-0.1101028357248475
2025-12-12,A305720,-1.1891366148952708e-62,-0.11622999915849
2025-12-15,A305720,-9.521425113405883e-64,-0.0968075596698285
2025-12-16,A305720,4.6866403941875907e-63,-0.0495634894241322
2025-12-17,A305720,2.937830038464847e-63,-0.0484639531079844
2025-12-18,A305720,-4.557494769735453e-64,0.0034891870709537
2025-12-19,A305720,-1.514692607996207e-63,0.0010469378028335
2025-12-22,A305720,-6.078764990079792e-64,-0.0503538861456147
2024-07-30,A329750,-0.0001185032866039726,-0.0078092944850026
2024-07-31,A329750,0.0013422134533327985,0.003246080506502
2024-08-01,A329750,0.000797411662396037,0.0097732891693633
2024-08-02,A329750,0.0008565186846954192,-0.0028454283153379
2024-08-05,A329750,0.0005020428285719898,0.0011683219220955
2024-08-06,A329750,0.00034408059521739124,-0.0004171011530751
2024-08-07,A329750,0.00015448222256762219,-0.01052553364463
2024-08-08,A329750,5.8780736432223e-05,-0.0114535382414792
2024-08-09,A329750,-8.998596956537625e-06,-0.0218597198709028
2024-08-12,A329750,-3.429165295123552e-05,-0.0274800635660295
2024-08-13,A329750,-4.2405389039689696e-05,-0.0241524998208832
2024-08-14,A329750,-3.7120063680699186e-05,-0.0194180858571016
2024-08-16,A329750,-2.819720659641911e-05,-0.0144825736908707
2024-08-19,A329750,-1.8388041368039803e-05,-0.0046363953578341
2024-08-20,A329750,-1.0391263476764867e-05,-0.001716002137089
2024-08-21,A329750,-4.57268062895094e-06,0.0007690007641749
2024-08-22,A329750,-9.718551989321478e-07,0.000428027229066
2024-08-23,A329750,9.386756557457369e-07,-0.001964049988773
2024-08-26,A329750,1.665851334771693e-06,0.0095923996914395
2024-08-27,A329750,1.7023908074366175e-06,0.0099970927014599
2024-08-28,A329750,1.3987604789564462e-06,0.0041764390559645
2024-08-29,A329750,9.922539298301104e-07,0.0017102791923286
2024-08-30,A329750,6.120792342417494e-07,-0.0054855713112093
2024-09-02,A329750,3.162884375576191e-07,0.0025538449225595
2024-09-03,A329750,1.1598702979672373e-07,0.0024625325567721
2024-09-04,A329750,-1.1340029269915036e-09,-0.0008509190438551
2024-09-05,A329750,-5.670822453195014e-08,0.003241493924171
2024-09-06,A329750,-7.251780173738633e-08,0.0025751087191381
2024-09-09,A329750,-6.643537410828429e-08,-0.0066536115122696
2024-09-10,A329750,-5.1064919021511035e-08,-0.0095441712981079
2024-09-11,A329750,-3.415980389177762e-08,0.0
2024-09-12,A329750,-1.96964324688024e-08,-0.0008520065267895
2024-09-13,A329750,-9.11165750155498e-09,0.0033377582444298
2024-09-19,A329750,-2.36068969267485e-09,0.0004278441001387
2024-09-20,A329750,1.297151032044922e-09,-0.0058394326515593
2024-09-23,A329750,2.7954463655769776e-09,-0.0209030878630581
2024-09-24,A329750,2.984089696340789e-09,-0.0103672264703355
2024-09-25,A329750,2.5136979099607913e-09,0.0019632117611043
2024-09-26,A329750,1.8177888206936558e-09,0.0131731816137115
2024-09-27,A329750,1.145143447561241e-09,0.0219770344294991
2024-09-30,A329750,6.098549972203688e-10,0.0316563348697929
2024-10-02,A329750,2.40467761902535e-10,0.0215556801907618
2024-10-04,A329750,1.9427189933792875e-11,0.0185863253561593
2024-10-07,A329750,-8.947560560948777e-11,0.012668486052313
2024-10-08,A329750,-1.2453532346867165e-10,0.0101430099650547
2024-10-10,A329750,-1.1785021563907637e-10,0.0158746754171165
2024-10-11,A329750,-9.254201509944596e-11,0.0167172064299692
2024-10-14,A329750,-6.311710908569352e-11,0.0141292244142987
2024-10-15,A329750,-3.7256054691155316e-11,0.0141552796068556
2024-10-16,A329750,-1.794712522030305e-11,0.0158043916783989
2024-10-17,A329750,-5.383208594727085e-12,0.0084193646329132
2024-10-18,A329750,1.6101366851449489e-12,0.0144017631346011
2024-10-21,A329750,4.637962178802938e-12,0.0080552794603183
2024-10-22,A329750,5.209041277170246e-12,0.0047560565256511
2024-10-23,A329750,4.5030480386475874e-12,0.001558591021389
2024-10-24,A329750,3.321476631478622e-12,-0.000411065899651
2024-10-25,A329750,2.135268206235592e-12,-0.0055715015077814
2024-10-28,A329750,1.169547221029697e-12,-0.0097072167319926
2024-10-29,A329750,4.90120277225601e-13,-0.0035238717063427
2024-10-30,A329750,7.45752708122516e-14,0.0111669253501166
2024-10-31,A329750,-1.3730051793752828e-13,0.0131521725935165
2024-11-01,A329750,-2.124156256798455e-13,0.0071227121711201
2024-11-04,A329750,-2.083057961245116e-13,0.0188344905916711
2024-11-05,A329750,-1.6724201110553283e-13,0.0185446550746607
2024-11-06,A329750,-1.1629060352747787e-13,0.0086357019460631
2024-11-07,A329750,-7.019636066634897e-14,0.004695984664071
2024-11-08,A329750,-3.5068620511462213e-14,0.0082866669660046
2024-11-11,A329750,-1.175772148077655e-14,0.0008108985199452
2024-11-12,A329750,1.5498814059976807e-15,-0.0090666856021723
2024-11-13,A329750,7.595757676675422e-15,-0.0110703728451909
2024-11-14,A329750,9.048691133391547e-15,-0.0012123662830705
2024-11-15,A329750,8.041776175940139e-15,0.0024242436115064
2024-11-18,A329750,6.05256005318995e-15,0.005416124148875
2024-11-19,A329750,3.9690393257846354e-15,0.0055145707830693
2024-11-20,A329750,2.2317668442179917e-15,0.0031639177815046
2024-11-21,A329750,9.855224453712538e-16,0.0
2024-11-22,A329750,2.0706348473380275e-16,-0.0024242436115063
2024-11-25,A329750,-2.024985263291541e-16,0.0016110846081833
2024-11-26,A329750,-3.595082461969006e-16,0.0051625507899948
2024-11-27,A329750,-3.6678042896799524e-16,0.012876405173402
2024-11-28,A329750,-3.013849672683391e-16,0.014531988701172
2024-11-29,A329750,-2.1366361357497602e-16,0.0180401765577345
2024-12-02,A329750,-1.3177962758924017e-16,0.0262932657473887
2024-12-03,A329750,-6.804796753767611e-17,0.0185729303585603
2024-12-04,A329750,-2.4924932537881347e-17,0.0166525139034501
2024-12-05,A329750,2.8883741544280436e-19,0.0111759574839096
2024-12-06,A329750,1.224096622707015e-17,0.0099621317252526
2024-12-09,A329750,1.563427473850248e-17,-0.0018833875142663
2024-12-10,A329750,1.4314972972631205e-17,0.0080233262940621
2024-12-11,A329750,1.0999291052709152e-17,0.0007861017620441
2024-12-12,A329750,7.355444961595108e-18,0.0147872662781006
2024-12-13,A329750,4.239418484352148e-18,0.0132855971014188
2024-12-16,A329750,1.9597246630430407e-18,0.0117133933344425
2024-12-17,A329750,5.06261199981029e-19,0.0133081072219954
2024-12-18,A329750,-2.808966530443502e-19,0.0230698801749658
2024-12-19,A329750,-6.029926317383563e-19,0.0128864779515843
2024-12-20,A329750,-6.4316490325994505e-19,0.016706189381911
2024-12-23,A329750,-5.415482260382811e-19,0.0136476153504907
2024-12-24,A329750,-3.9149137712410753e-19,0.0098469908664337
2024-12-26,A329750,-2.465394288046738e-19,0.0038320095941569
2024-12-27,A329750,-1.3123122396688633e-19,-0.0087787411157298
2024-12-30,A329750,-5.1686493805701854e-20,-0.0118271864797259
2025-01-02,A329750,-4.105210597332617e-21,-0.0049132603061025
2025-01-03,A329750,1.9322861593631328e-20,-0.0015322151162801
2025-01-06,A329750,2.6851277230277304e-20,0.0015287016658932
2025-01-07,A329750,2.539519169184471e-20,0.0072441747131499
2025-01-08,A329750,1.9934206001587947e-20,0.0049321924893188
2025-01-09,A329750,1.3591387618755857e-20,-0.0019258181047347
2025-01-10,A329750,8.019439248932983e-21,-0.0049189246825241
2025-01-13,A329750,3.860627876726538e-21,-0.0126048859732
2025-01-14,A329750,1.1554913110120262e-21,-0.0149308463580211
2025-01-15,A329750,-3.4957595955127663e-22,-0.0161193818798833
2025-01-16,A329750,-1.000634128423398e-21,-0.0127261747021158
2025-01-17,A329750,-1.1228002971955642e-21,-0.0166256160121748
2025-01-20,A329750,-9.701822459140225e-22,0.0023176771808611
2025-01-21,A329750,-7.153688683835297e-22,0.0199096012328462
2025-01-22,A329750,-4.597298332169508e-22,0.0191896943931411
2025-01-23,A329750,-2.5169060266117796e-22,0.0065385147711539
2025-01-24,A329750,-1.0537427500915007e-22,0.0119920452847169
2025-01-31,A329750,-1.5918333816788103e-23,-0.0030914314751132
2025-02-03,A329750,2.966747815789344e-23,-0.0099052524071138
2025-02-04,A329750,4.5804950443388933e-23,-0.0060729709651083
2025-02-05,A329750,4.489003605752363e-23,0.006187659930962
2025-02-06,A329750,3.602683818370288e-23,-0.0007743534535919
2025-02-07,A329750,2.5042759684765926e-23,-0.001549306995165
2025-02-10,A329750,1.5110875727489227e-23,-0.0061924495427441
2025-02-11,A329750,7.544612863912386e-24,-0.0054121053706054
2025-02-12,A329750,2.5252865590173088e-24,-0.0084401755441311
2025-02-13,A329750,-3.389188014029998e-25,-0.0041919018067194
2025-02-14,A329750,-1.6391753998656336e-24,-0.0069236730743561
2025-02-17,A329750,-1.950600477773271e-24,-0.010066806306098
2025-02-18,A329750,-1.7326952689158576e-24,-0.0080953193712469
2025-02-19,A329750,-1.303641199262448e-24,-0.0027253277526401
2025-02-20,A329750,-8.54591180247185e-25,0.0041919018067195
2025-02-21,A329750,-4.803228549979494e-25,0.0214696639517484
2025-02-24,A329750,-2.119283631370039e-25,0.0250177629752879
2025-02-25,A329750,-4.4336773556797516e-26,0.0184301329368305
2025-02-26,A329750,4.379106126175414e-26,0.0065283514677389
2025-02-27,A329750,7.753477495508854e-26,0.0027076177915635
2025-02-28,A329750,7.904677361014315e-26,-0.0053627647101956
2025-03-04,A329750,6.492673727650128e-26,0.0
2025-03-05,A329750,4.601385719599435e-26,-0.0015357447539624
2025-03-06,A329750,2.8369361121762735e-26,0.0087922824609939
2025-03-07,A329750,1.464137632026733e-26,0.0076192310720101
2025-03-10,A329750,5.355619441545852e-27,-0.0026151849379054
2025-03-11,A329750,-7.154411384610794e-29,-0.0046001767851027
2025-03-12,A329750,-2.6424325717338268e-27,0.0
2025-03-13,A329750,-3.370561483612137e-27,0.004978754874825
2025-03-14,A329750,-3.084503752982502e-27,0.0068004082512001
2025-03-17,A329750,-2.369211848532926e-27,0.0151344324182379
2025-03-18,A329750,-1.5838131021251996e-27,0.0136617274626775
2025-03-19,A329750,-9.124793062335583e-28,0.0117648415795864
2025-03-20,A329750,-4.214955937096812e-28,0.0048780584534327
2025-03-21,A329750,-1.0856735261228393e-28,0.0026616997348603
2025-03-24,A329750,6.08257146888945e-29,0.0041636761011056
2025-03-25,A329750,1.3006846569325995e-28,0.0030275530240377
2025-03-26,A329750,1.3862195195889615e-28,0.0003796651399113
2025-03-27,A329750,1.1667046846000527e-28,0.0015195262002938
2025-03-28,A329750,8.431416524676648e-29,-0.0221156214636734
2025-03-31,A329750,5.307775289021209e-29,-0.0045430531685185
2025-04-01,A329750,2.823885089923586e-29,0.0015103461563139
2025-04-02,A329750,1.1109518005172607e-29,0.0138723575672902
2025-04-03,A329750,8.671602632338407e-31,-0.0041080316425741
2025-04-04,A329750,-4.172868857649544e-30,0.0115028095034538
2025-04-07,A329750,-5.7894392883298004e-30,-0.0282467696544723
2025-04-08,A329750,-5.472328346821226e-30,-0.0327520933808162
2025-04-09,A329750,-4.293965837126727e-30,-0.0394004238195929
2025-04-10,A329750,-2.926712990842461e-30,-0.0264951967817756
2025-04-11,A329750,-1.726198167378758e-30,-0.0176557164884155
2025-04-14,A329750,-8.304624074946576e-31,-0.0050870780805641
2025-04-15,A329750,-2.4802004815581394e-31,-0.0031237823136833
2025-04-16,A329750,7.58913729497796e-32,-0.0031201273362436
2025-04-17,A329750,2.1588466461945203e-31,0.0108218581145071
2025-04-18,A329750,2.420174187664447e-31,0.0111871893905643
2025-04-21,A329750,2.09025693715957e-31,0.0189638075970682
2025-04-22,A329750,1.5407370582023672e-31,0.0131320120175752
2025-04-23,A329750,9.898116134235222e-32,0.0007809449830713
2025-04-24,A329750,5.416460883028382e-32,-0.0174189133762479
2025-04-25,A329750,2.2655039302622724e-32,-0.0263801450670035
2025-04-28,A329750,3.3975411109039324e-33,-0.0310411537500995
2025-04-29,A329750,-6.410386264341045e-33,-0.0256464408152914
2025-04-30,A329750,-9.877280737498622e-33,-0.0124898524761104
2025-05-02,A329750,-9.673821509424685e-33,0.0046381907764077
2025-05-07,A329750,-7.760801196456944e-33,0.014411400341619
2025-05-08,A329750,-5.392863088540647e-33,-0.0015895727397262
2025-05-09,A329750,-3.252851295264147e-33,-0.0066751678246048
2025-05-12,A329750,-1.6231339284673923e-33,-0.003166814458795
2025-05-13,A329750,-5.423684530337655e-34,-0.014854887572246
2025-05-14,A329750,7.409584123829019e-35,-0.0227749840811307
2025-05-15,A329750,3.53734760369426e-34,-0.0095105611963098
2025-05-16,A329750,4.204847120784311e-34,-0.0103387015870183
2025-05-19,A329750,3.733292249975941e-34,-0.025051490713464
2025-05-20,A329750,2.8078681005144297e-34,-0.0171012958965036
2025-05-21,A329750,1.840055953751976e-34,-0.0067415985669195
2025-05-22,A329750,1.0337537737313945e-34,-0.0024119645074714
2025-05-23,A329750,4.557327530465892e-35,0.0052227831547838
2025-05-26,A329750,9.493128469717034e-36,0.0096290746824276
2025-05-27,A329750,-9.46981746628886e-36,0.0043632906975071
2025-05-28,A329750,-1.6721801776802086e-35,-0.0112565467643253
2025-05-29,A329750,-1.7035764315376074e-35,-0.0104382547467222
2025-05-30,A329750,-1.3987020295736805e-35,-0.0100681451339179
2025-06-02,A329750,-9.909377285738868e-36,0.0016092697389965
2025-06-04,A329750,-6.107316116280522e-36,-0.0092338255307323
2025-06-05,A329750,-3.1502706691992216e-36,0.0084340780545859
2025-06-09,A329750,-1.1507544324566542e-36,0.0047876100698589
2025-06-10,A329750,1.7419543686379232e-38,-0.0003238604189912
2025-06-11,A329750,5.704131740971358e-37,-0.0032211334019698
2025-06-12,A329750,7.2665122910360776e-37,0.0171840782071603
2025-06-13,A329750,6.646295463512273e-37,-0.0016164232081715
2025-06-16,A329750,5.103201902532714e-37,0.0147853235792113
2025-06-17,A329750,3.4103467866285124e-37,-0.0020265074012638
2025-06-18,A329750,1.9639898052343834e-37,-0.0032315426409398
2025-06-19,A329750,9.06545981086387e-38,-0.0151518050206022
2025-06-20,A329750,2.3281736154774696e-38,-0.0051901827645165
2025-06-23,A329750,-1.3170886264491722e-38,-0.0236482510507219
2025-06-24,A329750,-2.8056318835476845e-38,-0.0016241679711333
2025-06-25,A329750,-2.9877284337944673e-38,-0.0007285385031024
2025-06-26,A329750,-2.5135317062506693e-38,0.0020281514273782
2025-06-27,A329750,-1.8158440355202958e-38,0.0047856683785144
2025-06-30,A329750,-1.142715864874636e-38,0.014111011859535
2025-07-01,A329750,-6.076537253074134e-39,0.0092226201794129
2025-07-02,A329750,-2.3878729669244192e-39,0.0099912200078867
2025-07-03,A329750,-1.831031349784767e-40,0.0083932378770974
2025-07-04,A329750,9.011448086849442e-40,0.0111849888648587
2025-07-07,A329750,1.2482661897310936e-39,0.0091383401472443
2025-07-08,A329750,1.1792132379680303e-39,0.0095372391911868
2025-07-09,A329750,9.24949190295226e-40,0.0098923822265937
2025-07-10,A329750,6.3022570403590185e-40,0.0165780476390382
2025-07-11,A329750,3.7156671928220605e-40,0.0134326225905919
2025-07-14,A329750,1.7864094193504173e-40,0.0078687367018928
2025-07-15,A329750,5.323551730211036e-41,0.0074698376579501
2025-07-16,A329750,-1.6474632439314107e-41,-0.0019865714348448
2025-07-17,A329750,-4.657647912057643e-41,-0.0141699552889604
2025-07-18,A329750,-5.216630985833126e-41,-0.0086429590874117
2025-07-21,A329750,-4.503452975149501e-41,-0.0050797791588307
2025-07-22,A329750,-3.3183842777330695e-41,0.0019773012334598
2025-07-23,A329750,-2.1310910572591686e-41,0.0011924163740467
2025-07-24,A329750,-1.1656377166509831e-41,0.0133791913698485
2025-07-25,A329750,-4.870721807542343e-42,0.0137616850726815
2025-07-28,A329750,-7.250960257358721e-43,0.0066619327995249
2025-07-29,A329750,1.3851056809388026e-42,0.000394991512818
2025-07-30,A329750,2.129910741229383e-42,0.0058618672287481
2025-07-31,A329750,2.0847102523978883e-42,-0.0034868091432546
2025-08-01,A329750,1.6718088133971567e-42,-0.0055135615413921
2025-08-04,A329750,1.1613316196494197e-42,0.0007901391055835
2025-08-05,A329750,7.002261476684532e-43,0.0011840392905581
2025-08-06,A329750,3.491972934796598e-43,-0.0035605528773788
2025-08-07,A329750,1.1648618123673907e-43,0.0007935248789664
2025-08-08,A329750,-1.619555745255752e-44,-0.0015809030246955
2025-08-11,A329750,-7.63357614153088e-44,0.0015784077146463
2025-08-12,A329750,-9.064240456098543e-44,0.0073882282157736
2025-08-13,A329750,-8.043802137277774e-44,0.0121328203837106
2025-08-14,A329750,-6.047766079010212e-44,0.0090019559249416
2025-08-18,A329750,-3.961897825606823e-44,0.0015809030246954
2025-08-19,A329750,-2.2248482189715752e-44,0.0054264613516726
2025-08-20,A329750,-9.800088328957385e-45,-0.0011753184506732
2025-08-21,A329750,-2.0325402507886457e-45,-0.0077827522276766
2025-08-22,A329750,2.047813208841511e-45,-0.0003931281255175
2025-08-25,A329750,3.606355040866206e-45,0.0062202476059011
2025-08-26,A329750,3.6714581230466095e-45,-0.0022771004303612
2025-08-27,A329750,3.013189632645752e-45,-0.0014907224917475
2025-08-28,A329750,2.1340458190722622e-45,0.0054307323272459
2025-08-29,A329750,1.314773094303394e-45,0.0007861017620441
2025-09-01,A329750,6.778179349043559e-46,-0.0026723272996757
2025-09-02,A329750,2.4725940464132264e-46,-0.0023610903460465
2025-09-03,A329750,-4.184803897394022e-48,-0.0031456458779193
2025-09-04,A329750,-1.2313247563501376e-46,0.0
2025-09-05,A329750,-1.5665671571589584e-46,-0.0007861017620441
2025-09-08,A329750,-1.432100696843651e-46,0.0007867202042147
2025-09-09,A329750,-1.0992114905167574e-46,-0.0051349008825934
2025-09-10,A329750,-7.343325606010073e-47,-0.0047371002842692
2025-09-11,A329750,-4.2272205143614017e-47,-0.0010995053334168
2025-09-12,A329750,-1.9497792715385147e-47,0.0046290930412117
2025-09-15,A329750,-4.99255567188638e-48,0.0026702285558788
2025-09-16,A329750,2.85187206174573e-48,0.0109488707480131
2025-09-17,A329750,6.051848150001086e-48,0.0125045866719133
2025-09-18,A329750,6.439463252028944e-48,0.0081390338169447
2025-09-19,A329750,5.4151116621928355e-48,0.0135284289969348
2025-09-22,A329750,3.9107152817567005e-48,0.0054751798880887
2025-09-23,A329750,2.460161236818401e-48,0.0081142678180806
2025-09-24,A329750,1.307568986933471e-48,0.0084828712111555
2025-09-25,A329750,5.1324540396296064e-49,0.0027242671061624
2025-09-26,A329750,3.8647188317660514e-50,0.007233026301443
2025-09-29,A329750,-1.946036619636548e-49,0.0210712847530923
2025-09-30,A329750,-2.6913926419775594e-49,0.0217525198022963
2025-10-01,A329750,-2.5410434462191713e-49,0.011097524495805
2025-10-02,A329750,-1.9924013032148685e-49,0.0125904416802795
2025-10-10,A329750,-1.357099619683363e-49,0.0011493813762957
2025-10-13,A329750,-7.998019732463151e-50,-0.0026767634811744
2025-10-14,A329750,-3.8427400407118332e-50,-0.0019026604925537
2025-10-15,A329750,-1.1426434122525607e-50,0.0075587303957543
2025-10-16,A329750,3.5761189959817636e-51,0.0159150513176466
2025-10-17,A329750,1.0048700530087131e-50,0.0117245347641014
2025-10-20,A329750,1.1244314803550041e-50,0.0086923917496761
2025-10-21,A329750,9.702668631276984e-51,0.0064543297072728
2025-10-22,A329750,7.14701152257855e-51,0.0015201036597394
2025-10-23,A329750,4.588292243565253e-51,-0.0094118341823465
2025-10-24,A329750,2.5084817219802674e-51,-0.0082842959060949
2025-10-27,A329750,1.0471770365140845e-51,-0.0022801560384416
2025-10-28,A329750,1.5473528198381205e-52,0.0015126307527923
2025-10-29,A329750,-2.992793806952916e-52,0.0127534460742862
2025-10-30,A329750,-4.592873014129297e-52,0.0157376328200385
2025-10-31,A329750,-4.492549297902403e-52,0.0231594856711389
2025-11-03,A329750,-3.601358076576574e-52,0.0165268071310807
2025-11-04,A329750,-2.5008794265218117e-52,0.0181979785137254
2025-11-05,A329750,-1.5073426095630593e-52,0.011852101021475
2025-11-06,A329750,-7.512534802079869e-53,0.0129775091006421
2025-11-07,A329750,-2.501788591441005e-53,0.0003727865840002
2025-11-10,A329750,3.539196351056928e-54,0.0055232264606974
2025-11-11,A329750,1.6473138324787065e-53,-0.0003711263727882
2025-11-12,A329750,1.9539432686103696e-53,0.0014069386600148
2025-11-13,A329750,1.7331268930347625e-53,0.0007407407746108
2025-11-14,A329750,1.3026055450039253e-53,0.014357854700593
2025-11-17,A329750,8.530512646768743e-54,0.0132354329583051
2025-11-18,A329750,4.788319185559939e-54,0.0062167162916486
2025-11-19,A329750,2.1074065399626428e-54,-0.0002960331578753
2025-11-20,A329750,4.3516433172869605e-55,-0.0007407407746109
2025-11-21,A329750,-4.4282458652852546e-55,-0.004713863041122
2025-11-24,A329750,-7.777728187854832e-55,-0.0032372011789818
2025-11-25,A329750,-7.912523568307142e-55,7.377623670753177e-05
2025-11-26,A329750,-6.4912353819742986e-55,0.0029563953536025
2025-11-27,A329750,-4.5957962639453846e-55,0.0055422273768097
2025-11-28,A329750,-2.830419319875723e-55,0.0007380074135704
2025-12-01,A329750,-1.4584027029397252e-55,-0.0036914032319596
2025-12-02,A329750,-5.312759843850782e-56,0.0011059908961489
2025-12-03,A329750,9.945763136455535e-58,0.0011063987851852
2025-12-04,A329750,2.657988621523865e-56,0.0007366482837723
2025-12-05,A329750,3.3773126744018265e-56,0.0029465951338052
2025-12-08,A329750,3.0857947746185046e-56,0.0062673016203916
2025-12-09,A329750,2.3676604606843757e-56,0.0055116803135239
2025-12-10,A329750,1.5811994620904334e-56,0.0080764021971498
2025-12-11,A329750,9.098505179475409e-57,0.0062396972494812
2025-12-12,A329750,4.193531135640131e-57,0.00476977605821
2025-12-15,A329750,1.0705866718150002e-57,0.0058629702574327
2025-12-16,A329750,-6.174936176262542e-58,0.0058458332352926
2025-12-17,A329750,-1.3054012482068873e-57,-0.0165902422601968
2025-12-18,A329750,-1.3878983438047248e-57,-0.0218244282661795
2025-12-19,A329750,-1.1666217996695342e-57,-0.02745998141749
2025-12-22,A329750,-8.422354331760122e-58,-0.0236609929017601
2024-07-30,A381170,-0.03835352260880643,-0.0612290134371991
2024-07-31,A381170,-0.02917045625387934,-0.0514353671237683
2024-08-01,A381170,-0.01922256798833912,-0.0930833153413367
2024-08-02,A381170,-0.01197212951418584,-0.0181233053350945
2024-08-05,A381170,-0.006567673880758368,0.1021961737452316
2024-08-06,A381170,-0.0028586710368099138,0.0267306607000008
2024-08-07,A381170,-0.0003487215413813375,0.0469265673407157
2024-08-08,A381170,0.001299941819762863,0.0845962875182685
2024-08-09,A381170,0.002367964517349259,0.0454833349218993
2024-08-12,A381170,0.0030493125540007283,0.0505308086472159
2024-08-13,A381170,0.0034794337470444104,0.0411195845562636
2024-08-14,A381170,0.0037483083626670913,0.0193437323583247
2024-08-16,A381170,0.003915062241345103,-0.0152516467883107
2024-08-19,A381170,0.004017749062444779,0.0052438505060109
2024-08-20,A381170,0.004080595995951272,-0.0202979599752659
2024-08-21,A381170,0.004118847225006325,-0.0120895293983099
2024-08-22,A381170,0.004142012988368218,-0.0383011656161096
2024-08-23,A381170,0.0041559790003704656,-0.0190300222214966
2024-08-26,A381170,0.004164363640799907,-0.010012098052613
2024-08-27,A381170,0.0041693779644174185,-0.0052781181673429
2024-08-28,A381170,0.004172365869317398,-0.0544439212719604
2024-08-29,A381170,0.004174140218315269,-0.0284955052920522
2024-08-30,A381170,0.004175190501250183,-0.0444678919561548
2024-09-02,A381170,0.004175810274279232,-0.0581059107426407
2024-09-03,A381170,0.00417617492036314,-0.0515559429745386
2024-09-04,A381170,0.004176388847946799,0.0007892452594582
2024-09-05,A381170,0.004176514004572463,0.0369034123483464
2024-09-06,A381170,0.004176587027731182,0.0509858646566744
2024-09-09,A381170,0.004176629519817128,0.0688648905985893
2024-09-10,A381170,0.0041766541808140045,0.0724539379827426
2024-09-11,A381170,0.004176668455831798,0.0723708096080546
2024-09-12,A381170,0.004176676697373545,0.0340706820079181
2024-09-13,A381170,0.004176681443096964,0.0255570017764631
2024-09-19,A381170,0.004176684168614036,0.0305378465706642
2024-09-20,A381170,0.004176685729718821,0.0039408917998766
2024-09-23,A381170,0.004176686621440756,-0.0192147375149367
2024-09-24,A381170,0.004176687129379818,-0.0217653171934396
2024-09-25,A381170,0.0041766874178768365,-0.0017196908795265
2024-09-26,A381170,0.00417668758124701,0.0012061854645506
2024-09-27,A381170,0.004176687673472366,0.0112443130444518
2024-09-30,A381170,0.004176687725365179,0.0447661287840417
2024-10-02,A381170,0.0041766877544632,0.0495274135469957
2024-10-04,A381170,0.004176687770719573,0.0356490608558878
2024-10-07,A381170,0.00417668777976593,0.0280047778051151
2024-10-08,A381170,0.004176687784778688,0.0307804976253475
2024-10-10,A381170,0.004176687787543517,0.0193171992471454
2024-10-11,A381170,0.004176687789060734,0.0200233361465653
2024-10-14,A381170,0.004176687789888622,0.0220119177135027
2024-10-15,A381170,0.004176687790337506,0.0176140257372723
2024-10-16,A381170,0.004176687790579139,0.0321463706113414
2024-10-17,A381170,0.004176687790708128,0.0152724333218711
2024-10-18,A381170,0.0041766877907763135,0.0230171459097661
2024-10-21,A381170,0.004176687790811937,0.0285550654248828
2024-10-22,A381170,0.004176687790830282,0.0202478530252989
2024-10-23,A381170,0.004176687790839558,0.0236387766305621
2024-10-24,A381170,0.0041766877908441385,0.0061541482006489
2024-10-25,A381170,0.004176687790846327,-0.0170038426249372
2024-10-28,A381170,0.004176687790847323,-0.0276270772365351
2024-10-29,A381170,0.004176687790847742,-0.0311328814096528
2024-10-30,A381170,0.004176687790847892,-0.0055884799518888
2024-10-31,A381170,0.0041766877908479254,0.0337183931056376
2024-11-01,A381170,0.004176687790847914,0.0596262806208712
2024-11-04,A381170,0.00417668779084789,0.0662559259910586
2024-11-05,A381170,0.004176687790847866,0.0708726237643363
2024-11-06,A381170,0.004176687790847846,0.0351516106449945
2024-11-07,A381170,0.004176687790847831,0.0209390452732542
2024-11-08,A381170,0.0041766877908478205,-0.0032892602513077
2024-11-11,A381170,0.0041766877908478136,-0.0212316612476256
2024-11-12,A381170,0.004176687790847808,-0.0256638420314843
2024-11-13,A381170,0.004176687790847805,-0.0097430199624797
2024-11-14,A381170,0.004176687790847803,-0.0183306749091431
2024-11-15,A381170,0.004176687790847802,-0.0059038810954314
2024-11-18,A381170,0.004176687790847801,0.0068045508221726
2024-11-19,A381170,0.004176687790847801,-0.0015591939900063
2024-11-20,A381170,0.004176687790847801,-0.010722078374821
2024-11-21,A381170,0.004176687790847801,-0.0061560459253821
2024-11-22,A381170,0.004176687790847801,-0.0028764263664815
2024-11-25,A381170,0.004176687790847801,0.0030777372166745
2024-11-26,A381170,0.004176687790847801,0.0338822321251128
2024-11-27,A381170,0.004176687790847801,0.0373753725385463
2024-11-28,A381170,0.004176687790847801,0.0570695604923403
2024-11-29,A381170,0.004176687790847801,0.0623202416121417
2024-12-02,A381170,0.004176687790847801,0.0762974419646962
2024-12-03,A381170,0.004176687790847801,0.0474285761382014
2024-12-04,A381170,0.004176687790847801,0.0434316858562971
2024-12-05,A381170,0.004176687790847801,0.0531525082474009
2024-12-06,A381170,0.004176687790847801,0.0443069210995706
2024-12-09,A381170,0.004176687790847801,0.0228406728622744
2024-12-10,A381170,0.004176687790847801,0.0523264637312692
2024-12-11,A381170,0.004176687790847801,0.0421707178357598
2024-12-12,A381170,0.004176687790847801,-0.0061462517878739
2024-12-13,A381170,0.004176687790847801,-0.0108135139960264
2024-12-16,A381170,0.004176687790847801,0.017107236278905
2024-12-17,A381170,0.004176687790847801,0.0007798183418538
2024-12-18,A381170,0.004176687790847801,0.0258001700444428
2024-12-19,A381170,0.004176687790847801,0.0443212096092285
2024-12-20,A381170,0.004176687790847801,0.0390131597578764
2024-12-23,A381170,0.004176687790847801,-0.0054472555582391
2024-12-24,A381170,0.004176687790847801,-0.0150798066676077
2024-12-26,A381170,0.004176687790847801,-0.0224849697538859
2024-12-27,A381170,0.004176687790847801,-0.0169557776721809
2024-12-30,A381170,0.004176687790847801,-0.0189215965726653
2025-01-02,A381170,0.004176687790847801,-0.0114612170301623
2025-01-03,A381170,0.004176687790847801,-0.0057538699646012
2025-01-06,A381170,0.004176687790847801,-0.0347854269214506
2025-01-07,A381170,0.004176687790847801,-0.0313768296703793
2025-01-08,A381170,0.004176687790847801,-0.0350617204387746
2025-01-09,A381170,0.004176687790847801,0.0023820878343539
2025-01-10,A381170,0.004176687790847801,-0.0147937029576885
2025-01-13,A381170,0.004176687790847801,0.0070305413828766
2025-01-14,A381170,0.004176687790847801,-0.000804214125133
2025-01-15,A381170,0.004176687790847801,0.0231910845911071
2025-01-16,A381170,0.004176687790847801,-0.0003966207960611
2025-01-17,A381170,0.004176687790847801,0.0177739757721629
2025-01-20,A381170,0.004176687790847801,0.0049917241201686
2025-01-21,A381170,0.004176687790847801,-0.0223320716840112
2025-01-22,A381170,0.004176687790847801,-0.019519109840986
2025-01-23,A381170,0.004176687790847801,-0.031554206526127
2025-01-24,A381170,0.004176687790847801,-0.0189863910516195
2025-01-31,A381170,0.004176687790847801,-0.0146462502151275
2025-02-03,A381170,0.004176687790847801,0.0116553819192711
2025-02-04,A381170,0.004176687790847801,0.0046724310500573
2025-02-05,A381170,0.004176687790847801,0.0119649807679621
2025-02-06,A381170,0.004176687790847801,0.0
2025-02-07,A381170,0.004176687790847801,0.0096545260949589
2025-02-10,A381170,0.004176687790847801,0.0218374752553426
2025-02-11,A381170,0.004176687790847801,0.0203826668028022
2025-02-12,A381170,0.004176687790847801,0.0066528479559645
2025-02-13,A381170,0.004176687790847801,0.0048408662850366
2025-02-14,A381170,0.004176687790847801,-0.0078371881959953
2025-02-17,A381170,0.004176687790847801,-0.0357166360426845
2025-02-18,A381170,0.004176687790847801,-0.0553610738853583
2025-02-19,A381170,0.004176687790847801,-0.0520465454631179
2025-02-20,A381170,0.004176687790847801,-0.0426278549930931
2025-02-21,A381170,0.004176687790847801,-0.0644094139138426
2025-02-24,A381170,0.004176687790847801,-0.0564796127704701
2025-02-25,A381170,0.004176687790847801,-0.0386432625814392
2025-02-26,A381170,0.004176687790847801,-0.0343658672784566
2025-02-27,A381170,0.004176687790847801,-0.0602362376471297
2025-02-28,A381170,0.004176687790847801,-0.0365047215225637
2025-03-04,A381170,0.004176687790847801,-0.0596299805342155
2025-03-05,A381170,0.004176687790847801,-0.0605700834022893
2025-03-06,A381170,0.004176687790847801,-0.0483367969243485
2025-03-07,A381170,0.004176687790847801,-0.0341630519194438
2025-03-10,A381170,0.004176687790847801,-0.0279706865939096
2025-03-11,A381170,0.004176687790847801,0.0092179294910999
2025-03-12,A381170,0.004176687790847801,-0.0041808022991252
2025-03-13,A381170,0.004176687790847801,0.0138821353515804
2025-03-14,A381170,0.004176687790847801,0.0077696181949411
2025-03-17,A381170,0.004176687790847801,0.0279706865939095
2025-03-18,A381170,0.004176687790847801,0.0418692965296466
2025-03-19,A381170,0.004176687790847801,0.0623482460116563
2025-03-20,A381170,0.004176687790847801,0.0080847756376743
2025-03-21,A381170,0.004176687790847801,0.013193403693208
2025-03-24,A381170,0.004176687790847801,-0.0579752667953746
2025-03-25,A381170,0.004176687790847801,-0.0631521214067526
2025-03-26,A381170,0.004176687790847801,-0.0570092050322361
2025-03-27,A381170,0.004176687790847801,-0.0622200233475858
2025-03-28,A381170,0.004176687790847801,-0.1069888858385196
2025-03-31,A381170,0.004176687790847801,-0.1606038457564467
2025-04-01,A381170,0.004176687790847801,-0.0884353745698556
2025-04-02,A381170,0.004176687790847801,-0.1387507392234511
2025-04-03,A381170,0.004176687790847801,0.010429410914902
2025-04-04,A381170,0.004176687790847801,0.0376602185122811
2025-04-07,A381170,0.004176687790847801,0.1480388334609534
2025-04-08,A381170,0.004176687790847801,0.0427451900718028
2025-04-09,A381170,0.004176687790847801,0.0534426929718684
2025-04-10,A381170,0.004176687790847801,-0.0663973635005431
2025-04-11,A381170,0.004176687790847801,-0.0563950593728616
2025-04-14,A381170,0.004176687790847801,-0.0873292762443727
2025-04-15,A381170,0.004176687790847801,-0.0743683785023151
2025-04-16,A381170,0.004176687790847801,0.0035236118204832
2025-04-17,A381170,0.004176687790847801,0.0162703197498087
2025-04-18,A381170,0.004176687790847801,0.0755383023428672
2025-04-21,A381170,0.004176687790847801,0.1024922447021974
2025-04-22,A381170,0.004176687790847801,0.1122958273048976
2025-04-23,A381170,0.004176687790847801,0.0486920546911402
2025-04-24,A381170,0.004176687790847801,0.0586184618827007
2025-04-25,A381170,0.004176687790847801,0.0089886119431703
2025-04-28,A381170,0.004176687790847801,0.0040017943756034
2025-04-29,A381170,0.004176687790847801,0.0084654599519775
2025-04-30,A381170,0.004176687790847801,0.0479830450618742
2025-05-02,A381170,0.004176687790847801,0.0564822698190135
2025-05-07,A381170,0.004176687790847801,0.0917373151628712
2025-05-08,A381170,0.004176687790847801,0.0777594818708411
2025-05-09,A381170,0.004176687790847801,0.0679339116987451
2025-05-12,A381170,0.004176687790847801,0.031168321452616
2025-05-13,A381170,0.004176687790847801,0.0145003532301203
2025-05-14,A381170,0.004176687790847801,-0.0271781895185049
2025-05-15,A381170,0.004176687790847801,-0.0250458744235611
2025-05-16,A381170,0.004176687790847801,-0.0214053812224837
2025-05-19,A381170,0.004176687790847801,-0.0162713943175572
2025-05-20,A381170,0.004176687790847801,-0.0202884370652585
2025-05-21,A381170,0.004176687790847801,0.0052842608320046
2025-05-22,A381170,0.004176687790847801,0.0360269194429047
2025-05-23,A381170,0.004176687790847801,0.0214053812224836
2025-05-26,A381170,0.004176687790847801,0.0109510536808864
2025-05-27,A381170,0.004176687790847801,0.0246544935992132
2025-05-28,A381170,0.004176687790847801,0.0035073910303796
2025-05-29,A381170,0.004176687790847801,-0.016866877196605
2025-05-30,A381170,0.004176687790847801,0.0125662022730031
2025-06-02,A381170,0.004176687790847801,0.0391437700184945
2025-06-04,A381170,0.004176687790847801,0.0026105131427901
2025-06-05,A381170,0.004176687790847801,0.0032770439830837
2025-06-09,A381170,0.004176687790847801,0.00888082106878
2025-06-10,A381170,0.004176687790847801,0.0032354809183189
2025-06-11,A381170,0.004176687790847801,-0.0053578062631151
2025-06-12,A381170,0.004176687790847801,0.0116207541388446
2025-06-13,A381170,0.004176687790847801,0.0120971839677388
2025-06-16,A381170,0.004176687790847801,0.0073409086892636
2025-06-17,A381170,0.004176687790847801,0.0119449135106241
2025-06-18,A381170,0.004176687790847801,0.0119193977642713
2025-06-19,A381170,0.004176687790847801,0.0195221510912308
2025-06-20,A381170,0.004176687790847801,0.0331887461522995
2025-06-23,A381170,0.004176687790847801,0.0391495560308784
2025-06-24,A381170,0.004176687790847801,0.0255880187396835
2025-06-25,A381170,0.004176687790847801,0.0190970723337945
2025-06-26,A381170,0.004176687790847801,0.0203871734969266
2025-06-27,A381170,0.004176687790847801,0.0175225575953394
2025-06-30,A381170,0.004176687790847801,0.0102489012193899
2025-07-01,A381170,0.004176687790847801,0.0137603621372426
2025-07-02,A381170,0.004176687790847801,0.0177163891230681
2025-07-03,A381170,0.004176687790847801,0.0159263156280384
2025-07-04,A381170,0.004176687790847801,0.0141961748737882
2025-07-07,A381170,0.004176687790847801,0.018219579237094
2025-07-08,A381170,0.004176687790847801,0.0281595111992511
2025-07-09,A381170,0.004176687790847801,0.0309527410187887
2025-07-10,A381170,0.004176687790847801,0.035236971547024
2025-07-11,A381170,0.004176687790847801,0.0352375464335493
2025-07-14,A381170,0.004176687790847801,0.02748482578987
2025-07-15,A381170,0.004176687790847801,0.0200459602095605
2025-07-16,A381170,0.004176687790847801,0.010461791792356
2025-07-17,A381170,0.004176687790847801,-0.0047164336928579
2025-07-18,A381170,0.004176687790847801,0.0001949355744102
2025-07-21,A381170,0.004176687790847801,0.012827166973741
2025-07-22,A381170,0.004176687790847801,0.019078357299199
2025-07-23,A381170,0.004176687790847801,0.0167076226024697
2025-07-24,A381170,0.004176687790847801,0.0526417131527944
2025-07-25,A381170,0.004176687790847801,0.0255555779371348
2025-07-28,A381170,0.004176687790847801,-0.0104826832490217
2025-07-29,A381170,0.004176687790847801,0.001337997408931
2025-07-30,A381170,0.004176687790847801,0.0045854847894885
2025-07-31,A381170,0.004176687790847801,-0.016924321716681
2025-08-01,A381170,0.004176687790847801,0.009040934650611
2025-08-04,A381170,0.004176687790847801,0.0464046961510059
2025-08-05,A381170,0.004176687790847801,0.0237081696905876
2025-08-06,A381170,0.004176687790847801,0.0372803028086517
2025-08-07,A381170,0.004176687790847801,0.024520143321464
2025-08-08,A381170,0.004176687790847801,0.0154700043547854
2025-08-11,A381170,0.004176687790847801,0.00520273201524
2025-08-12,A381170,0.004176687790847801,-0.010086513831066
2025-08-13,A381170,0.004176687790847801,-0.0197878120423941
2025-08-14,A381170,0.004176687790847801,-0.0304297626705022
2025-08-18,A381170,0.004176687790847801,-0.0132130916044271
2025-08-19,A381170,0.004176687790847801,-0.0063211335633707
2025-08-20,A381170,0.004176687790847801,0.0188156519625241
2025-08-21,A381170,0.004176687790847801,0.0103355237442035
2025-08-22,A381170,0.004176687790847801,0.0324678194410236
2025-08-25,A381170,0.004176687790847801,0.0009388790474677
2025-08-26,A381170,0.004176687790847801,-0.0072626854123966
2025-08-27,A381170,0.004176687790847801,-0.0114937380915547
2025-08-28,A381170,0.004176687790847801,0.0101927822414646
2025-08-29,A381170,0.004176687790847801,0.013749711120244
2025-09-01,A381170,0.004176687790847801,0.0243995937618154
2025-09-02,A381170,0.004176687790847801,0.0284474162618224
2025-09-03,A381170,0.004176687790847801,0.0297803388713529
2025-09-04,A381170,0.004176687790847801,0.0242420602498322
2025-09-05,A381170,0.004176687790847801,0.0103161103760511
2025-09-08,A381170,0.004176687790847801,0.0245693046124571
2025-09-09,A381170,0.004176687790847801,0.0283706971292155
2025-09-10,A381170,0.004176687790847801,0.0200603484305255
2025-09-11,A381170,0.004176687790847801,0.0198153770587156
2025-09-12,A381170,0.004176687790847801,0.0235355398549729
2025-09-15,A381170,0.004176687790847801,0.0204493080703653
2025-09-16,A381170,0.004176687790847801,0.024648456191864
2025-09-17,A381170,0.004176687790847801,0.0169049922281681
2025-09-18,A381170,0.004176687790847801,0.0101831362149135
2025-09-19,A381170,0.004176687790847801,0.0120690515255936
2025-09-22,A381170,0.004176687790847801,0.0019242549451926
2025-09-23,A381170,0.004176687790847801,-0.0081371941151779
2025-09-24,A381170,0.004176687790847801,0.0008745081449325
2025-09-25,A381170,0.004176687790847801,0.0125069128407959
2025-09-26,A381170,0.004176687790847801,0.0267701094661687
2025-09-29,A381170,0.004176687790847801,0.0143667668707072
2025-09-30,A381170,0.004176687790847801,0.0153838526953655
2025-10-01,A381170,0.004176687790847801,0.0124743187087807
2025-10-02,A381170,0.004176687790847801,0.0027658709376391
2025-10-10,A381170,0.004176687790847801,-0.0293890546557961
2025-10-13,A381170,0.004176687790847801,0.0054975399591947
2025-10-14,A381170,0.004176687790847801,0.0165045006714632
2025-10-15,A381170,0.004176687790847801,0.0221635585492671
2025-10-16,A381170,0.004176687790847801,0.0197931496306368
2025-10-17,A381170,0.004176687790847801,0.0410009994769328
2025-10-20,A381170,0.004176687790847801,0.0397029475680749
2025-10-21,A381170,0.004176687790847801,0.038709374899699
2025-10-22,A381170,0.004176687790847801,0.0583810591813719
2025-10-23,A381170,0.004176687790847801,0.0586654371908885
2025-10-24,A381170,0.004176687790847801,0.052017936962487
2025-10-27,A381170,0.004176687790847801,0.0204700759051471
2025-10-28,A381170,0.004176687790847801,0.0043827681550951
2025-10-29,A381170,0.004176687790847801,-0.0155400289012465
2025-10-30,A381170,0.004176687790847801,-0.0087846417891218
2025-10-31,A381170,0.004176687790847801,-0.0197229821947095
2025-11-03,A381170,0.004176687790847801,-0.0022610559069149
2025-11-04,A381170,0.004176687790847801,0.0166408157511588
2025-11-05,A381170,0.004176687790847801,0.0236313297283919
2025-11-06,A381170,0.004176687790847801,0.0113350129751272
2025-11-07,A381170,0.004176687790847801,-0.0160171125360534
2025-11-10,A381170,0.004176687790847801,-0.0032065324078202
2025-11-11,A381170,0.004176687790847801,-0.0387161889878483
2025-11-12,A381170,0.004176687790847801,-0.055421781522087
2025-11-13,A381170,0.004176687790847801,-0.0116570845422128
2025-11-14,A381170,0.004176687790847801,-0.0125929928257871
2025-11-17,A381170,0.004176687790847801,-0.0128642233745481
2025-11-18,A381170,0.004176687790847801,0.0293054092501706
2025-11-19,A381170,0.004176687790847801,0.0428922021001143
2025-11-20,A381170,0.004176687790847801,0.0086277937895752
2025-11-21,A381170,0.004176687790847801,0.0534176288270679
2025-11-24,A381170,0.004176687790847801,0.0247639429537738
2025-11-25,A381170,0.004176687790847801,0.0084545434107097
2025-11-26,A381170,0.004176687790847801,0.012055428538281
2025-11-27,A381170,0.004176687790847801,0.0073183475414106
2025-11-28,A381170,0.004176687790847801,0.0017418572597784
2025-12-01,A381170,0.004176687790847801,0.0146071621984309
2025-12-02,A381170,0.004176687790847801,0.0098372893709286
2025-12-03,A381170,0.004176687790847801,0.0014217787264168
2025-12-04,A381170,0.004176687790847801,-0.0082449095835133
2025-12-05,A381170,0.004176687790847801,-0.0057119439404146
2025-12-08,A381170,0.004176687790847801,-0.02537208389305
2025-12-09,A381170,0.004176687790847801,-0.040502322240815
2025-12-10,A381170,0.004176687790847801,-0.0228008344768209
2025-12-11,A381170,0.004176687790847801,-0.0309364929262792
2025-12-12,A381170,0.004176687790847801,-0.0211624286626547
2025-12-15,A381170,0.004176687790847801,0.0134860989216034
2025-12-16,A381170,0.004176687790847801,0.0268629291474962
2025-12-17,A381170,0.004176687790847801,0.0014524799609884
2025-12-18,A381170,0.004176687790847801,0.0177765031350555
2025-12-19,A381170,0.004176687790847801,-0.0070129945748492
2025-12-22,A381170,0.004176687790847801,-0.021783551553585
2024-07-30,A381180,-0.035127765205019784,-0.1003011219414192
2024-07-31,A381180,-0.008467928879911983,-0.0980100464510803
2024-08-01,A381180,-0.008762532057776969,-0.1626371184696372
2024-08-02,A381180,-0.0027017560501136012,-0.0025854991486044
2024-08-05,A381180,0.0027808120510528778,0.1355597311349651
2024-08-06,A381180,0.005408897686933384,0.0287555013621841
2024-08-07,A381180,0.005719003988468854,0.0642756448944366
2024-08-08,A381180,0.0050255898437802735,0.1433662309210576
2024-08-09,A381180,0.004296482029125388,0.0605000172626694
2024-08-12,A381180,0.0039054963924475697,0.0796125232083346
2024-08-13,A381180,0.0038274716651659282,0.0636797363565414
2024-08-14,A381180,0.003902356200136536,0.0375399949284751
2024-08-16,A381180,0.003997505475278399,-0.0254933427264523
2024-08-19,A381180,0.0040542801373529115,0.0065689839043485
2024-08-20,A381180,0.004069561476656153,-0.0339971386500609
2024-08-21,A381180,0.004062191256082753,-0.0098647847454089
2024-08-22,A381180,0.004050025395473552,-0.0590082339381376
2024-08-23,A381180,0.004041953814198821,-0.0159958823736725
2024-08-26,A381180,0.004039279648543596,-0.0096197115110155
2024-08-27,A381180,0.00403988266800544,0.0110720809006857
2024-08-28,A381180,0.004041402718664325,-0.0861860037633753
2024-08-29,A381180,0.004042528331551948,-0.0428074058847741
2024-08-30,A381180,0.004042966299129803,-0.0896349832661386
2024-09-02,A381180,0.004042939880301638,-0.1131620417848844
2024-09-03,A381180,0.004042755075340108,-0.1051010305489619
2024-09-04,A381180,0.004042600945741205,-0.0156362507948521
2024-09-05,A381180,0.004042532376794102,0.0370926098311055
2024-09-06,A381180,0.004042528370332124,0.0486935928887778
2024-09-09,A381180,0.00404255008373448,0.0762695977205077
2024-09-10,A381180,0.004042570813014933,0.0856153366743962
2024-09-11,A381180,0.004042581192582488,0.0782297787310083
2024-09-12,A381180,0.004042582757812218,0.0198321396499395
2024-09-13,A381180,0.004042580321079904,0.0302660369408596
2024-09-19,A381180,0.004042577583713126,0.0584896566363149
2024-09-20,A381180,0.00404257605439695,0.0312612673761077
2024-09-23,A381180,0.004042575707020184,0.0059364131934181
2024-09-24,A381180,0.004042575962518968,-0.0241252366886261
2024-09-25,A381180,0.004042576317065898,0.0165572290614545
2024-09-26,A381180,0.004042576537293547,-0.0043587297949654
2024-09-27,A381180,0.00404257660192529,0.0065189636214171
2024-09-30,A381180,0.004042576578085261,0.0524876203551234
2024-10-02,A381180,0.004042576533131481,0.0831327407646334
2024-10-04,A381180,0.004042576502055958,0.0524962122360076
2024-10-07,A381180,0.004042576491065985,0.0526983350306593
2024-10-08,A381180,0.004042576492771838,0.0116173067050442
2024-10-10,A381180,0.0040425764983339175,0.006557400546159
2024-10-11,A381180,0.004042576502637181,0.0
2024-10-14,A381180,0.004042576504403349,-0.0092107665690201
2024-10-15,A381180,0.0040425765043837466,-0.0305046003129164
2024-10-16,A381180,0.004042576503715578,0.0095612266217744
2024-10-17,A381180,0.004042576503130345,-0.0057554115706206
2024-10-18,A381180,0.004042576502857628,0.0046970996420286
2024-10-21,A381180,0.004042576502831457,0.0193872272788772
2024-10-22,A381180,0.004042576502908741,0.010307178700999
2024-10-23,A381180,0.004042576502986911,0.0189049555194804
2024-10-24,A381180,0.004042576503027746,-0.0152403391384246
2024-10-25,A381180,0.00404257650303515,-0.0412569720458774
2024-10-28,A381180,0.004042576503026669,-0.0517848862436539
2024-10-29,A381180,0.00404257650301642,-0.0519639674929576
2024-10-30,A381180,0.004042576503010458,-0.0181568124823936
2024-10-31,A381180,0.004042576503008948,0.0367590525679003
2024-11-01,A381180,0.004042576503009806,0.0715201967508803
2024-11-04,A381180,0.004042576503011123,0.0647629434668084
2024-11-05,A381180,0.004042576503011975,0.0493176231942522
2024-11-06,A381180,0.004042576503012245,-0.0015503464654052
2024-11-07,A381180,0.00404257650301217,-0.0467940407921168
2024-11-08,A381180,0.004042576503012004,-0.0646625213857305
2024-11-11,A381180,0.004042576503011885,-0.0802412325480603
2024-11-12,A381180,0.0040425765030118405,-0.0542851214787321
2024-11-13,A381180,0.004042576503011845,-0.038226076621599
2024-11-14,A381180,0.004042576503011865,-0.0270001402393189
2024-11-15,A381180,0.004042576503011881,0.0024770882123618
2024-11-18,A381180,0.004042576503011888,0.0255380171558397
2024-11-19,A381180,0.004042576503011888,0.022736424019523
2024-11-20,A381180,0.004042576503011886,-0.0010567004125566
2024-11-21,A381180,0.004042576503011883,0.0005066854436339
2024-11-22,A381180,0.004042576503011882,-0.0164633301871016
2024-11-25,A381180,0.004042576503011882,-0.0122721183575284
2024-11-26,A381180,0.004042576503011883,0.0143903001828465
2024-11-27,A381180,0.004042576503011884,0.0416340846957655
2024-11-28,A381180,0.004042576503011884,0.0638804839998292
2024-11-29,A381180,0.004042576503011884,0.0442233127959813
2024-12-02,A381180,0.004042576503011884,0.0491065197557464
2024-12-03,A381180,0.004042576503011884,0.0068773105794762
2024-12-04,A381180,0.004042576503011884,-0.0197834121084947
2024-12-05,A381180,0.004042576503011884,-0.0071536748917141
2024-12-06,A381180,0.004042576503011884,0.01580934783582
2024-12-09,A381180,0.004042576503011884,0.0201963811864863
2024-12-10,A381180,0.004042576503011884,0.0543433608408582
2024-12-11,A381180,0.004042576503011884,0.0578024427618722
2024-12-12,A381180,0.004042576503011884,-0.0031425629740087
2024-12-13,A381180,0.004042576503011884,-0.0278055109538494
2024-12-16,A381180,0.004042576503011884,-0.0121106498502349
2024-12-17,A381180,0.004042576503011884,-0.0123996996290944
2024-12-18,A381180,0.004042576503011884,0.0186826172592993
2024-12-19,A381180,0.004042576503011884,0.0521758069659739
2024-12-20,A381180,0.004042576503011884,0.0642408255696834
2024-12-23,A381180,0.004042576503011884,0.008020876334617
2024-12-24,A381180,0.004042576503011884,-0.0036006417173466
2024-12-26,A381180,0.004042576503011884,0.0094368735662279
2024-12-27,A381180,0.004042576503011884,0.0203991536645022
2024-12-30,A381180,0.004042576503011884,0.0112037508044277
2025-01-02,A381180,0.004042576503011884,0.0251517932708545
2025-01-03,A381180,0.004042576503011884,0.0199986258945078
2025-01-06,A381180,0.004042576503011884,-0.037100659896896
2025-01-07,A381180,0.004042576503011884,-0.0371470559750372
2025-01-08,A381180,0.004042576503011884,-0.0300567682214826
2025-01-09,A381180,0.004042576503011884,0.0027784110217649
2025-01-10,A381180,0.004042576503011884,0.0002525188771278
2025-01-13,A381180,0.004042576503011884,0.0410894964581289
2025-01-14,A381180,0.004042576503011884,0.0321734060126779
2025-01-15,A381180,0.004042576503011884,0.048947765477849
2025-01-16,A381180,0.004042576503011884,0.0320198112347715
2025-01-17,A381180,0.004042576503011884,0.0267559492456704
2025-01-20,A381180,0.004042576503011884,-0.0401566605695884
2025-01-21,A381180,0.004042576503011884,-0.074883026196902
2025-01-22,A381180,0.004042576503011884,-0.0742973998175465
2025-01-23,A381180,0.004042576503011884,-0.0843677268600437
2025-01-24,A381180,0.004042576503011884,-0.0542994125422929
2025-01-31,A381180,0.004042576503011884,-0.0015552102668064
2025-02-03,A381180,0.004042576503011884,0.0297012223984629
2025-02-04,A381180,0.004042576503011884,0.0221899103879086
2025-02-05,A381180,0.004042576503011884,0.0271633291374379
2025-02-06,A381180,0.004042576503011884,0.00491910377031
2025-02-07,A381180,0.004042576503011884,0.0108360193412793
2025-02-10,A381180,0.004042576503011884,0.0190659111748209
2025-02-11,A381180,0.004042576503011884,0.0168736962988941
2025-02-12,A381180,0.004042576503011884,0.0248818619648363
2025-02-13,A381180,0.004042576503011884,0.0235833501360858
2025-02-14,A381180,0.004042576503011884,0.0211250429335034
2025-02-17,A381180,0.004042576503011884,-0.0089451552656586
2025-02-18,A381180,0.004042576503011884,-0.0395941951218112
2025-02-19,A381180,0.004042576503011884,-0.0628948205259856
2025-02-20,A381180,0.004042576503011884,-0.0464671657022641
2025-02-21,A381180,0.004042576503011884,-0.0978459281518671
2025-02-24,A381180,0.004042576503011884,-0.0899591721580988
2025-02-25,A381180,0.004042576503011884,-0.0555986625847619
2025-02-26,A381180,0.004042576503011884,-0.0563716280089025
2025-02-27,A381180,0.004042576503011884,-0.0933250465286609
2025-02-28,A381180,0.004042576503011884,-0.0324389294263437
2025-03-04,A381180,0.004042576503011884,-0.0495730005923677
2025-03-05,A381180,0.004042576503011884,-0.0595276251288432
2025-03-06,A381180,0.004042576503011884,-0.0413219583958404
2025-03-07,A381180,0.004042576503011884,-0.0069280980400643
2025-03-10,A381180,0.004042576503011884,-0.008854194566231
2025-03-11,A381180,0.004042576503011884,0.0453264692837931
2025-03-12,A381180,0.004042576503011884,0.0437498782027162
2025-03-13,A381180,0.004042576503011884,0.0562198130764774
2025-03-14,A381180,0.004042576503011884,0.029756734951308
2025-03-17,A381180,0.004042576503011884,0.0215946694814601
2025-03-18,A381180,0.004042576503011884,0.023662444072267
2025-03-19,A381180,0.004042576503011884,0.0182993923742851
2025-03-20,A381180,0.004042576503011884,-0.0299632978628761
2025-03-21,A381180,0.004042576503011884,-0.038853308725327
2025-03-24,A381180,0.004042576503011884,-0.0875355749017581
2025-03-25,A381180,0.004042576503011884,-0.0949722118748182
2025-03-26,A381180,0.004042576503011884,-0.085974000847781
2025-03-27,A381180,0.004042576503011884,-0.0804323714851936
2025-03-28,A381180,0.004042576503011884,-0.1414288184018579
2025-03-31,A381180,0.004042576503011884,-0.2351517009426063
2025-04-01,A381180,0.004042576503011884,-0.1348292739504155
2025-04-02,A381180,0.004042576503011884,-0.1781827803443519
2025-04-03,A381180,0.004042576503011884,-0.0062117846799381
2025-04-04,A381180,0.004042576503011884,0.0291796115617942
2025-04-07,A381180,0.004042576503011884,0.1711517635894151
2025-04-08,A381180,0.004042576503011884,0.0401830623243779
2025-04-09,A381180,0.004042576503011884,0.0480263017664001
2025-04-10,A381180,0.004042576503011884,-0.084542578588526
2025-04-11,A381180,0.004042576503011884,-0.0528879888065439
2025-04-14,A381180,0.004042576503011884,-0.077076791620305
2025-04-15,A381180,0.004042576503011884,-0.0614664590816388
2025-04-16,A381180,0.004042576503011884,0.0155095302574932
2025-04-17,A381180,0.004042576503011884,0.0239572938634329
2025-04-18,A381180,0.004042576503011884,0.0988441983757831
2025-04-21,A381180,0.004042576503011884,0.1206990180830652
2025-04-22,A381180,0.004042576503011884,0.1253600539655288
2025-04-23,A381180,0.004042576503011884,0.0610912386118425
2025-04-24,A381180,0.004042576503011884,0.0514805177321738
2025-04-25,A381180,0.004042576503011884,0.0012591288493037
2025-04-28,A381180,0.004042576503011884,0.0173504945422509
2025-04-29,A381180,0.004042576503011884,0.0265392560071727
2025-04-30,A381180,0.004042576503011884,0.0831808295023093
2025-05-02,A381180,0.004042576503011884,0.1107006524443294
2025-05-07,A381180,0.004042576503011884,0.1477124830003964
2025-05-08,A381180,0.004042576503011884,0.109596057266459
2025-05-09,A381180,0.004042576503011884,0.0900002156305502
2025-05-12,A381180,0.004042576503011884,0.0433364456524433
2025-05-13,A381180,0.004042576503011884,0.006517634792458
2025-05-14,A381180,0.004042576503011884,-0.0439387295478801
2025-05-15,A381180,0.004042576503011884,-0.0379749551080986
2025-05-16,A381180,0.004042576503011884,-0.0426739030512136
2025-05-19,A381180,0.004042576503011884,-0.0350811950437599
2025-05-20,A381180,0.004042576503011884,-0.0326128340048329
2025-05-21,A381180,0.004042576503011884,-0.0051174274413141
2025-05-22,A381180,0.004042576503011884,0.0316892995916354
2025-05-23,A381180,0.004042576503011884,0.0232481411453034
2025-05-26,A381180,0.004042576503011884,-0.0035296230537785
2025-05-27,A381180,0.004042576503011884,0.0395932721666734
2025-05-28,A381180,0.004042576503011884,0.0177415806697106
2025-05-29,A381180,0.004042576503011884,-0.005315143852726
2025-05-30,A381180,0.004042576503011884,0.0479833806248008
2025-06-02,A381180,0.004042576503011884,0.1022559312498802
2025-06-04,A381180,0.004042576503011884,0.0392185555419297
2025-06-05,A381180,0.004042576503011884,0.029956729113056
2025-06-09,A381180,0.004042576503011884,0.0278264392811851
2025-06-10,A381180,0.004042576503011884,0.0155317796281617
2025-06-11,A381180,0.004042576503011884,0.0002659786700787
2025-06-12,A381180,0.004042576503011884,0.0158933111308527
2025-06-13,A381180,0.004042576503011884,0.0190040980826457
2025-06-16,A381180,0.004042576503011884,0.0246274065826127
2025-06-17,A381180,0.004042576503011884,0.0156103838927387
2025-06-18,A381180,0.004042576503011884,0.0300735153287625
2025-06-19,A381180,0.004042576503011884,0.0381256465635084
2025-06-20,A381180,0.004042576503011884,0.0514985847474896
2025-06-23,A381180,0.004042576503011884,0.0494338001774918
2025-06-24,A381180,0.004042576503011884,0.0358086584612716
2025-06-25,A381180,0.004042576503011884,0.0139919767253213
2025-06-26,A381180,0.004042576503011884,0.0216866833580492
2025-06-27,A381180,0.004042576503011884,0.0117826136545032
2025-06-30,A381180,0.004042576503011884,0.0140362007587535
2025-07-01,A381180,0.004042576503011884,0.0130793431250295
2025-07-02,A381180,0.004042576503011884,0.0310183955724441
2025-07-03,A381180,0.004042576503011884,0.0139049764834608
2025-07-04,A381180,0.004042576503011884,0.024574176700984
2025-07-07,A381180,0.004042576503011884,0.0233062442564931
2025-07-08,A381180,0.004042576503011884,0.0355825248300541
2025-07-09,A381180,0.004042576503011884,0.0193991082563632
2025-07-10,A381180,0.004042576503011884,0.0318873926463652
2025-07-11,A381180,0.004042576503011884,0.0240801077003787
2025-07-14,A381180,0.004042576503011884,0.0222027557669457
2025-07-15,A381180,0.004042576503011884,0.0055524851147857
2025-07-16,A381180,0.004042576503011884,-0.0189058170072125
2025-07-17,A381180,0.004042576503011884,-0.0287360778123419
2025-07-18,A381180,0.004042576503011884,-0.0269659714264187
2025-07-21,A381180,0.004042576503011884,-0.01587793172443
2025-07-22,A381180,0.004042576503011884,0.0086294221680098
2025-07-23,A381180,0.004042576503011884,0.0297354658421925
2025-07-24,A381180,0.004042576503011884,0.0292136555471941
2025-07-25,A381180,0.004042576503011884,0.0026416217298572
2025-07-28,A381180,0.004042576503011884,-0.0217192015850141
2025-07-29,A381180,0.004042576503011884,-0.0180627698231696
2025-07-30,A381180,0.004042576503011884,-0.031018529579208
2025-07-31,A381180,0.004042576503011884,-0.0316747711820568
2025-08-01,A381180,0.004042576503011884,0.0014645579653545
2025-08-04,A381180,0.004042576503011884,0.0229309410639168
2025-08-05,A381180,0.004042576503011884,0.0024273034879932
2025-08-06,A381180,0.004042576503011884,0.0417321525181918
2025-08-07,A381180,0.004042576503011884,0.0437293996195759
2025-08-08,A381180,0.004042576503011884,0.0193252064693632
2025-08-11,A381180,0.004042576503011884,0.0170500972555002
2025-08-12,A381180,0.004042576503011884,-0.0007275726074601
2025-08-13,A381180,0.004042576503011884,-0.0222694354831663
2025-08-14,A381180,0.004042576503011884,-0.0403346459227411
2025-08-18,A381180,0.004042576503011884,0.0009565259708691
2025-08-19,A381180,0.004042576503011884,-0.0007145749774085
2025-08-20,A381180,0.004042576503011884,0.0314757220527206
2025-08-21,A381180,0.004042576503011884,0.0184732840134998
2025-08-22,A381180,0.004042576503011884,0.0384458928822608
2025-08-25,A381180,0.004042576503011884,-0.0142023907101518
2025-08-26,A381180,0.004042576503011884,-0.0192461675851294
2025-08-27,A381180,0.004042576503011884,-0.0411786188203386
2025-08-28,A381180,0.004042576503011884,-0.0301151992760833
2025-08-29,A381180,0.004042576503011884,-0.0156718381253368
2025-09-01,A381180,0.004042576503011884,0.0182574495787812
2025-09-02,A381180,0.004042576503011884,0.0275040095851397
2025-09-03,A381180,0.004042576503011884,0.0423534033825081
2025-09-04,A381180,0.004042576503011884,0.0590728521129779
2025-09-05,A381180,0.004042576503011884,0.0438190830895743
2025-09-08,A381180,0.004042576503011884,0.0363710448778819
2025-09-09,A381180,0.004042576503011884,0.0367946120054198
2025-09-10,A381180,0.004042576503011884,0.0299786524555513
2025-09-11,A381180,0.004042576503011884,0.0258949552767524
2025-09-12,A381180,0.004042576503011884,0.0513645169223906
2025-09-15,A381180,0.004042576503011884,0.0451940227471395
2025-09-16,A381180,0.004042576503011884,0.05114978265522
2025-09-17,A381180,0.004042576503011884,0.0541991453349756
2025-09-18,A381180,0.004042576503011884,0.0394024455830679
2025-09-19,A381180,0.004042576503011884,0.0168376735263743
2025-09-22,A381180,0.004042576503011884,0.0214455171394771
2025-09-23,A381180,0.004042576503011884,0.0062566276027043
2025-09-24,A381180,0.004042576503011884,0.0038779779726956
2025-09-25,A381180,0.004042576503011884,0.0333576982516879
2025-09-26,A381180,0.004042576503011884,0.0957081059123575
2025-09-29,A381180,0.004042576503011884,0.0651342720025263
2025-09-30,A381180,0.004042576503011884,0.0714159486041405
2025-10-01,A381180,0.004042576503011884,0.0687950279805192
2025-10-02,A381180,0.004042576503011884,0.0585523171336215
2025-10-10,A381180,0.004042576503011884,-0.0236809550524723
2025-10-13,A381180,0.004042576503011884,0.0245650096121411
2025-10-14,A381180,0.004042576503011884,0.0285835258278404
2025-10-15,A381180,0.004042576503011884,0.0241549015515481
2025-10-16,A381180,0.004042576503011884,-0.0031623079558832
2025-10-17,A381180,0.004042576503011884,0.0400452731084226
2025-10-20,A381180,0.004042576503011884,0.0468287333435543
2025-10-21,A381180,0.004042576503011884,0.0479131280870591
2025-10-22,A381180,0.004042576503011884,0.0702095722895231
2025-10-23,A381180,0.004042576503011884,0.0835510458467737
2025-10-24,A381180,0.004042576503011884,0.0438426378641765
2025-10-27,A381180,0.004042576503011884,0.020765327689853
2025-10-28,A381180,0.004042576503011884,-0.0035307490268388
2025-10-29,A381180,0.004042576503011884,-0.0375562848066414
2025-10-30,A381180,0.004042576503011884,-0.004014017942505
2025-10-31,A381180,0.004042576503011884,-0.0105219437501533
2025-11-03,A381180,0.004042576503011884,-0.0036766098990946
2025-11-04,A381180,0.004042576503011884,0.0202704662936551
2025-11-05,A381180,0.004042576503011884,0.0320615642161715
2025-11-06,A381180,0.004042576503011884,0.0003655772505436
2025-11-07,A381180,0.004042576503011884,-0.0393246377931645
2025-11-10,A381180,0.004042576503011884,-0.0344364194103091
2025-11-11,A381180,0.004042576503011884,-0.0743128668932751
2025-11-12,A381180,0.004042576503011884,-0.0823871375111958
2025-11-13,A381180,0.004042576503011884,-0.0313349317896972
2025-11-14,A381180,0.004042576503011884,-0.0509987390877422
2025-11-17,A381180,0.004042576503011884,-0.0455909409771643
2025-11-18,A381180,0.004042576503011884,0.0136221149761044
2025-11-19,A381180,0.004042576503011884,0.0354227372978823
2025-11-20,A381180,0.004042576503011884,0.0013191370988545
2025-11-21,A381180,0.004042576503011884,0.084180737087336
2025-11-24,A381180,0.004042576503011884,0.0629386425967153
2025-11-25,A381180,0.004042576503011884,0.0476541939703889
2025-11-26,A381180,0.004042576503011884,0.0660292285377636
2025-11-27,A381180,0.004042576503011884,0.0522100115504053
2025-11-28,A381180,0.004042576503011884,0.046299329912533
2025-12-01,A381180,0.004042576503011884,0.056417093089
2025-12-02,A381180,0.004042576503011884,0.0502078381906329
2025-12-03,A381180,0.004042576503011884,0.0235070301177319
2025-12-04,A381180,0.004042576503011884,0.011904690975185
2025-12-05,A381180,0.004042576503011884,0.0179847617583991
2025-12-08,A381180,0.004042576503011884,-0.0319886234590864
2025-12-09,A381180,0.004042576503011884,-0.0619195330409451
2025-12-10,A381180,0.004042576503011884,-0.0473584944822421
2025-12-11,A381180,0.004042576503011884,-0.0707278584173077
2025-12-12,A381180,0.004042576503011884,-0.0627914983866263
2025-12-15,A381180,0.004042576503011884,0.0130412150321118
2025-12-16,A381180,0.004042576503011884,0.0364998660393623
2025-12-17,A381180,0.004042576503011884,0.0088190473840641
2025-12-18,A381180,0.004042576503011884,0.0353488450733722
2025-12-19,A381180,0.004042576503011884,0.005021117796316
2025-12-22,A381180,0.004042576503011884,-0.0225934387350953
2024-07-30,A411060,0.002300970440589762,0.0217223649010521
2024-07-31,A411060,0.004573310771845491,0.0113545421029258
2024-08-01,A411060,0.005784456831170641,0.0084034107963793
2024-08-02,A411060,0.006221780530811166,-0.018956390929416
2024-08-05,A411060,0.006145704136789618,-0.0041793984642277
2024-08-06,A411060,0.0057707934904627,0.0009616926530576
2024-08-07,A411060,0.0052596655180174555,0.0035421064243995
2024-08-08,A411060,0.00472526635114031,-0.0084034107963795
2024-08-09,A411060,0.004237903312977744,0.0009726050369557
2024-08-12,A411060,0.0038343220069163427,-0.0038734715957967
2024-08-13,A411060,0.0035269726766285815,-0.0028878569724971
2024-08-14,A411060,0.003312332642053945,-0.0048332621880192
2024-08-16,A411060,0.003177713755846546,0.0029168712951231
2024-08-19,A411060,0.003106385690891996,-0.000648298239886
2024-08-20,A411060,0.003081105882357093,-0.0016183852051533
2024-08-21,A411060,0.003086292326352708,-0.0061241126132125
2024-08-22,A411060,0.0031091355649687244,-0.0003230495909212
2024-08-23,A411060,0.003139948391234167,-0.0016194335523029
2024-08-26,A411060,0.0031720190648524237,0.0022672074488961
2024-08-27,A411060,0.0032011838906756775,0.0019417481829103
2024-08-28,A411060,0.003225280470922499,-0.0012940797664879
2024-08-29,A411060,0.0032435918677799843,-0.0032362487792083
2024-08-30,A411060,0.003256348742672295,0.0
2024-09-02,A411060,0.003264323028174459,-0.0045395668100745
2024-09-03,A411060,0.003268522787924653,-0.0006468305529532
2024-09-04,A411060,0.0032699825022983135,0.0045219715297985
2024-09-05,A411060,0.0032696344403058113,0.0016194335523029
2024-09-06,A411060,0.0032682432767170097,0.0119221647358892
2024-09-09,A411060,0.0032663860517852528,0.0202677035802571
2024-09-10,A411060,0.0032644615767204836,0.0252369247392099
2024-09-11,A411060,0.003262716403307578,0.0370119740900738
2024-09-12,A411060,0.00326127775192063,0.0408996614070169
2024-09-13,A411060,0.0032601868503612684,0.0395656002061911
2024-09-19,A411060,0.003259428714804348,0.0325843363330044
2024-09-20,A411060,0.0032589564016391724,0.0178213251806354
2024-09-23,A411060,0.003258709180368394,-0.0112430915741803
2024-09-24,A411060,0.003258624991832892,-0.0062324913492901
2024-09-25,A411060,0.0032586480619959594,0.0006155740422146
2024-09-26,A411060,0.0032587327452875173,0.0052267605540156
2024-09-27,A411060,0.0032588446710173093,0.0114005240320357
2024-09-30,A411060,0.0032589601435839203,0.0174350618221013
2024-10-02,A411060,0.003259064565184819,0.0182752492124724
2024-10-04,A411060,0.0032591504529965215,0.0149643959047981
2024-10-07,A411060,0.0032592154396919497,0.0127972496014704
2024-10-08,A411060,0.0032592604921184353,0.0224183881377827
2024-10-10,A411060,0.0032592884638979287,0.0396361064476856
2024-10-11,A411060,0.0032593030131872983,0.0540672212702757
2024-10-14,A411060,0.0032593078626446457,0.063135597518461
2024-10-15,A411060,0.0032593063488069334,0.0844346419527147
2024-10-16,A411060,0.0032593011962342646,0.1137137861867973
2024-10-17,A411060,0.003259294452054274,0.0825268978861753
2024-10-18,A411060,0.0032592875240509034,0.0581756340104923
2024-10-21,A411060,0.0032592812764278985,0.0442537770726248
2024-10-22,A411060,0.0032592761491914714,0.0203807660328511
2024-10-23,A411060,0.003259272278058714,-0.014272492174433
2024-10-24,A411060,0.003259269600999351,-0.0063022540421686
2024-10-25,A411060,0.0032592679446147494,-0.0264087619732969
2024-10-28,A411060,0.0032592670885840595,-0.059451202184323
2024-10-29,A411060,0.003259266809619771,-0.0526142606078354
2024-10-30,A411060,0.0032592669081345526,-0.0429488365102938
2024-10-31,A411060,0.0032592672215098653,-0.0664828693848028
2024-11-01,A411060,0.0032592676278254116,-0.0279938302661429
2024-11-04,A411060,0.0032592680434493054,-0.0207276432608483
2024-11-05,A411060,0.0032592684172259314,-0.0482730565133344
2024-11-06,A411060,0.003259268723289057,-0.0499233087666006
2024-11-07,A411060,0.00325926895387154,-0.0401612258019656
2024-11-08,A411060,0.003259269112933396,-0.0489784785390991
2024-11-11,A411060,0.003259269211007097,-0.0238817320033873
2024-11-12,A411060,0.003259269261360103,0.014371504837653
2024-11-13,A411060,0.0032592692773842492,0.0185763855729354
2024-11-14,A411060,0.0032592692710178587,0.0500999220514954
2024-11-15,A411060,0.0032592692519664694,0.0541792992766854
2024-11-18,A411060,0.003259269227490831,0.0399757150766504
2024-11-19,A411060,0.003259269202558869,0.0053365083656868
2024-11-20,A411060,0.00325926918019832,-0.0099824669231339
2024-11-21,A411060,0.00325926916192933,-0.0173100992285045
2024-11-22,A411060,0.0032592691481955816,-0.0130531222445792
2024-11-25,A411060,0.003259269138745359,-0.0157990413221203
2024-11-26,A411060,0.0032592691329391397,0.0073648882024409
2024-11-27,A411060,0.003259269129978083,0.0126082890008015
2024-11-28,A411060,0.003259269129059069,0.0187633766242339
2024-11-29,A411060,0.00325926912946805,0.0095889155469102
2024-12-02,A411060,0.0032592691306258035,0.0282036429032316
2024-12-03,A411060,0.003259269132099955,0.0280730343953154
2024-12-04,A411060,0.0032592691335954203,0.0332408828216172
2024-12-05,A411060,0.0032592691349330196,0.0353817220203678
2024-12-06,A411060,0.00325926913602344,0.0211738954806147
2024-12-09,A411060,0.003259269136841389,0.0028628705496771
2024-12-10,A411060,0.003259269137402806,-0.001142204578777
2024-12-11,A411060,0.0032592691377465086,-0.0251154753777001
2024-12-12,A411060,0.003259269137920589,-0.0385817247510386
2024-12-13,A411060,0.0032592691379732066,-0.0226208643338583
2024-12-16,A411060,0.003259269137947068,0.0005715918989575
2024-12-17,A411060,0.0032592691378767378,0.001998002662673
2024-12-18,A411060,0.003259269137787963,0.0253972845947265
2024-12-19,A411060,0.003259269137698269,0.046956983087771
2024-12-20,A411060,0.0032592691376182588,0.0502646740243435
2024-12-23,A411060,0.003259269137553178,0.0452464777569509
2024-12-24,A411060,0.0032592691375044652,0.0429753629800581
2024-12-26,A411060,0.003259269137471115,0.0305240123727104
2024-12-27,A411060,0.003259269137450772,0.0060975798681185
2024-12-30,A411060,0.003259269137440541,-0.0016538041255606
2025-01-02,A411060,0.0032592691374375344,-0.002186988296504
2025-01-03,A411060,0.003259269137439198,0.0049046419845381
2025-01-06,A411060,0.003259269137443469,0.0149195768934442
2025-01-07,A411060,0.003259269137448814,0.0199705720590003
2025-01-08,A411060,0.003259269137454193,0.0147866878159992
2025-01-09,A411060,0.003259269137458978,0.0032786914616982
2025-01-10,A411060,0.003259269137462862,-0.0027218307494922
2025-01-13,A411060,0.0032592691374657627,-0.0141000166781951
2025-01-14,A411060,0.0032592691374677438,-0.0032555644597661
2025-01-15,A411060,0.0032592691374689485,0.0065023258088382
2025-01-16,A411060,0.00325926913746955,0.0089613634328036
2025-01-17,A411060,0.0032592691374697218,0.0108431531343086
2025-01-20,A411060,0.0032592691374696164,0.0356749645952742
2025-01-21,A411060,0.003259269137469357,0.0675062597807609
2025-01-22,A411060,0.0032592691374690357,0.0875963170499537
2025-01-23,A411060,0.003259269137468713,0.1412066474309621
2025-01-24,A411060,0.003259269137468427,0.1185915520728838
2025-01-31,A411060,0.0032592691374681948,0.0901465538010232
2025-02-03,A411060,0.003259269137468022,0.1025116558178367
2025-02-04,A411060,0.003259269137467904,0.120363682249875
2025-02-05,A411060,0.0032592691374678322,0.059464048031189
2025-02-06,A411060,0.0032592691374677967,0.1010408545133098
2025-02-07,A411060,0.0032592691374677867,0.1181842714680496
2025-02-10,A411060,0.003259269137467793,0.0333664857351496
2025-02-11,A411060,0.003259269137467809,-0.0538478989752853
2025-02-12,A411060,0.0032592691374678283,-0.0724589148875567
2025-02-13,A411060,0.003259269137467848,-0.1082506910800596
2025-02-14,A411060,0.003259269137467865,-0.1172215758461658
2025-02-17,A411060,0.00325926913746788,-0.0877776450999594
2025-02-18,A411060,0.003259269137467891,-0.0461893824693745
2025-02-19,A411060,0.0032592691374678986,-0.0532352250256934
2025-02-20,A411060,0.0032592691374679033,-0.0550324723104711
2025-02-21,A411060,0.003259269137467906,-0.0477923460622023
2025-02-24,A411060,0.0032592691374679064,-0.0210379579041724
2025-02-25,A411060,0.0032592691374679055,-0.0112141594512228
2025-02-26,A411060,0.003259269137467904,0.0159246958213355
2025-02-27,A411060,0.0032592691374679025,0.0119064104459977
2025-02-28,A411060,0.0032592691374679007,-0.0020207129886807
2025-03-04,A411060,0.003259269137467899,-0.0268085702935212
2025-03-05,A411060,0.0032592691374678973,-0.0367036580505012
2025-03-06,A411060,0.003259269137467896,-0.0262613566201298
2025-03-07,A411060,0.003259269137467895,0.0077762840124273
2025-03-10,A411060,0.003259269137467895,0.006301218076729
2025-03-11,A411060,0.0032592691374678955,0.0243333215049783
2025-03-12,A411060,0.0032592691374678955,0.0354771155196939
2025-03-13,A411060,0.0032592691374678955,0.0358425624542866
2025-03-14,A411060,0.0032592691374678955,0.0168487632929619
2025-03-17,A411060,0.0032592691374678955,0.0184222287334618
2025-03-18,A411060,0.0032592691374678955,0.0004955401488916
2025-03-19,A411060,0.0032592691374678955,-0.0076383271459802
2025-03-20,A411060,0.0032592691374678955,-0.0068695068965174
2025-03-21,A411060,0.0032592691374678955,0.0141500287247579
2025-03-24,A411060,0.0032592691374678955,0.0403680187705533
2025-03-25,A411060,0.0032592691374678955,0.0431477495830151
2025-03-26,A411060,0.0032592691374678955,0.0297292849601723
2025-03-27,A411060,0.0032592691374678955,0.028874989216235
2025-03-28,A411060,0.0032592691374678955,-0.0161175650210686
2025-03-31,A411060,0.0032592691374678955,-0.05327783063882
2025-04-01,A411060,0.0032592691374678955,-0.0436432897319066
2025-04-02,A411060,0.0032592691374678955,-0.0223364469525305
2025-04-03,A411060,0.0032592691374678955,-0.0120309439598004
2025-04-04,A411060,0.0032592691374678955,0.0305478298500974
2025-04-07,A411060,0.0032592691374678955,0.0456678058033562
2025-04-08,A411060,0.0032592691374678955,0.033149513492896
2025-04-09,A411060,0.0032592691374678955,0.0493395087684042
2025-04-10,A411060,0.0032592691374678955,0.0373009153538734
2025-04-11,A411060,0.0032592691374678955,0.0240634399316352
2025-04-14,A411060,0.0032592691374678955,0.0427585283493942
2025-04-15,A411060,0.0032592691374678955,0.0763659272697322
2025-04-16,A411060,0.0032592691374678955,-0.0002337267744658
2025-04-17,A411060,0.0032592691374678955,0.0118234830477127
2025-04-18,A411060,0.0032592691374678955,0.0016303718529323
2025-04-21,A411060,0.0032592691374678955,-0.0210339431514831
2025-04-22,A411060,0.0032592691374678955,-0.0440479831903983
2025-04-23,A411060,0.0032592691374678955,0.0011680879730199
2025-04-24,A411060,0.0032592691374678955,-0.034227438627588
2025-04-25,A411060,0.0032592691374678955,0.0013953490636044
2025-04-28,A411060,0.0032592691374678955,-0.0060918651374716
2025-04-29,A411060,0.0032592691374678955,-0.0199279833423355
2025-04-30,A411060,0.0032592691374678955,-0.0272173941821681
2025-05-02,A411060,0.0032592691374678955,-0.0059801637375598
2025-05-07,A411060,0.0032592691374678955,-0.0383751492930324
2025-05-08,A411060,0.0032592691374678955,-0.0638024035761198
2025-05-09,A411060,0.0032592691374678955,-0.037640149026719
2025-05-12,A411060,0.0032592691374678955,-0.014256614549793
2025-05-13,A411060,0.0032592691374678955,-0.0235476349302239
2025-05-14,A411060,0.0032592691374678955,0.0052986636494081
2025-05-15,A411060,0.0032592691374678955,0.0453009270658206
2025-05-16,A411060,0.0032592691374678955,0.0221285625107336
2025-05-19,A411060,0.0032592691374678955,0.0075160979359503
2025-05-20,A411060,0.0032592691374678955,0.0122071828358384
2025-05-21,A411060,0.0032592691374678955,-0.012569660297097
2025-05-22,A411060,0.0032592691374678955,-0.0230062211273852
2025-05-23,A411060,0.0032592691374678955,-0.0108815001875341
2025-05-26,A411060,0.0032592691374678955,0.0019305025300578
2025-05-27,A411060,0.0032592691374678955,0.0079758730972403
2025-05-28,A411060,0.0032592691374678955,0.006787904850854
2025-05-29,A411060,0.0032592691374678955,-0.0022072357213774
2025-05-30,A411060,0.0032592691374678955,-0.0026780295980981
2025-06-02,A411060,0.0032592691374678955,-0.0033808291077044
2025-06-04,A411060,0.0032592691374678955,-0.0033759376166975
2025-06-05,A411060,0.0032592691374678955,0.0252876069967153
2025-06-09,A411060,0.0032592691374678955,0.0340324867157218
2025-06-10,A411060,0.0032592691374678955,0.0207486333581016
2025-06-11,A411060,0.0032592691374678955,0.0182171864347136
2025-06-12,A411060,0.0032592691374678955,0.0124821591815181
2025-06-13,A411060,0.0032592691374678955,-0.020467159002536
2025-06-16,A411060,0.0032592691374678955,-0.0021380219570858
2025-06-17,A411060,0.0032592691374678955,-0.0202611851398219
2025-06-18,A411060,0.0032592691374678955,-0.0230668564635246
2025-06-19,A411060,0.0032592691374678955,-0.0217032873685522
2025-06-20,A411060,0.0032592691374678955,-0.0235991976025817
2025-06-23,A411060,0.0032592691374678955,-0.0449923907939816
2025-06-24,A411060,0.0032592691374678955,-0.0014630580517604
2025-06-25,A411060,0.0032592691374678955,-0.0002431019824784
2025-06-26,A411060,0.0032592691374678955,0.0099455034450758
2025-06-27,A411060,0.0032592691374678955,0.0173280723714024
2025-06-30,A411060,0.0032592691374678955,0.0221411258772135
2025-07-01,A411060,0.0032592691374678955,0.0089882786589465
2025-07-02,A411060,0.0032592691374678955,-0.0029218428383648
2025-07-03,A411060,0.0032592691374678955,-0.0021747018356882
2025-07-04,A411060,0.0032592691374678955,0.0060306539062258
2025-07-07,A411060,0.0032592691374678955,0.0195163404347912
2025-07-08,A411060,0.0032592691374678955,0.0148826558757991
2025-07-09,A411060,0.0032592691374678955,0.0212311955549757
2025-07-10,A411060,0.0032592691374678955,0.0148862292744742
2025-07-11,A411060,0.0032592691374678955,0.0105264129869876
2025-07-14,A411060,0.0032592691374678955,0.0085531526417183
2025-07-15,A411060,0.0032592691374678955,0.0111362364002828
2025-07-16,A411060,0.0032592691374678955,0.0184489622409651
2025-07-17,A411060,0.0032592691374678955,-0.0038204439973857
2025-07-18,A411060,0.0032592691374678955,-0.00405389848137
2025-07-21,A411060,0.0032592691374678955,-0.0145361787458726
2025-07-22,A411060,0.0032592691374678955,-0.0166314120967276
2025-07-23,A411060,0.0032592691374678955,-0.0253959299326909
2025-07-24,A411060,0.0032592691374678955,-0.0069619774657632
2025-07-25,A411060,0.0032592691374678955,-0.0016740408070646
2025-07-28,A411060,0.0032592691374678955,0.0090801101759244
2025-07-29,A411060,0.0032592691374678955,0.0128542593529822
2025-07-30,A411060,0.0032592691374678955,0.0192840162192817
2025-07-31,A411060,0.0032592691374678955,0.0197979036417718
2025-08-01,A411060,0.0032592691374678955,0.0287823595651426
2025-08-04,A411060,0.0032592691374678955,0.0101763983164293
2025-08-05,A411060,0.0032592691374678955,-0.0049792633996073
2025-08-06,A411060,0.0032592691374678955,-0.0099526887903974
2025-08-07,A411060,0.0032592691374678955,-0.0049721897157939
2025-08-08,A411060,0.0032592691374678955,-0.0221029454190086
2025-08-11,A411060,0.0032592691374678955,-0.0092253758957253
2025-08-12,A411060,0.0032592691374678955,0.0030853234395366
2025-08-13,A411060,0.0032592691374678955,0.006172859107081
2025-08-14,A411060,0.0032592691374678955,-0.0014251783884955
2025-08-18,A411060,0.0032592691374678955,0.0049804443041447
2025-08-19,A411060,0.0032592691374678955,0.0139235287704542
2025-08-20,A411060,0.0032592691374678955,0.0129489743408031
2025-08-21,A411060,0.0032592691374678955,0.0108287310501923
2025-08-22,A411060,0.0032592691374678955,0.0216326329057605
2025-08-25,A411060,0.0032592691374678955,0.0421553847911477
2025-08-26,A411060,0.0032592691374678955,0.0336437260815471
2025-08-27,A411060,0.0032592691374678955,0.04482799486312
2025-08-28,A411060,0.0032592691374678955,0.0435249642867981
2025-08-29,A411060,0.0032592691374678955,0.0439155993620521
2025-09-01,A411060,0.0032592691374678955,0.0299396804014656
2025-09-02,A411060,0.0032592691374678955,0.058529681596669
2025-09-03,A411060,0.0032592691374678955,0.0386097528509976
2025-09-04,A411060,0.0032592691374678955,0.0453577582781819
2025-09-05,A411060,0.0032592691374678955,0.0422813032094071
2025-09-08,A411060,0.0032592691374678955,0.0282136769410228
2025-09-09,A411060,0.0032592691374678955,0.0173733183283025
2025-09-10,A411060,0.0032592691374678955,0.0357218579036787
2025-09-11,A411060,0.0032592691374678955,0.0178348676360343
2025-09-12,A411060,0.0032592691374678955,0.0080765582495119
2025-09-15,A411060,0.0032592691374678955,0.0295193266026831
2025-09-16,A411060,0.0032592691374678955,0.0330540316714594
2025-09-17,A411060,0.0032592691374678955,0.0376941844302466
2025-09-18,A411060,0.0032592691374678955,0.0488703277030835
2025-09-19,A411060,0.0032592691374678955,0.0657417554704563
2025-09-22,A411060,0.0032592691374678955,0.0830906877558592
2025-09-23,A411060,0.0032592691374678955,0.1075933390760831
2025-09-24,A411060,0.0032592691374678955,0.0763906221590462
2025-09-25,A411060,0.0032592691374678955,0.0549738874367788
2025-09-26,A411060,0.0032592691374678955,0.1024027264819887
2025-09-29,A411060,0.0032592691374678955,0.1205410728348422
2025-09-30,A411060,0.0032592691374678955,0.1177830356563834
2025-10-01,A411060,0.0032592691374678955,0.1707381159408521
2025-10-02,A411060,0.0032592691374678955,0.1527406248184246
2025-10-10,A411060,0.0032592691374678955,0.1125807636313134
2025-10-13,A411060,0.0032592691374678955,0.0023700705186117
2025-10-14,A411060,0.0032592691374678955,-0.0464813959040676
2025-10-15,A411060,0.0032592691374678955,-0.1433291280840799
2025-10-16,A411060,0.0032592691374678955,-0.0990128909254745
2025-10-17,A411060,0.0032592691374678955,-0.1350170222903726
2025-10-20,A411060,0.0032592691374678955,-0.1094269394246163
2025-10-21,A411060,0.0032592691374678955,-0.1378860479106765
2025-10-22,A411060,0.0032592691374678955,-0.0643943354261253
2025-10-23,A411060,0.0032592691374678955,-0.0763644188629828
2025-10-24,A411060,0.0032592691374678955,-0.0308459981178768
2025-10-27,A411060,0.0032592691374678955,-0.002077236135461
2025-10-28,A411060,0.0032592691374678955,0.0408922085560696
2025-10-29,A411060,0.0032592691374678955,0.0241204362881853
2025-10-30,A411060,0.0032592691374678955,0.0458848261153362
2025-10-31,A411060,0.0032592691374678955,0.0323087886511561
2025-11-03,A411060,0.0032592691374678955,0.0389298463682171
2025-11-04,A411060,0.0032592691374678955,0.047175109009123
2025-11-05,A411060,0.0032592691374678955,0.0560109907217885
2025-11-06,A411060,0.0032592691374678955,0.0652795363622905
2025-11-07,A411060,0.0032592691374678955,0.0220464296021074
2025-11-10,A411060,0.0032592691374678955,-0.0115206540746416
2025-11-11,A411060,0.0032592691374678955,-0.0443705825378301
2025-11-12,A411060,0.0032592691374678955,-0.0295304137161844
2025-11-13,A411060,0.0032592691374678955,-0.0580779541346271
2025-11-14,A411060,0.0032592691374678955,-0.0334394231032903
2025-11-17,A411060,0.0032592691374678955,-0.0033161415798064
2025-11-18,A411060,0.0032592691374678955,0.0312467986722986
2025-11-19,A411060,0.0032592691374678955,0.0098200461809755
2025-11-20,A411060,0.0032592691374678955,0.0137051025916503
2025-11-21,A411060,0.0032592691374678955,0.0300377547976244
2025-11-24,A411060,0.0032592691374678955,0.0381981455676218
2025-11-25,A411060,0.0032592691374678955,0.0165115021808271
2025-11-26,A411060,0.0032592691374678955,0.0140164019735357
2025-11-27,A411060,0.0032592691374678955,0.0158447679284386
2025-11-28,A411060,0.0032592691374678955,0.0098153728142586
2025-12-01,A411060,0.0032592691374678955,-0.0001776356697094
2025-12-02,A411060,0.0032592691374678955,-0.0051753483944908
2025-12-03,A411060,0.0032592691374678955,0.0023170850755351
2025-12-04,A411060,0.0032592691374678955,0.0024977711469527
2025-12-05,A411060,0.0032592691374678955,0.0127053059019203
2025-12-08,A411060,0.0032592691374678955,0.0278550022873479
2025-12-09,A411060,0.0032592691374678955,0.0252641296783642
2025-12-10,A411060,0.0032592691374678955,0.0332663728396171
2025-12-11,A411060,0.0032592691374678955,0.0339847033622237
2025-12-12,A411060,0.0032592691374678955,0.0168655653779717
2025-12-15,A411060,0.0032592691374678955,0.0200126408800881
2025-12-16,A411060,0.0032592691374678955,0.0536631289113065
2025-12-17,A411060,0.0032592691374678955,0.0386774545156896
2025-12-18,A411060,0.0032592691374678955,0.0342000488593953
2025-12-19,A411060,0.0032592691374678955,0.021997647172857
2025-12-22,A411060,0.0032592691374678955,-0.0177691331653983
2024-07-30,A439870,0.014618442916854138,0.0060136306744236
2024-07-31,A439870,0.0107340727503141,0.0093366226974736
2024-08-01,A439870,0.006954009728985701,0.0039621525257175
2024-08-02,A439870,0.0038495645239405036,-0.0063883885458758
2024-08-05,A439870,0.0016667353258453498,-0.0163510004341831
2024-08-06,A439870,0.0003110948363213542,0.0050292745753831
2024-08-07,A439870,-0.0003937562054067224,0.0113204782319403
2024-08-08,A439870,-0.0006606128689708364,0.0073607015855473
2024-08-09,A439870,-0.0006673500091589319,0.0082952181197476
2024-08-12,A439870,-0.0005487521643300024,0.0009095525717011
2024-08-13,A439870,-0.00039146733044473505,-0.0064253921820469
2024-08-14,A439870,-0.00024452094475949066,-0.0126274947998648
2024-08-16,A439870,-0.0001293404209048155,-0.0119344939011009
2024-08-19,A439870,-5.047691397355722e-05,-0.0064645337551874
2024-08-20,A439870,-3.432732757989462e-06,-0.0149218010332566
2024-08-21,A439870,1.974836830433567e-05,-0.0120806002473493
2024-08-22,A439870,2.725248023401943e-05,-0.014724214240579
2024-08-23,A439870,2.586702252527713e-05,-0.0079766111223331
2024-08-26,A439870,2.0473347798622996e-05,-0.0170203982267015
2024-08-27,A439870,1.4143882676729683e-05,-0.0080237904620405
2024-08-28,A439870,8.523165775181552e-06,-0.0010208011488429
2024-08-29,A439870,4.269910042850451e-06,0.0036165433433225
2024-08-30,A439870,1.449981326100956e-06,0.0085439417583339
2024-09-02,A439870,-1.671497546248574e-07,0.0076281571768749
2024-09-03,A439870,-9.119163808589916e-07,0.0191606559545193
2024-09-04,A439870,-1.1022568975100517e-06,0.0220801768803877
2024-09-05,A439870,-9.919754820732556e-07,0.0193888726562381
2024-09-06,A439870,-7.577261005189703e-07,0.0173859365393271
2024-09-09,A439870,-5.068710491952823e-07,0.0180140459055136
2024-09-10,A439870,-2.939215237396987e-07,0.0098919053571072
2024-09-11,A439870,-1.3808191528302183e-07,-0.007150080370996
2024-09-12,A439870,-3.8117678000973235e-08,-0.0077157957559164
2024-09-13,A439870,1.677951602237264e-08,-0.0103389275106302
2024-09-19,A439870,4.003185696452953e-08,-0.0063623955770635
2024-09-20,A439870,4.3860619963743055e-08,-0.0022044141103815
2024-09-23,A439870,3.767672487850057e-08,0.0071062628097867
2024-09-24,A439870,2.7822960130595316e-08,0.0189927019859183
2024-09-25,A439870,1.801137086584246e-08,0.0052309728975858
2024-09-26,A439870,1.0013978667250508e-08,-0.0087571118563763
2024-09-27,A439870,4.348663246936491e-09,-0.0072534423163968
2024-09-30,A439870,8.373182092998498e-10,-0.0061887587092873
2024-10-02,A439870,-9.99286677758878e-10,-0.0195581079889837
2024-10-04,A439870,-1.697131158240365e-09,-0.0112239563815142
2024-10-07,A439870,-1.7214035332167125e-09,0.0079369011132586
2024-10-08,A439870,-1.4182950604828246e-09,0.0098087090021266
2024-10-10,A439870,-1.01364560999735e-09,0.0027298842223083
2024-10-11,A439870,-6.342996750402401e-10,-0.0016096227053603
2024-10-14,A439870,-3.364460398504392e-10,0.000955633888006
2024-10-15,A439870,-1.3212404656197097e-10,-0.0116701936386631
2024-10-16,A439870,-1.0004370089605316e-11,-0.0171597552024637
2024-10-17,A439870,5.0374893651933265e-11,-0.008043660789258
2024-10-18,A439870,7.011293902460866e-11,0.0017421684227813
2024-10-21,A439870,6.675667743803411e-11,-0.0072074303232749
2024-10-22,A439870,5.2941563143552585e-11,0.000392695862105
2024-10-23,A439870,3.663796320137397e-11,0.0024593243910533
2024-10-24,A439870,2.2122255519667156e-11,-0.0003457983320872
2024-10-25,A439870,1.1117838309244655e-11,0.0002650387413805
2024-10-28,A439870,3.808978148871224e-12,0.0047634372533968
2024-10-29,A439870,-3.9168379391908066e-13,0.0114892294779955
2024-10-30,A439870,-2.334066452632292e-12,0.0029325794817387
2024-10-31,A439870,-2.8385713390379182e-12,0.002046448886352
2024-11-01,A439870,-2.5614435889484184e-12,0.0035095490367406
2024-11-04,A439870,-1.9602343505765983e-12,0.0099510331006057
2024-11-05,A439870,-1.3135715101920806e-12,0.0104599976148803
2024-11-06,A439870,-7.633535135475131e-13,0.0080865475592787
2024-11-07,A439870,-3.599790705778024e-13,0.002351340728165
2024-11-08,A439870,-1.0076249373992635e-13,-0.0022912747743861
2024-11-11,A439870,4.194205671836608e-14,-0.0059869874199667
2024-11-12,A439870,1.0269268064091558e-13,-0.007333357436239
2024-11-13,A439870,1.1304285623764649e-13,0.0046279913115121
2024-11-14,A439870,9.733618329404406e-14,0.014837288486587
2024-11-15,A439870,7.200845362783215e-14,0.0158081841063257
2024-11-18,A439870,4.669891392876162e-14,0.0240979720933452
2024-11-19,A439870,2.6025756201729878e-14,0.0228554055720683
2024-11-20,A439870,1.1355435626903355e-14,0.0227726481410767
2024-11-21,A439870,2.2455223942278273e-15,0.0328170425534246
2024-11-22,A439870,-2.5327846687822887e-15,0.042730029771352
2024-11-25,A439870,-4.360633798541241e-15,0.0406281859783473
2024-11-26,A439870,-4.439683064020328e-15,0.0384280081142738
2024-11-27,A439870,-3.6658200977872594e-15,0.0330121912967536
2024-11-28,A439870,-2.624525115835265e-15,0.019011979488572
2024-11-29,A439870,-1.645403410741663e-15,0.007915204040685
2024-12-02,A439870,-8.751156724579419e-16,0.0128299674237583
2024-12-03,A439870,-3.457943454754963e-16,0.014476405748405
2024-12-04,A439870,-2.8786353650640145e-17,0.0115173908514771
2024-12-05,A439870,1.2846587615117542e-16,0.0071275435280285
2024-12-06,A439870,1.8037112042783502e-16,0.0157261701817112
2024-12-09,A439870,1.7227747195118158e-16,-0.0113659533657997
2024-12-10,A439870,1.3689733545566608e-16,-0.0279994649504805
2024-12-11,A439870,9.4903740285273e-17,-0.0216025456814582
2024-12-12,A439870,5.741755144223941e-17,-0.0273356450288653
2024-12-13,A439870,2.894650014748634e-17,-0.0421681987112463
2024-12-16,A439870,1.0003458531068329e-17,-0.0199768731913029
2024-12-17,A439870,-9.078034758255622e-19,-0.0176599056597558
2024-12-18,A439870,-5.97320152353678e-18,-0.0195157416984632
2024-12-19,A439870,-7.309641264795675e-18,-0.0196960975628213
2024-12-20,A439870,-6.613881212590463e-18,-0.0122128506158915
2024-12-23,A439870,-5.071001501842735e-18,-0.000953268813831
2024-12-24,A439870,-3.4040759972940654e-18,0.0139811459046336
2024-12-26,A439870,-1.9824618936029695e-18,0.0108656123154153
2024-12-27,A439870,-9.38393410189655e-19,0.0214729176915114
2024-12-30,A439870,-2.6623857929773047e-19,0.0223838020599815
2025-01-02,A439870,1.0470447630176558e-19,0.0084799331556975
2025-01-03,A439870,2.6340796254903756e-19,0.0003701678416895
2025-01-06,A439870,2.9133585343347313e-19,-0.0004137832088391
2025-01-07,A439870,2.5145723497465974e-19,0.0047172274349572
2025-01-08,A439870,1.8636042707431787e-19,0.001241079898674
2025-01-09,A439870,1.2107527422820698e-19,0.0024323489162743
2025-01-10,A439870,6.7636723720278e-20,0.0064391398881506
2025-01-13,A439870,2.9648844399109815e-20,0.0082768142644464
2025-01-14,A439870,6.014559850292293e-21,-0.0013658743089241
2025-01-15,A439870,-6.416568957908348e-21,0.0016914243812801
2025-01-16,A439870,-1.1203427421221475e-20,-0.0085013423240722
2025-01-17,A439870,-1.1450014054914423e-20,-0.0112535908262137
2025-01-20,A439870,-9.474689742425044e-21,-0.0094008039541844
2025-01-21,A439870,-6.795247926370565e-21,-0.0038478711981301
2025-01-22,A439870,-4.268134334843032e-21,-0.0044608118511644
2025-01-23,A439870,-2.276118109782238e-21,0.0065291693704699
2025-01-24,A439870,-9.048785969268876e-22,0.0149074314196285
2025-01-31,A439870,-8.199019214593992e-23,0.0140891156016261
2025-02-03,A439870,3.275333342808743e-22,0.0076392259373795
2025-02-04,A439870,4.639915544907308e-22,0.0060658547042828
2025-02-05,A439870,4.445787804020908e-22,-0.0023533068106236
2025-02-06,A439870,3.5398344520532186e-22,-0.0114228574535387
2025-02-07,A439870,2.4582445309144415e-22,-0.0053083783663754
2025-02-10,A439870,1.4902066628125763e-22,-0.0051087176869987
2025-02-11,A439870,7.536096178687537e-23,-0.002844024033437
2025-02-12,A439870,2.6265770478002535e-23,0.0016922604087089
2025-02-13,A439870,-2.075323131953253e-24,0.0045546297224071
2025-02-14,A439870,-1.528394745602292e-23,0.0018172154715846
2025-02-17,A439870,-1.882224050434379e-23,0.0113377627524472
2025-02-18,A439870,-1.707716167340694e-23,0.0081756372262986
2025-02-19,A439870,-1.3118055232332111e-23,0.0161082212278779
2025-02-20,A439870,-8.821330724646086e-24,0.0207111677119414
2025-02-21,A439870,-5.14835997175724e-24,0.0251736818709721
2025-02-24,A439870,-2.4460220780678977e-24,0.0162956017083412
2025-02-25,A439870,-7.031545602977539e-25,0.0079857096137559
2025-02-26,A439870,2.61026424333068e-25,-0.0027631048464555
2025-02-27,A439870,6.755743673030691e-25,-0.001701414556835
2025-02-28,A439870,7.508048234910699e-25,-0.0090315157655148
2025-03-04,A439870,6.495948480781496e-25,-0.0026170318184772
2025-03-05,A439870,4.822963442522655e-25,0.0051382716133312
2025-03-06,A439870,3.139011105831366e-25,0.0057567743246118
2025-03-07,A439870,1.7576986620859109e-25,-0.0007241845011843
2025-03-10,A439870,7.740490132686968e-26,0.0010121083572965
2025-03-11,A439870,1.6091102296667887e-26,0.0004502900353217
2025-03-12,A439870,-1.6247816506047126e-26,4.0999905705872325e-05
2025-03-13,A439870,-2.878185541518664e-26,0.0060830276774038
2025-03-14,A439870,-2.9528727872801824e-26,0.0067850824974085
2025-03-17,A439870,-2.4487706445636526e-26,0.0013314596241715
2025-03-18,A439870,-1.7593403878562776e-26,-0.0067180489521202
2025-03-19,A439870,-1.1071121182171757e-26,-0.0087546112895313
2025-03-20,A439870,-5.919753495494713e-27,-0.0107006428753432
2025-03-21,A439870,-2.3675575333262572e-27,-0.0119932341550914
2025-03-24,A439870,-2.315738903765636e-28,0.002182385901264
2025-03-25,A439870,8.348608356872613e-28,0.0015397729613165
2025-03-26,A439870,1.1935127860920562e-27,0.0095578702689773
2025-03-27,A439870,1.1472428361012117e-27,0.0111413081237791
2025-03-28,A439870,9.152939915069104e-28,0.0198122006794482
2025-03-31,A439870,6.367318840308886e-28,0.0194943642531109
2025-04-01,A439870,3.867541457771544e-28,0.0161596595692568
2025-04-02,A439870,1.9618769484023972e-28,0.0035495543079267
2025-04-03,A439870,6.894952520226909e-29,0.0040547857994206
2025-04-04,A439870,-4.6614726256948674e-30,-0.0042439778166586
2025-04-07,A439870,-3.9101805495374e-29,-0.0103735034836871
2025-04-08,A439870,-4.8464681584424643e-29,0.0027003662709906
2025-04-09,A439870,-4.4092288085549724e-29,0.0182348333585903
2025-04-10,A439870,-3.3934006128745233e-29,0.0093574650305793
2025-04-11,A439870,-2.2859057504381337e-29,0.0168608903863664
2025-04-14,A439870,-1.3369586715061725e-29,0.0155841449576285
2025-04-15,A439870,-6.375349217734678e-30,0.0026206205303237
2025-04-16,A439870,-1.856290657620138e-30,-0.0024480798822071
2025-04-17,A439870,6.4977201980244875e-31,-0.0008778323742909
2025-04-18,A439870,1.7324928771374346e-30,0.0004325155652883
2025-04-21,A439870,1.93482784801573e-30,-0.0010239509398248
2025-04-22,A439870,1.678068091276479e-30,0.0020192357097593
2025-04-23,A439870,1.2481428776873876e-30,0.0060011637565279
2025-04-24,A439870,8.138024489240086e-31,0.0071131820980471
2025-04-25,A439870,4.5676106633460955e-31,-0.0011056896061928
2025-04-28,A439870,2.020629172609618e-31,-0.0061658218107982
2025-04-29,A439870,4.300269017202189e-32,-0.0097394714653833
2025-04-30,A439870,-4.112114510585505e-32,-0.0214695641766862
2025-05-02,A439870,-7.393545769506915e-32,-0.0224990378035317
2025-05-07,A439870,-7.614966768935209e-32,-0.0202125237020469
2025-05-08,A439870,-6.328786675223665e-32,-0.0161884405885712
2025-05-09,A439870,-4.5549586472550216e-32,-0.0044000445113861
2025-05-12,A439870,-2.87166001779743e-32,-0.0093230638433584
2025-05-13,A439870,-1.53954414791258e-32,0.0002781481893306
2025-05-14,A439870,-6.193696279640899e-33,-0.0067057882270891
2025-05-15,A439870,-6.494663715306825e-34,-0.0085732307104882
2025-05-16,A439870,2.1274538641616228e-33,-0.0117492629931778
2025-05-19,A439870,3.069853726717602e-33,0.0006094297079704
2025-05-20,A439870,2.9603856014252236e-33,0.0008094617521628
2025-05-21,A439870,2.3666168654172688e-33,0.0100867356620853
2025-05-22,A439870,1.6492173431931412e-33,0.0074513051394292
2025-05-23,A439870,1.0037144426197108e-33,0.0015822527323222
2025-05-26,A439870,5.107076338245451e-34,-0.003819175560443
2025-05-27,A439870,1.8095739996724473e-34,-0.0356326404892443
2025-05-28,A439870,-1.0227415211666023e-35,-0.0300244326511373
2025-05-29,A439870,-1.00020592882738e-34,-0.0257879083395123
2025-05-30,A439870,-1.2478373521255281e-34,-0.0200612203701264
2025-06-02,A439870,-1.1384059860424176e-34,-0.0140571332120713
2025-06-04,A439870,-8.77790276695897e-35,0.00809789326077
2025-06-05,A439870,-5.923411721082091e-35,0.0056046961303618
2025-06-09,A439870,-3.4717798765961387e-35,0.0038852924029996
2025-06-10,A439870,-1.6615607084202261e-35,0.0054793739477537
2025-06-11,A439870,-4.898506812489274e-36,0.0016079597454781
2025-06-12,A439870,1.61488940024052e-36,0.0019388065211037
2025-06-13,A439870,4.442453930445504e-36,-0.0065208512011453
2025-06-16,A439870,4.9858545806465324e-36,-0.005248297956658
2025-06-17,A439870,4.3347605804433974e-36,-0.0037837611484189
2025-06-18,A439870,3.230016153305119e-36,0.0026324711528125
2025-06-19,A439870,2.109764209767792e-36,0.0086326906562182
2025-06-20,A439870,1.1869069421480655e-36,0.0077982411582276
2025-06-23,A439870,5.274277423630987e-37,0.0059934201618662
2025-06-24,A439870,1.148055000931582e-37,0.0101801583440717
2025-06-25,A439870,-1.0401675466180023e-37,0.0006591215566954
2025-06-26,A439870,-1.899119663156792e-37,-0.0022136791050829
2025-06-27,A439870,-1.9637026837031623e-37,-0.001068554547862
2025-06-30,A439870,-1.6356184761199764e-37,-0.0025222596382107
2025-07-01,A439870,-1.1792584905394146e-37,-0.0102640319633513
2025-07-02,A439870,-7.448389593701386e-38,-0.0048157406961472
2025-07-03,A439870,-4.003691117109208e-38,-0.0016843443379063
2025-07-04,A439870,-1.6200920927787822e-38,0.0018025240209933
2025-07-07,A439870,-1.8105844654944856e-39,-0.0011165165846061
2025-07-08,A439870,5.4198859893827914e-39,0.0003689913161184
2025-07-09,A439870,7.895535070838131e-39,-0.003097316039266
2025-07-10,A439870,7.638840381996169e-39,-0.0111107592036951
2025-07-11,A439870,6.119063547680524e-39,-0.0085742562340257
2025-07-14,A439870,4.271584332795968e-39,-0.000369648502092
2025-07-15,A439870,2.604786669159556e-39,0.0023114813815932
2025-07-16,A439870,1.3293779590687751e-39,0.0052405088762317
2025-07-17,A439870,4.7481889788328934e-40,0.0067868711772829
2025-07-18,A439870,-2.1714865639329423e-41,0.0033915981402097
2025-07-21,A439870,-2.5580660248466125e-40,0.0050372873370506
2025-07-22,A439870,-3.2126909421444706e-40,0.0005770364738438
2025-07-23,A439870,-2.9391329632237286e-40,0.0048054554197663
2025-07-24,A439870,-2.2705775555840988e-40,0.0091608279623526
2025-07-25,A439870,-1.534881782942142e-40,0.0007037415883343
2025-07-28,A439870,-9.015121866371256e-41,0.0057022488257114
2025-07-29,A439870,-4.330095880593637e-41,0.0086406930676628
2025-07-30,A439870,-1.2921435866397002e-41,0.001430496426509
2025-07-31,A439870,4.0065550852659944e-42,0.0008965483491406
2025-08-01,A439870,1.1390078363331071e-41,0.0109031261226832
2025-08-04,A439870,1.2847503110982992e-41,0.0025736834463762
2025-08-05,A439870,1.1197192290151076e-41,-0.0049855108290504
2025-08-06,A439870,8.358630793098893e-42,-0.0053331682022463
2025-08-07,A439870,5.4693746697734575e-42,-0.0037992355789419
2025-08-08,A439870,3.0840920702981604e-42,-0.0120595346816033
2025-08-11,A439870,1.3765697452830815e-42,-0.0144313976840875
2025-08-12,A439870,3.062059929767409e-43,-0.0072063044889647
2025-08-13,A439870,-2.6296529227965773e-43,-0.0024678667162037
2025-08-14,A439870,-4.877721026699802e-43,-0.0089438326531983
2025-08-18,A439870,-5.063697906109023e-43,-0.0018211196103723
2025-08-19,A439870,-4.227004708290428e-43,-0.0032776554947276
2025-08-20,A439870,-3.052977468815832e-43,-0.0002433447325776
2025-08-21,A439870,-1.931878221767375e-43,-0.001357830362507
2025-08-22,A439870,-1.0411398441497159e-43,0.0038835326003023
2025-08-25,A439870,-4.237124113239823e-44,-0.001151449314271
2025-08-26,A439870,-5.021538198748087e-45,-0.0001688077115371
2025-08-27,A439870,1.3803854419677021e-44,-0.0108001522294212
2025-08-28,A439870,2.0305719989729575e-44,-0.0065467508604254
2025-08-29,A439870,1.971027701234261e-44,-0.005119694266002
2025-09-01,A439870,1.582091569645155e-44,0.0018987613350113
2025-09-02,A439870,1.1063432447231649e-44,0.009718967859984
2025-09-03,A439870,6.759600219364695e-45,0.0143855864896077
2025-09-04,A439870,3.46019375106561e-45,0.0114413594214776
2025-09-05,A439870,1.245629140324847e-45,0.0085377867232875
2025-09-08,A439870,-4.389352625144349e-47,0.0061753901054184
2025-09-09,A439870,-6.541270332339497e-46,0.0070140067302273
2025-09-10,A439870,-8.271000342787507e-46,0.007506085484749
2025-09-11,A439870,-7.58802519098291e-46,0.0117244753815322
2025-09-12,A439870,-5.873160204632826e-46,0.0058562398057143
2025-09-15,A439870,-3.9771079529691284e-46,0.0038548847769993
2025-09-16,A439870,-2.340864854976163e-46,-0.0018777943932767
2025-09-17,A439870,-1.1283616094370774e-46,-0.0059853251458692
2025-09-18,A439870,-3.407167921124948e-47,-0.01856684756934
2025-09-19,A439870,9.921549728938e-48,-0.0192525405777317
2025-09-22,A439870,2.919993551973878e-47,-0.0182054192304491
2025-09-23,A439870,3.310392901831045e-47,-0.0223195769736918
2025-09-24,A439870,2.8922884175961673e-47,-0.0151177065983393
2025-09-25,A439870,2.1629956479770626e-47,-0.0080579253473372
2025-09-26,A439870,1.4178500168866406e-47,-0.0021245717585585
2025-09-29,A439870,8.013480912654781e-48,0.0098273233772085
2025-09-30,A439870,3.592469231026575e-48,0.0181358888978611
2025-10-01,A439870,8.159676159887081e-49,0.0165944728326892
2025-10-02,A439870,-6.644142346973241e-49,0.0082679961419673
2025-10-10,A439870,-1.2526972129832133e-48,0.0105360841818881
2025-10-13,A439870,-1.3057019769262196e-48,-0.0001676094703274
2025-10-14,A439870,-1.0923771253722708e-48,-0.0070988560325888
2025-10-15,A439870,-7.903659226947373e-49,-0.0054255047588141
2025-10-16,A439870,-5.01054722073755e-49,-0.0031472765033002
2025-10-17,A439870,-2.70730910748173e-49,-0.0065868023077459
2025-10-20,A439870,-1.1080148088063952e-49,-0.0149628305602516
2025-10-21,A439870,-1.3864404122420696e-50,-0.007691923449758
2025-10-22,A439870,3.5146890086822364e-50,-0.0214872536371573
2025-10-23,A439870,5.221891181553291e-50,-0.0272980721920773
2025-10-24,A439870,5.085622002544684e-50,-0.0342732730833569
2025-10-27,A439870,4.090419906799388e-50,-0.0293696978442525
2025-10-28,A439870,2.865369401010789e-50,-0.0365908688644086
2025-10-29,A439870,1.7541098869689705e-50,-0.0306993976599658
2025-10-30,A439870,9.005927660229627e-51,-0.0295619204523982
2025-10-31,A439870,3.267089780862587e-51,-0.0282220363825667
2025-11-03,A439870,-8.17478089434046e-53,-0.0260411967651513
2025-11-04,A439870,-1.672394440070993e-51,-0.0194866989401953
2025-11-05,A439870,-2.1292419778102157e-51,-0.0317538263429303
2025-11-06,A439870,-1.9589605960474853e-51,-0.0143773592933027
2025-11-07,A439870,-1.5191381671917883e-51,-0.0186536537303169
2025-11-10,A439870,-1.030503067688351e-51,-0.0183587970463651
2025-11-11,A439870,-6.0780811763511446e-52,-0.016605505917888
2025-11-12,A439870,-2.940146661809639e-52,0.0001276231108954
2025-11-13,A439870,-8.980861993000512e-53,-0.0124220674608274
2025-11-14,A439870,2.4518405374893895e-53,0.0054770648474752
2025-11-17,A439870,7.484926544018922e-53,0.0071366946757255
2025-11-18,A439870,8.529466679921479e-53,0.009958453043398
2025-11-19,A439870,7.470719943015487e-53,0.0100040287788843
2025-11-20,A439870,5.59714039867443e-53,0.0024346278168993
2025-11-21,A439870,3.6754609294346404e-53,-0.0032735044300039
2025-11-24,A439870,2.0820848238574357e-53,-0.0082271923347548
2025-11-25,A439870,9.374500749811959e-54,-0.0191979801559353
2025-11-26,A439870,2.1725142732744668e-54,-0.0193819880319916
2025-11-27,A439870,-1.6776920603478506e-54,-0.0063184844148373
2025-11-28,A439870,-3.216912431838231e-54,0.0
2025-12-01,A439870,-3.3667001391444e-54,0.0044187746008142
2025-12-02,A439870,-2.8229395162101146e-54,0.0023982038756475
2025-12-03,A439870,-2.0460810876433537e-54,0.0004139701172698
2025-12-04,A439870,-1.2995071513101456e-54,0.0009103407049802
2025-12-05,A439870,-7.039585390944321e-55,-0.0003105817037535
2025-12-08,A439870,-2.8971035017050285e-55,0.0079737481116461
2025-12-09,A439870,-3.812848934211096e-56,0.0189363269706616
2025-12-10,A439870,8.946345030654256e-56,0.0139195583688795
2025-12-11,A439870,1.3427942976307518e-55,0.0068697316196332
2025-12-12,A439870,1.3121436952982674e-55,0.0010501085316087
2025-12-15,A439870,1.0575326223610206e-55,-0.0101944176922349
2025-12-16,A439870,7.420978797333574e-56,-0.0160678838137931
2025-12-17,A439870,4.5517624138591465e-56,-0.0057306747089849
2025-12-18,A439870,2.3438663949189924e-56,-0.0042078364318101
2025-12-19,A439870,8.567364692833508e-57,0.002415625248847
2025-12-22,A439870,-1.291293695241173e-58,-0.000823723275571
2024-07-30,A453850,0.0032444336174164055,0.0507586275194408
2024-07-31,A453850,0.003911605703003242,0.0344183432451429
2024-08-01,A453850,0.0019007199798474542,0.019487104800449
2024-08-02,A453850,0.00260769067410956,0.0006110602084426
2024-08-05,A453850,0.001078023042576668,-0.0283902399711617
2024-08-06,A453850,0.0017596629397317442,-0.0129950090034957
2024-08-07,A453850,0.0005799021614273322,0.0056630068806615
2024-08-08,A453850,0.001203983301744542,0.0095428639872669
2024-08-09,A453850,0.0002830442711804802,0.0217531236156891
2024-08-12,A453850,0.0008365509236674613,0.0151938290053408
2024-08-13,A453850,0.00011020302546804562,0.0210912551572129
2024-08-14,A453850,0.0005909602478705653,0.0120620080677164
2024-08-16,A453850,1.312350234188596e-05,0.0064709632630334
2024-08-19,A453850,0.0004247368423488967,0.007028440392887
2024-08-20,A453850,-3.822725771701827e-05,0.0037030443079551
2024-08-21,A453850,0.00031061972631573855,-0.0080962461537172
2024-08-22,A453850,-6.244849243790326e-05,-0.0075067376637535
2024-08-23,A453850,0.0002310362640820194,-0.0040694251251481
2024-08-26,A453850,-7.098111667759851e-05,-0.0222057974982214
2024-08-27,A453850,0.0001745974348641875,-0.0156215625669829
2024-08-28,A453850,-7.079767841266794e-05,-0.0004782972708664
2024-08-29,A453850,0.00013387220797279005,0.0098780928181532
2024-08-30,A453850,-6.609249279706947e-05,0.0224142203013073
2024-09-02,A453850,0.00010397216388296982,0.0262337617168438
2024-09-03,A453850,-5.934166743679192e-05,0.0342849911322627
2024-09-04,A453850,8.164972559886111e-05,0.0332874014767186
2024-09-05,A453850,-5.196635407505036e-05,0.0162108565832588
2024-09-06,A453850,6.472226211158203e-05,0.0108474849156891
2024-09-09,A453850,-4.4746431502966504e-05,0.0097653579137134
2024-09-10,A453850,5.170319310575409e-05,-0.0050448866309558
2024-09-11,A453850,-3.807743870202815e-05,-0.0267307826492854
2024-09-12,A453850,4.1564785576310976e-05,-0.0184635103309075
2024-09-13,A453850,-3.212924463055953e-05,-0.0218139293512335
2024-09-19,A453850,3.358489522447634e-05,-0.0208217625252229
2024-09-20,A453850,-2.6943274683835352e-05,-0.016245095497811
2024-09-23,A453850,2.7247350988471138e-05,-0.0028557849013579
2024-09-24,A453850,-2.2491446589245516e-05,0.0007119127021131
2024-09-25,A453850,2.2176728394217374e-05,-0.0138493140036481
2024-09-26,A453850,-1.871135189934661e-05,-0.0205321222429942
2024-09-27,A453850,1.8095257404232557e-05,-0.0281264752541491
2024-09-30,A453850,-1.5526790813992094e-05,-0.0412341782805882
2024-10-02,A453850,1.4794049416348606e-05,-0.0458706961271307
2024-10-04,A453850,-1.2859351422978491e-05,-0.041358124426848
2024-10-07,A453850,1.211364588392013e-05,-0.0223341999818402
2024-10-08,A453850,-1.0634576725518552e-05,-0.0018460407679321
2024-10-10,A453850,9.930682126880164e-06,0.0063130741329744
2024-10-11,A453850,-8.784914916106307e-06,-0.0096076601538706
2024-10-14,A453850,8.1486003256379e-06,0.0016275433952599
2024-10-15,A453850,-7.250804376147183e-06,-0.0220787370073677
2024-10-16,A453850,6.691073406415721e-06,-0.0368878856841898
2024-10-17,A453850,-5.980717780223e-06,-0.0306983950623443
2024-10-18,A453850,5.497267189701048e-06,-0.0062885378912939
2024-10-21,A453850,-4.930661910237163e-06,-0.0239267063217363
2024-10-22,A453850,4.518367208284555e-06,-0.0024267206493654
2024-10-23,A453850,-4.063426922088401e-06,0.0050994501123492
2024-10-24,A453850,3.7149894931342034e-06,0.0017798123182923
2024-10-25,A453850,-3.3477541708272504e-06,0.0001261590867755
2024-10-28,A453850,3.055219746913293e-06,0.0080393465594171
2024-10-29,A453850,-2.757515858177311e-06,0.0092917361690457
2024-10-30,A453850,2.513107048686314e-06,-0.0157645046222891
2024-10-31,A453850,-2.270954244189728e-06,-0.0182009638639924
2024-11-01,A453850,2.0674920623720087e-06,-0.0184612792926569
2024-11-04,A453850,-1.8700013777516146e-06,-0.0061193459695928
2024-11-05,A453850,1.7010855360714245e-06,-0.0036809078813999
2024-11-06,A453850,-1.5396850028885287e-06,-0.0038829973717528
2024-11-07,A453850,1.3997369917336018e-06,-0.0106632999986087
2024-11-08,A453850,-1.2676179722713353e-06,-0.0154098225740945
2024-11-11,A453850,1.151849959998203e-06,-0.0189768813616915
2024-11-12,A453850,-1.043564342540304e-06,-0.0219845583680678
2024-11-13,A453850,9.479115161961084e-07,-0.0018172382986431
2024-11-14,A453850,-8.590736082998499e-07,0.0080729605110946
2024-11-15,A453850,7.801119033025497e-07,0.0049466385688458
2024-11-18,A453850,-7.071741943988311e-07,0.0141057013668337
2024-11-19,A453850,6.420357810061199e-07,0.0208394472307869
2024-11-20,A453850,-5.821177289140121e-07,0.0214647402926849
2024-11-21,A453850,5.284108347122084e-07,0.0240882883314583
2024-11-22,A453850,-4.791663807648675e-07,0.0301851795516254
2024-11-25,A453850,4.3490258906226627e-07,0.022112986429364
2024-11-26,A453850,-3.944164443982576e-07,0.0167901438459842
2024-11-27,A453850,3.579466149750368e-07,0.009239987263873
2024-11-28,A453850,-3.2465226524912276e-07,0.0153269332025053
2024-11-29,A453850,2.946111123772015e-07,0.0147576465201992
2024-12-02,A453850,-2.672254582523424e-07,0.0129871955268111
2024-12-03,A453850,2.4248424045444764e-07,0.0022508450168131
2024-12-04,A453850,-2.1995514693549526e-07,-0.0005040957888725
2024-12-05,A453850,1.995816565531077e-07,-0.020912830677203
2024-12-06,A453850,-1.8104563206227416e-07,-0.0338373400340886
2024-12-09,A453850,1.6427058699972518e-07,-0.0423222922744473
2024-12-10,A453850,-1.4901848706850592e-07,-0.0368951655268991
2024-12-11,A453850,1.3520744094863374e-07,-0.0233384309546102
2024-12-12,A453850,-1.2265657903983346e-07,-0.0326073654612848
2024-12-13,A453850,1.1128653076373813e-07,-0.0310405724373612
2024-12-16,A453850,-1.0095793770198926e-07,-0.0218523579340498
2024-12-17,A453850,9.159790841619104e-08,-0.0283930745012179
2024-12-18,A453850,-8.309775056685822e-08,-0.0339905433995098
2024-12-19,A453850,7.539268896180535e-08,-0.0108437984020335
2024-12-20,A453850,-6.839705949506846e-08,-0.0106539827825581
2024-12-23,A453850,6.205452630338615e-08,-0.0107735297551176
2024-12-24,A453850,-5.6296981250050785e-08,0.0021310610089541
2024-12-26,A453850,5.10761463528399e-08,-0.0053540483941554
2024-12-27,A453850,-4.633747992423637e-08,-0.0093508562726756
2024-12-30,A453850,4.2040038787825275e-08,-0.0161968718281954
2025-01-02,A453850,-3.813988920508842e-08,-0.0161772198723394
2025-01-03,A453850,3.460256911227387e-08,-0.0260140014722861
2025-01-06,A453850,-3.139252314187101e-08,-0.0241793903991868
2025-01-07,A453850,2.8480904293828322e-08,-0.0186946652827762
2025-01-08,A453850,-2.5838830317165908e-08,-0.0076492655446381
2025-01-09,A453850,2.3442253189717917e-08,0.0065023258088382
2025-01-10,A453850,-2.1267642283641374e-08,0.0146403590963993
2025-01-13,A453850,1.9295011594230037e-08,0.0208184945824847
2025-01-14,A453850,-1.7505146283007833e-08,0.0267150264150605
2025-01-15,A453850,1.588147454453312e-08,0.026386755173195
2025-01-16,A453850,-1.4408277527888955e-08,0.0084706388835086
2025-01-17,A453850,1.3071838357013317e-08,0.0
2025-01-20,A453850,-1.1859280115377544e-08,0.0108485628359768
2025-01-21,A453850,1.0759264060247667e-08,0.004649008838244
2025-01-22,A453850,-9.761229957691857e-09,-0.0012026459657604
2025-01-23,A453850,8.85581434639924e-09,0.0135640377462398
2025-01-24,A453850,-8.03434961987423e-09,0.0316561762038325
2025-01-31,A453850,7.289109439081367e-09,0.0227836285687155
2025-02-03,A453850,-6.612975018619709e-09,0.0114633312742146
2025-02-04,A453850,5.99957465092857e-09,0.0160491540827549
2025-02-05,A453850,-5.443058692948102e-09,-0.0038377602850041
2025-02-06,A453850,4.938174927388837e-09,-0.0252175221696342
2025-02-07,A453850,-4.4801147413826355e-09,-0.0142943880384111
2025-02-10,A453850,4.064550206255948e-09,-0.0043327055240478
2025-02-11,A453850,-3.6875273025477688e-09,-0.0025031302181184
2025-02-12,A453850,3.3454806731909516e-09,-0.0006631739748325
2025-02-13,A453850,-3.0351582721869175e-09,0.0109043633666023
2025-02-14,A453850,2.753623543922327e-09,0.0013199579529972
2025-02-17,A453850,-2.4982013232382512e-09,0.0048566086139616
2025-02-18,A453850,2.2664733325063904e-09,0.0154453332217455
2025-02-19,A453850,-2.0562386582356454e-09,0.0299310064481426
2025-02-20,A453850,1.865506065550665e-09,0.0355974192318513
2025-02-21,A453850,-1.6924646302791661e-09,0.0361414893669482
2025-02-24,A453850,1.5354748984095242e-09,0.0362600793220282
2025-02-25,A453850,-1.3930467127878879e-09,0.0149545135775273
2025-02-26,A453850,1.2638303474117368e-09,-0.002320485764726
2025-02-27,A453850,-1.1465995201745513e-09,-0.0025559119345442
2025-02-28,A453850,1.0402430913329724e-09,-0.01383573185265
2025-03-04,A453850,-9.437518798648518e-10,-0.0100261008659589
2025-03-05,A453850,8.562111959217099e-10,-0.0068049309267254
2025-03-06,A453850,-7.767904940616482e-10,-0.0032318559576226
2025-03-07,A453850,7.047368257282859e-10,-0.0099017075951186
2025-03-10,A453850,-6.393666417917654e-10,-0.0018076183101438
2025-03-11,A453850,5.80060149904151e-10,-0.0075539697275234
2025-03-12,A453850,-5.262547687627127e-10,-0.0012891583582494
2025-03-13,A453850,4.774403235432488e-10,0.01312084683909
2025-03-14,A453850,-4.3315378551785824e-10,0.0068259650703998
2025-03-17,A453850,3.9297521625186057e-10,-0.0006463706514227
2025-03-18,A453850,-3.5652351831669086e-10,-0.0117640811172404
2025-03-19,A453850,3.2345303303984564e-10,-0.0131145163387502
2025-03-20,A453850,-2.934500938216024e-10,-0.0248427836098835
2025-03-21,A453850,2.6623018535980854e-10,-0.0185250455996209
2025-03-24,A453850,-2.4153513886388427e-10,0.0069587909679505
2025-03-25,A453850,2.191307683009752e-10,0.0168916401019216
2025-03-26,A453850,-1.9880458212001723e-10,0.0238921418325795
2025-03-27,A453850,1.8036382153071594e-10,0.0410682631586648
2025-03-28,A453850,-1.636335898861186e-10,0.0418674729218082
2025-03-31,A453850,1.4845522781175185e-10,0.0323464713270828
2025-04-01,A453850,-1.3468478163418002e-10,-0.0131276016517575
2025-04-02,A453850,1.2219165952235533e-10,-0.0552235244923989
2025-04-03,A453850,-1.1085737599565663e-10,-0.0404134271716736
2025-04-04,A453850,1.0057444173591129e-10,-0.0668902916978821
2025-04-07,A453850,-9.12453334466067e-11,-0.0747106843768892
2025-04-08,A453850,8.278157749597519e-11,-0.0245242111728108
2025-04-09,A453850,-7.510290406782876e-11,0.01698242324627
2025-04-10,A453850,6.813649129228706e-11,-0.0101323322271916
2025-04-11,A453850,-6.181627033138944e-11,0.0110660418631391
2025-04-14,A453850,5.608230220411457e-11,0.0006696578298869
2025-04-15,A453850,-5.0880206628439807e-11,-0.0202514800069906
2025-04-16,A453850,4.616064844386638e-11,-0.0046514802453
2025-04-17,A453850,-4.187886801500543e-11,-0.006501714670171
2025-04-18,A453850,3.799425810163315e-11,0.006344192571373
2025-04-21,A453850,-3.446997766617404e-11,0.0211956537331627
2025-04-22,A453850,3.1272603341148907e-11,0.0361885970398688
2025-04-23,A453850,-2.8371811765214813e-11,0.0279784454458194
2025-04-24,A453850,2.5740092546323844e-11,0.0141433855849108
2025-04-25,A453850,-2.3352486926834905e-11,-0.0076709806126326
2025-04-28,A453850,2.11863514233951e-11,-0.0114693762719268
2025-04-29,A453850,-1.922114280782586e-11,-0.0216624505605539
2025-04-30,A453850,1.7438223496534787e-11,-0.0356003316452166
2025-05-02,A453850,-1.5820684623016434e-11,-0.0244465475787542
2025-05-07,A453850,1.4353185814893224e-11,-0.0163301714869104
2025-05-08,A453850,-1.3021809599988108e-11,-0.0260592314832861
2025-05-09,A453850,1.1813929502631999e-11,-0.0052212448757618
2025-05-12,A453850,-1.0718090227900426e-11,-0.0210248504167191
2025-05-13,A453850,9.72389907678624e-12,-0.0020195227328292
2025-05-14,A453850,-8.821927340470223e-12,-0.0142713941053326
2025-05-15,A453850,8.003620915047342e-12,-0.0188205294182567
2025-05-16,A453850,-7.261219148676896e-12,-0.0272125635248847
2025-05-19,A453850,6.587681263068531e-12,-0.0101957345057043
2025-05-20,A453850,-5.976619562824814e-12,-0.0097508898264098
2025-05-21,A453850,5.422238869705336e-12,0.0039620244464714
2025-05-22,A453850,-4.919281551380374e-12,0.0095232242739721
2025-05-23,A453850,4.462977667887066e-12,0.0200730437391472
2025-05-26,A453850,-4.04899972757327e-12,0.0168902058491447
2025-05-27,A453850,3.67342165159678e-12,-0.002452651454319
2025-05-28,A453850,-3.3326815354275636e-12,0.0117927493388621
2025-05-29,A453850,3.023547871982247e-12,0.0087527911095947
2025-05-30,A453850,-2.7430889019148176e-12,-0.0006761782663475
2025-06-02,A453850,2.488644811631454e-12,0.0025838050683903
2025-06-04,A453850,-2.2578025064233448e-12,0.0109898670706617
2025-06-05,A453850,2.048372726576453e-12,0.0123210343990271
2025-06-09,A453850,-1.85836928378383e-12,0.0065146810211936
2025-06-10,A453850,1.6859902254331925e-12,-0.0039308759528032
2025-06-11,A453850,-1.5296007445662826e-12,0.0071723698769742
2025-06-12,A453850,1.3877176762692779e-12,0.0013484360187747
2025-06-13,A453850,-1.2589954312054829e-12,-0.007079439171354
2025-06-16,A453850,1.1422132346801289e-12,0.0012167918759463
2025-06-17,A453850,-1.0362635487896943e-12,0.0130879558290897
2025-06-18,A453850,9.401415689870938e-13,0.0123292904607083
2025-06-19,A453850,-8.529356945494757e-13,0.0163061618834974
2025-06-20,A453850,7.738188832887112e-13,0.0110645666558242
2025-06-23,A453850,-7.020408079451414e-13,0.0143539925089329
2025-06-24,A453850,6.369207403300535e-13,0.0195134617994946
2025-06-25,A453850,-5.77841095371797e-13,0.0105989333485054
2025-06-26,A453850,5.242415741246475e-13,0.0052889188473047
2025-06-27,A453850,-4.756138499665691e-13,-0.0033198357295075
2025-06-30,A453850,4.3149674777164023e-13,-0.0030681008526707
2025-07-01,A453850,-3.9147187019374023e-13,-0.0261034930459422
2025-07-02,A453850,3.551596296963106e-13,-0.0249529258574384
2025-07-03,A453850,-3.2221564860599284e-13,-0.0156834687276447
2025-07-04,A453850,2.923274931211899e-13,-0.0077447309263167
2025-07-07,A453850,-2.6521171024419104e-13,-0.0145339659694265
2025-07-08,A453850,2.406111395813632e-13,-0.006497924582642
2025-07-09,A453850,-2.1829247448082195e-13,-0.009094056566195
2025-07-10,A453850,1.9804404940675176e-13,-0.0244079913439855
2025-07-11,A453850,-1.7967383254338094e-13,-0.0156717608974801
2025-07-14,A453850,1.6300760460910602e-13,-0.0018995935155853
2025-07-15,A453850,-1.4788730659453918e-13,0.0013572206209338
2025-07-16,A453850,1.3416954076628497e-13,0.0065235349586726
2025-07-17,A453850,-1.2172421071112965e-13,0.015797686568161
2025-07-18,A453850,1.1043328753038164e-13,0.0077314728971399
2025-07-21,A453850,-1.00189690477427e-13,0.0071723698769742
2025-07-22,A453850,9.089627142729777e-14,0.0032498335982171
2025-07-23,A453850,-8.246489354352155e-14,0.0145241929213213
2025-07-24,A453850,7.481559540742703e-14,0.013154552103923
2025-07-25,A453850,-6.787583268037375e-14,0.0048524155058338
2025-07-28,A453850,6.15797901088259e-14,0.013128118888223
2025-07-29,A453850,-5.586775734601059e-14,0.0261522576253661
2025-07-30,A453850,5.068556267174525e-14,0.0124719674235925
2025-07-31,A453850,-4.598405923902862e-14,0.0086304724769586
2025-08-01,A453850,4.171865897579967e-14,0.015609682569102
2025-08-04,A453850,-3.784890972090324e-14,0.0046471570057105
2025-08-05,A453850,3.433811158437218e-14,-0.0084645393631114
2025-08-06,A453850,-3.115296889329903e-14,-0.0092728178009435
2025-08-07,A453850,2.826327442271764e-14,-0.0006612444861713
2025-08-08,A453850,-2.564162291657403e-14,-0.011717843797873
2025-08-11,A453850,2.3263151182064406e-14,-0.0169665415190819
2025-08-12,A453850,-2.1105302292302524e-14,-0.0116226009435545
2025-08-13,A453850,1.9147611661180947e-14,-0.005739088158113
2025-08-14,A453850,-1.737151296151202e-14,-0.0155992763856088
2025-08-18,A453850,1.5760162045890888e-14,0.0006694785012721
2025-08-19,A453850,-1.4298277200324222e-14,0.0026910672860249
2025-08-20,A453850,1.2971994215670272e-14,0.0013428228149113
2025-08-21,A453850,-1.176873490238105e-14,0.0008027830241143
2025-08-22,A453850,1.0677087801597603e-14,0.0064291676046973
2025-08-25,A453850,-9.686699961263943e-15,-0.0059068503065048
2025-08-26,A453850,8.788178750905645e-15,-0.0047141308932785
2025-08-27,A453850,-7.973002783890282e-15,-0.0126942960567593
2025-08-28,A453850,7.233441102386868e-15,0.0
2025-08-29,A453850,-6.562479858582051e-15,0.0066533844907366
2025-09-01,A453850,5.953755796820561e-15,0.0260479843189773
2025-09-02,A453850,-5.401495905822541e-15,0.0408705960123304
2025-09-03,A453850,4.900462668656787e-15,0.0436123354600696
2025-09-04,A453850,-4.445904391228369e-15,0.0314644530257041
2025-09-05,A453850,4.0335101382094154e-15,0.0313341561704354
2025-09-08,A453850,-3.6593688490325185e-15,0.0160065880864237
2025-09-09,A453850,3.319932246213298e-15,0.0095447648391742
2025-09-10,A453850,-3.0119811842309437e-15,0.0165165044902265
2025-09-11,A453850,2.7325951198277684e-15,0.0095447648391742
2025-09-12,A453850,-2.479124414189552e-15,-0.0134577600448468
2025-09-15,A453850,2.2491652043271225e-15,-0.0084268340760155
2025-09-16,A453850,-2.040536605344026e-15,-0.0153938749054976
2025-09-17,A453850,1.851260027381851e-15,-0.0132691157820553
2025-09-18,A453850,-1.6795404110890901e-15,-0.0160458929242935
2025-09-19,A453850,1.5237492036549398e-15,-0.002478316014467
2025-09-22,A453850,-1.3824089139561038e-15,0.0033792597793114
2025-09-23,A453850,1.2541791003410206e-15,0.0079205763689251
2025-09-24,A453850,-1.1378436581624614e-15,-0.0024670531242903
2025-09-25,A453850,1.0322992864962423e-15,0.0066307205171026
2025-09-26,A453850,-9.365450246667342e-16,0.0084531357110581
2025-09-29,A453850,8.496727593458504e-16,0.0108402145528648
2025-09-30,A453850,-7.708586121967722e-16,0.0157827103615
2025-10-01,A453850,6.993551263846769e-16,0.022114555118332
2025-10-02,A453850,-6.344841778529395e-16,0.0177245842321184
2025-10-10,A453850,5.756305441368697e-16,0.0258227309942598
2025-10-13,A453850,-5.222360697229377e-16,0.0093261614961443
2025-10-14,A453850,4.737943726189989e-16,0.0087458571287199
2025-10-15,A453850,-4.298460419337271e-16,0.0113795639406334
2025-10-16,A453850,3.899742809201159e-16,0.0125246750779144
2025-10-17,A453850,-3.538009541625809e-16,-0.0006311936080291
2025-10-20,A453850,3.2098300142001973e-16,-0.0005087764037502
2025-10-21,A453850,-2.9120918411446473e-16,0.0044072349874078
2025-10-22,A453850,2.6419713360971495e-16,0.0017585734967981
2025-10-23,A453850,-2.3969067328643524e-16,-0.0118883403443837
2025-10-24,A453850,2.1745738901685073e-16,-0.0113024252255637
2025-10-27,A453850,-1.972864249979228e-16,-0.008817385092394
2025-10-28,A453850,1.7898648403915577e-16,-0.0195388098563169
2025-10-29,A453850,-1.6238401334017915e-16,-0.0193885564088571
2025-10-30,A453850,1.4732155855240443e-16,-0.0170659174896683
2025-10-31,A453850,-1.3365627051501952e-16,-0.0082072786932361
2025-11-03,A453850,1.2125855050352046e-16,-0.0101916640404765
2025-11-04,A453850,-1.1001082114260035e-16,-0.0087505384000779
2025-11-05,A453850,9.980641132699205e-17,-0.0050028967153019
2025-11-06,A453850,-9.054854457508753e-17,0.0069641756833462
2025-11-07,A453850,8.214942122109174e-17,-0.0037412157421582
2025-11-10,A453850,-7.452938574141445e-17,-0.0019469147560641
2025-11-11,A453850,6.761617131839766e-17,-0.0012933266158705
2025-11-12,A453850,-6.134421447697998e-17,-0.0089130603622816
2025-11-13,A453850,5.565403329445565e-17,-0.0121542742677981
2025-11-14,A453850,-5.04916632864e-17,-0.0025883280918513
2025-11-17,A453850,4.5808145618822036e-17,0.005829409603276
2025-11-18,A453850,-4.15590627928553e-17,0.0063213782066911
2025-11-19,A453850,3.7704117398518344e-17,0.0121229238103199
2025-11-20,A453850,-3.4206749942533614e-17,0.0166423243734866
2025-11-21,A453850,3.103379212576408e-17,0.0108262431307101
2025-11-24,A453850,-2.815515228202363e-17,0.0030951791540192
2025-11-25,A453850,2.55435299950287e-17,-0.0069686693160933
2025-11-26,A453850,-2.3174157186978464e-17,-0.01082624313071
2025-11-27,A453850,2.102456322330175e-17,-0.0140439079446253
2025-11-28,A453850,-1.907436180587357e-17,-0.015372000682463
2025-12-01,A453850,1.7305057633641124e-17,-0.0167503754032285
2025-12-02,A453850,-1.5699870997069306e-17,-0.0130345953903761
2025-12-03,A453850,1.4243578642896165e-17,-0.0104208315692189
2025-12-04,A453850,-1.2922369399993111e-17,-0.0039001609500947
2025-12-05,A453850,1.1723713197115787e-17,-0.0084973385330619
2025-12-08,A453850,-1.0636242230337428e-17,-0.007623591076355
2025-12-09,A453850,9.649643153181615e-18,-0.0056575376217763
2025-12-10,A453850,-8.754559267008232e-18,-0.007623591076355
2025-12-11,A453850,7.942501784046774e-18,-0.0110020756146648
2025-12-12,A453850,-7.205769321514248e-18,-0.0024975366252172
2025-12-15,A453850,6.537374863316761e-18,-0.0026423585198523
2025-12-16,A453850,-5.930979496654892e-18,0.0013185655918836
2025-12-17,A453850,5.380832295104733e-18,0.0031616414164076
2025-12-18,A453850,-4.881715778038338e-18,0.0019735550119925
2025-12-19,A453850,4.428896429132179e-18,0.0006578514808656
2025-12-22,A453850,-4.018079804691513e-18,0.0077749617463726
2024-07-30,A453870,0.015862662284655035,-0.037740327982847
2024-07-31,A453870,0.013212594592608939,-0.0327335841853204
2024-08-01,A453870,0.010307304839983232,-0.0273087706971781
2024-08-02,A453870,0.007763232495750687,-0.0189067076818051
2024-08-05,A453870,0.005877973036861292,0.0239358938522038
2024-08-06,A453870,0.004710037485553833,0.0
2024-08-07,A453870,0.004167601965457658,-0.011511466930629
2024-08-08,A453870,0.004086922123023639,-0.004104284852411
2024-08-09,A453870,0.004290909065875934,-0.01919386012173
2024-08-12,A453870,0.004625787409639168,-0.0136510537888943
2024-08-13,A453870,0.004978470308339847,-0.006989847635425
2024-08-14,A453870,0.005279584660951198,0.0086269955212456
2024-08-16,A453870,0.005497558775639899,0.0055443881823592
2024-08-19,A453870,0.005628513988087405,0.0181329324684136
2024-08-20,A453870,0.0056854752966192905,0.0088943533632459
2024-08-21,A453870,0.005689079753503887,0.0170091412142672
2024-08-22,A453870,0.0056607955696669,0.009155979365472
2024-08-23,A453870,0.005618803938800381,0.0130179798452817
2024-08-26,A453870,0.005576164543581553,0.0184800932237069
2024-08-27,A453870,0.005540641266599089,0.0162898171030662
2024-08-28,A453870,0.005515531042938398,-0.0003748547481762
2024-08-29,A453870,0.00550093462264079,0.0052588206236867
2024-08-30,A453870,0.0054950628053371045,-0.021155216273512
2024-09-02,A453870,0.005495333831097534,-0.0184800932237068
2024-09-03,A453870,0.005499155526312625,-0.0111565681170325
2024-09-04,A453870,0.005504385294420428,-0.0030039073354005
2024-09-05,A453870,0.005509520535196695,-0.0070682300437653
2024-09-06,A453870,0.005513697682590095,0.019284448339124
2024-09-09,A453870,0.005516579305564952,0.0177354915511805
2024-09-10,A453870,0.005518195485746592,0.0229261995202468
2024-09-11,A453870,0.005518786295798795,0.0346659004814781
2024-09-12,A453870,0.005518672613239989,0.0387068706013286
2024-09-13,A453870,0.005518166241985251,0.0269717461927159
2024-09-19,A453870,0.0055175188589974885,0.0257367146440498
2024-09-20,A453870,0.005516902678294425,0.0121417524381774
2024-09-23,A453870,0.005516413093199234,-0.0231500325467225
2024-09-24,A453870,0.0055160837283775984,-0.0165426111746841
2024-09-25,A453870,0.005515906115204083,-0.0243536499222234
2024-09-26,A453870,0.0055158486166266806,-0.0338890353261996
2024-09-27,A453870,0.005515871585613545,-0.0294366722951297
2024-09-30,A453870,0.00551593765263611,-0.0026056221702606
2024-10-02,A453870,0.005516017351439855,-0.0147214554563361
2024-10-04,A453870,0.005516091025156955,0.0073685719132429
2024-10-07,A453870,0.005516148218468094,0.0143898102747658
2024-10-08,A453870,0.005516185704010804,0.0066415676394198
2024-10-10,A453870,0.0055162050557028604,0.001861851217416
2024-10-11,A453870,0.005516210383245077,0.0058997221271883
2024-10-14,A453870,0.005516206559289499,-0.0033426214966898
2024-10-15,A453870,0.005516198046843129,-0.0021490245033832
2024-10-16,A453870,0.005516188284403759,0.0011150344957537
2024-10-17,A453870,0.005516179505887052,-0.0070186206135887
2024-10-18,A453870,0.005516172846897629,-0.0133425260974967
2024-10-21,A453870,0.00551616860005146,-0.004025950416553
2024-10-22,A453870,0.005516166512725502,-0.0155505525960176
2024-10-23,A453870,0.0055161660573187984,-0.0050648104694622
2024-10-24,A453870,0.005516166637902442,-0.008200775749781
2024-10-25,A453870,0.005516167723280934,-0.0044620985360098
2024-10-28,A453870,0.005516168913556503,-0.037602420725259
2024-10-29,A453870,0.005516169956039932,-0.019016318073473
2024-10-30,A453870,0.005516170728692962,0.0040241502997255
2024-10-31,A453870,0.005516171207462221,0.0052742738299716
2024-11-01,A453870,0.005516171429919593,0.0003789170595904
2024-11-04,A453870,0.005516171463130638,0.0369298503602579
2024-11-05,A453870,0.005516171379648097,0.0227765691763173
2024-11-06,A453870,0.005516171242484939,-0.0244676639232663
2024-11-07,A453870,0.005516171097988966,-0.0289720652597947
2024-11-08,A453870,0.005516170974598514,-0.0192012018847196
2024-11-11,A453870,0.005516170885261865,-0.0396484042113374
2024-11-12,A453870,0.005516170831577473,-0.0223926772755606
2024-11-13,A453870,0.005516170808214375,-0.0137361634885043
2024-11-14,A453870,0.005516170806719669,-0.0069086244122242
2024-11-15,A453870,0.005516170818297635,0.003469682342812
2024-11-18,A453870,0.005516170835497937,0.0433047154144479
2024-11-19,A453870,0.005516170852968018,0.0250164652795412
2024-11-20,A453870,0.00551617086752507,0.0274365632271551
2024-11-21,A453870,0.00551617087781677,0.0280345536074775
2024-11-22,A453870,0.005516170883800767,0.0153526024823174
2024-11-25,A453870,0.005516170886209503,-0.0100307750242119
2024-11-26,A453870,0.005516170886100517,0.0051525335215915
2024-11-27,A453870,0.005516170884535874,0.0169950423204672
2024-11-28,A453870,0.005516170882393596,0.0244653656856326
2024-11-29,A453870,0.0055161708802895434,0.0432415617837354
2024-12-02,A453870,0.005516170878577753,0.0436467702664149
2024-12-03,A453870,0.005516170877396654,0.0281998419046409
2024-12-04,A453870,0.0055161708767340455,0.0230147144402284
2024-12-05,A453870,0.0055161708764916335,0.0215691052257017
2024-12-06,A453870,0.005516170876537975,-0.0013801622065164
2024-12-09,A453870,0.005516170876745314,-0.0018021269970056
2024-12-10,A453870,0.005516170877010514,-0.0038451819423421
2024-12-11,A453870,0.005516170877262987,-0.0163848559015588
2024-12-12,A453870,0.005516170877463623,-0.0175123045300874
2024-12-13,A453870,0.005516170877598625,-0.0140548393679634
2024-12-16,A453870,0.0055161708776714485,-0.0240975515790605
2024-12-17,A453870,0.005516170877695048,-0.0151612381531486
2024-12-18,A453870,0.0055161708776856645,-0.0051527533956564
2024-12-19,A453870,0.005516170877658611,0.0053591876605863
2024-12-20,A453870,0.005516170877625961,0.0075643881421503
2024-12-23,A453870,0.005516170877595774,0.0086835485666266
2024-12-24,A453870,0.005516170877572335,0.016541400359665
2024-12-26,A453870,0.005516170877556969,-0.0033265600811309
2024-12-27,A453870,0.005516170877549033,-0.0175047861232286
2024-12-30,A453870,0.005516170877546845,-0.0252652816554554
2025-01-02,A453870,0.005516170877548408,-0.0238009381517334
2025-01-03,A453870,0.005516170877551894,-0.0327607872398817
2025-01-06,A453870,0.005516170877555893,-0.0254981942963061
2025-01-07,A453870,0.00551617087755949,-0.0274962559897673
2025-01-08,A453870,0.00551617087756222,-0.0223841812978459
2025-01-09,A453870,0.0055161708775639615,-0.0190135637356257
2025-01-10,A453870,0.0055161708775648185,-0.0266033778342164
2025-01-13,A453870,0.005516170877565006,-0.0090035706646617
2025-01-14,A453870,0.005516170877564768,-0.0100062411240908
2025-01-15,A453870,0.005516170877564323,-0.0265147904717167
2025-01-16,A453870,0.005516170877563835,-0.0179795730310454
2025-01-17,A453870,0.005516170877563407,-0.0088201732344969
2025-01-20,A453870,0.005516170877563091,0.001225584220815
2025-01-21,A453870,0.005516170877562895,0.0073988776837556
2025-01-22,A453870,0.0055161708775628045,0.0367446682176577
2025-01-23,A453870,0.005516170877562791,0.0203475228064897
2025-01-24,A453870,0.005516170877562825,0.0085120068221967
2025-01-31,A453870,0.005516170877562882,-0.0019156360020786
2025-02-03,A453870,0.0055161708775629415,-0.0135288677811603
2025-02-04,A453870,0.005516170877562992,-0.020177906575976
2025-02-05,A453870,0.005516170877563028,-0.0203475228064898
2025-02-06,A453870,0.00551617087756305,-0.0112356379366527
2025-02-07,A453870,0.0055161708775630595,-0.0273691472906422
2025-02-10,A453870,0.00551617087756306,-0.0150567461791077
2025-02-11,A453870,0.005516170877563056,-0.021701662524275
2025-02-12,A453870,0.005516170877563049,-0.0115119326068108
2025-02-13,A453870,0.005516170877563042,-0.0178470871714056
2025-02-14,A453870,0.005516170877563037,-0.0114957463697926
2025-02-17,A453870,0.005516170877563033,-0.022533913916501
2025-02-18,A453870,0.00551617087756303,-0.0266468414606161
2025-02-19,A453870,0.005516170877563028,-0.0293327723376922
2025-02-20,A453870,0.005516170877563028,-0.0189795486980456
2025-02-21,A453870,0.005516170877563028,-0.0166436002726116
2025-02-24,A453870,0.005516170877563028,-0.0125235433653478
2025-02-25,A453870,0.005516170877563028,0.0048685587888896
2025-02-26,A453870,0.005516170877563028,-0.0008114249065786
2025-02-27,A453870,0.005516170877563028,0.0062862876259678
2025-02-28,A453870,0.005516170877563028,0.0146481492373345
2025-03-04,A453870,0.005516170877563028,0.0196100603785809
2025-03-05,A453870,0.005516170877563028,-0.0008097822128477
2025-03-06,A453870,0.005516170877563028,0.0099350601129909
2025-03-07,A453870,0.005516170877563028,-0.003057614226358
2025-03-10,A453870,0.005516170877563028,-0.0036018768680256
2025-03-11,A453870,0.005516170877563028,0.0174207961307322
2025-03-12,A453870,0.005516170877563028,0.0334585933551372
2025-03-13,A453870,0.005516170877563028,0.0414069383405469
2025-03-14,A453870,0.005516170877563028,0.0607336448986253
2025-03-17,A453870,0.005516170877563028,0.0731911402020863
2025-03-18,A453870,0.005516170877563028,0.0624367160684522
2025-03-19,A453870,0.005516170877563028,0.0495956775039561
2025-03-20,A453870,0.005516170877563028,0.034484869072124
2025-03-21,A453870,0.005516170877563028,0.0185587053897682
2025-03-24,A453870,0.005516170877563028,-0.0115434907477571
2025-03-25,A453870,0.005516170877563028,-0.0171110387669153
2025-03-26,A453870,0.005516170877563028,-0.0134351103300855
2025-03-27,A453870,0.005516170877563028,-0.0141803779156312
2025-03-28,A453870,0.005516170877563028,-0.0453048431912897
2025-03-31,A453870,0.005516170877563028,-0.0631723458135774
2025-04-01,A453870,0.005516170877563028,-0.0399776503983141
2025-04-02,A453870,0.005516170877563028,-0.0395351044157938
2025-04-03,A453870,0.005516170877563028,-0.0149211050875201
2025-04-04,A453870,0.005516170877563028,-0.0057808144735893
2025-04-07,A453870,0.005516170877563028,0.0263131364445572
2025-04-08,A453870,0.005516170877563028,0.0104557756534024
2025-04-09,A453870,0.005516170877563028,0.0111008019225046
2025-04-10,A453870,0.005516170877563028,-0.0030726710301904
2025-04-11,A453870,0.005516170877563028,0.0354802693283659
2025-04-14,A453870,0.005516170877563028,0.0417477235979622
2025-04-15,A453870,0.005516170877563028,0.0410610406961113
2025-04-16,A453870,0.005516170877563028,0.0407504689894974
2025-04-17,A453870,0.005516170877563028,0.0388566855837917
2025-04-18,A453870,0.005516170877563028,0.0089578678720279
2025-04-21,A453870,0.005516170877563028,0.0235776046340957
2025-04-22,A453870,0.005516170877563028,0.0151568462932209
2025-04-23,A453870,0.005516170877563028,0.0085467429698731
2025-04-24,A453870,0.005516170877563028,0.0055348652423885
2025-04-25,A453870,0.005516170877563028,0.0037399998714674
2025-04-28,A453870,0.005516170877563028,-0.0232025530601084
2025-04-29,A453870,0.005516170877563028,-0.0439515808277096
2025-04-30,A453870,0.005516170877563028,0.0066381715953439
2025-05-02,A453870,0.005516170877563028,0.0087196009509066
2025-05-07,A453870,0.005516170877563028,0.0176131245991015
2025-05-08,A453870,0.005516170877563028,-0.0003750515739871
2025-05-09,A453870,0.005516170877563028,0.0351071835523108
2025-05-12,A453870,0.005516170877563028,-0.003313577642519
2025-05-13,A453870,0.005516170877563028,-0.0161062499897444
2025-05-14,A453870,0.005516170877563028,-0.0176131245991014
2025-05-15,A453870,0.005516170877563028,-0.013140198129625
2025-05-16,A453870,0.005516170877563028,-0.0197374828383214
2025-05-19,A453870,0.005516170877563028,-0.0162847038498668
2025-05-20,A453870,0.005516170877563028,-0.012608814040606
2025-05-21,A453870,0.005516170877563028,-0.0120175698979907
2025-05-22,A453870,0.005516170877563028,0.0067427051927438
2025-05-23,A453870,0.005516170877563028,0.0033920056643708
2025-05-26,A453870,0.005516170877563028,-0.0123709807314809
2025-05-27,A453870,0.005516170877563028,-0.019484335738428
2025-05-28,A453870,0.005516170877563028,-0.0176860838075907
2025-05-29,A453870,0.005516170877563028,-0.0003776007294799
2025-05-30,A453870,0.005516170877563028,0.0015038727550484
2025-06-02,A453870,0.005516170877563028,0.0197654200705322
2025-06-04,A453870,0.005516170877563028,0.0130820241094023
2025-06-05,A453870,0.005516170877563028,-0.0011543346543237
2025-06-09,A453870,0.005516170877563028,-0.0108601788866861
2025-06-10,A453870,0.005516170877563028,-0.0194991193733449
2025-06-11,A453870,0.005516170877563028,-0.0279965464909491
2025-06-12,A453870,0.005516170877563028,-0.0108643043919057
2025-06-13,A453870,0.005516170877563028,0.0087397060435803
2025-06-16,A453870,0.005516170877563028,0.0044950744234222
2025-06-17,A453870,0.005516170877563028,0.0172424612771162
2025-06-18,A453870,0.005516170877563028,0.0164703355074911
2025-06-19,A453870,0.005516170877563028,0.0168911419805498
2025-06-20,A453870,0.005516170877563028,0.0291118380879659
2025-06-23,A453870,0.005516170877563028,0.0168843989992261
2025-06-24,A453870,0.005516170877563028,0.0096677037315368
2025-06-25,A453870,0.005516170877563028,0.0115262109834581
2025-06-26,A453870,0.005516170877563028,0.0115003881203161
2025-06-27,A453870,0.005516170877563028,-0.0059488575197723
2025-06-30,A453870,0.005516170877563028,0.0047722109806333
2025-07-01,A453870,0.005516170877563028,0.0040936382573704
2025-07-02,A453870,0.005516170877563028,0.0088902645108155
2025-07-03,A453870,0.005516170877563028,0.0037056293793342
2025-07-04,A453870,0.005516170877563028,0.0014905353780613
2025-07-07,A453870,0.005516170877563028,-0.0058939999776056
2025-07-08,A453870,0.005516170877563028,0.0003713193017302
2025-07-09,A453870,0.005516170877563028,-0.0040648960298685
2025-07-10,A453870,0.005516170877563028,0.0033233663024154
2025-07-11,A453870,0.005516170877563028,-0.0003724256122894
2025-07-14,A453870,0.005516170877563028,0.0014954391900127
2025-07-15,A453870,0.005516170877563028,-0.0052110592127521
2025-07-16,A453870,0.005516170877563028,-0.0103473584843952
2025-07-17,A453870,0.005516170877563028,-0.0252365192362147
2025-07-18,A453870,0.005516170877563028,-0.0201677390132429
2025-07-21,A453870,0.005516170877563028,-0.0183989506280584
2025-07-22,A453870,0.005516170877563028,-0.0208914419624971
2025-07-23,A453870,0.005516170877563028,-0.0191129519772453
2025-07-24,A453870,0.005516170877563028,-0.015084851028936
2025-07-25,A453870,0.005516170877563028,-0.0029690555098542
2025-07-28,A453870,0.005516170877563028,-0.0132533444897172
2025-07-29,A453870,0.005516170877563028,-0.0152827149876049
2025-07-30,A453870,0.005516170877563028,-0.0149072992673862
2025-07-31,A453870,0.005516170877563028,-0.020082086007974
2025-08-01,A453870,0.005516170877563028,-0.0207225379329292
2025-08-04,A453870,0.005516170877563028,-0.0069648942751004
2025-08-05,A453870,0.005516170877563028,0.0003868621658369
2025-08-06,A453870,0.005516170877563028,-0.0023252219436243
2025-08-07,A453870,0.005516170877563028,0.0123761065943576
2025-08-08,A453870,0.005516170877563028,0.024147589802714
2025-08-11,A453870,0.005516170877563028,0.0281773484323862
2025-08-12,A453870,0.005516170877563028,0.0325726992601135
2025-08-13,A453870,0.005516170877563028,0.0430574082971599
2025-08-14,A453870,0.005516170877563028,0.0209744369968118
2025-08-18,A453870,0.005516170877563028,0.0003798381934983
2025-08-19,A453870,0.005516170877563028,-0.0113132826551992
2025-08-20,A453870,0.005516170877563028,-0.0225664581360226
2025-08-21,A453870,0.005516170877563028,-0.0353276024754608
2025-08-22,A453870,0.005516170877563028,-0.0221354727710294
2025-08-25,A453870,0.005516170877563028,-0.0206430228634308
2025-08-26,A453870,0.005516170877563028,-0.0041319210978232
2025-08-27,A453870,0.005516170877563028,-0.0076882057792277
2025-08-28,A453870,0.005516170877563028,0.0075940993195938
2025-08-29,A453870,0.005516170877563028,0.0027069895489171
2025-09-01,A453870,0.005516170877563028,0.0115634961013569
2025-09-02,A453870,0.005516170877563028,0.0
2025-09-03,A453870,0.005516170877563028,0.0099067738008732
2025-09-04,A453870,0.005516170877563028,0.0003820147504149
2025-09-05,A453870,0.005516170877563028,0.0141117458003577
2025-09-08,A453870,0.005516170877563028,0.00603677376792
2025-09-09,A453870,0.005516170877563028,0.0052766535462542
2025-09-10,A453870,0.005516170877563028,0.0102635180804125
2025-09-11,A453870,0.005516170877563028,0.0150869015271919
2025-09-12,A453870,0.005516170877563028,0.0101531407128349
2025-09-15,A453870,0.005516170877563028,0.0090251266725019
2025-09-16,A453870,0.005516170877563028,-0.0019086160697177
2025-09-17,A453870,0.005516170877563028,-0.0106456788218696
2025-09-18,A453870,0.005516170877563028,-0.0124168766736229
2025-09-19,A453870,0.005516170877563028,-0.0147329517862881
2025-09-22,A453870,0.005516170877563028,-0.0227560216475227
2025-09-23,A453870,0.005516170877563028,-0.0114515335117821
2025-09-24,A453870,0.005516170877563028,-0.0049046002217666
2025-09-25,A453870,0.005516170877563028,-0.0125729960460067
2025-09-26,A453870,0.005516170877563028,0.0229912569786554
2025-09-29,A453870,0.005516170877563028,0.0346890687985536
2025-09-30,A453870,0.005516170877563028,0.0376973839089079
2025-10-01,A453870,0.005516170877563028,0.0382096893613162
2025-10-02,A453870,0.005516170877563028,0.0498109433548629
2025-10-10,A453870,0.005516170877563028,0.0328742328871324
2025-10-13,A453870,0.005516170877563028,0.0317929938121832
2025-10-14,A453870,0.005516170877563028,0.0328042300727192
2025-10-15,A453870,0.005516170877563028,0.0333049032441538
2025-10-16,A453870,0.005516170877563028,0.0438707773696136
2025-10-17,A453870,0.005516170877563028,0.0184938250606937
2025-10-20,A453870,0.005516170877563028,0.0146354574452579
2025-10-21,A453870,0.005516170877563028,0.004312830146815
2025-10-22,A453870,0.005516170877563028,0.0035696475400337
2025-10-23,A453870,0.005516170877563028,-0.0247505700127576
2025-10-24,A453870,0.005516170877563028,-0.0235710826493482
2025-10-27,A453870,0.005516170877563028,-0.021888698789437
2025-10-28,A453870,0.005516170877563028,-0.0082826646577261
2025-10-29,A453870,0.005516170877563028,-0.0147172332233463
2025-10-30,A453870,0.005516170877563028,0.0028762513537118
2025-10-31,A453870,0.005516170877563028,0.0162288534222212
2025-11-03,A453870,0.005516170877563028,0.0180354044540988
2025-11-04,A453870,0.005516170877563028,0.0136476762744397
2025-11-05,A453870,0.005516170877563028,0.0312558814493654
2025-11-06,A453870,0.005516170877563028,0.0265000628198433
2025-11-07,A453870,0.005516170877563028,0.0081231742101984
2025-11-10,A453870,0.005516170877563028,0.0176456408507794
2025-11-11,A453870,0.005516170877563028,0.0165562010101545
2025-11-12,A453870,0.005516170877563028,0.0041969843364131
2025-11-13,A453870,0.005516170877563028,0.010710910577511
2025-11-14,A453870,0.005516170877563028,0.0241195174019306
2025-11-17,A453870,0.005516170877563028,0.0107595532513302
2025-11-18,A453870,0.005516170877563028,0.0024529570417054
2025-11-19,A453870,0.005516170877563028,-0.0017466033014611
2025-11-20,A453870,0.005516170877563028,-0.0072207492795145
2025-11-21,A453870,0.005516170877563028,-0.0058361869261036
2025-11-24,A453870,0.005516170877563028,-0.0027138947104816
2025-11-25,A453870,0.005516170877563028,-0.0024529570417056
2025-11-26,A453870,0.005516170877563028,-0.0130205590777747
2025-11-27,A453870,0.005516170877563028,-0.0105072415259188
2025-11-28,A453870,0.005516170877563028,-0.004539589456014
2025-12-01,A453870,0.005516170877563028,-0.0158025552020642
2025-12-02,A453870,0.005516170877563028,-0.0091640286039602
2025-12-03,A453870,0.005516170877563028,-0.0014178366191999
2025-12-04,A453870,0.005516170877563028,-0.0123283409253416
2025-12-05,A453870,0.005516170877563028,-0.0080824138900473
2025-12-08,A453870,0.005516170877563028,-0.0017713541316374
2025-12-09,A453870,0.005516170877563028,-0.0059663505349259
2025-12-10,A453870,0.005516170877563028,-0.001419849734485
2025-12-11,A453870,0.005516170877563028,0.0102135791051991
2025-12-12,A453870,0.005516170877563028,0.002818689766991
2025-12-15,A453870,0.005516170877563028,0.0189665702370167
2025-12-16,A453870,0.005516170877563028,0.0244892964513223
2025-12-17,A453870,0.005516170877563028,0.0070791744033865
2025-12-18,A453870,0.005516170877563028,-0.01342683475294
2025-12-19,A453870,0.005516170877563028,-0.0288406026757091
2025-12-22,A453870,0.005516170877563028,-0.0396745075643639
