date,ticker,pred,target_5d
2024-07-30,133690,-0.0016270189,-0.0525583510113294
2024-07-31,133690,0.0021560956,-0.0451625799719763
2024-08-01,133690,0.0019026295,-0.0744979618124686
2024-08-02,133690,0.00097359496,-0.0133017013894818
2024-08-05,133690,6.8834706e-05,0.0661898312368103
2024-08-06,133690,-0.0038071764,0.0170990341791355
2024-08-07,133690,-0.00581284,0.0327020367654312
2024-08-08,133690,-0.0030210132,0.0739525893692317
2024-08-09,133690,-0.0028654358,0.0336042399993184
2024-08-12,133690,0.003873167,0.0370867875529646
2024-08-13,133690,0.00494945,0.034918314418837
2024-08-14,133690,0.005078265,0.0217243685472337
2024-08-16,133690,0.009745064,-0.0129198990175303
2024-08-19,133690,0.0063552675,0.0077907244553306
2024-08-20,133690,0.009760295,-0.0151284104876282
2024-08-21,133690,0.0035762633,-0.0064890246439024
2024-08-22,133690,0.0047740703,-0.0301773259936217
2024-08-23,133690,0.005607256,-0.0111924133427998
2024-08-26,133690,0.005922054,-0.0015931566914148
2024-08-27,133690,0.007577327,0.0062382366912116
2024-08-28,133690,0.004358609,-0.0352840113670354
2024-08-29,133690,0.011788538,-0.0178147697584625
2024-08-30,133690,0.0069414782,-0.0382062441421563
2024-09-02,133690,0.004744101,-0.0510917310396579
2024-09-03,133690,0.00039469005,-0.0450239662854498
2024-09-04,133690,0.002207604,-0.0070282947829996
2024-09-05,133690,0.0017641225,0.023700736575744
2024-09-06,133690,0.0009281809,0.0337957077288734
2024-09-09,133690,0.0008781795,0.0515162436146372
2024-09-10,133690,0.0010901538,0.0520925363955068
2024-09-11,133690,0.0027605582,0.0551973112426522
2024-09-12,133690,0.0014535384,0.0274371448824854
2024-09-13,133690,0.002183218,0.0233526262178412
2024-09-19,133690,0.002909403,0.0261933373214777
2024-09-20,133690,0.0028441474,0.0039825985845946
2024-09-23,133690,0.0025847103,-0.017408213705626
2024-09-24,133690,0.0030599516,-0.0199038563242105
2024-09-25,133690,0.0028245554,-0.0001199585287668
2024-09-26,133690,0.0031802498,0.0037393610868075
2024-09-27,133690,0.0023233267,0.009938541770376
2024-09-30,133690,0.0021782722,0.0469008890077852
2024-10-02,133690,0.0019962757,0.0487084857737161
2024-10-04,133690,0.0036756806,0.03815726476014
2024-10-07,133690,0.0014444253,0.0313301367178409
2024-10-08,133690,0.0014302204,0.0301996428223859
2024-10-10,133690,0.0011578389,0.0137850352401274
2024-10-11,133690,0.0024151318,0.0153309207783955
2024-10-14,133690,0.0012933088,0.016004661807615
2024-10-15,133690,0.0012228253,0.0069576934749943
2024-10-16,133690,0.002900421,0.0215888429616666
2024-10-17,133690,0.0016436339,0.0054531139959357
2024-10-18,133690,0.0017687354,0.0144637488423751
2024-10-21,133690,0.0017123634,0.0161999017859276
2024-10-22,133690,0.0016211133,0.0095736118278233
2024-10-23,133690,0.0017014396,0.0123099656775555
2024-10-24,133690,0.0016353183,0.0025654570595873
2024-10-25,133690,0.0014951823,-0.0213307145486822
2024-10-28,133690,-0.0045399633,-0.0277522294657649
2024-10-29,133690,-0.00026907228,-0.025081337956791
2024-10-30,133690,-0.0005951426,0.0050781669074634
2024-10-31,133690,0.0019981598,0.041033107940021
2024-11-01,133690,0.0031097736,0.0607798731195154
2024-11-04,133690,0.0009153596,0.0687968704548548
2024-11-05,133690,0.0016731982,0.0719957535544065
2024-11-06,133690,0.0026965004,0.0320721521315093
2024-11-07,133690,-0.0037218803,0.0125052380742187
2024-11-08,133690,0.0031247542,-0.0094771227062872
2024-11-11,133690,-0.0033529166,-0.0307786056372936
2024-11-12,133690,-0.0032393828,-0.0339450565037354
2024-11-13,133690,-0.0020751955,-0.0238668889651014
2024-11-14,133690,-0.0019560023,-0.0230352745081525
2024-11-15,133690,-0.0042517195,0.0021614375336289
2024-11-18,133690,-0.0033630962,0.0218699464931026
2024-11-19,133690,-0.0035404374,0.0170271278624401
2024-11-20,133690,-0.00496948,0.012070571671135
2024-11-21,133690,-0.0041823625,0.007740134374946
2024-11-22,133690,-0.0025059679,0.0007012677649688
2024-11-25,133690,-0.0028759197,0.0001933360921971
2024-11-26,133690,-0.0029470746,0.0197887513164839
2024-11-27,133690,-0.002220683,0.0281562272689753
2024-11-28,133690,-0.0017470722,0.0457453556010968
2024-11-29,133690,-0.0016044595,0.0452960189865007
2024-12-02,133690,-0.0021692258,0.0587046162729293
2024-12-03,133690,-0.0016610771,0.0294490222873203
2024-12-04,133690,-0.001888404,0.0204869377692597
2024-12-05,133690,-0.0016904463,0.0239033489356255
2024-12-06,133690,1.2004811e-05,0.0226036995600979
2024-12-09,133690,0.004724501,0.0069323108374921
2024-12-10,133690,0.0051891343,0.0376731506680251
2024-12-11,133690,0.0074258726,0.0310713644805478
2024-12-12,133690,0.0053549265,-0.011331648959616
2024-12-13,133690,0.005425569,-0.0199867728051327
2024-12-16,133690,0.0052774553,-0.0031332072804327
2024-12-17,133690,0.0050055035,-0.0144262442657126
2024-12-18,133690,0.0042506675,0.0124899765851193
2024-12-19,133690,0.0053772363,0.0354162024756477
2024-12-20,133690,0.0045960336,0.0372383451401187
2024-12-23,133690,0.0051398687,-0.0039449505638081
2024-12-24,133690,0.006376024,-0.0131559290933883
2024-12-26,133690,0.006222326,-0.0204564847849148
2024-12-27,133690,0.005380034,-0.0184954732118583
2024-12-30,133690,0.004847391,-0.0231274373153235
2025-01-02,133690,0.0048534703,-0.0053306940217346
2025-01-03,133690,0.0040602935,0.0002491426574426
2025-01-06,133690,0.0052788854,-0.0272949099376695
2025-01-07,133690,0.0047291084,-0.0226794977443701
2025-01-08,133690,0.004533937,-0.0182848812742021
2025-01-09,133690,0.004670258,0.0028407238051078
2025-01-10,133690,0.0041663023,-0.0024574993569951
2025-01-13,133690,0.0037101344,0.0191407113929502
2025-01-14,133690,0.0044271047,0.0108548634552962
2025-01-15,133690,0.0052133882,0.0266103649538996
2025-01-16,133690,0.004610359,0.0120127456977507
2025-01-17,133690,0.005816555,0.0150025776585221
2025-01-20,133690,0.0054368423,0.0102454348665051
2025-01-21,133690,0.005178289,-0.0067170080508263
2025-01-22,133690,0.0046298075,-0.0036876121431823
2025-01-23,133690,0.005433894,-0.0123052310207288
2025-01-24,133690,0.0055029728,0.004547989040956
2025-01-31,133690,0.0053127115,0.00118069718038
2025-02-03,133690,0.0047467854,0.0205518676847597
2025-02-04,133690,0.004856594,0.0136996870517348
2025-02-05,133690,0.005400327,0.0180891537671338
2025-02-06,133690,0.0060325866,0.0050291797813312
2025-02-07,133690,0.005539523,0.0109341540312034
2025-02-10,133690,0.005511941,0.0203361935534663
2025-02-11,133690,0.004926689,0.016622737392779
2025-02-12,133690,0.00491397,0.0125470906787257
2025-02-13,133690,0.0054887673,0.0050040136443079
2025-02-14,133690,0.0051215296,-0.0052732539073699
2025-02-17,133690,0.0051906896,-0.0304352727552982
2025-02-18,133690,0.0057148105,-0.0465870068329814
2025-02-19,133690,0.005170727,-0.0487011566195116
2025-02-20,133690,0.005338007,-0.0352996608392876
2025-02-21,133690,0.004928528,-0.0491372180610817
2025-02-24,133690,0.0044271047,-0.0331316281055681
2025-02-25,133690,0.0035632986,-0.0242131689579265
2025-02-26,133690,0.0036893075,-0.0225395382359345
2025-02-27,133690,0.0045560133,-0.0512800757350987
2025-02-28,133690,0.004810482,-0.0317220331023781
2025-03-04,133690,0.0048517454,-0.0550818368515853
2025-03-05,133690,0.0051731253,-0.0560529873687183
2025-03-06,133690,0.0034936771,-0.0507971578701023
2025-03-07,133690,0.003914748,-0.0320861170942458
2025-03-10,133690,0.0028019836,-0.0293446530441984
2025-03-11,133690,0.005386126,0.0104260523039624
2025-03-12,133690,0.0039059871,0.0062721209153668
2025-03-13,133690,0.0047167405,0.0255297331206259
2025-03-14,133690,0.004241112,0.020833921353098
2025-03-17,133690,0.0045674304,0.0323421341532095
2025-03-18,133690,0.0043920204,0.0314901070880589
2025-03-19,133690,0.0041385316,0.0461549061061374
2025-03-20,133690,0.004202184,0.0091904264707786
2025-03-21,133690,0.004466561,0.0099061067816249
2025-03-24,133690,0.004847391,-0.0423047666788541
2025-03-25,133690,0.004694723,-0.045253194765339
2025-03-26,133690,0.0041340925,-0.0425169029136509
2025-03-27,133690,0.004624156,-0.0509576922065705
2025-03-28,133690,0.0045748665,-0.0908509155726353
2025-03-31,133690,0.004856207,-0.1456909294403873
2025-04-01,133690,0.0047580088,-0.0869939298544488
2025-04-02,133690,0.0047722138,-0.130105662553884
2025-04-03,133690,0.0055089635,-0.004669434357059
2025-04-04,133690,0.0017932816,0.0182750319908253
2025-04-07,133690,-0.010177369,0.1084748859220958
2025-04-08,133690,0.0062906924,0.0316232902611468
2025-04-09,133690,0.009610339,0.0510140547232043
2025-04-10,133690,-0.0063408418,-0.0528306200846154
2025-04-11,133690,-0.0095992815,-0.0335514242999229
2025-04-14,133690,-0.016206542,-0.0493656198695704
2025-04-15,133690,-0.0043467595,-0.0500236403665971
2025-04-16,133690,-0.0055949953,0.0068907273913882
2025-04-17,133690,0.005439034,0.0208044723232532
2025-04-18,133690,0.013838365,0.0603811535641542
2025-04-21,133690,0.0048937746,0.0824584796273038
2025-04-22,133690,0.017569317,0.0929543670454762
2025-04-23,133690,0.015673198,0.0434474940669923
2025-04-24,133690,0.017536186,0.0404836501835598
2025-04-25,133690,0.01616233,0.00111600335794
2025-04-28,133690,0.015915694,0.0035340440891733
2025-04-29,133690,0.022921398,0.0070596976373495
2025-04-30,133690,0.015264912,0.0376058370580555
2025-05-02,133690,0.015651222,0.0541035179576945
2025-05-07,133690,0.004568891,0.0818997416588424
2025-05-08,133690,0.0062924232,0.0574126742160497
2025-05-09,133690,0.006618266,0.0510842373946367
2025-05-12,133690,0.0053318813,0.0289852865494869
2025-05-13,133690,-0.0073145884,0.0088764997480465
2025-05-14,133690,-0.0051617613,-0.0228606095913486
2025-05-15,133690,-0.007046687,-0.0179973017136852
2025-05-16,133690,-0.0068623573,-0.0224268467708995
2025-05-19,133690,-0.0061653857,-0.0225711078790204
2025-05-20,133690,-0.0066590547,-0.0235723988997981
2025-05-21,133690,0.0013032841,-0.0001918862811035
2025-05-22,133690,-0.000802257,0.0257117840546124
2025-05-23,133690,-0.00046141306,0.0159736786597472
2025-05-26,133690,0.0021287305,0.0072593760435782
2025-05-27,133690,0.0015030967,0.0225815300554835
2025-05-28,133690,0.0019654317,0.0004911553761295
2025-05-29,133690,0.0017338033,-0.0154044441407084
2025-05-30,133690,0.0031783534,0.0117257219651551
2025-06-02,133690,0.0017907706,0.032763758195746
2025-06-04,133690,0.001448705,-0.0007857707250806
2025-06-05,133690,0.0016370866,0.0004525702615857
2025-06-09,133690,0.0013999296,0.0059887297129975
2025-06-10,133690,0.0013227707,0.0018145724980664
2025-06-11,133690,0.001226905,-0.0078578006300995
2025-06-12,133690,0.0011145168,0.0071483194122441
2025-06-13,133690,0.001812301,0.0060173207684842
2025-06-16,133690,0.0013868981,0.008545501019182
2025-06-17,133690,-0.00014438758,0.010976396144532
2025-06-18,133690,0.0021688617,0.0140565470038729
2025-06-19,133690,0.0017526774,0.0141675588355
2025-06-20,133690,0.0017526774,0.0291776566765229
2025-06-23,133690,0.0012666103,0.0249558789744549
2025-06-24,133690,0.00078262953,0.0181630553023119
2025-06-25,133690,0.0013420654,0.0126818943249416
2025-06-26,133690,0.0015739838,0.0183875790143192
2025-06-27,133690,0.0022226362,0.0162371152485066
2025-06-30,133690,0.0013275765,0.0157577020201678
2025-07-01,133690,0.0014645592,0.013603461679198
2025-07-02,133690,0.0029727852,0.0170376577889873
2025-07-03,133690,0.0022782164,0.0136806819153686
2025-07-04,133690,0.002435882,0.0100673085674603
2025-07-07,133690,0.0012430169,0.0060579456429657
2025-07-08,133690,0.0025193242,0.0185993934497455
2025-07-09,133690,0.0025999015,0.0145671569603526
2025-07-10,133690,0.0028459528,0.0232489617313442
2025-07-11,133690,0.0026770893,0.0273508312530954
2025-07-14,133690,-0.0003694956,0.0261683048341881
2025-07-15,133690,-0.0040437435,0.0138649541836343
2025-07-16,133690,-0.0011925994,0.0079745239187695
2025-07-17,133690,-0.004076751,-0.006745160884244
2025-07-18,133690,-0.0031061042,-0.0049380732162589
2025-07-21,133690,0.0001831716,0.0075022788497637
2025-07-22,133690,0.0014684183,0.012953286398777
2025-07-23,133690,0.003185333,0.0138811399717704
2025-07-24,133690,0.0025461316,0.0327152097063146
2025-07-25,133690,0.0030282093,0.0111009789959171
2025-07-28,133690,-0.0023971251,-0.0210927948383233
2025-07-29,133690,-0.0028528858,-0.0080962503051582
2025-07-30,133690,-0.0021415467,-0.0077725236914238
2025-07-31,133690,-0.004033423,-0.0163393364342587
2025-08-01,133690,-0.0051765437,0.0045088688033712
2025-08-04,133690,-0.0015899267,0.0343394921641442
2025-08-05,133690,-0.0049321726,0.0140722050756179
2025-08-06,133690,-0.0009955354,0.027180252944418
2025-08-07,133690,-0.0012531193,0.0190493838335068
2025-08-08,133690,-0.0002993171,0.0086199981436543
2025-08-11,133690,-0.0034289842,0.0037086135221491
2025-08-12,133690,0.0012492012,-0.005767615649175
2025-08-13,133690,0.002749975,-0.0122158100346624
2025-08-14,133690,-0.0021726103,-0.0223031751939274
2025-08-18,133690,-0.002263801,-0.0093839613438961
2025-08-19,133690,-0.0026911763,-0.0076663066523076
2025-08-20,133690,-0.0019647484,0.010059571216484
2025-08-21,133690,-0.002201869,0.00293989381295
2025-08-22,133690,-0.0019372696,0.0226122315785733
2025-08-25,133690,-0.002001543,0.0002778723333451
2025-08-26,133690,-0.002228507,-0.0042583358381182
2025-08-27,133690,-0.0021617599,-0.0127992227555332
2025-08-28,133690,0.00037089377,-0.0002769795399074
2025-08-29,133690,8.403244e-05,0.0035507214141789
2025-09-01,133690,-0.0027560508,0.0142070375312508
2025-09-02,133690,-0.0038129638,0.0165702046801404
2025-09-03,133690,-0.0032787488,0.0212669172991872
2025-09-04,133690,-0.0022102764,0.018648399137008
2025-09-05,133690,-0.0018240811,0.0091746574754298
2025-09-08,133690,-0.0019101913,0.015283450345634
2025-09-09,133690,-0.0019101913,0.015324436932253
2025-09-10,133690,-0.0019101913,0.0108540127096609
2025-09-11,133690,-0.0017651,0.016670479316067
2025-09-12,133690,-0.0018382205,0.0222667217339623
2025-09-15,133690,5.8793732e-05,0.0217868309435584
2025-09-16,133690,0.0026412671,0.027515413022926
2025-09-17,133690,0.0023151871,0.0269357964029613
2025-09-18,133690,-0.0028715008,0.0153509313282025
2025-09-19,133690,-0.0019101913,0.0126506401410202
2025-09-22,133690,-0.002780985,0.0055735012130301
2025-09-23,133690,-0.003843014,0.0014725085366558
2025-09-24,133690,-0.003422364,0.0006495914036177
2025-09-25,133690,-0.0038984318,0.0141132363244847
2025-09-26,133690,-0.0022383153,0.0350676135227017
2025-09-29,133690,-0.003039911,0.0203759286173485
2025-09-30,133690,-0.0029711819,0.0169373581895297
2025-10-01,133690,-0.0029853869,0.0201108715198609
2025-10-02,133690,-0.004375666,0.0114941939680129
2025-10-10,133690,-0.005287517,-0.0269751554273165
2025-10-13,133690,0.003289868,0.0074115457919339
2025-10-14,133690,0.0033954133,0.0208516527910806
2025-10-15,133690,-0.0056322822,0.0234766734414707
2025-10-16,133690,-0.0052989777,0.0195207499914764
2025-10-17,133690,-0.0034809394,0.0410864197903576
2025-10-20,133690,-0.0047881566,0.0366862450644217
2025-10-21,133690,0.0046499725,0.0346808351143048
2025-10-22,133690,0.004449565,0.0398738230842707
2025-10-23,133690,0.0049960744,0.0359268269141821
2025-10-24,133690,0.004879568,0.0235194805831504
2025-10-27,133690,0.0050973212,0.0079905323615327
2025-10-28,133690,0.0048889336,-0.0071971082838739
2025-10-29,133690,0.0038322269,-0.0166166000216769
2025-10-30,133690,0.0037260242,-0.0055335700536245
2025-10-31,133690,0.0037472274,-0.0097767081791205
2025-11-03,133690,0.00095791137,-0.0053178757182208
2025-11-04,133690,0.0034323821,0.0151456785644201
2025-11-05,133690,0.0057532797,0.0211860756205772
2025-11-06,133690,0.0043920204,0.0171339560452753
2025-11-07,133690,0.0050002146,-0.0095255876827041
2025-11-10,133690,0.004105023,-0.0030357056435305
2025-11-11,133690,0.0041802684,-0.0368590054549201
2025-11-12,133690,0.0048772646,-0.0475376602362495
2025-11-13,133690,0.0036232225,-0.0225448669417974
2025-11-14,133690,0.006290051,-0.0244730662126449
2025-11-17,133690,0.0044412916,-0.0177022147414543
2025-11-18,133690,0.005133809,0.014155446345068
2025-11-19,133690,0.0051913843,0.027026236735443
2025-11-20,133690,0.004337659,0.0055635094984048
2025-11-21,133690,0.004521438,0.0469666116485333
2025-11-24,133690,0.0043910583,0.0278180937655425
2025-11-25,133690,0.0045415396,0.0152049927896371
2025-11-26,133690,0.0047596744,0.0204513551429972
2025-11-27,133690,0.0045061526,0.019761816931586
2025-11-28,133690,0.0046576275,0.0138379648280438
2025-12-01,133690,0.0031915612,0.0198223382794089
2025-12-02,133690,0.0044364436,0.0157196676582586
2025-12-03,133690,0.005136496,0.0044592627416694
2025-12-04,133690,0.0052803233,-0.0061404939054796
2025-12-05,133690,0.0048779426,0.0030777805725746
2025-12-08,133690,0.004439633,-0.017114824038536
2025-12-09,133690,0.004005864,-0.0266805405518704
2025-12-10,133690,0.0053135506,-0.0138925832435046
2025-12-11,133690,0.00544483,-0.0245017681271263
2025-12-12,133690,0.0057821297,-0.022295079628733
2025-12-15,133690,0.0048462767,0.0133807299738256
2025-12-16,133690,0.005121891,0.0269498266759868
2025-12-17,133690,0.004755481,-0.0027568300575504
2025-12-18,133690,0.0050236653,0.0105141693278984
2025-12-19,133690,0.0060325866,-0.0076501063683016
2025-12-22,133690,0.0060738693,-0.0242427656461276
2024-07-30,161510,-0.0014682958,-0.0624592511698125
2024-07-31,161510,0.0015292416,-0.0476161819777676
2024-08-01,161510,0.0012793692,-0.0465035488475784
2024-08-02,161510,0.0024727508,-0.0077882570088032
2024-08-05,161510,0.009478309,0.0577139834393278
2024-08-06,161510,-0.0003923867,0.0540750825655802
2024-08-07,161510,-0.0019024804,0.0266145321167758
2024-08-08,161510,-0.0030841066,0.0189470286874158
2024-08-09,161510,-0.0035780105,0.0262642074354673
2024-08-12,161510,0.0005401168,0.041405515226053
2024-08-13,161510,0.00013896206,0.0340807724431329
2024-08-14,161510,0.0007141234,0.0363144059564728
2024-08-16,161510,0.0011951105,0.0453106966185803
2024-08-19,161510,0.003039202,0.0416042485691967
2024-08-20,161510,0.0026448688,0.0164044110196499
2024-08-21,161510,0.0027407343,-0.0113469566658057
2024-08-22,161510,0.001209436,-0.0140624086138867
2024-08-23,161510,0.002000184,-0.0237197879353114
2024-08-26,161510,0.0020409704,-0.0324234913604044
2024-08-27,161510,0.0028839835,-0.0147586587452881
2024-08-28,161510,0.0023487096,-0.0066616025963028
2024-08-29,161510,0.0025761866,-0.0039648088664545
2024-08-30,161510,0.0020538156,-0.0048122281379363
2024-09-02,161510,0.0025145374,-0.0241043060310879
2024-09-03,161510,0.0019809671,-0.0311057329628443
2024-09-04,161510,0.0020858264,-0.0416549203872236
2024-09-05,161510,0.0020930113,-0.0317217195333903
2024-09-06,161510,0.0015021417,-0.0058194730405993
2024-09-09,161510,0.0020113043,0.0124750534229605
2024-09-10,161510,0.0018547883,0.0073941395296603
2024-09-11,161510,0.0020908609,0.0279147813347506
2024-09-12,161510,0.0021538371,0.0211418345447906
2024-09-13,161510,0.00094833056,-0.0309936262010683
2024-09-19,161510,0.0032224213,-0.014889312921257
2024-09-20,161510,0.0030927034,-0.0135624032642152
2024-09-23,161510,0.0029297723,-0.0179479214193598
2024-09-24,161510,0.002889872,-0.0307562506006302
2024-09-25,161510,0.0032860094,0.0021735988850419
2024-09-26,161510,0.0030592203,-0.0032043321468329
2024-09-27,161510,0.0018874691,-0.0107970016733283
2024-09-30,161510,0.002657073,0.0078740564309072
2024-10-02,161510,0.0026330815,0.0185670273279541
2024-10-04,161510,0.0021606348,0.0292418495944968
2024-10-07,161510,0.00064731494,0.0145853619300364
2024-10-08,161510,0.0017003701,0.0257616347122802
2024-10-10,161510,0.0018733509,0.0145109606930002
2024-10-11,161510,0.0008336344,0.0159154553058993
2024-10-14,161510,0.0018046212,-0.0014067667790893
2024-10-15,161510,0.00071516715,0.0052578199571744
2024-10-16,161510,0.0018646047,0.0003502504326373
2024-10-17,161510,0.0013541533,0.0003513086282396
2024-10-18,161510,0.0012113258,0.0155970297292764
2024-10-21,161510,0.0012113258,0.0056152319930795
2024-10-22,161510,0.0019601053,0.0011879390656641
2024-10-23,161510,0.0011620362,-0.0039298296189418
2024-10-24,161510,0.0011962435,-0.0117299253349241
2024-10-25,161510,0.002594946,-0.0217210062116777
2024-10-28,161510,-0.0048877317,-0.0121119711775676
2024-10-29,161510,-0.0010463442,-0.0137118486257286
2024-10-30,161510,-0.0014027803,0.0042799574191647
2024-10-31,161510,0.0023983647,0.0124321725547957
2024-11-01,161510,0.0024125697,0.0064046388474192
2024-11-04,161510,0.0018426197,0.014349264986416
2024-11-05,161510,0.0023294436,0.0031104224143927
2024-11-06,161510,0.003100969,-0.0185851372740479
2024-11-07,161510,-0.0027285928,-0.0146380296416435
2024-11-08,161510,0.0024100724,-0.0245014564546846
2024-11-11,161510,-0.0019506285,-0.0156962574980443
2024-11-12,161510,-0.00263607,-0.001695394585246
2024-11-13,161510,-0.0025097101,0.020753197709963
2024-11-14,161510,-0.0023717852,0.0269868801863388
2024-11-15,161510,-0.0027793753,0.04388581301904
2024-11-18,161510,-0.0023636324,0.0305308564502091
2024-11-19,161510,-0.0036662745,0.0243752683450928
2024-11-20,161510,-0.004638657,0.0279690339843234
2024-11-21,161510,-0.004539248,0.0255344673576054
2024-11-22,161510,-0.0027725808,0.0140751162105878
2024-11-25,161510,-0.0026522311,0.0190157374073329
2024-11-26,161510,-0.0024129418,0.049667050392987
2024-11-27,161510,-0.0019183054,0.0068379806740477
2024-11-28,161510,-0.0016193187,-0.0324226490544443
2024-11-29,161510,-0.0024554674,-0.0286304050568926
2024-12-02,161510,-0.0010847334,-0.0662142424951266
2024-12-03,161510,-0.002305288,-0.0820636572215072
2024-12-04,161510,-0.002673424,-0.0420991518657682
2024-12-05,161510,-0.003530548,0.002231676775299
2024-12-06,161510,-0.0015653914,-0.0018868589406011
2024-12-09,161510,0.0057455697,0.0212682866846822
2024-12-10,161510,0.005152494,0.0017090369466359
2024-12-11,161510,0.005589673,-0.0058580821794826
2024-12-12,161510,0.0043446827,-0.027902216238802
2024-12-13,161510,0.00495149,-0.0359635723649276
2024-12-16,161510,0.005185554,-0.0063046998056659
2024-12-17,161510,0.00545171,0.0014930151008432
2024-12-18,161510,0.0037758583,-0.0094591936058225
2024-12-19,161510,0.004167224,-0.0105859196164033
2024-12-20,161510,0.0041734027,-0.0095443513495556
2024-12-23,161510,0.0042830203,-0.0307405690420239
2024-12-24,161510,0.0057434365,-0.0338133643657787
2024-12-26,161510,0.0054090945,-0.0259153120480473
2024-12-27,161510,0.005807686,-0.0090175871044468
2024-12-30,161510,0.005690398,0.0045285301260555
2025-01-02,161510,0.0045047854,0.0127427362286578
2025-01-03,161510,0.0059351036,0.0169050950959643
2025-01-06,161510,0.004960328,0.0161493289295329
2025-01-07,161510,0.004424751,0.0066982412796328
2025-01-08,161510,0.0046896976,0.00820122897019
2025-01-09,161510,0.004106619,0.0023126410538516
2025-01-10,161510,0.004071534,-0.0013737755676341
2025-01-13,161510,0.003668461,-0.0029629651306564
2025-01-14,161510,0.0042389203,0.0042721182965159
2025-01-15,161510,0.004367136,0.0047591667560649
2025-01-16,161510,0.003807097,0.0021632543769243
2025-01-17,161510,0.004290515,0.0054838148825542
2025-01-20,161510,0.0043482105,0.0258622786808881
2025-01-21,161510,0.0043366547,0.0129219314169191
2025-01-22,161510,0.003697557,0.0142849368601378
2025-01-23,161510,0.0050269947,0.0159351687333213
2025-01-24,161510,0.004513435,0.0132954067114692
2025-01-31,161510,0.004848174,-0.0119906364065052
2025-02-03,161510,0.0047162855,-0.0042171535999333
2025-02-04,161510,0.0039089816,-0.0103361935305645
2025-02-05,161510,0.005171448,-0.00790011581857
2025-02-06,161510,0.0055936812,-0.006625607538524
2025-02-07,161510,0.004539673,0.0085288363475193
2025-02-10,161510,0.0056018243,0.0232922639352661
2025-02-11,161510,0.00550622,0.0258872932602205
2025-02-12,161510,0.00486177,0.0270686858781861
2025-02-13,161510,0.0050322115,0.0284686644082228
2025-02-14,161510,0.005699295,0.0137758714958238
2025-02-17,161510,0.0057093976,0.0091254856381564
2025-02-18,161510,0.0052312086,-0.001537279318887
2025-02-19,161510,0.0052519413,-0.0033437857696689
2025-02-20,161510,0.0051088324,-0.0040375968530383
2025-02-21,161510,0.0048644445,-0.018457727249439
2025-02-24,161510,0.0048745465,-0.0314154585387704
2025-02-25,161510,0.003674603,-0.023705337868721
2025-02-26,161510,0.0037096879,-0.0127103989866874
2025-02-27,161510,0.0047795563,-0.0255038371914118
2025-02-28,161510,0.0048954175,0.0022727282510039
2025-03-04,161510,0.005192857,-0.0003578457722923
2025-03-05,161510,0.004835512,0.0070641415456798
2025-03-06,161510,0.00443969,-0.0051723642434193
2025-03-07,161510,0.005355344,0.0044266815110258
2025-03-10,161510,0.0037459019,0.0069282709089666
2025-03-11,161510,0.0043216245,0.0226478186729064
2025-03-12,161510,0.0044589047,0.0222200113500807
2025-03-13,161510,0.0040418664,0.0219912610534489
2025-03-14,161510,0.0036894847,0.0231676031004219
2025-03-17,161510,0.0038234151,0.0149642677708641
2025-03-18,161510,0.0042667477,0.0089174340406099
2025-03-19,161510,0.0038234151,0.0
2025-03-20,161510,0.0037431316,-0.005714699502505
2025-03-21,161510,0.0037642948,-0.0059343211818134
2025-03-24,161510,0.004270933,-0.0232413480278275
2025-03-25,161510,0.0043744063,-0.013968658475095
2025-03-26,161510,0.0037493107,-0.0144290519048375
2025-03-27,161510,0.0044431346,-0.0198347776592378
2025-03-28,161510,0.0048583876,-0.0203727778972204
2025-03-31,161510,0.0049331975,-0.0456375060044162
2025-04-01,161510,0.0038449916,-0.0635168647470081
2025-04-02,161510,0.0042597908,-0.0719503336588403
2025-04-03,161510,0.0054394747,-0.0271712647166939
2025-04-04,161510,0.0025830478,-0.0243782190814361
2025-04-07,161510,-0.00033507962,0.0216248497313031
2025-04-08,161510,0.0005597492,0.0437705025720944
2025-04-09,161510,0.0055245366,0.0587408524719066
2025-04-10,161510,0.013127029,0.0268860597236741
2025-04-11,161510,0.005296126,0.0348286749762873
2025-04-14,161510,-0.007448825,0.0409878834012786
2025-04-15,161510,0.0036474064,0.0314931061127872
2025-04-16,161510,-0.0073795733,0.0360177933646284
2025-04-17,161510,-0.0063958834,0.0361358552047743
2025-04-18,161510,-0.006050743,0.0303686800491753
2025-04-21,161510,-0.0058163186,0.01566105046113
2025-04-22,161510,0.0038062152,0.0237664871376548
2025-04-23,161510,0.0035004092,0.030092268920729
2025-04-24,161510,0.004665506,0.0313488315981569
2025-04-25,161510,0.0055140695,0.0339267068660564
2025-04-28,161510,0.004659444,0.0340000983416182
2025-04-29,161510,0.005452216,0.0238114472751185
2025-04-30,161510,0.0043919934,0.0217112049369596
2025-05-02,161510,0.00468417,0.0215629336365257
2025-05-07,161510,-0.004750245,0.0221677492945424
2025-05-08,161510,-0.00374141,0.0198716895545292
2025-05-09,161510,-0.0040527987,0.0216373508202636
2025-05-12,161510,-0.0035450158,0.0037253727605239
2025-05-13,161510,-0.0035450158,0.0101253542411949
2025-05-14,161510,-0.0033059553,0.0096182518589955
2025-05-15,161510,-0.0033622226,0.0103056944774113
2025-05-16,161510,-0.0034522691,0.0148084086417181
2025-05-19,161510,-0.0032957257,0.0358176481188454
2025-05-20,161510,-0.0033622226,0.0287716364523298
2025-05-21,161510,0.0024826159,0.0331710609398161
2025-05-22,161510,0.00067466864,0.0738730427581373
2025-05-23,161510,0.00058864395,0.0613499253576854
2025-05-26,161510,0.0021722694,0.0336056871668777
2025-05-27,161510,0.00260862,0.0723046098756281
2025-05-28,161510,0.0027013868,0.0660677099177444
2025-05-29,161510,0.0027573428,0.0489698210253219
2025-05-30,161510,0.002870835,0.049771430081094
2025-06-02,161510,0.0028903275,0.0703754788339114
2025-06-04,161510,0.0021907212,0.0283702889452079
2025-06-05,161510,0.002470796,0.0252174539088478
2025-06-09,161510,0.0019928722,0.0231126410074296
2025-06-10,161510,0.0023743622,0.0202107136905915
2025-06-11,161510,0.0024597046,0.0072908453065299
2025-06-12,161510,0.0023812973,0.0066727232431098
2025-06-13,161510,0.0021143067,0.0118417984655252
2025-06-16,161510,0.0022096622,-0.006653458891046
2025-06-17,161510,0.00048537523,0.0244697771520527
2025-06-18,161510,0.0027190226,0.0416370693969039
2025-06-19,161510,0.0027573428,0.0338019769348925
2025-06-20,161510,0.0027573428,0.0239280316603966
2025-06-23,161510,0.0021450992,0.0335387198629479
2025-06-24,161510,0.002171342,0.0196042236406128
2025-06-25,161510,0.002202906,0.0095689365770006
2025-06-26,161510,0.0025935485,0.0264545778427649
2025-06-27,161510,0.0032553861,0.0160707079958069
2025-06-30,161510,0.002449762,0.0178499362963844
2025-07-01,161510,0.0025154185,0.0394331396941982
2025-07-02,161510,0.002050992,0.0541488784032839
2025-07-03,161510,0.0026709882,0.0599345456152562
2025-07-04,161510,0.0027763902,0.0813717270654095
2025-07-07,161510,0.0026145335,0.1015592041142152
2025-07-08,161510,0.002603835,0.0621125256772074
2025-07-09,161510,0.0031965717,0.0171348060767968
2025-07-10,161510,0.0032973273,0.0089557292937314
2025-07-11,161510,0.00241516,-0.0111839000856122
2025-07-14,161510,7.818022e-05,-0.0496932292334246
2025-07-15,161510,-0.0048439587,-0.0433182438647143
2025-07-16,161510,-0.0010782313,-0.0099134642549501
2025-07-17,161510,-0.0062723476,-0.0251285885393315
2025-07-18,161510,-0.007477278,-0.0129875236861121
2025-07-21,161510,-0.0015448752,-0.0411593479855429
2025-07-22,161510,0.00039356932,-0.0310879242059343
2025-07-23,161510,0.0014509639,-0.028996416382748
2025-07-24,161510,0.0013295743,-0.0297452275819107
2025-07-25,161510,0.0020684346,-0.0658007619859546
2025-07-28,161510,-0.005640622,-0.0163175642117696
2025-07-29,161510,-0.0052981144,-0.0148805227561172
2025-07-30,161510,-0.005581918,-0.0137163484497424
2025-07-31,161510,-0.0069164666,-0.0019903631125544
2025-08-01,161510,-0.007579883,0.0365364229982621
2025-08-04,161510,-0.0021622253,0.014259353072747
2025-08-05,161510,-0.005988355,0.0098050337452431
2025-08-06,161510,-0.0021049643,-0.0010508065906762
2025-08-07,161510,-0.0021067315,-0.0026249490082861
2025-08-08,161510,-0.0007963558,-0.0138704330622658
2025-08-11,161510,-0.0044714874,-0.008435287025664
2025-08-12,161510,0.00040680956,-0.0149568097517231
2025-08-13,161510,0.0022201652,-0.009985026298132
2025-08-14,161510,-0.0032362526,-0.0115259814637038
2025-08-18,161510,-0.0021019632,0.0047682209546699
2025-08-19,161510,-0.0029687383,0.003191492070643
2025-08-20,161510,-0.0032490147,0.0036673883088038
2025-08-21,161510,-0.0043805325,0.0149665525536981
2025-08-22,161510,-0.002613256,0.0102635542801028
2025-08-25,161510,-0.0022832584,0.0031135411310518
2025-08-26,161510,-0.0017929031,0.0076182783016243
2025-08-27,161510,-0.0019237893,0.0066097588817655
2025-08-28,161510,0.0012536827,-0.0094070115879727
2025-08-29,161510,0.00080674613,-0.0015802784578173
2025-09-01,161510,-0.0016997353,-0.0007906597149105
2025-09-02,161510,-0.0032647043,0.0111112254250702
2025-09-03,161510,-0.002369382,0.0323068723262309
2025-09-04,161510,-0.0016188924,0.0323656208147031
2025-09-05,161510,-0.0017301012,0.0346094740235081
2025-09-08,161510,-0.001577579,0.0427353706102593
2025-09-09,161510,-0.0011595761,0.0256760779999449
2025-09-10,161510,-0.0015255016,-0.0050645970898361
2025-09-11,161510,-0.0010651628,0.0030624768728984
2025-09-12,161510,-0.0014535306,-0.0055662086774344
2025-09-15,161510,0.0007909412,-0.0119445370396196
2025-09-16,161510,0.0031724148,-0.0082636666950364
2025-09-17,161510,0.0027225332,-0.0064315521022724
2025-09-18,161510,-0.0033298736,-0.0161318679429527
2025-09-19,161510,-0.002845559,-0.0204347401877935
2025-09-22,161510,-0.0036911557,-0.0127619701501107
2025-09-23,161510,-0.0042919246,-0.0176209183949058
2025-09-24,161510,-0.003609709,-0.0160786043083671
2025-09-25,161510,-0.004151485,-0.0048803378107002
2025-09-26,161510,-0.0026629763,-0.0093996018548629
2025-09-29,161510,-0.00354098,-0.023421992338708
2025-09-30,161510,-0.003609709,-0.0162929972003844
2025-10-01,161510,-0.003609709,0.0078374401911052
2025-10-02,161510,-0.0050061727,0.0115907330937332
2025-10-10,161510,-0.0053781443,0.0162230780784078
2025-10-13,161510,0.0033822486,0.040368069011393
2025-10-14,161510,0.003493941,0.0380542849419267
2025-10-15,161510,-0.0055553154,0.0302952510863345
2025-10-16,161510,-0.0055776043,0.0127794000074761
2025-10-17,161510,-0.005584418,0.0239529338609134
2025-10-20,161510,-0.0055319774,0.0111902734839404
2025-10-21,161510,0.0054231063,0.0094431325671742
2025-10-22,161510,0.0049653654,-0.0038954846518919
2025-10-23,161510,0.004674654,-0.0055517498136197
2025-10-24,161510,0.0049170256,-0.0019277603372653
2025-10-27,161510,0.0063661532,-0.0044914410242835
2025-10-28,161510,0.0052307183,-0.0051674465257196
2025-10-29,161510,0.0035388651,-0.0078367914183612
2025-10-30,161510,0.0035074726,0.029837940939343
2025-10-31,161510,0.0030575637,0.0146687107331633
2025-11-03,161510,0.003440322,0.049919127244193
2025-11-04,161510,0.0034020017,0.052247735147608
2025-11-05,161510,0.0052182153,0.0833775218764429
2025-11-06,161510,0.004976608,0.0537540754043739
2025-11-07,161510,0.0056260643,0.0446257997107988
2025-11-10,161510,0.00555426,0.000481046767021
2025-11-11,161510,0.0050776005,-0.0241022546838145
2025-11-12,161510,0.004664973,-0.0411628121332459
2025-11-13,161510,0.0052547553,-0.0406536664288346
2025-11-14,161510,0.005665505,-0.0290353940673941
2025-11-17,161510,0.005228568,-0.0249812128809754
2025-11-18,161510,0.0056706043,0.000246883102104
2025-11-19,161510,0.0052978736,0.0072709848204972
2025-11-20,161510,0.003577246,0.0086230529688453
2025-11-21,161510,0.004384577,0.0154966071322366
2025-11-24,161510,0.004111622,0.0183222421257447
2025-11-25,161510,0.004484137,0.0392586897596967
2025-11-26,161510,0.004137555,0.0284247574227762
2025-11-27,161510,0.005294433,0.0270383740143973
2025-11-28,161510,0.0046513574,0.0372784935575509
2025-12-01,161510,0.0041071894,0.0325320999205427
2025-12-02,161510,0.004751468,0.0084612071524254
2025-12-03,161510,0.004746201,-0.0032661977866208
2025-12-04,161510,0.0048417165,-0.0004722550264872
2025-12-05,161510,0.005181484,0.0007007545076653
2025-12-08,161510,0.0053144023,-0.000468757332916
2025-12-09,161510,0.004075322,-0.0049072905537794
2025-12-10,161510,0.0048255557,0.0021313385764916
2025-12-11,161510,0.004846954,-0.0120228596749907
2025-12-12,161510,0.0048255557,-0.0179531267964989
2025-12-15,161510,0.0043219132,-0.0034286016256004
2025-12-16,161510,0.0039370996,0.0051426123574298
2025-12-17,161510,0.0036830986,0.0074475951124455
2025-12-18,161510,0.004134431,0.010652057541213
2025-12-19,161510,0.0044934647,0.004932660352388
2025-12-22,161510,0.0049018813,-0.0056144140307843
2024-07-30,174350,-0.0021420417,-0.058439460266646
2024-07-31,174350,0.0013934503,-0.051827638747028
2024-08-01,174350,0.0011957425,-0.0460030921223175
2024-08-02,174350,0.0012398877,-0.0131198427613927
2024-08-05,174350,0.006943973,0.0495176102388104
2024-08-06,174350,-0.0011945725,0.0423120590270134
2024-08-07,174350,-0.0009833764,0.0311546472935884
2024-08-08,174350,-0.0036536588,0.0257724797443774
2024-08-09,174350,-0.0019555725,0.0229705216611773
2024-08-12,174350,0.0011003729,0.0334528831129929
2024-08-13,174350,0.0004342599,0.0257448027214142
2024-08-14,174350,0.0012390714,0.0234080908980143
2024-08-16,174350,0.0017200588,0.0332556876459175
2024-08-19,174350,0.002150128,0.0338116930395937
2024-08-20,174350,0.0017820649,0.0218277704726777
2024-08-21,174350,0.0015665425,0.008489559237601
2024-08-22,174350,0.0005254216,0.005367957447703
2024-08-23,174350,0.0011511722,-0.0106952891167484
2024-08-26,174350,0.0012500475,-0.0144768675321547
2024-08-27,174350,0.0022129961,0.0
2024-08-28,174350,0.00077805645,-0.006159773086372
2024-08-29,174350,0.0020115082,0.0
2024-08-30,174350,0.0020756654,-0.0008027615426673
2024-09-02,174350,0.001979797,-0.0088524640556233
2024-09-03,174350,0.00057156244,-0.0133759956078147
2024-09-04,174350,0.0012241328,-0.020592539579928
2024-09-05,174350,0.001171536,-0.0147304148598337
2024-09-06,174350,0.0012423489,0.0092726483739582
2024-09-09,174350,0.00063154043,0.0191351260961347
2024-09-10,174350,0.00068170746,0.0050369884628445
2024-09-11,174350,0.00071109773,0.0256351724288261
2024-09-12,174350,0.0006358841,0.0120099779124132
2024-09-13,174350,0.00084976945,-0.0189563909294161
2024-09-19,174350,0.002069055,-0.0106833512312718
2024-09-20,174350,0.001800725,0.00111589362767
2024-09-23,174350,0.0017723556,-0.0073724190001271
2024-09-24,174350,0.0022136432,-0.0201520193095561
2024-09-25,174350,0.0018950573,-0.0069165009847544
2024-09-26,174350,0.0023308275,-0.0138823859822689
2024-09-27,174350,0.0016707401,-0.0246786717969218
2024-09-30,174350,0.0017494404,-0.0092926207059491
2024-10-02,174350,0.0013815943,0.0077365099426209
2024-10-04,174350,0.0012391604,0.0189264788971676
2024-10-07,174350,0.00050390675,0.0142830751730294
2024-10-08,174350,0.00049764884,0.0178041443236889
2024-10-10,174350,0.0006404875,0.013946777718921
2024-10-11,174350,0.00043498576,0.0170518086390192
2024-10-14,174350,0.00048863294,0.0016011531721087
2024-10-15,174350,0.00048863294,0.0031198777356351
2024-10-16,174350,0.0006317421,0.0042422123091139
2024-10-17,174350,0.0010386297,0.0011201793458095
2024-10-18,174350,0.0011236476,0.0023101137449188
2024-10-21,174350,0.001067917,0.0038323400197448
2024-10-22,174350,0.001098412,0.0045423833930655
2024-10-23,174350,0.001074358,0.0015164215364489
2024-10-24,174350,0.0011085653,-0.0015205476900295
2024-10-25,174350,0.0010722744,-0.0038265352813677
2024-10-28,174350,-0.0043885238,-0.0031126566493515
2024-10-29,174350,-0.00079057866,-0.0057411847354362
2024-10-30,174350,-0.0010338612,0.0027078704026433
2024-10-31,174350,0.0010633272,0.006545884313768
2024-11-01,174350,0.0010775322,0.000399281298975
2024-11-04,174350,0.00040307365,-0.0088318518678285
2024-11-05,174350,0.0010177499,-0.0157978622014223
2024-11-06,174350,0.0019133762,-0.0353754155648129
2024-11-07,174350,-0.0028417464,-0.0266897519497888
2024-11-08,174350,0.0022666622,-0.028752739971491
2024-11-11,174350,-0.0030052795,-0.0101317989304074
2024-11-12,174350,-0.0027795895,0.0011367328278257
2024-11-13,174350,-0.0025671332,0.0226486259452283
2024-11-14,174350,-0.002454573,0.0216644153260503
2024-11-15,174350,-0.0037500237,0.028752739971491
2024-11-18,174350,-0.0028368426,0.021279113527818
2024-11-19,174350,-0.0035857407,0.0184922458800862
2024-11-20,174350,-0.0046140784,0.0245079102651519
2024-11-21,174350,-0.0045138216,0.0237852467670283
2024-11-22,174350,-0.0028547451,0.0152130340676812
2024-11-25,174350,-0.0027096537,0.0199761883232518
2024-11-26,174350,-0.0025260956,0.0374481904636727
2024-11-27,174350,-0.0025260956,0.0088430360664908
2024-11-28,174350,-0.002253216,-0.0199541302605386
2024-11-29,174350,-0.002508839,-0.0229876895078078
2024-12-02,174350,-0.002164322,-0.0478759480460286
2024-12-03,174350,-0.002312353,-0.0566710448107254
2024-12-04,174350,-0.0037542272,-0.0275677976835506
2024-12-05,174350,-0.0037158884,-0.001913723572656
2024-12-06,174350,-0.001544048,0.0112019094225193
2024-12-09,174350,0.00415412,0.0232634604506927
2024-12-10,174350,0.004087338,0.007282174749184
2024-12-11,174350,0.005533312,0.0019203078392671
2024-12-12,174350,0.0042300797,-0.0100269560252126
2024-12-13,174350,0.004614337,-0.0258728919141706
2024-12-16,174350,0.005018919,-0.0053826199448572
2024-12-17,174350,0.0047389683,-0.0007258357510497
2024-12-18,174350,0.003614622,-0.0096386288377683
2024-12-19,174350,0.004086684,-0.0170749737525781
2024-12-20,174350,0.00401239,-0.0129850608192949
2024-12-23,174350,0.0041413,-0.0329187178703769
2024-12-24,174350,0.0053128875,-0.0309708515579902
2024-12-26,174350,0.0050359457,-0.0289875368732523
2024-12-27,174350,0.004794907,-0.0039441300102414
2024-12-30,174350,0.004094998,0.0097955263222466
2025-01-02,174350,0.0036879184,0.0138070069838907
2025-01-03,174350,0.004785917,0.0133908431758111
2025-01-06,174350,0.004383855,0.0141893157743027
2025-01-07,174350,0.0043673273,0.0023847714932703
2025-01-08,174350,0.0040621934,-0.0011474470564767
2025-01-09,174350,0.00359249,0.0012308703806507
2025-01-10,174350,0.0035574052,0.003606265690152
2025-01-13,174350,0.0035553072,0.000818799685474
2025-01-14,174350,0.0036114156,0.0031162892202978
2025-01-15,174350,0.004338406,0.0031114411411365
2025-01-16,174350,0.0036939431,-0.0039441300102414
2025-01-17,174350,0.0041773613,-0.003606265690152
2025-01-20,174350,0.0042350567,0.0088817043418067
2025-01-21,174350,0.00425449,0.00196319081458
2025-01-22,174350,0.003640134,0.0066813578622575
2025-01-23,174350,0.004419206,0.0171418775809524
2025-01-24,174350,0.0044002812,0.0132949227939018
2025-01-31,174350,0.004269802,0.0004055314545219
2025-02-03,174350,0.0035803718,0.0031005246770519
2025-02-04,174350,0.0037958282,0.0034049485673168
2025-02-05,174350,0.0045112376,0.0038772261818671
2025-02-06,174350,0.004464784,0.0034779830424476
2025-02-07,174350,0.0039098277,0.0177621708121673
2025-02-10,174350,0.0044244607,0.0326978404047082
2025-02-11,174350,0.0043227114,0.0280112476660612
2025-02-12,174350,0.004253982,0.032285175636094
2025-02-13,174350,0.004398316,0.0371689840077706
2025-02-14,174350,0.0045409813,0.0207347094899326
2025-02-17,174350,0.004532033,0.0070710539753484
2025-02-18,174350,0.004601365,0.0033782488820381
2025-02-19,174350,0.0046180463,-0.0010934084188374
2025-02-20,174350,0.004478989,-0.0089083968050776
2025-02-21,174350,0.0037169498,-0.0195404893726838
2025-02-24,174350,0.00359249,-0.0231260801243227
2025-02-25,174350,0.002653874,-0.0209232549648827
2025-02-26,174350,0.0027446891,-0.0115535532819297
2025-02-27,174350,0.0035763308,-0.0055885855240997
2025-02-28,174350,0.0036171877,0.0046042789921134
2025-03-04,174350,0.0036919978,0.0035191590346101
2025-03-05,174350,0.0035763308,0.0111501633058814
2025-03-06,174350,0.003867915,-0.0003953350516017
2025-03-07,174350,0.0036920684,-0.0033998846744829
2025-03-10,174350,0.0031802026,0.0118884996637529
2025-03-11,174350,0.0031761508,0.0252279835909199
2025-03-12,174350,0.003915824,0.0209263484832664
2025-03-13,174350,0.003932441,0.0279182199472547
2025-03-14,174350,0.0035763308,0.0291142514804487
2025-03-17,174350,0.0035763308,0.012753886230346
2025-03-18,174350,0.0036171877,0.0078322295614707
2025-03-19,174350,0.0035763308,0.0025562584120031
2025-03-20,174350,0.0036857086,-0.0059393132284792
2025-03-21,174350,0.003651141,-0.0108284761375809
2025-03-24,174350,0.0036434284,-0.0186411044587497
2025-03-25,174350,0.003727484,-0.0131401805141315
2025-03-26,174350,0.0036114156,-0.0126120784247056
2025-03-27,174350,0.003733792,-0.0238786935642103
2025-03-28,174350,0.0035763308,-0.0107111770316894
2025-03-31,174350,0.003710923,-0.032160199002412
2025-04-01,174350,0.003710923,-0.0412231863589376
2025-04-02,174350,0.0035763308,-0.0575640484793336
2025-04-03,174350,0.0038431515,-0.015410101745692
2025-04-04,174350,-0.035874963,-0.0268467153152887
2025-04-07,174350,-0.02306922,0.0207586503135459
2025-04-08,174350,-0.0011597853,0.0365161877883597
2025-04-09,174350,0.0047772955,0.0578773807707886
2025-04-10,174350,-0.03308377,0.0299618195658091
2025-04-11,174350,0.0019370781,0.038335255570205
2025-04-14,174350,-0.0070309388,0.03189550629871
2025-04-15,174350,0.0037059232,0.0240844456768183
2025-04-16,174350,-0.0078073265,0.0241423053216003
2025-04-17,174350,-0.006398391,0.0269641172302002
2025-04-18,174350,-0.0065358463,0.0250166514437584
2025-04-21,174350,-0.0064119515,0.0143204193231962
2025-04-22,174350,0.0032924192,0.0220172878045801
2025-04-23,174350,0.002400449,0.0338990032524542
2025-04-24,174350,0.0034971575,0.0302463541854383
2025-04-25,174350,0.0042917966,0.0317013307660793
2025-04-28,174350,0.004009884,0.0389955099942209
2025-04-29,174350,0.004308775,0.0257964048600243
2025-04-30,174350,0.0033522153,0.0175089634590559
2025-05-02,174350,0.0035662027,0.0168194092929621
2025-05-07,174350,-0.005596694,0.0178283783463744
2025-05-08,174350,-0.004979061,0.0112707973686223
2025-05-09,174350,-0.00492333,0.0159713013787303
2025-05-12,174350,-0.0048017157,0.0025385326415552
2025-05-13,174350,-0.0048017157,0.0079451483314354
2025-05-14,174350,-0.004690506,0.0071149101750496
2025-05-15,174350,-0.0045400914,0.0072046421150471
2025-05-16,174350,-0.004630138,0.011386137547424
2025-05-19,174350,-0.004477647,0.0252489899698797
2025-05-20,174350,-0.004544143,0.0180377756150562
2025-05-21,174350,0.0010885628,0.0187292648434187
2025-05-22,174350,-0.0006771489,0.0477983211413217
2025-05-23,174350,-0.00090178754,0.0338137285845601
2025-05-26,174350,0.00048863294,0.0181282304777692
2025-05-27,174350,0.001112617,0.0567893623373709
2025-05-28,174350,0.0010801711,0.0518378466824174
2025-05-29,174350,0.0011566062,0.0465977818169083
2025-05-30,174350,0.001191691,0.0540635982459569
2025-06-02,174350,0.0012205024,0.0675166720384226
2025-06-04,174350,0.00045011265,0.0305046003129163
2025-06-05,174350,0.0005037597,0.0253027928565483
2025-06-09,174350,0.00051881326,0.0177396857135327
2025-06-10,174350,0.0005869202,0.006824190523087
2025-06-11,174350,0.0006124611,0.0041407926660319
2025-06-12,174350,0.00047427163,0.0044578036802036
2025-06-13,174350,0.0003809998,0.0182462107229905
2025-06-16,174350,0.00039991984,0.0040986288564432
2025-06-17,174350,-0.0010450291,0.0330008287685004
2025-06-18,174350,0.0010307254,0.0338348311303544
2025-06-19,174350,0.0013200261,0.0310353323457395
2025-06-20,174350,0.0010280865,0.0145876881248536
2025-06-23,174350,0.00041584336,0.0196183991083707
2025-06-24,174350,0.00032917858,0.0200397561461045
2025-06-25,174350,0.0004890542,0.0212445462885675
2025-06-26,174350,0.00076601986,0.0257863895963499
2025-06-27,174350,0.0012608791,0.026285416768264
2025-06-30,174350,0.00045069103,0.0306710043184477
2025-07-01,174350,0.0005533608,0.0295945831905779
2025-07-02,174350,0.0003071881,0.0384801160571317
2025-07-03,174350,0.0009770738,0.0511075280475719
2025-07-04,174350,0.0012072319,0.0636181345102411
2025-07-07,174350,0.0006828997,0.0774493767876958
2025-07-08,174350,0.00097113533,0.053976197043644
2025-07-09,174350,0.0017613856,0.0162719013201702
2025-07-10,174350,0.0019052123,0.0046186791879563
2025-07-11,174350,0.0016196065,-0.0072198309399169
2025-07-14,174350,-0.000939492,-0.0423371001286696
2025-07-15,174350,-0.0051830653,-0.0392952964193167
2025-07-16,174350,-0.0022524926,-0.018037438501949
2025-07-17,174350,-0.005669904,-0.0376805140043021
2025-07-18,174350,-0.0052862545,-0.0334199364769087
2025-07-21,174350,-0.000877157,-0.0445157775930482
2025-07-22,174350,0.00043632922,-0.0357127403650174
2025-07-23,174350,0.0019345739,-0.0281961215233401
2025-07-24,174350,0.0019713214,-0.0189596308424437
2025-07-25,174350,0.0019935407,-0.0474394824089792
2025-07-28,174350,-0.0042724623,-0.0067713401231728
2025-07-29,174350,-0.005600234,-0.0107149349032198
2025-07-30,174350,-0.0055886605,-0.0100472758732994
2025-07-31,174350,-0.006826428,-0.0021357750300214
2025-08-01,174350,-0.0072680824,0.0287450875955954
2025-08-04,174350,-0.0028542671,0.0046217922357705
2025-08-05,174350,-0.006284405,0.002152191453332
2025-08-06,174350,-0.0024507998,-0.0104584158428426
2025-08-07,174350,-0.0026855848,-0.0085890098565446
2025-08-08,174350,-0.0013141355,-0.0147649560173892
2025-08-11,174350,-0.0042935507,-0.0148031565694353
2025-08-12,174350,-3.748975e-05,-0.0113665666570668
2025-08-13,174350,0.0015222669,-0.0052083451071371
2025-08-14,174350,-0.0032428193,-0.0095339049395448
2025-08-18,174350,-0.0033115484,-0.000619962822089
2025-08-19,174350,-0.0034049104,0.0034260475160081
2025-08-20,174350,-0.0039652335,0.0009314745915212
2025-08-21,174350,-0.005013812,0.0135224807594056
2025-08-22,174350,-0.003201624,0.0052115765059959
2025-08-25,174350,-0.003364992,0.0027868109071782
2025-08-26,174350,-0.003523226,0.0042815987967781
2025-08-27,174350,-0.0036541112,0.0039645718781144
2025-08-28,174350,-0.00065370003,-0.0080049688543191
2025-08-29,174350,-0.0010031507,0.0064765068323637
2025-09-01,174350,-0.0034046932,0.0030873750982518
2025-09-02,174350,-0.0050399364,0.0135303417143788
2025-09-03,174350,-0.004124899,0.0241269910515082
2025-09-04,174350,-0.0033492146,0.0334377656273279
2025-09-05,174350,-0.003460424,0.0397171729325069
2025-09-08,174350,-0.0032290702,0.0527749335791902
2025-09-09,174350,-0.00306213,0.0403478442546223
2025-09-10,174350,-0.002957924,0.0178837865397021
2025-09-11,174350,-0.0026479762,0.0171319285394009
2025-09-12,174350,-0.0028613112,0.0070655027798451
2025-09-15,174350,-0.0009606713,-0.0108783009064268
2025-09-16,174350,0.0014886749,-0.0041154740901809
2025-09-17,174350,0.0011006357,-0.0070793597070988
2025-09-18,174350,-0.003660479,-0.0216263181272395
2025-09-19,174350,-0.0031987042,-0.0303188892039099
2025-09-22,174350,-0.0040998627,-0.011237075345738
2025-09-23,174350,-0.0049574077,-0.0265058497145531
2025-09-24,174350,-0.0042596934,-0.0132213464381436
2025-09-25,174350,-0.0049236706,-0.0003003453994647
2025-09-26,174350,-0.0034459827,-0.0030284699100615
2025-09-29,174350,-0.004190964,-0.0251261893813694
2025-09-30,174350,-0.00439765,-0.0195485760853468
2025-10-01,174350,-0.0044533806,-0.0066768078086489
2025-10-02,174350,-0.0056344955,0.0026998666467559
2025-10-10,174350,-0.005082463,-0.0006067961351234
2025-10-13,174350,0.0029143558,0.0188283727943794
2025-10-14,174350,0.0028678307,0.0204556056259903
2025-10-15,174350,-0.0058174175,0.0187034109744494
2025-10-16,174350,-0.0060939174,-0.0023995212472911
2025-10-17,174350,-0.0063762837,0.0159569846727585
2025-10-20,174350,-0.006302776,0.0124967993036335
2025-10-21,174350,0.0035636562,0.0144016890584222
2025-10-22,174350,0.0038195832,0.0038777080655236
2025-10-23,174350,0.0037102054,0.000600420312244
2025-10-24,174350,0.0043179975,0.001492314856863
2025-10-27,174350,0.004922749,0.0071642450955238
2025-10-28,174350,0.004341715,0.0029744221810403
2025-10-29,174350,0.0028634665,-0.0059719496686376
2025-10-30,174350,0.002832074,0.0318987470807101
2025-10-31,174350,0.003004677,0.0145080264895778
2025-11-03,174350,0.0030360695,0.0404679495528466
2025-11-04,174350,0.002665461,0.0438705061364288
2025-11-05,174350,0.0039955555,0.0735944273998487
2025-11-06,174350,0.004121612,0.0449066641430349
2025-11-07,174350,0.0045566442,0.0358005900020081
2025-11-10,174350,0.004016633,0.0056497325421194
2025-11-11,174350,0.0038366318,-0.0099986549315023
2025-11-12,174350,0.0037414592,-0.0242197138514299
2025-11-13,174350,0.0037600219,-0.0162514083826597
2025-11-14,174350,0.0042265016,-0.0051180094657414
2025-11-17,174350,0.003933401,-0.0184795592748372
2025-11-18,174350,0.004689796,-0.0051813587419982
2025-11-19,174350,0.004189233,0.0065350424363117
2025-11-20,174350,0.0036870535,0.0036655898932078
2025-11-21,174350,0.004094131,0.0025622789819088
2025-11-24,174350,0.00396047,0.0184795592748372
2025-11-25,174350,0.00405008,0.0332086709966539
2025-11-26,174350,0.0040969606,0.0276515313305107
2025-11-27,174350,0.0040349984,0.0150840848825115
2025-11-28,174350,0.004339467,0.0260994188529437
2025-12-01,174350,0.0040723193,0.0125963876856847
2025-12-02,174350,0.004461639,0.0022308988616668
2025-12-03,174350,0.0048093274,-0.0172274335589968
2025-12-04,174350,0.00473774,-0.0038888937900196
2025-12-05,174350,0.0046457057,-0.0002770466841379
2025-12-08,174350,0.0039387024,0.0063773958000936
2025-12-09,174350,0.003870704,0.0080455420814189
2025-12-10,174350,0.004665849,0.014192529863843
2025-12-11,174350,0.0046872455,0.0063809343985479
2025-12-12,174350,0.004721579,0.0066280275784134
2025-12-15,174350,0.004192741,0.0055126931228279
2025-12-16,174350,0.0037218307,0.0019323677510545
2025-12-17,174350,0.0035342115,0.0077071672449378
2025-12-18,174350,0.003523377,-0.0063809343985479
2025-12-19,174350,0.0043420014,-0.0149753214551768
2025-12-22,174350,0.004982954,-0.0152336417731149
2024-07-30,182480,-0.002063831,-0.0118705540282473
2024-07-31,182480,0.0014180919,-0.0096547959919472
2024-08-01,182480,0.0011940558,-0.0157146678692807
2024-08-02,182480,0.0012746344,0.0004108294704678
2024-08-05,182480,0.008644022,0.0392434943093604
2024-08-06,182480,0.0009783268,0.0210067624510461
2024-08-07,182480,0.0009925315,0.015500391918378
2024-08-08,182480,0.001250009,0.025947844149309
2024-08-09,182480,0.0013876304,0.0154877565973308
2024-08-12,182480,0.0011998243,0.0158208159001649
2024-08-13,182480,0.0005961892,0.01346957493935
2024-08-14,182480,0.0013449106,0.0153435150533738
2024-08-16,182480,0.0018548182,0.0215818463656578
2024-08-19,182480,0.0022004282,0.0355179748838523
2024-08-20,182480,0.0018880944,0.0265523303439696
2024-08-21,182480,0.0016725722,0.0302228392218566
2024-08-22,182480,0.0006314509,0.0183259473046604
2024-08-23,182480,0.0012859316,0.0114008389808333
2024-08-26,182480,0.0015623376,0.0060705299660313
2024-08-27,182480,0.0022564935,0.0128624119481681
2024-08-28,182480,0.0007346001,-0.0061596233891734
2024-08-29,182480,0.0019925833,0.0087282349619624
2024-08-30,182480,0.0020304595,0.0039013782318821
2024-09-02,182480,0.0019347812,-0.0054462127926395
2024-09-03,182480,0.0005714486,-0.0041660297871537
2024-09-04,182480,0.0012775041,0.0234977575772745
2024-09-05,182480,0.0012846896,0.0208852800224974
2024-09-06,182480,0.001299772,0.0294658008952257
2024-09-09,182480,0.00068491197,0.048128672965813
2024-09-10,182480,0.0007350789,0.0221721621063704
2024-09-11,182480,0.0006813435,0.0120734979641774
2024-09-12,182480,0.00066557835,0.0164296407990445
2024-09-13,182480,0.0008546599,0.0047523945666299
2024-09-19,182480,0.002014163,-0.0053675393516314
2024-09-20,182480,0.0018617141,-0.0021194467096705
2024-09-23,182480,0.0018297787,-0.0172818430713164
2024-09-24,182480,0.0022980673,-0.0243637684744655
2024-09-25,182480,0.0020045268,-0.0246850870316919
2024-09-26,182480,0.0024152515,-0.0370821732352482
2024-09-27,182480,0.0017253356,-0.0349289584269456
2024-09-30,182480,0.0017703444,-0.0192283796752725
2024-10-02,182480,0.0014349656,-0.0222274397792059
2024-10-04,182480,0.0013523143,-0.0089102979779571
2024-10-07,182480,0.00053393445,0.0044891716257353
2024-10-08,182480,0.00046880578,0.028467268833781
2024-10-10,182480,0.00064178574,0.0335622633948364
2024-10-11,182480,0.00051940896,0.0332722258560771
2024-10-14,182480,0.0005730564,0.0321645002529553
2024-10-15,182480,0.0006002267,0.006005561628724
2024-10-16,182480,0.0006059525,-0.010195174735907
2024-10-17,182480,0.0011230536,-0.0003028467618548
2024-10-18,182480,0.0011523409,-0.0045554706371202
2024-10-21,182480,0.0011523409,-0.0210197366537006
2024-10-22,182480,0.0012061794,0.0003837445843171
2024-10-23,182480,0.0011861769,0.0014628327665366
2024-10-24,182480,0.0012203841,-0.0177239169815148
2024-10-25,182480,0.0012398241,-0.0287167552189568
2024-10-28,182480,-0.005512649,-0.023911727688894
2024-10-29,182480,-0.0011053294,-0.016323419729181
2024-10-30,182480,-0.0014617656,0.0070530804496513
2024-10-31,182480,0.0010879688,-0.018671773196031
2024-11-01,182480,0.001129344,0.0050775408857788
2024-11-04,182480,0.00048749748,0.0272924454689373
2024-11-05,182480,0.0011852994,0.0137110479015944
2024-11-06,182480,0.002053139,-0.0217786042273964
2024-11-07,182480,-0.0040678633,0.0089904057065108
2024-11-08,182480,0.0023885793,-0.0085293368917369
2024-11-11,182480,-0.004656069,-0.0203796135412446
2024-11-12,182480,-0.0043455833,-0.0104405263755786
2024-11-13,182480,-0.0039531146,0.0121063095848885
2024-11-14,182480,-0.003634656,0.0047362175572072
2024-11-15,182480,-0.00517236,0.0200722469415293
2024-11-18,182480,-0.0033031518,0.0219125332865033
2024-11-19,182480,-0.0036950044,0.0238902171219219
2024-11-20,182480,-0.004723342,0.0185707067823663
2024-11-21,182480,-0.004623085,0.0325399227817069
2024-11-22,182480,-0.0030197396,0.0283997826168533
2024-11-25,182480,-0.0028746484,0.0129358066180085
2024-11-26,182480,-0.00263536,-0.0082317537999418
2024-11-27,182480,-0.00263536,-0.0174143253560465
2024-11-28,182480,-0.0024182105,-0.0299097673241224
2024-11-29,182480,-0.0026778856,-0.0348132806273433
2024-12-02,182480,-0.0023867402,-0.0261187443274586
2024-12-03,182480,-0.0024216177,-0.0101539333941573
2024-12-04,182480,-0.002598985,-0.0156077245254699
2024-12-05,182480,-0.002430314,-0.0168280692806508
2024-12-06,182480,-0.00020743448,-0.0134230203321408
2024-12-09,182480,0.0039942423,-0.0153271689901544
2024-12-10,182480,0.004079282,-0.0213331004862862
2024-12-11,182480,0.005090939,-0.0099886787476179
2024-12-12,182480,0.004181896,-0.045076922230173
2024-12-13,182480,0.004202489,-0.0608161470701151
2024-12-16,182480,0.0047023674,-0.0342276829464065
2024-12-17,182480,0.0043920535,-0.0319398037582256
2024-12-18,182480,0.0032423406,-0.0268370333702794
2024-12-19,182480,0.0042930297,0.0114408373848871
2024-12-20,182480,0.0047069895,0.0105478325206842
2024-12-23,182480,0.0042715003,-0.0009790324678569
2024-12-24,182480,0.0057361783,-0.0095043730617554
2024-12-26,182480,0.005080124,0.001217186826139
2024-12-27,182480,0.0049765212,-0.0122630706165427
2024-12-30,182480,0.0043028533,0.0015684982783916
2025-01-02,182480,0.0037972457,-0.0124847617526917
2025-01-03,182480,0.0048162825,-0.0122589127358825
2025-01-06,182480,0.0045382036,-0.0439321432447812
2025-01-07,182480,0.005132981,-0.015668714341535
2025-01-08,182480,0.004267504,-0.0086989488527091
2025-01-09,182480,0.004133844,-0.0063013225665695
2025-01-10,182480,0.0041274894,0.0191503995229744
2025-01-13,182480,0.0040407055,0.0380760874692462
2025-01-14,182480,0.0041527697,0.021737291273105
2025-01-15,182480,0.004769745,0.0390030671855932
2025-01-16,182480,0.004209708,0.0209875610125322
2025-01-17,182480,0.0048171054,0.0124316043421455
2025-01-20,182480,0.0047204536,0.0128866718298432
2025-01-21,182480,0.004684157,-0.0096944564705605
2025-01-22,182480,0.0041001663,-0.0136166145279474
2025-01-23,182480,0.005434218,0.0020340920727281
2025-01-24,182480,0.0050730165,0.0121991882063472
2025-01-31,182480,0.004882755,0.0108923069526394
2025-02-03,182480,0.0045713163,0.0349632075733854
2025-02-04,182480,0.004402924,0.010169579169629
2025-02-05,182480,0.0050626756,0.018761369975687
2025-02-06,182480,0.0054200124,-0.0019163212507642
2025-02-07,182480,0.0048650573,0.0021483994736541
2025-02-10,182480,0.0049091717,0.0019114373452691
2025-02-11,182480,0.0048384736,0.0066429473147078
2025-02-12,182480,0.004769745,0.003265244011299
2025-02-13,182480,0.004827983,0.0003995365429307
2025-02-14,182480,0.0050263777,0.0034912357924294
2025-02-17,182480,0.004957649,-0.0003183192769196
2025-02-18,182480,0.00502698,0.0058856449231097
2025-02-19,182480,0.0049374993,0.0119345419704668
2025-02-20,182480,0.0048799617,0.0070058402939974
2025-02-21,182480,0.004146619,0.0058442750454723
2025-02-24,182480,0.004077889,0.0249177757375509
2025-02-25,182480,0.0031392723,0.0212632074371228
2025-02-26,182480,0.003174357,0.0011778101946564
2025-02-27,182480,0.004092095,-0.0082049291302617
2025-02-28,182480,0.0041019,-0.0227789396730848
2025-03-04,182480,0.0037725947,-0.0416925179733791
2025-03-05,182480,0.0037167103,-0.0492483080734551
2025-03-06,182480,0.0038966085,-0.0387217401172836
2025-03-07,182480,0.0038406914,-0.0354970514910508
2025-03-10,182480,0.00332573,-0.0287672039327056
2025-03-11,182480,0.003204844,-0.0081268224604968
2025-03-12,182480,0.003859868,-0.0017957722563171
2025-03-13,182480,0.003932441,0.0069907616842854
2025-03-14,182480,0.0036607548,0.0130914553423657
2025-03-17,182480,0.0036607548,0.0094896945182245
2025-03-18,182480,0.0040987595,0.0022007589271311
2025-03-19,182480,0.0040930426,-0.0056532041917591
2025-03-20,182480,0.0041713323,-0.0069907616842854
2025-03-21,182480,0.0041678534,0.0035112108910695
2025-03-24,182480,0.004184782,-0.0086609194003397
2025-03-25,182480,0.004180828,-0.0015481771273169
2025-03-26,182480,0.0041527697,0.0111933845673757
2025-03-27,182480,0.0042751455,-0.018690593905374
2025-03-28,182480,0.0040370873,-0.0291961357012997
2025-03-31,182480,0.0042212256,-0.0900963907317464
2025-04-01,182480,0.0038536354,-0.0953264891601879
2025-04-02,182480,0.0041176854,-0.1480755730540934
2025-04-03,182480,0.0048502143,-0.057295313072549
2025-04-04,182480,0.00081441004,-0.062330860499987
2025-04-07,182480,-0.009630418,0.0274504249148677
2025-04-08,182480,-0.008787263,0.0332584792630097
2025-04-09,182480,0.0038162817,0.0758158455945459
2025-04-10,182480,0.017058764,0.0252892034561913
2025-04-11,182480,0.008851756,0.0422394798106271
2025-04-14,182480,0.00096931146,0.0227589715976268
2025-04-15,182480,0.014979204,0.003896952322874
2025-04-16,182480,0.0021427153,0.0369507554759014
2025-04-17,182480,0.0034847404,0.010669726931253
2025-04-18,182480,0.005097265,0.015127338692384
2025-04-21,182480,0.0038894378,0.0170111380811448
2025-04-22,182480,0.014371611,0.0245028692703481
2025-04-23,182480,0.015298017,-0.0078584206007015
2025-04-24,182480,0.016311524,0.0162536737468546
2025-04-25,182480,0.016988803,0.0176403855377333
2025-04-28,182480,0.015487989,0.0267619249419137
2025-04-29,182480,0.014926629,0.0126546838552261
2025-04-30,182480,0.015018375,0.0317274900815434
2025-05-02,182480,0.017112393,0.0159114983670658
2025-05-07,182480,0.0049951077,-0.0028215786354373
2025-05-08,182480,-0.0054216203,-0.0155518956291338
2025-05-09,182480,-0.005390307,0.0028274447110963
2025-05-12,182480,-0.0060221585,-0.0056867503976505
2025-05-13,182480,-0.0048832404,0.0012324885500838
2025-05-14,182480,-0.0047473894,0.0070390750667712
2025-05-15,182480,-0.0045969747,-0.0036946888951767
2025-05-16,182480,-0.005154327,-0.0170858427737226
2025-05-19,182480,-0.004558619,-0.0218081082908074
2025-05-20,182480,-0.004653182,-0.0271344154750643
2025-05-21,182480,0.0011444263,-0.012204892253564
2025-05-22,182480,-0.001051682,0.0230354038166318
2025-05-23,182480,-0.00078605,0.0259321656040718
2025-05-26,182480,0.00065618206,0.016753616857045
2025-05-27,182480,0.001170153,0.0191373408261075
2025-05-28,182480,0.0011606577,0.0091469122681928
2025-05-29,182480,0.0011597099,-0.0016455491618447
2025-05-30,182480,0.0011397871,0.0028767537202547
2025-06-02,182480,0.0011667369,0.0177024918417298
2025-06-04,182480,0.00066634954,0.0088999351362737
2025-06-05,182480,0.00069126685,-0.0075610014980043
2025-06-09,182480,0.0006161309,0.0
2025-06-10,182480,0.0006817675,-0.0112249445353231
2025-06-11,182480,0.0006081412,-0.0114089964085533
2025-06-12,182480,0.000636871,-0.0088999351362737
2025-06-13,182480,0.0005422641,0.0098760087328066
2025-06-16,182480,0.00063761964,-0.0075216290470674
2025-06-17,182480,-0.0013635361,0.02386630685886
2025-06-18,182480,0.0011852994,0.0128769464356555
2025-06-19,182480,0.0011606577,-0.0071440742457689
2025-06-20,182480,0.001129344,-0.0077931085837956
2025-06-23,182480,0.0005730564,-0.0031577224177734
2025-06-24,182480,0.00063761964,-0.0187334203513955
2025-06-25,182480,0.00079558196,-0.0178421999335576
2025-06-26,182480,0.0009753972,0.0111918266643016
2025-06-27,182480,0.0014456148,0.0111733005981236
2025-06-30,182480,0.0008052595,0.0128180378110034
2025-07-01,182480,0.00073930365,-0.0029771771907665
2025-07-02,182480,0.0005833492,-0.0008299444413655
2025-07-03,182480,0.0012230603,-0.009525853767526
2025-07-04,182480,0.0013342693,-0.008762559167069
2025-07-07,182480,0.0009724024,-0.007588291113727
2025-07-08,182480,0.0010981727,0.0091513067029342
2025-07-09,182480,0.0018884226,0.0008299444413655
2025-07-10,182480,0.0020322485,0.0087011114527353
2025-07-11,182480,0.0017521777,0.0095852659185329
2025-07-14,182480,-0.00078227906,0.0014892035514684
2025-07-15,182480,-0.0046426416,-0.0077443128850589
2025-07-16,182480,-0.0017745108,0.0211778414757244
2025-07-17,182480,-0.004529871,0.0176648361798044
2025-07-18,182480,-0.0041215806,0.0077005377654426
2025-07-21,182480,-0.000504529,0.0129775948662853
2025-07-22,182480,0.00078786345,-0.0014069938178753
2025-07-23,182480,0.00224091,-0.0034986407275319
2025-07-24,182480,0.0021587089,-0.0114137876949644
2025-07-25,182480,0.0023963444,-0.0237831193356239
2025-07-28,182480,-0.0030575576,-0.0304070483049763
2025-07-29,182480,-0.004572016,-0.0081497332569071
2025-07-30,182480,-0.004072517,-0.0160213754348106
2025-07-31,182480,-0.0056060688,-0.0207115348158932
2025-08-01,182480,-0.0057766805,0.0049185210239848
2025-08-04,182480,-0.0023632215,0.0008409014959021
2025-08-05,182480,-0.005501784,-0.0070387419814768
2025-08-06,182480,-0.0021543796,-0.0078157876869315
2025-08-07,182480,-0.002067134,0.0085851746310243
2025-08-08,182480,-0.00066888635,-0.0049185210239848
2025-08-11,182480,-0.0038348245,-0.0008409014959021
2025-08-12,182480,0.0001500894,0.0182482254030631
2025-08-13,182480,0.0019004282,0.0129376493589283
2025-08-14,182480,-0.0028144603,0.0043890592589903
2025-08-18,182480,-0.0028831896,0.0266352583346201
2025-08-19,182480,-0.00315339,0.0273012019178437
2025-08-20,182480,-0.0045773275,0.0090416529169488
2025-08-21,182480,-0.005018895,0.0181273845925566
2025-08-22,182480,-0.0031820657,0.0170412119962328
2025-08-25,182480,-0.003977084,0.0103619481322461
2025-08-26,182480,-0.004159961,0.0151111820113563
2025-08-27,182480,-0.0032200285,-0.0008185986049777
2025-08-28,182480,-0.00025070587,-0.0095126535454124
2025-08-29,182480,-0.0006247986,0.0026771605654296
2025-09-01,182480,-0.0032257526,0.0048204479941791
2025-09-02,182480,-0.004805265,0.0044249639762679
2025-09-03,182480,-0.004299029,0.0159236446098489
2025-09-04,182480,-0.0030841776,0.013469856367358
2025-09-05,182480,-0.0031953866,0.018223921840363
2025-09-08,182480,-0.0029640328,0.0070282215666708
2025-09-09,182480,-0.0028240937,0.0064015582299337
2025-09-10,182480,-0.0029943988,0.0016106953631229
2025-09-11,182480,-0.0026844514,0.0008056719739713
2025-09-12,182480,-0.002922428,-0.0138585147461451
2025-09-15,182480,-0.00058804307,-0.0185554944262538
2025-09-16,182480,0.0018923917,-0.0139761311090982
2025-09-17,182480,0.0014739865,0.0048165783091516
2025-09-18,182480,-0.0032624865,-0.0051675528800281
2025-09-19,182480,-0.0028007105,-0.0070425676596475
2025-09-22,182480,-0.0036715025,0.0083966261123951
2025-09-23,182480,-0.0045290496,0.0084572208803006
2025-09-24,182480,-0.0038616993,0.0024795053695001
2025-09-25,182480,-0.004551043,0.0151043282872347
2025-09-26,182480,-0.0029888935,-0.0032546814735425
2025-09-29,182480,-0.0037626042,-0.0204685508553943
2025-09-30,182480,-0.003855975,-0.0228776100787886
2025-10-01,182480,-0.0038616993,-0.0159436503971353
2025-10-02,182480,-0.0050698137,-0.005837914936821
2025-10-10,182480,-0.0058270213,0.0072272838847791
2025-10-13,182480,0.002843863,0.0280774138030821
2025-10-14,182480,0.0027989736,0.0373694633472272
2025-10-15,182480,-0.0058270213,0.0216788899508824
2025-10-16,182480,-0.00587747,0.0137010268136208
2025-10-17,182480,-0.0049131573,0.022086198232559
2025-10-20,182480,-0.0048035965,0.0139452382705496
2025-10-21,182480,0.0042751455,0.0050465333406872
2025-10-22,182480,0.004192212,-0.0041388152044792
2025-10-23,182480,0.004138565,-0.0346111005960985
2025-10-24,182480,0.004746355,-0.0224908435664517
2025-10-27,182480,0.004969749,-0.026712906791138
2025-10-28,182480,0.0047143423,-0.0291286603785323
2025-10-29,182480,0.0032918255,-0.0216067741289567
2025-10-30,182480,0.002951938,0.0152798811571148
2025-10-31,182480,0.00340106,0.0008091269961632
2025-11-03,182480,0.0034324524,0.0158746218265246
2025-11-04,182480,0.0034611824,0.0127933514599103
2025-11-05,182480,0.0043359837,0.0476640597887083
2025-11-06,182480,0.004129902,0.0150499158250134
2025-11-07,182480,0.0041611437,0.0035524016043684
2025-11-10,182480,0.004247254,-0.0119225257037811
2025-11-11,182480,0.004192212,-0.0127933514599103
2025-11-12,182480,0.0039609214,-0.0360770079777168
2025-11-13,182480,0.0041883797,-0.0186051878310351
2025-11-14,182480,0.0045991302,-0.0119994953661723
2025-11-17,182480,0.004445959,0.0123201558334784
2025-11-18,182480,0.0048308913,0.0083864696033266
2025-11-19,182480,0.0041864137,0.0100197223179652
2025-11-20,182480,0.0036419702,0.0226491215028374
2025-11-21,182480,0.004130459,0.0279102847410666
2025-11-24,182480,0.0039258376,0.0043635278883229
2025-11-25,182480,0.004732784,0.0036070737678794
2025-11-26,182480,0.004328114,-0.0055986709466857
2025-11-27,182480,0.0040003634,-0.0118608355634126
2025-11-28,182480,0.004440256,-0.0143002237183313
2025-12-01,182480,0.0041504623,-0.0174889664195294
2025-12-02,182480,0.004408016,-0.0107796072370209
2025-12-03,182480,0.004778821,-0.0111300447288389
2025-12-04,182480,0.0049226484,-0.0147624993701125
2025-12-05,182480,0.004892069,-0.0103527291524301
2025-12-08,182480,0.004179342,-0.0087386266907927
2025-12-09,182480,0.0041417107,0.0012124642798028
2025-12-10,182480,0.0049122116,-0.0044706434956687
2025-12-11,182480,0.004557278,0.0
2025-12-12,182480,0.0045358795,-0.0036652453982952
2025-12-15,182480,0.004007042,-0.0065226484820826
2025-12-16,182480,0.003992837,-0.0064022261713017
2025-12-17,182480,0.0037494865,-0.0032639767859485
2025-12-18,182480,0.0037943828,0.0024350661383003
2025-12-19,182480,0.004532636,0.0069120014971666
2025-12-22,182480,0.0049828137,0.0125992318955141
2024-07-30,229200,-0.002551793,-0.0848217191836719
2024-07-31,229200,0.0012285941,-0.0596638336150543
2024-08-01,229200,0.0010308863,-0.0833783914306573
2024-08-02,229200,0.0029114475,-0.0104459945814687
2024-08-05,229200,0.0155546935,0.1068678316218935
2024-08-06,229200,-0.0014226206,0.0401827292621198
2024-08-07,229200,0.0006104154,0.028885141387666
2024-08-08,229200,-0.0003424654,0.060246020365655
2024-08-09,229200,-0.0010799023,0.0162453535765131
2024-08-12,229200,0.012281398,0.0211215745279979
2024-08-13,229200,0.012053713,0.0115995228403309
2024-08-14,229200,0.011863868,-0.0057417910694887
2024-08-16,229200,0.011984337,-0.0209696212071805
2024-08-19,229200,0.012348682,-0.012725187231742
2024-08-20,229200,0.012248895,-0.0305142547270521
2024-08-21,229200,0.012035683,-0.0155223271803819
2024-08-22,229200,0.010861857,-0.0172675195331659
2024-08-23,229200,0.011481461,-0.0053507164998163
2024-08-26,229200,0.01221799,0.0096363816871557
2024-08-27,229200,0.012330481,-0.0011803125263737
2024-08-28,229200,0.011732811,-0.0436231259876915
2024-08-29,229200,0.01456824,-0.041874853757173
2024-08-30,229200,0.012398006,-0.0921350687445817
2024-09-02,229200,0.012093716,-0.0835161214993641
2024-09-03,229200,0.00049468514,-0.0833747625313611
2024-09-04,229200,0.0018955276,-0.0354374369959236
2024-09-05,229200,0.0011846868,0.0024736160370167
2024-09-06,229200,0.0014897606,0.0408458666882072
2024-09-09,229200,0.0005100992,0.0381886328376514
2024-09-10,229200,0.000545184,0.0719723110160056
2024-09-11,229200,0.0009863221,0.0810238887016437
2024-09-12,229200,0.0010506434,0.0674269586108261
2024-09-13,229200,0.0011168306,0.0430914749202359
2024-09-19,229200,0.0019051281,0.0606769841926514
2024-09-20,229200,0.0017784709,0.0339015516756814
2024-09-23,229200,0.0017002152,0.0058669546784612
2024-09-24,229200,0.002030865,-0.0081159865781798
2024-09-25,229200,0.0018289661,0.0239351498247646
2024-09-26,229200,0.0023259572,0.008267330640815
2024-09-27,229200,0.001518734,0.0174753579147545
2024-09-30,229200,0.0023359319,0.0267811311575194
2024-10-02,229200,0.0029214772,0.0100386943422004
2024-10-04,229200,0.0012149605,-0.0084550849585025
2024-10-07,229200,0.00033886972,-0.0128474913193892
2024-10-08,229200,0.0010848606,-0.0270670156084539
2024-10-10,229200,0.00057948206,-0.0240549542928716
2024-10-11,229200,0.00061115215,-0.0311366887857914
2024-10-14,229200,0.00061254116,-0.010007453287402
2024-10-15,229200,0.0005259997,-0.053268424521563
2024-10-16,229200,0.00054149464,-0.0224004336198147
2024-10-17,229200,0.0011056964,-0.0359528785075253
2024-10-18,229200,0.00097319076,-0.0271568066554326
2024-10-21,229200,0.0011092934,-0.0173014696357527
2024-10-22,229200,0.0012089135,0.025023219729774
2024-10-23,229200,0.0010392163,-0.0043014245069389
2024-10-24,229200,0.0012910842,0.0210634881665523
2024-10-25,229200,0.0010160999,0.0056040755803019
2024-10-28,229200,-0.0063992734,0.0303917770025352
2024-10-29,229200,-0.0011162317,0.0125138501444671
2024-10-30,229200,-0.0010209915,0.0118241269666194
2024-10-31,229200,0.0011207499,-0.0182453374226345
2024-11-01,229200,0.0009815207,0.0251132839525095
2024-11-04,229200,0.00066308846,-0.0418806539714232
2024-11-05,229200,0.0003298614,-0.0475939267368035
2024-11-06,229200,0.0011998789,-0.0666233688460162
2024-11-07,229200,-0.0058539254,-0.0603181238050163
2024-11-08,229200,0.0028922437,-0.0654393295554579
2024-11-11,229200,-0.005527623,-0.042873661758779
2024-11-12,229200,-0.0042146128,-0.0474054044482946
2024-11-13,229200,-0.0016893555,-0.0216510332562577
2024-11-14,229200,-0.0048541375,-0.0071998253931676
2024-11-15,229200,-0.005808339,-0.0429006353948906
2024-11-18,229200,-0.005322922,-0.0063017475276202
2024-11-19,229200,-0.003914149,-0.0060008752731373
2024-11-20,229200,-0.0070774145,-0.00129338237474
2024-11-21,229200,-0.00706511,0.0
2024-11-22,229200,-0.0054617613,-0.0048528793346684
2024-11-25,229200,-0.003905478,-0.0450841270024375
2024-11-26,229200,-0.004080943,-0.0021519268041726
2024-11-27,229200,-0.004080943,-0.0152143773699014
2024-11-28,229200,-0.0035652786,-0.0242926925690445
2024-11-29,229200,-0.002477179,-0.0008848775022128
2024-12-02,229200,-0.004786189,-0.0551013703338061
2024-12-03,229200,-0.0050117723,-0.0323131304844031
2024-12-04,229200,-0.005869357,-0.0095947217286597
2024-12-05,229200,-0.005228638,0.0169540021755781
2024-12-06,229200,-0.0029653502,0.0231021824933451
2024-12-09,229200,0.0051910505,0.0755244924729104
2024-12-10,229200,0.003986224,0.0188668207582514
2024-12-11,229200,0.0057167523,0.0178826644806922
2024-12-12,229200,-0.0026167282,-0.0293699119368607
2024-12-13,229200,-0.002591455,-0.0553993268911426
2024-12-16,229200,0.007622591,-0.0404620880920404
2024-12-17,229200,0.0069658877,-0.0233267336008524
2024-12-18,229200,0.0061393334,-0.0325842256566117
2024-12-19,229200,0.006716058,-0.0170098147851649
2024-12-20,229200,0.0067434404,0.0269713728889085
2024-12-23,229200,0.005143969,0.0147343827425259
2024-12-24,229200,0.005830952,0.0461217112681942
2024-12-26,229200,0.0054773856,0.0654020742072225
2024-12-27,229200,0.0075450293,0.0791136414578971
2024-12-30,229200,0.0044453004,0.0623612237446731
2025-01-02,229200,0.004390048,0.0604525321520804
2025-01-03,229200,0.0064935787,0.0152493636168113
2025-01-06,229200,0.005949739,-0.0185842677294409
2025-01-07,229200,0.0050729727,-0.0029395729394173
2025-01-08,229200,0.0054152487,-0.0164401122949218
2025-01-09,229200,0.004964052,0.0020006675562971
2025-01-10,229200,0.004168392,0.01078741070837
2025-01-13,229200,0.0041999836,0.0368294524797042
2025-01-14,229200,0.004395101,0.0178397528800591
2025-01-15,229200,0.0049528074,0.038275402103377
2025-01-16,229200,0.005112254,0.0120029585575023
2025-01-17,229200,0.005521112,0.0201727642592331
2025-01-20,229200,0.005086794,0.0131224715807059
2025-01-21,229200,0.0049379435,-0.0279843998609415
2025-01-22,229200,0.0039878706,-0.0115199167499545
2025-01-23,229200,0.005151597,0.0117792773016469
2025-01-24,229200,0.004861037,0.0164918855034703
2025-01-31,229200,0.005019031,0.0200853697077475
2025-02-03,229200,0.0045150877,0.0683072199920309
2025-02-04,229200,0.00535742,0.0392748245878364
2025-02-05,229200,0.0060844724,0.0181317671328085
2025-02-06,229200,0.0059144204,0.0059954614220873
2025-02-07,229200,0.0053111147,0.0185146518246924
2025-02-10,229200,0.006150518,0.0273196122579906
2025-02-11,229200,0.004772719,0.0346439618914064
2025-02-12,229200,0.004742353,0.0447433806365566
2025-02-13,229200,0.004976307,0.0292949051768931
2025-02-14,229200,0.004905678,0.0239351498247646
2025-02-17,229200,0.005032102,0.0126608251732902
2025-02-18,229200,0.004833707,0.0019197548610511
2025-02-19,229200,0.0045935684,-0.0038255593709834
2025-02-20,229200,0.0048914026,0.0168845147020086
2025-02-21,229200,0.004177932,-0.0369546259530123
2025-02-24,229200,0.004184013,-0.0454712402288916
2025-02-25,229200,0.003170586,-0.0322759541089715
2025-02-26,229200,0.002930535,-0.0553968386898166
2025-02-27,229200,0.003960467,-0.0735695385143632
2025-02-28,229200,0.0052489657,-0.0362294009478816
2025-03-04,229200,0.0045547606,-0.0377280517931306
2025-03-05,229200,0.0044372627,-0.03902106586283
2025-03-06,229200,0.004674856,-0.0274349855677142
2025-03-07,229200,0.0046295705,-0.0004096513923987
2025-03-10,229200,0.0037119424,0.0291357594379386
2025-03-11,229200,0.0037119424,0.0393226941339167
2025-03-12,229200,0.004292157,0.019902777683377
2025-03-13,229200,0.0042362018,0.0049842269656537
2025-03-14,229200,0.0040741176,-0.0277518640753342
2025-03-17,229200,0.004646149,-0.0444044985229501
2025-03-18,229200,0.0047221277,-0.062713122120741
2025-03-19,229200,0.004599608,-0.0414716697896377
2025-03-20,229200,0.004568601,-0.0309684794931042
2025-03-21,229200,0.004541499,-0.0346310427645003
2025-03-24,229200,0.004407686,-0.0708521359094909
2025-03-25,229200,0.0041557443,-0.0291771633097417
2025-03-26,229200,0.00470435,-0.0512091157604542
2025-03-27,229200,0.0043043965,-0.036025822256762
2025-03-28,229200,0.0056291884,-0.0082326616672819
2025-03-31,229200,0.00427291,-0.0405751889681211
2025-04-01,229200,0.0049553677,-0.0527192703875951
2025-04-02,229200,0.0045835413,-0.0652594377965588
2025-04-03,229200,0.0049756835,-0.0026616997348603
2025-04-04,229200,0.000638382,0.006049731309066
2025-04-07,229200,-0.0058468888,0.0882491598817628
2025-04-08,229200,-0.003826968,0.071750986685811
2025-04-09,229200,0.0063955425,0.0705616771539859
2025-04-10,229200,0.01382007,0.033116476942167
2025-04-11,229200,0.006074849,0.0258006459447332
2025-04-14,229200,-0.0008151994,-0.0029997879791116
2025-04-15,229200,0.01094287,-0.0008572653761183
2025-04-16,229200,-0.0031261018,0.0475891040686409
2025-04-17,229200,0.0031430947,0.0199121623201131
2025-04-18,229200,0.00086117315,0.0110133271779829
2025-04-21,229200,0.0006848946,0.0042826617920009
2025-04-22,229200,0.013248789,0.0119353505492728
2025-04-23,229200,0.014656283,-0.0215774596367121
2025-04-24,229200,0.013438357,-0.0062542462147298
2025-04-25,229200,0.014143745,-0.0143411172706577
2025-04-28,229200,0.013376435,0.0097810688351606
2025-04-29,229200,0.0070420583,-0.0123642589838985
2025-04-30,229200,0.006056248,0.0021445429621602
2025-05-02,229200,0.0055667483,-0.0008481764715439
2025-05-07,229200,-0.0060946057,0.0140040480840164
2025-05-08,229200,-0.0071324892,-0.0038159893666858
2025-05-09,229200,-0.0071324892,-0.0025773210143004
2025-05-12,229200,-0.007097405,-0.0190317162982159
2025-05-13,229200,-0.0061748824,-0.0327756806517431
2025-05-14,229200,-0.0059564654,-0.0273404470812681
2025-05-15,229200,-0.005458393,-0.0210353323894731
2025-05-16,229200,-0.005853617,-0.0116808596127556
2025-05-19,229200,-0.0056259376,0.0181744509220977
2025-05-20,229200,-0.004717744,0.0298013848538166
2025-05-21,229200,0.0009943139,0.0209992717428208
2025-05-22,229200,-0.0011849721,0.0328597944844965
2025-05-23,229200,-0.0006611126,0.0354813880781618
2025-05-26,229200,0.0005977024,0.0304077481847152
2025-05-27,229200,0.0010615047,0.0297653497998537
2025-05-28,229200,0.0010708639,0.0317221924501562
2025-05-29,229200,0.0009809908,0.034251336561545
2025-05-30,229200,0.0010787785,0.0503688857331262
2025-06-02,229200,0.0010726979,0.0656038852160421
2025-06-04,229200,0.0006247766,0.060114250327831
2025-06-05,229200,0.0005730697,0.0243518526925091
2025-06-09,229200,0.00054358057,0.0192854510668016
2025-06-10,229200,0.00058847683,-0.0011988013423701
2025-06-11,229200,0.00054261036,-0.0236510827128469
2025-06-12,229200,0.00050176913,-0.0196392800779696
2025-06-13,229200,0.00044044192,0.025728709919807
2025-06-16,229200,0.00047552647,0.0059512177231559
2025-06-17,229200,-0.0012674228,0.0326479340248734
2025-06-18,229200,0.0011429382,0.0275391124940716
2025-06-19,229200,0.0011388578,0.0098678519294319
2025-06-20,229200,0.0010044953,-0.0113972544382228
2025-06-23,229200,0.001195021,0.0007908264548177
2025-06-24,229200,0.00055270724,-0.0254765885498822
2025-06-25,229200,0.00057340664,-0.0160378950952485
2025-06-26,229200,0.00078589935,0.0136534206012619
2025-06-27,229200,0.0012807586,-0.0099305682026008
2025-06-30,229200,0.0005373549,-0.0003953350516007
2025-07-01,229200,0.0004964468,0.0094824890695094
2025-07-02,229200,0.0005972615,0.0082466597340701
2025-07-03,229200,0.0013302197,0.0061800119441344
2025-07-04,229200,0.0012361093,0.0383758914756001
2025-07-07,229200,0.001293456,0.0296087075175021
2025-07-08,229200,0.0015116549,0.0476097587598946
2025-07-09,229200,0.001972533,0.0443667408477323
2025-07-10,229200,0.0019787382,0.0451713977635992
2025-07-11,229200,0.0017962654,0.0516581913082203
2025-07-14,229200,-0.00073211046,0.0483330630964276
2025-07-15,229200,-0.004969008,0.0119270888359903
2025-07-16,229200,-0.0020966618,0.0141161333597464
2025-07-17,229200,-0.0057416344,-0.0036873198120466
2025-07-18,229200,-0.004787492,-0.0195253946597455
2025-07-21,229200,-0.00091824017,-0.0151099244722959
2025-07-22,229200,0.00045769179,-0.0063185491763808
2025-07-23,229200,0.0022604922,-0.012620805978313
2025-07-24,229200,0.002134067,-0.0066716333454364
2025-07-25,229200,0.0022303169,-0.0491808654832513
2025-07-28,229200,-0.0024932278,-0.0347598273629473
2025-07-29,229200,-0.0039475276,-0.0074850648865668
2025-07-30,229200,-0.0032503945,0.0007468260242563
2025-07-31,229200,-0.0052199126,-0.0052199969387577
2025-08-01,229200,-0.0073081073,0.0491808654832514
2025-08-04,229200,-0.0023099952,0.0395755432820818
2025-08-05,229200,-0.00567607,0.0104634736408278
2025-08-06,229200,-0.0020579502,0.0199563163834592
2025-08-07,229200,-0.0015084901,0.0247382007921528
2025-08-08,229200,-0.0011764544,-0.0063444885330792
2025-08-11,229200,-0.0031815085,-0.0246926125903715
2025-08-12,229200,-0.00032692027,-0.0271305261260395
2025-08-13,229200,0.0019034783,-0.0483511825996081
2025-08-14,229200,-0.0035988996,-0.0451316567988534
2025-08-18,229200,-0.00462855,0.001496446220146
2025-08-19,229200,-0.005330151,0.0195054946242566
2025-08-20,229200,-0.005746315,0.0267587097990194
2025-08-21,229200,-0.00447162,0.0239055208535543
2025-08-22,229200,-0.0048854146,0.0117581479823468
2025-08-25,229200,-0.004566454,-0.018106869644567
2025-08-26,229200,-0.005149321,-0.0142164758724655
2025-08-27,229200,-0.0042920406,-0.0119717105090511
2025-08-28,229200,-0.0008230939,0.0044893453625945
2025-08-29,229200,-0.0013212558,0.0208962827264124
2025-09-01,229200,-0.0032503945,0.0402889251705416
2025-09-02,229200,-0.0048299064,0.0337131390514782
2025-09-03,229200,-0.0041053137,0.0420105991031648
2025-09-04,229200,-0.003151299,0.0323201102423171
2025-09-05,229200,-0.0032197447,0.0408810769698307
2025-09-08,229200,-0.0030767363,0.0359105013057708
2025-09-09,229200,-0.0030190407,0.0333185037763569
2025-09-10,229200,-0.0031376276,0.0132642202827232
2025-09-11,229200,-0.0030612655,0.026392402067262
2025-09-12,229200,-0.003351068,0.013730192811902
2025-09-15,229200,-0.0011492519,0.0302263761487923
2025-09-16,229200,0.0017577113,0.0229895182246987
2025-09-17,229200,0.0015431916,0.0155480163884848
2025-09-18,229200,-0.0045212694,-0.0067102494414286
2025-09-19,229200,-0.0029886747,-0.032696587076338
2025-09-22,229200,-0.004861555,-0.0405083316482385
2025-09-23,229200,-0.0058565605,-0.0400475011292754
2025-09-24,229200,-0.0045264224,-0.0194730883322268
2025-09-25,229200,-0.005264245,0.0
2025-09-26,229200,-0.0026987388,0.0242695709144578
2025-09-29,229200,-0.005051751,0.0102819554994461
2025-09-30,229200,-0.0051204804,-0.0007171029349968
2025-10-01,229200,-0.005051751,0.0106686644916306
2025-10-02,229200,-0.0060171704,0.0077656585103721
2025-10-10,229200,-0.005094331,0.0084270161618801
2025-10-13,229200,0.003091954,0.0329604858492606
2025-10-14,229200,0.0030380145,0.0479699877855423
2025-10-15,229200,-0.006109194,0.0439441053977347
2025-10-16,229200,-0.0061363974,0.0277410299465376
2025-10-17,229200,-0.006177923,0.0374035709498614
2025-10-20,229200,-0.0064170514,0.0496024459133872
2025-10-21,229200,0.0039766305,0.0529329750172631
2025-10-22,229200,0.0039766305,0.0368873852789866
2025-10-23,229200,0.0041163717,0.0405483592743282
2025-10-24,229200,0.004318108,0.0344290873667249
2025-10-27,229200,0.0052366825,0.0215269356937226
2025-10-28,229200,0.0051252465,0.0437748290536996
2025-10-29,229200,0.0030992276,0.0200265090875295
2025-10-30,229200,0.0032442277,0.0256133308155791
2025-10-31,229200,0.0032249214,-0.0117840970847358
2025-11-03,229200,0.0032067595,-0.0264105527577412
2025-11-04,229200,0.003325043,-0.0571584138399486
2025-11-05,229200,0.0046915933,0.0089144175174722
2025-11-06,229200,0.004460313,0.0293350162794497
2025-11-07,229200,0.0053406437,0.0336710344928978
2025-11-10,229200,0.0046466165,0.0308507757204758
2025-11-11,229200,0.0047512664,0.0143558746051881
2025-11-12,229200,0.0041710986,-0.0354875948313161
2025-11-13,229200,0.0047883084,-0.0286950162576044
2025-11-14,229200,0.0044888696,-0.0402782603795854
2025-11-17,229200,0.004776173,-0.0626837022936867
2025-11-18,229200,0.004921139,-0.0437010946619607
2025-11-19,229200,0.0043836315,-0.0039486724554163
2025-11-20,229200,0.0042117555,-0.0278967165811545
2025-11-21,229200,0.007029011,0.0526182366151613
2025-11-24,229200,0.0075469664,0.0836645877646907
2025-11-25,229200,0.004449144,0.0889834863765036
2025-11-26,229200,0.0055879545,0.061690750996573
2025-11-27,229200,0.0052976967,0.0512932943875504
2025-11-28,229200,0.006813674,-0.0101138662369286
2025-12-01,229200,0.0069681644,-0.0115319962730715
2025-12-02,229200,0.0069737458,-0.0115212235019201
2025-12-03,229200,0.005184947,-0.0046605645956402
2025-12-04,229200,0.0068177083,-0.0050125418235442
2025-12-05,229200,0.004912133,0.0053857250409827
2025-12-08,229200,0.004283169,-0.0088161780094728
2025-12-09,229200,0.004245537,-0.0373308620892474
2025-12-10,229200,0.0049155303,-0.0465348457192021
2025-12-11,229200,0.004868199,-0.0561981892213522
2025-12-12,229200,0.004484257,-0.0360283418433987
2025-12-15,229200,0.004336112,-0.0233573248508356
2025-12-16,229200,0.0044648945,-0.0019524900442917
2025-12-17,229200,0.004203241,-0.0055619315637748
2025-12-18,229200,0.0041538184,0.0216899728826132
2025-12-19,229200,0.0055072242,0.020425414255761
2025-12-22,229200,0.006070381,-0.0009716599954755
2024-07-30,241180,-0.00232486,-0.0707278062650505
2024-07-31,241180,0.0010877409,-0.0884976681851302
2024-08-01,241180,0.0012852286,-0.0650717885838264
2024-08-02,241180,-0.0016793148,-0.0246028914308576
2024-08-05,241180,-0.0063004172,0.0881856691619683
2024-08-06,241180,-0.003913206,0.0372598207454838
2024-08-07,241180,-0.004870221,0.0364347425035065
2024-08-08,241180,0.00050765654,0.0585653937892987
2024-08-09,241180,-0.0022108795,0.0530599934963225
2024-08-12,241180,0.00093513145,0.0595510612917145
2024-08-13,241180,0.011340802,0.0373413938092211
2024-08-14,241180,0.010314956,0.0386457150976595
2024-08-16,241180,0.016202485,0.0157284181190548
2024-08-19,241180,0.010973609,0.0250486732508282
2024-08-20,241180,0.0108486265,0.0179595867151746
2024-08-21,241180,0.008528909,0.0208239970272753
2024-08-22,241180,0.010175058,0.0032867737066227
2024-08-23,241180,0.0104907565,0.0171484778969254
2024-08-26,241180,0.010324462,0.0088063664878882
2024-08-27,241180,0.012875421,0.0098665221046828
2024-08-28,241180,0.009534678,-0.0397442146422589
2024-08-29,241180,0.01856455,-0.0350620222209948
2024-08-30,241180,0.012229077,-0.061604632645291
2024-09-02,241180,0.012013277,-0.0436200087920289
2024-09-03,241180,-0.00035932293,-0.0499834045332712
2024-09-04,241180,0.001732101,-0.0110321046683675
2024-09-05,241180,0.0010027196,0.0101932613181151
2024-09-06,241180,0.0004013758,0.0181195207055522
2024-09-09,241180,0.00041004713,0.0184973490283719
2024-09-10,241180,0.00046212188,0.039149062367561
2024-09-11,241180,0.0020081226,0.0505366548397369
2024-09-12,241180,0.00065634993,0.0206132295520742
2024-09-13,241180,0.0012631852,0.0204249048520409
2024-09-19,241180,0.001893533,0.0330877707289243
2024-09-20,241180,0.0018282777,0.0254775628335523
2024-09-23,241180,0.0015688414,-0.0153618788290137
2024-09-24,241180,0.0021319215,-0.0073933893860265
2024-09-25,241180,0.0018965268,0.0118367447178483
2024-09-26,241180,0.0022206688,0.0104593517936234
2024-09-27,241180,0.0013865884,-0.0090077885895307
2024-09-30,241180,0.0012300421,0.0219556243491369
2024-10-02,241180,0.0013051603,0.0350189274716948
2024-10-04,241180,0.0027361417,0.0239648928229305
2024-10-07,241180,0.0007717334,0.0165572132120104
2024-10-08,241180,0.00066069706,0.0066924805407994
2024-10-10,241180,0.0003316402,0.0069289822092385
2024-10-11,241180,0.0015889324,-0.0097584857766701
2024-10-14,241180,0.0005094646,-0.0050771075589079
2024-10-15,241180,0.00028169467,-0.0352225759744753
2024-10-16,241180,0.0020424153,-0.0333813218169433
2024-10-17,241180,0.0008958418,-0.0334221957643105
2024-10-18,241180,0.0010465329,-0.0216541999700074
2024-10-21,241180,0.0009645713,-0.0273767186990262
2024-10-22,241180,0.0009564468,0.00796702236746
2024-10-23,241180,0.00095830194,0.0292097111216558
2024-10-24,241180,0.0009706516,0.0299637059969929
2024-10-25,241180,0.00083939766,-0.0047786320698465
2024-10-28,241180,-0.006898074,-0.0031048392477304
2024-10-29,241180,-0.00092109444,-0.0098963144335974
2024-10-30,241180,-0.0013334864,0.0048809479675996
2024-10-31,241180,0.0011319859,0.0041676593594813
2024-11-01,241180,0.002440389,0.0375574704256585
2024-11-04,241180,0.00028578972,0.0311411574995285
2024-11-05,241180,0.0010038131,0.0256894861153108
2024-11-06,241180,0.0016750683,-0.0153867511040833
2024-11-07,241180,-0.004579969,-0.0262889519917842
2024-11-08,241180,0.0020263519,-0.0358969894815259
2024-11-11,241180,-0.0033880402,-0.03640253271941
2024-11-12,241180,-0.0031642935,-0.0370998694360718
2024-11-13,241180,-0.0030075677,-0.0237545475983733
2024-11-14,241180,-0.0031306313,-0.0117131646636532
2024-11-15,241180,-0.0050836187,0.0059356017410412
2024-11-18,241180,-0.0036235477,0.0170952612372626
2024-11-19,241180,-0.0040463987,0.0076375240519201
2024-11-20,241180,-0.005014942,0.0204848423244314
2024-11-21,241180,-0.00485408,0.0263555609376824
2024-11-22,241180,-0.0032568162,0.0174553033805487
2024-11-25,241180,-0.003596402,0.0149174695258447
2024-11-26,241180,-0.0034530368,0.0470463436066194
2024-11-27,241180,-0.0029108,0.042848548254958
2024-11-28,241180,-0.0026794458,0.0491225360556518
2024-11-29,241180,-0.0026774115,0.0393527108655126
2024-12-02,241180,-0.0031319638,0.0443674310574343
2024-12-03,241180,-0.0026238165,0.0125886069308937
2024-12-04,241180,-0.0028511432,0.0121536041607565
2024-12-05,241180,-0.0028165078,0.0075283802278594
2024-12-06,241180,-0.0022359136,0.000229121320741
2024-12-09,241180,0.0039966223,-0.0173917427118692
2024-12-10,241180,0.0042971,-0.0073777399602497
2024-12-11,241180,0.006543648,-0.013215444938257
2024-12-12,241180,0.0040387367,-0.0319046591905802
2024-12-13,241180,0.0045103533,-0.0319364260921169
2024-12-16,241180,0.0049201865,-0.0101819734651154
2024-12-17,241180,0.0046785995,-0.0161353648978694
2024-12-18,241180,0.003609884,0.0053898552685765
2024-12-19,241180,0.004270369,0.0351974743627462
2024-12-20,241180,0.0035244222,0.0447746248194229
2024-12-23,241180,0.003776013,0.0295628669232763
2024-12-24,241180,0.0051185326,0.0307914884422953
2024-12-26,241180,0.005415044,-0.0056670427414776
2024-12-27,241180,0.0046217917,-0.0170773520702214
2024-12-30,241180,0.0041265544,-0.0134798707632565
2025-01-02,241180,0.0037254267,-0.0227941809048827
2025-01-03,241180,0.0032331818,-0.0251981113164208
2025-01-06,241180,0.0047157374,-0.0151772000813347
2025-01-07,241180,0.0040616235,-0.0328753357171658
2025-01-08,241180,0.0040677045,-0.0320045948450287
2025-01-09,241180,0.0040677045,-0.0144737837940364
2025-01-10,241180,0.0036761367,-0.0110772089182329
2025-01-13,241180,0.003219969,0.0055202235988828
2025-01-14,241180,0.003936939,0.012794153824317
2025-01-15,241180,0.0043449327,0.0245032365837454
2025-01-16,241180,0.0039008805,0.0185775359509208
2025-01-17,241180,0.0049630157,0.0256584934702718
2025-01-20,241180,0.0046482338,0.0281967947813076
2025-01-21,241180,0.0045205182,0.0043837219854153
2025-01-22,241180,0.0038411976,-0.0004620431630505
2025-01-23,241180,0.004675651,-0.0093849652100848
2025-01-24,241180,0.0047447295,0.0022878069919279
2025-01-31,241180,0.004554468,-0.0085634120828556
2025-02-03,241180,0.004848018,0.0168420176608587
2025-02-04,241180,0.0042367144,0.0124464830407006
2025-02-05,241180,0.0047341255,0.0089247083786525
2025-02-06,241180,0.0052743433,0.0017808630474343
2025-02-07,241180,0.0048604105,0.0015998175049692
2025-02-10,241180,0.0047536977,0.0062944925942813
2025-02-11,241180,0.004198812,0.0072310841041019
2025-02-12,241180,0.00431693,0.0088001301253573
2025-02-13,241180,0.0047305245,-0.0042519209103166
2025-02-14,241180,0.004363287,-0.0061389234392061
2025-02-17,241180,0.004432447,-0.0149338551849891
2025-02-18,241180,0.0048463545,-0.0228714967699472
2025-02-19,241180,0.004813459,-0.0149880972268051
2025-02-20,241180,0.0049807373,0.0001832508709544
2025-02-21,241180,0.0049701757,-0.0187866461762158
2025-02-24,241180,0.003936939,-0.0084353484976116
2025-02-25,241180,0.0026721584,-0.0064652891547514
2025-02-26,241180,0.0027981673,0.0036527609681736
2025-02-27,241180,0.004009892,-0.0217183410863148
2025-02-28,241180,0.004320317,0.0057895390027242
2025-03-04,241180,0.004025536,-0.0002327475862945
2025-03-05,241180,0.004790745,-0.0113568258032053
2025-03-06,241180,0.0032943834,-0.0063895022453781
2025-03-07,241180,0.0036405714,0.000234044048158
2025-03-10,241180,0.0024426568,-0.0018639334380627
2025-03-11,241180,0.0044949856,0.0073287586247177
2025-03-12,241180,0.003145686,0.0200913173117309
2025-03-13,241180,0.0042265747,0.0168574367741697
2025-03-14,241180,0.0037509468,0.0096880124295416
2025-03-17,241180,0.0040123328,0.0114546664836685
2025-03-18,241180,0.00395781,0.0
2025-03-19,241180,0.0036483663,0.0099878859435131
2025-03-20,241180,0.0035112847,-0.0106525641162073
2025-03-21,241180,0.0038524137,-0.0057642405792113
2025-03-24,241180,0.0040616235,-0.0454205537337279
2025-03-25,241180,0.0038752498,-0.0436412280986946
2025-03-26,241180,0.003774765,-0.051257138701161
2025-03-27,241180,0.004010009,-0.05772065794203
2025-03-28,241180,0.0039351294,-0.0844970580229167
2025-03-31,241180,0.0044690953,-0.1054463028627172
2025-04-01,241180,0.0044690953,-0.0574253902766037
2025-04-02,241180,0.0041410243,-0.0743824172386124
2025-04-03,241180,0.0048130816,-0.0078062109342117
2025-04-04,241180,0.0017409866,0.0220263276017278
2025-04-07,241180,-0.0008079801,0.0828023527307127
2025-04-08,241180,-0.021066146,0.0318525506781536
2025-04-09,241180,-0.010586087,0.0424470948900475
2025-04-10,241180,-0.002699558,-0.0014303684403752
2025-04-11,241180,-0.009748657,0.0206284020174999
2025-04-14,241180,-0.011144664,0.0113860672564184
2025-04-15,241180,0.0051908894,0.0152854817929726
2025-04-16,241180,-0.0066867443,0.0256972402710649
2025-04-17,241180,-0.004977611,0.0290411244939606
2025-04-18,241180,0.000605596,0.0272373586632118
2025-04-21,241180,-0.005039184,0.0371220094640342
2025-04-22,241180,0.0076406007,0.0477165219795293
2025-04-23,241180,0.0058526755,0.0307143289525266
2025-04-24,241180,0.007443105,0.0155093498878214
2025-04-25,241180,0.0075369957,0.0139054244163913
2025-04-28,241180,0.0061248215,-0.0006585136644361
2025-04-29,241180,0.010463055,-0.004801314432735
2025-04-30,241180,0.005733915,0.0142919624780324
2025-05-02,241180,0.005746659,0.0287568671002889
2025-05-07,241180,-0.0060271434,0.0207763705929183
2025-05-08,241180,-0.007270136,0.0126705297506191
2025-05-09,241180,-0.006232511,0.004801314432735
2025-05-12,241180,-0.0061431853,-0.0062334481039365
2025-05-13,241180,-0.0053184596,-0.0166975041000073
2025-05-14,241180,-0.0044223354,-0.021009661157373
2025-05-15,241180,-0.0061535314,-0.0106023739018146
2025-05-16,241180,-0.0060298066,-0.0150399911384196
2025-05-19,241180,-0.004889957,-0.0069301644659458
2025-05-20,241180,-0.004946213,0.0009324009999511
2025-05-21,241180,0.00083823636,0.0002332905644547
2025-05-22,241180,-0.0012012605,0.0158848105400231
2025-05-23,241180,-0.0009912548,0.0239750289389153
2025-05-26,241180,0.0013809392,0.0041732177885142
2025-05-27,241180,0.0007553042,-0.0027530872945484
2025-05-28,241180,0.0009790001,-0.0092330700682866
2025-05-29,241180,0.0008711435,-0.0156500632444077
2025-05-30,241180,0.0023121794,-0.0109832649386823
2025-06-02,241180,0.0009645713,0.0107973311267854
2025-06-04,241180,0.00039990505,0.0009340993626751
2025-06-05,241180,0.0008108876,0.0089997795038318
2025-06-09,241180,0.00040723494,0.0119923977548961
2025-06-10,241180,0.00038603152,0.0041386745582218
2025-06-11,241180,0.00028359928,0.0113687276067597
2025-06-12,241180,0.00031076957,0.0164366966384312
2025-06-13,241180,0.0009461262,0.0027959011689334
2025-06-16,241180,0.0005242388,-0.0071221062136861
2025-06-17,241180,-0.00090832054,0.0066141172180399
2025-06-18,241180,0.001395481,-0.0031628914085083
2025-06-19,241180,0.0010366275,0.0137278967034614
2025-06-20,241180,0.0011197531,0.044904853508271
2025-06-23,241180,0.0007327824,0.0488213076005062
2025-06-24,241180,0.00016815556,0.0335895600523541
2025-06-25,241180,0.00046724355,0.0255197985097847
2025-06-26,241180,0.00066741975,0.0120214860303039
2025-06-27,241180,0.0011267297,-0.0019594751315218
2025-06-30,241180,0.0004223884,-0.0121300415306163
2025-07-01,241180,0.0006170978,-0.0117479604210953
2025-07-02,241180,0.002133219,-0.0050701174230211
2025-07-03,241180,0.0012140512,-0.0059701669865037
2025-07-04,241180,0.0013097996,-0.0146387885781964
2025-07-07,241180,0.00051367504,-0.007367431457873
2025-07-08,241180,0.0015825854,-0.0046565331998886
2025-07-09,241180,0.0015840328,-0.0084926200456535
2025-07-10,241180,0.001830084,0.0026528196129043
2025-07-11,241180,0.0016612208,0.0053684743104829
2025-07-14,241180,-0.0012664213,0.0091221730838041
2025-07-15,241180,-0.004961004,0.0042053918045259
2025-07-16,241180,-0.0020454065,0.0474866662659878
2025-07-17,241180,-0.0049603567,0.0478702894642281
2025-07-18,241180,-0.004068841,0.0415524034917818
2025-07-21,241180,-0.00071375386,0.0274026190940849
2025-07-22,241180,0.0005714928,0.0244713689027567
2025-07-23,241180,0.0020969312,-0.0201011793210872
2025-07-24,241180,0.0013844589,-0.018577455687368
2025-07-25,241180,0.0019900277,-0.0252635813801512
2025-07-28,241180,-0.0046656635,-0.0176503721690569
2025-07-29,241180,-0.004967733,0.0047443420567104
2025-07-30,241180,-0.0032676067,0.0110619625873359
2025-07-31,241180,-0.0051107174,0.0002180121659422
2025-08-01,241180,-0.006064891,0.0350134707056942
2025-08-04,241180,-0.0019894512,0.0560077127133519
2025-08-05,241180,-0.0060407086,0.0485856263511375
2025-08-06,241180,-0.0021690056,0.0574275820753573
2025-08-07,241180,-0.0024003475,0.0514088215676278
2025-08-08,241180,-0.001295041,0.0472094839850203
2025-08-11,241180,-0.0050403094,0.0316934499138101
2025-08-12,241180,0.00027314623,0.0155748322701162
2025-08-13,241180,0.0017737282,-0.0036751842824827
2025-08-14,241180,-0.0037535704,-0.0115377084289677
2025-08-18,241180,-0.003844761,-0.0154073591612619
2025-08-19,241180,-0.0047655003,-0.0277445286336553
2025-08-20,241180,-0.0042283153,-0.0162012286324432
2025-08-21,241180,-0.0030198528,-0.0041040579938696
2025-08-22,241180,-0.0039404607,0.0098798144031029
2025-08-25,241180,-0.0029642826,-0.010279550326471
2025-08-26,241180,-0.003191245,-0.0060557819954446
2025-08-27,241180,-0.003673877,-0.0214489962296923
2025-08-28,241180,-0.001016173,-0.0072124215679775
2025-08-29,241180,-0.0008175388,-0.0014113742483991
2025-09-01,241180,-0.0037491543,0.0232784993022517
2025-09-02,241180,-0.004946213,0.03220863597412
2025-09-03,241180,-0.004435174,0.0545635164705538
2025-09-04,241180,-0.004407155,0.0446773147198105
2025-09-05,241180,-0.0040513277,0.0437670160403058
2025-09-08,241180,-0.004074082,0.0276507882446453
2025-09-09,241180,-0.0041070725,0.0252871740142781
2025-09-10,241180,-0.003066619,0.0171882674654638
2025-09-11,241180,-0.0029215277,0.0193380570466871
2025-09-12,241180,-0.0029946486,0.009773160266959
2025-09-15,241180,-0.00087314355,0.0154246731577974
2025-09-16,241180,0.0016253983,0.0252461208270134
2025-09-17,241180,0.0013391324,0.0200175785591451
2025-09-18,241180,-0.004027927,0.0063767991841802
2025-09-19,241180,-0.003066619,0.0063975726966268
2025-09-22,241180,-0.0039374107,-0.0025477720787986
2025-09-23,241180,-0.00472662,-0.0133301428539965
2025-09-24,241180,-0.004385101,-0.0080924619193389
2025-09-25,241180,-0.004975725,0.0044358049387319
2025-09-26,241180,-0.0033947409,0.0456927422539338
2025-09-29,241180,-0.004002649,0.0316751084797563
2025-09-30,241180,-0.0039339187,0.0351469553146059
2025-10-01,241180,-0.0039481237,0.0510008195279981
2025-10-02,241180,-0.0051284344,0.0544737730933561
2025-10-10,241180,-0.006116631,0.0124801976428336
2025-10-13,241180,0.0030960273,0.0562581354536598
2025-10-14,241180,0.0033552616,0.0533390726958011
2025-10-15,241180,-0.006872241,0.036729930199654
2025-10-16,241180,-0.006538937,0.0097686681878591
2025-10-17,241180,-0.0051871845,0.0237819867131389
2025-10-20,241180,-0.0063567227,0.0186235731388883
2025-10-21,241180,0.0041713994,0.0247962758570343
2025-10-22,241180,0.00402433,0.041034829628497
2025-10-23,241180,0.004919011,0.0462104942071667
2025-10-24,241180,0.0046509393,0.0484760072789584
2025-10-27,241180,0.0044343756,0.0285187124293339
2025-10-28,241180,0.004356825,0.019245082491214
2025-10-29,241180,0.003343513,-0.0230753959533257
2025-10-30,241180,0.0030772772,-0.0049837174265727
2025-10-31,241180,0.0031446733,-0.0172839105095148
2025-11-03,241180,0.00033475392,-0.0141576950398833
2025-11-04,241180,0.0029981723,-0.0022084204972847
2025-11-05,241180,0.005478308,0.0268299428435755
2025-11-06,241180,0.0044833007,0.0226948826157349
2025-11-07,241180,0.004666193,-0.0067659019562528
2025-11-10,241180,0.004083381,-0.0073999430140976
2025-11-11,241180,0.004138722,-0.0494985814049577
2025-11-12,241180,0.004584473,-0.0614673064185182
2025-11-13,241180,0.0036089146,-0.052302250078197
2025-11-14,241180,0.005844733,-0.0396809125952311
2025-11-17,241180,0.0039959718,-0.0345021570120536
2025-11-18,241180,0.0045389943,-0.0077248598684622
2025-11-19,241180,0.0045461594,0.0214486403846613
2025-11-20,241180,0.003847493,0.0151791339197107
2025-11-21,241180,0.0044990587,0.0377796374643669
2025-11-24,241180,0.0042632543,0.010138817886267
2025-11-25,241180,0.004152928,0.0179087621191797
2025-11-26,241180,0.004593196,0.0095091266242712
2025-11-27,241180,0.004132941,0.0248897070044202
2025-11-28,241180,0.0041310024,0.0107264068254822
2025-12-01,241180,0.003371706,0.0262534341932023
2025-12-02,241180,0.0043779826,0.0271153793693946
2025-12-03,241180,0.0046748016,0.0054085714325977
2025-12-04,241180,0.005276063,-0.0182479811831926
2025-12-05,241180,0.0046055876,0.0039668783315866
2025-12-08,241180,0.004175288,0.0005243930271017
2025-12-09,241180,0.0037415188,-0.0156478963756646
2025-12-10,241180,0.004967015,-0.0061177410247614
2025-12-11,241180,0.0048007416,-0.0101570423573641
2025-12-12,241180,0.0050895093,-0.0216957186364002
2025-12-15,241180,0.0041671656,-0.0055374620171621
2025-12-16,241180,0.0043325666,0.0198005378708656
2025-12-17,241180,0.0039928947,-0.0001773710074001
2025-12-18,241180,0.0037088487,0.010157042357364
2025-12-19,241180,0.0047447295,-0.0052306771455385
2025-12-22,241180,0.0048163785,-0.0200205465895776
2024-07-30,251350,-0.0019481363,-0.0436450372975309
2024-07-31,251350,0.0011402263,-0.0294555317370486
2024-08-01,251350,0.0010399702,-0.0547436354180674
2024-08-02,251350,0.0010614762,-0.0052141645135005
2024-08-05,251350,0.0088344775,0.0504499155877963
2024-08-06,251350,0.00062481844,0.0204889958008201
2024-08-07,251350,0.0005698095,0.016911609964608
2024-08-08,251350,0.0020031312,0.0543824028887627
2024-08-09,251350,0.0009545355,0.018535148931883
2024-08-12,251350,0.001056892,0.0048527722893749
2024-08-13,251350,0.0011692202,0.0162253027206997
2024-08-14,251350,0.0013613293,0.0082587715903347
2024-08-16,251350,0.002648706,-0.0085267474760181
2024-08-19,251350,0.002243308,0.006102816361239
2024-08-20,251350,0.0020520838,0.0073445109536869
2024-08-21,251350,0.001209215,0.0031991883904181
2024-08-22,251350,0.00071902724,-0.0035728646414536
2024-08-23,251350,0.0013464226,0.001456505373461
2024-08-26,251350,0.0017340645,0.0106902505630918
2024-08-27,251350,0.0026025686,0.0106464883944874
2024-08-28,251350,0.00040444446,-0.0217587332647555
2024-08-29,251350,0.0032427094,-0.0195469989054291
2024-08-30,251350,0.0021955005,-0.0298783235009785
2024-09-02,251350,0.0015039659,-0.0407949610392872
2024-09-03,251350,-2.7216694e-05,-0.0348932269050496
2024-09-04,251350,0.002235683,-0.0076708624137868
2024-09-05,251350,0.0011073695,0.0029379518705977
2024-09-06,251350,0.0007771919,0.0149584184461583
2024-09-09,251350,0.0003316402,0.0260159197330374
2024-09-10,251350,0.00036700894,0.0313208279772458
2024-09-11,251350,0.0019914173,0.0416948192395395
2024-09-12,251350,0.00052444247,0.0357812747227593
2024-09-13,251350,0.0010031236,0.0282570504339392
2024-09-19,251350,0.0018056922,0.0197409384418297
2024-09-20,251350,0.0017404369,0.0032481622321772
2024-09-23,251350,0.0015127426,-0.0042757372508035
2024-09-24,251350,0.0020440812,-0.0195375244956431
2024-09-25,251350,0.001808686,-0.0124279056227106
2024-09-26,251350,0.0021328274,0.0029009923108124
2024-09-27,251350,0.0013031289,0.0139902455379111
2024-09-30,251350,0.0012282905,0.0239089231302445
2024-10-02,251350,0.0011394353,0.032495131392253
2024-10-04,251350,0.0026221322,0.0358832521675071
2024-10-07,251350,0.0006182265,0.0292511252110968
2024-10-08,251350,0.0006040215,0.0214079216303884
2024-10-10,251350,0.0003316402,0.0145539607588046
2024-10-11,251350,0.0015633429,0.0241110250817334
2024-10-14,251350,0.00048387557,0.0236030850832894
2024-10-15,251350,0.00028169467,0.0147216118253599
2024-10-16,251350,0.0019512034,0.0135755724859143
2024-10-17,251350,0.0008127159,0.0010389251523207
2024-10-18,251350,0.0009316652,0.0064355379988372
2024-10-21,251350,0.0008814454,-0.0031906708602088
2024-10-22,251350,0.00087332114,-0.0046997565107955
2024-10-23,251350,0.0008434345,0.0010287713948742
2024-10-24,251350,0.00088752614,0.0040415260800982
2024-10-25,251350,0.0007473898,-0.0228307744539615
2024-10-28,251350,-0.0050409352,-0.0211140947767274
2024-10-29,251350,-0.00097705,-0.0165378983708019
2024-10-30,251350,-0.0013334864,0.0013358225000211
2024-10-31,251350,0.0011319859,0.022160249540382
2024-11-01,251350,0.0023363926,0.0423636406552531
2024-11-04,251350,0.00040628965,0.0505050710004077
2024-11-05,251350,0.000925406,0.0480824117533058
2024-11-06,251350,0.0016750683,0.0233099747068066
2024-11-07,251350,-0.0043330076,0.0105984356699272
2024-11-08,251350,0.0020567179,-0.0027960738457677
2024-11-11,251350,-0.0034184062,-0.0216208229745085
2024-11-12,251350,-0.0029706054,-0.0232917484535867
2024-11-13,251350,-0.0030379337,-0.0117393164368741
2024-11-14,251350,-0.0029187421,-0.0179420785477033
2024-11-15,251350,-0.004871729,0.0026278567780675
2024-11-18,251350,-0.0036539137,0.0219544454504127
2024-11-19,251350,-0.004076765,0.0212906805499927
2024-11-20,251350,-0.0049845763,0.0149111134969213
2024-11-21,251350,-0.00485408,0.0181088758726609
2024-11-22,251350,-0.0032264502,0.0105095016431217
2024-11-25,251350,-0.003596402,0.0056546185795247
2024-11-26,251350,-0.0034834028,0.0113858261423257
2024-11-27,251350,-0.002941166,0.0208811664017391
2024-11-28,251350,-0.0027098118,0.026660346783925
2024-11-29,251350,-0.0024837232,0.0306556256829867
2024-12-02,251350,-0.0029382757,0.0387434818005879
2024-12-03,251350,-0.002430128,0.0226158740871272
2024-12-04,251350,-0.0026367821,0.0098753401300025
2024-12-05,251350,-0.0026531855,0.0117530654506353
2024-12-06,251350,-0.00095073285,0.0025798143943763
2024-12-09,251350,0.0035652833,-0.0109080324427284
2024-12-10,251350,0.0038961263,0.0039933068652727
2024-12-11,251350,0.0061426745,0.0054158739730326
2024-12-12,251350,0.0040387367,-0.0173551385322872
2024-12-13,251350,0.00410938,-0.0279555792339434
2024-12-16,251350,0.004488846,-0.0058558215829099
2024-12-17,251350,0.0042472607,-0.0049295307234267
2024-12-18,251350,0.0031529542,0.0091210847889913
2024-12-19,251350,0.0038693943,0.0253798630859741
2024-12-20,251350,0.0031794033,0.0358151112311205
2024-12-23,251350,0.0039005287,-0.0009738995705492
2024-12-24,251350,0.0052168076,-0.0014544986968784
2024-12-26,251350,0.005415044,-0.0083497773847675
2024-12-27,251350,0.004246525,-0.0119807948757203
2024-12-30,251350,0.0040616235,-0.0139002849455509
2025-01-02,251350,0.0037254267,0.0008116488278962
2025-01-03,251350,0.0032331818,0.0006467050603713
2025-01-06,251350,0.0045587653,-0.0206433815562251
2025-01-07,251350,0.0040616235,-0.011767320573214
2025-01-08,251350,0.0040677045,-0.0106189922928013
2025-01-09,251350,0.0040117493,0.0044361766267653
2025-01-10,251350,0.0036201812,0.0009369800850282
2025-01-13,251350,0.003219969,0.0197113102013633
2025-01-14,251350,0.003936939,0.0101546771016479
2025-01-15,251350,0.0043449327,0.020452864321812
2025-01-16,251350,0.003931246,0.0101579194817032
2025-01-17,251350,0.0049933814,0.011750488353878
2025-01-20,251350,0.0046482338,0.0248972880530467
2025-01-21,251350,0.0045205182,0.0017737648768934
2025-01-22,251350,0.0038411976,0.0017310470743503
2025-01-23,251350,0.0042746766,0.0006074848715267
2025-01-24,251350,0.004343756,0.0089287725988266
2025-01-31,251350,0.0041534947,-0.0080617662256681
2025-02-03,251350,0.0044490853,0.0146496990487325
2025-02-04,251350,0.0045789904,0.0105456970954824
2025-02-05,251350,0.0050764014,0.0137766836270685
2025-02-06,251350,0.0052743433,0.0035682182577223
2025-02-07,251350,0.0045181345,0.011162058382481
2025-02-10,251350,0.004723332,0.0119939574976465
2025-02-11,251350,0.004168446,0.0122530866041602
2025-02-12,251350,0.0042865644,0.0082258477706031
2025-02-13,251350,0.0047305245,0.0015433316973804
2025-02-14,251350,0.004363287,-0.0083834894513898
2025-02-17,251350,0.004432447,-0.0137419041059487
2025-02-18,251350,0.004445381,-0.0262638795691879
2025-02-19,251350,0.0044124853,-0.0269048946659951
2025-02-20,251350,0.004579765,-0.0116812293914876
2025-02-21,251350,0.0045692,-0.0067069756938944
2025-02-24,251350,0.0035359648,-0.0051663220437786
2025-02-25,251350,0.0030731328,-0.0049295307234267
2025-02-26,251350,0.0031991417,-0.0042811453861089
2025-02-27,251350,0.004009892,-0.0238125668921466
2025-02-28,251350,0.0038937535,-0.0280702113492249
2025-03-04,251350,0.0038693943,-0.0354396621336445
2025-03-05,251350,0.0046346025,-0.0363425232765697
2025-03-06,251350,0.0030783948,-0.03359014299376
2025-03-07,251350,0.0033893255,-0.0314016261800418
2025-03-10,251350,0.0023867013,-0.0231178354432612
2025-03-11,251350,0.0044037737,0.0045610867014907
2025-03-12,251350,0.0030897304,0.013143417116758
2025-03-13,251350,0.003704714,0.0234094630316276
2025-03-14,251350,0.003294017,0.0309123654432406
2025-03-17,251350,0.0036113595,0.0308253159958767
2025-03-18,251350,0.0035568355,0.0247207625168819
2025-03-19,251350,0.003247392,0.0293813070006308
2025-03-20,251350,0.0031358998,0.0036432282832071
2025-03-21,251350,0.0033954838,0.0033222621919778
2025-03-24,251350,0.0036046938,-0.0249623457384439
2025-03-25,251350,0.0034183208,-0.0260406769140852
2025-03-26,251350,0.003317835,-0.02792786638537
2025-03-27,251350,0.0035530792,-0.0258857716831937
2025-03-28,251350,0.0035037894,-0.0703804580415152
2025-03-31,251350,0.003943604,-0.1194950659935231
2025-04-01,251350,0.003943604,-0.1090545239935098
2025-04-02,251350,0.00395781,-0.1074348814715529
2025-04-03,251350,0.004629866,-0.0485069747888069
2025-04-04,251350,0.0015952592,-0.0043004803791685
2025-04-07,251350,-0.004961437,0.0657285785714476
2025-04-08,251350,-0.01038878,0.0583258799069787
2025-04-09,251350,0.0007790117,0.0453733472824921
2025-04-10,251350,-0.0034675056,-0.011609629077839
2025-04-11,251350,-0.010415247,-0.0159997762088201
2025-04-14,251350,-0.0064615817,-0.0177872049265497
2025-04-15,251350,0.0050577447,-0.0350317708942984
2025-04-16,251350,-0.006915137,-0.0052469527894023
2025-04-17,251350,-0.005160382,0.0208705663448565
2025-04-18,251350,-0.00064821145,0.0435767682257008
2025-04-21,251350,-0.0052779103,0.0527782053473875
2025-04-22,251350,0.0073666167,0.0651094834493396
2025-04-23,251350,0.005725859,0.0384083223839841
2025-04-24,251350,0.0074763224,0.0184045848715319
2025-04-25,251350,0.0074751107,0.00200902425622
2025-04-28,251350,0.0061807767,-0.0080534611328739
2025-04-29,251350,0.010463055,-0.0097555139921975
2025-04-30,251350,0.005733915,0.0131973900956444
2025-05-02,251350,0.005746659,0.0373647458576534
2025-05-07,251350,-0.006241246,0.049475130640144
2025-05-08,251350,-0.0061871246,0.0346700496637966
2025-05-09,251350,-0.006288466,0.0341307218650462
2025-05-12,251350,-0.0061991406,0.0286569607335271
2025-05-13,251350,-0.0065573775,0.0065010601223077
2025-05-14,251350,-0.0044045523,-0.0106430726858962
2025-05-15,251350,-0.00635901,-0.0090375522025053
2025-05-16,251350,-0.0059705735,-0.018929267092721
2025-05-19,251350,-0.0059015416,-0.0327898228229908
2025-05-20,251350,-0.0059610773,-0.0256267837321519
2025-05-21,251350,0.0009213621,-0.0113861964625171
2025-05-22,251350,-0.0011453051,0.0121305756285153
2025-05-23,251350,-0.00093529926,0.0158321673221193
2025-05-26,251350,0.0013809392,0.0129129014669779
2025-05-27,251350,0.00083843025,0.0152507680190709
2025-05-28,251350,0.0012176405,0.0004963189778447
2025-05-29,251350,0.00093005574,-0.0108344853189654
2025-05-30,251350,0.0023121794,0.0045763656671469
2025-06-02,251350,0.0009086159,0.0198769213560127
2025-06-04,251350,0.00037431568,-0.0039230603992765
2025-06-05,251350,0.00075493206,0.0044228873631551
2025-06-09,251350,0.00038006465,0.0059272678044184
2025-06-10,251350,0.00038603152,-0.0001642548582067
2025-06-11,251350,0.00031076957,-0.0092311369446971
2025-06-12,251350,0.000366725,0.0076341272373679
2025-06-13,251350,0.001064509,-0.0062439291709265
2025-06-16,251350,0.00063910615,0.0011548678959963
2025-06-17,251350,-0.0008523651,-0.0001642818422975
2025-06-18,251350,0.0012096004,0.0095569229062038
2025-06-19,251350,0.0010048854,-0.0004918274768387
2025-06-20,251350,0.0010048854,0.022414675019386
2025-06-23,251350,0.00064965675,0.0209826431623394
2025-06-24,251350,5.3287844e-05,0.0223552864996974
2025-06-25,251350,0.0004368775,0.0147120914030339
2025-06-26,251350,0.00066741975,0.0255153877557154
2025-06-27,251350,0.0010963638,0.0180798425224242
2025-06-30,251350,0.0004223884,0.0150634218045174
2025-07-01,251350,0.0005867318,0.0104207566194189
2025-07-02,251350,0.0020677866,0.0112349973699235
2025-07-03,251350,0.0011521337,0.0104000301302938
2025-07-04,251350,0.0013097996,0.0102269480970075
2025-07-07,251350,0.00051367504,0.0044117951996317
2025-07-08,251350,0.0015825854,0.012670996608589
2025-07-09,251350,0.0015840328,0.0064223451841469
2025-07-10,251350,0.001830084,0.0118575356495357
2025-07-11,251350,0.0016612208,0.0162168249486537
2025-07-14,251350,-0.0012664213,0.0194138226296009
2025-07-15,251350,-0.004961004,0.007756826081509
2025-07-16,251350,-0.0020454065,0.0108522847835875
2025-07-17,251350,-0.0049603567,0.0024358265744216
2025-07-18,251350,-0.004068841,0.0044841044318906
2025-07-21,251350,-0.00071375386,0.0106896717360433
2025-07-22,251350,0.0005714928,0.0169909249523182
2025-07-23,251350,0.0020594387,0.0095314216051503
2025-07-24,251350,0.0016611016,0.018847496055178
2025-07-25,251350,0.0020123376,-0.0004938119294198
2025-07-28,251350,-0.0033598633,-0.0233490578034788
2025-07-29,251350,-0.0038156237,-0.0128866968168937
2025-07-30,251350,-0.003104285,-0.0049561790266086
2025-07-31,251350,-0.0049473955,-0.0127217597710566
2025-08-01,251350,-0.0048259734,0.0027129529233331
2025-08-04,251350,-0.0024445823,0.0254978798483905
2025-08-05,251350,-0.005568713,0.0110471083658137
2025-08-06,251350,-0.001926749,0.0170265354955566
2025-08-07,251350,-0.0021580914,0.0171196534306952
2025-08-08,251350,-0.0012834183,0.0114182001221371
2025-08-11,251350,-0.0042284005,0.0098559040247054
2025-08-12,251350,0.00027314623,0.0112299013544763
2025-08-13,251350,0.0017739186,0.0078455625174074
2025-08-14,251350,-0.00294166,-0.0037859172628273
2025-08-18,251350,-0.0030328506,0.0071273977474045
2025-08-19,251350,-0.0034602266,0.0042419164321975
2025-08-20,251350,-0.0027337992,0.0070757151667991
2025-08-21,251350,-0.0028917876,0.0
2025-08-22,251350,-0.0027063207,0.016262987760582
2025-08-25,251350,-0.00280096,-0.0009070569648933
2025-08-26,251350,-0.0030279234,-0.0009074685277457
2025-08-27,251350,-0.0030713887,-0.0106933451591028
2025-08-28,251350,-0.0005610436,-0.0022743478637548
2025-08-29,251350,-0.00084790477,-0.0002709007466337
2025-09-01,251350,-0.0035554667,0.0050689545219214
2025-09-02,251350,-0.004752526,0.0064252645598387
2025-09-03,251350,-0.004241486,0.0163720203756739
2025-09-04,251350,-0.0031730141,0.0162012698100794
2025-09-05,251350,-0.0028524427,0.0119102464258375
2025-09-08,251350,-0.0028729306,0.0133929238729869
2025-09-09,251350,-0.0028729306,0.0108558567203719
2025-09-10,251350,-0.0028729306,0.0062422734542061
2025-09-11,251350,-0.0027278396,0.0096021666172993
2025-09-12,251350,-0.00280096,0.0101517704994096
2025-09-15,251350,-0.00087314355,0.009281220561038
2025-09-16,251350,0.0016253983,0.0157293019085439
2025-09-17,251350,0.0013391324,0.0183209880145582
2025-09-18,251350,-0.0038342383,0.0105360167080267
2025-09-19,251350,-0.0028729306,0.0082990461805716
2025-09-22,251350,-0.003743723,0.0055159603518151
2025-09-23,251350,-0.00472662,0.0044989850937103
2025-09-24,251350,-0.004385101,0.0008766291251591
2025-09-25,251350,-0.004782038,0.0106868800983559
2025-09-26,251350,-0.0032010532,0.0255455724767902
2025-09-29,251350,-0.004002649,0.0198731916995653
2025-09-30,251350,-0.0039339187,0.011678414890971
2025-10-01,251350,-0.0039481237,0.0171434424717869
2025-10-02,251350,-0.0051284344,0.010315905221158
2025-10-10,251350,-0.004936946,-0.0164462757160586
2025-10-13,251350,0.002616488,0.0017195430253672
2025-10-14,251350,0.0027220333,0.0158914971120368
2025-10-15,251350,-0.005315355,0.0168544915087619
2025-10-16,251350,-0.0049820514,0.0184059503497359
2025-10-17,251350,-0.004073125,0.0334104264148797
2025-10-20,251350,-0.0049059154,0.0301510536046575
2025-10-21,251350,0.0036208548,0.0261950389386293
2025-10-22,251350,0.0035328353,0.0229138026968837
2025-10-23,251350,0.003936591,0.0126132585481779
2025-10-24,251350,0.0037203485,0.0015102363313475
2025-10-27,251350,0.0039381036,-0.0041484015780964
2025-10-28,251350,0.0038605528,-0.0134596025250531
2025-10-29,251350,0.0027521395,-0.0096763768804119
2025-10-30,251350,0.0026459368,-0.000806283494017
2025-10-31,251350,0.002652487,0.0069345122276401
2025-11-03,251350,-0.0001221763,0.0059527296779867
2025-11-04,251350,0.0025412424,0.0220957573035263
2025-11-05,251350,0.004862142,0.0273982211990302
2025-11-06,251350,0.00350088,0.0287053827238138
2025-11-07,251350,0.004109075,0.0020793198414816
2025-11-10,251350,0.0035024693,0.0080106499857947
2025-11-11,251350,0.0035217598,-0.0220957573035262
2025-11-12,251350,0.0041834977,-0.03745052699487
2025-11-13,251350,0.0032079401,-0.0233239550349753
2025-11-14,251350,0.0054437597,-0.0157153867250993
2025-11-17,251350,0.0035949985,-0.0102318242338099
2025-11-18,251350,0.004643644,0.0101393626313031
2025-11-19,251350,0.0041304464,0.0228692676428096
2025-11-20,251350,0.003952143,0.0105672575837309
2025-11-21,251350,0.004543906,0.0320326370121017
2025-11-24,251350,0.004214215,0.0204689531061972
2025-11-25,251350,0.004152928,0.0167373673480963
2025-11-26,251350,0.0041326354,0.0130892278782529
2025-11-27,251350,0.0036074505,0.0146468019696609
2025-11-28,251350,0.0041006366,0.0112171979238011
2025-12-01,251350,0.00279026,0.0085146129683088
2025-12-02,251350,0.003848369,0.0096018964899127
2025-12-03,251350,0.004579505,0.0036582928137636
2025-12-04,251350,0.004723332,-0.005545425721027
2025-12-05,251350,0.004451789,0.0093592713117303
2025-12-08,251350,0.0039617717,-0.0013509864254215
2025-12-09,251350,0.0035280033,-0.003650872826713
2025-12-10,251350,0.00475656,0.0036449584735563
2025-12-11,251350,0.004777625,-0.004594834146743
2025-12-12,251350,0.0050895093,-0.0139501516406296
2025-12-15,251350,0.0041671656,0.0105966243557939
2025-12-16,251350,0.0039315918,0.0191330484681151
2025-12-17,251350,0.0035919202,-0.0043214111814858
2025-12-18,251350,0.0033078743,0.0024223960893569
2025-12-19,251350,0.004374122,-0.0081260383826276
2025-12-22,251350,0.0044154036,-0.0192591542547916
2024-07-30,360750,-0.0014963696,-0.0457083648056534
2024-07-31,360750,0.0015919926,-0.0380093259669841
2024-08-01,360750,0.0014917365,-0.0555652321922759
2024-08-02,360750,0.0013935595,-0.0186274974990856
2024-08-05,360750,0.0092616035,0.0334562661289715
2024-08-06,360750,0.0010309627,0.0147461392016865
2024-08-07,360750,0.00088071194,0.0200134895746379
2024-08-08,360750,0.0017270306,0.0509742278822683
2024-08-09,360750,0.001508699,0.0194559750809236
2024-08-12,360750,0.0014519823,0.0194619809820196
2024-08-13,360750,0.0015266538,0.0204931977642629
2024-08-14,360750,0.0017378146,0.0137585419168309
2024-08-16,360750,0.0029931865,-0.0072261323374962
2024-08-19,360750,0.0027241227,0.0113634467352047
2024-08-20,360750,0.0025141616,-0.0002730375443583
2024-08-21,360750,0.0016674905,0.006142825980876
2024-08-22,360750,0.0012260841,-0.0085837436913914
2024-08-23,360750,0.0018054383,0.0005451373881185
2024-08-26,360750,0.0021627126,0.0093448468799947
2024-08-27,360750,0.0030124816,0.0120516088679826
2024-08-28,360750,0.00083309395,-0.0190950953017672
2024-08-29,360750,0.0036524313,-0.0098218523948206
2024-08-30,360750,0.002696769,-0.0271234900077918
2024-09-02,360750,0.00201183,-0.0362314584132912
2024-09-03,360750,0.00051687873,-0.0294050260234079
2024-09-04,360750,0.0026038184,-0.0068176413503326
2024-09-05,360750,0.001480729,0.0125087731021821
2024-09-06,360750,0.0011280123,0.0210009103396705
2024-09-09,360750,0.00078340626,0.0367720866364391
2024-09-10,360750,0.000818775,0.0333901678153728
2024-09-11,360750,0.0024244452,0.0404926855765414
2024-09-12,360750,0.0010914105,0.0247179895551677
2024-09-13,360750,0.0014677043,0.0230904567662972
2024-09-19,360750,0.002345298,0.0132082457113327
2024-09-20,360750,0.0022800425,-0.0020982979210326
2024-09-23,360750,0.001964508,-0.0188160927707408
2024-09-24,360750,0.0024958474,-0.0164830017800697
2024-09-25,360750,0.0022921932,-0.0008040524675364
2024-09-26,360750,0.0025845945,0.0111916727594416
2024-09-27,360750,0.0017548953,0.0151271024686855
2024-09-30,360750,0.0016800569,0.041940341398287
2024-10-02,360750,0.0015724645,0.0383074300462491
2024-10-04,360750,0.0031722968,0.0357641802698746
2024-10-07,360750,0.0010699925,0.0325873280527049
2024-10-08,360750,0.0010557876,0.0313855687305353
2024-10-10,360750,0.00078340626,0.023468596506239
2024-10-11,360750,0.0020219611,0.0263091621258198
2024-10-14,360750,0.000942494,0.022409614745318
2024-10-15,360750,0.00075946643,0.0092995563099194
2024-10-16,360750,0.0024408621,0.0189948422622315
2024-10-17,360750,0.0012904878,0.0035621634532187
2024-10-18,360750,0.0014155895,0.0087695404237744
2024-10-21,360750,0.0010939314,0.0034849400152845
2024-10-22,360750,0.0010586368,0.0032319995814078
2024-10-23,360750,0.00102875,0.0005043118771467
2024-10-24,360750,0.0010728416,-0.0045312299101024
2024-10-25,360750,0.000778958,-0.0236446608238281
2024-10-28,360750,-0.0051758834,-0.0262050494846868
2024-10-29,360750,-0.00091831153,-0.0254289933627514
2024-10-30,360750,-0.0012747479,0.0128245420629098
2024-10-31,360750,0.0011907242,0.0378518278738249
2024-11-01,360750,0.0023594575,0.0495010842011944
2024-11-04,360750,0.0004646117,0.0623007570601348
2024-11-05,360750,0.0011357274,0.0661340101832599
2024-11-06,360750,0.0018384868,0.0249718048767669
2024-11-07,360750,-0.0045660776,0.0129361595034508
2024-11-08,360750,0.0021676212,-0.0012302848430567
2024-11-11,360750,-0.0043838364,-0.0203386849697522
2024-11-12,360750,-0.0041600894,-0.0251961762824503
2024-11-13,360750,-0.0029959015,-0.0175825476195413
2024-11-14,360750,-0.0028767094,-0.0170718554183655
2024-11-15,360750,-0.00479933,0.0077500755794157
2024-11-18,360750,-0.0036118815,0.0227672853474194
2024-11-19,360750,-0.0040347325,0.0203436822887387
2024-11-20,360750,-0.00497291,0.0200070263322441
2024-11-21,360750,-0.0048120474,0.0151299186977911
2024-11-22,360750,-0.003214784,0.0061862395586472
2024-11-25,360750,-0.0035543698,0.0053222498383019
2024-11-26,360750,-0.0034413696,0.0133841052836865
2024-11-27,360750,-0.0028991334,0.0154266941882957
2024-11-28,360750,-0.002667779,0.0268025153490812
2024-11-29,360750,-0.002635379,0.0272559082587588
2024-12-02,360750,-0.0030899316,0.0360177301375617
2024-12-03,360750,-0.002581784,0.0176498956291896
2024-12-04,360750,-0.0025947497,0.0135470052061449
2024-12-05,360750,-0.002611153,0.0113372965490542
2024-12-06,360750,-0.0009087002,0.0078136429543829
2024-12-09,360750,0.0036073155,-0.0070067551234217
2024-12-10,360750,0.003938159,0.0101809507314761
2024-12-11,360750,0.0061847074,0.0050682918573439
2024-12-12,360750,0.0040807696,-0.0205101466842098
2024-12-13,360750,0.0041514128,-0.0219476493928368
2024-12-16,360750,0.0045308787,-0.0030045560370825
2024-12-17,360750,0.004289293,-0.0025706354274229
2024-12-18,360750,0.0031949868,0.0180452536620721
2024-12-19,360750,0.004002638,0.0360589503440908
2024-12-20,360750,0.0032214355,0.0348516553403806
2024-12-23,360750,0.0036002854,0.0020666016466937
2024-12-24,360750,0.004916564,-0.006903218378747
2024-12-26,360750,0.0054570762,-0.0131422530155871
2024-12-27,360750,0.004164576,-0.0185939443325332
2024-12-30,360750,0.0041036564,-0.0195841832095921
2025-01-02,360750,0.003767459,-0.0050330546754951
2025-01-03,360750,0.0032752145,0.0007065972925123
2025-01-06,360750,0.004600798,-0.0228032117500099
2025-01-07,360750,0.0041036564,-0.0116093800347683
2025-01-08,360750,0.0041097384,-0.0095803436097318
2025-01-09,360750,0.0040537817,0.0052676257633385
2025-01-10,360750,0.0036622135,0.0031500531466412
2025-01-13,360750,0.0032620013,0.0197708565538537
2025-01-14,360750,0.003978972,0.0091195377694685
2025-01-15,360750,0.0043869657,0.0204714474141106
2025-01-16,360750,0.0039732773,0.0077101384259674
2025-01-17,360750,0.005035414,0.0097630110984972
2025-01-20,360750,0.004690266,0.0162205799391391
2025-01-21,360750,0.004592917,0.0043648721119748
2025-01-22,360750,0.0039135963,0.0043792289878803
2025-01-23,360750,0.00431671,-0.0063038662212139
2025-01-24,360750,0.004385789,0.0048228622512796
2025-01-31,360750,0.0041955276,-0.0065492347366755
2025-02-03,360750,0.003963585,0.0092763746422313
2025-02-04,360750,0.004095533,0.0043601349282295
2025-02-05,360750,0.0042182123,0.0145091831011461
2025-02-06,360750,0.004950919,-0.0016204832585164
2025-02-07,360750,0.0040671523,0.004985009169294
2025-02-10,360750,0.004394756,0.0077188338221756
2025-02-11,360750,0.0038095033,0.0061368285802488
2025-02-12,360750,0.003927623,0.0017989349624089
2025-02-13,360750,0.004371584,0.0034230767072633
2025-02-14,360750,0.0040043443,-0.0072549473732576
2025-02-17,360750,0.004073505,-0.022960608150553
2025-02-18,360750,0.0044874134,-0.0306882866420444
2025-02-19,360750,0.0044545177,-0.0295583413909201
2025-02-20,360750,0.0046217963,-0.0200095293269592
2025-02-21,360750,0.004611233,-0.0210909069159032
2025-02-24,360750,0.003577997,-0.0065701084777527
2025-02-25,360750,0.002714191,-0.0139474939630759
2025-02-26,360750,0.0028402,-0.0167532158805814
2025-02-27,360750,0.0037069062,-0.0375374044335975
2025-02-28,360750,0.0039613745,-0.0287340193158037
2025-03-04,360750,0.0039114268,-0.043865618819541
2025-03-05,360750,0.004711892,-0.0421957932893209
2025-03-06,360750,0.003120427,-0.0391801675641049
2025-03-07,360750,0.0034313581,-0.0286797131128689
2025-03-10,360750,0.0024287335,-0.0275777298864283
2025-03-11,360750,0.0045114285,0.0024743913253271
2025-03-12,360750,0.0031621286,0.0085927490785427
2025-03-13,360750,0.0038027016,0.0273813367979322
2025-03-14,360750,0.0033664152,0.0251025930422562
2025-03-17,360750,0.0036700983,0.0330710472176662
2025-03-18,360750,0.0036155737,0.0286485538191588
2025-03-19,360750,0.0032501747,0.0348048229877953
2025-03-20,360750,0.0035789069,0.0081720466461625
2025-03-21,360750,0.0038944462,0.0100616263498735
2025-03-24,360750,0.0041036564,-0.0269762089471224
2025-03-25,360750,0.0039172834,-0.0261802699970181
2025-03-26,360750,0.0038167972,-0.0240190465491326
2025-03-27,360750,0.004052043,-0.037563333369542
2025-03-28,360750,0.004002752,-0.0798928752223819
2025-03-31,360750,0.0040505673,-0.1324646955151077
2025-04-01,360750,0.0040505673,-0.0867872893614662
2025-04-02,360750,0.0040647737,-0.1255142371739095
2025-04-03,360750,0.00519739,-0.0200682427710499
2025-04-04,360750,0.0016864757,0.0028385216703857
2025-04-07,360750,-0.005799632,0.0778577662552625
2025-04-08,360750,0.003185974,0.0200177041869969
2025-04-09,360750,0.0054277936,0.0434518741255494
2025-04-10,360750,-0.0038288166,-0.0456748330031588
2025-04-11,360750,-0.0060026553,-0.0228296175336724
2025-04-14,360750,-0.0035613254,-0.0362604994699057
2025-04-15,360750,-0.0028005587,-0.0436877702789737
2025-04-16,360750,-0.005237729,0.0051682455130615
2025-04-17,360750,0.004344942,0.0192062935718512
2025-04-18,360750,0.012533095,0.0459193402232797
2025-04-21,360750,0.0033229976,0.064269176478769
2025-04-22,360750,0.018529916,0.075487529381433
2025-04-23,360750,0.015137608,0.0313367518617927
2025-04-24,360750,0.017151207,0.0280069223817489
2025-04-25,360750,0.016776673,-0.0054002754224241
2025-04-28,360750,0.015600793,-0.0025606897122492
2025-04-29,360750,0.0220407,-0.0017375310994416
2025-04-30,360750,0.014291518,0.0227612361865184
2025-05-02,360750,0.014722952,0.0411088974055971
2025-05-07,360750,0.005407709,0.0608217829993733
2025-05-08,360750,0.0056042443,0.0354643522243333
2025-05-09,360750,-0.005039456,0.0353752406363008
2025-05-12,360750,-0.0049074115,0.0222546709814745
2025-05-13,360750,-0.007514017,0.0026520003756493
2025-05-14,360750,-0.005487767,-0.01920592080712
2025-05-15,360750,-0.007458932,-0.0150596243933535
2025-05-16,360750,-0.0070704957,-0.0243372079683449
2025-05-19,360750,-0.0065080975,-0.0280105184384439
2025-05-20,360750,-0.0070610004,-0.0281526600267633
2025-05-21,360750,0.0009633945,-0.0064018481215869
2025-05-22,360750,-0.0011032727,0.0197504119106582
2025-05-23,360750,-0.0009188563,0.0157096256940136
2025-05-26,360750,0.0014668478,0.007265053900991
2025-05-27,360750,0.00084121316,0.0168575634950938
2025-05-28,360750,0.001276379,-0.004690861438496
2025-05-29,360750,0.00101916,-0.0133398125039002
2025-05-30,360750,0.0024892997,0.0068981192120026
2025-06-02,360750,0.0010233095,0.0258530289264663
2025-06-04,360750,0.00044193742,-0.0014395276864765
2025-06-05,360750,0.00085292006,0.0056860844505771
2025-06-09,360750,0.00052192865,0.0064193696593263
2025-06-10,360750,0.00042806382,-0.0004946821767957
2025-06-11,360750,0.00040875725,-0.0070789795173979
2025-06-12,360750,0.00040875725,0.0081136347741696
2025-06-13,360750,0.0011065413,0.0014909798497863
2025-06-16,360750,0.00068113866,0.0083971844370874
2025-06-17,360750,-0.0008103328,0.0104841853194911
2025-06-18,360750,0.0012516328,0.0111853599454624
2025-06-19,360750,0.0010469179,0.0072659753120096
2025-06-20,360750,0.0010469179,0.0236067203554163
2025-06-23,360750,0.00069168926,0.0164405976389132
2025-06-24,360750,9.532037e-05,0.0147754814397465
2025-06-25,360750,0.00044735844,0.0167867909233889
2025-06-26,360750,0.00067927677,0.0227782655735262
2025-06-27,360750,0.0011385867,0.0197864592781358
2025-06-30,360750,0.00043286954,0.020450414575254
2025-07-01,360750,0.000569852,0.0156533676543655
2025-07-02,360750,0.0020780775,0.0123484846421984
2025-07-03,360750,0.0011941661,0.0104643268424419
2025-07-04,360750,0.0013518321,0.0112541380744233
2025-07-07,360750,0.00055570743,0.005625561435791
2025-07-08,360750,0.0016246181,0.0172811834415459
2025-07-09,360750,0.0016260652,0.0097607753602301
2025-07-10,360750,0.0018721159,0.0195391011665958
2025-07-11,360750,0.0017032535,0.0207545839706446
2025-07-14,360750,-0.0012243887,0.0196981723866346
2025-07-15,360750,-0.0049189716,0.0080900571419853
2025-07-16,360750,-0.002003374,0.0111988478502459
2025-07-17,360750,-0.0049183243,-0.0027879763423658
2025-07-18,360750,-0.0040268092,-0.0006910691113759
2025-07-21,360750,-0.00067172135,0.0120829347743849
2025-07-22,360750,0.0006133347,0.0173526205024653
2025-07-23,360750,0.0021014712,0.0109371403359932
2025-07-24,360750,0.0017031338,0.0237717807792045
2025-07-25,360750,0.00205437,0.0073468968542227
2025-07-28,360750,-0.003317831,-0.0230043864234273
2025-07-29,360750,-0.003773591,-0.0107525457741346
2025-07-30,360750,-0.0030622524,-0.0043697316605035
2025-07-31,360750,-0.004905363,-0.0141859332220145
2025-08-01,360750,-0.004758352,-0.0038963171842998
2025-08-04,360750,-0.00240255,0.0243734369726789
2025-08-05,360750,-0.0056971866,0.0077899857804798
2025-08-06,360750,-0.0018063097,0.0130523251638077
2025-08-07,360750,-0.0021160585,0.0153212390817927
2025-08-08,360750,-0.0012413856,0.0125058681446618
2025-08-11,360750,-0.004380056,0.0080847058882788
2025-08-12,360750,0.00031517874,0.0078656433169376
2025-08-13,360750,0.0018159508,0.0051283327353155
2025-08-14,360750,-0.0028996274,-0.0061460210308186
2025-08-18,360750,-0.0029908181,0.0028986840351749
2025-08-19,360750,-0.003418194,0.0031615581187289
2025-08-20,360750,-0.002691767,0.0101381903339326
2025-08-21,360750,-0.002849755,0.0049670471487333
2025-08-22,360750,-0.0026642883,0.0189086015320487
2025-08-25,360750,-0.0027589276,0.0036115790238213
2025-08-26,360750,-0.0029858907,-0.0004510396540314
2025-08-27,360750,-0.003029356,-0.0092328442035588
2025-08-28,360750,-0.00054937677,0.0004503287475905
2025-08-29,360750,-0.0008058722,0.0042479997701693
2025-09-01,360750,-0.0035134344,0.0051688992985048
2025-09-02,360750,-0.0047104945,0.0069683560234139
2025-09-03,360750,-0.0041994546,0.0123660995308723
2025-09-04,360750,-0.003130982,0.0126609453254581
2025-09-05,360750,-0.0028104102,0.0085749720141456
2025-09-08,360750,-0.0028308984,0.0148183821758235
2025-09-09,360750,-0.0028308984,0.0112708621565594
2025-09-10,360750,-0.0028308984,0.0072581861554747
2025-09-11,360750,-0.0026858067,0.0106129942826887
2025-09-12,360750,-0.0027589276,0.0109555179831504
2025-09-15,360750,-0.000831111,0.0113318148633913
2025-09-16,360750,0.001667431,0.0211706094410416
2025-09-17,360750,0.0013811649,0.0220714955607286
2025-09-18,360750,-0.003792206,0.0115021713746663
2025-09-19,360750,-0.0028308984,0.0106203392132748
2025-09-22,360750,-0.0037016904,0.006963513362916
2025-09-23,360750,-0.004684588,0.0025988666249636
2025-09-24,360750,-0.0043430696,0.0017344553823512
2025-09-25,360750,-0.004740006,0.0114143657885855
2025-09-26,360750,-0.0031590206,0.0261098049615695
2025-09-29,360750,-0.0039606155,0.0151938705283432
2025-09-30,360750,-0.0038918871,0.0125950039033795
2025-10-01,360750,-0.0039060921,0.0160305987822082
2025-10-02,360750,-0.005086402,0.0078791141137791
2025-10-10,360750,-0.004869325,-0.0235154332897652
2025-10-13,360750,0.0026585206,0.0029857134570762
2025-10-14,360750,0.0027640655,0.0153872014133161
2025-10-15,360750,-0.006344141,0.0174549578794142
2025-10-16,360750,-0.0060108365,0.0187189882552848
2025-10-17,360750,-0.0040310915,0.0368810873738283
2025-10-20,360750,-0.004807928,0.033339213013713
2025-10-21,360750,0.003688477,0.0284886473428907
2025-10-22,360750,0.0036004575,0.0263385287016754
2025-10-23,360750,0.00403458,0.0173469926517738
2025-10-24,360750,0.0037623812,0.0078353737097626
2025-10-27,360750,0.0039801365,-0.0028876716571966
2025-10-28,360750,0.0039025855,-0.0120924436539098
2025-10-29,360750,0.0027941717,-0.0098009847318295
2025-10-30,360750,0.002687969,0.0009869233468227
2025-10-31,360750,0.0026945192,0.0030923396526694
2025-11-03,360750,-8.014381e-05,0.005725953318252
2025-11-04,360750,0.0025832746,0.0230299573940836
2025-11-05,360750,0.0049041742,0.026152990318322
2025-11-06,360750,0.0035429122,0.0257246302763652
2025-11-07,360750,0.0041511087,0.0002058163713606
2025-11-10,360750,0.003544502,0.0028712078789592
2025-11-11,360750,0.003563792,-0.0267611503136758
2025-11-12,360750,0.00422553,-0.0377588571384739
2025-11-13,360750,0.0032499724,-0.021213652768402
2025-11-14,360750,0.005886766,-0.014886348749194
2025-11-17,360750,0.0036370312,-0.0063275747318288
2025-11-18,360750,0.0043434007,0.014391704243322
2025-11-19,360750,0.0041724797,0.0264948853229171
2025-11-20,360750,0.0039941757,0.0117555096958056
2025-11-21,360750,0.0045859385,0.0392014315845322
2025-11-24,360750,0.0042562475,0.0213281608927181
2025-11-25,360750,0.0045604184,0.0131778862291836
2025-11-26,360750,0.0046352283,0.0102598145203268
2025-11-27,360750,0.0037734648,0.0114590241275145
2025-11-28,360750,0.0041426695,0.0048088575479289
2025-12-01,360750,0.002832292,0.0092373844522019
2025-12-02,360750,0.0038904015,0.0094505358227474
2025-12-03,360750,0.0046215374,0.0024082856626473
2025-12-04,360750,0.004765365,-0.0036044734447392
2025-12-05,360750,0.0044938223,0.0079240663897961
2025-12-08,360750,0.0040038046,-0.0026019268927388
2025-12-09,360750,0.0035700356,-0.0068276099600977
2025-12-10,360750,0.004798592,0.0002004289185552
2025-12-11,360750,0.004819658,-0.0102432641407102
2025-12-12,360750,0.0050659194,-0.0165564047391966
2025-12-15,360750,0.0041788323,0.0067509793619591
2025-12-16,360750,0.004374599,0.0183286221802667
2025-12-17,360750,0.0036339525,-0.0044187426280121
2025-12-18,360750,0.003349907,0.0042067855907429
2025-12-19,360750,0.0044161547,-0.008463473549213
2025-12-22,360750,0.0044574365,-0.0173889488851087
2024-07-30,402970,-0.0020351016,-0.037409644523267
2024-07-31,402970,0.0014467111,-0.0378293632854038
2024-08-01,402970,0.0013355769,-0.038272901523868
2024-08-02,402970,0.0013610972,-0.0166478652279113
2024-08-05,402970,0.009805184,0.0104675525208843
2024-08-06,402970,0.00094223197,-0.0007144133184713
2024-08-07,402970,0.0009316958,-0.0004452954608922
2024-08-08,402970,0.0012468449,0.0203770898106778
2024-08-09,402970,0.0013155744,-0.0034885316473918
2024-08-12,402970,0.0011729064,0.0
2024-08-13,402970,0.00065548194,0.0046345894008421
2024-08-14,402970,0.0014040859,0.0039118115316778
2024-08-16,402970,0.0018850734,-0.0052989614408627
2024-08-19,402970,0.002741101,0.0151181180867503
2024-08-20,402970,0.0020031775,0.012470864315583
2024-08-21,402970,0.0017876559,0.0162289679367084
2024-08-22,402970,0.00079951435,0.0123458358223
2024-08-23,402970,0.0013463622,0.0149413923913392
2024-08-26,402970,0.0015925928,0.019491068460967
2024-08-27,402970,0.002286749,0.0170810253083608
2024-08-28,402970,0.0007908079,0.0033190702144043
2024-08-29,402970,0.0028180273,-0.0016665939562088
2024-08-30,402970,0.0020896345,-0.0213374344501442
2024-09-02,402970,0.0019937658,-0.0252445696166745
2024-09-03,402970,0.0014978187,-0.0166416386850087
2024-09-04,402970,0.001254918,-0.012106472981209
2024-09-05,402970,0.001289274,-0.0053694948778613
2024-09-06,402970,0.001386235,0.0017807857969316
2024-09-09,402970,0.00071541953,0.0205595011823209
2024-09-10,402970,0.00082154194,0.0131793310628705
2024-09-11,402970,0.0008509321,0.0200967882043165
2024-09-12,402970,0.0008052458,0.0222570828444244
2024-09-13,402970,0.0013383805,0.0262514526002934
2024-09-19,402970,0.0021005168,-0.0030483845406568
2024-09-20,402970,0.0018919692,-0.0118623283702046
2024-09-23,402970,0.0018600338,-0.0179807584956961
2024-09-24,402970,0.0023570522,-0.0111975476660486
2024-09-25,402970,0.0020347817,0.0050996264197848
2024-09-26,402970,0.0024181376,0.0224263323227749
2024-09-27,402970,0.0017868974,0.028884747649986
2024-09-30,402970,0.001830537,0.0392918478706096
2024-10-02,402970,0.0014123796,0.0296706634253212
2024-10-04,402970,0.0014387771,0.029561313335348
2024-10-07,402970,0.00070352294,0.0303269913068007
2024-10-08,402970,0.00055374333,0.0244202097985333
2024-10-10,402970,0.0007569787,0.0300297817355179
2024-10-11,402970,0.00063460204,0.0331697075229886
2024-10-14,402970,0.00068824925,0.0265140454169188
2024-10-15,402970,0.00068824925,0.0041288250231179
2024-10-16,402970,0.00074831577,0.0048960721845521
2024-10-17,402970,0.0013213721,-0.0085830352776667
2024-10-18,402970,0.0012947038,-0.0008200754928999
2024-10-21,402970,0.0013194451,-0.0128801157130915
2024-10-22,402970,0.0017666752,-0.0008244023550183
2024-10-23,402970,0.0013013696,-0.0041476625200811
2024-10-24,402970,0.0012524513,-0.0063191363514789
2024-10-25,402970,0.0020002616,-0.0106397143746601
2024-10-28,402970,-0.003758345,-0.0144713104260123
2024-10-29,402970,-0.00064716965,-0.0100295092454256
2024-10-30,402970,-0.0010036059,0.0301316392931401
2024-10-31,402970,0.0011741241,0.0481981766434778
2024-11-01,402970,0.0011611587,0.0291723101356655
2024-11-04,402970,0.0005712237,0.0511131659093795
2024-11-05,402970,0.0011883291,0.0536023558755172
2024-11-06,402970,0.0029035865,0.0144140868415831
2024-11-07,402970,-0.0034605004,0.001270951001171
2024-11-08,402970,0.003098684,0.0024131285841342
2024-11-11,402970,-0.0036240334,-0.0147544974726088
2024-11-12,402970,-0.0033983437,-0.0205008575793996
2024-11-13,402970,-0.003274609,-0.0162709476665572
2024-11-14,402970,-0.002147703,-0.0143921889354601
2024-11-15,402970,-0.0038058162,0.0104696261024717
2024-11-18,402970,-0.0025629248,0.0338342311018156
2024-11-19,402970,-0.0036966405,0.0281305795719166
2024-11-20,402970,-0.004669871,0.0292253152395414
2024-11-21,402970,-0.004594355,0.0258371222595901
2024-11-22,402970,-0.0029910097,0.0141308844348415
2024-11-25,402970,-0.002346311,-0.0014848973069536
2024-11-26,402970,-0.0021888597,-0.0003918648900018
2024-11-27,402970,-0.0025762643,0.002273351819829
2024-11-28,402970,-0.0023343735,-0.0047988134415337
2024-11-29,402970,-0.0024848594,-0.0040845237840247
2024-12-02,402970,-0.0018887675,0.0014848973069536
2024-12-03,402970,-0.0017590958,-0.003376392041936
2024-12-04,402970,-0.001968489,-0.0051813587419964
2024-12-05,402970,-0.0017096329,-0.0050596993071572
2024-12-06,402970,0.00020869954,-0.007346875089313
2024-12-09,402970,0.004492216,-0.0147906087058835
2024-12-10,402970,0.004721129,-0.0159356446312983
2024-12-11,402970,0.00514441,-0.0175477923635956
2024-12-12,402970,0.0046511358,-0.0252019758675725
2024-12-13,402970,0.0042559616,-0.0314111352100905
2024-12-16,402970,0.0051185023,-0.0152540593041017
2024-12-17,402970,0.0052415915,-0.0053688177358921
2024-12-18,402970,0.0036202124,0.010597286537072
2024-12-19,402970,0.004583658,0.0254397220350348
2024-12-20,402970,0.0046439273,0.0330748313751758
2024-12-23,402970,0.00387822,0.0097702386869293
2024-12-24,402970,0.005438578,0.0038492429243515
2024-12-26,402970,0.0052041467,-0.001983419270557
2024-12-27,402970,0.0048347088,-0.0162968936722034
2024-12-30,402970,0.00371618,-0.0176486912617672
2025-01-02,402970,0.004395595,-0.0081620041814058
2025-01-03,402970,0.0047723465,-0.0023238120958559
2025-01-06,402970,0.0044521242,-0.017060203125375
2025-01-07,402970,0.0051290127,0.0071426008887183
2025-01-08,402970,0.0038047393,0.0109772345420378
2025-01-09,402970,0.004576536,0.0161788745183777
2025-01-10,402970,0.004541451,0.01528570483479
2025-01-13,402970,0.004157418,0.0237878394069177
2025-01-14,402970,0.0037245695,0.0085994637754733
2025-01-15,402970,0.004367136,0.0067506113483375
2025-01-16,402970,0.0047264537,-0.0075388207700637
2025-01-17,402970,0.004315256,-0.0058637252004807
2025-01-20,402970,0.0051690186,0.0030717150919663
2025-01-21,402970,0.0046993177,-0.0015869240813461
2025-01-22,402970,0.0041667977,0.0
2025-01-23,402970,0.0057828757,-0.0055114161636034
2025-01-24,402970,0.004538176,0.0026984143357733
2025-01-31,402970,0.005143982,-0.015214239584397
2025-02-03,402970,0.0044742697,-0.009334305278152
2025-02-04,402970,0.004372352,-0.0106629481682531
2025-02-05,402970,0.0054694205,0.0105171872138676
2025-02-06,402970,0.005422966,-0.009716546658689
2025-02-07,402970,0.004814375,0.0007981483383243
2025-02-10,402970,0.005382643,0.0011215253919285
2025-02-11,402970,0.005287038,0.0007197409243495
2025-02-12,402970,0.0051879436,-0.0050057710502642
2025-02-13,402970,0.005251353,0.0086063165684393
2025-02-14,402970,0.0050415383,0.0084214369162278
2025-02-17,402970,0.0047193365,0.0097997039675696
2025-02-18,402970,0.0050421404,0.0085967257129997
2025-02-19,402970,0.005034497,0.0117201214854425
2025-02-20,402970,0.0049197637,0.0067217840371363
2025-02-21,402970,0.0046148994,0.012109922309234
2025-02-24,402970,0.0041127633,0.0233516330875271
2025-02-25,402970,0.002791769,0.0071079117767922
2025-02-26,402970,0.002826854,-0.0056053515889455
2025-02-27,402970,0.0036894847,-0.0011829187925638
2025-02-28,402970,0.0048381356,0.0019521343020514
2025-03-04,402970,0.004585895,-0.0037246880960033
2025-03-05,402970,0.004152559,-0.0101242658656612
2025-03-06,402970,0.0047658645,-0.0162825849679801
2025-03-07,402970,0.0038793706,-0.0200046519628163
2025-03-10,402970,0.0032895294,-0.033393276050269
2025-03-11,402970,0.0041509084,-0.0182008633047416
2025-03-12,402970,0.00485001,0.0038086215998074
2025-03-13,402970,0.0042623263,0.0242469845959885
2025-03-14,402970,0.0038694213,0.0234705869014977
2025-03-17,402970,0.0037454402,0.031206629337527
2025-03-18,402970,0.0046529793,0.0152422812649959
2025-03-19,402970,0.0046353717,0.0067877135114429
2025-03-20,402970,0.0042000627,0.0072778816369876
2025-03-21,402970,0.0042212256,0.0065054898869618
2025-03-24,402970,0.004187923,-0.0050160776073457
2025-03-25,402970,0.005019715,0.0042016868536993
2025-03-26,402970,0.0046145003,0.0103295385938615
2025-03-27,402970,0.0043818513,-0.0118437401555073
2025-03-28,402970,0.00409046,-0.0596339018041156
2025-03-31,402970,0.0041900114,-0.1156540079744488
2025-04-01,402970,0.005061749,-0.0930222486075464
2025-04-02,402970,0.00409046,-0.1343658618114958
2025-04-03,402970,0.0052148313,-0.0668029313839575
2025-04-04,402970,2.9362685e-05,-0.0367393428534725
2025-04-07,402970,-0.00593304,0.0055416423649887
2025-04-08,402970,-0.014357684,-0.023451372170113
2025-04-09,402970,-0.005942726,0.0129171043105333
2025-04-10,402970,0.015140129,-0.0476815423087746
2025-04-11,402970,0.0072367997,-0.015169536326308
2025-04-14,402970,-0.0078056445,-0.0081029155691059
2025-04-15,402970,0.0054995934,-0.0215156875700461
2025-04-16,402970,-0.00022201297,0.0097971392449824
2025-04-17,402970,0.0010747198,0.0140562799242793
2025-04-18,402970,0.0009981025,0.015169536326308
2025-04-21,402970,0.002921404,0.0262702195245552
2025-04-22,402970,0.012250917,0.0388984057034758
2025-04-23,402970,0.014472491,0.0059017702981218
2025-04-24,402970,0.016353447,0.0004360908882503
2025-04-25,402970,0.017064061,-0.0288888615264486
2025-04-28,402970,0.014631372,-0.0245031224045355
2025-04-29,402970,0.014373,-0.027553783457451
2025-04-30,402970,0.014831952,-0.0114883770067617
2025-05-02,402970,0.016845373,0.0223333274578045
2025-05-07,402970,-0.004465201,0.0389890929004597
2025-05-08,402970,-0.0054650074,0.0058971257462836
2025-05-09,402970,-0.005661194,0.0173856648298897
2025-05-12,402970,-0.0052906773,0.0144262517544326
2025-05-13,402970,-0.0062465956,-0.0113199047714331
2025-05-14,402970,-0.0047507053,-0.0202166118006719
2025-05-15,402970,-0.0062086843,-0.0067802839773154
2025-05-16,402970,-0.006426583,-0.0287302870759145
2025-05-19,402970,-0.005859451,-0.0338717999537987
2025-05-20,402970,-0.0066970442,-0.0302947348968061
2025-05-21,402970,0.0018392846,-0.0135616059835808
2025-05-22,402970,-0.00091174804,0.0067802839773154
2025-05-23,402970,9.9551835e-05,0.0109038800290086
2025-05-26,402970,0.00068824925,0.005340942017824
2025-05-27,402970,0.0012796215,0.009114704047052
2025-05-28,402970,0.0013004921,-0.0108942222673391
2025-05-29,402970,0.0012421078,-0.0107641766352521
2025-05-30,402970,0.0012524513,0.0063280225226804
2025-06-02,402970,0.0011988041,0.0281856732587471
2025-06-04,402970,0.0006968571,0.0076346296857963
2025-06-05,402970,0.0007505043,0.0291376471027824
2025-06-09,402970,0.0016014132,0.0234954263758737
2025-06-10,402970,0.00082576636,0.0055914875716549
2025-06-11,402970,0.0012517632,-0.0068419268331112
2025-06-12,402970,0.000978574,0.0055793013703357
2025-06-13,402970,0.0017040472,-0.0123587299736733
2025-06-16,402970,0.0007528126,0.0034599117639722
2025-06-17,402970,-0.0012237019,0.0008708526196965
2025-06-18,402970,0.0013004921,-0.0041800983970112
2025-06-19,402970,0.0012173665,-0.0158601352994054
2025-06-20,402970,0.0013894811,-0.0021039720218638
2025-06-23,402970,0.0016901132,-0.0178599511413555
2025-06-24,402970,0.001198116,-0.008567234846776
2025-06-25,402970,0.0013560784,0.0152423493099451
2025-06-26,402970,0.0020371599,0.0376160129422036
2025-06-27,402970,0.0021281957,0.0304232261441015
2025-06-30,402970,0.0008118698,0.0370172974765914
2025-07-01,402970,0.0014390656,0.0305215409238517
2025-07-02,402970,0.0015384491,0.0190692762284019
2025-07-03,402970,0.0019633407,0.0061903950069286
2025-07-04,402970,0.0014234298,0.0169660115121157
2025-07-07,402970,0.0011707207,0.0083513075532586
2025-07-08,402970,0.0012435409,0.014456860823552
2025-07-09,402970,0.0019474064,-0.0061746865669363
2025-07-10,402970,0.0020912334,0.0042179917438023
2025-07-11,402970,0.0018111626,0.0029250783465162
2025-07-14,402970,-0.0006670862,0.0004199386951242
2025-07-15,402970,-0.004339275,-0.0050488158408494
2025-07-16,402970,-0.0016593181,0.0119761910467168
2025-07-17,402970,-0.0044180662,-0.0033729688779029
2025-07-18,402970,-0.003593243,-0.0046004012379423
2025-07-21,402970,-0.0003893365,0.0077788857814624
2025-07-22,402970,0.00090509147,0.0111573658593169
2025-07-23,402970,0.0030645267,0.0004190939250801
2025-07-24,402970,0.0021873286,-0.0040626378349628
2025-07-25,402970,0.002449705,-0.0148651385908618
2025-07-28,402970,-0.0025899517,-0.031915351093902
2025-07-29,402970,-0.003531563,-0.021417344783476
2025-07-30,402970,-0.003003335,-0.0116319585278805
2025-07-31,402970,-0.0040198644,-0.0086882999689024
2025-08-01,402970,-0.004140265,0.0020401231149449
2025-08-04,402970,-0.0019417751,0.0165504545566843
2025-08-05,402970,-0.0042165327,0.0049311441530495
2025-08-06,402970,-0.001584056,0.0033855301063088
2025-08-07,402970,-0.0009810244,0.0249241981492289
2025-08-08,402970,-6.59744e-05,0.0150023884155405
2025-08-11,402970,-0.0036427726,0.0117757269565661
2025-08-12,402970,0.00017870836,0.024711229344831
2025-08-13,402970,0.0019538791,0.0265970907472166
2025-08-14,402970,-0.0021228008,0.0124390027452427
2025-08-18,402970,-0.002660772,0.0239700706811039
2025-08-19,402970,-0.0029063306,0.0267320595702873
2025-08-20,402970,-0.00270134,0.0145388408405224
2025-08-21,402970,-0.0043349685,0.0093359125388428
2025-08-22,402970,-0.0021634416,0.0077987506871277
2025-08-25,402970,-0.002714215,0.0019582251688401
2025-08-26,402970,-0.0028724489,0.0004069838483591
2025-08-27,402970,-0.003003335,-0.0031853663557246
2025-08-28,402970,-0.00019734548,-0.0072810891470318
2025-08-29,402970,-0.00057153753,-0.0012273454062903
2025-09-01,402970,-0.0029785938,-0.0081025118973432
2025-09-02,402970,-0.0041757277,-0.0165754184659494
2025-09-03,402970,-0.0036678093,-0.0138387710999712
2025-09-04,402970,-0.0028921256,-0.0056815995399723
2025-09-05,402970,-0.003003335,-0.0031981658322894
2025-09-08,402970,-0.0027719808,-0.0060169149174846
2025-09-09,402970,-0.002660772,-0.0118186977024787
2025-09-10,402970,-0.0027719808,-0.0080783283375236
2025-09-11,402970,-0.0024620332,-0.0023975870275751
2025-09-12,402970,-0.00270001,-0.0073369110292862
2025-09-15,402970,-0.000529058,-0.0062196991150607
2025-09-16,402970,0.002874851,0.0049275583063188
2025-09-17,402970,0.0015576133,0.0125474245783312
2025-09-18,402970,-0.002815986,0.0040477524185327
2025-09-19,402970,-0.0027416148,0.0069261490600691
2025-09-22,402970,-0.0031431657,0.0131401419596333
2025-09-23,402970,-0.0045003197,0.0105251044127516
2025-09-24,402970,-0.003363728,0.0037090502030849
2025-09-25,402970,-0.0041151936,0.0113940328530866
2025-09-26,402970,-0.0029888935,0.0036907977102664
2025-09-29,402970,-0.0037642403,-0.0065071684658342
2025-09-30,402970,-0.0038329693,-0.0023936291400428
2025-10-01,402970,-0.0038329693,0.0021367529497346
2025-10-02,402970,-0.0050450726,-0.0133745583395494
2025-10-10,402970,-0.004125401,-0.0171748916611225
2025-10-13,402970,0.003445936,0.0024760659728659
2025-10-14,402970,0.0027964893,0.0130538366921495
2025-10-15,402970,-0.0047834297,0.0116712200166002
2025-10-16,402970,-0.004699423,0.0222195058476728
2025-10-17,402970,-0.004746696,0.0344621784822205
2025-10-20,402970,-0.0041481783,0.0221742190444107
2025-10-21,402970,0.0039029012,0.0128051024346351
2025-10-22,402970,0.004308924,0.0003245172833938
2025-10-23,402970,0.0037103645,-0.0131741354008383
2025-10-24,402970,0.004374112,-0.0270771720936231
2025-10-27,402970,0.005393119,-0.0192932029346799
2025-10-28,402970,0.004729503,-0.0262722135055231
2025-10-29,402970,0.0029443223,-0.0070821249244392
2025-10-30,402970,0.003022119,0.0031874490637449
2025-10-31,402970,0.0029235757,0.0189982785806375
2025-11-03,402970,0.002845779,0.017275527418656
2025-11-04,402970,0.002845779,0.0314127870746734
2025-11-05,402970,0.0038052662,0.0332614209037114
2025-11-06,402970,0.0037848821,0.0383415646147575
2025-11-07,402970,0.0037601683,0.0242810117740219
2025-11-10,402970,0.0041974434,0.0229215801364688
2025-11-11,402970,0.004604538,0.0071049674208421
2025-11-12,402970,0.0045650955,0.0011846003359607
2025-11-13,402970,0.0037431316,-0.0065393181623001
2025-11-14,402970,0.0042694123,-0.0067522201172867
2025-11-17,402970,0.0038422272,0.0054332981411953
2025-11-18,402970,0.003949274,0.0059483857037285
2025-11-19,402970,0.0037582137,0.0069999106065576
2025-11-20,402970,0.0037253462,0.0119432550315092
2025-11-21,402970,0.0037582137,0.0245642960449448
2025-11-24,402970,0.0037701814,0.0116330312145542
2025-11-25,402970,0.003835049,0.017014013460157
2025-11-26,402970,0.003834172,0.0057830733227177
2025-11-27,402970,0.003819967,0.0169607163506277
2025-11-28,402970,0.0043724654,0.0119058228916095
2025-12-01,402970,0.004185336,0.0042601048124062
2025-12-02,402970,0.004060513,0.0054272113365279
2025-12-03,402970,0.0044065784,0.0031121164151741
2025-12-04,402970,0.0053460184,0.000383891900757
2025-12-05,402970,0.0045444677,0.0083419915124736
2025-12-08,402970,0.003807097,0.017089193230392
2025-12-09,402970,0.0037694653,0.0167156169267208
2025-12-10,402970,0.004594975,0.0167928765204639
2025-12-11,402970,0.004586008,0.0064274458018367
2025-12-12,402970,0.0045646094,-0.0060390811525685
2025-12-15,402970,0.004035772,-0.0053329396542238
2025-12-16,402970,0.004021567,0.0015196416570812
2025-12-17,402970,0.0037782164,-0.0144651287282524
2025-12-18,402970,0.0038231127,-0.019874325389269
2025-12-19,402970,0.004586008,-0.0216245589704566
2025-12-22,402970,0.0050115436,-0.0218549955035491
2024-07-30,423160,-0.002543651,0.0006429652263868
2024-07-31,423160,0.0012874245,0.0006523619989433
2024-08-01,423160,0.0008925593,0.0006995519371706
2024-08-02,423160,0.0007079322,0.0007088076734564
2024-08-05,423160,0.008397465,0.0006142129054964
2024-08-06,423160,0.0005031894,0.0007086737232189
2024-08-07,423160,0.00074934424,0.0008030497424851
2024-08-08,423160,0.0007734757,0.0009917684042122
2024-08-09,423160,0.0007050304,0.0008027084757902
2024-08-12,423160,0.0008094906,0.0007931936847054
2024-08-13,423160,0.00019679355,0.0007836806005823
2024-08-14,423160,0.0012680115,0.0006891636375492
2024-08-16,423160,0.0015139041,0.0006323290209042
2024-08-19,423160,0.0018619322,0.0006322693489231
2024-08-20,423160,0.0018228433,0.0006416486816309
2024-08-21,423160,0.0013998772,0.0006510263329477
2024-08-22,423160,0.00021981935,0.000650964913337
2024-08-23,423160,0.0012381598,0.0006602154428421
2024-08-26,423160,0.0015301096,0.0007449984077201
2024-08-27,423160,0.0019382902,0.0006977972522115
2024-08-28,423160,0.0005077676,0.0006883058989899
2024-08-29,423160,0.0017511987,0.0006882410057897
2024-08-30,423160,0.0017838749,0.000688046399583
2024-09-02,423160,0.0015222717,0.0006502410361566
2024-09-03,423160,0.0003488647,0.0006502103989465
2024-09-04,423160,0.0009440095,0.0006595746924755
2024-09-05,423160,0.0008356035,0.0010267666703658
2024-09-06,423160,0.0011202134,0.0008664532468998
2024-09-09,423160,0.00048136,0.0009604520512329
2024-09-10,423160,0.00021099846,0.0010545147385236
2024-09-11,423160,0.0004013402,0.0011955474347704
2024-09-12,423160,0.00038624642,0.0008281807789582
2024-09-13,423160,0.00077339355,0.0007998607727746
2024-09-19,423160,0.0016130266,0.0006586004039128
2024-09-20,423160,0.0017828629,0.0007995598143928
2024-09-23,423160,0.0014878416,0.0007993718303858
2024-09-24,423160,0.0021004798,0.0009308842661681
2024-09-25,423160,0.0015225557,0.0010529582516021
2024-09-26,423160,0.001979116,0.0010998360755021
2024-09-27,423160,0.0015403687,0.0009586286706202
2024-09-30,423160,0.0013054794,0.0008644829615072
2024-10-02,423160,0.0008310297,0.0009206287228789
2024-10-04,423160,0.0011093039,0.0008453244670629
2024-10-07,423160,0.00019302072,0.0007513289483593
2024-10-08,423160,0.00017562982,0.0006573510867013
2024-10-10,423160,0.00019302072,0.0006103257920635
2024-10-11,423160,0.00038915913,0.0005913855020072
2024-10-14,423160,0.00029233613,0.000591302243059
2024-10-15,423160,0.00017562982,0.0005912744952851
2024-10-16,423160,0.00017562982,0.0006381561259019
2024-10-17,423160,0.0007256262,0.0005911912675884
2024-10-18,423160,0.0008705048,0.0006097932989739
2024-10-21,423160,0.00083804963,0.0006565926828834
2024-10-22,423160,0.00075722183,0.0005627937228211
2024-10-23,423160,0.00085719046,0.0005533645171933
2024-10-24,423160,0.00073983107,0.000647094428027
2024-10-25,423160,0.0007047463,0.0006375398678351
2024-10-28,423160,-0.004953479,0.0005437075362433
2024-10-29,423160,-0.0010499348,0.0006749346413297
2024-10-30,423160,-0.0017623646,0.0006842477993771
2024-10-31,423160,0.0008546716,0.000637306837941
2024-11-01,423160,0.0007376534,0.0006465002544135
2024-11-04,423160,0.00031254988,0.0006464396858003
2024-11-05,423160,0.0007795564,0.0006557500141308
2024-11-06,423160,0.0016970866,0.0006556885901556
2024-11-07,423160,-0.0035177693,0.0006556271776894
2024-11-08,423160,0.0020039561,0.0006554430092897
2024-11-11,423160,-0.0030861984,0.0007021781854934
2024-11-12,423160,-0.002986071,0.000608525934961
2024-11-13,423160,-0.0028365427,0.0005523181118203
2024-11-14,423160,-0.0030105724,0.0005896971654806
2024-11-15,423160,-0.0039845617,0.0005801766894286
2024-11-18,423160,-0.0035547712,0.0005800952641639
2024-11-19,423160,-0.003836793,0.0005800952641639
2024-11-20,423160,-0.004745749,0.0006829546942608
2024-11-21,423160,-0.0047313203,0.0006454600529988
2024-11-22,423160,-0.0035363506,0.0006078885413156
2024-11-25,423160,-0.002986071,0.0006545420776955
2024-11-26,423160,-0.0023748649,0.0006078032774734
2024-11-27,423160,-0.0027819066,0.0005983713259496
2024-11-28,423160,-0.0025505524,0.0005983153861404
2024-11-29,423160,-0.0030903798,0.0006448929841376
2024-12-02,423160,-0.0028031091,0.0004952970247931
2024-12-03,423160,-0.00295149,0.0006354605901197
2024-12-04,423160,-0.0026712115,0.0005980134918122
2024-12-05,423160,-0.0031387974,0.0005979576188845
2024-12-06,423160,-0.0010019421,0.0005977900627307
2024-12-09,423160,0.0033980624,0.0007004730814426
2024-12-10,423160,0.0033140397,0.000607048316338
2024-12-11,423160,0.004403512,0.0005509770643428
2024-12-12,423160,0.0034436933,0.0005976002792351
2024-12-13,423160,0.0033311597,0.0005881007782129
2024-12-16,423160,0.003754187,0.0005413629410622
2024-12-17,423160,0.0037255439,0.0007279718839043
2024-12-18,423160,0.0026999686,0.0007839185126243
2024-12-19,423160,0.0030510798,0.0008677518774291
2024-12-20,423160,0.0041243993,0.0009234601492966
2024-12-23,423160,0.0027436214,0.0009233740180683
2024-12-24,423160,0.00382735,0.0009604849788402
2024-12-26,423160,0.0037928144,0.0009603954210302
2024-12-27,423160,0.0032891026,0.0007831292003981
2024-12-30,423160,0.0031003696,0.0005033463315395
2025-01-02,423160,0.0026751058,0.0005032994178488
2025-01-03,423160,0.0045255832,0.000540449891087
2025-01-06,423160,0.0026104604,0.0005869720331954
2025-01-07,423160,0.004409155,0.0005869446903279
2025-01-08,423160,0.0032499726,0.000540349190512
2025-01-09,423160,0.0026704618,0.0005868626770073
2025-01-10,423160,0.0025637527,0.0006518783639624
2025-01-13,423160,0.003047894,0.0005587008488596
2025-01-14,423160,0.0027455348,0.0005586748378494
2025-01-15,423160,0.0038116637,0.0006052169887578
2025-01-16,423160,0.0032577077,0.0005958255152354
2025-01-17,423160,0.00375178,0.0009212173747279
2025-01-20,423160,0.0037094392,0.0012838285898766
2025-01-21,423160,0.003097958,0.0012372842726975
2025-01-22,423160,0.0028626127,0.0012372267237736
2025-01-23,423160,0.003919194,0.0011069202240872
2025-01-24,423160,0.00390816,0.0005486050228018
2025-01-31,423160,0.003717898,0.0003996969792439
2025-02-03,423160,0.0031751797,0.0004926268729974
2025-02-04,423160,0.0028170801,0.0004926039796053
2025-02-05,423160,0.0038725568,0.0005855209212182
2025-02-06,423160,0.003962684,0.0005854665080597
2025-02-07,423160,0.002964698,0.0006038899988869
2025-02-10,423160,0.0050854804,0.000603833899003
2025-02-11,423160,0.0037429347,0.0006038058529664
2025-02-12,423160,0.0037429347,0.0005944640710069
2025-02-13,423160,0.00390816,0.0005479833884542
2025-02-14,423160,0.0040346547,0.000547830743292
2025-02-17,423160,0.0035958767,0.0005384979750768
2025-02-18,423160,0.00390816,0.0005384729779542
2025-02-19,423160,0.0034543276,0.0005477086883765
2025-02-20,423160,0.0036406915,0.0005940833190916
2025-02-21,423160,0.003154894,0.000677409352809
2025-02-24,423160,0.003435389,0.0006402494407744
2025-02-25,423160,0.002322593,0.0006773213591966
2025-02-26,423160,0.0023718828,0.00063088558014
2025-02-27,423160,0.0030652848,0.0008162887146827
2025-02-28,423160,0.0025972482,0.0005471601136246
2025-03-04,423160,0.0036526008,0.0005471347432575
2025-03-05,423160,0.0028726268,0.000510007753899
2025-03-06,423160,0.0028661615,0.000509984108822
2025-03-07,423160,0.0030075891,0.0005005747444055
2025-03-10,423160,0.0027031098,0.0005005283459151
2025-03-11,423160,0.002570604,0.0004541726026623
2025-03-12,423160,0.0029738802,0.0005004819560241
2025-03-13,423160,0.0030158556,0.0005467848723164
2025-03-14,423160,0.0035594127,0.0005095871990796
2025-03-17,423160,0.0026810311,0.0005095399890677
2025-03-18,423160,0.003140095,0.0005558489345744
2025-03-19,423160,0.0033010354,0.0005557974446723
2025-03-20,423160,0.0030582382,0.0005557459643057
2025-03-21,423160,0.0031330483,0.0005463595459449
2025-03-24,423160,0.0028560264,0.0005463089559238
2025-03-25,423160,0.003083989,0.0005462836644269
2025-03-26,423160,0.0031251109,0.0005462330884569
2025-03-27,423160,0.0030422176,0.0005369276757818
2025-03-28,423160,0.00310106,0.0005368084093131
2025-03-31,423160,0.003047894,0.0005830175486849
2025-04-01,423160,0.0023769774,0.0005829905729903
2025-04-02,423160,0.0030652848,0.0004904296910037
2025-04-03,423160,0.0036055634,0.0005458894200636
2025-04-04,423160,0.00079388643,0.0005087764037501
2025-04-07,423160,-0.0015794169,0.0004624705257469
2025-04-08,423160,-0.00097044534,0.0005086822926401
2025-04-09,423160,0.0036004393,0.000601142188227
2025-04-10,423160,0.011427817,0.0004623849899747
2025-04-11,423160,0.0033300195,0.0005824623528809
2025-04-14,423160,-0.0053717615,0.000536197999331
2025-04-15,423160,0.002742174,0.0005361484335164
2025-04-16,423160,-0.0050089573,0.000489894774855
2025-04-17,423160,-0.005068402,0.000582300844151
2025-04-18,423160,-0.005280458,0.0005544108141233
2025-04-21,423160,-0.0053545726,0.0005913332889662
2025-04-22,423160,0.0027249367,0.0004989144095723
2025-04-23,423160,0.0018702935,0.0006281929497937
2025-04-24,423160,0.003182768,0.000951285923902
2025-04-25,423160,0.0029760986,0.0007664286188404
2025-04-28,423160,0.0031068118,0.0007294451462165
2025-04-29,423160,0.0033767945,0.0009048019747375
2025-04-30,423160,0.0021631115,0.0008215979155998
2025-05-02,423160,0.0019848235,0.000452236037999
2025-05-07,423160,-0.0047387015,0.0004983250843686
2025-05-08,423160,-0.0053142775,0.0004983020921063
2025-05-09,423160,-0.0049347375,0.0005996725045349
2025-05-12,423160,-0.004899936,0.0005535055491865
2025-05-13,423160,-0.0048064664,0.0005534800196631
2025-05-14,423160,-0.005282389,0.0005072981869123
2025-05-15,423160,-0.0051324633,0.0005533779251205
2025-05-16,423160,-0.0047096983,0.0005071344706557
2025-05-19,423160,-0.0038832286,0.0005439818683932
2025-05-20,423160,-0.004803168,0.0005439567918976
2025-05-21,423160,0.00081711577,0.0005439066458432
2025-05-22,423160,-0.0014401388,0.0005346410657924
2025-05-23,423160,-0.0009851743,0.0005253044813144
2025-05-26,423160,0.00022327578,0.0005805354911689
2025-05-27,423160,0.00093116745,0.000626566436539
2025-05-28,423160,0.0010043876,0.0008107013009883
2025-05-29,423160,0.0008164368,0.0008198420651286
2025-05-30,423160,0.0008922753,0.0006447334711054
2025-06-02,423160,0.0010059774,0.0005065413008527
2025-06-04,423160,0.0002873689,0.0004972879491731
2025-06-05,423160,0.00031600904,0.0004971506008359
2025-06-09,423160,0.0003582272,0.0004510869891856
2025-06-10,423160,0.0005415268,0.0004510662269314
2025-06-11,423160,0.0004242437,0.0005430955659484
2025-06-12,423160,0.00038771617,0.0004970407767803
2025-06-13,423160,0.0003994115,0.0004509043469038
2025-06-16,423160,0.0005952397,0.0004968807036469
2025-06-17,423160,-0.00096097373,0.0005428507155862
2025-06-18,423160,0.00095896376,0.0004968121324342
2025-06-19,423160,0.00090093777,0.0005427807988862
2025-06-20,423160,0.00077713345,0.0005334608860554
2025-06-23,423160,0.00022327578,0.0004874392521898
2025-06-24,423160,0.00028338574,0.0004414239672918
2025-06-25,423160,0.0004156253,0.000487372017023
2025-06-26,423160,0.001685582,0.0004505602194768
2025-06-27,423160,0.0012181695,0.000450460810633
2025-06-30,423160,0.00039145086,0.0004504401059772
2025-07-01,423160,0.00047939236,0.0004963691617678
2025-07-02,423160,0.00054828316,0.0004503780034301
2025-07-03,423160,0.0011945555,0.0004963007316618
2025-07-04,423160,0.0012429107,0.0005053776886825
2025-07-07,423160,0.00093116745,0.0005053544709667
2025-07-08,423160,0.0010034244,0.0005053080419337
2025-07-09,423160,0.0017112376,0.0005052848306164
2025-07-10,423160,0.0018314511,0.0005052384143784
2025-07-11,423160,0.0016862013,0.0005051224110825
2025-07-14,423160,-0.001399965,0.0005050992168147
2025-07-15,423160,-0.0049877637,0.0004591494795853
2025-07-16,423160,-0.0024957212,0.0005050296467921
2025-07-17,423160,-0.004936819,0.0005049832774215
2025-07-18,423160,-0.0044419616,0.0005048673912426
2025-07-21,423160,-0.0013174369,0.0004956675090479
2025-07-22,423160,0.00027638805,0.0004497620467489
2025-07-23,423160,0.0021787735,0.0004864237397264
2025-07-24,423160,0.0020263288,0.0004405043846347
2025-07-25,423160,0.0021513915,0.0004404033431733
2025-07-28,423160,-0.0033569124,0.0004495598517841
2025-07-29,423160,-0.0042103147,0.0005412819339394
2025-07-30,423160,-0.0035882662,0.000458673524232
2025-07-31,423160,-0.0050994214,0.0005045061679691
2025-08-01,423160,-0.0052436646,0.0004952220346616
2025-08-04,423160,-0.0025047588,0.0005410387158057
2025-08-05,423160,-0.0049630227,0.0004951539204576
2025-08-06,423160,-0.0024740675,0.0004951312198873
2025-08-07,423160,-0.0023479473,0.000724209245611
2025-08-08,423160,-0.001332494,0.0005957755110852
2025-08-11,423160,-0.0042277053,0.0005499088206466
2025-08-12,423160,-0.00054560916,0.0005498836218258
2025-08-13,423160,0.0015982488,0.0005498584253125
2025-08-14,423160,-0.0033395216,0.000448929676752
2025-08-18,423160,-0.0033395216,0.0004030928267404
2025-08-19,423160,-0.0035882662,0.0004030743635166
2025-08-20,423160,-0.004039698,0.0004030559019803
2025-08-21,423160,-0.0051037357,0.0004488268748605
2025-08-22,423160,-0.0031393075,0.0004029488584222
2025-08-25,423160,-0.0032817558,0.0004487076836348
2025-08-26,423160,-0.003415248,0.0004944602243401
2025-08-27,423160,-0.0035882662,0.0004944375873296
2025-08-28,423160,-0.0011213073,0.0004852391271175
2025-08-29,423160,-0.0013430304,0.0004943063335236
2025-09-01,423160,-0.0036033446,0.0004942610897487
2025-09-02,423160,-0.0051943753,0.0004942158542533
2025-09-03,423160,-0.004235351,0.0004941932396107
2025-09-04,423160,-0.003577922,0.0005033012089388
2025-09-05,423160,-0.0035370965,0.0005489428413891
2025-09-08,423160,-0.0033395216,0.0005031630766172
2025-09-09,423160,-0.0033147803,0.000503117049357
2025-09-10,423160,-0.0033395216,0.0005030940388852
2025-09-11,423160,-0.003169689,0.0005030480242549
2025-09-12,423160,-0.0032428096,0.0004572222911498
2025-09-15,423160,-0.0013430304,0.0005029100308533
2025-09-16,423160,0.0017109426,0.0004571595840836
2025-09-17,423160,0.0012571691,0.0005028410625378
2025-09-18,423160,-0.003808343,0.0005027950941709
2025-09-19,423160,-0.0033057427,0.0005392535582036
2025-09-22,423160,-0.0041855737,0.0004935202717639
2025-09-23,423160,-0.0051118466,0.0004478137169794
2025-09-24,423160,-0.004375769,0.0004934526248554
2025-09-25,423160,-0.0051798993,0.0010778717645525
2025-09-26,423160,-0.0036676435,0.0010867630602149
2025-09-29,423160,-0.0043841223,0.0010410769693383
2025-09-30,423160,-0.0044748266,0.0011323478247931
2025-10-01,423160,-0.0045369114,0.0009953020741377
2025-10-02,423160,-0.0052896435,0.0004107469719514
2025-10-10,423160,-0.0054072565,0.0003650334502438
2025-10-13,423160,-0.00042671466,0.0004562709963824
2025-10-14,423160,0.0023615393,0.0004106157925765
2025-10-15,423160,-0.0049350206,0.0004562293635341
2025-10-16,423160,-0.00469283,0.0004561877382869
2025-10-17,423160,-0.0043238644,0.0004469844587688
2025-10-20,423160,-0.0048893997,0.0004925389570171
2025-10-21,423160,0.0031620525,0.0004925164955782
2025-10-22,423160,0.003185716,0.000538083069296
2025-10-23,423160,0.0025902502,0.0004924491235431
2025-10-24,423160,0.0037866274,0.0005379407938974
2025-10-27,423160,0.003948447,0.0004922964818181
2025-10-28,423160,0.0033173754,0.0004922740424859
2025-10-29,423160,0.0023306587,0.0004922291699571
2025-10-30,423160,0.0020683263,0.0004922067367623
2025-10-31,423160,0.002126011,0.0005012097485419
2025-11-03,423160,-0.00042671466,0.0004556140845348
2025-11-04,423160,0.00219635,0.0005011412457562
2025-11-05,423160,0.0031251109,0.0004555518177866
2025-11-06,423160,0.0026915674,0.0005010727616916
2025-11-07,423160,0.0026983889,0.0005009586631725
2025-11-10,423160,0.0030674152,0.0005009358497023
2025-11-11,423160,0.0027125939,0.0004098379376031
2025-11-12,423160,0.0027465073,0.0004553443848198
2025-11-13,423160,0.0030582382,0.0004553029208942
2025-11-14,423160,0.002883163,0.0004096886878528
2025-11-17,423160,0.0031369883,0.0004551785744109
2025-11-18,423160,0.0033767945,0.0004551785744109
2025-11-19,423160,0.003075821,0.000500639463576
2025-11-20,423160,0.0021846425,0.0004550957144822
2025-11-21,423160,0.0044162036,0.0004550128847142
2025-11-24,423160,0.0026862633,0.0004549714811368
2025-11-25,423160,0.0027593302,0.0005459409427501
2025-11-26,423160,0.003157789,0.0004549093898962
2025-11-27,423160,0.003154894,0.0004912708547752
2025-11-28,423160,0.0033173754,0.0005366490489571
2025-12-01,423160,0.0028329014,0.0004911368096607
2025-12-02,423160,0.0033684608,0.0004910921442107
2025-12-03,423160,0.0032891026,0.000536527046103
2025-12-04,423160,0.003526059,0.000500120493994
2025-12-05,423160,0.0035486473,0.0004545619918996
2025-12-08,423160,0.002798644,0.0005454248085321
2025-12-09,423160,0.0031700071,0.0004999386543076
2025-12-10,423160,0.0038972981,0.0004544587020713
2025-12-11,423160,0.0039329017,0.0004998704985101
2025-12-12,423160,0.003475703,0.0005906218510958
2025-12-15,423160,0.003457476,0.0004997115405611
2025-12-16,423160,0.003282838,0.0004542728986223
2025-12-17,423160,0.0030829788,0.0005904877145734
2025-12-18,423160,0.0031452659,0.0007266386019484
2025-12-19,423160,0.004256417,0.0005448799582659
2025-12-22,423160,0.0042408775,0.00067194539794
2024-07-30,459580,-0.0026020312,0.0006620976645734
2024-07-31,459580,0.0011346868,0.0006571609325209
2024-08-01,459580,0.00072944217,0.0006628901668062
2024-08-02,459580,0.00032785846,0.0006676169491299
2024-08-05,459580,0.007921228,0.0006568496791121
2024-08-06,459580,8.252917e-05,0.0006587371584707
2024-08-07,459580,-0.00048714716,0.0007706874162654
2024-08-08,459580,0.0004107928,0.0008757058441428
2024-08-09,459580,0.00054191315,0.0007304566652681
2024-08-12,459580,0.00064637366,0.0007615612567857
2024-08-13,459580,3.367611e-05,0.000757595711903
2024-08-14,459580,0.0010468591,0.0007496566047766
2024-08-16,459580,0.0012884857,0.0006852235323133
2024-08-19,459580,0.0011729328,0.0006579280565279
2024-08-20,459580,0.0009115998,0.0006578646690478
2024-08-21,459580,0.00039815542,0.0006636417045573
2024-08-22,459580,-0.00038900258,0.0006586497141132
2024-08-23,459580,0.001153599,0.000654611655328
2024-08-26,459580,0.0013947624,0.0006662461943367
2024-08-27,459580,0.0017777485,0.0006661820479347
2024-08-28,459580,0.00044292287,0.0006632015763159
2024-08-29,459580,0.001823586,0.0006708512478592
2024-08-30,459580,0.0016993142,0.0006570985835683
2024-09-02,459580,0.0015699177,0.0006667742565049
2024-09-03,459580,0.0003965106,0.0006618523067007
2024-09-04,459580,0.0009742647,0.0006608190898429
2024-09-05,459580,0.0008658588,0.0009491173775817
2024-09-06,459580,0.0011752099,0.0009460077046572
2024-09-09,459580,0.0005077164,0.0010643619446621
2024-09-10,459580,0.00025474583,0.0011787805357261
2024-09-11,459580,0.00031910432,0.0011534429800317
2024-09-12,459580,0.00043389227,0.0007522420807557
2024-09-13,459580,0.00068883324,0.0006482850274256
2024-09-19,459580,0.0014776799,0.0007626137255858
2024-09-20,459580,0.001806895,0.0007527600748531
2024-09-23,459580,0.0014032809,0.0008913559917953
2024-09-24,459580,0.002107121,0.0011122808283374
2024-09-25,459580,0.001594943,0.0011150759406959
2024-09-26,459580,0.0018011837,0.0010091321980922
2024-09-27,459580,0.0014073463,0.0009101214559574
2024-09-30,459580,0.0013357346,0.0010029162930802
2024-10-02,459580,0.000903417,0.000803137024528
2024-10-04,459580,0.0011880873,0.0007798139981876
2024-10-07,459580,0.00022327578,0.0006528243601646
2024-10-08,459580,0.00022327578,0.0006372702580446
2024-10-10,459580,0.00022327578,0.000605139052789
2024-10-11,459580,0.00043680504,0.0005702327991894
2024-10-14,459580,0.00032259125,0.00056244468397
2024-10-15,459580,0.00022327578,0.0005759524064394
2024-10-16,459580,0.00022327578,0.0005836465880797
2024-10-17,459580,0.0007732723,0.0005854260060544
2024-10-18,459580,0.00091815076,0.0006085994611755
2024-10-21,459580,0.0008856956,0.0006346694175647
2024-10-22,459580,0.00078747707,0.0006404179381114
2024-10-23,459580,0.0009048365,0.0006422949495945
2024-10-24,459580,0.00078747707,0.0006546904645645
2024-10-25,459580,0.0007523923,0.0006497958496662
2024-10-28,459580,-0.004936088,0.0006477986674973
2024-10-29,459580,-0.0010022887,0.0006429074719918
2024-10-30,459580,-0.0017568013,0.0006544455402863
2024-10-31,459580,0.00090231764,0.0006513638280782
2024-11-01,459580,0.0007852994,0.0006609660200691
2024-11-04,459580,0.00034280476,0.0006348221913974
2024-11-05,459580,0.0008272025,0.0006395968632393
2024-11-06,459580,0.0017447326,0.0006366341109877
2024-11-07,459580,-0.0035177693,0.0006345266735809
2024-11-08,459580,0.0020342106,0.0006267410012164
2024-11-11,459580,-0.0030861984,0.0006508298309775
2024-11-12,459580,-0.00296868,0.0006594577140877
2024-11-13,459580,-0.002861284,0.0006400896150893
2024-11-14,459580,-0.0030105724,0.0006495621957363
2024-11-15,459580,-0.0039845617,0.0006581861900762
2024-11-18,459580,-0.0035373804,0.0006388302868405
2024-11-19,459580,-0.003819402,0.0006310499954675
2024-11-20,459580,-0.0047283582,0.0006454672552997
2024-11-21,459580,-0.0047313203,0.0006250343827698
2024-11-22,459580,-0.0035189597,0.0006124381062342
2024-11-25,459580,-0.00296868,0.0006307098008644
2024-11-26,459580,-0.0023748649,0.0006229400269717
2024-11-27,459580,-0.0027645158,0.00061998942315
2024-11-28,459580,-0.0025331615,0.0006256076140651
2024-11-29,459580,-0.003072989,0.0006274804841144
2024-12-02,459580,-0.0028031091,0.000620677445001
2024-12-03,459580,-0.0029340992,0.0006264058196521
2024-12-04,459580,-0.002653821,0.0006205685917795
2024-12-05,459580,-0.0031214065,0.0006252164738675
2024-12-06,459580,-0.0009845513,0.0006299758910248
2024-12-09,459580,0.0033980624,0.0006202924434592
2024-12-10,459580,0.0033140397,0.0006192740822719
2024-12-11,459580,0.004420903,0.0006240345963881
2024-12-12,459580,0.0034436933,0.0006363751670317
2024-12-13,459580,0.0033485505,0.0006247674773494
2024-12-16,459580,0.0037715777,0.0007132458521894
2024-12-17,459580,0.0037429347,0.0007141448131005
2024-12-18,459580,0.0027103128,0.0008939634012659
2024-12-19,459580,0.0030510798,0.0008744753344824
2024-12-20,459580,0.00414179,0.0008695962216496
2024-12-23,459580,0.0027610122,0.000977119518092
2024-12-24,459580,0.0038447406,0.0009818380006088
2024-12-26,459580,0.0037928144,0.0007836052876566
2024-12-27,459580,0.0032891026,0.0006017795938006
2024-12-30,459580,0.0031003696,0.0006103817959317
2025-01-02,459580,0.0026751058,0.0006092545373235
2025-01-03,459580,0.0045429743,0.0006063154034663
2025-01-06,459580,0.002548662,0.0005995480509799
2025-01-07,459580,0.0044199005,0.000599496786533
2025-01-08,459580,0.0032252807,0.0005821588651109
2025-01-09,459580,0.0027125939,0.0005675987699795
2025-01-10,459580,0.0025637527,0.0005617867077294
2025-01-13,459580,0.003023202,0.0005598300490703
2025-01-14,459580,0.0027629256,0.0005540227521478
2025-01-15,459580,0.0037498658,0.0005770210417548
2025-01-16,459580,0.0032577077,0.0009203424630452
2025-01-17,459580,0.003769171,0.0011005708822526
2025-01-20,459580,0.0037094392,0.0011283098522376
2025-01-21,459580,0.0030909113,0.0011061666796035
2025-01-22,459580,0.0028626127,0.0010705909897623
2025-01-23,459580,0.003919194,0.0005523744088069
2025-01-24,459580,0.0038463613,0.000529224315251
2025-01-31,459580,0.0036464878,0.0005272593183409
2025-02-03,459580,0.003133097,0.0005550206262174
2025-02-04,459580,0.0028170801,0.0005779878802627
2025-02-05,459580,0.0038725568,0.0005750657410672
2025-02-06,459580,0.003962684,0.0005883373316422
2025-02-07,459580,0.002964698,0.0005767907980693
2025-02-10,459580,0.0050854804,0.0005815304377581
2025-02-11,459580,0.0037429347,0.0005786116929851
2025-02-12,459580,0.0037429347,0.0005795233032372
2025-02-13,459580,0.00390816,0.0005630997448218
2025-02-14,459580,0.0040346547,0.0005697572078808
2025-02-17,459580,0.0035958767,0.0005505614189775
2025-02-18,459580,0.00390816,0.0005514769381154
2025-02-19,459580,0.0034543276,0.000555260919878
2025-02-20,459580,0.0036406915,0.0006067967158838
2025-02-21,459580,0.003154894,0.0005990918100735
2025-02-24,459580,0.003435389,0.0006114859058357
2025-02-25,459580,0.002322593,0.0006200482458371
2025-02-26,459580,0.0023298,0.0007854546832462
2025-02-27,459580,0.003090026,0.0005796541559259
2025-02-28,459580,0.0026219895,0.0005671794548067
2025-03-04,459580,0.003677342,0.0005786054813334
2025-03-05,459580,0.0028726268,0.0005728201314987
2025-03-06,459580,0.0028661615,0.0005526055779778
2025-03-07,459580,0.0030075891,0.0005477799514732
2025-03-10,459580,0.0027031098,0.0005639910063877
2025-03-11,459580,0.0025953453,0.0005448263142504
2025-03-12,459580,0.0029738802,0.0005352280533745
2025-03-13,459580,0.0030158556,0.0005408370301331
2025-03-14,459580,0.0036014954,0.0005407936230241
2025-03-17,459580,0.0026810311,0.0005397950916083
2025-03-18,459580,0.003140095,0.0005302037109498
2025-03-19,459580,0.0033010354,0.000534941737543
2025-03-20,459580,0.0030652848,0.0005348160599023
2025-03-21,459580,0.003140095,0.0005347731591118
2025-03-24,459580,0.0028312851,0.0005442769415378
2025-03-25,459580,0.003083989,0.0005337409878887
2025-03-26,459580,0.0031003696,0.00053942815242
2025-03-27,459580,0.0030492642,0.0005440727702659
2025-03-28,459580,0.0030763187,0.0005430749724855
2025-03-31,459580,0.0030652848,0.0005248988258763
2025-04-01,459580,0.0023769774,0.0005344103100419
2025-04-02,459580,0.0030652848,0.0005343674743176
2025-04-03,459580,0.0035808221,0.0005199332503771
2025-04-04,459580,0.0007275391,0.0005160773467398
2025-04-07,459580,-0.0016139767,0.0005284378869845
2025-04-08,459580,-0.00066120655,0.0005341248681993
2025-04-09,459580,0.003575698,0.0005302682175063
2025-04-10,459580,0.011403075,0.0005187097973191
2025-04-11,459580,0.003322973,0.0005139047577777
2025-04-14,459580,-0.0053717615,0.0005110027777792
2025-04-15,459580,0.002742174,0.0005166850290585
2025-04-16,459580,-0.0050089573,0.000515692652895
2025-04-17,459580,-0.005500653,0.0005098659163138
2025-04-18,459580,-0.005280458,0.0005155462068824
2025-04-21,459580,-0.0053545726,0.0005116944200231
2025-04-22,459580,0.0027249367,0.0005802373609835
2025-04-23,459580,0.0018702935,0.0008706404233702
2025-04-24,459580,0.0031580266,0.0007352738416628
2025-04-25,459580,0.0029760986,0.0007333138111622
2025-04-28,459580,0.0031068118,0.000875086052801
2025-04-29,459580,0.0033520532,0.000804533996872
2025-04-30,459580,0.0022051942,0.0005159300657986
2025-05-02,459580,0.0019600822,0.0005187474982051
2025-05-07,459580,-0.0047634426,0.0005196605001742
2025-05-08,459580,-0.0053390185,0.0005166933454372
2025-05-09,459580,-0.0049347375,0.0005166549987105
2025-05-12,459580,-0.004899936,0.00051566401922
2025-05-13,459580,-0.0048312075,0.0005146741707697
2025-05-14,459580,-0.005282389,0.0005203416107679
2025-05-15,459580,-0.00509038,0.0005287870452459
2025-05-16,459580,-0.0047344393,0.0005296985549545
2025-05-19,459580,-0.0038832286,0.0005325102372548
2025-05-20,459580,-0.004803168,0.0005324707433302
2025-05-21,459580,0.00084185693,0.0005267246312303
2025-05-22,459580,-0.0014633473,0.00051425294488
2025-05-23,459580,-0.0009851743,0.0005123138400193
2025-05-26,459580,0.00022327578,0.0005787831934291
2025-05-27,459580,0.0009064263,0.0007782282729991
2025-05-28,459580,0.0009796463,0.0007791196342701
2025-05-29,459580,0.0007852994,0.0006431567913942
2025-05-30,459580,0.0009399211,0.0006450090159155
2025-06-02,459580,0.0009509809,0.0005793979552617
2025-06-04,459580,0.00029126785,0.0005194319411696
2025-06-05,459580,0.00026101255,0.0005222403278715
2025-06-09,459580,0.00032708995,0.0005231503644882
2025-06-10,459580,0.00051678566,0.0005269076671137
2025-06-11,459580,0.00047188954,0.0005268656505332
2025-06-12,459580,0.00032632393,0.0005267531391233
2025-06-13,459580,0.00040331017,0.0005238653026786
2025-06-16,459580,0.0005952397,0.0005209793960894
2025-06-17,459580,-0.000991229,0.0005180924445919
2025-06-18,459580,0.0009342226,0.0005123597408722
2025-06-19,459580,0.00087458134,0.0005075085282619
2025-06-20,459580,0.0007221372,0.0005065217149056
2025-06-23,459580,0.00022327578,0.000499847068589
2025-06-24,459580,0.00025864455,0.0004884310695629
2025-06-25,459580,0.0004156253,0.000479861930362
2025-06-26,459580,0.001709196,0.0004617512210121
2025-06-27,459580,0.0012181695,0.0004522379455398
2025-06-30,459580,0.00042170598,0.0004559991698496
2025-07-01,459580,0.00048329087,0.0004654471908125
2025-07-02,459580,0.00054828316,0.0004692074414229
2025-07-03,459580,0.0012181695,0.0004748029917447
2025-07-04,459580,0.0012181695,0.0004804564713101
2025-07-07,459580,0.0009064263,0.0004794754289623
2025-07-08,459580,0.0009786831,0.0004756508547174
2025-07-09,459580,0.0016809824,0.0004737235135046
2025-07-10,459580,0.0018550644,0.0004849950032586
2025-07-11,459580,0.0016862013,0.0004830666299646
2025-07-14,459580,-0.001399965,0.0004839801255371
2025-07-15,459580,-0.0049877637,0.0004820525492732
2025-07-16,459580,-0.0025259764,0.0004848604321985
2025-07-17,459580,-0.00496156,0.0004790804776391
2025-07-18,459580,-0.0044667027,0.0004781008599845
2025-07-21,459580,-0.0013174369,0.0004771209251224
2025-07-22,459580,0.00022139169,0.0004799275373148
2025-07-23,459580,0.0021540322,0.0004808402302227
2025-07-24,459580,0.0019713338,0.0004779049495446
2025-07-25,459580,0.0021202534,0.0004797644987757
2025-07-28,459580,-0.0033395216,0.0004806773479675
2025-07-29,459580,-0.0042103147,0.0004806432385695
2025-07-30,459580,-0.0035708754,0.0004796632799042
2025-07-31,459580,-0.0051241624,0.0004805136669947
2025-08-01,459580,-0.0052684057,0.0004804800352733
2025-08-04,459580,-0.0025715826,0.0004804464082592
2025-08-05,459580,-0.0049877637,0.0004794668647392
2025-08-06,459580,-0.0024988088,0.0006741669967418
2025-08-07,459580,-0.0022861492,0.0005455003682914
2025-08-08,459580,-0.0013874904,0.0005454622076523
2025-08-11,459580,-0.0042103147,0.0005425889945964
2025-08-12,459580,-0.0005282183,0.0005434959969434
2025-08-13,459580,0.0015982488,0.0004847788515913
2025-08-14,459580,-0.0033395216,0.0004828551098583
2025-08-18,459580,-0.0033395216,0.0004809320915502
2025-08-19,459580,-0.0035708754,0.0004846780882914
2025-08-20,459580,-0.004032651,0.0004846437467413
2025-08-21,459580,-0.0050616525,0.0004845439549239
2025-08-22,459580,-0.0031393075,0.0004826220733189
2025-08-25,459580,-0.0032817558,0.0004854217739929
2025-08-26,459580,-0.0034399892,0.00048538739399
2025-08-27,459580,-0.0035708754,0.0004844089809523
2025-08-28,459580,-0.0010910521,0.0004786462051047
2025-08-29,459580,-0.0013430304,0.0004805016945397
2025-09-01,459580,-0.0036280858,0.0004804676770255
2025-09-02,459580,-0.0052191163,0.0004804336643271
2025-09-03,459580,-0.004235351,0.0004794565244612
2025-09-04,459580,-0.0035708754,0.000478417212518
2025-09-05,459580,-0.0035370965,0.0004802709235445
2025-09-08,459580,-0.0033395216,0.000480236938694
2025-09-09,459580,-0.0033395216,0.0004783165612778
2025-09-10,459580,-0.0033395216,0.0004745110761898
2025-09-11,459580,-0.0031944304,0.0004706448345412
2025-09-12,459580,-0.0032675508,0.0004706115443262
2025-09-15,459580,-0.0013430304,0.0004686926155432
2025-09-16,459580,0.0016862013,0.000469603109142
2025-09-17,459580,0.0012324278,0.0004742860222144
2025-09-18,459580,-0.0038012965,0.0004789059918017
2025-09-19,459580,-0.0033057427,0.0004741599421809
2025-09-22,459580,-0.0042103147,0.0004750696905357
2025-09-23,459580,-0.0051365877,0.0004750365556436
2025-09-24,459580,-0.004375769,0.0009375379058624
2025-09-25,459580,-0.0051798993,0.0009364090436321
2025-09-26,459580,-0.0036676435,0.0009401135234128
2025-09-29,459580,-0.0043667313,0.0009409894835386
2025-09-30,459580,-0.0044574356,0.0009418653207333
2025-10-01,459580,-0.004414715,0.0004783238418877
2025-10-02,459580,-0.005247561,0.0004838758359824
2025-10-10,459580,-0.005365174,0.0004894887105866
2025-10-13,459580,-0.00045145585,0.0004932182590735
2025-10-14,459580,0.002336798,0.0004969472669937
2025-10-15,459580,-0.0049350206,0.0004978540148314
2025-10-16,459580,-0.004717571,0.0005080999711299
2025-10-17,459580,-0.0043486054,0.0005071211107274
2025-10-20,459580,-0.004914141,0.0005061428729202
2025-10-21,459580,0.003169099,0.0005070457357572
2025-10-22,459580,0.0031609747,0.0005117124889544
2025-10-23,459580,0.0026252863,0.0005116027666662
2025-10-24,459580,0.0037866274,0.0005115647598312
2025-10-27,459580,0.0039554927,0.0005087070347471
2025-10-28,459580,0.0032926342,0.0005077287709216
2025-10-29,459580,0.0023480495,0.0005076910602177
2025-10-30,459580,0.0020683263,0.0004981849252647
2025-10-31,459580,0.002126011,0.0004943892560707
2025-11-03,459580,-0.00045145585,0.0004934148022108
2025-11-04,459580,0.0021716086,0.0004886804784831
2025-11-05,459580,0.0031003696,0.0004839468354358
2025-11-06,459580,0.0026668261,0.0004847869991646
2025-11-07,459580,0.0026736476,0.0004828744084903
2025-11-10,459580,0.003042674,0.0004837799938126
2025-11-11,459580,0.0026878526,0.0004837463666582
2025-11-12,459580,0.002721766,0.0004893468538309
2025-11-13,459580,0.0030652848,0.000492062682186
2025-11-14,459580,0.0028584218,0.0004892126825239
2025-11-17,459580,0.0031369883,0.0004882395400134
2025-11-18,459580,0.0033520532,0.000489144246746
2025-11-19,459580,0.0030510798,0.000489107510603
2025-11-20,459580,0.002191689,0.0004936973904285
2025-11-21,459580,0.0043914625,0.0004983564196141
2025-11-24,459580,0.0026862633,0.0004992600356903
2025-11-25,459580,0.002776721,0.0005076682886269
2025-11-26,459580,0.0031751797,0.0005113824938067
2025-11-27,459580,0.003154894,0.0005272173739854
2025-11-28,459580,0.0032926342,0.0005318692515015
2025-12-01,459580,0.0028329014,0.0005346450084573
2025-12-02,459580,0.0032723094,0.0005355405359139
2025-12-03,459580,0.0032891026,0.0005354983474532
2025-12-04,459580,0.0035013177,0.0005391252706079
2025-12-05,459580,0.003523906,0.0005437712544633
2025-12-08,459580,0.002798644,0.0005446687053751
2025-12-09,459580,0.0031452659,0.0005399396073748
2025-12-10,459580,0.0038725568,0.0005398970952334
2025-12-11,459580,0.00390816,0.0005397716222432
2025-12-12,459580,0.003475703,0.0005397286308053
2025-12-15,459580,0.0034327346,0.0005443722028637
2025-12-16,459580,0.0033002289,0.0006407998600401
2025-12-17,459580,0.0031003696,0.0008186625535095
2025-12-18,459580,0.0031452659,0.0006658790621987
2025-12-19,459580,0.004256417,0.0008287033327896
2025-12-22,459580,0.0042408775,0.0009821183179266
2024-07-30,69500,-0.00240255,-0.0946898484947308
2024-07-31,69500,0.0011877465,-0.0866269174749698
2024-08-01,69500,0.0009378742,-0.0948956965701587
2024-08-02,69500,0.0024112666,-0.0402366283079123
2024-08-05,69500,-0.008942582,0.0674701504059392
2024-08-06,69500,-0.0039547207,0.0434857513179564
2024-08-07,69500,-0.0032571037,0.0302685144501119
2024-08-08,69500,-0.0047087413,0.0611677178951223
2024-08-09,69500,0.0024568404,0.0387488878546927
2024-08-12,69500,0.006016393,0.0372601287069662
2024-08-13,69500,0.005862473,0.0325243425853212
2024-08-14,69500,0.005723903,0.0246627178788479
2024-08-16,69500,0.006589967,0.000556715393641
2024-08-19,69500,0.0069653937,0.004120942714254
2024-08-20,69500,0.0068656066,-0.0109064533653317
2024-08-21,69500,0.0066523924,-0.0077727841983995
2024-08-22,69500,0.0058296784,-0.0225840998380453
2024-08-23,69500,0.00608728,-0.0167245809770316
2024-08-26,69500,0.006830766,-0.012527435279564
2024-08-27,69500,0.006275752,-0.0158429818297316
2024-08-28,69500,0.0056199743,-0.052998067498631
2024-08-29,69500,0.00821664,-0.04125942662301
2024-08-30,69500,0.0062867953,-0.0554437337830265
2024-09-02,69500,0.0023772586,-0.0610921531885134
2024-09-03,69500,0.0004158369,-0.0569551022120915
2024-09-04,69500,0.0022777156,-0.0310500876814105
2024-09-05,69500,0.0011266668,-0.0068411926542546
2024-09-06,69500,0.0013295835,0.0042978726058928
2024-09-09,69500,0.00037367258,0.0093216314825729
2024-09-10,69500,0.00040875725,0.0160200222139744
2024-09-11,69500,0.0006455999,0.0285905721215624
2024-09-12,69500,0.0006564975,0.017837279454669
2024-09-13,69500,0.0008331045,0.0008633136895098
2024-09-19,69500,0.0016902941,0.0356641709026254
2024-09-20,69500,0.0016576349,0.0291822400132215
2024-09-23,69500,0.0016288086,0.0029033616413159
2024-09-24,69500,0.0019594587,-0.019569864426259
2024-09-25,69500,0.0017053949,-0.0051611862954026
2024-09-26,69500,0.0022536344,-0.0225049163718539
2024-09-27,69500,0.0015212328,-0.0260918741388632
2024-09-30,69500,0.0016899674,-0.0010063340694175
2024-10-02,69500,0.0025400976,0.0108240968770688
2024-10-04,69500,0.0012411068,0.0230330235581875
2024-10-07,69500,0.00039438382,0.0108061670918913
2024-10-08,69500,0.00084169034,0.0093611798819888
2024-10-10,69500,0.00044240183,0.0097248364689728
2024-10-11,69500,0.0004484826,0.0026288210557915
2024-10-14,69500,0.00047298803,-0.006304174289454
2024-10-15,69500,0.0003592764,-0.0245025747242087
2024-10-16,69500,0.0003925271,-0.0026193819700373
2024-10-17,69500,0.0009567286,-0.0132252850150773
2024-10-18,69500,0.00085458905,-0.0066295969109869
2024-10-21,69500,0.0008547484,-0.0004118858546021
2024-10-22,69500,0.0009567286,0.0168712934458542
2024-10-23,69500,0.00090278947,-0.0055853684809349
2024-10-24,69500,0.0011733946,-0.0105454382085355
2024-10-25,69500,0.00090278947,-0.0183403402659863
2024-10-28,69500,-0.0058492,-0.0108880036534791
2024-10-29,69500,-0.0009046515,-0.0191125423108855
2024-10-30,69500,-0.00082104024,-0.0118348104434704
2024-10-31,69500,0.00090278947,0.0010205613972997
2024-11-01,69500,0.00084509386,0.0069020874694937
2024-11-04,69500,0.00033088075,-0.0258862445130581
2024-11-05,69500,0.00090278947,-0.0413506649265276
2024-11-06,69500,0.0016897357,-0.0648844391584504
2024-11-07,69500,-0.003253147,-0.0686993314021596
2024-11-08,69500,0.00209875,-0.060292399952993
2024-11-11,69500,-0.0033823652,-0.0211027760677359
2024-11-12,69500,-0.0026015386,0.0035171301643733
2024-11-13,69500,-0.002322772,0.0314346691072836
2024-11-14,69500,-0.003052108,0.0368770790533977
2024-11-15,69500,-0.0051947543,0.0384903582849769
2024-11-18,69500,-0.004814788,0.0272203061410708
2024-11-19,69500,-0.004118055,0.0205729976144289
2024-11-20,69500,-0.004904847,0.0107942451308803
2024-11-21,69500,-0.004856492,0.0066059817326183
2024-11-22,69500,-0.003253147,-0.0213780810257351
2024-11-25,69500,-0.0030696928,-0.03118800742697
2024-11-26,69500,-0.0028991334,-0.0134830748830802
2024-11-27,69500,-0.0028687674,-0.0193579409077555
2024-11-28,69500,-0.002637413,-0.0234089005651161
2024-11-29,69500,-0.002894295,-0.009389740349839
2024-12-02,69500,-0.0026384064,-0.0364035862207001
2024-12-03,69500,-0.003742005,-0.0309230321889212
2024-12-04,69500,-0.0035684295,-0.0069041542099682
2024-12-05,69500,-0.0041562794,0.0143842380044067
2024-12-06,69500,-0.002001921,0.0239603592721676
2024-12-09,69500,0.004483638,0.0455958298048211
2024-12-10,69500,0.0044961055,0.0138722146213105
2024-12-11,69500,0.005864243,0.017512270362524
2024-12-12,69500,0.004707608,-0.019657962194086
2024-12-13,69500,0.0046871644,-0.0385978003236296
2024-12-16,69500,0.004904524,-0.0184065798914806
2024-12-17,69500,0.004651903,-0.0059487451758301
2024-12-18,69500,0.003562857,-0.0258924285045289
2024-12-19,69500,0.0042578676,-0.0057155713973289
2024-12-20,69500,0.0042181425,0.0061489385092308
2024-12-23,69500,0.004648453,-0.012717963612449
2024-12-24,69500,0.005741912,0.0062625100430146
2024-12-26,69500,0.0053883474,0.0334759291963895
2024-12-27,69500,0.0056011174,0.0365188921661322
2024-12-30,69500,0.004034927,0.0486974181967833
2025-01-02,69500,0.004047701,0.051632415172186
2025-01-03,69500,0.004464588,0.0303723044742174
2025-01-06,69500,0.004785563,-0.0042779168110045
2025-01-07,69500,0.004099858,-0.0001535225757962
2025-01-08,69500,0.004034927,-0.0112231877881644
2025-01-09,69500,0.0041036564,0.0022158487719976
2025-01-10,69500,0.0040169572,0.001611652900882
2025-01-13,69500,0.003974252,0.0133576325114008
2025-01-14,69500,0.004034927,0.0098694560184841
2025-01-15,69500,0.0046215374,0.0227427636921283
2025-01-16,69500,0.004160595,-0.0022158487719976
2025-01-17,69500,0.004651903,0.0058167880925857
2025-01-20,69500,0.0046215374,-0.0023766007530011
2025-01-21,69500,0.0047867624,-0.0310653029800753
2025-01-22,69500,0.0038832298,-0.0300269713376154
2025-01-23,69500,0.0051125777,-0.0074728505021108
2025-01-24,69500,0.004817128,-0.0033890131686377
2025-01-31,69500,0.0050103776,-0.000152539012148
2025-02-03,69500,0.004671249,0.029696127466105
2025-02-04,69500,0.0049763694,0.0251752991469518
2025-02-05,69500,0.005237284,0.0147394441822229
2025-02-06,69500,0.005316376,0.0157578289164906
2025-02-07,69500,0.004840951,0.0272670297892925
2025-02-10,69500,0.0060297027,0.0324420777107572
2025-02-11,69500,0.0046215374,0.0319280412215297
2025-02-12,69500,0.0046215374,0.0507305078400422
2025-02-13,69500,0.004855491,0.0309343899489471
2025-02-14,69500,0.0048010373,0.0271501938125533
2025-02-17,69500,0.0049274615,0.0136128216366807
2025-02-18,69500,0.004729067,0.0010235265767577
2025-02-19,69500,0.0045192936,-0.0141506346441664
2025-02-20,69500,0.004817128,-0.0093875571332077
2025-02-21,69500,0.0041036564,-0.044308615099145
2025-02-24,69500,0.0041097384,-0.0404985704376046
2025-02-25,69500,0.003096311,-0.0277392211424716
2025-02-26,69500,0.0028003044,-0.0229469074849596
2025-02-27,69500,0.0038861905,-0.0236076731132352
2025-02-28,69500,0.004641379,0.0124862804204713
2025-03-04,69500,0.0045253336,0.0036569742304203
2025-03-05,69500,0.004467638,0.0118298616339027
2025-03-06,69500,0.004705231,-0.0027416055554946
2025-03-07,69500,0.0046001435,0.0074467161706745
2025-03-10,69500,0.0035817116,0.0243979219315698
2025-03-11,69500,0.003637667,0.0381491847646733
2025-03-12,69500,0.004217882,0.030936330598795
2025-03-13,69500,0.004217882,0.0425310164349519
2025-03-14,69500,0.003999843,0.0417320471038913
2025-03-17,69500,0.0040647737,0.0190015087708794
2025-03-18,69500,0.004523872,0.0118928746387801
2025-03-19,69500,0.003999843,0.0117927920177365
2025-03-20,69500,0.0038861905,-0.0073193110811197
2025-03-21,69500,0.003943886,-0.0282904298390964
2025-03-24,69500,0.004047701,-0.0533518495518316
2025-03-25,69500,0.003978972,-0.0344766110409198
2025-03-26,69500,0.003978972,-0.0478501627776728
2025-03-27,69500,0.0040699425,-0.0480054410320268
2025-03-28,69500,0.005361275,-0.0406963423947085
2025-03-31,69500,0.004234687,-0.0708387667261586
2025-04-01,69500,0.0045363666,-0.0855004277182889
2025-04-02,69500,0.0045442586,-0.0973300686203514
2025-04-03,69500,0.0049774796,-0.0250349713244487
2025-04-04,69500,0.0018426962,-0.0191508315881865
2025-04-07,69500,-0.0033730809,0.0458244984575048
2025-04-08,69500,-0.003171749,0.0560829960228425
2025-04-09,69500,0.005213975,0.0571931423135535
2025-04-10,69500,-0.00574477,0.007225821953524
2025-04-11,69500,-0.012472341,0.0170443786547664
2025-04-14,69500,-0.0075846356,0.0120666503483653
2025-04-15,69500,0.0061868317,-0.0010405509737652
2025-04-16,69500,-0.007862622,0.0325261746424154
2025-04-17,69500,-0.0069074803,0.0209175067089407
2025-04-18,69500,-0.0068501914,0.0233783941559573
2025-04-21,69500,-0.0064292974,0.0227807157063784
2025-04-22,69500,0.005204414,0.0328905686384208
2025-04-23,69500,0.00493801,0.0129396519067435
2025-04-24,69500,0.0059571518,0.0156061644439305
2025-04-25,69500,0.0067138327,0.0148756706397357
2025-04-28,69500,0.0042393543,0.0145706963746292
2025-04-29,69500,0.004271295,0.00761537373795
2025-04-30,69500,0.0037349062,0.0237362432430132
2025-05-02,69500,0.003135446,0.0251338693836625
2025-05-07,69500,-0.0061978805,0.0299316844051094
2025-05-08,69500,-0.006154871,0.0220696607377386
2025-05-09,69500,-0.006154871,0.0259196910365236
2025-05-12,69500,-0.006142903,0.0005797269648435
2025-05-13,69500,-0.0048011807,0.0002892430529521
2025-05-14,69500,-0.0048072618,-0.0067022075938387
2025-05-15,69500,-0.0047232676,-0.0122395590537381
2025-05-16,69500,-0.0046484573,-0.0150695692396363
2025-05-19,69500,-0.004491915,0.0120113779356706
2025-05-20,69500,-0.004654539,0.0131584626182583
2025-05-21,69500,0.0007891385,0.0203394913638853
2025-05-22,69500,-0.00087906217,0.0529281039705778
2025-05-23,69500,-0.0008103328,0.0424274998522454
2025-05-26,69500,0.0004484826,0.0262235993149933
2025-05-27,69500,0.0009378742,0.0507779772527013
2025-05-28,69500,0.0009775993,0.0546569146912431
2025-05-29,69500,0.0008893072,0.0521820091493042
2025-05-30,69500,0.0010126841,0.0676630778739319
2025-06-02,69500,0.0010066037,0.0797637598628625
2025-06-04,69500,0.00066883134,0.0538658756813129
2025-06-05,69500,0.0006171245,0.0280249676309434
2025-06-09,69500,0.00055589346,0.0289560865411865
2025-06-10,69500,0.0004967931,0.0257723685434245
2025-06-11,69500,0.00045189724,0.0225100533895858
2025-06-12,69500,0.0003256318,0.0223191776145654
2025-06-13,69500,0.00037367258,0.0446670285350169
2025-06-16,69500,0.00040875725,0.0255882859523262
2025-06-17,69500,-0.00087906217,0.0554161129130813
2025-06-18,69500,0.0009715189,0.0500902545200974
2025-06-19,69500,0.00096743833,0.0393860360481233
2025-06-20,69500,0.0009114829,0.0193723142915344
2025-06-23,69500,0.0010023637,0.0267394300816012
2025-06-24,69500,0.0004957473,-0.0028628843245893
2025-06-25,69500,0.0005227495,-0.0098193371580401
2025-06-26,69500,0.00069288723,0.0146586922760054
2025-06-27,69500,0.0011877465,0.0013365249914876
2025-06-30,69500,0.0005227495,-0.0034611742023788
2025-07-01,69500,0.00040343462,0.0119979886240879
2025-07-02,69500,0.00050424936,0.0187839443171445
2025-07-03,69500,0.0012372076,0.0162997018058819
2025-07-04,69500,0.0010443914,0.03634075770591
2025-07-07,69500,0.0010066037,0.0439941473286892
2025-07-08,69500,0.0014373799,0.0321845321958862
2025-07-09,69500,0.0018106295,0.0198347395046157
2025-07-10,69500,0.0018857263,0.0088877032779198
2025-07-11,69500,0.001703063,0.0072564687209204
2025-07-14,69500,-0.00082512276,0.0060836865445127
2025-07-15,69500,-0.004672829,-0.01427783137607
2025-07-16,69500,-0.0019474184,-0.0012806335064152
2025-07-17,69500,-0.0047043213,-0.0042590394280798
2025-07-18,69500,-0.0042202133,-0.0006744264723827
2025-07-21,69500,-0.000817121,-0.0035346746438762
2025-07-22,69500,0.00058917614,0.0170401368938479
2025-07-23,69500,0.0021674796,0.0220067640235322
2025-07-24,69500,0.0020410544,0.0206364223735309
2025-07-25,69500,0.0021674796,-0.0233720936764087
2025-07-28,69500,-0.0025675031,-0.0171095963434235
2025-07-29,69500,-0.004021803,-0.0103749991923177
2025-07-30,69500,-0.0033246696,-0.0194936152162708
2025-07-31,69500,-0.0052941875,-0.008558336909611
2025-08-01,69500,-0.006240428,0.0305118351720517
2025-08-04,69500,-0.002206374,0.019259612776592
2025-08-05,69500,-0.005579418,0.002551731921853
2025-08-06,69500,-0.0024094859,0.0133666213570996
2025-08-07,69500,-0.0020006497,0.0039096687490149
2025-08-08,69500,-0.0011041183,-0.0089326703868675
2025-08-11,69500,-0.0027193604,-0.0162272060382718
2025-08-12,69500,-0.00041993218,-0.0189916132085852
2025-08-13,69500,0.0017337499,-0.0267494424012647
2025-08-14,69500,-0.0030245867,-0.0175516221864438
2025-08-18,69500,-0.0030629497,0.0098331033481381
2025-08-19,69500,-0.0032943035,0.0074361955235538
2025-08-20,69500,-0.003687349,0.0150452781738719
2025-08-21,69500,-0.0030769384,0.0176731303812717
2025-08-22,69500,-0.0028165767,0.0055674113313546
2025-08-25,69500,-0.0029909788,-0.0234898376450591
2025-08-26,69500,-0.0030804833,-0.0034539930252158
2025-08-27,69500,-0.0032940197,-0.0001163047651373
2025-08-28,69500,-0.0005190108,-0.001505309393683
2025-08-29,69500,-0.00078654016,0.0063448169316677
2025-09-01,69500,-0.0032943035,0.027175458697241
2025-09-02,69500,-0.004848226,0.0301657687607332
2025-09-03,69500,-0.0050567184,0.045985897364182
2025-09-04,69500,-0.0034710532,0.0488034075361609
2025-09-05,69500,-0.0033248293,0.0647952861023929
2025-09-08,69500,-0.002957323,0.0668107812475203
2025-09-09,69500,-0.0030933158,0.0694177179022933
2025-09-10,69500,-0.0032119027,0.0363017850846973
2025-09-11,69500,-0.0031355405,0.0471428577104067
2025-09-12,69500,-0.003425343,0.0234560309522674
2025-09-15,69500,-0.0012422639,0.0272612051568053
2025-09-16,69500,0.0016343335,0.0191160715168585
2025-09-17,69500,0.0014689168,0.0283255992702249
2025-09-18,69500,-0.0045955437,0.0112643040208759
2025-09-19,69500,-0.0041337684,-0.0093207609046895
2025-09-22,69500,-0.0049358294,-0.0038792654987102
2025-09-23,69500,-0.0059308354,-0.0145975781552495
2025-09-24,69500,-0.0035628688,-0.0010418621100377
2025-09-25,69500,-0.0045128153,0.0280430578242466
2025-09-26,69500,-0.0027961952,0.077367828567662
2025-09-29,69500,-0.005093036,0.0530261451395259
2025-09-30,69500,-0.0051617655,0.0455466378223306
2025-10-01,69500,-0.005093036,0.0625089852253641
2025-10-02,69500,-0.0060975635,0.0590168977221239
2025-10-10,69500,-0.0071928524,0.0368061234865409
2025-10-13,69500,0.00338942,0.0640913610636317
2025-10-14,69500,0.0032346775,0.0764315874677335
2025-10-15,69500,-0.0073315417,0.0603066062309911
2025-10-16,69500,-0.0073587447,0.0237798893522218
2025-10-17,69500,-0.0074493093,0.046694725741971
2025-10-20,69500,-0.007258454,0.0556976267709022
2025-10-21,69500,0.004099858,0.0435497815583514
2025-10-22,69500,0.004034927,0.0529661209326886
2025-10-23,69500,0.0041097384,0.0670790381449148
2025-10-24,69500,0.004399585,0.0534131990102069
2025-10-27,69500,0.005318096,0.0565405680980408
2025-10-28,69500,0.0053878403,0.0386107786199089
2025-10-29,69500,0.0034066695,-0.0101768184469447
2025-10-30,69500,0.0035516697,-0.0082065920469533
2025-10-31,69500,0.0032832173,-0.0385591205084199
2025-11-03,69500,0.0033833394,-0.0387070395037642
2025-11-04,69500,0.0036815244,-0.0014610964258411
2025-11-05,69500,0.005097377,0.036989556312088
2025-11-06,69500,0.0045151906,0.0360971541586853
2025-11-07,69500,0.0054052123,0.010041389028953
2025-11-10,69500,0.0047628754,0.0010412329137308
2025-11-11,69500,0.0046136496,-0.0420175265147551
2025-11-12,69500,0.0043340456,-0.0593921510033832
2025-11-13,69500,0.004751945,-0.042707728670421
2025-11-14,69500,0.0044678934,-0.0412649624123267
2025-11-17,69500,0.00486821,-0.0626462549487516
2025-11-18,69500,0.009077981,-0.0216532469808932
2025-11-19,69500,0.006505947,0.0120318946014448
2025-11-20,69500,0.0076774363,-0.0022132716750348
2025-11-21,69500,0.008770278,0.0259309894671513
2025-11-24,69500,0.011287121,0.0248578939191593
2025-11-25,69500,0.0069386847,0.0372112524162749
2025-11-26,69500,0.006947189,0.0214215069509036
2025-11-27,69500,0.006888277,0.0118763730298606
2025-11-28,69500,0.00686088,0.0454859587514367
2025-12-01,69500,0.006977422,0.0601540585095693
2025-12-02,69500,0.006397298,0.0351942481217926
2025-12-03,69500,0.0045410767,0.0238936892611388
2025-12-04,69500,0.0051417425,0.0182080411939736
2025-12-05,69500,0.0049704304,0.0128939290089078
2025-12-08,69500,0.004201234,-0.0234069303937078
2025-12-09,69500,0.0041636024,-0.040063453439569
2025-12-10,69500,0.004973827,-0.0204924144298357
2025-12-11,69500,0.0049264957,-0.0239876425224016
2025-12-12,69500,0.004542554,-0.0322978596254863
2025-12-15,69500,0.0045487564,0.0132637317959016
2025-12-16,69500,0.005015286,0.0381859353076448
2025-12-17,69500,0.004895871,0.0192975283992712
2025-12-18,69500,0.0047242204,0.0395018846578936
2025-12-19,69500,0.005316376,0.0611152129886251
2025-12-22,69500,0.0059194826,0.0414174000490799
2024-07-30,A091160,-0.0030059773,-0.1262818752219045
2024-07-31,A091160,-0.0014549352,-0.138739331440018
2024-08-01,A091160,0.0010682937,-0.1504460422018474
2024-08-02,A091160,-0.0124764675,-0.0409195765436076
2024-08-05,A091160,0.0032875834,0.1053955379686337
2024-08-06,A091160,-0.007697202,0.0669541347971031
2024-08-07,A091160,-0.007398155,0.0729239957290107
2024-08-08,A091160,-0.0045381463,0.1315374192854524
2024-08-09,A091160,-0.0061401976,0.078574210514637
2024-08-12,A091160,0.0067593725,0.0712959186507349
2024-08-13,A091160,0.008109258,0.049230044393758
2024-08-14,A091160,0.005918846,0.0087148924433819
2024-08-16,A091160,0.0068707447,-0.0487305143140651
2024-08-19,A091160,0.008140958,-0.0482916742304397
2024-08-20,A091160,0.0066594784,-0.0792358930470966
2024-08-21,A091160,0.009160605,-0.042514901645408
2024-08-22,A091160,0.0078640925,-0.072415399440722
2024-08-23,A091160,0.007914383,-0.041924434505421
2024-08-26,A091160,0.007345889,-0.0281097713211267
2024-08-27,A091160,0.008673267,-0.0395014908052249
2024-08-28,A091160,0.007558144,-0.1245514847295413
2024-08-29,A091160,0.007185928,-0.0820373744499391
2024-08-30,A091160,0.009112266,-0.1199806591127887
2024-09-02,A091160,0.007015646,-0.1080200266030107
2024-09-03,A091160,0.0063476446,-0.097340362541288
2024-09-04,A091160,0.007122496,-0.039570046512347
2024-09-05,A091160,0.0075490754,0.0148857710505436
2024-09-06,A091160,0.007323031,0.0107746684539303
2024-09-09,A091160,0.005408987,-0.0142495212391524
2024-09-10,A091160,0.001665277,0.0073253148786879
2024-09-11,A091160,0.0014243182,0.0281505416371107
2024-09-12,A091160,0.0058163386,-0.0032571773598647
2024-09-13,A091160,0.0017641152,0.021460738432034
2024-09-19,A091160,-0.0030323195,0.0996066967394142
2024-09-20,A091160,-0.0027154728,0.0864632876154198
2024-09-23,A091160,-0.0020370504,0.042159178383101
2024-09-24,A091160,0.0058259587,0.0096457688985685
2024-09-25,A091160,0.005229237,0.0192084243621297
2024-09-26,A091160,0.008151608,-0.0068337738666801
2024-09-27,A091160,0.009521084,-0.021518004360282
2024-09-30,A091160,0.0064721894,0.0080934582407807
2024-10-02,A091160,0.006172718,0.0268349925818637
2024-10-04,A091160,0.006017718,0.0356657245251793
2024-10-07,A091160,0.0091430275,0.0150802576009294
2024-10-08,A091160,0.0080939885,0.0069693111710027
2024-10-10,A091160,0.001401934,0.022782522900935
2024-10-11,A091160,0.0015323957,-0.0248292881895231
2024-10-14,A091160,0.0017575313,-0.037221273480853
2024-10-15,A091160,0.0015064451,-0.071116281058009
2024-10-16,A091160,0.0026234253,-0.0074007308565946
2024-10-17,A091160,0.0020797302,-0.0423870342666539
2024-10-18,A091160,0.0017862419,-0.002162569598391
2024-10-21,A091160,0.0015445795,-0.00121501019667
2024-10-22,A091160,0.002222462,0.0191759823326983
2024-10-23,A091160,-0.001814061,-0.0165647482704607
2024-10-24,A091160,0.0014592959,0.0005959569205446
2024-10-25,A091160,0.0019383449,-0.0098057002484212
2024-10-28,A091160,-0.0059446283,0.0088759815548442
2024-10-29,A091160,-0.0016307879,0.0047838753002278
2024-10-30,A091160,-0.0014699873,-0.0061925541702617
2024-10-31,A091160,0.0010454116,-0.0072697838698662
2024-11-01,A091160,0.0010570757,0.0053089080291634
2024-11-04,A091160,0.0003688744,-0.0674491848574659
2024-11-05,A091160,0.001156594,-0.0968054173308563
2024-11-06,A091160,0.0019205841,-0.1129781129751711
2024-11-07,A091160,-0.005931876,-0.136296696175098
2024-11-08,A091160,0.0022841776,-0.1035446901918263
2024-11-11,A091160,-0.006161215,-0.070200051875484
2024-11-12,A091160,-0.006208369,-0.0336160233960753
2024-11-13,A091160,-0.005878657,-0.0094350361178897
2024-11-14,A091160,-0.005695661,0.0166562828383841
2024-11-15,A091160,-0.011005763,-0.0013991886989563
2024-11-18,A091160,-0.0047975453,0.0294524249210888
2024-11-19,A091160,-0.005925799,0.0293458974131663
2024-11-20,A091160,-0.0077594924,-0.0057900730042714
2024-11-21,A091160,-0.007843146,-0.023083903696692
2024-11-22,A091160,-0.0057756454,-0.058266807874151
2024-11-25,A091160,-0.004670946,-0.0920379795628792
2024-11-26,A091160,-0.004436384,-0.0681132501847952
2024-11-27,A091160,-0.005891778,-0.0339781884581606
2024-11-28,A091160,-0.0046647475,0.0082358742171044
2024-11-29,A091160,-0.005613506,0.0083874200803094
2024-12-02,A091160,-0.0054760235,-0.0063237426026938
2024-12-03,A091160,-0.006098338,-0.0111820174360051
2024-12-04,A091160,-0.0057532364,0.0188088712898737
2024-12-05,A091160,-0.005510847,0.0240966912837125
2024-12-06,A091160,-0.0027855935,0.0438404676788336
2024-12-09,A091160,0.0045586433,0.0852275774047319
2024-12-10,A091160,0.0043448247,0.0854192804296511
2024-12-11,A091160,0.00567022,0.0691723929414603
2024-12-12,A091160,0.0024607917,0.00608353524578
2024-12-13,A091160,0.004734241,-0.0228322860350148
2024-12-16,A091160,0.0048321993,-0.0048255216373513
2024-12-17,A091160,0.0043621464,-0.0212147025224994
2024-12-18,A091160,0.003094243,-0.0420665708984562
2024-12-19,A091160,0.0043939794,0.0
2024-12-20,A091160,0.0062330896,0.027680354550498
2024-12-23,A091160,0.006105051,0.0061850463617687
2024-12-24,A091160,0.0073483097,0.0523490379136956
2024-12-26,A091160,0.0052566985,0.1144046074513293
2024-12-27,A091160,0.004980678,0.0920732181869175
2024-12-30,A091160,0.0039560944,0.1264445895568664
2025-01-02,A091160,0.0038960956,0.1258862391480846
2025-01-03,A091160,0.0056364033,0.0733168319321578
2025-01-06,A091160,0.0076415283,-0.0101923440247945
2025-01-07,A091160,0.008059579,0.0065968975796548
2025-01-08,A091160,0.0073221494,-0.024225612325227
2025-01-09,A091160,0.0084478585,-0.0077394278057069
2025-01-10,A091160,0.007700093,0.0212465003954046
2025-01-13,A091160,0.006481489,0.0486776982320541
2025-01-14,A091160,0.006380448,0.0643062185713701
2025-01-15,A091160,0.0070300787,0.0887737844353751
2025-01-16,A091160,0.007893756,0.0452078309974068
2025-01-17,A091160,0.0069254288,0.0259165397794114
2025-01-20,A091160,0.0062721227,-0.0262715098504792
2025-01-21,A091160,0.0059152287,-0.099049327440421
2025-01-22,A091160,0.0037589322,-0.1172403183662006
2025-01-23,A091160,0.0051433467,-0.0737166058708473
2025-01-24,A091160,0.00542189,-0.0480903972737334
2025-01-31,A091160,0.005317688,0.0235624297368877
2025-02-03,A091160,0.0037238952,0.0897427591843695
2025-02-04,A091160,0.012449301,0.0803181283804046
2025-02-05,A091160,0.004390651,0.0544191763845484
2025-02-06,A091160,0.0024427308,0.0412289010530088
2025-02-07,A091160,0.005869208,0.0364525501701877
2025-02-10,A091160,0.00913558,0.0326811973808658
2025-02-11,A091160,0.0076794545,0.036082206736071
2025-02-12,A091160,0.003515712,0.0740713458657381
2025-02-13,A091160,0.006635106,0.0371971992622848
2025-02-14,A091160,0.0064515704,0.025333237242793
2025-02-17,A091160,0.0065193186,-0.0069200387101983
2025-02-18,A091160,0.006280505,-0.0203742191951374
2025-02-19,A091160,0.006533132,-0.0564024606730426
2025-02-20,A091160,0.00636148,-0.0531113849598776
2025-02-21,A091160,0.0066725723,-0.0943135133988335
2025-02-24,A091160,0.006742884,-0.0840378835529915
2025-02-25,A091160,0.0049657514,-0.0649053004056397
2025-02-26,A091160,0.0054802164,-0.0864592590647647
2025-02-27,A091160,0.0060411906,-0.0648039043162478
2025-02-28,A091160,0.0066299187,-0.0249965192099228
2025-03-04,A091160,0.0043603918,-0.0181048437499091
2025-03-05,A091160,0.0040953974,0.0154376725278236
2025-03-06,A091160,0.0044351933,0.0295117474776331
2025-03-07,A091160,0.003916245,0.0497961796752544
2025-03-10,A091160,0.0032413013,0.0734897512261697
2025-03-11,A091160,0.0034311987,0.0708948345397755
2025-03-12,A091160,0.004278762,0.038913518643551
2025-03-13,A091160,0.0010263437,0.06379907851022
2025-03-14,A091160,0.0045028944,0.0543571603850931
2025-03-17,A091160,0.004445447,0.0219554300604417
2025-03-18,A091160,0.004415387,0.0
2025-03-19,A091160,0.00449302,0.0029544763869964
2025-03-20,A091160,0.004070395,-0.0324543580098091
2025-03-21,A091160,0.0041968217,-0.0783337759190181
2025-03-24,A091160,0.004193092,-0.1118179125551202
2025-03-25,A091160,0.004510853,-0.0597294663603276
2025-03-26,A091160,0.004646585,-0.0785141865672099
2025-03-27,A091160,0.0042907055,-0.0767822902396179
2025-03-28,A091160,0.0044198893,-0.0819282103941865
2025-03-31,A091160,0.0051899785,-0.1127499417155919
2025-04-01,A091160,0.007665477,-0.1252679769793756
2025-04-02,A091160,0.0052917954,-0.1405551914163254
2025-04-03,A091160,0.005608556,-0.054891930479319
2025-04-04,A091160,0.0024178852,-0.0150512826809861
2025-04-07,A091160,0.0146566825,0.0697664560616727
2025-04-08,A091160,0.020804971,0.066450815132448
2025-04-09,A091160,0.00840003,0.0497507044058701
2025-04-10,A091160,0.01651215,0.0010398974905011
2025-04-11,A091160,0.0092822565,0.0030353224187129
2025-04-14,A091160,-0.0038781345,0.0023611145843396
2025-04-15,A091160,0.011167054,-0.0157451155978822
2025-04-16,A091160,-0.008930576,0.0645473453547528
2025-04-17,A091160,0.000755995,0.0330870570938321
2025-04-18,A091160,0.0015736334,0.0441941780532341
2025-04-21,A091160,0.00094680174,0.0094229602033042
2025-04-22,A091160,0.014556039,0.0258362919488267
2025-04-23,A091160,0.01198912,-0.0321116941014092
2025-04-24,A091160,0.014169898,-0.0045351551653912
2025-04-25,A091160,0.016167186,-0.0092026204753906
2025-04-28,A091160,0.017998166,0.0265613209412912
2025-04-29,A091160,0.016659727,0.0085549460781356
2025-04-30,A091160,0.013617837,0.0630638310360614
2025-05-02,A091160,0.013968086,0.0583641961320521
2025-05-07,A091160,0.0024115874,0.0656395111009847
2025-05-08,A091160,-0.0073944177,0.036738495278407
2025-05-09,A091160,-0.0068265237,0.0629504895446989
2025-05-12,A091160,-0.007046116,-0.0075678647962935
2025-05-13,A091160,-0.0077291173,-0.0166537075506818
2025-05-14,A091160,-0.007978937,-0.0372792791184704
2025-05-15,A091160,-0.007921797,-0.0410338925980729
2025-05-16,A091160,-0.008046798,-0.059948485955967
2025-05-19,A091160,-0.0067326766,-0.0076255743898006
2025-05-20,A091160,-0.0078329425,-0.0141477276432377
2025-05-21,A091160,0.0007103471,0.0077282625831481
2025-05-22,A091160,-0.0018075249,0.0437316646063982
2025-05-23,A091160,-0.0019342495,0.0298578610169048
2025-05-26,A091160,0.00031618876,0.0167962604941345
2025-05-27,A091160,0.0010824745,0.0531013542433603
2025-05-28,A091160,0.0010810101,0.0590100354276012
2025-05-29,A091160,0.0009648495,0.0578801114447849
2025-05-30,A091160,0.001028249,0.0735190065796336
2025-06-02,A091160,0.0011924471,0.1000453259852791
2025-06-04,A091160,0.0007028776,0.0661000439878305
2025-06-05,A091160,0.0006409024,0.0212423843859527
2025-06-09,A091160,0.0005650902,0.02233325093375
2025-06-10,A091160,0.0006042494,0.0355520884747282
2025-06-11,A091160,0.00048267667,0.0109526963186346
2025-06-12,A091160,0.00051617157,0.0127114235041047
2025-06-13,A091160,0.0006472658,0.0458537191082992
2025-06-16,A091160,0.0002783851,0.0196965093072168
2025-06-17,A091160,-0.0018456818,0.0544332869831583
2025-06-18,A091160,0.0009619745,0.067874287096465
2025-06-19,A091160,0.0009619745,0.0763814219137666
2025-06-20,A091160,0.00084710674,0.047355110209701
2025-06-23,A091160,0.0005051487,0.0649597001762505
2025-06-24,A091160,0.00058697833,0.0106485647844593
2025-06-25,A091160,0.0007927628,-0.0307339936468809
2025-06-26,A091160,0.0001558305,-0.0068050165868188
2025-06-27,A091160,0.00090445805,-0.0127563135655095
2025-06-30,A091160,0.00060374086,-0.021462383179346
2025-07-01,A091160,0.00057964603,-0.0001358049842516
2025-07-02,A091160,0.000494703,0.006744227613883
2025-07-03,A091160,0.0012490222,-0.0059084366861662
2025-07-04,A091160,0.0010026918,0.0225517625691855
2025-07-07,A091160,0.0008253275,0.0264225113191439
2025-07-08,A091160,0.0009194438,0.0275934999404506
2025-07-09,A091160,0.0016323669,0.0420393602257328
2025-07-10,A091160,0.0018087382,0.0005385754809059
2025-07-11,A091160,0.0015933834,-0.0119552770571059
2025-07-14,A091160,-0.0018737793,-0.0063049373795897
2025-07-15,A091160,-0.0069358572,-0.0376945959269544
2025-07-16,A091160,-0.0027161518,-0.0465763859502996
2025-07-17,A091160,-0.0072171,-0.0299223088728114
2025-07-18,A091160,-0.0069732633,-0.033109693796076
2025-07-21,A091160,-0.0018121098,-0.0100081982252048
2025-07-22,A091160,-3.0943924e-05,0.0076534472257647
2025-07-23,A091160,0.0021348763,0.0250387281191242
2025-07-24,A091160,0.0021206716,0.0419641990990322
2025-07-25,A091160,0.0023160987,-0.0004191407675752
2025-07-28,A091160,-0.005141458,-0.0226829437808082
2025-07-29,A091160,-0.0060967547,-0.0083396477604791
2025-07-30,A091160,-0.0060741487,-0.0264176582879798
2025-07-31,A091160,-0.0074483897,-0.0235494970777004
2025-08-01,A091160,-0.0077325627,0.0343393168449482
2025-08-04,A091160,-0.00301196,0.0427334035435099
2025-08-05,A091160,-0.0070206947,0.0293561831221377
2025-08-06,A091160,-0.0028138813,0.0614116560768214
2025-08-07,A091160,-0.0027828964,0.044214924827264
2025-08-08,A091160,-0.001660187,0.005655057483345
2025-08-11,A091160,-0.004932231,-0.0173356488106639
2025-08-12,A091160,-0.0006408113,-0.0350008597743102
2025-08-13,A091160,0.0015864979,-0.0748868894980495
2025-08-14,A091160,-0.0052131014,-0.062490940210831
2025-08-18,A091160,-0.0054747406,-0.0087654798977374
2025-08-19,A091160,-0.0061196606,0.0063509435817341
2025-08-20,A091160,-0.006816441,0.0264320565079741
2025-08-21,A091160,-0.0064858445,0.0464564408232118
2025-08-22,A091160,-0.0055425223,0.0402282806562427
2025-08-25,A091160,-0.00511498,-0.0169379817743248
2025-08-26,A091160,-0.005699269,-0.0153379321727206
2025-08-27,A091160,-0.0059566125,-0.0083716394952796
2025-08-28,A091160,-0.0012444933,-0.0054890023349888
2025-08-29,A091160,-0.0015324828,0.0022619928479185
2025-09-01,A091160,-0.0060498416,0.0506318275607975
2025-09-02,A091160,-0.0075722323,0.0721520578250891
2025-09-03,A091160,-0.0060890624,0.0936446950409692
2025-09-04,A091160,-0.0061101643,0.0915319532750796
2025-09-05,A091160,-0.0062097614,0.111085722135866
2025-09-08,A091160,-0.0042969817,0.1143430998968474
2025-09-09,A091160,-0.004288487,0.113901186197294
2025-09-10,A091160,-0.00439051,0.0662810445358401
2025-09-11,A091160,-0.0045598275,0.0965011000143099
2025-09-12,A091160,-0.0039236066,0.071368733854244
2025-09-15,A091160,-0.0016286304,0.0777308175065445
2025-09-16,A091160,0.0017016501,0.0637859100386638
2025-09-17,A091160,0.00088966166,0.085874454842673
2025-09-18,A091160,-0.0056639644,0.0360497802139708
2025-09-19,A091160,-0.0051919026,-0.0013297874300015
2025-09-22,A091160,-0.006051435,-0.0053096510937737
2025-09-23,A091160,-0.008368522,-0.0207768924906082
2025-09-24,A091160,-0.007326792,-0.0002121115714814
2025-09-25,A091160,-0.008259913,0.058248663364837
2025-09-26,A091160,-0.006743239,0.1424870676792033
2025-09-29,A091160,-0.007248919,0.1267724003609557
2025-09-30,A091160,-0.007238546,0.1015896817161488
2025-10-01,A091160,-0.0068802196,0.1162261745394303
2025-10-02,A091160,-0.008631993,0.0898753085955607
2025-10-10,A091160,-0.008852828,0.0357973718332092
2025-10-13,A091160,0.0030506824,0.0541175947899346
2025-10-14,A091160,0.0022073667,0.0696477932472132
2025-10-15,A091160,-0.0139651345,0.038802960474951
2025-10-16,A091160,-0.01105765,0.0118649356951909
2025-10-17,A091160,-0.0077512236,0.044814755085074
2025-10-20,A091160,-0.007645402,0.0440771856904646
2025-10-21,A091160,0.0069361744,0.0329080855437626
2025-10-22,A091160,0.006722633,0.0503936255685467
2025-10-23,A091160,0.0066500697,0.0670953666543339
2025-10-24,A091160,0.0075380234,0.0413612387399945
2025-10-27,A091160,0.0076859053,0.0576499351081387
2025-10-28,A091160,0.008553231,0.0639008455819096
2025-10-29,A091160,0.0063770483,0.0048250998317568
2025-10-30,A091160,0.0044432483,0.0073260400920728
2025-10-31,A091160,0.0030832025,-0.0239480821950943
2025-11-03,A091160,0.0039784624,-0.0372112674308647
2025-11-04,A091160,0.003951589,-0.0051718500332088
2025-11-05,A091160,0.0064430214,0.0258785068746815
2025-11-06,A091160,0.006698678,0.0111412361070001
2025-11-07,A091160,0.0071662464,-0.0220370310467291
2025-11-10,A091160,0.0074251,-0.0021273887953635
2025-11-11,A091160,0.0007207756,-0.0648675317943501
2025-11-12,A091160,0.0055157626,-0.0789195705850822
2025-11-13,A091160,0.005518999,-0.0561911621409362
2025-11-14,A091160,0.0028998826,-0.0690883687892252
2025-11-17,A091160,-0.00056038843,-0.1045184740831265
2025-11-18,A091160,0.004997648,-0.0418227032840765
2025-11-19,A091160,0.0029978831,-0.0072773904365595
2025-11-20,A091160,0.010786136,-0.0107115190006426
2025-11-21,A091160,0.009153969,0.0612143123583193
2025-11-24,A091160,0.0069425516,0.0601015597771431
2025-11-25,A091160,0.0056080585,0.059863518014968
2025-11-26,A091160,0.0032220692,0.0492552470994921
2025-11-27,A091160,0.0027483841,0.0119537551852338
2025-11-28,A091160,0.013834657,0.0289516037806667
2025-12-01,A091160,0.015103531,0.0378359752095627
2025-12-02,A091160,0.012939262,0.0095944913937608
2025-12-03,A091160,0.01263236,0.0084812278180559
2025-12-04,A091160,0.015483902,0.0184507079131166
2025-12-05,A091160,0.013955171,0.0013953085022977
2025-12-08,A091160,0.013874584,-0.0387269232371366
2025-12-09,A091160,0.012922913,-0.0607494125885905
2025-12-10,A091160,0.014302993,-0.0317820577794976
2025-12-11,A091160,0.01278959,-0.0326505446319894
2025-12-12,A091160,0.011202864,-0.0368357598524201
2025-12-15,A091160,0.0067071156,0.0332238998914211
2025-12-16,A091160,0.007453649,0.0727431712719997
2025-12-17,A091160,0.007276205,0.0279830547645714
2025-12-18,A091160,0.0063537234,0.0683930634075483
2025-12-19,A091160,0.006157987,0.0940764748322858
2025-12-22,A091160,0.0016716806,0.0555092610538165
2024-07-30,A144600,-0.0037391412,-0.0396980419988747
2024-07-31,A144600,0.0003409685,-0.0538334646948076
2024-08-01,A144600,-6.859618e-05,-0.0744429195482684
2024-08-02,A144600,-0.000430901,-0.0552562257507454
2024-08-05,A144600,0.0074533527,-0.0136002884718317
2024-08-06,A144600,0.00017257176,0.0261111440036858
2024-08-07,A144600,0.00012695011,0.0239341301099222
2024-08-08,A144600,0.0028463267,0.0485570910999698
2024-08-09,A144600,0.001566886,0.0552562257507454
2024-08-12,A144600,0.0015259559,0.0651089081482118
2024-08-13,A144600,0.0011585559,0.0669023982524168
2024-08-14,A144600,0.00080222124,0.0581870966695827
2024-08-16,A144600,0.0010965413,0.0324890030869479
2024-08-19,A144600,0.0003438361,0.0261550496767449
2024-08-20,A144600,6.8320616e-05,0.0164134620661892
2024-08-21,A144600,0.000118062184,-0.0065110452326729
2024-08-22,A144600,-0.0006118713,0.0018577007014446
2024-08-23,A144600,0.0005908864,0.00842622717996
2024-08-26,A144600,0.0002080974,-0.0433376029967416
2024-08-27,A144600,0.0003680022,-0.0572122140153502
2024-08-28,A144600,-0.00087471184,-0.0564340862805419
2024-08-29,A144600,0.00042058618,-0.0445951892020303
2024-08-30,A144600,0.0004278902,-0.0245387926107173
2024-09-02,A144600,-0.00039958252,-0.0281213609854032
2024-09-03,A144600,-0.0007230961,-0.0019387365514248
2024-09-04,A144600,-2.1700736e-05,0.0280392200643931
2024-09-05,A144600,0.00022375934,0.0134928801080743
2024-09-06,A144600,-0.00046682035,0.0373226628663242
2024-09-09,A144600,0.0015692565,0.1039334729611382
2024-09-10,A144600,-0.0002747452,0.0897729397533506
2024-09-11,A144600,-0.00037716315,0.0729277719316486
2024-09-12,A144600,-0.0004593147,0.0628858063576113
2024-09-13,A144600,0.00050858554,0.0561965703007028
2024-09-19,A144600,-0.0026856246,0.0314530012624222
2024-09-20,A144600,-0.0023145322,0.0234933666293915
2024-09-23,A144600,-0.002981048,0.0185698147166543
2024-09-24,A144600,-0.003080565,0.0125068630439682
2024-09-25,A144600,-0.0030946154,0.0121087796741203
2024-09-26,A144600,-0.0027405722,-0.007640252480605
2024-09-27,A144600,-0.0033057232,-0.0155420922968332
2024-09-30,A144600,-0.0032894444,-0.0338592572642773
2024-10-02,A144600,-0.003693063,-0.0008881784045993
2024-10-04,A144600,-0.002308882,-0.023309456799222
2024-10-07,A144600,-0.0043780725,-0.0229206084781984
2024-10-08,A144600,-0.0042154565,0.007888549979724
2024-10-10,A144600,-0.0009638371,0.0294690491417025
2024-10-11,A144600,-0.0039559845,0.0226663485739795
2024-10-14,A144600,-0.0040910044,0.0767067947308786
2024-10-15,A144600,-0.0052876743,0.0964930653725053
2024-10-16,A144600,-0.0044228337,0.090584521233109
2024-10-17,A144600,-0.0038634797,0.0791487983864303
2024-10-18,A144600,-0.0035259805,0.047498751880481
2024-10-21,A144600,-0.0020268622,-0.0114755357668613
2024-10-22,A144600,-0.0025820832,-0.0105821093305369
2024-10-23,A144600,-0.0039249905,-0.0120338395637235
2024-10-24,A144600,-0.001743974,-0.0098040000966208
2024-10-25,A144600,-0.0026358643,-0.0209265190633699
2024-10-28,A144600,-0.0099642705,-0.0265657590742825
2024-10-29,A144600,-0.0052678073,-0.0433141863774049
2024-10-30,A144600,-0.005097924,-0.0708971393522764
2024-10-31,A144600,-0.0026376138,-0.0835244048838888
2024-11-01,A144600,0.0019040478,-0.0395117384102362
2024-11-04,A144600,0.0011239062,-0.0439593184994498
2024-11-05,A144600,0.0032943103,-0.0706300729718128
2024-11-06,A144600,0.0036090645,-0.03509131981127
2024-11-07,A144600,-0.0031934434,-0.0398778372590965
2024-11-08,A144600,0.0036430254,-0.0422382850304587
2024-11-11,A144600,-0.0037659672,-0.0250819311109235
2024-11-12,A144600,-3.937282e-05,0.0351419168564134
2024-11-13,A144600,-0.0031393024,0.0017930791965711
2024-11-14,A144600,-0.0055335043,0.0434416329055199
2024-11-15,A144600,-0.006950873,0.0235859990058792
2024-11-18,A144600,-0.0069004614,0.0027176391397685
2024-11-19,A144600,-0.009893095,-0.0351419168564134
2024-11-20,A144600,-0.0115868235,-0.0126196014027729
2024-11-21,A144600,-0.011971131,-0.0425132139362225
2024-11-22,A144600,-0.010766576,-0.009910883899454
2024-11-25,A144600,-0.007716488,-0.020841705036285
2024-11-26,A144600,-0.005403811,0.0199752419774869
2024-11-27,A144600,-0.007199797,0.0126196014027729
2024-11-28,A144600,-0.0063539688,0.046950172142582
2024-11-29,A144600,-0.0070339334,0.0241536028530559
2024-12-02,A144600,-0.0069311126,0.0343202090230759
2024-12-03,A144600,-0.009953228,0.0394834507421702
2024-12-04,A144600,-0.011300482,0.0358940714398129
2024-12-05,A144600,-0.010352194,0.0363423459683107
2024-12-06,A144600,-0.0073987097,-0.0160374071596479
2024-12-09,A144600,0.0012677868,-0.0207420187610784
2024-12-10,A144600,0.0008587011,-0.0539712086733492
2024-12-11,A144600,0.0017274889,-0.0567111866410811
2024-12-12,A144600,0.0005772428,-0.0954297224683901
2024-12-13,A144600,0.0017956259,-0.063784359747209
2024-12-16,A144600,0.007969332,-0.0256589988371415
2024-12-17,A144600,0.0045635775,-0.0210145982112133
2024-12-18,A144600,0.0027172188,-0.0173436081661777
2024-12-19,A144600,0.0038864466,0.0121372043574971
2024-12-20,A144600,0.004494128,0.0208419821643035
2024-12-23,A144600,0.003901759,-0.0141231986913639
2024-12-24,A144600,0.004983926,-0.0074794664312926
2024-12-26,A144600,0.0047181523,-0.0074724801282193
2024-12-27,A144600,0.0044460157,0.0118082552861685
2024-12-30,A144600,0.0037254782,0.0220685822158209
2025-01-02,A144600,0.0030562428,0.0352155625031804
2025-01-03,A144600,0.0040534055,0.0366692396130379
2025-01-06,A144600,0.003881309,0.037538906222365
2025-01-07,A144600,0.004121335,-0.016458993833498
2025-01-08,A144600,0.0033518241,-0.0099539992384732
2025-01-09,A144600,0.003530196,0.0270921391887012
2025-01-10,A144600,0.0054491945,0.0188194460046153
2025-01-13,A144600,0.0034181417,0.0009026085999564
2025-01-14,A144600,0.0032889126,0.0373327892005826
2025-01-15,A144600,0.0039722933,0.0353084903356961
2025-01-16,A144600,0.0010884812,-0.0116499211671169
2025-01-17,A144600,0.0019470287,-0.0125068630439681
2025-01-20,A144600,0.0019494488,0.0456748700431405
2025-01-21,A144600,0.001294104,0.016037407159648
2025-01-22,A144600,0.00012819572,0.0238548284802111
2025-01-23,A144600,0.00047918296,0.0533553457330014
2025-01-24,A144600,0.00027418954,0.0437949172811954
2025-01-31,A144600,0.0012265549,0.0017223566090413
2025-02-03,A144600,0.0008083156,0.0199516593678107
2025-02-04,A144600,0.002926624,0.0033121271453774
2025-02-05,A144600,0.0017430325,-0.0188050051072268
2025-02-06,A144600,0.0020090125,0.0060049935960857
2025-02-07,A144600,0.00094526686,0.0321734489144072
2025-02-10,A144600,0.0014500535,0.0222764523462023
2025-02-11,A144600,0.0010358412,0.0181086262490012
2025-02-12,A144600,0.0007198539,0.0315418674525013
2025-02-13,A144600,0.00043451422,0.0152778391760252
2025-02-14,A144600,0.001938342,-0.0159573386856448
2025-02-17,A144600,0.00210985,-0.0068015905807395
2025-02-18,A144600,0.0014815297,-0.0103075985624463
2025-02-19,A144600,0.0016981194,-0.0385324586608932
2025-02-20,A144600,0.0014306525,-0.0410957853668208
2025-02-21,A144600,9.2723705e-05,-0.0546317783902218
2025-02-24,A144600,0.00063396624,-0.0327784482644658
2025-02-25,A144600,-0.00058200187,-0.0060621992185313
2025-02-26,A144600,-0.00018606301,0.0257955963156187
2025-02-27,A144600,0.0003946566,0.0241059101622806
2025-02-28,A144600,-0.00012897977,0.0349679833121435
2025-03-04,A144600,-4.6826826e-05,0.0129621713272713
2025-03-05,A144600,-0.00035264547,0.0180774484691708
2025-03-06,A144600,0.00037591724,0.0085092412689327
2025-03-07,A144600,-3.992823e-05,0.0409590653175365
2025-03-10,A144600,-0.00033791107,0.0439185593965317
2025-03-11,A144600,0.000585949,0.0565007354209779
2025-03-12,A144600,0.00055363885,0.0416065356892118
2025-03-13,A144600,0.0002695861,0.0251017195651526
2025-03-14,A144600,7.459091e-05,-0.0231272266044713
2025-03-17,A144600,0.0010036934,-0.01834607826658
2025-03-18,A144600,0.00090128696,-0.0256552468267021
2025-03-19,A144600,0.0007852636,-0.0146734147011931
2025-03-20,A144600,0.0010533792,-0.0008266512829181
2025-03-21,A144600,0.00017367482,0.0474988634257573
2025-03-24,A144600,0.0003593153,0.0386314131404365
2025-03-25,A144600,0.00043412566,0.0330293072794172
2025-03-26,A144600,0.00051612017,0.0089286307443013
2025-03-27,A144600,0.00039933476,-0.025971133817716
2025-03-28,A144600,0.005388061,-0.1116222768818025
2025-03-31,A144600,0.005196806,-0.162661830872253
2025-04-01,A144600,0.00558106,-0.1422221089619845
2025-04-02,A144600,0.0054793246,-0.1293309382442797
2025-04-03,A144600,0.005919814,-0.0674057522592058
2025-04-04,A144600,-0.0047657066,-0.0063012180767291
2025-04-07,A144600,-0.003075488,0.0723915609380167
2025-04-08,A144600,-0.0034074055,0.0689050327587996
2025-04-09,A144600,0.011033492,0.071213458983593
2025-04-10,A144600,0.006956774,0.0417875714185277
2025-04-11,A144600,0.0049475715,0.0328655567870884
2025-04-14,A144600,-0.008504751,0.0269294118786313
2025-04-15,A144600,0.003226284,0.015514997872733
2025-04-16,A144600,-0.009582504,0.0093766965880178
2025-04-17,A144600,-0.010189246,0.0205126557954198
2025-04-18,A144600,-0.009492502,0.0257065824541303
2025-04-21,A144600,-0.0077733733,-0.0025913463580969
2025-04-22,A144600,0.006325674,0.0043151875020991
2025-04-23,A144600,0.001824656,0.0
2025-04-24,A144600,0.0027628122,-0.0205126557954199
2025-04-25,A144600,0.0029025665,-0.0094122368508306
2025-04-28,A144600,0.0036976067,-0.0146369576020805
2025-04-29,A144600,0.0033620116,-0.0163226405651548
2025-04-30,A144600,0.0023427051,0.0008637816897093
2025-05-02,A144600,-0.0010294213,0.0119450913940963
2025-05-07,A144600,-0.010958178,-0.0121087796741204
2025-05-08,A144600,-0.010835647,-0.0177089805890359
2025-05-09,A144600,-0.010413807,-0.0035075448096773
2025-05-12,A144600,-0.010424979,-0.0163652677453942
2025-05-13,A144600,-0.010653154,-0.0268589567319499
2025-05-14,A144600,-0.010614395,0.013826697980145
2025-05-15,A144600,-0.010633525,0.052043414977813
2025-05-16,A144600,-0.010862386,0.0258403348305663
2025-05-19,A144600,-0.010022045,0.0326369293130225
2025-05-20,A144600,-0.010395025,0.0337188704450803
2025-05-21,A144600,-0.004098251,0.000857853702776
2025-05-22,A144600,-0.006258184,-0.0093721398288632
2025-05-23,A144600,-0.005697249,-0.006871698574245
2025-05-26,A144600,-0.0035163912,-0.0111045815216825
2025-05-27,A144600,-0.00292022,0.0336109608340853
2025-05-28,A144600,-0.0029357204,0.0393460301559945
2025-05-29,A144600,-0.0032065033,0.084339889583245
2025-05-30,A144600,-0.003251413,0.0988924786505409
2025-06-02,A144600,-0.0027840652,0.0931056933306078
2025-06-04,A144600,-0.00427474,0.0505906843691854
2025-06-05,A144600,-0.004273157,0.0459202705085868
2025-06-09,A144600,-0.0036041446,0.0023575649426546
2025-06-10,A144600,-0.0034610473,-0.0007810669771449
2025-06-11,A144600,0.00088411075,0.0224415515586722
2025-06-12,A144600,0.0012415414,0.0023538653473287
2025-06-13,A144600,0.0016471389,-0.0190784801052385
2025-06-16,A144600,0.001294624,-0.0126383988717227
2025-06-17,A144600,-0.0003519653,-0.0187717476772158
2025-06-18,A144600,0.0018150298,-0.0380582424665292
2025-06-19,A144600,0.0023184523,-0.0039261927152811
2025-06-20,A144600,0.0019865795,0.0237917645573366
2025-06-23,A144600,0.0017996625,0.0047581374464167
2025-06-24,A144600,0.0011441138,0.0023856870162031
2025-06-25,A144600,0.00085206924,-0.0007952286701383
2025-06-26,A144600,0.0010325621,0.0123545241754172
2025-06-27,A144600,0.0018532475,0.008428331460136
2025-06-30,A144600,0.0012046447,0.0086648828857237
2025-07-01,A144600,0.0012428904,0.0202853091481501
2025-07-02,A144600,0.0012219535,0.0156290181052969
2025-07-03,A144600,0.0017438714,-0.0084283314601361
2025-07-04,A144600,0.0017479517,0.0291029882661238
2025-07-07,A144600,0.0013892101,0.0708421409258707
2025-07-08,A144600,0.0024423073,0.0425142107313599
2025-07-09,A144600,0.0021637166,0.036149440989278
2025-07-10,A144600,0.0022773691,0.0352642591316172
2025-07-11,A144600,0.002368414,0.0075199632462237
2025-07-14,A144600,-0.00085386774,-0.02067104459454
2025-07-15,A144600,-0.005121511,0.0133374828333442
2025-07-16,A144600,-0.0012570934,0.0362003627897118
2025-07-17,A144600,-0.0058160927,0.028931334874608
2025-07-18,A144600,-0.006814673,0.0184090709447419
2025-07-21,A144600,-0.00064516725,-0.0050852637256513
2025-07-22,A144600,0.001509719,-0.0206744926128799
2025-07-23,A144600,0.002551523,-0.0346907006672431
2025-07-24,A144600,0.0021713476,-0.0511153701441295
2025-07-25,A144600,0.002536868,-0.0681736383693239
2025-07-28,A144600,-0.004359999,-0.0319954165998335
2025-07-29,A144600,-0.005380431,-0.0243395039156307
2025-07-30,A144600,-0.0041846246,-0.0090923493489186
2025-07-31,A144600,-0.006121169,0.026713028518228
2025-08-01,A144600,-0.005106375,0.0520095732316707
2025-08-04,A144600,-0.0023952944,0.0267334334745251
2025-08-05,A144600,-0.005323016,0.0137637896941143
2025-08-06,A144600,-0.0017189141,0.0158577664188464
2025-08-07,A144600,-0.0012963474,0.0067552609961249
2025-08-08,A144600,-0.0008112925,-0.0112757715766699
2025-08-11,A144600,-0.0037946762,-0.0098463266145247
2025-08-12,A144600,0.00033843922,-0.0207173833465283
2025-08-13,A144600,0.0020982174,-0.0166192071013378
2025-08-14,A144600,-0.0026935982,-0.0143150188014644
2025-08-18,A144600,-0.0027078032,0.0207982360331039
2025-08-19,A144600,-0.0033981104,0.022428877279765
2025-08-20,A144600,-0.0047298796,0.0372865227608945
2025-08-21,A144600,-0.0051177563,0.0291268150642538
2025-08-22,A144600,-0.0038092898,0.0268040303722392
2025-08-25,A144600,-0.004324695,0.0524994377244292
2025-08-26,A144600,-0.0043215523,0.0583980936654849
2025-08-27,A144600,-0.005036949,0.0612746855279991
2025-08-28,A144600,-0.00016992356,0.0482403999198633
2025-08-29,A144600,-0.0008211269,0.0495778759076813
2025-09-01,A144600,-0.005152711,-0.0021098537962379
2025-09-02,A144600,-0.006487582,0.0069959708873004
2025-09-03,A144600,-0.005846559,0.0
2025-09-04,A144600,-0.0051198164,0.0021128256327965
2025-09-05,A144600,-0.0059804395,0.0263647850218415
2025-09-08,A144600,-0.0033238626,0.0291403996309528
2025-09-09,A144600,-0.0035533397,0.0300784880598631
2025-09-10,A144600,-0.0033238626,0.0181013018100103
2025-09-11,A144600,-0.0030371472,0.0042123061441721
2025-09-12,A144600,-0.004030502,-0.0034295938684957
2025-09-15,A144600,-0.0010217275,0.0295110009673657
2025-09-16,A144600,0.0022890652,0.0247223120810273
2025-09-17,A144600,0.0017706322,0.0490069791581101
2025-09-18,A144600,-0.004312391,0.0616708150457007
2025-09-19,A144600,-0.004028186,0.0655514750146067
2025-09-22,A144600,-0.0049101855,0.0720952113344591
2025-09-23,A144600,-0.006241094,0.0679892000786431
2025-09-24,A144600,-0.005780907,0.0584349895811149
2025-09-25,A144600,-0.006240213,0.0709318853034515
2025-09-26,A144600,-0.0049912957,0.0506882207625295
2025-09-29,A144600,-0.0057345955,0.0510585250473479
2025-09-30,A144600,-0.0059575434,0.0579733623686657
2025-10-01,A144600,-0.006047989,0.0920488596348794
2025-10-02,A144600,-0.007230098,0.0911851718591422
2025-10-10,A144600,-0.006698734,0.1129047777911555
2025-10-13,A144600,0.0034572098,0.0132946564548117
2025-10-14,A144600,0.0043222145,0.0091515263662043
2025-10-15,A144600,-0.006670514,-0.0604550871885811
2025-10-16,A144600,-0.0067282193,-0.0682570127386199
2025-10-17,A144600,-0.0072149974,-0.1080231473988743
2025-10-20,A144600,-0.012229836,-0.0405468933464443
2025-10-21,A144600,0.003777191,-0.0820338491973855
2025-10-22,A144600,0.00068155996,-0.0198890863650694
2025-10-23,A144600,0.004007687,-0.0223147750615434
2025-10-24,A144600,0.008857304,0.0161819736805875
2025-10-27,A144600,0.007536123,0.0064935293105483
2025-10-28,A144600,0.0067710695,0.0142921714464774
2025-10-29,A144600,0.0118739735,-0.0036814374625655
2025-10-30,A144600,0.012314808,0.0121893269333284
2025-10-31,A144600,0.0119797615,-0.007092654605565
2025-11-03,A144600,0.006174711,0.0160517090105078
2025-11-04,A144600,0.0070226598,0.0706203716612458
2025-11-05,A144600,0.007889884,0.0766513646544928
2025-11-06,A144600,0.007830081,0.118240621495357
2025-11-07,A144600,0.008546689,0.0840714421280859
2025-11-10,A144600,0.008664307,0.0191594645792961
2025-11-11,A144600,0.007144731,-0.0255035656771827
2025-11-12,A144600,0.005609971,0.0005691843741803
2025-11-13,A144600,0.01167085,-0.0613716715097895
2025-11-14,A144600,0.017217947,-0.0680347174042485
2025-11-17,A144600,0.0044256723,-0.0144524660087196
2025-11-18,A144600,0.0037709768,0.0357987835832607
2025-11-19,A144600,0.007980291,0.0090631638841638
2025-11-20,A144600,0.015946982,0.0386174373917337
2025-11-21,A144600,0.014961551,0.0926840455726767
2025-11-24,A144600,0.014553007,0.1334433399102407
2025-11-25,A144600,0.015370475,0.1054287960170075
2025-11-26,A144600,0.012015745,0.1170434416472274
2025-11-27,A144600,0.012874524,0.0745640796771799
2025-11-28,A144600,0.010768732,0.0772335414483847
2025-12-01,A144600,0.016462518,0.024757758027583
2025-12-02,A144600,0.012721193,0.01272087575714
2025-12-03,A144600,0.011738206,0.0507564328071707
2025-12-04,A144600,0.014376637,0.0768929003572528
2025-12-05,A144600,0.014322372,0.0883377532993043
2025-12-08,A144600,0.015609211,0.0760103506999199
2025-12-09,A144600,0.015292557,0.0751691946804842
2025-12-10,A144600,0.017742308,0.0719191981179441
2025-12-11,A144600,0.01602411,0.0661875015372859
2025-12-12,A144600,0.016177239,0.023920683905097
2025-12-15,A144600,0.0074332925,0.0843063159489721
2025-12-16,A144600,0.0073747314,0.0992165511277217
2025-12-17,A144600,0.013269097,0.0831437600855505
2025-12-18,A144600,0.015738638,0.1224864776372338
2025-12-19,A144600,0.008488399,0.1609956999572533
2025-12-22,A144600,0.008042439,0.0733942245521456
2024-07-30,A148070,-0.002444352,0.0040880226358807
2024-07-31,A148070,0.001064066,0.0056958118639897
2024-08-01,A148070,0.0008263984,0.0014547332025663
2024-08-02,A148070,0.0010257361,-0.0019319055511405
2024-08-05,A148070,0.0072821826,-0.0103446672979483
2024-08-06,A148070,0.00071167236,0.0029701580937159
2024-08-07,A148070,0.00034642316,0.0045462346915226
2024-08-08,A148070,0.00076788024,0.0009012406462561
2024-08-09,A148070,0.00096627104,0.0019778578434786
2024-08-12,A148070,0.00075491465,0.0001288209206955
2024-08-13,A148070,0.000171868,-0.001506965404457
2024-08-14,A148070,0.0007701447,-0.0023118640059357
2024-08-16,A148070,0.0014576669,-0.0012509199570862
2024-08-19,A148070,0.0018773013,0.0014234747119556
2024-08-20,A148070,0.0013115574,-0.0062392331393049
2024-08-21,A148070,0.0015143465,-0.0045160950848401
2024-08-22,A148070,0.00050491234,-0.0073193542103622
2024-08-23,A148070,0.0010328958,-0.0053431895491626
2024-08-26,A148070,0.0013318406,-0.0106933155327747
2024-08-27,A148070,0.0018198998,-0.0026050251825985
2024-08-28,A148070,7.717064e-06,-0.000480458292528
2024-08-29,A148070,0.0014414901,0.0043114458407054
2024-08-30,A148070,0.0017921403,0.0059964385660674
2024-09-02,A148070,0.001530537,0.0057898792893697
2024-09-03,A148070,0.00020720506,0.008761446777927
2024-09-04,A148070,0.0008461133,0.0091535714539469
2024-09-05,A148070,0.0007807052,0.0041186371126515
2024-09-06,A148070,0.00052628707,0.0059515524490093
2024-09-09,A148070,0.0001550466,0.0048116602868056
2024-09-10,A148070,0.0003853974,0.002619041458118
2024-09-11,A148070,0.00031709982,-0.0046261108505745
2024-09-12,A148070,0.00031449305,-0.0020571981613662
2024-09-13,A148070,0.00044503773,-0.0039760026727508
2024-09-19,A148070,0.0015916402,-0.0004681884406258
2024-09-20,A148070,0.0015525687,-0.0006518216810005
2024-09-23,A148070,0.0014626397,0.0034715879250899
2024-09-24,A148070,0.0019037451,0.0072730258036359
2024-09-25,A148070,0.0016969544,0.0004221694063308
2024-09-26,A148070,0.002048292,-0.0076227538977149
2024-09-27,A148070,0.0014333366,-0.0052391573311532
2024-09-30,A148070,0.001263447,-0.0067891046755617
2024-10-02,A148070,0.0009563136,-0.0114463200524058
2024-10-04,A148070,0.00080419943,-0.0058435838733132
2024-10-07,A148070,0.00021159316,0.0054349715090795
2024-10-08,A148070,0.0002586942,0.0066157463614607
2024-10-10,A148070,0.00019264691,0.0047792566647996
2024-10-11,A148070,0.00015573863,0.0019460193457127
2024-10-14,A148070,0.00015098813,0.0029674706136866
2024-10-15,A148070,0.00018388427,-0.0064717974337374
2024-10-16,A148070,0.00016969042,-0.0093335915088501
2024-10-17,A148070,0.0008316583,-0.0024926773301708
2024-10-18,A148070,0.00084586313,0.0028246657017048
2024-10-21,A148070,0.0007338917,-0.0040478979030738
2024-10-22,A148070,0.00078999955,0.0021650036675627
2024-10-23,A148070,0.0007913135,0.0028101590887062
2024-10-24,A148070,0.0008263984,-0.0024158164664829
2024-10-25,A148070,0.0006801047,-0.0024009173650246
2024-10-28,A148070,-0.0050313855,0.0025376157274113
2024-10-29,A148070,-0.0010887813,0.0046012280404511
2024-10-30,A148070,-0.0016325339,-0.0020791277004575
2024-10-31,A148070,0.00094853214,0.0012455197502719
2024-11-01,A148070,0.0007878218,0.0030071338579818
2024-11-04,A148070,-0.00017960827,0.0046891463424139
2024-11-05,A148070,0.0007459079,0.0048914662230923
2024-11-06,A148070,0.0015057961,0.005773911760248
2024-11-07,A148070,-0.003463988,0.0024955925707682
2024-11-08,A148070,0.0019799545,-0.0020221524423626
2024-11-11,A148070,-0.0031969605,-0.0015881689367337
2024-11-12,A148070,-0.0030107128,-0.0013741676997738
2024-11-13,A148070,-0.0029033166,0.0048442239396477
2024-11-14,A148070,-0.0031961952,0.0082161752960433
2024-11-15,A148070,-0.0044447966,0.0088123245836611
2024-11-18,A148070,-0.0036009585,0.0116822584767999
2024-11-19,A148070,-0.0038614348,0.0106052688484726
2024-11-20,A148070,-0.0048452006,0.0110860431455664
2024-11-21,A148070,-0.005344876,0.0150920638343557
2024-11-22,A148070,-0.0035382565,0.0181834693750688
2024-11-25,A148070,-0.0030107128,0.0181501677845757
2024-11-26,A148070,-0.0027736523,0.0144624666169222
2024-11-27,A148070,-0.0032105467,0.0087596537187398
2024-11-28,A148070,-0.0028464382,0.0038473485987204
2024-11-29,A148070,-0.002684218,-0.0009139130447594
2024-12-02,A148070,-0.0027452444,4.458612926261462e-05
2024-12-03,A148070,-0.0029865874,0.0001251586834939
2024-12-04,A148070,-0.0022378797,-4.486417372163988e-05
2024-12-05,A148070,-0.0031634388,-0.004350660581879
2024-12-06,A148070,-0.00085952296,-0.0004572699272282
2024-12-09,A148070,0.0022661916,-0.008948024466554
2024-12-10,A148070,0.0026154933,-0.0122229689988159
2024-12-11,A148070,0.0031495956,-0.0032805332195574
2024-12-12,A148070,0.002441045,-0.0099563541553464
2024-12-13,A148070,0.0024199148,-0.0165934261171419
2024-12-16,A148070,0.002965867,-0.0106825190145753
2024-12-17,A148070,0.0023413787,-0.0086522397435726
2024-12-18,A148070,0.0017282328,-0.0161817150252901
2024-12-19,A148070,0.0020593365,-0.0071715596756966
2024-12-20,A148070,0.0020218487,-0.001067396611778
2024-12-23,A148070,0.0019919346,0.001844340081165
2024-12-24,A148070,0.003027265,0.0080366991346668
2024-12-26,A148070,0.002695809,0.0070566647083682
2024-12-27,A148070,0.0024032397,0.010905511213129
2024-12-30,A148070,0.0020663894,0.0080819723813549
2025-01-02,A148070,0.0018290625,0.0049438262247176
2025-01-03,A148070,0.00276068,-0.002538578672042
2025-01-06,A148070,0.0024728181,-0.0024195467424205
2025-01-07,A148070,0.0022145067,-0.0048695874565392
2025-01-08,A148070,0.0018354849,-0.0064949744834959
2025-01-09,A148070,0.0019367684,-0.0019709784419606
2025-01-10,A148070,0.0018004002,0.004203285471033
2025-01-13,A148070,0.001779773,0.0079370895394687
2025-01-14,A148070,0.0017342514,0.0109301574090757
2025-01-15,A148070,0.0028899682,0.0119939838031981
2025-01-16,A148070,0.0024047417,0.0048481332179651
2025-01-17,A148070,0.0028570718,0.0022664178192878
2025-01-20,A148070,0.0024032397,0.0021840966796382
2025-01-21,A148070,0.002729357,-0.0001348805634657
2025-01-22,A148070,0.0017574921,0.0004771400496541
2025-01-23,A148070,0.0031239227,0.0028239968403458
2025-01-24,A148070,0.0025684647,0.0072164196181242
2025-01-31,A148070,0.0024209768,0.0030425530487836
2025-02-03,A148070,0.0022893168,0.0010875183635592
2025-02-04,A148070,0.0018302532,0.0003959433852694
2025-02-05,A148070,0.0025470674,-0.0041307683548408
2025-02-06,A148070,0.0025684647,-0.0067745701553573
2025-02-07,A148070,0.0024720621,0.0008265502779522
2025-02-10,A148070,0.0030008995,-0.0022572459504371
2025-02-11,A148070,0.0028570718,-0.0012153240334023
2025-02-12,A148070,0.0021798778,0.0016579567683237
2025-02-13,A148070,0.002542041,0.0003064747317547
2025-02-14,A148070,0.003162997,-0.0012131070953801
2025-02-17,A148070,0.0023375722,0.0040791078941701
2025-02-18,A148070,0.0030222968,0.0068942264846815
2025-02-19,A148070,0.00391815,0.0100865279384043
2025-02-20,A148070,0.0030222968,0.0107035346360991
2025-02-21,A148070,0.0015696444,0.0118343518654542
2025-02-24,A148070,0.0015554394,0.0090598521216274
2025-02-25,A148070,0.0012946943,0.0012159143205698
2025-02-26,A148070,0.0011482066,-0.0043589400350231
2025-02-27,A148070,0.0019103383,-0.0014276793716151
2025-02-28,A148070,0.0018977489,-0.0066328729656877
2025-03-04,A148070,0.0034913933,-0.0041314646199426
2025-03-05,A148070,0.0023451562,0.0017675893083382
2025-03-06,A148070,0.0024199253,0.0026372855730177
2025-03-07,A148070,0.002240027,-0.0021990408175198
2025-03-10,A148070,0.0013715887,-4.4724919390777744e-05
2025-03-11,A148070,0.0019408762,-0.0008212013207967
2025-03-12,A148070,0.0020612122,-0.0035025053675811
2025-03-13,A148070,0.002458066,0.0002945863092232
2025-03-14,A148070,0.0018977489,0.0003847341132139
2025-03-17,A148070,0.0017809643,0.000169944053038
2025-03-18,A148070,0.002240027,-0.0026825249689138
2025-03-19,A148070,0.0022804681,-0.0016841354871948
2025-03-20,A148070,0.0017769476,-0.0038005688467269
2025-03-21,A148070,0.0018004002,-0.0018624146926765
2025-03-24,A148070,0.0022690312,0.0036691064359724
2025-03-25,A148070,0.0022474031,0.003673238229556
2025-03-26,A148070,0.0017892434,0.0066483427496389
2025-03-27,A148070,0.0023905674,0.0093102736991411
2025-03-28,A148070,0.002254232,0.0126549585147209
2025-03-31,A148070,0.001779773,0.0107950104847121
2025-04-01,A148070,0.0024521216,0.0084214764393119
2025-04-02,A148070,0.002240027,0.0032721611213287
2025-04-03,A148070,0.0021582989,0.0038980532539243
2025-04-04,A148070,0.0011675174,0.0002566042424567
2025-04-07,A148070,-0.00040576214,-0.0029397894461238
2025-04-08,A148070,-0.00058306544,0.0034616777768592
2025-04-09,A148070,0.0021888833,0.0093922292842439
2025-04-10,A148070,0.009682663,0.0043496166719938
2025-04-11,A148070,0.00248805,0.0072022349895623
2025-04-14,A148070,-0.005041991,0.0078290867219152
2025-04-15,A148070,0.0016108281,0.0033530941899366
2025-04-16,A148070,-0.0057620564,0.0025032181603542
2025-04-17,A148070,-0.005803157,0.0024268441848986
2025-04-18,A148070,-0.00543796,0.0040761461960828
2025-04-21,A148070,-0.004488341,0.0013587732808021
2025-04-22,A148070,0.0018248699,0.0020362851865994
2025-04-23,A148070,0.00088116707,0.0045686558194113
2025-04-24,A148070,0.0017372797,0.0033842166633257
2025-04-25,A148070,0.001975066,-0.0015671308521935
2025-04-28,A148070,0.0021522194,-0.0010167145222977
2025-04-29,A148070,0.0019436287,-0.0041559642465107
2025-04-30,A148070,0.001638655,-0.0096695410636897
2025-05-02,A148070,0.0011077146,-0.009860095803932
2025-05-07,A148070,-0.0048802854,-0.0084645603103985
2025-05-08,A148070,-0.005271032,-0.0083833564542918
2025-05-09,A148070,-0.0053216363,0.0006777304212691
2025-05-12,A148070,-0.0052711563,-0.0042234792452344
2025-05-13,A148070,-0.005347157,0.0018810028727456
2025-05-14,A148070,-0.004867159,-0.0026101012407007
2025-05-15,A148070,-0.005276003,-0.0023107068558129
2025-05-16,A148070,-0.005542139,-0.006957532547001
2025-05-19,A148070,-0.004539038,-0.0004782527922812
2025-05-20,A148070,-0.0053254575,0.0002117223622008
2025-05-21,A148070,0.0008158251,0.0045257345370414
2025-05-22,A148070,-0.0013450503,0.0012843851554611
2025-05-23,A148070,-0.0014785746,-0.0020576686432459
2025-05-26,A148070,0.00052404474,-0.0017111829510748
2025-05-27,A148070,0.00074808556,-0.0138739379786369
2025-05-28,A148070,0.0007878109,-0.0134335082666064
2025-05-29,A148070,0.0008245552,-0.0072228138152313
2025-05-30,A148070,0.00071518944,-0.0055555203828057
2025-06-02,A148070,0.0008087018,-0.0065882842626928
2025-06-04,A148070,0.00027008643,0.0014746826519435
2025-06-05,A148070,0.00030254162,0.0009916957468497
2025-06-09,A148070,0.00017934617,-0.0014633452536361
2025-06-10,A148070,0.0005193081,-0.0002589412887421
2025-06-11,A148070,0.00033599822,-0.0005539671335377
2025-06-12,A148070,0.00035314568,0.0001696723987264
2025-06-13,A148070,0.00037572323,0.0001785794013407
2025-06-16,A148070,0.00028429137,0.0005177693185596
2025-06-17,A148070,-0.0009997665,0.0046507153434826
2025-06-18,A148070,0.00075491465,0.0055081335004656
2025-06-19,A148070,0.0007878109,0.0073131347898118
2025-06-20,A148070,0.000893154,0.0067890977178849
2025-06-23,A148070,-0.00011223113,0.0048255509018772
2025-06-24,A148070,0.00019637342,0.0032657147033051
2025-06-25,A148070,0.00039920132,-0.0015922791186337
2025-06-26,A148070,0.0007451226,-0.0024051166892407
2025-06-27,A148070,0.0009658475,-0.0032597766564922
2025-06-30,A148070,0.00029331085,-0.0025434218269734
2025-07-01,A148070,0.00038486958,-0.0061052475100343
2025-07-02,A148070,0.0001638149,-0.0016750721168146
2025-07-03,A148070,0.0010496929,0.0003908922164499
2025-07-04,A148070,0.0010316507,0.0014224627001775
2025-07-07,A148070,0.0007338917,-0.0027552525466359
2025-07-08,A148070,0.001041669,-0.0002942054912832
2025-07-09,A148070,0.0015387032,-0.0003478400505994
2025-07-10,A148070,0.0018162726,-0.0076321955401071
2025-07-11,A148070,0.0017955662,-0.0033638304598443
2025-07-14,A148070,-0.00143784,0.002496991532372
2025-07-15,A148070,-0.005010506,0.0031781809647576
2025-07-16,A148070,-0.002142933,0.0036151912860477
2025-07-17,A148070,-0.0049322275,0.0059965378456511
2025-07-18,A148070,-0.0041069933,0.0015498355288933
2025-07-21,A148070,-0.0008492576,0.0028816156976805
2025-07-22,A148070,0.00042894142,0.0009061995325092
2025-07-23,A148070,0.0019290172,0.0032655698061745
2025-07-24,A148070,0.0019393181,0.0051468287648702
2025-07-25,A148070,0.0019290172,0.0016362977087794
2025-07-28,A148070,-0.0033850002,0.0048373473022215
2025-07-29,A148070,-0.003850603,0.0058173932737309
2025-07-30,A148070,-0.0031969605,0.0029458229129206
2025-07-31,A148070,-0.005482154,0.0023957612693188
2025-08-01,A148070,-0.0053360453,0.0063772901939588
2025-08-04,A148070,-0.002861232,0.0006891433690889
2025-08-05,A148070,-0.004935696,-0.0022627243651557
2025-08-06,A148070,-0.0024485863,-0.0024763871572106
2025-08-07,A148070,-0.0018995825,-0.0009805957683718
2025-08-08,A148070,-0.0010615591,-0.0045307807252769
2025-08-11,A148070,-0.0042403964,-0.0054376838793087
2025-08-12,A148070,-0.0005414882,-0.0032083977570488
2025-08-13,A148070,0.0017733964,-0.0003897047150448
2025-08-14,A148070,-0.0032528192,-0.0039409005249791
2025-08-18,A148070,-0.0029656063,0.000815639036308
2025-08-19,A148070,-0.003484173,0.0011981204257258
2025-08-20,A148070,-0.00367294,0.0039779449563258
2025-08-21,A148070,-0.004721516,0.0029102573869455
2025-08-22,A148070,-0.0027653917,0.0046653973847871
2025-08-25,A148070,-0.0032647375,0.0009389339361474
2025-08-26,A148070,-0.0034700723,0.0001773772997183
2025-08-27,A148070,-0.003484173,-0.0064755575250414
2025-08-28,A148070,-0.001203727,-0.0048344347743461
2025-08-29,A148070,-0.001401473,-0.0023521100241872
2025-09-01,A148070,-0.0038950879,0.0010707254966268
2025-09-02,A148070,-0.005250389,0.0047861584979597
2025-09-03,A148070,-0.0038756398,0.0076685112871339
2025-09-04,A148070,-0.003579413,0.0064142766774861
2025-09-05,A148070,-0.0031640641,0.0043990672146275
2025-09-08,A148070,-0.0032528192,0.002861434434962
2025-09-09,A148070,-0.0029656063,0.0020454773004136
2025-09-10,A148070,-0.0035457585,0.0045642464976309
2025-09-11,A148070,-0.0028205148,0.0054879473555252
2025-09-12,A148070,-0.003297634,-0.0001674813019855
2025-09-15,A148070,-0.00097066996,-0.0006792909170064
2025-09-16,A148070,0.0014949648,-0.0007224924540686
2025-09-17,A148070,0.0012416062,-0.0052444975983501
2025-09-18,A148070,-0.0037469747,-0.010527433915417
2025-09-19,A148070,-0.0029656063,-0.0101985192007428
2025-09-22,A148070,-0.003919681,-0.0087038768300948
2025-09-23,A148070,-0.005159331,-0.0104550635594314
2025-09-24,A148070,-0.0044090473,-0.0076737496482624
2025-09-25,A148070,-0.0052367863,-0.0052877496577549
2025-09-26,A148070,-0.0033079337,-0.0005612297313993
2025-09-29,A148070,-0.003993698,0.0039536102602777
2025-09-30,A148070,-0.0040407996,0.0071708433900196
2025-10-01,A148070,-0.0040407996,0.0086983670521688
2025-10-02,A148070,-0.0051886286,0.0063950762860575
2025-10-10,A148070,-0.0032047664,0.0071653706556919
2025-10-13,A148070,0.0009240257,0.0020107809399699
2025-10-14,A148070,0.001124902,-0.0020536978192011
2025-10-15,A148070,-0.0054543586,-0.0005563429865459
2025-10-16,A148070,-0.005116762,-0.0014087317101464
2025-10-17,A148070,-0.005373711,-0.0014077089872623
2025-10-20,A148070,-0.004867159,-0.0051012597593785
2025-10-21,A148070,0.0022893168,-0.0015430459590327
2025-10-22,A148070,0.0022690312,-0.0090953681925696
2025-10-23,A148070,0.0018160486,-0.0102574142079613
2025-10-24,A148070,0.0028178305,-0.0115038537699152
2025-10-27,A148070,0.0026166458,-0.0095446495667184
2025-10-28,A148070,0.0028178305,-0.0110030960037158
2025-10-29,A148070,0.0011300732,-0.0090439198785041
2025-10-30,A148070,0.0011511327,-0.0098750898130864
2025-10-31,A148070,0.00090564304,-0.0142252220498247
2025-11-03,A148070,0.0015830254,-0.0110883499657921
2025-11-04,A148070,0.0011604056,-0.0104633657746694
2025-11-05,A148070,0.0018302532,-0.0161315027020831
2025-11-06,A148070,0.002052711,-0.0060978011892196
2025-11-07,A148070,0.0019050633,-0.0056795802291682
2025-11-10,A148070,0.0022145067,-0.0054628028853545
2025-11-11,A148070,0.0017606751,-0.0039976794045827
2025-11-12,A148070,0.0019050633,0.0033947833296322
2025-11-13,A148070,0.002165217,-0.0041864917013327
2025-11-14,A148070,0.0019867637,0.0049793542185356
2025-11-17,A148070,0.002254232,0.0017695729367068
2025-11-18,A148070,0.002715594,0.0011009559410402
2025-11-19,A148070,0.002254232,0.0030382165220887
2025-11-20,A148070,0.0012310155,-0.0012438153806306
2025-11-21,A148070,0.0023606203,-0.0058208125519763
2025-11-24,A148070,0.002240027,-0.0077031129162993
2025-11-25,A148070,0.0022751119,-0.0074573739237363
2025-11-26,A148070,0.0019111545,-0.011528505579629
2025-11-27,A148070,0.0022145067,-0.0010621252658065
2025-11-28,A148070,0.002864932,-0.0012818401652627
2025-12-01,A148070,0.0017464701,0.0002662981361092
2025-12-02,A148070,0.0020182298,-0.0058255625052903
2025-12-03,A148070,0.0025896037,-0.0033776820004426
2025-12-04,A148070,0.0026154548,-0.0060831238987736
2025-12-05,A148070,0.002597033,-0.0044442068997336
2025-12-08,A148070,0.0020204876,0.0043882823765937
2025-12-09,A148070,0.0020248313,0.0113440781092307
2025-12-10,A148070,0.0026012498,0.0083452017700641
2025-12-11,A148070,0.0026427638,0.0078130776947
2025-12-12,A148070,0.0025328624,0.0027111121590149
2025-12-15,A148070,0.0020930402,-0.0035439435263111
2025-12-16,A148070,0.0021791223,-0.0072516103446592
2025-12-17,A148070,0.0021020009,0.0
2025-12-18,A148070,0.0017913661,-0.0023439370543884
2025-12-19,A148070,0.0025688831,0.004313410751147
2025-12-22,A148070,0.003412709,0.0015857960030093
2024-07-30,A157450,-0.002444352,0.0008342433943553
2024-07-31,A157450,0.001064066,0.000881049067687
2024-08-01,A157450,0.0008263984,0.0007402653111467
2024-08-02,A157450,0.0010257361,0.0008807188733924
2024-08-05,A157450,0.0072821826,0.0006557500141302
2024-08-06,A157450,0.00065276003,0.0007399255728973
2024-08-07,A157450,0.00031925284,0.0009738740352066
2024-08-08,A157450,0.0007407098,0.0007397177237509
2024-08-09,A157450,0.0009073589,0.0006459918305395
2024-08-12,A157450,0.00075491465,0.0008799027058391
2024-08-13,A157450,0.000171868,0.00065517308272
2024-08-14,A157450,0.0007701447,0.0004678712877884
2024-08-16,A157450,0.0014576669,0.0006924041671169
2024-08-19,A157450,0.0018773013,0.0007391017911174
2024-08-20,A157450,0.0013115574,0.0004583658868949
2024-08-21,A157450,0.0015143465,0.0005986399827076
2024-08-22,A157450,0.00050491234,0.0006920480220838
2024-08-23,A157450,0.0010328958,0.0006545359573906
2024-08-26,A157450,0.0013318406,0.0004675038186709
2024-08-27,A157450,0.0018198998,0.0006450979790938
2024-08-28,A157450,7.717064e-06,0.0004674382599183
2024-08-29,A157450,0.0014414901,0.0005981420391795
2024-08-30,A157450,0.0017921403,0.0007381763642225
2024-09-02,A157450,0.001530537,0.0009250132637465
2024-09-03,A157450,0.00020720506,0.0009248490773146
2024-09-04,A157450,0.0008461133,0.0010556062541677
2024-09-05,A157450,0.0007807052,0.0010645550885367
2024-09-06,A157450,0.00052628707,0.0008776271021825
2024-09-09,A157450,0.0001550466,0.0011947098183189
2024-09-10,A157450,0.0003853974,0.001110556465543
2024-09-11,A157450,0.00031709982,0.0010638199601652
2024-09-12,A157450,0.00031449305,0.0007836844765093
2024-09-13,A157450,0.00044503773,0.000876857548184
2024-09-19,A157450,0.0015916402,0.0006527537112358
2024-09-20,A157450,0.0015525687,0.0007365796002123
2024-09-23,A157450,0.0014626397,0.0007831438028454
2024-09-24,A157450,0.0019037451,0.0009228403628531
2024-09-25,A157450,0.0016969544,0.000876089342582
2024-09-26,A157450,0.002048292,0.0006430119271945
2024-09-27,A157450,0.0014333366,0.0006056399236598
2024-09-30,A157450,0.001263447,0.0007825309685354
2024-10-02,A157450,0.0009563136,0.0004191915254282
2024-10-04,A157450,0.00080419943,0.0005960474779257
2024-10-07,A157450,0.00021159316,0.0005960474779257
2024-10-08,A157450,0.0002586942,0.0005959642225392
2024-10-10,A157450,0.00019264691,0.0006051099390083
2024-10-11,A157450,0.00015573863,0.0007820210054639
2024-10-14,A157450,0.00015098813,0.000372349342451
2024-10-15,A157450,0.00018388427,0.0005119446094675
2024-10-16,A157450,0.00016969042,0.000418824783796
2024-10-17,A157450,0.0008316583,0.0005024284145216
2024-10-18,A157450,0.00084586313,0.0005954153197636
2024-10-21,A157450,0.0007338917,0.0006884809962788
2024-10-22,A157450,0.00078999955,0.0006418873568577
2024-10-23,A157450,0.0007913135,0.0006883529103555
2024-10-24,A157450,0.0008263984,0.0005579578886557
2024-10-25,A157450,0.0006801047,0.000511401949824
2024-10-28,A157450,-0.0050313855,0.0005578800702571
2024-10-29,A157450,-0.0010887813,0.0005950056887021
2024-10-30,A157450,-0.0016325339,0.0005020127096049
2024-10-31,A157450,0.00094853214,0.0005483551805939
2024-11-01,A157450,0.0007878218,0.0005483042203452
2024-11-04,A157450,-0.00017960827,0.0006411775584506
2024-11-05,A157450,0.0007459079,0.0005110503124099
2024-11-06,A157450,0.0015057961,0.0005110503124099
2024-11-07,A157450,-0.003463988,0.0005016209894223
2024-11-08,A157450,0.0019799545,0.0005015743967834
2024-11-11,A157450,-0.0031969605,0.0003157914316734
2024-11-12,A157450,-0.0030107128,0.0004550794842337
2024-11-13,A157450,-0.0029033166,0.0005943481383344
2024-11-14,A157450,-0.0031961952,0.0006034695036473
2024-11-15,A157450,-0.0044447966,0.0006034134818559
2024-11-18,A157450,-0.0036009585,0.0007426455230249
2024-11-19,A157450,-0.0038614348,0.0006497545084859
2024-11-20,A157450,-0.0048452006,0.0005939950984431
2024-11-21,A157450,-0.005344876,0.0007329576094146
2024-11-22,A157450,-0.0035382565,0.0008719852129512
2024-11-25,A157450,-0.0030107128,0.0007791846783534
2024-11-26,A157450,-0.0027736523,0.0010016509527716
2024-11-27,A157450,-0.0032105467,0.0009181417087137
2024-11-28,A157450,-0.0028464382,0.0007324207760096
2024-11-29,A157450,-0.002684218,0.0006395906837797
2024-12-02,A157450,-0.0027452444,0.0005932572778491
2024-12-03,A157450,-0.0029865874,0.0004633877433452
2024-12-04,A157450,-0.0022378797,0.0005560395302011
2024-12-05,A157450,-0.0031634388,0.0005559107350547
2024-12-06,A157450,-0.00085952296,0.000546572126386
2024-12-09,A157450,0.0020933116,0.0005929055323167
2024-12-10,A157450,0.0024426137,0.0005465214969921
2024-12-11,A157450,0.0029767156,0.0004538697101362
2024-12-12,A157450,0.0022681653,0.0006389155321029
2024-12-13,A157450,0.0022470348,0.0005092474821286
2024-12-16,A157450,0.0027929875,0.000648088162671
2024-12-17,A157450,0.0021684996,0.0006480281656143
2024-12-18,A157450,0.0015553532,0.0008238490878315
2024-12-19,A157450,0.0018864576,0.0006385075796789
2024-12-20,A157450,0.0018489697,0.0005922526130437
2024-12-23,A157450,0.0018190556,0.0007771517779912
2024-12-24,A157450,0.002854385,0.0006846020324371
2024-12-26,A157450,0.0025229293,0.0008324161821406
2024-12-27,A157450,0.0022303602,0.0007305446581328
2024-12-30,A157450,0.0018935098,0.0008692355898192
2025-01-02,A157450,0.0016561837,0.0007303420451568
2025-01-03,A157450,0.0025878004,0.0007765482820829
2025-01-06,A157450,0.0022999386,0.0005453192794584
2025-01-07,A157450,0.0020416272,0.0005082921033048
2025-01-08,A157450,0.0016626057,0.0005082451329424
2025-01-09,A157450,0.0017638901,0.0005081512182555
2025-01-10,A157450,0.0016275207,0.00059125134523
2025-01-13,A157450,0.0016068937,0.0006835396534383
2025-01-14,A157450,0.0015613708,0.0005449717257612
2025-01-15,A157450,0.0027170887,0.0005449213924121
2025-01-16,A157450,0.0022318617,0.000683287191866
2025-01-17,A157450,0.0026841923,0.000738572926102
2025-01-20,A157450,0.0022303602,0.0006830727461118
2025-01-21,A157450,0.0025564774,0.0008215144942415
2025-01-22,A157450,0.0015846125,0.0009136929981345
2025-01-23,A157450,0.0029510432,0.0006828206292576
2025-01-24,A157450,0.0023955852,0.0006365813032396
2025-01-31,A157450,0.0022480967,0.0006457207390019
2025-02-03,A157450,0.0021164373,0.0005534493873455
2025-02-04,A157450,0.0016573747,0.0005533473041008
2025-02-05,A157450,0.0023741873,0.0005440771801626
2025-02-06,A157450,0.0023955852,0.0004979115480035
2025-02-07,A157450,0.0022991821,0.0005439267031555
2025-02-10,A157450,0.00282802,0.0006821659955903
2025-02-11,A157450,0.0026841923,0.0005898998263104
2025-02-12,A157450,0.0020069985,0.0004608507386048
2025-02-13,A157450,0.0023691615,0.0005990093486333
2025-02-14,A157450,0.0029901175,0.0004607233437865
2025-02-17,A157450,0.0021646917,0.0003685447132514
2025-02-18,A157450,0.0028494173,0.0004514069694661
2025-02-19,A157450,0.0037452702,0.0006356254445749
2025-02-20,A157450,0.0028494173,0.0006815126159416
2025-02-21,A157450,0.0013967644,0.0007735376840699
2025-02-24,A157450,0.0013825592,0.0007735020690086
2025-02-25,A157450,0.0011218147,0.0006445138287171
2025-02-26,A157450,0.00097532745,0.0006352216814976
2025-02-27,A157450,0.0017374576,0.0005890419954764
2025-02-28,A157450,0.0017248705,0.0004049477304636
2025-03-04,A157450,0.0033185137,0.0004509333937368
2025-03-05,A157450,0.0021722766,0.0005429106585248
2025-03-06,A157450,0.0022470457,0.0004600535583474
2025-03-07,A157450,0.0020671475,0.0004599477580441
2025-03-10,A157450,0.001198708,0.0005979183421701
2025-03-11,A157450,0.0017679974,0.0005059076320586
2025-03-12,A157450,0.0018883331,0.0003679074386393
2025-03-13,A157450,0.0022851864,0.0005425911157372
2025-03-14,A157450,0.0017248705,0.0004045791053301
2025-03-17,A157450,0.001608085,0.0003585794774659
2025-03-18,A157450,0.0020671475,0.0004964604312689
2025-03-19,A157450,0.002107589,0.0004964604312689
2025-03-20,A157450,0.0016040682,0.0005514858086224
2025-03-21,A157450,0.0016275207,0.0005054938092739
2025-03-24,A157450,0.0020961517,0.0005973468787045
2025-03-25,A157450,0.0020745236,0.0005054009085335
2025-03-26,A157450,0.0016163643,0.0006340076385173
2025-03-27,A157450,0.002217688,0.0007256594403848
2025-03-28,A157450,0.0020813525,0.0008633437654521
2025-03-31,A157450,0.0016068937,0.0007714278225137
2025-04-01,A157450,0.002279242,0.0007713924014666
2025-04-02,A157450,0.0020671475,0.0008171847980937
2025-04-03,A157450,0.0019854188,0.0006792543150567
2025-04-04,A157450,0.0009946378,0.0005415054902386
2025-04-07,A157450,-0.0005786419,0.0005873553576894
2025-04-08,A157450,-0.00075594545,0.0005873284068694
2025-04-09,A157450,0.0020160032,0.0003670566684937
2025-04-10,A157450,0.009509781,0.0006329433451839
2025-04-11,A157450,0.0023151704,0.0005503829887135
2025-04-14,A157450,-0.005041991,0.00063285626645
2025-04-15,A157450,0.0014379483,0.0005869836546849
2025-04-16,A157450,-0.0057620564,0.0006786998572948
2025-04-17,A157450,-0.005803157,0.0003209051386112
2025-04-18,A157450,-0.00543796,0.0006783887610969
2025-04-21,A157450,-0.004488341,0.0005958028160647
2025-04-22,A157450,0.0016519903,0.0007332453767444
2025-04-23,A157450,0.0007082864,0.0017679582860087
2025-04-24,A157450,0.0015644005,0.0018134696268017
2025-04-25,A157450,0.0018021876,0.0007237182944813
2025-04-28,A157450,0.0019793396,0.0009067719998301
2025-04-29,A157450,0.0017707497,0.0008151041998708
2025-04-30,A157450,0.0014657754,-0.0001739090643041
2025-05-02,A157450,0.0009348348,-0.0002745568212585
2025-05-07,A157450,-0.0048802854,0.0005859196359145
2025-05-08,A157450,-0.005271032,0.0005857587573672
2025-05-09,A157450,-0.0053216363,0.0006772215871529
2025-05-12,A157450,-0.0052711563,0.0006314200296719
2025-05-13,A157450,-0.005347157,0.0005947778680069
2025-05-14,A157450,-0.004867159,0.0004117692869147
2025-05-15,A157450,-0.005276003,0.0005396925712879
2025-05-16,A157450,-0.005542139,0.0004481782543931
2025-05-19,A157450,-0.004539038,0.0003567133023285
2025-05-20,A157450,-0.0053254575,0.0004938542681583
2025-05-21,A157450,0.0008158251,0.0006767632684407
2025-05-22,A157450,-0.0013450503,0.0363144065824466
2025-05-23,A157450,-0.0014785746,0.0005942123889857
2025-05-26,A157450,0.00052404474,0.0007313216221218
2025-05-27,A157450,0.00074808556,0.000767733305237
2025-05-28,A157450,0.0007878109,0.0007676631432618
2025-05-29,A157450,0.0010178298,-0.0349984124972718
2025-05-30,A157450,0.0008878127,0.0005847258807295
2025-06-02,A157450,0.0010130666,0.0004476705219777
2025-06-04,A157450,0.00047445096,0.0005480202904655
2025-06-05,A157450,0.0005069061,0.0005479702406626
2025-06-09,A157450,0.00010790867,0.0003195982221016
2025-06-10,A157450,0.0005193081,0.0004930966569338
2025-06-11,A157450,0.00033599822,0.0005844108574541
2025-06-12,A157450,0.00035314568,0.0004473272273204
2025-06-13,A157450,0.00037572323,0.0004929166157928
2025-06-16,A157450,0.00028429137,0.0003560034542549
2025-06-17,A157450,-0.0009997665,0.0003651000871158
2025-06-18,A157450,0.00075491465,0.0005019553547666
2025-06-19,A157450,0.0007878109,0.000410634527358
2025-06-20,A157450,0.000893154,0.0003649668376901
2025-06-23,A157450,-0.00011223113,0.0004562293635351
2025-06-24,A157450,0.00019637342,0.000538279434757
2025-06-25,A157450,0.00039920132,0.0003557793658131
2025-06-26,A157450,0.0007451226,0.0003557469126303
2025-06-27,A157450,0.0009658475,0.0003101171173017
2025-06-30,A157450,0.00029331085,0.0004469029246196
2025-07-01,A157450,0.00038486958,0.0003647704722276
2025-07-02,A157450,0.0001638149,0.0004103574270724
2025-07-03,A157450,0.0010496929,0.0004103200097688
2025-07-04,A157450,0.0010316507,0.0005014565137149
2025-07-07,A157450,0.0007338917,0.0004558176079212
2025-07-08,A157450,0.001041669,0.0003646374632463
2025-07-09,A157450,0.0015387032,0.000410189102925
2025-07-10,A157450,0.0018162726,0.0004921618765039
2025-07-11,A157450,0.0017955662,0.0004009842394018
2025-07-14,A157450,-0.00143784,0.0004009476999221
2025-07-15,A157450,-0.005010506,0.0004464997682215
2025-07-16,A157450,-0.002142933,0.0004009111671011
2025-07-17,A157450,-0.0049322275,0.0004099499462986
2025-07-18,A157450,-0.0041069933,0.0004554688219243
2025-07-21,A157450,-0.0008492576,0.000409893934299
2025-07-22,A157450,0.00042894142,0.0005009358497022
2025-07-23,A157450,0.0019290172,0.0004553858562991
2025-07-24,A157450,0.0019393181,0.0004461988937269
2025-07-25,A157450,0.0019290172,0.0004916734294935
2025-07-28,A157450,-0.0033850002,0.0005371620674245
2025-07-29,A157450,-0.003850603,0.0004460770330646
2025-07-30,A157450,-0.0031969605,0.0004915839114371
2025-07-31,A157450,-0.005482154,0.0005915894359942
2025-08-01,A157450,-0.0053360453,0.0004550377304788
2025-08-04,A157450,-0.002861232,0.0004095060049855
2025-08-05,A157450,-0.004935696,0.0004094873730365
2025-08-06,A157450,-0.0024485863,0.0006277835353868
2025-08-07,A157450,-0.0018995825,0.0004457361770508
2025-08-08,A157450,-0.0010615591,0.0004457361770508
2025-08-11,A157450,-0.0042403964,0.0004457159044276
2025-08-12,A157450,-0.0005414882,0.0005820933696575
2025-08-13,A157450,0.0017733964,0.0004546694631385
2025-08-14,A157450,-0.0032528192,0.0004546281220329
2025-08-18,A157450,-0.0029656063,0.0005455289492931
2025-08-19,A157450,-0.003484173,0.0005455041502671
2025-08-20,A157450,-0.00367294,0.0004454363304246
2025-08-21,A157450,-0.004721516,0.0004453755998705
2025-08-22,A157450,-0.0027653917,0.0004453351220338
2025-08-25,A157450,-0.0032647375,0.0003544342947737
2025-08-26,A157450,-0.0034700723,0.0004452744190723
2025-08-27,A157450,-0.003484173,0.0004088994754909
2025-08-28,A157450,-0.001203727,0.0004542605171284
2025-08-29,A157450,-0.001401473,0.0003633919039935
2025-09-01,A157450,-0.0038950879,0.0004542192503534
2025-09-02,A157450,-0.005250389,0.0002725191688679
2025-09-03,A157450,-0.0038756398,0.0004087323450472
2025-09-04,A157450,-0.003579413,0.0004449751931647
2025-09-05,A157450,-0.0031640641,0.0003995786314924
2025-09-08,A157450,-0.0032528192,0.0004449347880736
2025-09-09,A157450,-0.0029656063,0.0005811261298009
2025-09-10,A157450,-0.0035457585,0.0004902583941458
2025-09-11,A157450,-0.0028205148,0.0004084763435531
2025-09-12,A157450,-0.003297634,0.0004538729052252
2025-09-15,A157450,-0.00097066996,0.0003630653648297
2025-09-16,A157450,0.0014949648,0.0003176605687424
2025-09-17,A157450,0.0012416062,0.0002722619539815
2025-09-18,A157450,-0.0037469747,0.0003085159499993
2025-09-19,A157450,-0.0029656063,0.0001814914976214
2025-09-22,A157450,-0.003919681,0.0002268489331949
2025-09-23,A157450,-0.005159331,0.0002631280496071
2025-09-24,A157450,-0.0044090473,0.0005352323625836
2025-09-25,A157450,-0.0052367863,0.000634880346384
2025-09-26,A157450,-0.0033079337,0.0009432251742292
2025-09-29,A157450,-0.003993698,0.0010700328378435
2025-09-30,A157450,-0.0040407996,0.0008977434598398
2025-10-01,A157450,-0.0040407996,0.0007162187583762
2025-10-02,A157450,-0.0051886286,0.0006254163981373
2025-10-10,A157450,-0.0032047664,0.0004440960226698
2025-10-13,A157450,0.00075114524,0.0002718597945171
2025-10-14,A157450,0.0009520226,0.0003624961524478
2025-10-15,A157450,-0.0054543586,0.0002718474771173
2025-10-16,A157450,-0.005116762,0.0003170907404364
2025-10-17,A157450,-0.005373711,0.0001812070204557
2025-10-20,A157450,-0.004867159,0.0003170763772958
2025-10-21,A157450,0.0021164373,0.0003170763772958
2025-10-22,A157450,0.0020961517,0.0003623483838143
2025-10-23,A157450,0.0016431697,4.529047043984898e-05
2025-10-24,A157450,0.002644951,0.0
2025-10-27,A157450,0.0024437658,9.057478766396415e-05
2025-10-28,A157450,0.002644951,-9.05829921993652e-05
2025-10-29,A157450,0.0009571945,-0.0001358652581038
2025-10-30,A157450,0.0009782529,9.057478766396415e-05
2025-10-31,A157450,0.0007327627,0.0003985399000244
2025-11-03,A157450,0.0014101457,-4.5286368358000325e-05
2025-11-04,A157450,0.0009875259,0.0002264420974591
2025-11-05,A157450,0.0016573747,0.0002173755533522
2025-11-06,A157450,0.0018798328,0.0003078929281394
2025-11-07,A157450,0.0017321849,0.0001811020061996
2025-11-10,A157450,0.0020416272,0.0003531792964975
2025-11-11,A157450,0.0015877953,0.0005342001385576
2025-11-12,A157450,0.0017321849,0.0004979741609051
2025-11-13,A157450,0.0019923372,0.0004526115764784
2025-11-14,A157450,0.0018138854,0.0004978614690177
2025-11-17,A157450,0.0020813525,0.0006697923894073
2025-11-18,A157450,0.0025427144,0.0005791488483885
2025-11-19,A157450,0.0020813525,0.0003620073346018
2025-11-20,A157450,0.0010581353,0.0004071753398485
2025-11-21,A157450,0.0021877412,0.0004071569193753
2025-11-24,A157450,0.0020671475,0.0002352259989855
2025-11-25,A157450,0.0021022323,9.950743826304504e-05
2025-11-26,A157450,0.001738276,0.0002261880537113
2025-11-27,A157450,0.0020416272,0.0003165773492734
2025-11-28,A157450,0.0026920524,0.0004522022325406
2025-12-01,A157450,0.0015735906,0.0003617781435019
2025-12-02,A157450,0.0018453505,0.0003617617838132
2025-12-03,A157450,0.002416724,0.0004522226821516
2025-12-04,A157450,0.0024425753,0.0004520795737031
2025-12-05,A157450,0.0024241535,0.0001808236522263
2025-12-08,A157450,0.0018476084,0.0004068440261348
2025-12-09,A157450,0.0018519517,0.0007683095309361
2025-12-10,A157450,0.0024283703,0.0006779508067397
2025-12-11,A157450,0.0024698838,0.0007229024848318
2025-12-12,A157450,0.0023599823,0.0009036281281753
2025-12-15,A157450,0.0019201603,0.000542201350713
2025-12-16,A157450,0.0020062425,0.000451671191057
2025-12-17,A157450,0.001929122,0.0008580784087527
2025-12-18,A157450,0.0016184866,0.0005418341217132
2025-12-19,A157450,0.0023960036,0.0007223150510428
2025-12-22,A157450,0.0032398296,0.0010835215507015
2024-07-30,A192090,-0.0021543114,-0.0023110148338197
2024-07-31,A192090,0.0013373184,-0.0185800969812478
2024-08-01,A192090,0.0015360094,-0.0016893934270212
2024-08-02,A192090,0.0016124949,-0.0117984705016073
2024-08-05,A192090,0.008929852,-0.0006137605299157
2024-08-06,A192090,0.0011913927,-0.0064748867100239
2024-08-07,A192090,0.0011129855,-0.0153624089280831
2024-08-08,A192090,0.0014592778,-0.018405053632733
2024-08-09,A192090,0.0014592778,-0.01008370570829
2024-08-12,A192090,0.0014592778,-0.0155924455878516
2024-08-13,A192090,0.00093361526,-0.0186805704337436
2024-08-14,A192090,0.0012414525,-0.0198542320187604
2024-08-16,A192090,0.0015477003,-0.0112576187374259
2024-08-19,A192090,0.0022547462,-0.0096871100297691
2024-08-20,A192090,0.0019447145,-0.0096498023072413
2024-08-21,A192090,0.0017607334,-0.0096619109117368
2024-08-22,A192090,0.0009165321,-0.0035153834067974
2024-08-23,A192090,0.0013407411,0.007066291102589
2024-08-26,A192090,0.0018550182,-0.0102860916947508
2024-08-27,A192090,0.0022464974,-0.0018907171448306
2024-08-28,A192090,0.0011767454,-0.0049295429408136
2024-08-29,A192090,0.00202374,-0.0098585227170163
2024-08-30,A192090,0.0021115807,-0.0326457113216143
2024-09-02,A192090,0.0017894427,-0.0216679392291808
2024-09-03,A192090,0.0015245242,-0.0191064276101053
2024-09-04,A192090,0.0019613563,-0.0229423712085068
2024-09-05,A192090,0.001914895,-0.0287335363638856
2024-09-06,A192090,0.0015760671,-0.0252032726295549
2024-09-09,A192090,0.0015019495,-0.0018055202222363
2024-09-10,A192090,0.0014254639,-0.0037363955083724
2024-09-11,A192090,0.0014487737,0.0192609960575168
2024-09-12,A192090,0.001893575,0.0631895724996383
2024-09-13,A192090,0.0017943374,0.0868259322216406
2024-09-19,A192090,0.0022270842,0.0987425635240527
2024-09-20,A192090,0.0029113397,0.1505853502296144
2024-09-23,A192090,0.0025485759,0.1971961775301031
2024-09-24,A192090,0.0036313257,0.2642786640676205
2024-09-25,A192090,0.0031973366,0.2528200212425374
2024-09-26,A192090,0.0029050112,0.286160625613733
2024-09-27,A192090,0.0036687464,0.1642828625263232
2024-09-30,A192090,0.0039956737,0.068498509638832
2024-10-02,A192090,0.0064779087,-0.1017658703108437
2024-10-04,A192090,0.0047486573,-0.0901510969942974
2024-10-07,A192090,0.011176446,-0.1707583111520605
2024-10-08,A192090,-0.0070965807,-0.1170060622816081
2024-10-10,A192090,0.0002274357,-0.080684814456007
2024-10-11,A192090,0.016515741,0.0235038136335648
2024-10-14,A192090,0.016689388,-0.0059329142932367
2024-10-15,A192090,0.0031090009,0.0307811312790634
2024-10-16,A192090,0.010146783,0.0509967030670279
2024-10-17,A192090,0.0105475215,0.0386676832674404
2024-10-18,A192090,0.012154311,0.0102377864445196
2024-10-21,A192090,0.01091231,0.0113237629281129
2024-10-22,A192090,0.019483836,-0.003948372631368
2024-10-23,A192090,0.011116679,-0.0297248788334305
2024-10-24,A192090,0.0111163845,-0.0088862236346746
2024-10-25,A192090,0.011063014,-0.0231583927700769
2024-10-28,A192090,0.004158104,-0.0118368728988351
2024-10-29,A192090,0.008863879,0.0199856011791574
2024-10-30,A192090,0.015802253,0.0460957774895214
2024-10-31,A192090,0.012093433,0.0541158180386003
2024-11-01,A192090,0.01270159,0.0520825380184943
2024-11-04,A192090,0.011807631,0.0564738574057677
2024-11-05,A192090,0.011477037,0.0123525460178009
2024-11-06,A192090,0.002477648,0.0085769737607155
2024-11-07,A192090,-0.005805269,-0.0300915517666013
2024-11-08,A192090,0.00231568,-0.0269092342302384
2024-11-11,A192090,-0.0052759284,-0.0510482413936145
2024-11-12,A192090,-0.0058377376,-0.041202640517938
2024-11-13,A192090,-0.005497835,-0.0402617967598897
2024-11-14,A192090,-0.0049774577,-0.0141216790982624
2024-11-15,A192090,-0.006679986,-0.0267226507903315
2024-11-18,A192090,-0.0049723242,-0.0315280702481489
2024-11-19,A192090,-0.005044703,-0.0261290136930379
2024-11-20,A192090,-0.00600102,-0.0209642623871092
2024-11-21,A192090,-0.0052156663,-0.0259327148035962
2024-11-22,A192090,-0.0049008024,0.0010331646750206
2024-11-25,A192090,-0.005801788,0.0285629844911134
2024-11-26,A192090,-0.005580825,0.0266406011600713
2024-11-27,A192090,-0.005657608,0.0190206271785382
2024-11-28,A192090,-0.0048756814,0.0179775479142552
2024-11-29,A192090,-0.0055018207,0.0315098738462011
2024-12-02,A192090,-0.004358549,0.0240780473759041
2024-12-03,A192090,-0.0032165966,0.0402981257374014
2024-12-04,A192090,-0.0029192835,0.0403385682476844
2024-12-05,A192090,-0.003416184,0.0446565337397689
2024-12-06,A192090,-0.0012700276,0.000500175071699
2024-12-09,A192090,0.00020922469,-0.0141946310435161
2024-12-10,A192090,0.0028392833,-0.0231586158607053
2024-12-11,A192090,0.0003563367,-0.0211705963709933
2024-12-12,A192090,0.0010995226,-0.0148969360693237
2024-12-13,A192090,0.00019321093,-0.000500175071699
2024-12-16,A192090,-0.00031263917,0.0184837005083207
2024-12-17,A192090,0.0019436049,0.0211916600731176
2024-12-18,A192090,-0.00091802573,0.0316388228661387
2024-12-19,A192090,-0.00091350585,0.0196837375701585
2024-12-20,A192090,-0.0006448362,0.0334545169429796
2024-12-23,A192090,-0.0005810855,-0.017774229034787
2024-12-24,A192090,0.0003089098,-0.0386380910223545
2024-12-26,A192090,0.0025590495,-0.0606854509170953
2024-12-27,A192090,-0.00018778382,-0.0658583014524706
2024-12-30,A192090,-0.0007007918,-0.0683778929399938
2025-01-02,A192090,-0.00085851294,-0.0229565317986101
2025-01-03,A192090,-0.000300234,-0.0202590908172164
2025-01-06,A192090,0.0025046815,-0.0137444895891703
2025-01-07,A192090,-0.000931592,0.0155954619660438
2025-01-08,A192090,0.0023691747,0.0054766347167499
2025-01-09,A192090,-0.0007057692,0.004034975212179
2025-01-10,A192090,-0.00068956864,0.0166713672210268
2025-01-13,A192090,-0.00067536376,0.0247488686475015
2025-01-14,A192090,0.0015127531,-0.0020517036331363
2025-01-15,A192090,-0.00023486816,-0.0095258537675265
2025-01-16,A192090,0.0017094319,-0.0025846486345325
2025-01-17,A192090,0.002665548,0.0
2025-01-20,A192090,-0.00029979896,0.0173388374176241
2025-01-21,A192090,0.0024887281,0.0015391722293688
2025-01-22,A192090,-0.0003083853,0.0397727551224894
2025-01-23,A192090,-0.00029025512,0.0031007776782481
2025-01-24,A192090,-0.00025988917,0.0045082043566562
2025-01-31,A192090,0.0018501796,-0.007871672495768
2025-02-03,A192090,0.002474628,0.0192938560080585
2025-02-04,A192090,0.0025423793,-0.0078290071671574
2025-02-05,A192090,-0.0001164094,0.0257743600952617
2025-02-06,A192090,-0.00022032684,0.0246377567241461
2025-02-07,A192090,0.00313138,0.0156818653959214
2025-02-10,A192090,0.0025030866,0.0131883218348101
2025-02-11,A192090,0.0023095333,0.0078290071671572
2025-02-12,A192090,-0.0003201383,0.0069155875715912
2025-02-13,A192090,0.0018894086,-0.0023966458445997
2025-02-14,A192090,0.0018918007,0.0107143882124062
2025-02-17,A192090,0.0009689442,-0.0038784793285708
2025-02-18,A192090,0.0021956076,-0.0010003001734354
2025-02-19,A192090,-0.00031400746,0.0008985175066639
2025-02-20,A192090,-0.00031400746,0.0101463120514779
2025-02-21,A192090,-0.0007007918,-0.002964722005528
2025-02-24,A192090,0.0022104164,-0.001495737427984
2025-02-25,A192090,-0.0006612907,0.0024988768063506
2025-02-26,A192090,-0.00014419906,0.0130863372428939
2025-02-27,A192090,-0.00023604094,0.0014834596994329
2025-02-28,A192090,0.0027120225,-0.0008911332833891
2025-03-04,A192090,0.0014542956,0.0121009213176668
2025-03-05,A192090,0.0022577525,0.0096369530281641
2025-03-06,A192090,-0.0008642365,-0.0120889304177375
2025-03-07,A192090,0.0010499075,0.0200564371087444
2025-03-10,A192090,0.0012452017,0.0171867721756659
2025-03-11,A192090,0.00025909476,0.0219403272160601
2025-03-12,A192090,-0.00080724113,0.0248035369521276
2025-03-13,A192090,0.0020052379,0.0264635973342419
2025-03-14,A192090,0.00058203994,-0.0180819078859247
2025-03-17,A192090,0.0034705598,-0.0086055684603226
2025-03-18,A192090,0.0020909768,-0.014181879263831
2025-03-19,A192090,-0.0005017018,-0.0194786057227659
2025-03-20,A192090,0.0020909768,-0.0110314976276608
2025-03-21,A192090,-0.00056835054,0.0018721984086105
2025-03-24,A192090,-0.0006448362,-0.0080860316329304
2025-03-25,A192090,-0.0006704258,-0.0144851525133411
2025-03-26,A192090,-0.0006704258,-0.0140638150458412
2025-03-27,A192090,0.0019395892,-0.0232383843440027
2025-03-28,A192090,-0.0006991161,-0.0411994366160935
2025-03-31,A192090,0.0010691467,-0.1232310173121343
2025-04-01,A192090,-0.00066533714,-0.0821955610346374
2025-04-02,A192090,-0.0006991161,-0.0611795832795638
2025-04-03,A192090,0.0027509853,-0.0492172622954365
2025-04-04,A192090,0.0016732856,-0.0258756058549144
2025-04-07,A192090,-0.009824492,0.0505538565506611
2025-04-08,A192090,-0.013081347,0.0056949597855004
2025-04-09,A192090,-0.0031462498,-0.0166795270682488
2025-04-10,A192090,-0.005351575,-0.008266261567562
2025-04-11,A192090,-0.0070792246,-0.0082452898415146
2025-04-14,A192090,-0.0067988816,0.0077425215755455
2025-04-15,A192090,0.0018655034,0.0140442780776764
2025-04-16,A192090,-0.006207516,0.019221093616922
2025-04-17,A192090,-0.0055287424,0.0175109959664776
2025-04-18,A192090,-0.005244387,0.0210069693125968
2025-04-21,A192090,-0.0054381676,0.0158275931315656
2025-04-22,A192090,0.004130706,0.0128072294335734
2025-04-23,A192090,0.0016908491,0.0010570825508652
2025-04-24,A192090,0.006077522,-0.0149602453008749
2025-04-25,A192090,0.0069090207,-0.0117094908218203
2025-04-28,A192090,0.0026458632,-0.0055268924254461
2025-04-29,A192090,0.0029659146,-0.0046001126597428
2025-04-30,A192090,0.0021372673,0.024009504033329
2025-05-02,A192090,0.0017527279,0.0455449285480134
2025-05-07,A192090,-0.005259856,0.0442276934285612
2025-05-08,A192090,-0.0051272027,0.0172096306258849
2025-05-09,A192090,-0.0050310604,0.0096981833175081
2025-05-12,A192090,-0.0049703065,-0.0020650497787696
2025-05-13,A192090,-0.0052833967,-0.021424631689545
2025-05-14,A192090,-0.005306132,-0.0253719860831936
2025-05-15,A192090,-0.0061185067,-0.0106433451123729
2025-05-16,A192090,-0.0062092114,-0.0102222648765922
2025-05-19,A192090,-0.0058871536,-0.0296869758301049
2025-05-20,A192090,-0.006144244,-0.0261391043230602
2025-05-21,A192090,0.0013673509,-0.0260325191522953
2025-05-22,A192090,-0.0010862983,-0.0138077507517913
2025-05-23,A192090,-0.0010812494,-0.0040972899679871
2025-05-26,A192090,0.002277602,-0.0015983806482525
2025-05-27,A192090,0.0012809902,0.0113162859553683
2025-05-28,A192090,0.0012666684,-0.0010597711886316
2025-05-29,A192090,0.0014421609,-0.0097375875271875
2025-05-30,A192090,0.0013861661,-0.0092010590429293
2025-06-02,A192090,0.001343499,0.021104508101994
2025-06-04,A192090,0.0008976442,-0.0082365829955594
2025-06-05,A192090,0.0008976442,-0.0005303070602086
2025-06-09,A192090,0.0009724535,0.0010630382631771
2025-06-10,A192090,0.0009169502,0.0
2025-06-11,A192090,0.0008976442,-0.007651627919193
2025-06-12,A192090,0.0010810777,0.0015892359121774
2025-06-13,A192090,0.0008851144,-0.0025493958996003
2025-06-16,A192090,0.0008976442,0.0128788859175178
2025-06-17,A192090,-0.0014393929,0.0128788859175178
2025-06-18,A192090,0.001660247,0.0178324762955564
2025-06-19,A192090,0.0012524832,0.0214701654510736
2025-06-20,A192090,0.0011982574,0.0184419579375433
2025-06-23,A192090,0.00089931965,0.0025141433733326
2025-06-24,A192090,0.0008976442,0.0096034140982836
2025-06-25,A192090,0.001008039,-0.0050774680349278
2025-06-26,A192090,0.0010281185,0.0080495790682917
2025-06-27,A192090,0.0011711114,0.0202590908172164
2025-06-30,A192090,0.001008039,0.020708961237679
2025-07-01,A192090,0.00094720523,0.0260447408788587
2025-07-02,A192090,0.00089266454,0.0279659710567527
2025-07-03,A192090,0.0012529877,0.01641302964133
2025-07-04,A192090,0.0012668598,0.0241608922128291
2025-07-07,A192090,0.0012220779,0.0270942574476662
2025-07-08,A192090,0.0012993121,0.0132718618097514
2025-07-09,A192090,0.0017361752,0.0098513060473733
2025-07-10,A192090,0.0018800026,0.0228906991130021
2025-07-11,A192090,0.0017428811,0.0183091858125608
2025-07-14,A192090,-0.0011117263,0.0231685820387603
2025-07-15,A192090,-0.0047615888,0.0302024825640494
2025-07-16,A192090,-0.0022074815,0.030247121376954
2025-07-17,A192090,-0.004836876,0.0162716783572975
2025-07-18,A192090,-0.004418405,0.0095647810976641
2025-07-21,A192090,-0.0010291984,0.0070891289849208
2025-07-22,A192090,0.00040209654,0.0117535071743959
2025-07-23,A192090,0.002109216,0.0089851336338353
2025-07-24,A192090,0.0022429593,-0.0076127636835591
2025-07-25,A192090,0.0022429593,-0.0090745609790179
2025-07-28,A192090,-0.003311269,-0.0118759304857554
2025-07-29,A192090,-0.004040344,-0.0127230631937255
2025-07-30,A192090,-0.0017595226,-0.0070460211394657
2025-07-31,A192090,-0.0053416,0.0090701358142286
2025-08-01,A192090,-0.0053972113,0.009948389861263
2025-08-04,A192090,-0.002185305,0.0146782708228429
2025-08-05,A192090,-0.0047343634,0.0099416870180712
2025-08-06,A192090,-0.0021659988,0.0103108598374665
2025-08-07,A192090,-0.0019370351,0.021039250521547
2025-08-08,A192090,0.00027474776,0.0294532669134954
2025-08-11,A192090,-0.004040344,0.0237436660734129
2025-08-12,A192090,-0.00029747005,0.0358461317731358
2025-08-13,A192090,0.0032254872,0.043980647541264
2025-08-14,A192090,-0.0031695531,0.0471636650194044
2025-08-18,A192090,-0.0031844086,0.0567814110079621
2025-08-19,A192090,-0.003400907,0.0671441980435085
2025-08-20,A192090,-0.0038297854,0.0363941184577253
2025-08-21,A192090,-0.004396304,0.0247373643301029
2025-08-22,A192090,-0.0028421027,0.0347566619176485
2025-08-25,A192090,-0.0014419921,0.0265323479097655
2025-08-26,A192090,-0.0028733632,0.0012328286168701
2025-08-27,A192090,-0.004653424,0.010488052764849
2025-08-28,A192090,-0.0011642437,-0.0131533427886594
2025-08-29,A192090,-0.0014717199,-0.0125155873054481
2025-09-01,A192090,-0.0044499263,-0.0174921374457933
2025-09-02,A192090,-0.006160635,-0.0099054493469372
2025-09-03,A192090,-0.0052849064,-0.0026560440581162
2025-09-04,A192090,-0.0049122414,0.0411302810841228
2025-09-05,A192090,-0.0049122414,0.0188892064719222
2025-09-08,A192090,-0.0043890807,0.0161907881969418
2025-09-09,A192090,-0.0046313354,0.0146464591052552
2025-09-10,A192090,-0.0046313354,0.0188809121452319
2025-09-11,A192090,-0.004947111,-0.0068116585094107
2025-09-12,A192090,-0.0039278674,0.0038221033325566
2025-09-15,A192090,-0.0013412649,-0.0029560098033077
2025-09-16,A192090,0.0019799587,0.0020999220246166
2025-09-17,A192090,0.0014762584,0.0156232947767233
2025-09-18,A192090,-0.0044919807,0.0324166315241946
2025-09-19,A192090,-0.0039998386,0.0159122610832443
2025-09-22,A192090,-0.0044642994,0.0313704160652499
2025-09-23,A192090,-0.0051224767,0.0397550852200193
2025-09-24,A192090,-0.0053379075,0.0214369573079405
2025-09-25,A192090,-0.006042912,0.0285172144512951
2025-09-26,A192090,-0.0043677394,0.0246946938446185
2025-09-29,A192090,-0.0050138147,0.0037058915486095
2025-09-30,A192090,-0.00441224,-0.0024389230373127
2025-10-01,A192090,-0.0044426057,0.0069337398212751
2025-10-02,A192090,-0.0051888786,-0.014115146340073
2025-10-10,A192090,-0.005295107,-0.0192483353898801
2025-10-13,A192090,0.0022343688,-0.0103093696588612
2025-10-14,A192090,0.0014511888,0.0146280871437414
2025-10-15,A192090,-0.0063517205,0.0008321544958863
2025-10-16,A192090,-0.005308105,0.0093217487323195
2025-10-17,A192090,-0.005280902,0.0378063342723274
2025-10-20,A192090,-0.005268553,0.0509194880148966
2025-10-21,A192090,0.0026750413,0.0275806180657014
2025-10-22,A192090,-0.000910376,0.0366676443216398
2025-10-23,A192090,-0.000910376,0.0278578648671437
2025-10-24,A192090,-0.00012747997,-0.0044226116312606
2025-10-27,A192090,4.1383777e-05,-0.0154562582366918
2025-10-28,A192090,0.0028409965,-0.0198930414576822
2025-10-29,A192090,-0.00074860925,-0.0114517380521943
2025-10-30,A192090,-0.0007800018,0.0055437413501827
2025-10-31,A192090,-0.0007689424,0.0248867867652158
2025-11-03,A192090,0.0018550287,0.0260553617976877
2025-11-04,A192090,-0.00066273997,0.0328057604748969
2025-11-05,A192090,0.0023169073,0.0191996900669042
2025-11-06,A192090,-0.00095004024,0.018181597265046
2025-11-07,A192090,0.001825212,0.0055092158985034
2025-11-10,A192090,-0.0007450094,-0.0161034075665787
2025-11-11,A192090,-0.00070056535,-0.021587628499924
2025-11-12,A192090,-0.00077537535,-0.0108801073280284
2025-11-13,A192090,0.0013981877,-0.0268724059695239
2025-11-14,A192090,-0.00078009407,-0.0348382607092462
2025-11-17,A192090,-0.0007545046,-0.0156246787786302
2025-11-18,A192090,-0.00053646567,-0.0056342777556156
2025-11-19,A192090,-0.0010248511,-0.0106745312469198
2025-11-20,A192090,0.0009530726,-0.0074633266035916
2025-11-21,A192090,-0.0009860931,0.0131866442511998
2025-11-24,A192090,-0.0007545046,0.0234672221079614
2025-11-25,A192090,-0.000654489,0.0135016284445383
2025-11-26,A192090,0.0019423189,0.0023549485080439
2025-11-27,A192090,-0.0007194198,0.0059265446454603
2025-11-28,A192090,0.0023517688,0.0150208751676134
2025-12-01,A192090,-0.00077537535,0.0093784503677786
2025-12-02,A192090,-0.00044300978,0.0106076211616498
2025-12-03,A192090,-0.0001328095,0.016490740916068
2025-12-04,A192090,-0.00038995617,0.0050866041609977
2025-12-05,A192090,0.0028161644,0.0039198482253716
2025-12-08,A192090,-0.0006928472,-0.0058411848417532
2025-12-09,A192090,-0.0007304791,-0.0161163842824576
2025-12-10,A192090,1.10178335e-05,0.0050931193972536
2025-12-11,A192090,3.241575e-05,0.0062620628522107
2025-12-12,A192090,-0.00038995617,0.0065255682782037
2025-12-15,A192090,-0.0009187934,0.0224568056470168
2025-12-16,A192090,-0.0008136176,0.0377042229895225
2025-12-17,A192090,-0.0006243081,-0.0003969671760278
2025-12-18,A192090,-0.00057122257,0.0023980826840128
2025-12-19,A192090,0.0022948924,-0.0153467962890023
2025-12-22,A192090,0.0033476306,-0.0157383927893618
2024-07-30,A261220,-0.0027229907,-0.0199566914072498
2024-07-31,A261220,0.0011515336,-0.0382125950650367
2024-08-01,A261220,0.00103347,-0.042741548377271
2024-08-02,A261220,-0.0002791421,-0.0095820987575804
2024-08-05,A261220,-0.04857872,0.0597444391728968
2024-08-06,A261220,-0.0035313533,0.0673744346345197
2024-08-07,A261220,-0.0037618487,0.0698887127762331
2024-08-08,A261220,-7.201131e-05,0.0369313319028052
2024-08-09,A261220,-0.0010145272,0.004637305428517
2024-08-12,A261220,0.0010511334,-0.0336530174614082
2024-08-13,A261220,0.0004409576,-0.0605647385887109
2024-08-14,A261220,0.00084261794,-0.07161374339203
2024-08-16,A261220,0.0015331805,-0.047059710180887
2024-08-19,A261220,0.0019760241,0.0042868985684918
2024-08-20,A261220,0.001590996,0.0547269048243977
2024-08-21,A261220,0.0015780056,0.0343538868637626
2024-08-22,A261220,0.00077675947,0.0399376256808338
2024-08-23,A261220,0.0017254562,0.040238179749452
2024-08-26,A261220,0.0017098256,-0.0300623841015168
2024-08-27,A261220,0.002035322,-0.0429363016682014
2024-08-28,A261220,0.0011001849,-0.0769872709883246
2024-08-29,A261220,0.0019132727,-0.0743632239610143
2024-08-30,A261220,0.0021129125,-0.0917636729716933
2024-09-02,A261220,0.0012977312,-0.0673229977914795
2024-09-03,A261220,-0.0007760907,-0.0790664038818495
2024-09-04,A261220,0.0003614616,-0.0512187481875085
2024-09-05,A261220,0.0010208425,-0.0173039645648095
2024-09-06,A261220,0.0015314274,-0.0042964620335053
2024-09-09,A261220,0.0015778806,0.0387741973643204
2024-09-10,A261220,0.00063062157,0.0494975547043695
2024-09-11,A261220,0.0004636314,0.0832772427029246
2024-09-12,A261220,0.0008621721,0.0544881852840697
2024-09-13,A261220,0.0021225917,0.0411233484627385
2024-09-19,A261220,0.002104031,-0.0347922916505569
2024-09-20,A261220,0.0027826526,-0.0466021491347295
2024-09-23,A261220,0.0016070594,-0.0359612846386919
2024-09-24,A261220,0.0020122195,-0.0024133781753363
2024-09-25,A261220,0.0017144548,0.0345211943682331
2024-09-26,A261220,0.0023487643,0.0917568431709173
2024-09-27,A261220,0.0016680993,0.1110544299203867
2024-09-30,A261220,0.0016843783,0.0686847306404444
2024-10-02,A261220,0.0020863547,0.0583275226714719
2024-10-04,A261220,-0.006268423,0.0145312992885374
2024-10-07,A261220,0.00068925065,-0.0417287997429394
2024-10-08,A261220,0.00067957287,-0.0661785025158833
2024-10-10,A261220,0.00043199302,-0.0382255231557358
2024-10-11,A261220,0.00082872354,-0.0538501602752841
2024-10-14,A261220,0.0007067844,-0.0692270909516596
2024-10-15,A261220,-0.0005783729,-0.0107100695533622
2024-10-16,A261220,0.00056326494,0.0178086898311464
2024-10-17,A261220,0.0010560225,0.0170944333593
2024-10-18,A261220,0.0011497511,-0.0030975760441341
2024-10-21,A261220,0.0014264347,-0.0059912073482304
2024-10-22,A261220,0.0009438047,-0.0364319689854807
2024-10-23,A261220,-0.00037572684,-0.0529740572056684
2024-10-24,A261220,0.0011606724,-0.0348371148359572
2024-10-25,A261220,0.0010894482,0.0041279728380305
2024-10-28,A261220,-0.006153494,0.0323450210090776
2024-10-29,A261220,-0.0014953226,0.0580785795346877
2024-10-30,A261220,-0.0016978219,0.0386148361277795
2024-10-31,A261220,0.0010767211,0.0409202697893627
2024-11-01,A261220,0.0006930694,0.0173562294565428
2024-11-04,A261220,0.0001753044,-0.0075575763360794
2024-11-05,A261220,0.00080131146,-0.0476860832045861
2024-11-06,A261220,0.0015228643,-0.0286432435319274
2024-11-07,A261220,-0.0052474947,-0.0550597771830274
2024-11-08,A261220,0.0019637884,-0.0554927382614967
2024-11-11,A261220,-0.0054854746,-0.0440599897940305
2024-11-12,A261220,-0.005642509,0.0229084907968701
2024-11-13,A261220,-0.0055209077,0.0161690693067515
2024-11-14,A261220,-0.0050192643,0.0176433652180681
2024-11-15,A261220,-0.0062925755,0.0350421277902059
2024-11-18,A261220,-0.0056944224,0.0529855553995348
2024-11-19,A261220,-0.005725313,-0.0020927806731306
2024-11-20,A261220,-0.007059352,-0.0059451128068389
2024-11-21,A261220,-0.007373961,-0.0024514107881252
2024-11-22,A261220,-0.00665195,-0.0145684158282904
2024-11-25,A261220,-0.0059188935,-0.0298322504248178
2024-11-26,A261220,-0.005095709,-0.012295956778969
2024-11-27,A261220,-0.0053880066,0.0187635803733397
2024-11-28,A261220,-0.004697269,-0.0042164503789348
2024-11-29,A261220,-0.0053557623,-0.0094787439545437
2024-12-02,A261220,-0.003932136,-0.0127570830007709
2024-12-03,A261220,-0.0041878307,-0.0028318602995708
2024-12-04,A261220,-0.0055885892,-0.0159614769636997
2024-12-05,A261220,-0.0056575905,0.0250360781613248
2024-12-06,A261220,-0.0031362956,0.0233582172822806
2024-12-09,A261220,0.0035382295,0.0449788208229703
2024-12-10,A261220,0.003420346,0.0379109910091167
2024-12-11,A261220,0.004351843,0.0159614769636998
2024-12-12,A261220,0.0030018415,-0.0034399758724434
2024-12-13,A261220,0.0028578357,-0.0079571428319572
2024-12-16,A261220,0.003479854,-0.0099366930327643
2024-12-17,A261220,0.0031695373,-0.0116719485055059
2024-12-18,A261220,0.002019751,0.0003441748442167
2024-12-19,A261220,0.0023245947,-0.0013793105635054
2024-12-20,A261220,0.0030624368,0.0209665697205514
2024-12-23,A261220,0.002541503,0.0298529631496811
2024-12-24,A261220,0.003694809,0.0504987799495001
2024-12-26,A261220,0.0033763675,0.054574210489508
2024-12-27,A261220,0.002635929,0.0560267254896841
2024-12-30,A261220,0.0021733155,0.059102856275076
2025-01-02,A261220,0.0021544609,0.0218190473946396
2025-01-03,A261220,0.0031695373,0.0156354976779042
2025-01-06,A261220,0.0032024337,0.0545301485218112
2025-01-07,A261220,0.0026285986,0.0570677807678785
2025-01-08,A261220,0.002415635,0.0386779856878182
2025-01-09,A261220,0.0032529603,0.0843098895294691
2025-01-10,A261220,0.003726043,0.066274247247958
2025-01-13,A261220,0.0030372597,0.0046175239808835
2025-01-14,A261220,0.0025499668,-0.0015420203518153
2025-01-15,A261220,0.004035031,-0.0174242118256275
2025-01-16,A261220,0.002993885,-0.0473934844352811
2025-01-17,A261220,0.0035276802,-0.0483365465612907
2025-01-20,A261220,0.0036652263,-0.0490973366491933
2025-01-21,A261220,0.0037833499,-0.0367792515032964
2025-01-22,A261220,0.0028536378,-0.0469086960697264
2025-01-23,A261220,0.0031161497,-0.0320232294527108
2025-01-24,A261220,0.0032377376,-0.0438026226583928
2025-01-31,A261220,0.0032592998,-0.0327898228229908
2025-02-03,A261220,0.002786742,-0.0332061758964066
2025-02-04,A261220,0.0036213684,0.0107967677302171
2025-02-05,A261220,0.004055626,0.0048693490141821
2025-02-06,A261220,0.0041457526,-0.0043210969678785
2025-02-07,A261220,0.0035955189,0.0066445427186685
2025-02-10,A261220,0.004055626,-0.0056431685026466
2025-02-11,A261220,0.0036908768,-0.0134318153682223
2025-02-12,A261220,0.0038100644,-0.0107440395389711
2025-02-13,A261220,0.0037802074,0.0175008594122884
2025-02-14,A261220,0.0039911126,0.0160949442508209
2025-02-17,A261220,0.0039911126,-0.0076859192059538
2025-02-18,A261220,0.0036235158,-0.0052910176344155
2025-02-19,A261220,0.003919143,-0.0404129129027686
2025-02-20,A261220,0.0030028836,-0.0451959763433683
2025-02-21,A261220,0.0021263126,-0.0358247265181448
2025-02-24,A261220,0.003163184,-0.0313483932118361
2025-02-25,A261220,0.0020013629,-0.0478787758963958
2025-02-26,A261220,0.0023170996,-0.0357366735910273
2025-02-27,A261220,0.0027727708,-0.033075251681786
2025-02-28,A261220,0.0032209323,-0.0445438732879809
2025-03-04,A261220,0.0028587,-0.029150439803829
2025-03-05,A261220,0.0021749411,-0.0193157892992915
2025-03-06,A261220,0.0029600381,0.0122873232762175
2025-03-07,A261220,0.0024520613,0.0088106296821549
2025-03-10,A261220,0.0020180934,0.0143736041656792
2025-03-11,A261220,0.0025804697,0.0291504398038289
2025-03-12,A261220,0.0021407355,0.0045993358983572
2025-03-13,A261220,0.0024818035,0.0027874582508531
2025-03-14,A261220,0.0018466709,0.0215211360538804
2025-03-17,A261220,0.0024597822,0.0141699277758606
2025-03-18,A261220,0.0024944188,0.017499159866492
2025-03-19,A261220,0.003024877,0.0428390200219605
2025-03-20,A261220,0.0025907233,0.0325204081247895
2025-03-21,A261220,0.0028375606,0.0227475433967057
2025-03-24,A261220,0.0030599618,0.0163380080725939
2025-03-25,A261220,0.003157953,0.0393515261562802
2025-03-26,A261220,0.0022848693,0.0280111678248875
2025-03-27,A261220,0.0021680838,0.0033624779495224
2025-03-28,A261220,0.0024615224,-0.0509576676013826
2025-03-31,A261220,0.002132999,-0.1407921825459999
2025-04-01,A261220,0.0030480581,-0.1553504400191623
2025-04-02,A261220,0.0031718719,-0.2055420538728778
2025-04-03,A261220,0.0037415614,-0.119673038108993
2025-04-04,A261220,-0.060760166,-0.0882002276397343
2025-04-07,A261220,-0.02351758,0.021531012448137
2025-04-08,A261220,-0.026431741,0.0072312398834413
2025-04-09,A261220,0.0050573694,0.0430811531380428
2025-04-10,A261220,-0.041402582,0.0176265579915955
2025-04-11,A261220,-0.01086683,0.0500386496251791
2025-04-14,A261220,-0.020799143,0.0321884076381546
2025-04-15,A261220,0.0077524236,0.0261991032610144
2025-04-16,A261220,-0.0107895285,0.0748813673972214
2025-04-17,A261220,-0.0007154261,0.0014858843744245
2025-04-18,A261220,0.0008839816,-0.0058888650122493
2025-04-21,A261220,0.0006511086,0.004043379888442
2025-04-22,A261220,0.015132399,-0.0227919449394001
2025-04-23,A261220,0.012596316,-0.0803119470738615
2025-04-24,A261220,0.0134740705,-0.0467321497044197
2025-04-25,A261220,0.013493093,-0.0491778362037503
2025-04-28,A261220,0.015221433,-0.0821542530988929
2025-04-29,A261220,0.012906181,-0.0194625490749119
2025-04-30,A261220,0.014103036,0.0370341997696249
2025-05-02,A261220,0.009998574,0.0340311945098553
2025-05-07,A261220,0.0017096817,0.0561670130820078
2025-05-08,A261220,0.0033042438,0.0565165866022284
2025-05-09,A261220,0.0023918136,0.0190845486924106
2025-05-12,A261220,-0.00079459656,0.0011238060744465
2025-05-13,A261220,-0.007213764,0.01121507082014
2025-05-14,A261220,-0.0069455043,-0.0007334067068747
2025-05-15,A261220,-0.007555264,0.0056295888967228
2025-05-16,A261220,-0.007307596,-0.0018921481520379
2025-05-19,A261220,-0.0059698205,0.0041098507316628
2025-05-20,A261220,-0.0075310804,-0.0059657149339962
2025-05-21,A261220,0.0007510254,-0.0278984059674524
2025-05-22,A261220,-0.0016640372,0.021474353522469
2025-05-23,A261220,-0.0013214713,-0.0003788596370377
2025-05-26,A261220,0.0003176637,0.0111235852186623
2025-05-27,A261220,0.0010325941,0.0265698286660279
2025-05-28,A261220,0.001036064,0.0282651765565629
2025-05-29,A261220,0.00078908517,0.0238882151746953
2025-05-30,A261220,0.00068146037,0.0737560453508638
2025-06-02,A261220,0.0020554506,0.0394050619417102
2025-06-04,A261220,-0.00046057926,0.0662213723750106
2025-06-05,A261220,-0.00042499675,0.1489509517326881
2025-06-09,A261220,0.00051575125,0.1255417635176254
2025-06-10,A261220,0.0004985935,0.0920730493673656
2025-06-11,A261220,0.0005216417,0.13135781623703
2025-06-12,A261220,0.0003229087,0.1075054528981431
2025-06-13,A261220,0.0057663345,0.0252704134962598
2025-06-16,A261220,-0.0030660748,0.0453291720757261
2025-06-17,A261220,-0.0147809815,-0.0819171224678867
2025-06-18,A261220,-0.002188497,-0.106500943960371
2025-06-19,A261220,-0.0016318053,-0.1198512887204425
2025-06-20,A261220,0.0067253606,-0.1109900787885249
2025-06-23,A261220,0.00086316693,-0.1374582969307063
2025-06-24,A261220,-0.011096783,0.0052128701885332
2025-06-25,A261220,-0.006006313,0.0
2025-06-26,A261220,-0.012378408,0.0225188635353498
2025-06-27,A261220,-0.0095013045,0.016388212457911
2025-06-30,A261220,-0.009055251,0.014764216686581
2025-07-01,A261220,0.0072842687,0.0370853860373738
2025-07-02,A261220,0.008272251,0.0426460560491389
2025-07-03,A261220,0.008247721,0.0233421734925001
2025-07-04,A261220,0.00848814,0.0057403500528225
2025-07-07,A261220,0.006969186,0.0302137785964966
2025-07-08,A261220,0.010236241,-0.0134501018882485
2025-07-09,A261220,0.008967171,-0.0200809960570491
2025-07-10,A261220,0.0081434855,-0.0307922587470947
2025-07-11,A261220,0.008124653,0.0120483385161745
2025-07-14,A261220,0.0055577136,-0.0143216436213521
2025-07-15,A261220,0.001051173,0.0016911893088845
2025-07-16,A261220,0.005232442,-0.0047441634219782
2025-07-17,A261220,0.0029266144,0.0114904947915996
2025-07-18,A261220,-0.0018041799,-0.0009985023295895
2025-07-21,A261220,0.008204508,-0.0053817822462456
2025-07-22,A261220,0.00064334215,0.0157589179127101
2025-07-23,A261220,0.0021752706,0.0561388725451768
2025-07-24,A261220,0.0016774487,0.0558695011114243
2025-07-25,A261220,0.0020429683,0.0353324289143066
2025-07-28,A261220,-0.004083729,0.0256381613874124
2025-07-29,A261220,-0.006027593,-0.0056714080289819
2025-07-30,A261220,-0.006177351,-0.0517328325414664
2025-07-31,A261220,-0.007046882,-0.0734970761947377
2025-08-01,A261220,-0.007541065,-0.0844723045753252
2025-08-04,A261220,-0.0034033959,-0.0641441216057381
2025-08-05,A261220,-0.0064392826,-0.0312631645145874
2025-08-06,A261220,-0.002657092,-0.0382607412026795
2025-08-07,A261220,-0.0014148956,-0.0263355483378027
2025-08-08,A261220,-0.0011170666,-0.0042061050442742
2025-08-11,A261220,-0.0046526566,-0.0021052639354624
2025-08-12,A261220,-0.0003934173,-0.0181126512089191
2025-08-13,A261220,0.001660113,0.0129169189886044
2025-08-14,A261220,-0.004738222,0.0208485661215435
2025-08-18,A261220,-0.004808534,0.0236040115065551
2025-08-19,A261220,-0.005936475,0.0324838512759575
2025-08-20,A261220,-0.005315442,0.0118799440517446
2025-08-21,A261220,-0.0059283427,0.0062240864830018
2025-08-22,A261220,-0.0043737497,0.00992309254521
2025-08-25,A261220,-0.0040421244,0.0054738419262995
2025-08-26,A261220,-0.0036176902,0.0088016817368268
2025-08-27,A261220,-0.005566933,0.0364916874869597
2025-08-28,A261220,-0.00033860953,-0.0010346612407763
2025-08-29,A261220,-0.0015507423,-0.0161321500921421
2025-09-01,A261220,-0.0043672863,-0.0172062056263639
2025-09-02,A261220,-0.005940514,-0.0346340119027045
2025-09-03,A261220,-0.0046433182,-0.0323322360827896
2025-09-04,A261220,-0.005453161,0.002068253064059
2025-09-05,A261220,-0.005484924,-0.0220404234128875
2025-09-08,A261220,-0.004439474,0.0006939625538736
2025-09-09,A261220,-0.004461113,0.0114485205335383
2025-09-10,A261220,-0.004439474,0.0168071183163811
2025-09-11,A261220,-0.002960198,0.0020639842208514
2025-09-12,A261220,-0.004115067,0.0237690323135053
2025-09-15,A261220,-0.001498578,-0.0010411245084106
2025-09-16,A261220,0.0017187762,-0.0170468556589593
2025-09-17,A261220,0.0011579861,-0.0109440216793172
2025-09-18,A261220,-0.005045543,0.0193982601252835
2025-09-19,A261220,-0.004794329,0.0329569490872722
2025-09-22,A261220,-0.004594302,0.0378174854999564
2025-09-23,A261220,-0.0060018366,0.0177365108587077
2025-09-24,A261220,-0.006348682,-0.0121087796741204
2025-09-25,A261220,-0.0073955636,-0.0398815313781497
2025-09-26,A261220,-0.0059095467,-0.061690530604511
2025-09-29,A261220,-0.006279953,-0.0861910697841721
2025-09-30,A261220,-0.006681509,-0.0647913394889333
2025-10-01,A261220,-0.006607501,-0.0650723682146711
2025-10-02,A261220,-0.007369048,-0.0555297657729419
2025-10-10,A261220,-0.0072735543,-0.0680284288853557
2025-10-13,A261220,0.001514678,-0.0458607855223694
2025-10-14,A261220,0.001733036,-0.0294852484921088
2025-10-15,A261220,-0.0063163857,0.0007426662056908
2025-10-16,A261220,-0.0062299375,0.0385502280250584
2025-10-17,A261220,-0.007621822,0.0786367320464987
2025-10-20,A261220,-0.0061676507,0.0869159889989055
2025-10-21,A261220,0.0028324474,0.0687908308761015
2025-10-22,A261220,0.003104843,0.0325024045555814
2025-10-23,A261220,0.003461849,-0.0100395249842533
2025-10-24,A261220,0.0036970768,-0.0227686819084961
2025-10-27,A261220,0.0036961234,-0.0094887375087014
2025-10-28,A261220,0.0032617997,-0.0053182185266065
2025-10-29,A261220,0.0024569563,0.0071607896388974
2025-10-30,A261220,0.0018933491,-0.0025257094429746
2025-10-31,A261220,0.0020079552,-0.0032438305611195
2025-11-03,A261220,0.0026296815,-0.0163763004738594
2025-11-04,A261220,0.002101328,-0.0161264917522966
2025-11-05,A261220,0.0026247401,0.0028500197417435
2025-11-06,A261220,0.0025896553,-0.0245029629449446
2025-11-07,A261220,0.0026247401,-0.0061560940387768
2025-11-10,A261220,0.0026204784,-0.0144615680118346
2025-11-11,A261220,0.0026204784,-0.0072516633953202
2025-11-12,A261220,0.0026016238,-0.0042780813910783
2025-11-13,A261220,0.0033695984,0.0172512995496243
2025-11-14,A261220,0.0034862424,-0.020180468374906
2025-11-17,A261220,0.0034862424,-0.0194894935163174
2025-11-18,A261220,0.0037042813,-0.0161412161793852
2025-11-19,A261220,0.0034720374,-0.0386063967038545
2025-11-20,A261220,0.0026694986,-0.0176216013498195
2025-11-21,A261220,0.0032952058,0.0110579821956514
2025-11-24,A261220,0.0032203957,0.0260230920759615
2025-11-25,A261220,0.0033302906,0.0168687534977623
2025-11-26,A261220,0.0022265594,0.0096083518208718
2025-11-27,A261220,0.0022265594,0.0150710443103653
2025-11-28,A261220,0.0027881318,0.0091224861792546
2025-12-01,A261220,0.0024991273,0.0072098365667497
2025-12-02,A261220,0.0027870478,-0.0120725812342692
2025-12-03,A261220,0.0027601696,-0.0044231550181695
2025-12-04,A261220,0.003315885,-0.0169246129596882
2025-12-05,A261220,0.003337283,-0.0235218488737426
2025-12-08,A261220,0.0026120208,-0.0403132637924218
2025-12-09,A261220,0.003066424,-0.039412119030026
2025-12-10,A261220,0.003935493,-0.0399450241656496
2025-12-11,A261220,0.0039258543,-0.0301341068440742
2025-12-12,A261220,0.0038641263,-0.0359682913924754
2025-12-15,A261220,0.0027870478,-0.0093932683898187
2025-12-16,A261220,0.002561105,0.0271920076952506
2025-12-17,A261220,0.0022745645,0.0410526484250951
2025-12-18,A261220,0.003131315,0.0345769131152778
2025-12-19,A261220,0.003337283,0.0258766340786676
2025-12-22,A261220,0.0042230086,0.0157306614548361
2024-07-30,A261240,-0.0020119399,-0.006751400573629
2024-07-31,A261240,0.0011297477,0.001140641163935
2024-08-01,A261240,0.0009478081,0.0087050030453063
2024-08-02,A261240,0.00045661078,-0.0029842773802814
2024-08-05,A261240,0.008312895,-0.0007623113648623
2024-08-06,A261240,0.00035990812,-0.0030492476744193
2024-08-07,A261240,0.00035990812,-0.0113885130443841
2024-08-08,A261240,0.0017992835,-0.0125470240614946
2024-08-09,A261240,0.00081109774,-0.0223178577282705
2024-08-12,A261240,0.000885908,-0.0272104597974478
2024-08-13,A261240,0.00041528433,-0.0237177481786057
2024-08-14,A261240,0.0010107227,-0.0176817324698446
2024-08-16,A261240,0.0016715942,-0.0130183938545833
2024-08-19,A261240,0.00207572,-0.0042406220294419
2024-08-20,A261240,0.0016504753,-0.00070552270398
2024-08-21,A261240,0.0015211473,0.0023426529533074
2024-08-22,A261240,0.00050092436,-0.000391282236866
2024-08-23,A261240,0.0014206336,-0.0023426529533075
2024-08-26,A261240,0.0016506658,0.009711095190484
2024-08-27,A261240,0.0019040118,0.0088223236858483
2024-08-28,A261240,0.0004150788,0.0042029949792362
2024-08-29,A261240,0.0019044311,0.0027357659615853
2024-08-30,A261240,0.0019117355,-0.0042306550096336
2024-09-02,A261240,0.0014876656,0.0007790589362557
2024-09-03,A261240,-1.6289321e-05,0.0023291935996006
2024-09-04,A261240,0.0009771066,-0.0022549677141991
2024-09-05,A261240,0.0011549888,0.0035064515609147
2024-09-06,A261240,0.00084163004,0.0018825011442168
2024-09-09,A261240,0.00053682557,-0.0050747659364255
2024-09-10,A261240,0.00031706603,-0.0092712284205968
2024-09-11,A261240,0.0004151856,-0.0007787555879903
2024-09-12,A261240,0.0005345007,-0.001556905187601
2024-09-13,A261240,0.0010682348,0.0019571775926957
2024-09-19,A261240,0.0017272548,-0.0003914353985863
2024-09-20,A261240,0.0019333486,-0.0069905637542501
2024-09-23,A261240,0.0014954144,-0.0203044671262987
2024-09-24,A261240,0.0019508929,-0.0112818495266612
2024-09-25,A261240,0.0016531284,0.0039029009030752
2024-09-26,A261240,0.0021368049,0.0161556911914969
2024-09-27,A261240,0.0013508005,0.0246791552831977
2024-09-30,A261240,0.0013944401,0.0333077463203473
2024-10-02,A261240,0.0010121914,0.0239005577049329
2024-10-04,A261240,0.0015167452,0.0172238279906598
2024-10-07,A261240,0.00036510697,0.0117954798974008
2024-10-08,A261240,0.0004338362,0.011012653360314
2024-10-10,A261240,0.00035071064,0.0158685050868843
2024-10-11,A261240,0.0004813057,0.0154959018406971
2024-10-14,A261240,0.00038361762,0.0150481635784424
2024-10-15,A261240,-7.250621e-05,0.0142135907663027
2024-10-16,A261240,0.00028489076,0.014572344394696
2024-10-17,A261240,0.00078848714,0.0085915066118021
2024-10-18,A261240,0.0009209927,0.015632364027008
2024-10-21,A261240,0.0008790898,0.0085624678158158
2024-10-22,A261240,0.0007586704,0.0056144175626324
2024-10-23,A261240,0.00045661078,0.0007492882112888
2024-10-24,A261240,0.00078848714,0.0011249860563237
2024-10-25,A261240,0.00079689303,-0.0055335518450942
2024-10-28,A261240,-0.0045366776,-0.008939698194879
2024-10-29,A261240,-0.0013146854,-0.0048640048004181
2024-10-30,A261240,-0.00130002,0.011468698836621
2024-10-31,A261240,0.0008951115,0.0122179870479098
2024-11-01,A261240,0.00081109774,0.0055335518450942
2024-11-04,A261240,0.00033117985,0.0178001857820151
2024-11-05,A261240,0.00081109774,0.0188004794374516
2024-11-06,A261240,0.0016365987,0.0080386877811807
2024-11-07,A261240,-0.0029419225,0.0036217194693423
2024-11-08,A261240,0.0020901854,0.0099429475372469
2024-11-11,A261240,-0.0030159755,0.0011113170249143
2024-11-12,A261240,-0.0029126618,-0.0095418453901223
2024-11-13,A261240,-0.0027910606,-0.010633684603487
2024-11-14,A261240,-0.0026410287,-0.0011072972009473
2024-11-15,A261240,-0.003914338,0.0025808368858235
2024-11-18,A261240,-0.003371917,0.0054644944720787
2024-11-19,A261240,-0.0037491783,0.0073309225350519
2024-11-20,A261240,-0.0047329455,0.0054786544085615
2024-11-21,A261240,-0.005077695,-0.00036937170294
2024-11-22,A261240,-0.003359026,-0.0047982965866748
2024-11-25,A261240,-0.0035963878,0.0018393854282914
2024-11-26,A261240,-0.0026942925,0.0029468122105253
2024-11-27,A261240,-0.0030097708,0.0105758917590582
2024-11-28,A261240,-0.0028681273,0.0148878845330343
2024-11-29,A261240,-0.0029771505,0.0185482389508231
2024-12-02,A261240,-0.002517573,0.0244702716260018
2024-12-03,A261240,-0.0028496708,0.0187289132685151
2024-12-04,A261240,-0.0031918646,0.0158008650869337
2024-12-05,A261240,-0.0030881236,0.0125869717343652
2024-12-06,A261240,-0.00046005452,0.0100459775960199
2024-12-09,A261240,0.0028671408,0.0
2024-12-10,A261240,0.0025877657,0.0092703046127027
2024-12-11,A261240,0.0034744162,0.0021550184333208
2024-12-12,A261240,0.002628752,0.0137785510181356
2024-12-13,A261240,0.0024847463,0.0148468109018125
2024-12-16,A261240,0.0031067645,0.012687269256437
2024-12-17,A261240,0.0027964483,0.0133581636748681
2024-12-18,A261240,0.0017582821,0.0221411258772135
2024-12-19,A261240,0.0019261409,0.0139409425306351
2024-12-20,A261240,0.0024720163,0.0170704155669183
2024-12-23,A261240,0.0021987795,0.0101473635138971
2024-12-24,A261240,0.0033520856,0.0073136753571212
2024-12-26,A261240,0.003033644,0.0041323819968364
2024-12-27,A261240,0.0022374757,-0.0114624510165006
2024-12-30,A261240,0.0017748617,-0.0132517276650244
2025-01-02,A261240,0.0017000516,-0.0028083989531941
2025-01-03,A261240,0.0027964483,-0.0009814231422168
2025-01-06,A261240,0.0028268246,0.0010478886005509
2025-01-07,A261240,0.002252989,0.0087318349315816
2025-01-08,A261240,0.001958705,0.0049285462011491
2025-01-09,A261240,0.002151363,-0.0017592629708968
2025-01-10,A261240,0.0032976624,-0.0038649427964457
2025-01-13,A261240,0.0021162783,-0.0114463522819142
2025-01-14,A261240,0.0019369309,-0.0164708774269156
2025-01-15,A261240,0.0028484522,-0.0157862620649299
2025-01-16,A261240,0.002233891,-0.0122596582084341
2025-01-17,A261240,0.0027939281,-0.0165410366301205
2025-01-20,A261240,0.0028268246,0.0023984210142869
2025-01-21,A261240,0.0029449482,0.0199004520920483
2025-01-22,A261240,0.0021619368,0.0192218482662693
2025-01-23,A261240,0.0029591531,0.0059714402222607
2025-01-24,A261240,0.0029591531,0.0123783326264171
2025-01-31,A261240,0.0027850529,-0.0034583794218331
2025-02-03,A261240,0.0022565392,-0.0090542818939475
2025-02-04,A261240,0.003501805,-0.0062489232658269
2025-02-05,A261240,0.0029681218,0.0062882179861734
2025-02-06,A261240,0.0030582487,0.0003534443185276
2025-02-07,A261240,0.0024776475,-0.0021232933166491
2025-02-10,A261240,0.0029377558,-0.0062948894076397
2025-02-11,A261240,0.0027428227,-0.005579701589806
2025-02-12,A261240,0.0027939281,-0.0091273142221179
2025-02-13,A261240,0.0026066054,-0.0056701548187391
2025-02-14,A261240,0.003031124,-0.0063257611698784
2025-02-17,A261240,0.003031124,-0.0091949755076906
2025-02-18,A261240,0.0026077959,-0.0084640784121293
2025-02-19,A261240,0.0029591531,-0.0038456107783245
2025-02-20,A261240,0.002691685,0.0031934171835622
2025-02-21,A261240,0.0018151153,0.020256894797658
2025-02-24,A261240,0.002151363,0.0248934429810502
2025-02-25,A261240,0.0011036275,0.0168571170664228
2025-02-26,A261240,0.0013662546,0.008101238166919
2025-02-27,A261240,0.0017052207,0.0041715336061297
2025-02-28,A261240,0.0022239848,-0.0055351341179297
2025-03-04,A261240,0.0017788355,-0.0024476392512722
2025-03-05,A261240,0.0014165449,-0.0017574079248067
2025-03-06,A261240,0.0020284834,0.0087379880892233
2025-03-07,A261240,0.0015205053,0.0049268117676807
2025-03-10,A261240,0.0017541044,-0.0035191477760177
2025-03-11,A261240,0.0021247384,-0.0030855564452367
2025-03-12,A261240,0.0017093939,0.003161113938562
2025-03-13,A261240,0.0020248739,0.0034319767533103
2025-03-14,A261240,0.0013897396,0.0079720701931078
2025-03-17,A261240,0.0020585826,0.0159477395437539
2025-03-18,A261240,0.0021491747,0.0131176873997993
2025-03-19,A261240,0.0021162783,0.0092848584925998
2025-03-20,A261240,0.0016624464,0.0062036235618323
2025-03-21,A261240,0.0019289632,0.0034071583216143
2025-03-24,A261240,0.002151363,0.0031177494337027
2025-03-25,A261240,0.0022261732,0.0020774192084465
2025-03-26,A261240,0.0018838956,0.0010417752791345
2025-03-27,A261240,0.0017671107,0.0010417752791345
2025-03-28,A261240,0.0021162783,-0.022605385174365
2025-03-31,A261240,0.0017320255,-0.0031177494337028
2025-04-01,A261240,0.0021162783,0.0013825524115686
2025-04-02,A261240,0.0020145443,0.0123488168525135
2025-04-03,A261240,0.0025542185,-0.0054989175559359
2025-04-04,A261240,0.0005693227,0.012629370248479
2025-04-07,A261240,-0.0018442094,-0.0289344742409658
2025-04-08,A261240,-0.002370452,-0.0312942115871263
2025-04-09,A261240,0.0034022795,-0.0380832047220196
2025-04-10,A261240,0.011123762,-0.0252336956423647
2025-04-11,A261240,0.0040809643,-0.0182543628292133
2025-04-14,A261240,-0.005768499,-0.0028612322810322
2025-04-15,A261240,0.0019508485,-0.0039278750732066
2025-04-16,A261240,-0.005653761,-0.0032102756302482
2025-04-17,A261240,-0.005637086,0.0113172495148002
2025-04-18,A261240,-0.0051806923,0.0105828609415212
2025-04-21,A261240,-0.0051952936,0.0176090889155878
2025-04-22,A261240,0.0025677972,0.0130804452616709
2025-04-23,A261240,0.001218997,0.0014280616493346
2025-04-24,A261240,0.0020002993,-0.0187896222633721
2025-04-25,A261240,0.0027480894,-0.0255460924276965
2025-04-28,A261240,0.0029131162,-0.0308046511873522
2025-04-29,A261240,0.0024411036,-0.0251747543688185
2025-04-30,A261240,0.001975412,-0.0131434362357622
2025-05-02,A261240,0.0011248348,0.0089029881570911
2025-05-07,A261240,-0.004964238,0.0156770073908552
2025-05-08,A261240,-0.005015435,-0.0003629895861846
2025-05-09,A261240,-0.004798589,-0.0054468343385696
2025-05-12,A261240,-0.004829713,-0.0014469688532435
2025-05-13,A261240,-0.004829713,-0.0164316178971016
2025-05-14,A261240,-0.0047549033,-0.0221485806043891
2025-05-15,A261240,-0.005093941,-0.0094109758955402
2025-05-16,A261240,-0.0051886993,-0.0097326149686236
2025-05-19,A261240,-0.0054416447,-0.0235891093080813
2025-05-20,A261240,-0.0049846326,-0.015598426915994
2025-05-21,A261240,0.0009395729,-0.006513727425542
2025-05-22,A261240,-0.0012307961,-0.0017606929939167
2025-05-23,A261240,-0.00087485404,0.0043291699120756
2025-05-26,A261240,0.0002819812,0.0073119717186959
2025-05-27,A261240,0.00091491215,0.0014750352995217
2025-05-28,A261240,0.0009093163,-0.0113721503232581
2025-05-29,A261240,0.0007534022,-0.0132305414918168
2025-05-30,A261240,0.00088186504,-0.0098595456932579
2025-06-02,A261240,0.0012363518,0.0018380330873993
2025-06-04,A261240,-3.7421527e-05,-0.0084369949849466
2025-06-05,A261240,-4.514328e-06,0.00732549799983
2025-06-09,A261240,0.00033576833,0.0048246521495754
2025-06-10,A261240,0.00039486887,-0.001035732873532
2025-06-11,A261240,0.000349973,-0.0018380330873993
2025-06-12,A261240,0.00044941212,0.0178990525968443
2025-06-13,A261240,0.00075073825,-0.00036869078322
2025-06-16,A261240,0.00052544585,0.0163775555010275
2025-06-17,A261240,-0.0012424057,-0.0007404665277236
2025-06-18,A261240,0.00083826843,-0.0047947570927208
2025-06-19,A261240,0.00096354174,-0.0164137199806526
2025-06-20,A261240,0.0010759346,-0.0058434279960112
2025-06-23,A261240,0.000615775,-0.0241082117075151
2025-06-24,A261240,0.00038598667,-0.0025959591808215
2025-06-25,A261240,0.00043577683,-0.0014058976010606
2025-06-26,A261240,0.0006866812,0.0022238704495179
2025-06-27,A261240,0.0012245612,0.0039979323258728
2025-06-30,A261240,0.00047006004,0.0146669295887305
2025-07-01,A261240,0.00044939338,0.0102701408813868
2025-07-02,A261240,0.00048755936,0.0119973470084665
2025-07-03,A261240,0.0011297477,0.0098000268538821
2025-07-04,A261240,0.0011655702,0.0109491485876393
2025-07-07,A261240,0.0004916956,0.0097326149686237
2025-07-08,A261240,0.0016360248,0.0093650084504965
2025-07-09,A261240,0.0016509942,0.0090313796682919
2025-07-10,A261240,0.0017948216,0.015858337721618
2025-07-11,A261240,0.0016946874,0.0132856141226255
2025-07-14,A261240,-0.0013124968,0.0068943268110352
2025-07-15,A261240,-0.0044267834,0.0061708424790867
2025-07-16,A261240,-0.0019574154,-0.0046511711757308
2025-07-17,A261240,-0.00440058,-0.0169588110361555
2025-07-18,A261240,-0.00429601,-0.0100022577746922
2025-07-21,A261240,-0.0012258356,-0.0050754169276224
2025-07-22,A261240,0.0006846683,0.0028186337455469
2025-07-23,A261240,0.0021158736,0.0039258501894097
2025-07-24,A261240,0.0017055243,0.0152252075970655
2025-07-25,A261240,0.0020710432,0.0178324762955564
2025-07-28,A261240,-0.0032692982,0.0032657237195515
2025-07-29,A261240,-0.004142346,-0.0007219695642456
2025-07-30,A261240,-0.0034001826,0.0049940392579452
2025-07-31,A261240,-0.00467177,-0.0039842133185273
2025-08-01,A261240,-0.0048399307,-0.0089125868482013
2025-08-04,A261240,-0.0024356525,0.0035439229945515
2025-08-05,A261240,-0.0044456376,0.0021643468516696
2025-08-06,A261240,-0.0019245705,-0.003906254967065
2025-08-07,A261240,-0.0011993223,0.0007255841270298
2025-08-08,A261240,-0.00083967706,-0.0028196526652156
2025-08-11,A261240,-0.0037752474,0.0021635664000107
2025-08-12,A261240,3.743337e-05,0.0071092899336596
2025-08-13,A261240,0.0018374048,0.0128188418152665
2025-08-14,A261240,-0.0028533505,0.0085942824873341
2025-08-18,A261240,-0.0028675555,0.0020974223868188
2025-08-19,A261240,-0.0035578625,0.0049585096744022
2025-08-20,A261240,-0.0039772806,-0.0014321520528773
2025-08-21,A261240,-0.004534451,-0.0074696892600098
2025-08-22,A261240,-0.0030355891,-0.0014392633457444
2025-08-25,A261240,-0.0031973275,0.0064813708095229
2025-08-26,A261240,-0.002471496,-0.002440250977679
2025-08-27,A261240,-0.0031424002,-0.0017212942641976
2025-08-28,A261240,0.00010914829,0.0046750903289939
2025-08-29,A261240,-0.0008254722,0.0021581189586139
2025-09-01,A261240,-0.0030847045,-0.0017961710472617
2025-09-02,A261240,-0.0047329455,-0.0025182586967234
2025-09-03,A261240,-0.004447111,-0.0035955741311156
2025-09-04,A261240,-0.003051808,-0.000717823589792
2025-09-05,A261240,-0.0034001826,-0.0007188556128694
2025-09-08,A261240,-0.0032358032,0.0003594924006072
2025-09-09,A261240,-0.0032244523,-0.0049832190652263
2025-09-10,A261240,-0.0032358032,-0.0038977961864913
2025-09-11,A261240,-0.0027082588,-0.0014371948435289
2025-09-12,A261240,-0.0028324847,0.0045917715920443
2025-09-15,A261240,-0.0008254722,0.0035162032567928
2025-09-16,A261240,0.0016946874,0.0113743937411245
2025-09-17,A261240,0.0013583945,0.0135049822102706
2025-09-18,A261240,-0.003246396,0.0099460588793809
2025-09-19,A261240,-0.0028533505,0.0140737272116619
2025-09-22,A261240,-0.003724142,0.0057143012634386
2025-09-23,A261240,-0.00463831,0.0077721522115198
2025-09-24,A261240,-0.003914338,0.0049112166760544
2025-09-25,A261240,-0.005076181,0.0009962995415632
2025-09-26,A261240,-0.0035639252,0.0070333670161126
2025-09-29,A261240,-0.0038456093,0.0195372437805254
2025-09-30,A261240,-0.003928543,0.0209453819600652
2025-10-01,A261240,-0.003914338,0.0129798662038389
2025-10-02,A261240,-0.0049939346,0.0133537858895901
2025-10-10,A261240,-0.0048088427,0.0009807356302732
2025-10-13,A261240,0.0011159987,-0.0048310963908299
2025-10-14,A261240,0.0013903123,-0.0013920792948986
2025-10-15,A261240,-0.0048946477,0.0069146425319369
2025-10-16,A261240,-0.004864155,0.0148388246452946
2025-10-17,A261240,-0.005271316,0.0121095501630091
2025-10-20,A261240,-0.0048322333,0.0110282404798106
2025-10-21,A261240,0.0022119682,0.0068719251443704
2025-10-22,A261240,0.0020032453,0.0027108764385891
2025-10-23,A261240,0.0022119682,-0.0082630751722719
2025-10-24,A261240,0.0023846377,-0.0082659450257965
2025-10-27,A261240,0.0025535016,-0.0023629172158988
2025-10-28,A261240,0.0025221424,0.0006915151371617
2025-10-29,A261240,0.0013990437,0.012691576067523
2025-10-30,A261240,0.0012195338,0.0168013078593016
2025-10-31,A261240,0.00130855,0.0235742927109653
2025-11-03,A261240,0.001422877,0.0170401832782064
2025-11-04,A261240,0.001408672,0.0189673254405936
2025-11-05,A261240,0.002151363,0.0124648278047767
2025-11-06,A261240,0.0021162783,0.0157815669069127
2025-11-07,A261240,0.002151363,0.0006810133741815
2025-11-10,A261240,0.0022261732,0.0051171946686069
2025-11-11,A261240,0.0022261732,0.0013556566842681
2025-11-12,A261240,0.002151363,0.0
2025-11-13,A261240,0.0021162783,-0.0009453072952424
2025-11-14,A261240,0.0021910884,0.0120450772819359
2025-11-17,A261240,0.0021910884,0.0127131817769838
2025-11-18,A261240,0.0024091273,0.0060104857628827
2025-11-19,A261240,0.0021768834,0.0006766815794817
2025-11-20,A261240,0.0017025908,-0.0027058123794042
2025-11-21,A261240,0.0021910884,-0.0020199306625571
2025-11-24,A261240,0.0021162783,-0.0030283680064129
2025-11-25,A261240,0.0022261732,-0.0020219727856665
2025-11-26,A261240,0.0017671107,0.0026346916102142
2025-11-27,A261240,0.0017671107,0.0080283784231185
2025-11-28,A261240,0.0023846377,0.0
2025-12-01,A261240,0.002151363,-0.0013488907420591
2025-12-02,A261240,0.0024089185,0.0023585711260488
2025-12-03,A261240,0.0023263094,0.0013484360187747
2025-12-04,A261240,0.0029377558,0.0
2025-12-05,A261240,0.0029591531,0.0037000950418138
2025-12-08,A261240,0.002233891,0.0033688214046163
2025-12-09,A261240,0.0018856251,0.0049684538893108
2025-12-10,A261240,0.0030064848,0.007317187683849
2025-12-11,A261240,0.0029853892,0.0046257582567212
2025-12-12,A261240,0.00323146,0.0019454606478141
2025-12-15,A261240,0.0024089185,0.0069710048364858
2025-12-16,A261240,0.0021272448,0.0053436771335123
2025-12-17,A261240,0.0018151153,-0.0167266326362706
2025-12-18,A261240,0.00259767,-0.0240991829257126
2025-12-19,A261240,0.0029591531,-0.0286209672317558
2025-12-22,A261240,0.0031149937,-0.0264642698871874
2024-07-30,A305080,-0.002309307,0.012558266650939
2024-07-31,A305080,0.0011991106,0.0150538717837189
2024-08-01,A305080,0.0009614433,0.0191526561654046
2024-08-02,A305080,0.0011420436,-0.0040129450683323
2024-08-05,A305080,0.0073992936,-0.0189142399008722
2024-08-06,A305080,0.00103945,-0.0052813447966574
2024-08-07,A305080,0.0005374232,-0.0061087544883212
2024-08-08,A305080,0.00095888006,-0.0150292790548453
2024-08-09,A305080,0.0011572711,-0.0193891234358411
2024-08-12,A305080,0.0009171298,-0.0258724188552752
2024-08-13,A305080,0.0003069127,-0.021741777108231
2024-08-14,A305080,0.00088265067,-0.0180541567620628
2024-08-16,A305080,0.0015927114,-0.0115885743541215
2024-08-19,A305080,0.0020684437,0.0008363302319037
2024-08-20,A305080,0.0014556149,0.0008370302656607
2024-08-21,A305080,0.001737232,0.0012480760450236
2024-08-22,A305080,0.00075482414,-0.0036669763567474
2024-08-23,A305080,0.0012298579,-0.00241737291062
2024-08-26,A305080,0.0014443466,-0.0004180776849223
2024-08-27,A305080,0.0019549443,0.0053404666313175
2024-08-28,A305080,0.000120223114,0.0049767853219897
2024-08-29,A305080,0.0015539962,0.0086458265720569
2024-08-30,A305080,0.001927185,0.0040811283896542
2024-09-02,A305080,0.0016655817,0.0132100122275478
2024-09-03,A305080,0.0003422498,0.0136382656960428
2024-09-04,A305080,0.0009811581,0.0094701576538303
2024-09-05,A305080,0.00091575005,0.0066001394614356
2024-09-06,A305080,0.0006613317,0.0062145454181079
2024-09-09,A305080,0.0002713541,-0.005379249119736
2024-09-10,A305080,0.00052044186,-0.010729716672567
2024-09-11,A305080,0.00045214445,-0.0090565414010874
2024-09-12,A305080,0.0004495375,-0.0070140981542701
2024-09-13,A305080,0.00055754354,-0.0033096174509254
2024-09-19,A305080,0.001726685,-0.0041576643959505
2024-09-20,A305080,0.0016876135,-0.0120211815762168
2024-09-23,A305080,0.0015976843,-0.0220763209231298
2024-09-24,A305080,0.0020387883,-0.0107398110095056
2024-09-25,A305080,0.001831999,-0.0049850551889186
2024-09-26,A305080,0.0021833358,0.0012491153724745
2024-09-27,A305080,0.0015982096,0.0107756962987608
2024-09-30,A305080,0.0014283202,0.0134376759559829
2024-10-02,A305080,0.0011502707,0.0029253228266465
2024-10-04,A305080,0.0009923378,0.0016644477877254
2024-10-07,A305080,0.00037380806,0.0053948755156479
2024-10-08,A305080,0.0003937387,0.0086859957940394
2024-10-10,A305080,0.00032769167,0.0160546314928591
2024-10-11,A305080,0.00029078324,0.0135943738136504
2024-10-14,A305080,0.0002860328,0.0151843155052363
2024-10-15,A305080,0.0003189289,0.0070112053610868
2024-10-16,A305080,0.00030473515,0.0012347204927084
2024-10-17,A305080,0.00096670294,-0.0028774632424382
2024-10-18,A305080,0.0009809078,0.0089341195046921
2024-10-21,A305080,0.00086893653,-0.005667133560775
2024-10-22,A305080,0.0009250443,-0.0012337049720388
2024-10-23,A305080,0.00092635874,-0.0004114041280719
2024-10-24,A305080,0.0009614433,-0.0053659269379567
2024-10-25,A305080,0.00081514945,-0.0147140051354835
2024-10-28,A305080,-0.0049150786,-0.0119315360290472
2024-10-29,A305080,-0.00095373666,-0.004950096734365
2024-10-30,A305080,-0.0014974892,-0.0016473111376924
2024-10-31,A305080,0.0010965817,0.0045422715088043
2024-11-01,A305080,0.00092286663,0.0045441479441899
2024-11-04,A305080,-6.710237e-05,0.0148101825865391
2024-11-05,A305080,0.00088095275,0.0130645627986263
2024-11-06,A305080,0.0016408409,0.0060815440561409
2024-11-07,A305080,-0.0033476802,0.0016466330083156
2024-11-08,A305080,0.002114999,-0.0004122521392433
2024-11-11,A305080,-0.0030806528,-0.0053526705804166
2024-11-12,A305080,-0.0028944055,-0.0122378431748205
2024-11-13,A305080,-0.002787009,-0.0081445063754278
2024-11-14,A305080,-0.003079888,0.0008223008439668
2024-11-15,A305080,-0.00432849,0.0053460669334702
2024-11-18,A305080,-0.0034846507,0.0110035598652175
2024-11-19,A305080,-0.003745127,0.0134615838945371
2024-11-20,A305080,-0.0047288937,0.0110080796146846
2024-11-21,A305080,-0.0052511073,0.0056555209961213
2024-11-22,A305080,-0.0034219488,0.0060517031274434
2024-11-25,A305080,-0.0028944055,0.0081334323930118
2024-11-26,A305080,-0.0026573446,0.0073111617301207
2024-11-27,A305080,-0.0030942394,0.0149208087622058
2024-11-28,A305080,-0.0027301305,0.0205475599863131
2024-11-29,A305080,-0.0025679101,0.0212962795529629
2024-12-02,A305080,-0.002628937,0.0301602563634204
2024-12-03,A305080,-0.00287028,0.0203500052505159
2024-12-04,A305080,-0.002121572,0.0147807588447034
2024-12-05,A305080,-0.0030471315,0.0059873247954519
2024-12-06,A305080,-0.0007432155,0.0011965063446363
2024-12-09,A305080,0.0022096194,-0.0153654218971477
2024-12-10,A305080,0.0025892875,-0.0059658928886056
2024-12-11,A305080,0.0031233893,-0.0063648874276737
2024-12-12,A305080,0.002414839,-0.001194600548229
2024-12-13,A305080,0.0023937086,-0.0035938224999672
2024-12-16,A305080,0.0029092953,0.0011965063446363
2024-12-17,A305080,0.0022848074,0.0015943880928562
2024-12-18,A305080,0.0016716608,0.0063648874276737
2024-12-19,A305080,0.0020027652,0.0094381475482222
2024-12-20,A305080,0.001965277,0.0161895449332389
2024-12-23,A305080,0.001935363,0.0102312824918751
2024-12-24,A305080,0.0029706927,0.0114051608529181
2024-12-26,A305080,0.002639237,0.0034834965160373
2024-12-27,A305080,0.002346668,-0.0098366650683413
2024-12-30,A305080,0.0020098176,-0.0141913825771644
2025-01-02,A305080,0.0017724915,-0.0070475803439504
2025-01-03,A305080,0.0027041081,-0.0074302768532299
2025-01-06,A305080,0.0024162463,-0.0082533600789555
2025-01-07,A305080,0.002157935,-0.0031938704888766
2025-01-08,A305080,0.0017789134,-0.0027985465832111
2025-01-09,A305080,0.0018801977,-0.0031837021479246
2025-01-10,A305080,0.0017438286,-0.0011908071109059
2025-01-13,A305080,0.0017232017,-0.0023934908506458
2025-01-14,A305080,0.0016551398,-0.0024021150152446
2025-01-15,A305080,0.0028333964,-0.0044136010338023
2025-01-16,A305080,0.0023481695,-0.0107398643915362
2025-01-17,A305080,0.0028005,-0.0183579647545774
2025-01-20,A305080,0.002346668,0.007163354413564
2025-01-21,A305080,0.0026502465,0.0205505704873677
2025-01-22,A305080,0.0017009205,0.0202220090453463
2025-01-23,A305080,0.003067351,0.0131285907443534
2025-01-24,A305080,0.002511893,0.0218469858183557
2025-01-31,A305080,0.0023947705,0.0015057260046557
2025-02-03,A305080,0.0022887005,-0.0082804778955533
2025-02-04,A305080,0.0018296374,-0.0043442270445917
2025-02-05,A305080,0.002520861,0.0027796547302199
2025-02-06,A305080,0.002542259,-0.0098640526152961
2025-02-07,A305080,0.0024154899,-0.0070727834873444
2025-02-10,A305080,0.0029443277,-0.0066741070876931
2025-02-11,A305080,0.0028005,-0.0066714567197293
2025-02-12,A305080,0.0021007678,-0.0107643665871584
2025-02-13,A305080,0.0024629305,-0.0003997921134288
2025-02-14,A305080,0.0031064253,-0.0039955303274527
2025-02-17,A305080,0.0022809994,-0.0067992102913258
2025-02-18,A305080,0.002965725,-0.0015950238647554
2025-02-19,A305080,0.0037167857,0.0099709676245617
2025-02-20,A305080,0.002965725,0.0173627860413877
2025-02-21,A305080,0.0015130724,0.0344698904208625
2025-02-24,A305080,0.0014988674,0.0426599384655508
2025-02-25,A305080,0.0012381222,0.0273968170282311
2025-02-26,A305080,0.0010916344,0.008220740312831
2025-02-27,A305080,0.0018537659,0.0062681393034786
2025-02-28,A305080,0.0018411782,-0.007765822984097
2025-03-04,A305080,0.0032900292,-0.0026955232155297
2025-03-05,A305080,0.0023445399,-0.0023324532421742
2025-03-06,A305080,0.0026385887,0.0116612552122883
2025-03-07,A305080,0.0024586904,0.0026521076387475
2025-03-10,A305080,0.0013709709,-0.0050019643171599
2025-03-11,A305080,0.001975517,-0.011557235484712
2025-03-12,A305080,0.002060596,-0.0026500405220334
2025-03-13,A305080,0.0024014942,0.0058187060481985
2025-03-14,A305080,0.0018411782,0.0096903739027347
2025-03-17,A305080,0.0017243924,0.0173984971273996
2025-03-18,A305080,0.0021834553,0.0103997832932988
2025-03-19,A305080,0.0022238968,0.0080839927224393
2025-03-20,A305080,0.0017203762,-0.0019358091917607
2025-03-21,A305080,0.0017438286,-0.0023171401423375
2025-03-24,A305080,0.0022124595,0.0095027153893116
2025-03-25,A305080,0.0021908314,0.011819924241971
2025-03-26,A305080,0.0017326723,0.0107035249718727
2025-03-27,A305080,0.0023339957,0.0202554109356351
2025-03-28,A305080,0.0021976603,0.0034736998919068
2025-03-31,A305080,0.0017232017,0.0158150925949784
2025-04-01,A305080,0.0023955498,0.0057062581130235
2025-04-02,A305080,0.0021834553,0.0015306906402129
2025-04-03,A305080,0.002101727,-0.0225833393556028
2025-04-04,A305080,0.0010566366,-0.0138896510378249
2025-04-07,A305080,-0.0010495511,-0.0652194335865258
2025-04-08,A305080,-0.0020656376,-0.0455558886637776
2025-04-09,A305080,0.003289639,-0.0340703405107007
2025-04-10,A305080,0.010470478,-0.0226282439341053
2025-04-11,A305080,0.0034785403,-0.0160683986507175
2025-04-14,A305080,-0.0051193708,0.0063903085102723
2025-04-15,A305080,0.0022304645,-0.0059730197890256
2025-04-16,A305080,-0.0068182484,-0.0066688084559234
2025-04-17,A305080,-0.0068954015,0.0074420421059978
2025-04-18,A305080,-0.0065302043,0.0113691418826231
2025-04-21,A305080,-0.0045657214,0.0211147842817239
2025-04-22,A305080,0.002169271,0.0243048340401883
2025-04-23,A305080,0.0012255688,0.012978972949876
2025-04-24,A305080,0.0020816813,-0.0102272267338035
2025-04-25,A305080,0.0023194691,-0.0260870527326581
2025-04-28,A305080,0.0024966216,-0.0319222384713277
2025-04-29,A305080,0.0022880314,-0.0346626286766625
2025-04-30,A305080,0.0019830572,-0.027340004390462
2025-05-02,A305080,0.0015080726,-0.0063954171137219
2025-05-07,A305080,-0.004901711,0.0063456576644321
2025-05-08,A305080,-0.005348413,-0.0149208087622059
2025-05-09,A305080,-0.0053990176,-0.0085106896679086
2025-05-12,A305080,-0.005348537,-0.0077063857357576
2025-05-13,A305080,-0.0054245377,-0.0164958863039964
2025-05-14,A305080,-0.004944539,-0.0245605050546454
2025-05-15,A305080,-0.0051037413,-0.0118344576470027
2025-05-16,A305080,-0.0064632343,-0.01715899412855
2025-05-19,A305080,-0.005437593,-0.0241491934940336
2025-05-20,A305080,-0.005175733,-0.0167725711093467
2025-05-21,A305080,0.0010657375,-0.0049358441767636
2025-05-22,A305080,-0.001210006,-0.0016548075925848
2025-05-23,A305080,-0.0013435299,0.0090677399817102
2025-05-26,A305080,0.000640352,0.0127654253368754
2025-05-27,A305080,0.00088313053,0.0033109872148094
2025-05-28,A305080,0.00092285546,-0.0041318958049466
2025-05-29,A305080,0.0009595998,-0.0103213834541309
2025-05-30,A305080,0.0008774046,-0.0123855930585038
2025-06-02,A305080,0.0009437464,-0.0028869570923427
2025-06-04,A305080,0.000405131,-0.005801441764528
2025-06-05,A305080,0.00043758625,0.0094779627384167
2025-06-09,A305080,0.0003461327,0.0086638329337329
2025-06-10,A305080,0.00065435254,0.0016603025563956
2025-06-11,A305080,0.0005299548,0.0028869570923427
2025-06-12,A305080,0.0005471022,0.0164052976476934
2025-06-13,A305080,0.0006256354,-0.004521732536778
2025-06-16,A305080,0.0005342035,0.0180022123563899
2025-06-17,A305080,-0.00080876646,0.0057894463253445
2025-06-18,A305080,0.0009730852,0.0028786465574917
2025-06-19,A305080,0.0010059812,-0.0073037951372427
2025-06-20,A305080,0.0011174767,0.0028798308461887
2025-06-23,A305080,2.7445069e-05,-0.0151032994884745
2025-06-24,A305080,0.00041454376,0.0053460669334702
2025-06-25,A305080,0.00059616327,0.0016412280066783
2025-06-26,A305080,0.000942085,0.0045198745641701
2025-06-27,A305080,0.0011310676,0.0004107282269101
2025-06-30,A305080,0.0004283552,0.0102033305175942
2025-07-01,A305080,0.0005199139,-0.0016419016905893
2025-07-02,A305080,0.00029885944,0.0007376747189149
2025-07-03,A305080,0.0011847375,0.0027839205730726
2025-07-04,A305080,0.0011666954,0.0064672158607458
2025-07-07,A305080,0.00086893653,0.0036772257983615
2025-07-08,A305080,0.0011579766,0.006877944087656
2025-07-09,A305080,0.0016737479,0.0049039738655291
2025-07-10,A305080,0.0019513168,0.0077377702296728
2025-07-11,A305080,0.0019118735,0.0085314350494687
2025-07-14,A305080,-0.0013027954,0.0077189089325081
2025-07-15,A305080,-0.004894199,0.0089358839933037
2025-07-16,A305080,-0.0020078884,0.0032560061325664
2025-07-17,A305080,-0.0048159207,-0.0129845440302402
2025-07-18,A305080,-0.0039906846,-0.0081235215214793
2025-07-21,A305080,-0.0007142127,-0.0052749158626299
2025-07-22,A305080,0.0005639862,0.0
2025-07-23,A305080,0.0020640616,0.003650379230967
2025-07-24,A305080,0.002074362,0.0170331325562404
2025-07-25,A305080,0.0020640616,0.0173045475958655
2025-07-28,A305080,-0.0032686924,0.0132559328723168
2025-07-29,A305080,-0.0037342953,0.0123775893041457
2025-07-30,A305080,-0.0030806528,0.012792322158618
2025-07-31,A305080,-0.005388385,0.0047563473923917
2025-08-01,A305080,-0.0052197385,0.0020021630041539
2025-08-04,A305080,-0.002748726,0.0016046216536706
2025-08-05,A305080,-0.004819389,-0.0032002587518079
2025-08-06,A305080,-0.0023135415,-0.0068182993862183
2025-08-07,A305080,-0.0017645379,0.0028109081673033
2025-08-08,A305080,-0.0009452517,-0.0056161893447103
2025-08-11,A305080,-0.0041240887,-0.0012032247872046
2025-08-12,A305080,-0.00040644375,0.0055937496024538
2025-08-13,A305080,0.001908441,0.0116033790963145
2025-08-14,A305080,-0.0031365114,0.0008016675112682
2025-08-18,A305080,-0.0028492985,0.0032131122510746
2025-08-19,A305080,-0.0033678652,0.0067992102913259
2025-08-20,A305080,-0.0035566322,0.0011946005482289
2025-08-21,A305080,-0.0046052095,-0.0023896777342996
2025-08-22,A305080,-0.0026490842,0.0071862334169832
2025-08-25,A305080,-0.0031484298,0.0087831928422861
2025-08-26,A305080,-0.0033537645,0.0
2025-08-27,A305080,-0.0033678652,-0.001593118068348
2025-08-28,A305080,-0.0010686823,0.0051704366866274
2025-08-29,A305080,-0.0012664285,0.0046831057530448
2025-09-01,A305080,-0.0038013188,0.0078394510052392
2025-09-02,A305080,-0.005134082,0.0094418918604194
2025-09-03,A305080,-0.003759332,0.0055648446334075
2025-09-04,A305080,-0.0034631053,0.0066424409974639
2025-09-05,A305080,-0.0030477564,0.0039516371662295
2025-09-08,A305080,-0.0031365114,-0.0027645055322139
2025-09-09,A305080,-0.0028492985,-0.006655598611736
2025-09-10,A305080,-0.0034519895,-0.0003964635503701
2025-09-11,A305080,-0.002704207,-0.0031575649853212
2025-09-12,A305080,-0.0031813262,-0.001578781508861
2025-09-15,A305080,-0.00083562534,0.0003953975774102
2025-09-16,A305080,0.0016300094,0.0050749454730253
2025-09-17,A305080,0.0013766508,0.0070336560571687
2025-09-18,A305080,-0.003630667,0.0039454008410872
2025-09-19,A305080,-0.0028492985,0.0090441417075262
2025-09-22,A305080,-0.003803374,0.0019746461927562
2025-09-23,A305080,-0.0050430233,0.0063076768308027
2025-09-24,A305080,-0.0042927405,0.0007872156590114
2025-09-25,A305080,-0.005120479,0.0031451512009159
2025-09-26,A305080,-0.003191626,0.0104362317924108
2025-09-29,A305080,-0.0038773906,0.0256294456823498
2025-09-30,A305080,-0.0039244913,0.0288954609082705
2025-10-01,A305080,-0.0039244913,0.0228714753750073
2025-10-02,A305080,-0.0050723213,0.0174323480563501
2025-10-10,A305080,-0.003233251,0.0122436365655079
2025-10-13,A305080,0.0008449143,-0.0015394091710001
2025-10-14,A305080,0.0010683298,-0.0003818688708718
2025-10-15,A305080,-0.0053380514,0.0087296672001248
2025-10-16,A305080,-0.0049700895,0.0178917533608108
2025-10-17,A305080,-0.005257404,0.0064843649412692
2025-10-20,A305080,-0.0047508515,0.0060669079841072
2025-10-21,A305080,0.002232745,0.0049529571288486
2025-10-22,A305080,0.0022124595,-0.000381286465137
2025-10-23,A305080,0.0017594775,-0.0163499707550581
2025-10-24,A305080,0.0027612587,-0.014861618713154
2025-10-27,A305080,0.0025600735,-0.0056818334674309
2025-10-28,A305080,0.0027612587,-0.0049529571288485
2025-10-29,A305080,0.0010735012,0.0075982433789522
2025-10-30,A305080,0.0010945601,0.0133141457155337
2025-10-31,A305080,0.00082653173,0.024622961401614
2025-11-03,A305080,0.0015264534,0.0163437271706693
2025-11-04,A305080,0.0011038331,0.0165906612090582
2025-11-05,A305080,0.0017736825,0.0119635752176347
2025-11-06,A305080,0.0019961395,0.0172567486455052
2025-11-07,A305080,0.0018484925,0.0
2025-11-10,A305080,0.002157935,0.004459400459094
2025-11-11,A305080,0.0017041033,0.0022514080804574
2025-11-12,A305080,0.0018484925,-0.0007482230053521
2025-11-13,A305080,0.0021086452,-0.0018695088638162
2025-11-14,A305080,0.0019301926,0.0137603128402171
2025-11-17,A305080,0.0021976603,0.0193441186245517
2025-11-18,A305080,0.002659022,0.0111074980000649
2025-11-19,A305080,0.0021976603,0.0063421216123282
2025-11-20,A305080,0.0011744428,0.0055980739589548
2025-11-21,A305080,0.002304049,0.0034106950836025
2025-11-24,A305080,0.0021834553,-0.0043737791656865
2025-11-25,A305080,0.00221854,-0.00624676679962
2025-11-26,A305080,0.0018545835,-0.0011162791856817
2025-11-27,A305080,0.002157935,0.0029728747276062
2025-11-28,A305080,0.0028083602,-0.0070566680945199
2025-12-01,A305080,0.0016898979,-0.0070829746256993
2025-12-02,A305080,0.0019616573,-0.0022404789058523
2025-12-03,A305080,0.0025330319,-0.0059746256888876
2025-12-04,A305080,0.002558883,-0.0033451062599146
2025-12-05,A305080,0.0025404613,-0.0007457121896648
2025-12-08,A305080,0.0019639155,0.0014953273814335
2025-12-09,A305080,0.001968259,0.0052199969387578
2025-12-10,A305080,0.002544678,0.0085773414173036
2025-12-11,A305080,0.0025861915,0.0029739798871264
2025-12-12,A305080,0.00247629,0.0055793337962382
2025-12-15,A305080,0.002036468,0.0063303134499567
2025-12-16,A305080,0.0021000118,0.0044526975237508
2025-12-17,A305080,0.0020454295,-0.0179847485191991
2025-12-18,A305080,0.0017347946,-0.0255653021075678
2025-12-19,A305080,0.0025123113,-0.0320359033330688
2025-12-22,A305080,0.0033561373,-0.024043231798499
2024-07-30,A305720,-0.0012007687,-0.0516939774621435
2024-07-31,A305720,0.0034013265,-0.050950792114317
2024-08-01,A305720,0.002733696,-0.1172975860645233
2024-08-02,A305720,0.0027439676,-0.064672033296479
2024-08-05,A305720,0.01761831,0.0590145593776127
2024-08-06,A305720,0.0010321669,-0.0019102202561192
2024-08-07,A305720,0.0070946477,0.034045841409717
2024-08-08,A305720,0.0073784576,0.0705014881211948
2024-08-09,A305720,-0.0030997645,0.0
2024-08-12,A305720,0.0030552188,-0.0101341384275787
2024-08-13,A305720,0.012982568,0.0138614200781613
2024-08-14,A305720,0.012460009,0.0229653898104383
2024-08-16,A305720,0.01216283,0.0111475543303758
2024-08-19,A305720,0.012485149,0.0538116458920387
2024-08-20,A305720,0.011709851,0.0547523642104273
2024-08-21,A305720,0.012025782,0.0065159055172369
2024-08-22,A305720,0.011551398,0.005720560877815
2024-08-23,A305720,0.012307072,0.0248934905637199
2024-08-26,A305720,0.012526328,0.0676546351806411
2024-08-27,A305720,0.012615911,0.0553801408748316
2024-08-28,A305720,0.019642835,0.0501779533353229
2024-08-29,A305720,0.012883681,0.0149971190977393
2024-08-30,A305720,0.012083353,-0.0397427776401014
2024-09-02,A305720,0.012225289,-0.1001377753870656
2024-09-03,A305720,0.012139434,-0.1159513616148406
2024-09-04,A305720,0.0017482669,-0.0458782115497053
2024-09-05,A305720,0.0029998973,-0.0062966835730101
2024-09-06,A305720,0.0006004074,0.047205498841691
2024-09-09,A305720,0.002645259,0.0523447059726627
2024-09-10,A305720,0.003061058,0.0764950276805643
2024-09-11,A305720,0.0075760204,0.0587427817446517
2024-09-12,A305720,0.0035417413,0.0717203042860404
2024-09-13,A305720,0.013062355,0.0631397438081968
2024-09-19,A305720,0.010777633,0.0918159898524055
2024-09-20,A305720,0.010336696,0.0930250143381951
2024-09-23,A305720,0.009588636,0.0585288545322336
2024-09-24,A305720,0.01050391,0.0113580643110578
2024-09-25,A305720,0.009103171,-0.0050224422044968
2024-09-26,A305720,0.012560514,-0.0019220742346162
2024-09-27,A305720,0.013599736,0.0051860257618021
2024-09-30,A305720,0.011398613,0.005184788228119
2024-10-02,A305720,0.010931648,-0.0141055498488502
2024-10-04,A305720,0.010847267,-0.007894852581338
2024-10-07,A305720,0.0031814326,-0.0677097711525883
2024-10-08,A305720,0.0025861796,-0.0907902998828141
2024-10-10,A305720,0.003138232,-0.0926235790438015
2024-10-11,A305720,0.0030475955,-0.0824787624714175
2024-10-14,A305720,0.002555104,-0.0598017011141519
2024-10-15,A305720,0.0024674605,-0.069219774638097
2024-10-16,A305720,0.0021332721,-0.0224294944783635
2024-10-17,A305720,0.0026862184,-0.0193790342432886
2024-10-18,A305720,0.0027622918,-0.0149279425354592
2024-10-21,A305720,0.0026638547,0.0281725585306181
2024-10-22,A305720,0.0028788596,0.0592294453378044
2024-10-23,A305720,0.0038749832,0.0093464296330511
2024-10-24,A305720,0.0031801467,0.0103456586804105
2024-10-25,A305720,0.0033098226,0.0185798029542303
2024-10-28,A305720,-0.014230554,-0.0014724507180785
2024-10-29,A305720,0.0008874862,-0.0079928847834905
2024-10-30,A305720,0.0010038416,-0.0560929517548387
2024-10-31,A305720,0.0038882305,-0.0707780031246078
2024-11-01,A305720,0.0035735534,-0.0696223005721617
2024-11-04,A305720,0.0023078553,-0.1221616399502494
2024-11-05,A305720,0.0033261452,-0.1141962312370974
2024-11-06,A305720,-0.0018066154,-0.0965185000986409
2024-11-07,A305720,-0.009489596,-0.0828247148027327
2024-11-08,A305720,-0.0004310279,-0.1580118774610897
2024-11-11,A305720,0.0038229264,-0.1036968985714261
2024-11-12,A305720,-0.0041053793,-0.0855233722266664
2024-11-13,A305720,0.0019090523,-0.0279718557883768
2024-11-14,A305720,0.0021741374,0.002128113167494
2024-11-15,A305720,0.0041965833,0.0821236664858507
2024-11-18,A305720,-0.0033097817,0.0786096027092526
2024-11-19,A305720,-0.0026861946,0.0622965216168498
2024-11-20,A305720,-0.0048761987,0.0251531660213857
2024-11-21,A305720,-0.0032307042,0.0198554247997038
2024-11-22,A305720,0.007716676,-0.0416831620705541
2024-11-25,A305720,0.0064926916,-0.0647434181775257
2024-11-26,A305720,0.005931698,-0.0561727144792152
2024-11-27,A305720,0.005445652,-0.0469535904661124
2024-11-28,A305720,0.0061994726,-0.0920574001121659
2024-11-29,A305720,0.0045934217,-0.0332954451339047
2024-12-02,A305720,0.006645274,-0.0852841065402395
2024-12-03,A305720,0.0070461184,-0.039357360326133
2024-12-04,A305720,0.0028602085,-0.0200200904780792
2024-12-05,A305720,0.0047357124,0.0305292789118941
2024-12-06,A305720,0.0072348304,0.019723913626025
2024-12-09,A305720,0.012674121,0.0651929130226685
2024-12-10,A305720,0.01068333,-0.0308614343928751
2024-12-11,A305720,0.012620828,-0.017353354259111
2024-12-12,A305720,0.012338469,-0.0612342934440211
2024-12-13,A305720,0.010414766,-0.0781261336728289
2024-12-16,A305720,0.008109901,-0.0687698811861055
2024-12-17,A305720,0.01630325,-0.0342618761867554
2024-12-18,A305720,0.01559419,-0.0715186799898917
2024-12-19,A305720,0.017884113,-0.0561332700222486
2024-12-20,A305720,0.015890947,-0.0275149632852693
2024-12-23,A305720,0.01031268,-0.0569336000129514
2024-12-24,A305720,0.014941689,0.0020150734259798
2024-12-26,A305720,0.008215107,0.0460138374381153
2024-12-27,A305720,0.0071168924,0.0573107104031863
2024-12-30,A305720,0.007268182,0.0669549208490824
2025-01-02,A305720,0.009326136,0.0884433782451623
2025-01-03,A305720,0.01637781,0.0229254647565017
2025-01-06,A305720,0.014694838,-0.0141981365851446
2025-01-07,A305720,0.015689822,0.0146408658372082
2025-01-08,A305720,0.013673034,-0.0131309916695382
2025-01-09,A305720,0.008072781,-0.0030911925696728
2025-01-10,A305720,0.0058082873,0.0173971700613688
2025-01-13,A305720,0.0038351929,0.0674899052446098
2025-01-14,A305720,0.008005325,-0.0146408658372082
2025-01-15,A305720,0.004235803,0.0123587908589657
2025-01-16,A305720,0.0086415345,-0.0142653547468333
2025-01-17,A305720,0.00174089,-0.0189723456253048
2025-01-20,A305720,0.00568357,-0.0584242367937785
2025-01-21,A305720,0.009984921,-0.0714502473722088
2025-01-22,A305720,0.006832644,-0.0960907083622222
2025-01-23,A305720,0.010016633,-0.0532083263143842
2025-01-24,A305720,0.011359749,-0.0538395425414909
2025-01-31,A305720,0.007879359,-0.0628089642743746
2025-02-03,A305720,0.019154238,0.0103940583717211
2025-02-04,A305720,0.015402025,0.0113310869038295
2025-02-05,A305720,0.013183796,-0.0225255494351214
2025-02-06,A305720,0.010007528,0.029667012230401
2025-02-07,A305720,0.006000896,0.0289128721719185
2025-02-10,A305720,0.00887536,0.0465162252219841
2025-02-11,A305720,0.00919042,0.0492985373262699
2025-02-12,A305720,0.0093740625,0.0988607795273484
2025-02-13,A305720,0.0135450335,0.0636599861138585
2025-02-14,A305720,0.012900559,0.1004265719242243
2025-02-17,A305720,0.015801512,0.0949265846445004
2025-02-18,A305720,0.015260074,0.0652935985688793
2025-02-19,A305720,0.019019682,0.0402971157137685
2025-02-20,A305720,0.01774001,0.0183188305865443
2025-02-21,A305720,0.014987563,-0.0606107340527117
2025-02-24,A305720,0.008317204,-0.1290944161049429
2025-02-25,A305720,0.014285769,-0.0776961091630157
2025-02-26,A305720,0.0128479265,-0.0907226785593179
2025-02-27,A305720,0.014581905,-0.050033311203239
2025-02-28,A305720,0.018113902,0.0231808761782176
2025-03-04,A305720,0.021491092,0.0420172275600965
2025-03-05,A305720,0.014734602,0.0497929798511107
2025-03-06,A305720,0.019277299,0.0241532605477386
2025-03-07,A305720,0.0103728995,-0.0303318211063326
2025-03-10,A305720,0.023414321,-0.056141223232459
2025-03-11,A305720,0.018936086,-0.0298194585439913
2025-03-12,A305720,0.019137794,-0.0401957450116263
2025-03-13,A305720,0.020208461,0.003537878606642
2025-03-14,A305720,0.014656025,0.0186100175383411
2025-03-17,A305720,0.013744426,0.0156555812127921
2025-03-18,A305720,0.014757715,0.0060031006919263
2025-03-19,A305720,0.017494073,0.0126811126318915
2025-03-20,A305720,0.015207789,-0.0316525008971535
2025-03-21,A305720,0.011659605,-0.0515557162092225
2025-03-24,A305720,0.006704919,-0.1077744374022044
2025-03-25,A305720,0.008450458,-0.0959331496104376
2025-03-26,A305720,0.009094405,-0.1527119730950176
2025-03-27,A305720,0.009088397,-0.1465651043965735
2025-03-28,A305720,0.0047906837,-0.0791196765962422
2025-03-31,A305720,0.009330379,-0.0739227647380363
2025-04-01,A305720,0.0035606965,-0.0814829561797225
2025-04-02,A305720,0.005162646,-0.0673060193058826
2025-04-03,A305720,0.009311588,0.0243677225810846
2025-04-04,A305720,-0.014913366,-0.0263149035347417
2025-04-07,A305720,0.016524266,0.046070344912885
2025-04-08,A305720,0.011272788,0.0545957356490214
2025-04-09,A305720,0.014484967,0.0468790627277757
2025-04-10,A305720,0.019083237,-0.0197824901991612
2025-04-11,A305720,0.015799513,-0.0143605601038679
2025-04-14,A305720,-0.0053044143,-0.0361333244864399
2025-04-15,A305720,0.010812334,-0.0460367566313195
2025-04-16,A305720,-0.0033668107,0.0367276838127728
2025-04-17,A305720,0.0047053713,0.0151953261922551
2025-04-18,A305720,0.005153416,0.0316166101323179
2025-04-21,A305720,0.0055500795,0.0434426306694211
2025-04-22,A305720,0.015142131,0.0533260827568948
2025-04-23,A305720,0.01312467,-0.0270684911627257
2025-04-24,A305720,0.016465388,-0.0227863846208912
2025-04-25,A305720,0.019169062,-0.0421917252086346
2025-04-28,A305720,0.019281274,-0.0337916900227807
2025-04-29,A305720,0.0194509,-0.0632381111740233
2025-04-30,A305720,0.01431069,-0.013624829043394
2025-05-02,A305720,0.017320331,-0.0315362971182664
2025-05-07,A305720,0.0050865277,-0.0240165241512319
2025-05-08,A305720,0.0010721458,-0.0467442359098293
2025-05-09,A305720,0.0008009351,-0.0531274094319734
2025-05-12,A305720,0.00024420227,-0.0741079721537218
2025-05-13,A305720,-0.0071101193,-0.088247798590224
2025-05-14,A305720,-0.0072599836,-0.0915738530664483
2025-05-15,A305720,-0.0065933014,-0.0832958143740841
2025-05-16,A305720,-0.007477704,-0.0817865356041177
2025-05-19,A305720,-0.005818942,-0.0592882762040905
2025-05-20,A305720,-0.0073480634,-0.0400269765904781
2025-05-21,A305720,0.0020827218,0.0350729484338755
2025-05-22,A305720,-0.0008693334,0.0578135462298971
2025-05-23,A305720,-0.0007154925,0.0843330101148833
2025-05-26,A305720,0.0018870914,0.0521307814351902
2025-05-27,A305720,0.0023638455,0.0866433917048885
2025-05-28,A305720,-0.010133638,0.0432880870154486
2025-05-29,A305720,-8.112196e-06,0.0120725812342692
2025-05-30,A305720,0.00155982,0.0246181736736714
2025-06-02,A305720,-0.0057036337,0.0475922518160343
2025-06-04,A305720,0.006392481,0.0455073573205065
2025-06-05,A305720,0.009149727,-0.0074165976550497
2025-06-09,A305720,0.009100523,-0.01257878220686
2025-06-10,A305720,0.0099245785,-0.01651275949085
2025-06-11,A305720,0.008320865,-0.0227619921150962
2025-06-12,A305720,0.002357109,-0.0309378958876502
2025-06-13,A305720,0.008821311,0.0317486983145802
2025-06-16,A305720,0.009254998,0.0235187222451945
2025-06-17,A305720,-7.4473187e-06,0.0611586989142558
2025-06-18,A305720,0.0026890375,0.0578533119263662
2025-06-19,A305720,0.002607212,0.0519913050854826
2025-06-20,A305720,0.0030601628,-0.0203989589126935
2025-06-23,A305720,0.003429585,0.0359436458605159
2025-06-24,A305720,0.0023631945,0.0202027073175194
2025-06-25,A305720,0.0034084152,0.0311580657299305
2025-06-26,A305720,0.0035858694,0.0830974776684934
2025-06-27,A305720,0.0018186601,0.1161461061698964
2025-06-30,A305720,0.0023069384,0.0686747547354219
2025-07-01,A305720,0.001944077,0.0329398490778668
2025-07-02,A305720,0.0025378426,0.0163491380015294
2025-07-03,A305720,0.0015797626,-0.0140414768611081
2025-07-04,A305720,0.002289536,0.0125897039471302
2025-07-07,A305720,0.002844279,0.0285420033394844
2025-07-08,A305720,0.0028288814,0.0379736574284147
2025-07-09,A305720,0.0038188729,0.0107527917762616
2025-07-10,A305720,0.0035070719,-0.0013265533672057
2025-07-11,A305720,0.00271548,0.0103005202579657
2025-07-14,A305720,-0.00029412826,0.0481715436733657
2025-07-15,A305720,-0.0055302368,0.0298784496227369
2025-07-16,A305720,-0.0014554725,0.0746807645321511
2025-07-17,A305720,-0.0059521524,0.0920869699227561
2025-07-18,A305720,-0.0059783417,0.0588648988957067
2025-07-21,A305720,0.00077206694,0.0344651991772172
2025-07-22,A305720,0.0021717935,0.039576475701706
2025-07-23,A305720,0.0035457804,0.0381384964133513
2025-07-24,A305720,0.0034974844,-0.0085106896679086
2025-07-25,A305720,0.0028996698,-0.0554548359151647
2025-07-28,A305720,-0.004756841,-0.0565724603010168
2025-07-29,A305720,-0.00558456,0.0104544579038589
2025-07-30,A305720,-0.0054357755,0.0027827487645209
2025-07-31,A305720,-0.006748627,0.0185489189105951
2025-08-01,A305720,-0.006767962,0.0510166603832115
2025-08-04,A305720,-0.0020278262,0.0798155787444463
2025-08-05,A305720,-0.013830865,0.0190180058357619
2025-08-06,A305720,-0.009582428,0.021210535929134
2025-08-07,A305720,-0.004826175,0.0430089740888383
2025-08-08,A305720,-0.0001826373,0.0251560480357002
2025-08-11,A305720,-0.004428802,-0.0117510165355188
2025-08-12,A305720,0.00033315783,-0.0106530895041341
2025-08-13,A305720,0.0028272953,-0.0156681622800689
2025-08-14,A305720,-0.0039092414,-0.0450085748350895
2025-08-18,A305720,0.0021076181,0.0094192219164915
2025-08-19,A305720,-0.00482763,0.0039323684177208
2025-08-20,A305720,-0.005335189,-0.0011907125836273
2025-08-21,A305720,-0.0065858313,-0.0329082664735626
2025-08-22,A305720,-0.0036735407,-0.0467106625002825
2025-08-25,A305720,-0.004008981,-0.0885750989658124
2025-08-26,A305720,-0.0043551363,-0.0851578083403068
2025-08-27,A305720,-0.004782935,-0.078455405752964
2025-08-28,A305720,-0.0006050552,-0.0391064805919814
2025-08-29,A305720,-0.00078736106,-0.0216247561638104
2025-09-01,A305720,-0.004562564,-0.0025641039689376
2025-09-02,A305720,-0.0067553534,0.0127390257774297
2025-09-03,A305720,-0.0057862885,0.0085543720966585
2025-09-04,A305720,-0.005527226,-0.001273615115909
2025-09-05,A305720,-0.005461208,0.0262282378235855
2025-09-08,A305720,-0.0033577161,0.0253498998955263
2025-09-09,A305720,-0.0040799705,0.0067283685286845
2025-09-10,A305720,-0.004745402,0.0202367782873529
2025-09-11,A305720,-0.0031602813,0.0334199857272505
2025-09-12,A305720,-0.0041538007,0.0
2025-09-15,A305720,-0.0013661986,0.0025000013020846
2025-09-16,A305720,0.0028314828,0.0116667989996153
2025-09-17,A305720,0.0020474268,-0.0151390612156842
2025-09-18,A305720,-0.0041363575,-0.005355316609414
2025-09-19,A305720,-0.00483588,-0.0249431658968979
2025-09-22,A305720,-0.0056635984,-0.0210268470091064
2025-09-23,A305720,-0.006590595,-0.0349877626217196
2025-09-24,A305720,-0.0063369065,-0.0136520891683273
2025-09-25,A305720,-0.007649587,-0.0234026560120251
2025-09-26,A305720,-0.0059190425,-0.0025717973883714
2025-09-29,A305720,-0.0059408066,0.0122493611878829
2025-09-30,A305720,-0.0059722234,0.0699933718205349
2025-10-01,A305720,-0.006192852,0.0784554057529639
2025-10-02,A305720,-0.0063162483,0.1391182937850557
2025-10-10,A305720,-0.0070718527,0.2157341954565998
2025-10-13,A305720,0.0028764822,0.2070619520958675
2025-10-14,A305720,0.0031721252,0.1641575861662833
2025-10-15,A305720,-0.007574586,0.2047061552874986
2025-10-16,A305720,-0.015224732,0.1113030884446292
2025-10-17,A305720,0.0025615215,0.1365534559701621
2025-10-20,A305720,0.0031514259,0.12676795774176
2025-10-21,A305720,0.018785054,0.1491922330340752
2025-10-22,A305720,0.02002933,0.1099132430450497
2025-10-23,A305720,0.018948343,0.0827230642988534
2025-10-24,A305720,0.005551515,-0.0238179198081259
2025-10-27,A305720,0.013966463,-0.0108828159934553
2025-10-28,A305720,0.0071419384,-0.0369309390272884
2025-10-29,A305720,0.0068558007,-0.074933524149023
2025-10-30,A305720,0.011695488,-0.0257841171557146
2025-10-31,A305720,0.0100253085,-0.0403585666908442
2025-11-03,A305720,0.015865415,-0.0318075293420811
2025-11-04,A305720,0.012819721,-0.0211566989774005
2025-11-05,A305720,0.015544317,0.0207213228132523
2025-11-06,A305720,0.013498894,0.0417171161673716
2025-11-07,A305720,0.01395828,0.0326029826019758
2025-11-10,A305720,0.013415838,0.0056320549374339
2025-11-11,A305720,0.01567143,-0.0534648479010583
2025-11-12,A305720,0.016647415,-0.0766305172527689
2025-11-13,A305720,0.0194102,-0.0842767305861674
2025-11-14,A305720,0.016444579,-0.0881728337567866
2025-11-17,A305720,0.018936032,-0.1135408763046601
2025-11-18,A305720,0.017047284,-0.0627312851716138
2025-11-19,A305720,0.022280032,0.0173632535761991
2025-11-20,A305720,0.016143627,-0.0035754954392386
2025-11-21,A305720,0.013488014,0.0291624486889913
2025-11-24,A305720,0.012644608,0.0682236137826649
2025-11-25,A305720,0.009786392,0.0692480889452108
2025-11-26,A305720,0.018354453,0.0029187632201663
2025-11-27,A305720,0.01721686,-0.0078457414551133
2025-11-28,A305720,0.010583832,0.0251195722813907
2025-12-01,A305720,0.016538903,0.0617186823292152
2025-12-02,A305720,0.018458439,0.0555874067181693
2025-12-03,A305720,0.016691677,0.0498998369298696
2025-12-04,A305720,0.017988898,0.0471165497892486
2025-12-05,A305720,0.017771283,0.0357576459359169
2025-12-08,A305720,0.017732207,-0.0154658201755852
2025-12-09,A305720,0.014653609,-0.0683347602424022
2025-12-10,A305720,0.019868812,-0.0573758997042247
2025-12-11,A305720,0.019068735,-0.1101028357248475
2025-12-12,A305720,0.01666139,-0.11622999915849
2025-12-15,A305720,0.017297287,-0.0968075596698285
2025-12-16,A305720,0.01821617,-0.0495634894241322
2025-12-17,A305720,0.018449387,-0.0484639531079844
2025-12-18,A305720,0.012547775,0.0034891870709537
2025-12-19,A305720,0.01810788,0.0010469378028335
2025-12-22,A305720,0.009096262,-0.0503538861456147
2024-07-30,A329750,-0.0022840544,-0.0078092944850026
2024-07-31,A329750,0.0012243631,0.003246080506502
2024-08-01,A329750,0.0009866956,0.0097732891693633
2024-08-02,A329750,0.0011672961,-0.0028454283153379
2024-08-05,A329750,0.007419941,0.0011683219220955
2024-08-06,A329750,0.00079432013,-0.0004171011530751
2024-08-07,A329750,0.00047954993,-0.01052553364463
2024-08-08,A329750,0.00090100715,-0.0114535382414792
2024-08-09,A329750,0.0010676559,-0.0218597198709028
2024-08-12,A329750,0.000915212,-0.0274800635660295
2024-08-13,A329750,0.00033216516,-0.0241524998208832
2024-08-14,A329750,0.00090790313,-0.0194180858571016
2024-08-16,A329750,0.001617964,-0.0144825736908707
2024-08-19,A329750,0.0020936958,-0.0046363953578341
2024-08-20,A329750,0.0014808674,-0.001716002137089
2024-08-21,A329750,0.0017624844,0.0007690007641749
2024-08-22,A329750,0.0007544871,0.000428027229066
2024-08-23,A329750,0.0012551104,-0.001964049988773
2024-08-26,A329750,0.0014695991,0.0095923996914395
2024-08-27,A329750,0.001980196,0.0099970927014599
2024-08-28,A329750,0.0002016831,0.0041764390559645
2024-08-29,A329750,0.0015792486,0.0017102791923286
2024-08-30,A329750,0.0019524373,-0.0054855713112093
2024-09-02,A329750,0.0016908342,0.0025538449225595
2024-09-03,A329750,0.00042370977,0.0024625325567721
2024-09-04,A329750,0.0010626183,-0.0008509190438551
2024-09-05,A329750,0.0009972103,0.003241493924171
2024-09-06,A329750,0.000742792,0.0025751087191381
2024-09-09,A329750,0.0003528141,-0.0066536115122696
2024-09-10,A329750,0.0006336438,-0.0095441712981079
2024-09-11,A329750,0.00056534656,0.0
2024-09-12,A329750,0.0005309975,-0.0008520065267895
2024-09-13,A329750,0.000642605,0.0033377582444298
2024-09-19,A329750,0.0017519373,0.0004278441001387
2024-09-20,A329750,0.0017128659,-0.0058394326515593
2024-09-23,A329750,0.0016229368,-0.0209030878630581
2024-09-24,A329750,0.002064041,-0.0103672264703355
2024-09-25,A329750,0.0018572515,0.0019632117611043
2024-09-26,A329750,0.0022085886,0.0131731816137115
2024-09-27,A329750,0.0016796698,0.0219770344294991
2024-09-30,A329750,0.0015097804,0.0316563348697929
2024-10-02,A329750,0.0012317309,0.0215556801907618
2024-10-04,A329750,0.0011297534,0.0185863253561593
2024-10-07,A329750,0.0005112237,0.012668486052313
2024-10-08,A329750,0.00053273526,0.0101430099650547
2024-10-10,A329750,0.00040915163,0.0158746754171165
2024-10-11,A329750,0.0003722434,0.0167172064299692
2024-10-14,A329750,0.00036749282,0.0141292244142987
2024-10-15,A329750,0.00040038893,0.0141552796068556
2024-10-16,A329750,0.00038619517,0.0158043916783989
2024-10-17,A329750,0.0010481632,0.0084193646329132
2024-10-18,A329750,0.001062368,0.0144017631346011
2024-10-21,A329750,0.0009503966,0.0080552794603183
2024-10-22,A329750,0.0010065044,0.0047560565256511
2024-10-23,A329750,0.0010078187,0.001558591021389
2024-10-24,A329750,0.0010147631,-0.000411065899651
2024-10-25,A329750,0.000840402,-0.0055715015077814
2024-10-28,A329750,-0.004889826,-0.0097072167319926
2024-10-29,A329750,-0.0009284842,-0.0035238717063427
2024-10-30,A329750,-0.0014722367,0.0111669253501166
2024-10-31,A329750,0.0010900921,0.0131521725935165
2024-11-01,A329750,0.000948119,0.0071227121711201
2024-11-04,A329750,-4.1849973e-05,0.0188344905916711
2024-11-05,A329750,0.0009062052,0.0185446550746607
2024-11-06,A329750,0.0016659028,0.0086357019460631
2024-11-07,A329750,-0.0033224279,0.004695984664071
2024-11-08,A329750,0.002170427,0.0082866669660046
2024-11-11,A329750,-0.0030554,0.0008108985199452
2024-11-12,A329750,-0.0028691527,-0.0090666856021723
2024-11-13,A329750,-0.0027617565,-0.0110703728451909
2024-11-14,A329750,-0.0030546351,-0.0012123662830705
2024-11-15,A329750,-0.004303238,0.0024242436115064
2024-11-18,A329750,-0.003459398,0.005416124148875
2024-11-19,A329750,-0.0037198742,0.0055145707830693
2024-11-20,A329750,-0.004703641,0.0031639177815046
2024-11-21,A329750,-0.0052258554,0.0
2024-11-22,A329750,-0.0033966964,-0.0024242436115063
2024-11-25,A329750,-0.0028691527,0.0016110846081833
2024-11-26,A329750,-0.0026320922,0.0051625507899948
2024-11-27,A329750,-0.0030689866,0.012876405173402
2024-11-28,A329750,-0.002704878,0.014531988701172
2024-11-29,A329750,-0.0025426578,0.0180401765577345
2024-12-02,A329750,-0.0026036846,0.0262932657473887
2024-12-03,A329750,-0.0028450273,0.0185729303585603
2024-12-04,A329750,-0.0020963193,0.0166525139034501
2024-12-05,A329750,-0.0030218787,0.0111759574839096
2024-12-06,A329750,-0.0007179631,0.0099621317252526
2024-12-09,A329750,0.0022348722,-0.0018833875142663
2024-12-10,A329750,0.0025841738,0.0080233262940621
2024-12-11,A329750,0.0031182761,0.0007861017620441
2024-12-12,A329750,0.0024097254,0.0147872662781006
2024-12-13,A329750,0.0023885954,0.0132855971014188
2024-12-16,A329750,0.0029345476,0.0117133933344425
2024-12-17,A329750,0.0023100597,0.0133081072219954
2024-12-18,A329750,0.0016969132,0.0230698801749658
2024-12-19,A329750,0.0020280175,0.0128864779515843
2024-12-20,A329750,0.0019905295,0.016706189381911
2024-12-23,A329750,0.001960615,0.0136476153504907
2024-12-24,A329750,0.0029959455,0.0098469908664337
2024-12-26,A329750,0.0026644894,0.0038320095941569
2024-12-27,A329750,0.0023719203,-0.0087787411157298
2024-12-30,A329750,0.0020350704,-0.0118271864797259
2025-01-02,A329750,0.0017977437,-0.0049132603061025
2025-01-03,A329750,0.0027293605,-0.0015322151162801
2025-01-06,A329750,0.0024414987,0.0015287016658932
2025-01-07,A329750,0.0021831878,0.0072441747131499
2025-01-08,A329750,0.0018041661,0.0049321924893188
2025-01-09,A329750,0.0019054498,-0.0019258181047347
2025-01-10,A329750,0.0017690815,-0.0049189246825241
2025-01-13,A329750,0.0017484541,-0.0126048859732
2025-01-14,A329750,0.0016803923,-0.0149308463580211
2025-01-15,A329750,0.0028586488,-0.0161193818798833
2025-01-16,A329750,0.0023734218,-0.0127261747021158
2025-01-17,A329750,0.0028257524,-0.0166256160121748
2025-01-20,A329750,0.0023719203,0.0023176771808611
2025-01-21,A329750,0.0026754993,0.0199096012328462
2025-01-22,A329750,0.0017261729,0.0191896943931411
2025-01-23,A329750,0.0030926033,0.0065385147711539
2025-01-24,A329750,0.0025371453,0.0119920452847169
2025-01-31,A329750,0.0024200233,-0.0030914314751132
2025-02-03,A329750,0.0022883639,-0.0099052524071138
2025-02-04,A329750,0.0018293008,-0.0060729709651083
2025-02-05,A329750,0.002546114,0.006187659930962
2025-02-06,A329750,0.0025675113,-0.0007743534535919
2025-02-07,A329750,0.0024711087,-0.001549306995165
2025-02-10,A329750,0.00296958,-0.0061924495427441
2025-02-11,A329750,0.0028257524,-0.0054121053706054
2025-02-12,A329750,0.0021260206,-0.0084401755441311
2025-02-13,A329750,0.0024881833,-0.0041919018067194
2025-02-14,A329750,0.0031316776,-0.0069236730743561
2025-02-17,A329750,0.0023062523,-0.010066806306098
2025-02-18,A329750,0.0029909778,-0.0080953193712469
2025-02-19,A329750,0.0037420385,-0.0027253277526401
2025-02-20,A329750,0.0029909778,0.0041919018067195
2025-02-21,A329750,0.0015383248,0.0214696639517484
2025-02-24,A329750,0.0015241198,0.0250177629752879
2025-02-25,A329750,0.0012633746,0.0184301329368305
2025-02-26,A329750,0.001116887,0.0065283514677389
2025-02-27,A329750,0.001879018,0.0027076177915635
2025-02-28,A329750,0.00186643,-0.0053627647101956
2025-03-04,A329750,0.0033152816,0.0
2025-03-05,A329750,0.0023138372,-0.0015357447539624
2025-03-06,A329750,0.0024445618,0.0087922824609939
2025-03-07,A329750,0.0022646636,0.0076192310720101
2025-03-10,A329750,0.0013402681,-0.0026151849379054
2025-03-11,A329750,0.0019095574,-0.0046001767851027
2025-03-12,A329750,0.0020298932,0.0
2025-03-13,A329750,0.002426747,0.004978754874825
2025-03-14,A329750,0.00186643,0.0068004082512001
2025-03-17,A329750,0.0017496451,0.0151344324182379
2025-03-18,A329750,0.002208708,0.0136617274626775
2025-03-19,A329750,0.0022491491,0.0117648415795864
2025-03-20,A329750,0.0017456285,0.0048780584534327
2025-03-21,A329750,0.0017690815,0.0026616997348603
2025-03-24,A329750,0.0022377118,0.0041636761011056
2025-03-25,A329750,0.0022160842,0.0030275530240377
2025-03-26,A329750,0.0017579247,0.0003796651399113
2025-03-27,A329750,0.0023592485,0.0015195262002938
2025-03-28,A329750,0.002222913,-0.0221156214636734
2025-03-31,A329750,0.0017484541,-0.0045430531685185
2025-04-01,A329750,0.0024208021,0.0015103461563139
2025-04-02,A329750,0.002208708,0.0138723575672902
2025-04-03,A329750,0.0021269794,-0.0041080316425741
2025-04-04,A329750,0.0010818891,0.0115028095034538
2025-04-07,A329750,-0.0022640557,-0.0282467696544723
2025-04-08,A329750,-0.0024413592,-0.0327520933808162
2025-04-09,A329750,0.0029139174,-0.0394004238195929
2025-04-10,A329750,0.010409804,-0.0264951967817756
2025-04-11,A329750,0.0035037932,-0.0176557164884155
2025-04-14,A329750,-0.0061089825,-0.0050870780805641
2025-04-15,A329750,0.0020364372,-0.0031237823136833
2025-04-16,A329750,-0.00575823,-0.0031201273362436
2025-04-17,A329750,-0.005855286,0.0108218581145071
2025-04-18,A329750,-0.005490089,0.0111871893905643
2025-04-21,A329750,-0.004540469,0.0189638075970682
2025-04-22,A329750,0.0021945233,0.0131320120175752
2025-04-23,A329750,0.0012508212,0.0007809449830713
2025-04-24,A329750,0.002106934,-0.0174189133762479
2025-04-25,A329750,0.002344722,-0.0263801450670035
2025-04-28,A329750,0.0025218744,-0.0310411537500995
2025-04-29,A329750,0.0023132837,-0.0256464408152914
2025-04-30,A329750,0.0020083091,-0.0124898524761104
2025-05-02,A329750,0.0014773696,0.0046381907764077
2025-05-07,A329750,-0.0049324133,0.014411400341619
2025-05-08,A329750,-0.005129473,-0.0015895727397262
2025-05-09,A329750,-0.0051800767,-0.0066751678246048
2025-05-12,A329750,-0.0051295967,-0.003166814458795
2025-05-13,A329750,-0.0052055973,-0.014854887572246
2025-05-14,A329750,-0.0047255987,-0.0227749840811307
2025-05-15,A329750,-0.0050784885,-0.0095105611963098
2025-05-16,A329750,-0.005367162,-0.0103387015870183
2025-05-19,A329750,-0.0043415236,-0.025051490713464
2025-05-20,A329750,-0.0051504807,-0.0171012958965036
2025-05-21,A329750,0.0010654004,-0.0067415985669195
2025-05-22,A329750,-0.0011847533,-0.0024119645074714
2025-05-23,A329750,-0.0013182774,0.0052227831547838
2025-05-26,A329750,0.00066560437,0.0096290746824276
2025-05-27,A329750,0.0009083829,0.0043632906975071
2025-05-28,A329750,0.00094810803,-0.0112565467643253
2025-05-29,A329750,0.0009848523,-0.0104382547467222
2025-05-30,A329750,0.00087548676,-0.0100681451339179
2025-06-02,A329750,0.0009689989,0.0016092697389965
2025-06-04,A329750,0.00043038346,-0.0092338255307323
2025-06-05,A329750,0.00046283868,0.0084340780545859
2025-06-09,A329750,0.00033964313,0.0047876100698589
2025-06-10,A329750,0.000679605,-0.0003238604189912
2025-06-11,A329750,0.000496295,-0.0032211334019698
2025-06-12,A329750,0.0006283097,0.0171840782071603
2025-06-13,A329750,0.0005949326,-0.0016164232081715
2025-06-16,A329750,0.0005338666,0.0147853235792113
2025-06-17,A329750,-0.00083946943,-0.0020265074012638
2025-06-18,A329750,0.00094238215,-0.0032315426409398
2025-06-19,A329750,0.00094810803,-0.0151518050206022
2025-06-20,A329750,0.0011123633,-0.0051901827645165
2025-06-23,A329750,0.00010865335,-0.0236482510507219
2025-06-24,A329750,0.00043979622,-0.0016241679711333
2025-06-25,A329750,0.0006214155,-0.0007285385031024
2025-06-26,A329750,0.0009673373,0.0020281514273782
2025-06-27,A329750,0.0011563202,0.0047856683785144
2025-06-30,A329750,0.00048515925,0.014111011859535
2025-07-01,A329750,0.00054516626,0.0092226201794129
2025-07-02,A329750,0.00032411184,0.0099912200078867
2025-07-03,A329750,0.00120999,0.0083932378770974
2025-07-04,A329750,0.0011919478,0.0111849888648587
2025-07-07,A329750,0.000894189,0.0091383401472443
2025-07-08,A329750,0.001183229,0.0095372391911868
2025-07-09,A329750,0.0016990004,0.0098923822265937
2025-07-10,A329750,0.0019765692,0.0165780476390382
2025-07-11,A329750,0.0019371256,0.0134326225905919
2025-07-14,A329750,-0.001277543,0.0078687367018928
2025-07-15,A329750,-0.004868946,0.0074698376579501
2025-07-16,A329750,-0.0019826358,-0.0019865714348448
2025-07-17,A329750,-0.004790669,-0.0141699552889604
2025-07-18,A329750,-0.003965432,-0.0086429590874117
2025-07-21,A329750,-0.0006889604,-0.0050797791588307
2025-07-22,A329750,0.0005892386,0.0019773012334598
2025-07-23,A329750,0.002089314,0.0011924163740467
2025-07-24,A329750,0.0020996146,0.0133791913698485
2025-07-25,A329750,0.002089314,0.0137616850726815
2025-07-28,A329750,-0.00324344,0.0066619327995249
2025-07-29,A329750,-0.003709043,0.000394991512818
2025-07-30,A329750,-0.0030554,0.0058618672287481
2025-07-31,A329750,-0.005363133,-0.0034868091432546
2025-08-01,A329750,-0.005194486,-0.0055135615413921
2025-08-04,A329750,-0.0027234736,0.0007901391055835
2025-08-05,A329750,-0.004794136,0.0011840392905581
2025-08-06,A329750,-0.002288289,-0.0035605528773788
2025-08-07,A329750,-0.0017392853,0.0007935248789664
2025-08-08,A329750,-0.00091999926,-0.0015809030246955
2025-08-11,A329750,-0.0040988363,0.0015784077146463
2025-08-12,A329750,-0.00038119135,0.0073882282157736
2025-08-13,A329750,0.0019336932,0.0121328203837106
2025-08-14,A329750,-0.003111259,0.0090019559249416
2025-08-18,A329750,-0.002824046,0.0015809030246954
2025-08-19,A329750,-0.0033426124,0.0054264613516726
2025-08-20,A329750,-0.0035313794,-0.0011753184506732
2025-08-21,A329750,-0.0045799566,-0.0077827522276766
2025-08-22,A329750,-0.0026238319,-0.0003931281255175
2025-08-25,A329750,-0.0031231774,0.0062202476059011
2025-08-26,A329750,-0.0033285117,-0.0022771004303612
2025-08-27,A329750,-0.0033426124,-0.0014907224917475
2025-08-28,A329750,-0.00104343,0.0054307323272459
2025-08-29,A329750,-0.001241176,0.0007861017620441
2025-09-01,A329750,-0.0037760665,-0.0026723272996757
2025-09-02,A329750,-0.0051088296,-0.0023610903460465
2025-09-03,A329750,-0.0037340792,-0.0031456458779193
2025-09-04,A329750,-0.003437853,0.0
2025-09-05,A329750,-0.0030225036,-0.0007861017620441
2025-09-08,A329750,-0.003111259,0.0007867202042147
2025-09-09,A329750,-0.002824046,-0.0051349008825934
2025-09-10,A329750,-0.0034267372,-0.0047371002842692
2025-09-11,A329750,-0.0026789547,-0.0010995053334168
2025-09-12,A329750,-0.0031560739,0.0046290930412117
2025-09-15,A329750,-0.00081037293,0.0026702285558788
2025-09-16,A329750,0.001655262,0.0109488707480131
2025-09-17,A329750,0.0014019033,0.0125045866719133
2025-09-18,A329750,-0.0036054146,0.0081390338169447
2025-09-19,A329750,-0.002824046,0.0135284289969348
2025-09-22,A329750,-0.0037781217,0.0054751798880887
2025-09-23,A329750,-0.0050177705,0.0081142678180806
2025-09-24,A329750,-0.0042674877,0.0084828712111555
2025-09-25,A329750,-0.0050952267,0.0027242671061624
2025-09-26,A329750,-0.0031663731,0.007233026301443
2025-09-29,A329750,-0.0038521378,0.0210712847530923
2025-09-30,A329750,-0.0038992392,0.0217525198022963
2025-10-01,A329750,-0.0038992392,0.011097524495805
2025-10-02,A329750,-0.005047069,0.0125904416802795
2025-10-10,A329750,-0.0031167858,0.0011493813762957
2025-10-13,A329750,0.0008701668,-0.0026767634811744
2025-10-14,A329750,0.0010935821,-0.0019026604925537
2025-10-15,A329750,-0.005282433,0.0075587303957543
2025-10-16,A329750,-0.0049752025,0.0159150513176466
2025-10-17,A329750,-0.0052321516,0.0117245347641014
2025-10-20,A329750,-0.0047255987,0.0086923917496761
2025-10-21,A329750,0.0022579979,0.0064543297072728
2025-10-22,A329750,0.0022377118,0.0015201036597394
2025-10-23,A329750,0.0017847299,-0.0094118341823465
2025-10-24,A329750,0.002786511,-0.0082842959060949
2025-10-27,A329750,0.0025853263,-0.0022801560384416
2025-10-28,A329750,0.002786511,0.0015126307527923
2025-10-29,A329750,0.0010987538,0.0127534460742862
2025-10-30,A329750,0.0011198127,0.0157376328200385
2025-10-31,A329750,0.0008517841,0.0231594856711389
2025-11-03,A329750,0.0015517058,0.0165268071310807
2025-11-04,A329750,0.0011290854,0.0181979785137254
2025-11-05,A329750,0.0017989349,0.011852101021475
2025-11-06,A329750,0.002021392,0.0129775091006421
2025-11-07,A329750,0.0018737444,0.0003727865840002
2025-11-10,A329750,0.0021831878,0.0055232264606974
2025-11-11,A329750,0.0017293561,-0.0003711263727882
2025-11-12,A329750,0.0018737444,0.0014069386600148
2025-11-13,A329750,0.002133898,0.0007407407746108
2025-11-14,A329750,0.0019554445,0.014357854700593
2025-11-17,A329750,0.002222913,0.0132354329583051
2025-11-18,A329750,0.0026842745,0.0062167162916486
2025-11-19,A329750,0.002222913,-0.0002960331578753
2025-11-20,A329750,0.0011996954,-0.0007407407746109
2025-11-21,A329750,0.0023293013,-0.004713863041122
2025-11-24,A329750,0.002208708,-0.0032372011789818
2025-11-25,A329750,0.0022437929,7.377623670753177e-05
2025-11-26,A329750,0.0018798359,0.0029563953536025
2025-11-27,A329750,0.0021831878,0.0055422273768097
2025-11-28,A329750,0.0028336125,0.0007380074135704
2025-12-01,A329750,0.0017151511,-0.0036914032319596
2025-12-02,A329750,0.0019869101,0.0011059908961489
2025-12-03,A329750,0.0025582842,0.0011063987851852
2025-12-04,A329750,0.0025841354,0.0007366482837723
2025-12-05,A329750,0.0025657136,0.0029465951338052
2025-12-08,A329750,0.0019891676,0.0062673016203916
2025-12-09,A329750,0.0019935116,0.0055116803135239
2025-12-10,A329750,0.0025699304,0.0080764021971498
2025-12-11,A329750,0.0026114443,0.0062396972494812
2025-12-12,A329750,0.002501543,0.00476977605821
2025-12-15,A329750,0.0020617207,0.0058629702574327
2025-12-16,A329750,0.0021252641,0.0058458332352926
2025-12-17,A329750,0.002070682,-0.0165902422601968
2025-12-18,A329750,0.0017600469,-0.0218244282661795
2025-12-19,A329750,0.0025375637,-0.02745998141749
2025-12-22,A329750,0.0033813901,-0.0236609929017601
2024-07-30,A381170,-0.003068257,-0.0612290134371991
2024-07-31,A381170,0.00049676694,-0.0514353671237683
2024-08-01,A381170,0.00023945243,-0.0930833153413367
2024-08-02,A381170,-0.0026900498,-0.0181233053350945
2024-08-05,A381170,0.01666412,0.1021961737452316
2024-08-06,A381170,-0.004005061,0.0267306607000008
2024-08-07,A381170,0.00096092105,0.0469265673407157
2024-08-08,A381170,0.011421445,0.0845962875182685
2024-08-09,A381170,-0.0023022948,0.0454833349218993
2024-08-12,A381170,0.00022376,0.0505308086472159
2024-08-13,A381170,0.010614588,0.0411195845562636
2024-08-14,A381170,0.011454743,0.0193437323583247
2024-08-16,A381170,0.010520836,-0.0152516467883107
2024-08-19,A381170,0.011248272,0.0052438505060109
2024-08-20,A381170,0.010896533,-0.0202979599752659
2024-08-21,A381170,0.010035058,-0.0120895293983099
2024-08-22,A381170,0.009574617,-0.0383011656161096
2024-08-23,A381170,0.010132022,-0.0190300222214966
2024-08-26,A381170,0.011021334,-0.010012098052613
2024-08-27,A381170,0.01101429,-0.0052781181673429
2024-08-28,A381170,0.009355591,-0.0544439212719604
2024-08-29,A381170,0.010857795,-0.0284955052920522
2024-08-30,A381170,0.011253453,-0.0444678919561548
2024-09-02,A381170,0.013176828,-0.0581059107426407
2024-09-03,A381170,0.0010826375,-0.0515559429745386
2024-09-04,A381170,0.0003925502,0.0007892452594582
2024-09-05,A381170,0.0013174209,0.0369034123483464
2024-09-06,A381170,0.0013160713,0.0509858646566744
2024-09-09,A381170,0.0012052798,0.0688648905985893
2024-09-10,A381170,0.0009212039,0.0724539379827426
2024-09-11,A381170,0.0011434571,0.0723708096080546
2024-09-12,A381170,0.001116434,0.0340706820079181
2024-09-13,A381170,0.0014835726,0.0255570017764631
2024-09-19,A381170,0.0023346136,0.0305378465706642
2024-09-20,A381170,0.0019982262,0.0039408917998766
2024-09-23,A381170,0.0018208257,-0.0192147375149367
2024-09-24,A381170,0.0021706559,-0.0217653171934396
2024-09-25,A381170,0.0019490722,-0.0017196908795265
2024-09-26,A381170,0.0025743195,0.0012061854645506
2024-09-27,A381170,0.0014721077,0.0112443130444518
2024-09-30,A381170,0.0015542645,0.0447661287840417
2024-10-02,A381170,0.0011839349,0.0495274135469957
2024-10-04,A381170,0.0011574259,0.0356490608558878
2024-10-07,A381170,0.00018582596,0.0280047778051151
2024-10-08,A381170,0.0004573922,0.0307804976253475
2024-10-10,A381170,0.0003895748,0.0193171992471454
2024-10-11,A381170,0.00029696306,0.0200233361465653
2024-10-14,A381170,0.00015350207,0.0220119177135027
2024-10-15,A381170,-0.00010104167,0.0176140257372723
2024-10-16,A381170,0.00031116797,0.0321463706113414
2024-10-17,A381170,0.0007646537,0.0152724333218711
2024-10-18,A381170,0.0006928384,0.0230171459097661
2024-10-21,A381170,2.747142e-06,0.0285550654248828
2024-10-22,A381170,-5.886755e-05,0.0202478530252989
2024-10-23,A381170,3.5539317e-05,0.0236387766305621
2024-10-24,A381170,0.000812408,0.0061541482006489
2024-10-25,A381170,0.0007090392,-0.0170038426249372
2024-10-28,A381170,-0.006100723,-0.0276270772365351
2024-10-29,A381170,-0.0020072374,-0.0311328814096528
2024-10-30,A381170,-0.003149068,-0.0055884799518888
2024-10-31,A381170,0.0007663463,0.0337183931056376
2024-11-01,A381170,0.0006197208,0.0596262806208712
2024-11-04,A381170,0.00075974246,0.0662559259910586
2024-11-05,A381170,0.00093241705,0.0708726237643363
2024-11-06,A381170,0.0023873358,0.0351516106449945
2024-11-07,A381170,-0.007926099,0.0209390452732542
2024-11-08,A381170,0.001192149,-0.0032892602513077
2024-11-11,A381170,-0.006940649,-0.0212316612476256
2024-11-12,A381170,-0.006381216,-0.0256638420314843
2024-11-13,A381170,-0.0052644536,-0.0097430199624797
2024-11-14,A381170,-0.0042704726,-0.0183306749091431
2024-11-15,A381170,-0.0060122157,-0.0059038810954314
2024-11-18,A381170,-0.005560002,0.0068045508221726
2024-11-19,A381170,-0.0053998097,-0.0015591939900063
2024-11-20,A381170,-0.00758007,-0.010722078374821
2024-11-21,A381170,-0.008150219,-0.0061560459253821
2024-11-22,A381170,-0.0060957167,-0.0028764263664815
2024-11-25,A381170,-0.0067538964,0.0030777372166745
2024-11-26,A381170,-0.0060828067,0.0338822321251128
2024-11-27,A381170,-0.0045867288,0.0373753725385463
2024-11-28,A381170,-0.003417356,0.0570695604923403
2024-11-29,A381170,-0.0032161756,0.0623202416121417
2024-12-02,A381170,-0.002991781,0.0762974419646962
2024-12-03,A381170,-0.0032723565,0.0474285761382014
2024-12-04,A381170,-0.004766124,0.0434316858562971
2024-12-05,A381170,-0.0049180132,0.0531525082474009
2024-12-06,A381170,-0.0012971071,0.0443069210995706
2024-12-09,A381170,-0.00032631936,0.0228406728622744
2024-12-10,A381170,0.0021130962,0.0523264637312692
2024-12-11,A381170,0.0036380838,0.0421707178357598
2024-12-12,A381170,-0.00011343026,-0.0061462517878739
2024-12-13,A381170,0.003265678,-0.0108135139960264
2024-12-16,A381170,0.0017775794,0.017107236278905
2024-12-17,A381170,0.0029948663,0.0007798183418538
2024-12-18,A381170,0.0018467243,0.0258001700444428
2024-12-19,A381170,-0.0014458946,0.0443212096092285
2024-12-20,A381170,0.0016591698,0.0390131597578764
2024-12-23,A381170,0.0030130383,-0.0054472555582391
2024-12-24,A381170,0.002514715,-0.0150798066676077
2024-12-26,A381170,0.003564281,-0.0224849697538859
2024-12-27,A381170,0.0030178563,-0.0169557776721809
2024-12-30,A381170,-0.00066487654,-0.0189215965726653
2025-01-02,A381170,0.0022135547,-0.0114612170301623
2025-01-03,A381170,0.002930581,-0.0057538699646012
2025-01-06,A381170,0.0026425812,-0.0347854269214506
2025-01-07,A381170,0.0021360589,-0.0313768296703793
2025-01-08,A381170,0.0017529947,-0.0350617204387746
2025-01-09,A381170,0.0025434426,0.0023820878343539
2025-01-10,A381170,0.0017961768,-0.0147937029576885
2025-01-13,A381170,0.0015396129,0.0070305413828766
2025-01-14,A381170,0.0019459482,-0.000804214125133
2025-01-15,A381170,0.002499721,0.0231910845911071
2025-01-16,A381170,0.0023770484,-0.0003966207960611
2025-01-17,A381170,0.0032307683,0.0177739757721629
2025-01-20,A381170,0.0030327619,0.0049917241201686
2025-01-21,A381170,-0.00034015716,-0.0223320716840112
2025-01-22,A381170,0.00094354054,-0.019519109840986
2025-01-23,A381170,0.0037447645,-0.031554206526127
2025-01-24,A381170,0.0023813376,-0.0189863910516195
2025-01-31,A381170,0.002587597,-0.0146462502151275
2025-02-03,A381170,0.0022484476,0.0116553819192711
2025-02-04,A381170,-0.0012450228,0.0046724310500573
2025-02-05,A381170,0.0032724314,0.0119649807679621
2025-02-06,A381170,0.002626537,0.0
2025-02-07,A381170,0.0032868395,0.0096545260949589
2025-02-10,A381170,0.0035716286,0.0218374752553426
2025-02-11,A381170,0.00026713125,0.0203826668028022
2025-02-12,A381170,0.0029645003,0.0066528479559645
2025-02-13,A381170,0.003250817,0.0048408662850366
2025-02-14,A381170,0.003280015,-0.0078371881959953
2025-02-17,A381170,0.0029015692,-0.0357166360426845
2025-02-18,A381170,0.0020969228,-0.0553610738853583
2025-02-19,A381170,0.0028652258,-0.0520465454631179
2025-02-20,A381170,0.0028652258,-0.0426278549930931
2025-02-21,A381170,0.0021639979,-0.0644094139138426
2025-02-24,A381170,0.0004623448,-0.0564796127704701
2025-02-25,A381170,0.00072495086,-0.0386432625814392
2025-02-26,A381170,0.0012057393,-0.0343658672784566
2025-02-27,A381170,0.001743457,-0.0602362376471297
2025-02-28,A381170,0.0019377731,-0.0365047215225637
2025-03-04,A381170,0.0014534137,-0.0596299805342155
2025-03-05,A381170,0.0018238695,-0.0605700834022893
2025-03-06,A381170,0.002282656,-0.0483367969243485
2025-03-07,A381170,0.0019278821,-0.0341630519194438
2025-03-10,A381170,0.0005846541,-0.0279706865939096
2025-03-11,A381170,0.0020759017,0.0092179294910999
2025-03-12,A381170,0.0020529462,-0.0041808022991252
2025-03-13,A381170,0.0024103841,0.0138821353515804
2025-03-14,A381170,-0.0011767319,0.0077696181949411
2025-03-17,A381170,0.0032215775,0.0279706865939095
2025-03-18,A381170,0.0011184738,0.0418692965296466
2025-03-19,A381170,-0.0008005194,0.0623482460116563
2025-03-20,A381170,0.003023814,0.0080847756376743
2025-03-21,A381170,-0.0016495009,0.013193403693208
2025-03-24,A381170,0.0026825469,-0.0579752667953746
2025-03-25,A381170,0.0023927565,-0.0631521214067526
2025-03-26,A381170,0.0022374336,-0.0570092050322361
2025-03-27,A381170,0.00215971,-0.0622200233475858
2025-03-28,A381170,-0.0006031312,-0.1069888858385196
2025-03-31,A381170,-0.0006440395,-0.1606038457564467
2025-04-01,A381170,0.002097312,-0.0884353745698556
2025-04-02,A381170,0.0029595906,-0.1387507392234511
2025-04-03,A381170,0.0019754416,0.010429410914902
2025-04-04,A381170,-0.0008115501,0.0376602185122811
2025-04-07,A381170,0.02555257,0.1480388334609534
2025-04-08,A381170,0.018433757,0.0427451900718028
2025-04-09,A381170,-0.004045808,0.0534426929718684
2025-04-10,A381170,0.018466147,-0.0663973635005431
2025-04-11,A381170,0.011720924,-0.0563950593728616
2025-04-14,A381170,-0.00066331634,-0.0873292762443727
2025-04-15,A381170,0.012666672,-0.0743683785023151
2025-04-16,A381170,-0.0019085974,0.0035236118204832
2025-04-17,A381170,0.024091879,0.0162703197498087
2025-04-18,A381170,0.023402695,0.0755383023428672
2025-04-21,A381170,0.02640286,0.1024922447021974
2025-04-22,A381170,0.038239494,0.1122958273048976
2025-04-23,A381170,0.021347163,0.0486920546911402
2025-04-24,A381170,0.040931772,0.0586184618827007
2025-04-25,A381170,0.027326737,0.0089886119431703
2025-04-28,A381170,0.035102725,0.0040017943756034
2025-04-29,A381170,0.036564186,0.0084654599519775
2025-04-30,A381170,0.032756746,0.0479830450618742
2025-05-02,A381170,0.03318674,0.0564822698190135
2025-05-07,A381170,0.025340201,0.0917373151628712
2025-05-08,A381170,0.0012797288,0.0777594818708411
2025-05-09,A381170,0.0008593087,0.0679339116987451
2025-05-12,A381170,0.00088513485,0.031168321452616
2025-05-13,A381170,-0.008296201,0.0145003532301203
2025-05-14,A381170,-0.007214109,-0.0271781895185049
2025-05-15,A381170,-0.008600932,-0.0250458744235611
2025-05-16,A381170,-0.008102201,-0.0214053812224837
2025-05-19,A381170,-0.0072570536,-0.0162713943175572
2025-05-20,A381170,-0.00845257,-0.0202884370652585
2025-05-21,A381170,0.000557002,0.0052842608320046
2025-05-22,A381170,-0.0019946743,0.0360269194429047
2025-05-23,A381170,-0.002149838,0.0214053812224836
2025-05-26,A381170,2.7312974e-05,0.0109510536808864
2025-05-27,A381170,0.0021197333,0.0246544935992132
2025-05-28,A381170,0.0007766809,0.0035073910303796
2025-05-29,A381170,0.0007337758,-0.016866877196605
2025-05-30,A381170,0.0008376478,0.0125662022730031
2025-06-02,A381170,0.00094441284,0.0391437700184945
2025-06-04,A381170,0.00059353776,0.0026105131427901
2025-06-05,A381170,0.00041732844,0.0032770439830837
2025-06-09,A381170,0.00044777605,0.00888082106878
2025-06-10,A381170,0.0004670826,0.0032354809183189
2025-06-11,A381170,0.0003462527,-0.0053578062631151
2025-06-12,A381170,0.00037974742,0.0116207541388446
2025-06-13,A381170,0.00022742366,0.0120971839677388
2025-06-16,A381170,0.00037563854,0.0073409086892636
2025-06-17,A381170,-0.0026417645,0.0119449135106241
2025-06-18,A381170,0.0008875049,0.0119193977642713
2025-06-19,A381170,0.00054479454,0.0195221510912308
2025-06-20,A381170,0.0014389696,0.0331887461522995
2025-06-23,A381170,-0.00037713686,0.0391495560308784
2025-06-24,A381170,-0.0003420521,0.0255880187396835
2025-06-25,A381170,-0.00046711235,0.0190970723337945
2025-06-26,A381170,-0.00028852466,0.0203871734969266
2025-06-27,A381170,0.00031856395,0.0175225575953394
2025-06-30,A381170,-0.00049896847,0.0102489012193899
2025-07-01,A381170,0.0002955713,0.0137603621372426
2025-07-02,A381170,-5.750767e-05,0.0177163891230681
2025-07-03,A381170,0.00070028985,0.0159263156280384
2025-07-04,A381170,0.0011738811,0.0141961748737882
2025-07-07,A381170,0.00085467246,0.018219579237094
2025-07-08,A381170,0.00079563644,0.0281595111992511
2025-07-09,A381170,0.00166695,0.0309527410187887
2025-07-10,A381170,0.0010071734,0.035236971547024
2025-07-11,A381170,0.0005595932,0.0352375464335493
2025-07-14,A381170,-0.0020664283,0.02748482578987
2025-07-15,A381170,-0.0062441076,0.0200459602095605
2025-07-16,A381170,-0.0035586979,0.010461791792356
2025-07-17,A381170,-0.0062041255,-0.0047164336928579
2025-07-18,A381170,-0.0052345917,0.0001949355744102
2025-07-21,A381170,-0.0019839003,0.012827166973741
2025-07-22,A381170,-0.0011227363,0.019078357299199
2025-07-23,A381170,0.0018432061,0.0167076226024697
2025-07-24,A381170,0.0013842444,0.0526417131527944
2025-07-25,A381170,0.00069626066,0.0255555779371348
2025-07-28,A381170,-0.0043661934,-0.0104826832490217
2025-07-29,A381170,-0.0054980223,0.001337997408931
2025-07-30,A381170,-0.004567181,0.0045854847894885
2025-07-31,A381170,-0.0075217457,-0.016924321716681
2025-08-01,A381170,-0.0073203766,0.009040934650611
2025-08-04,A381170,-0.0041323625,0.0464046961510059
2025-08-05,A381170,-0.007461841,0.0237081696905876
2025-08-06,A381170,-0.003345872,0.0372803028086517
2025-08-07,A381170,-0.0036285461,0.024520143321464
2025-08-08,A381170,-0.0023054015,0.0154700043547854
2025-08-11,A381170,-0.0061967922,0.00520273201524
2025-08-12,A381170,-0.0022241098,-0.010086513831066
2025-08-13,A381170,0.0009719781,-0.0197878120423941
2025-08-14,A381170,-0.005084497,-0.0304297626705022
2025-08-18,A381170,-0.005230015,-0.0132130916044271
2025-08-19,A381170,-0.005933187,-0.0063211335633707
2025-08-20,A381170,-0.007091775,0.0188156519625241
2025-08-21,A381170,-0.0075972346,0.0103355237442035
2025-08-22,A381170,-0.005374384,0.0324678194410236
2025-08-25,A381170,-0.0053401846,0.0009388790474677
2025-08-26,A381170,-0.006422373,-0.0072626854123966
2025-08-27,A381170,-0.0061632437,-0.0114937380915547
2025-08-28,A381170,-0.0022846477,0.0101927822414646
2025-08-29,A381170,-0.0024541058,0.013749711120244
2025-09-01,A381170,-0.005022199,0.0243995937618154
2025-09-02,A381170,-0.007053148,0.0284474162618224
2025-09-03,A381170,-0.0055043073,0.0297803388713529
2025-09-04,A381170,-0.0043876846,0.0242420602498322
2025-09-05,A381170,-0.0056617213,0.0103161103760511
2025-09-08,A381170,-0.005320554,0.0245693046124571
2025-09-09,A381170,-0.0045263865,0.0283706971292155
2025-09-10,A381170,-0.0045263865,0.0200603484305255
2025-09-11,A381170,-0.0043812953,0.0198153770587156
2025-09-12,A381170,-0.0040809475,0.0235355398549729
2025-09-15,A381170,-0.0023504528,0.0204493080703653
2025-09-16,A381170,0.00092665706,0.024648456191864
2025-09-17,A381170,0.0008307418,0.0169049922281681
2025-09-18,A381170,-0.004648472,0.0101831362149135
2025-09-19,A381170,-0.004629624,0.0120690515255936
2025-09-22,A381170,-0.005387137,0.0019242549451926
2025-09-23,A381170,-0.0064566997,-0.0081371941151779
2025-09-24,A381170,-0.0053998297,0.0008745081449325
2025-09-25,A381170,-0.0064988085,0.0125069128407959
2025-09-26,A381170,-0.005401886,0.0267701094661687
2025-09-29,A381170,-0.005558918,0.0143667668707072
2025-09-30,A381170,-0.0054955906,0.0153838526953655
2025-10-01,A381170,-0.0047610146,0.0124743187087807
2025-10-02,A381170,-0.0044588307,0.0027658709376391
2025-10-10,A381170,-0.006188978,-0.0293890546557961
2025-10-13,A381170,0.0005611103,0.0054975399591947
2025-10-14,A381170,0.00045729586,0.0165045006714632
2025-10-15,A381170,-0.0073764334,0.0221635585492671
2025-10-16,A381170,-0.0071463687,0.0197931496306368
2025-10-17,A381170,-0.006720838,0.0410009994769328
2025-10-20,A381170,-0.0070319395,0.0397029475680749
2025-10-21,A381170,0.002027103,0.038709374899699
2025-10-22,A381170,0.0015488198,0.0583810591813719
2025-10-23,A381170,0.002538389,0.0586654371908885
2025-10-24,A381170,8.777376e-05,0.052017936962487
2025-10-27,A381170,-0.0003027255,0.0204700759051471
2025-10-28,A381170,0.002527067,0.0043827681550951
2025-10-29,A381170,0.00024649245,-0.0155400289012465
2025-10-30,A381170,0.00080634654,-0.0087846417891218
2025-10-31,A381170,0.0003629903,-0.0197229821947095
2025-11-03,A381170,-0.0018944406,-0.0022610559069149
2025-11-04,A381170,-0.0016117337,0.0166408157511588
2025-11-05,A381170,0.0015746977,0.0236313297283919
2025-11-06,A381170,0.002038597,0.0113350129751272
2025-11-07,A381170,0.0020466086,-0.0160171125360534
2025-11-10,A381170,0.0015218908,-0.0032065324078202
2025-11-11,A381170,0.0017785418,-0.0387161889878483
2025-11-12,A381170,0.0014535888,-0.055421781522087
2025-11-13,A381170,0.0018270055,-0.0116570845422128
2025-11-14,A381170,-0.0013763894,-0.0125929928257871
2025-11-17,A381170,0.0022436043,-0.0128642233745481
2025-11-18,A381170,0.0029358051,0.0293054092501706
2025-11-19,A381170,0.0018816807,0.0428922021001143
2025-11-20,A381170,0.0029839568,0.0086277937895752
2025-11-21,A381170,-0.0017257598,0.0534176288270679
2025-11-24,A381170,-0.0006176158,0.0247639429537738
2025-11-25,A381170,0.0042682346,0.0084545434107097
2025-11-26,A381170,0.0028512392,0.012055428538281
2025-11-27,A381170,0.0021528765,0.0073183475414106
2025-11-28,A381170,0.0028033133,0.0017418572597784
2025-12-01,A381170,0.002356249,0.0146071621984309
2025-12-02,A381170,0.0029215305,0.0098372893709286
2025-12-03,A381170,0.0030528042,0.0014217787264168
2025-12-04,A381170,0.00091703347,-0.0082449095835133
2025-12-05,A381170,0.0030188127,-0.0057119439404146
2025-12-08,A381170,-0.0007410348,-0.02537208389305
2025-12-09,A381170,-0.0009537127,-0.040502322240815
2025-12-10,A381170,0.002099622,-0.0228008344768209
2025-12-11,A381170,0.003829508,-0.0309364929262792
2025-12-12,A381170,-0.00020552186,-0.0211624286626547
2025-12-15,A381170,0.00206214,0.0134860989216034
2025-12-16,A381170,0.0024237803,0.0268629291474962
2025-12-17,A381170,0.0016276083,0.0014524799609884
2025-12-18,A381170,-0.0009201793,0.0177765031350555
2025-12-19,A381170,0.0026742641,-0.0070129945748492
2025-12-22,A381170,0.0035036253,-0.021783551553585
2024-07-30,A381180,-0.003091594,-0.1003011219414192
2024-07-31,A381180,0.0014241099,-0.0980100464510803
2024-08-01,A381180,0.0013601027,-0.1626371184696372
2024-08-02,A381180,0.010024237,-0.0025854991486044
2024-08-05,A381180,0.00478316,0.1355597311349651
2024-08-06,A381180,0.0076183216,0.0287555013621841
2024-08-07,A381180,0.009139276,0.0642756448944366
2024-08-08,A381180,0.013483803,0.1433662309210576
2024-08-09,A381180,0.008231987,0.0605000172626694
2024-08-12,A381180,0.007221979,0.0796125232083346
2024-08-13,A381180,0.023790406,0.0636797363565414
2024-08-14,A381180,0.012328481,0.0375399949284751
2024-08-16,A381180,0.02719142,-0.0254933427264523
2024-08-19,A381180,0.031308834,0.0065689839043485
2024-08-20,A381180,0.028019674,-0.0339971386500609
2024-08-21,A381180,0.027939405,-0.0098647847454089
2024-08-22,A381180,0.026541226,-0.0590082339381376
2024-08-23,A381180,0.029201994,-0.0159958823736725
2024-08-26,A381180,0.028702842,-0.0096197115110155
2024-08-27,A381180,0.030265994,0.0110720809006857
2024-08-28,A381180,0.02823992,-0.0861860037633753
2024-08-29,A381180,0.027927607,-0.0428074058847741
2024-08-30,A381180,0.031237466,-0.0896349832661386
2024-09-02,A381180,0.029977335,-0.1131620417848844
2024-09-03,A381180,0.011689023,-0.1051010305489619
2024-09-04,A381180,0.0004366633,-0.0156362507948521
2024-09-05,A381180,0.004145812,0.0370926098311055
2024-09-06,A381180,0.0048572184,0.0486935928887778
2024-09-09,A381180,0.008109211,0.0762695977205077
2024-09-10,A381180,0.006844212,0.0856153366743962
2024-09-11,A381180,0.012511183,0.0782297787310083
2024-09-12,A381180,0.008363863,0.0198321396499395
2024-09-13,A381180,0.014076911,0.0302660369408596
2024-09-19,A381180,0.011562954,0.0584896566363149
2024-09-20,A381180,0.01201131,0.0312612673761077
2024-09-23,A381180,0.0117819095,0.0059364131934181
2024-09-24,A381180,0.01235819,-0.0241252366886261
2024-09-25,A381180,0.011677677,0.0165572290614545
2024-09-26,A381180,0.011910991,-0.0043587297949654
2024-09-27,A381180,0.01293893,0.0065189636214171
2024-09-30,A381180,0.013792285,0.0524876203551234
2024-10-02,A381180,0.013353311,0.0831327407646334
2024-10-04,A381180,0.0049463445,0.0524962122360076
2024-10-07,A381180,0.012385693,0.0526983350306593
2024-10-08,A381180,0.011336659,0.0116173067050442
2024-10-10,A381180,0.0031357456,0.006557400546159
2024-10-11,A381180,0.00314802,0.0
2024-10-14,A381180,0.0032700072,-0.0092107665690201
2024-10-15,A381180,0.002553603,-0.0305046003129164
2024-10-16,A381180,0.004269598,0.0095612266217744
2024-10-17,A381180,0.0035628907,-0.0057554115706206
2024-10-18,A381180,0.0035547642,0.0046970996420286
2024-10-21,A381180,0.0032350637,0.0193872272788772
2024-10-22,A381180,0.0033765621,0.010307178700999
2024-10-23,A381180,0.0034369605,0.0189049555194804
2024-10-24,A381180,0.0033075924,-0.0152403391384246
2024-10-25,A381180,0.003294035,-0.0412569720458774
2024-10-28,A381180,-0.0042238594,-0.0517848862436539
2024-10-29,A381180,0.0005738774,-0.0519639674929576
2024-10-30,A381180,0.0002533053,-0.0181568124823936
2024-10-31,A381180,0.003114876,0.0367590525679003
2024-11-01,A381180,0.0031104172,0.0715201967508803
2024-11-04,A381180,0.002518511,0.0647629434668084
2024-11-05,A381180,0.0032502185,0.0493176231942522
2024-11-06,A381180,0.005041854,-0.0015503464654052
2024-11-07,A381180,-0.004313101,-0.0467940407921168
2024-11-08,A381180,0.004331276,-0.0646625213857305
2024-11-11,A381180,-0.004369062,-0.0802412325480603
2024-11-12,A381180,-0.0042381287,-0.0542851214787321
2024-11-13,A381180,-0.003529342,-0.038226076621599
2024-11-14,A381180,-0.003615623,-0.0270001402393189
2024-11-15,A381180,-0.0038232203,0.0024770882123618
2024-11-18,A381180,-0.0028365017,0.0255380171558397
2024-11-19,A381180,-0.0034203832,0.022736424019523
2024-11-20,A381180,-0.0060786013,-0.0010567004125566
2024-11-21,A381180,-0.005047666,0.0005066854436339
2024-11-22,A381180,-0.0040104548,-0.0164633301871016
2024-11-25,A381180,-0.0040095644,-0.0122721183575284
2024-11-26,A381180,-0.0035568275,0.0143903001828465
2024-11-27,A381180,-0.0036260746,0.0416340846957655
2024-11-28,A381180,-0.002787357,0.0638804839998292
2024-11-29,A381180,-0.0024636216,0.0442233127959813
2024-12-02,A381180,-0.0032396775,0.0491065197557464
2024-12-03,A381180,-0.0030750185,0.0068773105794762
2024-12-04,A381180,-0.0034861176,-0.0197834121084947
2024-12-05,A381180,-0.0023010715,-0.0071536748917141
2024-12-06,A381180,-0.000788705,0.01580934783582
2024-12-09,A381180,0.00489264,0.0201963811864863
2024-12-10,A381180,0.004925223,0.0543433608408582
2024-12-11,A381180,0.0060547697,0.0578024427618722
2024-12-12,A381180,0.0016310862,-0.0031425629740087
2024-12-13,A381180,0.005346372,-0.0278055109538494
2024-12-16,A381180,0.006738749,-0.0121106498502349
2024-12-17,A381180,0.0063702734,-0.0123996996290944
2024-12-18,A381180,0.004412929,0.0186826172592993
2024-12-19,A381180,0.005808685,0.0521758069659739
2024-12-20,A381180,0.0051235687,0.0642408255696834
2024-12-23,A381180,0.0068565207,0.008020876334617
2024-12-24,A381180,0.008905583,-0.0036006417173466
2024-12-26,A381180,0.0091474345,0.0094368735662279
2024-12-27,A381180,0.0064592673,0.0203991536645022
2024-12-30,A381180,0.0047434336,0.0112037508044277
2025-01-02,A381180,0.0047458657,0.0251517932708545
2025-01-03,A381180,0.0054235198,0.0199986258945078
2025-01-06,A381180,0.0051509817,-0.037100659896896
2025-01-07,A381180,0.0042792754,-0.0371470559750372
2025-01-08,A381180,0.004022629,-0.0300567682214826
2025-01-09,A381180,0.0034767545,0.0027784110217649
2025-01-10,A381180,0.0033069039,0.0002525188771278
2025-01-13,A381180,0.0029841736,0.0410894964581289
2025-01-14,A381180,0.0037042396,0.0321734060126779
2025-01-15,A381180,0.0036235813,0.048947765477849
2025-01-16,A381180,0.0044188537,0.0320198112347715
2025-01-17,A381180,0.004271938,0.0267559492456704
2025-01-20,A381180,0.0037285716,-0.0401566605695884
2025-01-21,A381180,0.0048521324,-0.074883026196902
2025-01-22,A381180,0.002886258,-0.0742973998175465
2025-01-23,A381180,0.004701696,-0.0843677268600437
2025-01-24,A381180,0.0045596687,-0.0542994125422929
2025-01-31,A381180,0.004343273,-0.0015552102668064
2025-02-03,A381180,0.0047249524,0.0297012223984629
2025-02-04,A381180,0.005112415,0.0221899103879086
2025-02-05,A381180,0.0046527856,0.0271633291374379
2025-02-06,A381180,0.0019814894,0.00491910377031
2025-02-07,A381180,0.0037924035,0.0108360193412793
2025-02-10,A381180,0.0041117063,0.0190659111748209
2025-02-11,A381180,0.0036312232,0.0168736962988941
2025-02-12,A381180,0.0010426342,0.0248818619648363
2025-02-13,A381180,0.003695767,0.0235833501360858
2025-02-14,A381180,0.0042350143,0.0211250429335034
2025-02-17,A381180,0.0038204694,-0.0089451552656586
2025-02-18,A381180,0.004071776,-0.0395941951218112
2025-02-19,A381180,0.0041374248,-0.0628948205259856
2025-02-20,A381180,0.003897598,-0.0464671657022641
2025-02-21,A381180,0.0027311447,-0.0978459281518671
2025-02-24,A381180,0.0043171975,-0.0899591721580988
2025-02-25,A381180,0.0022301434,-0.0555986625847619
2025-02-26,A381180,0.002421842,-0.0563716280089025
2025-02-27,A381180,0.0038217625,-0.0933250465286609
2025-02-28,A381180,0.004345262,-0.0324389294263437
2025-03-04,A381180,0.006055887,-0.0495730005923677
2025-03-05,A381180,0.005306498,-0.0595276251288432
2025-03-06,A381180,0.0052648084,-0.0413219583958404
2025-03-07,A381180,0.0045992276,-0.0069280980400643
2025-03-10,A381180,0.005537678,-0.008854194566231
2025-03-11,A381180,0.0054335087,0.0453264692837931
2025-03-12,A381180,0.005514857,0.0437498782027162
2025-03-13,A381180,0.0017001076,0.0562198130764774
2025-03-14,A381180,0.005007207,0.029756734951308
2025-03-17,A381180,0.004374122,0.0215946694814601
2025-03-18,A381180,0.004329616,0.023662444072267
2025-03-19,A381180,0.0042871353,0.0182993923742851
2025-03-20,A381180,0.0043250713,-0.0299632978628761
2025-03-21,A381180,0.003798436,-0.038853308725327
2025-03-24,A381180,0.0031226603,-0.0875355749017581
2025-03-25,A381180,0.0045928336,-0.0949722118748182
2025-03-26,A381180,0.004156204,-0.085974000847781
2025-03-27,A381180,0.0047965725,-0.0804323714851936
2025-03-28,A381180,0.0038083834,-0.1414288184018579
2025-03-31,A381180,0.0050547984,-0.2351517009426063
2025-04-01,A381180,0.004684627,-0.1348292739504155
2025-04-02,A381180,0.003698924,-0.1781827803443519
2025-04-03,A381180,0.0050623575,-0.0062117846799381
2025-04-04,A381180,0.004429351,0.0291796115617942
2025-04-07,A381180,0.022137655,0.1711517635894151
2025-04-08,A381180,0.035060525,0.0401830623243779
2025-04-09,A381180,0.017535992,0.0480263017664001
2025-04-10,A381180,0.022566972,-0.084542578588526
2025-04-11,A381180,0.010232338,-0.0528879888065439
2025-04-14,A381180,0.0012590891,-0.077076791620305
2025-04-15,A381180,0.016364308,-0.0614664590816388
2025-04-16,A381180,0.004428587,0.0155095302574932
2025-04-17,A381180,0.01991941,0.0239572938634329
2025-04-18,A381180,0.024989473,0.0988441983757831
2025-04-21,A381180,0.02346207,0.1206990180830652
2025-04-22,A381180,0.03656573,0.1253600539655288
2025-04-23,A381180,0.032927796,0.0610912386118425
2025-04-24,A381180,0.034739953,0.0514805177321738
2025-04-25,A381180,-0.0018830962,0.0012591288493037
2025-04-28,A381180,-0.0006121652,0.0173504945422509
2025-04-29,A381180,0.0052928976,0.0265392560071727
2025-04-30,A381180,-0.00013804044,0.0831808295023093
2025-05-02,A381180,0.0012389411,0.1107006524443294
2025-05-07,A381180,0.02535841,0.1477124830003964
2025-05-08,A381180,0.025196526,0.109596057266459
2025-05-09,A381180,0.0031661866,0.0900002156305502
2025-05-12,A381180,0.004137685,0.0433364456524433
2025-05-13,A381180,0.0033473573,0.006517634792458
2025-05-14,A381180,0.0006644143,-0.0439387295478801
2025-05-15,A381180,0.00059332146,-0.0379749551080986
2025-05-16,A381180,-0.0006163929,-0.0426739030512136
2025-05-19,A381180,-0.007590655,-0.0350811950437599
2025-05-20,A381180,-0.0057281917,-0.0326128340048329
2025-05-21,A381180,0.002900653,-0.0051174274413141
2025-05-22,A381180,0.00077517424,0.0316892995916354
2025-05-23,A381180,0.0008127434,0.0232481411453034
2025-05-26,A381180,0.0028767914,-0.0035296230537785
2025-05-27,A381180,0.0034643833,0.0395932721666734
2025-05-28,A381180,0.0033646806,0.0177415806697106
2025-05-29,A381180,0.003078037,-0.005315143852726
2025-05-30,A381180,0.0028897484,0.0479833806248008
2025-06-02,A381180,0.0032863086,0.1022559312498802
2025-06-04,A381180,-0.0017865002,0.0392185555419297
2025-06-05,A381180,-0.00043051052,0.029956729113056
2025-06-09,A381180,0.0013483411,0.0278264392811851
2025-06-10,A381180,-0.00072260783,0.0155317796281617
2025-06-11,A381180,0.0033067076,0.0002659786700787
2025-06-12,A381180,0.003095882,0.0158933111308527
2025-06-13,A381180,0.0025980626,0.0190040980826457
2025-06-16,A381180,0.0022683335,0.0246274065826127
2025-06-17,A381180,0.00032733782,0.0156103838927387
2025-06-18,A381180,0.0031645456,0.0300735153287625
2025-06-19,A381180,0.0031645456,0.0381256465635084
2025-06-20,A381180,0.0031645456,0.0514985847474896
2025-06-23,A381180,0.0027077196,0.0494338001774918
2025-06-24,A381180,0.0027114782,0.0358086584612716
2025-06-25,A381180,0.00273929,0.0139919767253213
2025-06-26,A381180,0.0028638442,0.0216866833580492
2025-06-27,A381180,0.0033630412,0.0117826136545032
2025-06-30,A381180,0.002469972,0.0140362007587535
2025-07-01,A381180,0.0021965627,0.0130793431250295
2025-07-02,A381180,0.002196256,0.0310183955724441
2025-07-03,A381180,0.003175123,0.0139049764834608
2025-07-04,A381180,0.0030854256,0.024574176700984
2025-07-07,A381180,0.002615041,0.0233062442564931
2025-07-08,A381180,0.0014094352,0.0355825248300541
2025-07-09,A381180,0.0019202459,0.0193991082563632
2025-07-10,A381180,0.0022606947,0.0318873926463652
2025-07-11,A381180,0.0019679202,0.0240801077003787
2025-07-14,A381180,-0.0015822317,0.0222027557669457
2025-07-15,A381180,-0.005478654,0.0055524851147857
2025-07-16,A381180,-0.0025479468,-0.0189058170072125
2025-07-17,A381180,-0.0054421932,-0.0287360778123419
2025-07-18,A381180,-0.004946685,-0.0269659714264187
2025-07-21,A381180,-0.0016073658,-0.01587793172443
2025-07-22,A381180,-2.4764104e-05,0.0086294221680098
2025-07-23,A381180,0.0021402386,0.0297354658421925
2025-07-24,A381180,0.002116224,0.0292136555471941
2025-07-25,A381180,0.002542303,0.0026416217298572
2025-07-28,A381180,-0.004328905,-0.0217192015850141
2025-07-29,A381180,-0.0054201256,-0.0180627698231696
2025-07-30,A381180,-0.0041913586,-0.031018529579208
2025-07-31,A381180,-0.0055510015,-0.0316747711820568
2025-08-01,A381180,-0.0066580568,0.0014645579653545
2025-08-04,A381180,-0.0030426495,0.0229309410639168
2025-08-05,A381180,-0.0064184233,0.0024273034879932
2025-08-06,A381180,-0.002975338,0.0417321525181918
2025-08-07,A381180,-0.0025639338,0.0437293996195759
2025-08-08,A381180,-0.0016166894,0.0193252064693632
2025-08-11,A381180,-0.005319171,0.0170500972555002
2025-08-12,A381180,-0.00046696985,-0.0007275726074601
2025-08-13,A381180,0.0017027482,-0.0222694354831663
2025-08-14,A381180,-0.0038697307,-0.0403346459227411
2025-08-18,A381180,-0.005175654,0.0009565259708691
2025-08-19,A381180,-0.005877637,-0.0007145749774085
2025-08-20,A381180,-0.006071873,0.0314757220527206
2025-08-21,A381180,-0.006827556,0.0184732840134998
2025-08-22,A381180,-0.004811837,0.0384458928822608
2025-08-25,A381180,-0.0051005185,-0.0142023907101518
2025-08-26,A381180,-0.005907896,-0.0192461675851294
2025-08-27,A381180,-0.005663744,-0.0411786188203386
2025-08-28,A381180,-0.0014583357,-0.0301151992760833
2025-08-29,A381180,-0.001857755,-0.0156718381253368
2025-09-01,A381180,-0.0058285147,0.0182574495787812
2025-09-02,A381180,-0.007735815,0.0275040095851397
2025-09-03,A381180,-0.006126741,0.0423534033825081
2025-09-04,A381180,-0.0059101814,0.0590728521129779
2025-09-05,A381180,-0.005663744,0.0438190830895743
2025-09-08,A381180,-0.0052110767,0.0363710448778819
2025-09-09,A381180,-0.005185463,0.0367946120054198
2025-09-10,A381180,-0.0041557713,0.0299786524555513
2025-09-11,A381180,-0.0044407663,0.0258949552767524
2025-09-12,A381180,-0.003688867,0.0513645169223906
2025-09-15,A381180,-0.0014851544,0.0451940227471395
2025-09-16,A381180,0.0020525898,0.05114978265522
2025-09-17,A381180,0.0014895238,0.0541991453349756
2025-09-18,A381180,-0.0036911042,0.0394024455830679
2025-09-19,A381180,-0.004984722,0.0168376735263743
2025-09-22,A381180,-0.005112335,0.0214455171394771
2025-09-23,A381180,-0.006592838,0.0062566276027043
2025-09-24,A381180,-0.0056591174,0.0038779779726956
2025-09-25,A381180,-0.0066853445,0.0333576982516879
2025-09-26,A381180,-0.003791649,0.0957081059123575
2025-09-29,A381180,-0.0046028616,0.0651342720025263
2025-09-30,A381180,-0.0046028616,0.0714159486041405
2025-10-01,A381180,-0.004310153,0.0687950279805192
2025-10-02,A381180,-0.0063617863,0.0585523171336215
2025-10-10,A381180,-0.013038134,-0.0236809550524723
2025-10-13,A381180,-0.012229207,0.0245650096121411
2025-10-14,A381180,-0.011921217,0.0285835258278404
2025-10-15,A381180,-0.02318892,0.0241549015515481
2025-10-16,A381180,-0.023373604,-0.0031623079558832
2025-10-17,A381180,-0.008151245,0.0400452731084226
2025-10-20,A381180,-0.0076704933,0.0468287333435543
2025-10-21,A381180,0.0038545448,0.0479131280870591
2025-10-22,A381180,0.0030457964,0.0702095722895231
2025-10-23,A381180,0.002857563,0.0835510458467737
2025-10-24,A381180,0.005234191,0.0438426378641765
2025-10-27,A381180,0.005215781,0.020765327689853
2025-10-28,A381180,0.004993723,-0.0035307490268388
2025-10-29,A381180,0.0022165787,-0.0375562848066414
2025-10-30,A381180,0.0016751376,-0.004014017942505
2025-10-31,A381180,0.0021743688,-0.0105219437501533
2025-11-03,A381180,0.0024149043,-0.0036766098990946
2025-11-04,A381180,0.0027985668,0.0202704662936551
2025-11-05,A381180,0.005707851,0.0320615642161715
2025-11-06,A381180,0.0059708096,0.0003655772505436
2025-11-07,A381180,0.0039956016,-0.0393246377931645
2025-11-10,A381180,0.003981998,-0.0344364194103091
2025-11-11,A381180,-0.00010025262,-0.0743128668932751
2025-11-12,A381180,0.003860836,-0.0823871375111958
2025-11-13,A381180,0.003498601,-0.0313349317896972
2025-11-14,A381180,0.0036700116,-0.0509987390877422
2025-11-17,A381180,0.0036319904,-0.0455909409771643
2025-11-18,A381180,0.004141261,0.0136221149761044
2025-11-19,A381180,0.0038758107,0.0354227372978823
2025-11-20,A381180,-0.008370625,0.0013191370988545
2025-11-21,A381180,0.01110204,0.084180737087336
2025-11-24,A381180,0.012085081,0.0629386425967153
2025-11-25,A381180,0.0118106725,0.0476541939703889
2025-11-26,A381180,0.010264292,0.0660292285377636
2025-11-27,A381180,0.0020831572,0.0522100115504053
2025-11-28,A381180,0.014355778,0.046299329912533
2025-12-01,A381180,0.014871958,0.056417093089
2025-12-02,A381180,0.012617171,0.0502078381906329
2025-12-03,A381180,0.013874792,0.0235070301177319
2025-12-04,A381180,0.0147460615,0.011904690975185
2025-12-05,A381180,0.012605095,0.0179847617583991
2025-12-08,A381180,0.013027003,-0.0319886234590864
2025-12-09,A381180,0.012071472,-0.0619195330409451
2025-12-10,A381180,0.013438292,-0.0473584944822421
2025-12-11,A381180,0.013117674,-0.0707278584173077
2025-12-12,A381180,0.006725816,-0.0627914983866263
2025-12-15,A381180,0.013050914,0.0130412150321118
2025-12-16,A381180,0.010929086,0.0364998660393623
2025-12-17,A381180,0.010622533,0.0088190473840641
2025-12-18,A381180,0.006606336,0.0353488450733722
2025-12-19,A381180,0.0040993686,0.005021117796316
2025-12-22,A381180,0.0049199015,-0.0225934387350953
2024-07-30,A411060,-0.0019564289,0.0217223649010521
2024-07-31,A411060,0.0015053393,0.0113545421029258
2024-08-01,A411060,0.0011700052,0.0084034107963793
2024-08-02,A411060,0.00065694674,-0.018956390929416
2024-08-05,A411060,0.00848567,-0.0041793984642277
2024-08-06,A411060,0.00066523085,0.0009616926530576
2024-08-07,A411060,0.00066523085,0.0035421064243995
2024-08-08,A411060,0.0021398629,-0.0084034107963795
2024-08-09,A411060,0.0010332948,0.0009726050369557
2024-08-12,A411060,0.0011081047,-0.0038734715957967
2024-08-13,A411060,0.0006374807,-0.0028878569724971
2024-08-14,A411060,0.0013025359,-0.0048332621880192
2024-08-16,A411060,0.0020557211,0.0029168712951231
2024-08-19,A411060,0.0024039412,-0.000648298239886
2024-08-20,A411060,0.0019643386,-0.0016183852051533
2024-08-21,A411060,0.0018090885,-0.0061241126132125
2024-08-22,A411060,0.0005798661,-0.0003230495909212
2024-08-23,A411060,0.0015880478,-0.0016194335523029
2024-08-26,A411060,0.0018799977,0.0022672074488961
2024-08-27,A411060,0.0022039877,0.0019417481829103
2024-08-28,A411060,0.0005529328,-0.0012940797664879
2024-08-29,A411060,0.0022044077,-0.0032362487792083
2024-08-30,A411060,0.0022117114,0.0
2024-09-02,A411060,0.001765781,-0.0045395668100745
2024-09-03,A411060,9.9704725e-05,-0.0006468305529532
2024-09-04,A411060,0.0011149615,0.0045219715297985
2024-09-05,A411060,0.0012928434,0.0016194335523029
2024-09-06,A411060,0.0009794849,0.0119221647358892
2024-09-09,A411060,0.00067467964,0.0202677035802571
2024-09-10,A411060,0.00045491985,0.0252369247392099
2024-09-11,A411060,0.00055303954,0.0370119740900738
2024-09-12,A411060,0.0006723551,0.0408996614070169
2024-09-13,A411060,0.0012060893,0.0395656002061911
2024-09-19,A411060,0.0019565856,0.0325843363330044
2024-09-20,A411060,0.0021626798,0.0178213251806354
2024-09-23,A411060,0.0017245556,-0.0112430915741803
2024-09-24,A411060,0.0022508693,-0.0062324913492901
2024-09-25,A411060,0.0019531044,0.0006155740422146
2024-09-26,A411060,0.0024365918,0.0052267605540156
2024-09-27,A411060,0.0015721144,0.0114005240320357
2024-09-30,A411060,0.0015883934,0.0174350618221013
2024-10-02,A411060,0.0012590952,0.0182752492124724
2024-10-04,A411060,0.0016545998,0.0149643959047981
2024-10-07,A411060,0.0005029609,0.0127972496014704
2024-10-08,A411060,0.00057169015,0.0224183881377827
2024-10-10,A411060,0.00054610067,0.0396361064476856
2024-10-11,A411060,0.00073402765,0.0540672212702757
2024-10-14,A411060,0.0005803839,0.063135597518461
2024-10-15,A411060,7.065803e-05,0.0844346419527147
2024-10-16,A411060,0.00044991527,0.1137137861867973
2024-10-17,A411060,0.0009263416,0.0825268978861753
2024-10-18,A411060,0.0011431895,0.0581756340104923
2024-10-21,A411060,0.0012161543,0.0442537770726248
2024-10-22,A411060,0.0009808673,0.0203807660328511
2024-10-23,A411060,0.0007400726,-0.014272492174433
2024-10-24,A411060,0.000973876,-0.0063022540421686
2024-10-25,A411060,0.0010279036,-0.0264087619732969
2024-10-28,A411060,-0.006533368,-0.059451202184323
2024-10-29,A411060,-0.0018342381,-0.0526142606078354
2024-10-30,A411060,-0.0016996384,-0.0429488365102938
2024-10-31,A411060,0.0012065865,-0.0664828693848028
2024-11-01,A411060,0.0011164204,-0.0279938302661429
2024-11-04,A411060,0.00047117425,-0.0207276432608483
2024-11-05,A411060,0.0012179441,-0.0482730565133344
2024-11-06,A411060,0.0021195812,-0.0499233087666006
2024-11-07,A411060,-0.0051618256,-0.0401612258019656
2024-11-08,A411060,0.0025812762,-0.0489784785390991
2024-11-11,A411060,-0.0054818047,-0.0238817320033873
2024-11-12,A411060,-0.005203967,0.014371504837653
2024-11-13,A411060,-0.0050124982,0.0185763855729354
2024-11-14,A411060,-0.004708777,0.0500999220514954
2024-11-15,A411060,-0.005854812,0.0541792992766854
2024-11-18,A411060,-0.005488706,0.0399757150766504
2024-11-19,A411060,-0.005658028,0.0053365083656868
2024-11-20,A411060,-0.0073422,-0.0099824669231339
2024-11-21,A411060,-0.0063906657,-0.0173100992285045
2024-11-22,A411060,-0.0045317328,-0.0130531222445792
2024-11-25,A411060,-0.004738729,-0.0157990413221203
2024-11-26,A411060,-0.0048525995,0.0073648882024409
2024-11-27,A411060,-0.005222929,0.0126082890008015
2024-11-28,A411060,-0.003495243,0.0187633766242339
2024-11-29,A411060,-0.005100499,0.0095889155469102
2024-12-02,A411060,-0.0045193466,0.0282036429032316
2024-12-03,A411060,-0.0037806262,0.0280730343953154
2024-12-04,A411060,-0.00423989,0.0332408828216172
2024-12-05,A411060,-0.0041637705,0.0353817220203678
2024-12-06,A411060,-0.0009360488,0.0211738954806147
2024-12-09,A411060,0.0033174916,0.0028628705496771
2024-12-10,A411060,0.003059978,-0.001142204578777
2024-12-11,A411060,0.0039115986,-0.0251154753777001
2024-12-12,A411060,0.0027679384,-0.0385817247510386
2024-12-13,A411060,0.0030334117,-0.0226208643338583
2024-12-16,A411060,0.003506364,0.0005715918989575
2024-12-17,A411060,0.0031254028,0.001998002662673
2024-12-18,A411060,0.001965392,0.0253972845947265
2024-12-19,A411060,0.002133252,0.046956983087771
2024-12-20,A411060,0.002679128,0.0502646740243435
2024-12-23,A411060,0.0024362567,0.0452464777569509
2024-12-24,A411060,0.0033507112,0.0429753629800581
2024-12-26,A411060,0.0030322697,0.0305240123727104
2024-12-27,A411060,0.002113228,0.0060975798681185
2024-12-30,A411060,0.0015809971,-0.0016538041255606
2025-01-02,A411060,0.0016635407,-0.002186988296504
2025-01-03,A411060,0.0028514161,0.0049046419845381
2025-01-06,A411060,0.0028843125,0.0149195768934442
2025-01-07,A411060,0.0022493657,0.0199705720590003
2025-01-08,A411060,0.0019247157,0.0147866878159992
2025-01-09,A411060,0.0021173737,0.0032786914616982
2025-01-10,A411060,0.003263673,-0.0027218307494922
2025-01-13,A411060,0.0021126547,-0.0141000166781951
2025-01-14,A411060,0.0018810787,-0.0032555644597661
2025-01-15,A411060,0.0029059406,0.0065023258088382
2025-01-16,A411060,0.0021999022,0.0089613634328036
2025-01-17,A411060,0.0028514161,0.0108431531343086
2025-01-20,A411060,0.0028843125,0.0356749645952742
2025-01-21,A411060,0.0030730811,0.0675062597807609
2025-01-22,A411060,0.0023930485,0.0875963170499537
2025-01-23,A411060,0.0030872861,0.1412066474309621
2025-01-24,A411060,0.0030872861,0.1185915520728838
2025-01-31,A411060,0.0028425409,0.0901465538010232
2025-02-03,A411060,0.0032923913,0.1025116558178367
2025-02-04,A411060,0.004537656,0.120363682249875
2025-02-05,A411060,0.003661739,0.059464048031189
2025-02-06,A411060,0.0047076005,0.1010408545133098
2025-02-07,A411060,0.0048464644,0.1181842714680496
2025-02-10,A411060,0.0019533923,0.0333664857351496
2025-02-11,A411060,-0.00023678016,-0.0538478989752853
2025-02-12,A411060,0.00182346,-0.0724589148875567
2025-02-13,A411060,0.0044195163,-0.1082506910800596
2025-02-14,A411060,0.004099261,-0.1172215758461658
2025-02-17,A411060,0.007673573,-0.0877776450999594
2025-02-18,A411060,0.013812249,-0.0461893824693745
2025-02-19,A411060,0.017721012,-0.0532352250256934
2025-02-20,A411060,0.01384683,-0.0550324723104711
2025-02-21,A411060,0.014217266,-0.0477923460622023
2025-02-24,A411060,0.01403658,-0.0210379579041724
2025-02-25,A411060,0.013015517,-0.0112141594512228
2025-02-26,A411060,0.01454723,0.0159246958213355
2025-02-27,A411060,0.014655708,0.0119064104459977
2025-02-28,A411060,0.01657442,-0.0020207129886807
2025-03-04,A411060,0.015355408,-0.0268085702935212
2025-03-05,A411060,0.012193461,-0.0367036580505012
2025-03-06,A411060,0.006040032,-0.0262613566201298
2025-03-07,A411060,0.0047696754,0.0077762840124273
2025-03-10,A411060,0.0055234884,0.006301218076729
2025-03-11,A411060,0.003031302,0.0243333215049783
2025-03-12,A411060,0.0016776809,0.0354771155196939
2025-03-13,A411060,0.0022753968,0.0358425624542866
2025-03-14,A411060,0.0014074558,0.0168487632929619
2025-03-17,A411060,0.0023444137,0.0184222287334618
2025-03-18,A411060,0.0024909612,0.0004955401488916
2025-03-19,A411060,0.00218333,-0.0076383271459802
2025-03-20,A411060,0.0017127923,-0.0068695068965174
2025-03-21,A411060,0.0020048975,0.0141500287247579
2025-03-24,A411060,0.0022017087,0.0403680187705533
2025-03-25,A411060,0.0022461528,0.0431477495830151
2025-03-26,A411060,0.0019038748,0.0297292849601723
2025-03-27,A411060,0.0017870893,0.028874989216235
2025-03-28,A411060,0.002166624,-0.0161175650210686
2025-03-31,A411060,0.0018079599,-0.05327783063882
2025-04-01,A411060,0.0021922134,-0.0436432897319066
2025-04-02,A411060,0.0025978787,-0.0223364469525305
2025-04-03,A411060,0.0031375529,-0.0120309439598004
2025-04-04,A411060,-0.0014903517,0.0305478298500974
2025-04-07,A411060,4.034224e-05,0.0456678058033562
2025-04-08,A411060,-0.00087498187,0.033149513492896
2025-04-09,A411060,0.0034222587,0.0493395087684042
2025-04-10,A411060,0.010607628,0.0373009153538734
2025-04-11,A411060,0.0028968405,0.0240634399316352
2025-04-14,A411060,-0.005096048,0.0427585283493942
2025-04-15,A411060,0.0016472436,0.0763659272697322
2025-04-16,A411060,-0.0078062536,-0.0002337267744658
2025-04-17,A411060,-0.0077639893,0.0118234830477127
2025-04-18,A411060,-0.0068654977,0.0016303718529323
2025-04-21,A411060,-0.0075396886,-0.0210339431514831
2025-04-22,A411060,0.0028883931,-0.0440479831903983
2025-04-23,A411060,0.00022029402,0.0011680879730199
2025-04-24,A411060,0.0017819712,-0.034227438627588
2025-04-25,A411060,0.002871122,0.0013953490636044
2025-04-28,A411060,0.0045578363,-0.0060918651374716
2025-04-29,A411060,0.0024308134,-0.0199279833423355
2025-04-30,A411060,0.0019112336,-0.0272173941821681
2025-05-02,A411060,0.0007645068,-0.0059801637375598
2025-05-07,A411060,-0.007317546,-0.0383751492930324
2025-05-08,A411060,-0.007903083,-0.0638024035761198
2025-05-09,A411060,-0.0074392753,-0.037640149026719
2025-05-12,A411060,-0.007719882,-0.014256614549793
2025-05-13,A411060,-0.007379229,-0.0235476349302239
2025-05-14,A411060,-0.0063487887,0.0052986636494081
2025-05-15,A411060,-0.0077061965,0.0453009270658206
2025-05-16,A411060,-0.008096974,0.0221285625107336
2025-05-19,A411060,-0.006763272,0.0075160979359503
2025-05-20,A411060,-0.007798064,0.0122071828358384
2025-05-21,A411060,0.0005950968,-0.012569660297097
2025-05-22,A411060,-0.00198895,-0.0230062211273852
2025-05-23,A411060,-0.0015510084,-0.0108815001875341
2025-05-26,A411060,0.00037891415,0.0019305025300578
2025-05-27,A411060,0.0010118458,0.0079758730972403
2025-05-28,A411060,0.00092312414,0.006787904850854
2025-05-29,A411060,0.0007672102,-0.0022072357213774
2025-05-30,A411060,0.00091508764,-0.0026780295980981
2025-06-02,A411060,0.0012960674,-0.0033808291077044
2025-06-04,A411060,-2.2935365e-05,-0.0033759376166975
2025-06-05,A411060,4.1713767e-05,0.0252876069967153
2025-06-09,A411060,0.00046444335,0.0340324867157218
2025-06-10,A411060,0.00049795496,0.0207486333581016
2025-06-11,A411060,0.00047864817,0.0182171864347136
2025-06-12,A411060,0.0004888089,0.0124821591815181
2025-06-13,A411060,0.00088727975,-0.020467159002536
2025-06-16,A411060,0.0005392534,-0.0021380219570858
2025-06-17,A411060,-0.0018807794,-0.0202611851398219
2025-06-18,A411060,0.0009080314,-0.0230668564635246
2025-06-19,A411060,0.0011282696,-0.0217032873685522
2025-06-20,A411060,0.0010308302,-0.0235991976025817
2025-06-23,A411060,0.00060399284,-0.0449923907939816
2025-06-24,A411060,0.00043584636,-0.0014630580517604
2025-06-25,A411060,0.00044958468,-0.0002431019824784
2025-06-26,A411060,0.0007004894,0.0099455034450758
2025-06-27,A411060,0.0013298463,0.0173280723714024
2025-06-30,A411060,0.00051423383,0.0221411258772135
2025-07-01,A411060,0.0005524794,0.0089882786589465
2025-07-02,A411060,0.0005315427,-0.0029218428383648
2025-07-03,A411060,0.0012969503,-0.0021747018356882
2025-07-04,A411060,0.0013010306,0.0060306539062258
2025-07-07,A411060,0.00058930693,0.0195163404347912
2025-07-08,A411060,0.0016685701,0.0148826558757991
2025-07-09,A411060,0.0017562787,0.0212311955549757
2025-07-10,A411060,0.0018999144,0.0148862292744742
2025-07-11,A411060,0.0017997812,0.0105264129869876
2025-07-14,A411060,-0.0015213302,0.0085531526417183
2025-07-15,A411060,-0.004810566,0.0111362364002828
2025-07-16,A411060,-0.0021662493,0.0184489622409651
2025-07-17,A411060,-0.004784363,-0.0038204439973857
2025-07-18,A411060,-0.004587639,-0.00405389848137
2025-07-21,A411060,-0.0014346687,-0.0145361787458726
2025-07-22,A411060,0.0004945725,-0.0166314120967276
2025-07-23,A411060,0.0022074622,-0.0253959299326909
2025-07-24,A411060,0.0019123075,-0.0069619774657632
2025-07-25,A411060,0.0022771494,-0.0016740408070646
2025-07-28,A411060,-0.003491403,0.0090801101759244
2025-07-29,A411060,-0.0042105988,0.0128542593529822
2025-07-30,A411060,-0.003397113,0.0192840162192817
2025-07-31,A411060,-0.004861865,0.0197979036417718
2025-08-01,A411060,-0.0050300257,0.0287823595651426
2025-08-04,A411060,-0.0027223025,0.0101763983164293
2025-08-05,A411060,-0.004691689,-0.0049792633996073
2025-08-06,A411060,-0.0021637706,-0.0099526887903974
2025-08-07,A411060,-0.0015752988,-0.0049721897157939
2025-08-08,A411060,-0.00088638824,-0.0221029454190086
2025-08-11,A411060,-0.0038435005,-0.0092253758957253
2025-08-12,A411060,-0.00043404225,0.0030853234395366
2025-08-13,A411060,0.0017346701,0.006172859107081
2025-08-14,A411060,-0.0039217765,-0.0014251783884955
2025-08-18,A411060,-0.0028955291,0.0049804443041447
2025-08-19,A411060,-0.0035858362,0.0139235287704542
2025-08-20,A411060,-0.004005255,0.0129489743408031
2025-08-21,A411060,-0.0047245463,0.0108287310501923
2025-08-22,A411060,-0.0030635628,0.0216326329057605
2025-08-25,A411060,-0.0032253012,0.0421553847911477
2025-08-26,A411060,-0.0024994703,0.0336437260815471
2025-08-27,A411060,-0.0031703738,0.04482799486312
2025-08-28,A411060,8.1174476e-05,0.0435249642867981
2025-08-29,A411060,-0.00087218324,0.0439155993620521
2025-09-01,A411060,-0.0030823122,0.0299396804014656
2025-09-02,A411060,-0.0059379046,0.058529681596669
2025-09-03,A411060,-0.005779191,0.0386097528509976
2025-09-04,A411060,-0.004313923,0.0453577582781819
2025-09-05,A411060,-0.004661619,0.0422813032094071
2025-09-08,A411060,-0.003263777,0.0282136769410228
2025-09-09,A411060,-0.004486568,0.0173733183283025
2025-09-10,A411060,-0.0044649285,0.0357218579036787
2025-09-11,A411060,-0.0039703734,0.0178348676360343
2025-09-12,A411060,-0.00408479,0.0080765582495119
2025-09-15,A411060,-0.0012447826,0.0295193266026831
2025-09-16,A411060,0.0018301471,0.0330540316714594
2025-09-17,A411060,0.0014938547,0.0376941844302466
2025-09-18,A411060,-0.004508511,0.0488703277030835
2025-09-19,A411060,-0.004115465,0.0657417554704563
2025-09-22,A411060,-0.0050239093,0.0830906877558592
2025-09-23,A411060,-0.0060033137,0.1075933390760831
2025-09-24,A411060,-0.005214106,0.0763906221590462
2025-09-25,A411060,-0.0065004188,0.0549738874367788
2025-09-26,A411060,-0.0037552204,0.1024027264819887
2025-09-29,A411060,-0.0058172964,0.1205410728348422
2025-09-30,A411060,-0.006815568,0.1177830356563834
2025-10-01,A411060,-0.0063242484,0.1707381159408521
2025-10-02,A411060,-0.010513515,0.1527406248184246
2025-10-10,A411060,-0.01958829,0.1125807636313134
2025-10-13,A411060,-0.01721308,0.0023700705186117
2025-10-14,A411060,-0.008640667,-0.0464813959040676
2025-10-15,A411060,-0.013189314,-0.1433291280840799
2025-10-16,A411060,-0.010513531,-0.0990128909254745
2025-10-17,A411060,-0.012346652,-0.1350170222903726
2025-10-20,A411060,-0.005910319,-0.1094269394246163
2025-10-21,A411060,0.003996883,-0.1378860479106765
2025-10-22,A411060,0.0096609825,-0.0643943354261253
2025-10-23,A411060,0.008382835,-0.0763644188629828
2025-10-24,A411060,0.012993475,-0.0308459981178768
2025-10-27,A411060,0.010533829,-0.002077236135461
2025-10-28,A411060,0.009746217,0.0408922085560696
2025-10-29,A411060,0.009404373,0.0241204362881853
2025-10-30,A411060,0.009469744,0.0458848261153362
2025-10-31,A411060,0.00981126,0.0323087886511561
2025-11-03,A411060,0.009607486,0.0389298463682171
2025-11-04,A411060,0.010844102,0.047175109009123
2025-11-05,A411060,0.0104498,0.0560109907217885
2025-11-06,A411060,0.010255999,0.0652795363622905
2025-11-07,A411060,0.012919004,0.0220464296021074
2025-11-10,A411060,0.01341282,-0.0115206540746416
2025-11-11,A411060,0.010364845,-0.0443705825378301
2025-11-12,A411060,0.0047193784,-0.0295304137161844
2025-11-13,A411060,0.0046867444,-0.0580779541346271
2025-11-14,A411060,0.005931522,-0.0334394231032903
2025-11-17,A411060,0.005471885,-0.0033161415798064
2025-11-18,A411060,0.0056443023,0.0312467986722986
2025-11-19,A411060,0.0030742357,0.0098200461809755
2025-11-20,A411060,0.002592154,0.0137051025916503
2025-11-21,A411060,0.0030316126,0.0300377547976244
2025-11-24,A411060,0.0029069243,0.0381981455676218
2025-11-25,A411060,0.0027965724,0.0165115021808271
2025-11-26,A411060,0.0018661612,0.0140164019735357
2025-11-27,A411060,0.0018661612,0.0158447679284386
2025-11-28,A411060,0.0025264607,0.0098153728142586
2025-12-01,A411060,0.0022272982,-0.0001776356697094
2025-12-02,A411060,0.0024288972,-0.0051753483944908
2025-12-03,A411060,0.002437766,0.0023170850755351
2025-12-04,A411060,0.0030492123,0.0024977711469527
2025-12-05,A411060,0.0031412547,0.0127053059019203
2025-12-08,A411060,0.0022538702,0.0278550022873479
2025-12-09,A411060,0.0019056047,0.0252641296783642
2025-12-10,A411060,0.0031179413,0.0332663728396171
2025-12-11,A411060,0.0031674912,0.0339847033622237
2025-12-12,A411060,0.0034085393,0.0168655653779717
2025-12-15,A411060,0.0024592632,0.0200126408800881
2025-12-16,A411060,0.00217759,0.0536631289113065
2025-12-17,A411060,0.0014900742,0.0386774545156896
2025-12-18,A411060,0.0024025566,0.0342000488593953
2025-12-19,A411060,0.0027706467,0.021997647172857
2025-12-22,A411060,0.0029264872,-0.0177691331653983
2024-07-30,A439870,-0.002546834,0.0060136306744236
2024-07-31,A439870,0.0011913601,0.0093366226974736
2024-08-01,A439870,0.0008622154,0.0039621525257175
2024-08-02,A439870,0.0010615533,-0.0063883885458758
2024-08-05,A439870,0.0073694885,-0.0163510004341831
2024-08-06,A439870,0.0009589596,0.0050292745753831
2024-08-07,A439870,0.00043819615,0.0113204782319403
2024-08-08,A439870,0.0008596524,0.0073607015855473
2024-08-09,A439870,0.0010580436,0.0082952181197476
2024-08-12,A439870,0.000817902,0.0009095525717011
2024-08-13,A439870,0.00020768477,-0.0064253921820469
2024-08-14,A439870,0.0008755776,-0.0126274947998648
2024-08-16,A439870,0.0016556059,-0.0119344939011009
2024-08-19,A439870,0.0020752398,-0.0064645337551874
2024-08-20,A439870,0.0014169905,-0.0149218010332566
2024-08-21,A439870,0.0016416409,-0.0120806002473493
2024-08-22,A439870,0.0005407287,-0.014724214240579
2024-08-23,A439870,0.0011601901,-0.0079766111223331
2024-08-26,A439870,0.0014372738,-0.0170203982267015
2024-08-27,A439870,0.002017838,-0.0080237904620405
2024-08-28,A439870,5.3415188e-05,-0.0010208011488429
2024-08-29,A439870,0.001617568,0.0036165433433225
2024-08-30,A439870,0.0020216303,0.0085439417583339
2024-09-02,A439870,0.0017602181,0.0076281571768749
2024-09-03,A439870,0.00024302198,0.0191606559545193
2024-09-04,A439870,0.0008819306,0.0220801768803877
2024-09-05,A439870,0.0008165227,0.0193888726562381
2024-09-06,A439870,0.0005719848,0.0173859365393271
2024-09-09,A439870,0.00016900232,0.0180140459055136
2024-09-10,A439870,0.000421214,0.0098919053571072
2024-09-11,A439870,0.00038465837,-0.007150080370996
2024-09-12,A439870,0.00037747985,-0.0077157957559164
2024-09-13,A439870,0.0004907353,-0.0103389275106302
2024-09-19,A439870,0.0017189349,-0.0063623955770635
2024-09-20,A439870,0.001679863,-0.0022044141103815
2024-09-23,A439870,0.0015899339,0.0071062628097867
2024-09-24,A439870,0.0021016842,0.0189927019859183
2024-09-25,A439870,0.0018948927,0.0052309728975858
2024-09-26,A439870,0.0022462315,-0.0087571118563763
2024-09-27,A439870,0.0014691539,-0.0072534423163968
2024-09-30,A439870,0.001299264,-0.0061887587092873
2024-10-02,A439870,0.0009921307,-0.0195581079889837
2024-10-04,A439870,0.000867187,-0.0112239563815142
2024-10-07,A439870,0.00033053567,0.0079369011132586
2024-10-08,A439870,0.0003776366,0.0098087090021266
2024-10-10,A439870,0.00034333134,0.0027298842223083
2024-10-11,A439870,0.00030642265,-0.0016096227053603
2024-10-14,A439870,0.00024434127,0.000955633888006
2024-10-15,A439870,0.0002197011,-0.0116701936386631
2024-10-16,A439870,0.00020550728,-0.0171597552024637
2024-10-17,A439870,0.00086747506,-0.008043660789258
2024-10-18,A439870,0.00088167994,0.0017421684227813
2024-10-21,A439870,0.00076970865,-0.0072074303232749
2024-10-22,A439870,0.0008258166,0.000392695862105
2024-10-23,A439870,0.0008271306,0.0024593243910533
2024-10-24,A439870,0.0008622154,-0.0003457983320872
2024-10-25,A439870,0.0007159216,0.0002650387413805
2024-10-28,A439870,-0.005133867,0.0047634372533968
2024-10-29,A439870,-0.0011912631,0.0114892294779955
2024-10-30,A439870,-0.0017350157,0.0029325794817387
2024-10-31,A439870,0.0009843493,0.002046448886352
2024-11-01,A439870,0.0008236388,0.0035095490367406
2024-11-04,A439870,-0.00016565266,0.0099510331006057
2024-11-05,A439870,0.00078172487,0.0104599976148803
2024-11-06,A439870,0.0016330905,0.0080865475592787
2024-11-07,A439870,-0.0034043475,0.002351340728165
2024-11-08,A439870,0.0021778953,-0.0022912747743861
2024-11-11,A439870,-0.00313732,-0.0059869874199667
2024-11-12,A439870,-0.002951072,-0.007333357436239
2024-11-13,A439870,-0.0028436764,0.0046279913115121
2024-11-14,A439870,-0.0031365552,0.014837288486587
2024-11-15,A439870,-0.004455801,0.0158081841063257
2024-11-18,A439870,-0.003541318,0.0240979720933452
2024-11-19,A439870,-0.0038724393,0.0228554055720683
2024-11-20,A439870,-0.0049476824,0.0227726481410767
2024-11-21,A439870,-0.0054692198,0.0328170425534246
2024-11-22,A439870,-0.003478616,0.042730029771352
2024-11-25,A439870,-0.002951072,0.0406281859783473
2024-11-26,A439870,-0.0027140123,0.0384280081142738
2024-11-27,A439870,-0.0031509066,0.0330121912967536
2024-11-28,A439870,-0.0027867984,0.019011979488572
2024-11-29,A439870,-0.0025566292,0.007915204040685
2024-12-02,A439870,-0.0024450414,0.0128299674237583
2024-12-03,A439870,-0.0026863848,0.014476405748405
2024-12-04,A439870,-0.002065578,0.0115173908514771
2024-12-05,A439870,-0.0030358504,0.0071275435280285
2024-12-06,A439870,-0.000101912716,0.0157261701817112
2024-12-09,A439870,0.0020625123,-0.0113659533657997
2024-12-10,A439870,0.002411814,-0.0279994649504805
2024-12-11,A439870,0.0029108862,-0.0216025456814582
2024-12-12,A439870,0.0023053142,-0.0273356450288653
2024-12-13,A439870,0.002284184,-0.0421681987112463
2024-12-16,A439870,0.0026895755,-0.0199768731913029
2024-12-17,A439870,0.0019725796,-0.0176599056597558
2024-12-18,A439870,0.001315407,-0.0195157416984632
2024-12-19,A439870,0.0016465115,-0.0196960975628213
2024-12-20,A439870,0.0015530683,-0.0122128506158915
2024-12-23,A439870,0.001523155,-0.000953268813831
2024-12-24,A439870,0.002720607,0.0139811459046336
2024-12-26,A439870,0.0023891514,0.0108656123154153
2024-12-27,A439870,0.0020259367,0.0214729176915114
2024-12-30,A439870,0.0015976097,0.0223838020599815
2025-01-02,A439870,0.0014162371,0.0084799331556975
2025-01-03,A439870,0.002413743,0.0003701678416895
2025-01-06,A439870,0.0021258807,-0.0004137832088391
2025-01-07,A439870,0.0017457271,0.0047172274349572
2025-01-08,A439870,0.0013667034,0.001241079898674
2025-01-09,A439870,0.0014679874,0.0024323489162743
2025-01-10,A439870,0.0013316186,0.0064391398881506
2025-01-13,A439870,0.0013109919,0.0082768142644464
2025-01-14,A439870,0.0012436094,-0.0013658743089241
2025-01-15,A439870,0.0025126657,0.0016914243812801
2025-01-16,A439870,0.0019359615,-0.0085013423240722
2025-01-17,A439870,0.0024797693,-0.0112535908262137
2025-01-20,A439870,0.0020259367,-0.0094008039541844
2025-01-21,A439870,0.0024008385,-0.0038478711981301
2025-01-22,A439870,0.0015319512,-0.0044608118511644
2025-01-23,A439870,0.0028172648,0.0065291693704699
2025-01-24,A439870,0.0022618072,0.0149074314196285
2025-01-31,A439870,0.0020436733,0.0140891156016261
2025-02-03,A439870,0.0018205375,0.0076392259373795
2025-02-04,A439870,0.0013614725,0.0060658547042828
2025-02-05,A439870,0.0021697648,-0.0023533068106236
2025-02-06,A439870,0.0022618072,-0.0114228574535387
2025-02-07,A439870,0.0020032823,-0.0053083783663754
2025-02-10,A439870,0.0026235965,-0.0051087176869987
2025-02-11,A439870,0.0024797693,-0.002844024033437
2025-02-12,A439870,0.0017807133,0.0016922604087089
2025-02-13,A439870,0.0022135216,0.0045546297224071
2025-02-14,A439870,0.002856339,0.0018172154715846
2025-02-17,A439870,0.002030914,0.0113377627524472
2025-02-18,A439870,0.0027156393,0.0081756372262986
2025-02-19,A439870,0.0034667,0.0161082212278779
2025-02-20,A439870,0.0027156393,0.0207111677119414
2025-02-21,A439870,0.0011008638,0.0251736818709721
2025-02-24,A439870,0.001086659,0.0162956017083412
2025-02-25,A439870,0.0009288924,0.0079857096137559
2025-02-26,A439870,0.0007824055,-0.0027631048464555
2025-02-27,A439870,0.0014415579,-0.001701414556835
2025-02-28,A439870,0.0014289682,-0.0090315157655148
2025-03-04,A439870,0.0028778212,-0.0026170318184772
2025-03-05,A439870,0.0018763767,0.0051382716133312
2025-03-06,A439870,0.0019511462,0.0057567743246118
2025-03-07,A439870,0.001771248,-0.0007241845011843
2025-03-10,A439870,0.00090280815,0.0010121083572965
2025-03-11,A439870,0.0014502343,0.0004502900353217
2025-03-12,A439870,0.0015924311,4.0999905705872325e-05
2025-03-13,A439870,0.0019892869,0.0060830276774038
2025-03-14,A439870,0.0014289682,0.0067850824974085
2025-03-17,A439870,0.0013121828,0.0013314596241715
2025-03-18,A439870,0.001771248,-0.0067180489521202
2025-03-19,A439870,0.001811688,-0.0087546112895313
2025-03-20,A439870,0.001308166,-0.0107006428753432
2025-03-21,A439870,0.0013316186,-0.0119932341550914
2025-03-24,A439870,0.0018002519,0.002182385901264
2025-03-25,A439870,0.0017786234,0.0015397729613165
2025-03-26,A439870,0.0013204623,0.0095578702689773
2025-03-27,A439870,0.0018999262,0.0111413081237791
2025-03-28,A439870,0.001785453,0.0198122006794482
2025-03-31,A439870,0.0013109919,0.0194943642531109
2025-04-01,A439870,0.0019833418,0.0161596595692568
2025-04-02,A439870,0.001771248,0.0035495543079267
2025-04-03,A439870,0.0016895202,0.0040547857994206
2025-04-04,A439870,0.00069873716,-0.0042439778166586
2025-04-07,A439870,-0.00087454286,-0.0103735034836871
2025-04-08,A439870,-0.0010518462,0.0027003662709906
2025-04-09,A439870,0.0017201051,0.0182348333585903
2025-04-10,A439870,0.009133982,0.0093574650305793
2025-04-11,A439870,0.0020192678,0.0168608903863664
2025-04-14,A439870,-0.0051444727,0.0155841449576285
2025-04-15,A439870,0.0012450264,0.0026206205303237
2025-04-16,A439870,-0.0058645387,-0.0024480798822071
2025-04-17,A439870,-0.0059056394,-0.0008778323742909
2025-04-18,A439870,-0.005540442,0.0004325155652883
2025-04-21,A439870,-0.0045908233,-0.0010239509398248
2025-04-22,A439870,0.0014590686,0.0020192357097593
2025-04-23,A439870,0.00051536504,0.0060011637565279
2025-04-24,A439870,0.001268499,0.0071131820980471
2025-04-25,A439870,0.001506286,-0.0011056896061928
2025-04-28,A439870,0.0016834405,-0.0061658218107982
2025-04-29,A439870,0.0014748477,-0.0097394714653833
2025-04-30,A439870,0.0012728524,-0.0214695641766862
2025-05-02,A439870,0.00074191263,-0.0224990378035317
2025-05-07,A439870,-0.004982767,-0.0202125237020469
2025-05-08,A439870,-0.0053735143,-0.0161884405885712
2025-05-09,A439870,-0.0054241186,-0.0044000445113861
2025-05-12,A439870,-0.005373638,-0.0093230638433584
2025-05-13,A439870,-0.005449639,0.0002781481893306
2025-05-14,A439870,-0.00496964,-0.0067057882270891
2025-05-15,A439870,-0.0053784847,-0.0085732307104882
2025-05-16,A439870,-0.0056664827,-0.0117492629931778
2025-05-19,A439870,-0.00464152,0.0006094297079704
2025-05-20,A439870,-0.0054498,0.0008094617521628
2025-05-21,A439870,0.0009105545,0.0100867356620853
2025-05-22,A439870,-0.0014475322,0.0074513051394292
2025-05-23,A439870,-0.0015810563,0.0015822527323222
2025-05-26,A439870,0.0005598612,-0.003819175560443
2025-05-27,A439870,0.00078390253,-0.0356326404892443
2025-05-28,A439870,0.0008236279,-0.0300244326511373
2025-05-29,A439870,0.000860372,-0.0257879083395123
2025-05-30,A439870,0.0007510065,-0.0200612203701264
2025-06-02,A439870,0.00084451865,-0.0140571332120713
2025-06-04,A439870,0.00042077075,0.00809789326077
2025-06-05,A439870,0.00045322595,0.0056046961303618
2025-06-09,A439870,0.00030816963,0.0038852924029996
2025-06-10,A439870,0.00064440304,0.0054793739477537
2025-06-11,A439870,0.00048668231,0.0016079597454781
2025-06-12,A439870,0.00038896184,0.0019388065211037
2025-06-13,A439870,0.00041154015,-0.0065208512011453
2025-06-16,A439870,0.00032010794,-0.005248297956658
2025-06-17,A439870,-0.0011022483,-0.0037837611484189
2025-06-18,A439870,0.0007907318,0.0026324711528125
2025-06-19,A439870,0.0008236279,0.0086326906562182
2025-06-20,A439870,0.000928971,0.0077982411582276
2025-06-23,A439870,-9.827494e-05,0.0059934201618662
2025-06-24,A439870,0.00023219021,0.0101801583440717
2025-06-25,A439870,0.00043501798,0.0006591215566954
2025-06-26,A439870,0.0007809397,-0.0022136791050829
2025-06-27,A439870,0.0010931416,-0.001068554547862
2025-06-30,A439870,0.00032912754,-0.0025222596382107
2025-07-01,A439870,0.00042068606,-0.0102640319633513
2025-07-02,A439870,0.00017777059,-0.0048157406961472
2025-07-03,A439870,0.001176987,-0.0016843443379063
2025-07-04,A439870,0.0011589448,0.0018025240209933
2025-07-07,A439870,0.00076970865,-0.0011165165846061
2025-07-08,A439870,0.001077486,0.0003689913161184
2025-07-09,A439870,0.0016659976,-0.003097316039266
2025-07-10,A439870,0.0019435657,-0.0111107592036951
2025-07-11,A439870,0.0019228593,-0.0085742562340257
2025-07-14,A439870,-0.001540322,-0.000369648502092
2025-07-15,A439870,-0.005112987,0.0023114813815932
2025-07-16,A439870,-0.0022454155,0.0052405088762317
2025-07-17,A439870,-0.00503471,0.0067868711772829
2025-07-18,A439870,-0.0041179974,0.0033915981402097
2025-07-21,A439870,-0.0009517394,0.0050372873370506
2025-07-22,A439870,0.00032645976,0.0005770364738438
2025-07-23,A439870,0.0021269568,0.0048054554197663
2025-07-24,A439870,0.0021372568,0.0091608279623526
2025-07-25,A439870,0.0021269568,0.0007037415883343
2025-07-28,A439870,-0.0033253597,0.0057022488257114
2025-07-29,A439870,-0.003861608,0.0086406930676628
2025-07-30,A439870,-0.00313732,0.001430496426509
2025-07-31,A439870,-0.005606497,0.0008965483491406
2025-08-01,A439870,-0.005438527,0.0109031261226832
2025-08-04,A439870,-0.0029855755,0.0025736834463762
2025-08-05,A439870,-0.005038177,-0.0049855108290504
2025-08-06,A439870,-0.0025510683,-0.0053331682022463
2025-08-07,A439870,-0.0020020646,-0.0037992355789419
2025-08-08,A439870,-0.0010019188,-0.0120595346816033
2025-08-11,A439870,-0.004251401,-0.0144313976840875
2025-08-12,A439870,-0.0004818481,-0.0072063044889647
2025-08-13,A439870,0.0019713358,-0.0024678667162037
2025-08-14,A439870,-0.0031931787,-0.0089438326531983
2025-08-18,A439870,-0.002905966,-0.0018211196103723
2025-08-19,A439870,-0.0034245325,-0.0032776554947276
2025-08-20,A439870,-0.0036132995,-0.0002433447325776
2025-08-21,A439870,-0.0048239976,-0.001357830362507
2025-08-22,A439870,-0.0027057517,0.0038835326003023
2025-08-25,A439870,-0.003205097,-0.001151449314271
2025-08-26,A439870,-0.0034104318,-0.0001688077115371
2025-08-27,A439870,-0.0034245325,-0.0108001522294212
2025-08-28,A439870,-0.001165948,-0.0065467508604254
2025-08-29,A439870,-0.001341833,-0.005119694266002
2025-09-01,A439870,-0.0038573088,0.0018987613350113
2025-09-02,A439870,-0.0053528706,0.009718967859984
2025-09-03,A439870,-0.0038866443,0.0143855864896077
2025-09-04,A439870,-0.0035197726,0.0114413594214776
2025-09-05,A439870,-0.0031044236,0.0085377867232875
2025-09-08,A439870,-0.0031931787,0.0061753901054184
2025-09-09,A439870,-0.002905966,0.0070140067302273
2025-09-10,A439870,-0.0035079794,0.007506085484749
2025-09-11,A439870,-0.0027608748,0.0117244753815322
2025-09-12,A439870,-0.0032379935,0.0058562398057143
2025-09-15,A439870,-0.00091102987,0.0038548847769993
2025-09-16,A439870,0.0016222588,-0.0018777943932767
2025-09-17,A439870,0.0013689002,-0.0059853251458692
2025-09-18,A439870,-0.0036873347,-0.01856684756934
2025-09-19,A439870,-0.002905966,-0.0192525405777317
2025-09-22,A439870,-0.003930686,-0.0182054192304491
2025-09-23,A439870,-0.005261813,-0.0223195769736918
2025-09-24,A439870,-0.0044200523,-0.0151177065983393
2025-09-25,A439870,-0.005339268,-0.0080579253473372
2025-09-26,A439870,-0.0032482932,-0.0021245717585585
2025-09-29,A439870,-0.0040047024,0.0098273233772085
2025-09-30,A439870,-0.004051803,0.0181358888978611
2025-10-01,A439870,-0.004051803,0.0165944728326892
2025-10-02,A439870,-0.005291111,0.0082679961419673
2025-10-10,A439870,-0.0034520405,0.0105360841818881
2025-10-13,A439870,0.00053636223,-0.0001676094703274
2025-10-14,A439870,0.0007591002,-0.0070988560325888
2025-10-15,A439870,-0.00555684,-0.0054255047588141
2025-10-16,A439870,-0.005219244,-0.0031472765033002
2025-10-17,A439870,-0.005476193,-0.0065868023077459
2025-10-20,A439870,-0.00496964,-0.0149628305602516
2025-10-21,A439870,0.0018205375,-0.007691923449758
2025-10-22,A439870,0.0018002519,-0.0214872536371573
2025-10-23,A439870,0.0013472675,-0.0272980721920773
2025-10-24,A439870,0.002440528,-0.0342732730833569
2025-10-27,A439870,0.0022393428,-0.0293696978442525
2025-10-28,A439870,0.002440528,-0.0365908688644086
2025-10-29,A439870,0.0007642711,-0.0306993976599658
2025-10-30,A439870,0.0007853309,-0.0295619204523982
2025-10-31,A439870,0.00051797956,-0.0282220363825667
2025-11-03,A439870,0.0012172237,-0.0260411967651513
2025-11-04,A439870,0.00079460396,-0.0194866989401953
2025-11-05,A439870,0.0013614725,-0.0317538263429303
2025-11-06,A439870,0.0015839305,-0.0143773592933027
2025-11-07,A439870,0.0014362825,-0.0186536537303169
2025-11-10,A439870,0.0017457271,-0.0183587970463651
2025-11-11,A439870,0.0012918935,-0.016605505917888
2025-11-12,A439870,0.0014362825,0.0001276231108954
2025-11-13,A439870,0.0017523934,-0.0124220674608274
2025-11-14,A439870,0.001573939,0.0054770648474752
2025-11-17,A439870,0.0018414085,0.0071366946757255
2025-11-18,A439870,0.0024582844,0.009958453043398
2025-11-19,A439870,0.001785453,0.0100040287788843
2025-11-20,A439870,0.0007622355,0.0024346278168993
2025-11-21,A439870,0.0018918405,-0.0032735044300039
2025-11-24,A439870,0.001771248,-0.0082271923347548
2025-11-25,A439870,0.0018063325,-0.0191979801559353
2025-11-26,A439870,0.0014423733,-0.0193819880319916
2025-11-27,A439870,0.001776093,-0.0063184844148373
2025-11-28,A439870,0.0024876294,0.0
2025-12-01,A439870,0.0012776885,0.0044187746008142
2025-12-02,A439870,0.0015494484,0.0023982038756475
2025-12-03,A439870,0.0022123002,0.0004139701172698
2025-12-04,A439870,0.0022381523,0.0009103407049802
2025-12-05,A439870,0.0022903755,-0.0003105817037535
2025-12-08,A439870,0.0015517066,0.0079737481116461
2025-12-09,A439870,0.0015560512,0.0189363269706616
2025-12-10,A439870,0.0022239473,0.0139195583688795
2025-12-11,A439870,0.0023361063,0.0068697316196332
2025-12-12,A439870,0.0021555598,0.0010501085316087
2025-12-15,A439870,0.0016242589,-0.0101944176922349
2025-12-16,A439870,0.0016884803,-0.0160678838137931
2025-12-17,A439870,0.0016332199,-0.0057306747089849
2025-12-18,A439870,0.0013225848,-0.0042078364318101
2025-12-19,A439870,0.0022622256,0.002415625248847
2025-12-22,A439870,0.0031060516,-0.000823723275571
2024-07-30,A453850,-0.0018249057,0.0507586275194408
2024-07-31,A453850,0.0014570471,0.0344183432451429
2024-08-01,A453850,0.0014936512,0.019487104800449
2024-08-02,A453850,0.0015772773,0.0006110602084426
2024-08-05,A453850,0.007608434,-0.0283902399711617
2024-08-06,A453850,0.0015417937,-0.0129950090034957
2024-08-07,A453850,0.0009249805,0.0056630068806615
2024-08-08,A453850,0.0012866353,0.0095428639872669
2024-08-09,A453850,0.0015448284,0.0217531236156891
2024-08-12,A453850,0.0013376481,0.0151938290053408
2024-08-13,A453850,0.00071784033,0.0210912551572129
2024-08-14,A453850,0.00090099376,0.0120620080677164
2024-08-16,A453850,0.0014581758,0.0064709632630334
2024-08-19,A453850,0.0018778103,0.007028440392887
2024-08-20,A453850,0.0014424063,0.0037030443079551
2024-08-21,A453850,0.0016895954,-0.0080962461537172
2024-08-22,A453850,0.0010508848,-0.0075067376637535
2024-08-23,A453850,0.0012081446,-0.0040694251251481
2024-08-26,A453850,0.0014626896,-0.0222057974982214
2024-08-27,A453850,0.001820409,-0.0156215625669829
2024-08-28,A453850,0.0005092903,-0.0004782972708664
2024-08-29,A453850,0.0013975992,0.0098780928181532
2024-08-30,A453850,0.0017926494,0.0224142203013073
2024-09-02,A453850,0.001531046,0.0262337617168438
2024-09-03,A453850,0.00070559536,0.0342849911322627
2024-09-04,A453850,0.0014535538,0.0332874014767186
2024-09-05,A453850,0.0014198876,0.0162108565832588
2024-09-06,A453850,0.0011436079,0.0108474849156891
2024-09-09,A453850,0.00069596426,0.0097653579137134
2024-09-10,A453850,0.0009618951,-0.0050448866309558
2024-09-11,A453850,0.0008680081,-0.0267307826492854
2024-09-12,A453850,0.0008097972,-0.0184635103309075
2024-09-13,A453850,0.0007988324,-0.0218139293512335
2024-09-19,A453850,0.0017386456,-0.0208217625252229
2024-09-20,A453850,0.0016995742,-0.016245095497811
2024-09-23,A453850,0.0015535462,-0.0028557849013579
2024-09-24,A453850,0.0018199116,0.0007119127021131
2024-09-25,A453850,0.0016131209,-0.0138493140036481
2024-09-26,A453850,0.00196446,-0.0205321222429942
2024-09-27,A453850,0.0018750101,-0.0281264752541491
2024-09-30,A453850,0.0017051204,-0.0412341782805882
2024-10-02,A453850,0.0014179443,-0.0458706961271307
2024-10-04,A453850,0.0014141034,-0.041358124426848
2024-10-07,A453850,0.0008774516,-0.0223341999818402
2024-10-08,A453850,0.00092455256,-0.0018460407679321
2024-10-10,A453850,0.0008342919,0.0063130741329744
2024-10-11,A453850,0.00073847105,-0.0096076601538706
2024-10-14,A453850,0.0006966275,0.0016275433952599
2024-10-15,A453850,0.00072952366,-0.0220787370073677
2024-10-16,A453850,0.0008301975,-0.0368878856841898
2024-10-17,A453850,0.001429816,-0.0306983950623443
2024-10-18,A453850,0.0014696104,-0.0062885378912939
2024-10-21,A453850,0.001357639,-0.0239267063217363
2024-10-22,A453850,0.001533613,-0.0024267206493654
2024-10-23,A453850,0.0015716875,0.0050994501123492
2024-10-24,A453850,0.0016045471,0.0017798123182923
2024-10-25,A453850,0.0014277484,0.0001261590867755
2024-10-28,A453850,-0.005697098,0.0080393465594171
2024-10-29,A453850,-0.000523684,0.0092917361690457
2024-10-30,A453850,-0.0010674363,-0.0157645046222891
2024-10-31,A453850,0.0017764462,-0.0182009638639924
2024-11-01,A453850,0.0016155978,-0.0184612792926569
2024-11-04,A453850,0.00055616535,-0.0061193459695928
2024-11-05,A453850,0.0015260818,-0.0036809078813999
2024-11-06,A453850,0.002018642,-0.0038829973717528
2024-11-07,A453850,-0.0035021969,-0.0106632999986087
2024-11-08,A453850,0.0023180633,-0.0154098225740945
2024-11-11,A453850,-0.0034657917,-0.0189768813616915
2024-11-12,A453850,-0.004125865,-0.0219845583680678
2024-11-13,A453850,-0.004071135,-0.0018172382986431
2024-11-14,A453850,-0.0042987824,0.0080729605110946
2024-11-15,A453850,-0.004548313,0.0049466385688458
2024-11-18,A453850,-0.0034400476,0.0141057013668337
2024-11-19,A453850,-0.0035257838,0.0208394472307869
2024-11-20,A453850,-0.0041691926,0.0214647402926849
2024-11-21,A453850,-0.004763053,0.0240882883314583
2024-11-22,A453850,-0.0029731942,0.0301851795516254
2024-11-25,A453850,-0.0026864794,0.022112986429364
2024-11-26,A453850,-0.0025020845,0.0167901438459842
2024-11-27,A453850,-0.0030789936,0.009239987263873
2024-11-28,A453850,-0.002474056,0.0153269332025053
2024-11-29,A453850,-0.002575734,0.0147576465201992
2024-12-02,A453850,-0.0026471654,0.0129871955268111
2024-12-03,A453850,-0.0029693537,0.0022508450168131
2024-12-04,A453850,-0.0023899279,-0.0005040957888725
2024-12-05,A453850,-0.002901096,-0.020912830677203
2024-12-06,A453850,-0.00040938213,-0.0338373400340886
2024-12-09,A453850,0.0037516248,-0.0423222922744473
2024-12-10,A453850,0.0038600976,-0.0368951655268991
2024-12-11,A453850,0.0043415427,-0.0233384309546102
2024-12-12,A453850,0.0037318796,-0.0326073654612848
2024-12-13,A453850,0.0039515775,-0.0310405724373612
2024-12-16,A453850,0.004249163,-0.0218523579340498
2024-12-17,A453850,0.0037775536,-0.0283930745012179
2024-12-18,A453850,0.0035937529,-0.0339905433995098
2024-12-19,A453850,0.004120826,-0.0108437984020335
2024-12-20,A453850,0.004046578,-0.0106539827825581
2024-12-23,A453850,0.0040065204,-0.0107735297551176
2024-12-24,A453850,0.0044996305,0.0021310610089541
2024-12-26,A453850,0.00418435,-0.0053540483941554
2024-12-27,A453850,0.0043073497,-0.0093508562726756
2024-12-30,A453850,0.0041003954,-0.0161968718281954
2025-01-02,A453850,0.0039339927,-0.0161772198723394
2025-01-03,A453850,0.004566253,-0.0260140014722861
2025-01-06,A453850,0.0042783916,-0.0241793903991868
2025-01-07,A453850,0.0043133125,-0.0186946652827762
2025-01-08,A453850,0.004247083,-0.0076492655446381
2025-01-09,A453850,0.004113662,0.0065023258088382
2025-01-10,A453850,0.004248759,0.0146403590963993
2025-01-13,A453850,0.003993427,0.0208184945824847
2025-01-14,A453850,0.0038606205,0.0267150264150605
2025-01-15,A453850,0.004767505,0.026386755173195
2025-01-16,A453850,0.0045560896,0.0084706388835086
2025-01-17,A453850,0.004764975,0.0
2025-01-20,A453850,0.004521605,0.0108485628359768
2025-01-21,A453850,0.004469052,0.004649008838244
2025-01-22,A453850,0.003622703,-0.0012026459657604
2025-01-23,A453850,0.004908018,0.0135640377462398
2025-01-24,A453850,0.004593389,0.0316561762038325
2025-01-31,A453850,0.004298514,0.0227836285687155
2025-02-03,A453850,0.004460086,0.0114633312742146
2025-02-04,A453850,0.0040010223,0.0160491540827549
2025-02-05,A453850,0.0046957987,-0.0038377602850041
2025-02-06,A453850,0.004623755,-0.0252175221696342
2025-02-07,A453850,0.004521921,-0.0142943880384111
2025-02-10,A453850,0.0049088025,-0.0043327055240478
2025-02-11,A453850,0.004764975,-0.0025031302181184
2025-02-12,A453850,0.0040433807,-0.0006631739748325
2025-02-13,A453850,0.0042817364,0.0109043633666023
2025-02-14,A453850,0.0049774586,0.0013199579529972
2025-02-17,A453850,0.0043928623,0.0048566086139616
2025-02-18,A453850,0.0048367586,0.0154453332217455
2025-02-19,A453850,0.006136023,0.0299310064481426
2025-02-20,A453850,0.004806393,0.0355974192318513
2025-02-21,A453850,0.0021142547,0.0361414893669482
2025-02-24,A453850,0.0037262065,0.0362600793220282
2025-02-25,A453850,0.0036052007,0.0149545135775273
2025-02-26,A453850,0.0034219536,-0.002320485764726
2025-02-27,A453850,0.004117867,-0.0025559119345442
2025-02-28,A453850,0.003965264,-0.01383573185265
2025-03-04,A453850,0.0053231,-0.0100261008659589
2025-03-05,A453850,0.004468627,-0.0068049309267254
2025-03-06,A453850,0.0044714324,-0.0032318559576226
2025-03-07,A453850,0.0026653758,-0.0099017075951186
2025-03-10,A453850,0.003663925,-0.0018076183101438
2025-03-11,A453850,0.003982027,-0.0075539697275234
2025-03-12,A453850,0.00411272,-0.0012891583582494
2025-03-13,A453850,0.0045095733,0.01312084683909
2025-03-14,A453850,0.0023230975,0.0068259650703998
2025-03-17,A453850,0.0037765142,-0.0006463706514227
2025-03-18,A453850,0.004375593,-0.0117640811172404
2025-03-19,A453850,0.0027661233,-0.0131145163387502
2025-03-20,A453850,0.0037724988,-0.0248427836098835
2025-03-21,A453850,0.0040367814,-0.0185250455996209
2025-03-24,A453850,0.0041630226,0.0069587909679505
2025-03-25,A453850,0.004141394,0.0168916401019216
2025-03-26,A453850,0.0038232484,0.0238921418325795
2025-03-27,A453850,0.0044437586,0.0410682631586648
2025-03-28,A453850,0.0043897983,0.0418674729218082
2025-03-31,A453850,0.0039774184,0.0323464713270828
2025-04-01,A453850,0.004655146,-0.0131276016517575
2025-04-02,A453850,0.004375593,-0.0552235244923989
2025-04-03,A453850,0.0024604262,-0.0404134271716736
2025-04-04,A453850,0.002900814,-0.0668902916978821
2025-04-07,A453850,0.0016334747,-0.0747106843768892
2025-04-08,A453850,-0.0052430932,-0.0245242111728108
2025-04-09,A453850,0.0034098544,0.01698242324627
2025-04-10,A453850,0.0060756304,-0.0101323322271916
2025-04-11,A453850,0.0009952703,0.0110660418631391
2025-04-14,A453850,-0.00670562,0.0006696578298869
2025-04-15,A453850,0.004832944,-0.0202514800069906
2025-04-16,A453850,-0.007438993,-0.0046514802453
2025-04-17,A453850,-0.0071127485,-0.006501714670171
2025-04-18,A453850,-0.0071180193,0.006344192571373
2025-04-21,A453850,-0.00480682,0.0211956537331627
2025-04-22,A453850,0.0048320396,0.0361885970398688
2025-04-23,A453850,0.003853028,0.0279784454458194
2025-04-24,A453850,0.004606163,0.0141433855849108
2025-04-25,A453850,0.005063229,-0.0076709806126326
2025-04-28,A453850,0.0051123654,-0.0114693762719268
2025-04-29,A453850,0.0050886488,-0.0216624505605539
2025-04-30,A453850,0.0045802374,-0.0356003316452166
2025-05-02,A453850,0.004411668,-0.0244465475787542
2025-05-07,A453850,-0.006673254,-0.0163301714869104
2025-05-08,A453850,-0.005431717,-0.0260592314832861
2025-05-09,A453850,-0.0055054375,-0.0052212448757618
2025-05-12,A453850,-0.0060845437,-0.0210248504167191
2025-05-13,A453850,-0.0045282617,-0.0020195227328292
2025-05-14,A453850,-0.003860699,-0.0142713941053326
2025-05-15,A453850,-0.0042695445,-0.0188205294182567
2025-05-16,A453850,-0.0047178115,-0.0272125635248847
2025-05-19,A453850,-0.0047411285,-0.0101957345057043
2025-05-20,A453850,-0.0057774265,-0.0097508898264098
2025-05-21,A453850,0.0022473894,0.0039620244464714
2025-05-22,A453850,-0.0007499844,0.0095232242739721
2025-05-23,A453850,-0.00078981806,0.0200730437391472
2025-05-26,A453850,0.0018638443,0.0168902058491447
2025-05-27,A453850,0.0020626679,-0.002452651454319
2025-05-28,A453850,0.0021031015,0.0117927493388621
2025-05-29,A453850,0.0021715877,0.0087527911095947
2025-05-30,A453850,0.0019937193,-0.0006761782663475
2025-06-02,A453850,0.0021189733,0.0025838050683903
2025-06-04,A453850,0.0015803585,0.0109898670706617
2025-06-05,A453850,0.0016128137,0.0123210343990271
2025-06-09,A453850,0.0014738813,0.0065146810211936
2025-06-10,A453850,0.001995034,-0.0039308759528032
2025-06-11,A453850,0.0016523945,0.0071723698769742
2025-06-12,A453850,0.0016634176,0.0013484360187747
2025-06-13,A453850,0.0017288801,-0.007079439171354
2025-06-16,A453850,0.0015945634,0.0012167918759463
2025-06-17,A453850,-0.00038941717,0.0130879558290897
2025-06-18,A453850,0.002070205,0.0123292904607083
2025-06-19,A453850,0.0021031015,0.0163061618834974
2025-06-20,A453850,0.0024810163,0.0110645666558242
2025-06-23,A453850,0.0010755343,0.0143539925089329
2025-06-24,A453850,0.0013917778,0.0195134617994946
2025-06-25,A453850,0.0015448206,0.0105989333485054
2025-06-26,A453850,0.002030081,0.0052889188473047
2025-06-27,A453850,0.0018680198,-0.0033198357295075
2025-06-30,A453850,0.0014389297,-0.0030681008526707
2025-07-01,A453850,0.0015683549,-0.0261034930459422
2025-07-02,A453850,0.0012873821,-0.0249529258574384
2025-07-03,A453850,0.0019836053,-0.0156834687276447
2025-07-04,A453850,0.0019113983,-0.0077447309263167
2025-07-07,A453850,0.0019342313,-0.0145339659694265
2025-07-08,A453850,0.0020842084,-0.006497924582642
2025-07-09,A453850,0.0023565325,-0.009094056566195
2025-07-10,A453850,0.0029064827,-0.0244079913439855
2025-07-11,A453850,0.0025709055,-0.0156717608974801
2025-07-14,A453850,-0.00046507662,-0.0018995935155853
2025-07-15,A453850,-0.0037632165,0.0013572206209338
2025-07-16,A453850,-0.0011701689,0.0065235349586726
2025-07-17,A453850,-0.0040709213,0.015797686568161
2025-07-18,A453850,-0.003393765,0.0077314728971399
2025-07-21,A453850,7.372052e-05,0.0071723698769742
2025-07-22,A453850,0.0012504288,0.0032498335982171
2025-07-23,A453850,0.0026534058,0.0145241929213213
2025-07-24,A453850,0.0026637062,0.013154552103923
2025-07-25,A453850,0.0026534058,0.0048524155058338
2025-07-28,A453850,-0.0027590883,0.013128118888223
2025-07-29,A453850,-0.003137376,0.0261522576253661
2025-07-30,A453850,-0.0025771728,0.0124719674235925
2025-07-31,A453850,-0.004563756,0.0086304724769586
2025-08-01,A453850,-0.004051997,0.015609682569102
2025-08-04,A453850,-0.001636083,0.0046471570057105
2025-08-05,A453850,-0.003632451,-0.0084645393631114
2025-08-06,A453850,-0.0012847777,-0.0092728178009435
2025-08-07,A453850,-0.0010477287,-0.0006612444861713
2025-08-08,A453850,-0.0005179585,-0.011717843797873
2025-08-11,A453850,-0.0035271689,-0.0169665415190819
2025-08-12,A453850,4.4602166e-05,-0.0116226009435545
2025-08-13,A453850,0.0024977846,-0.005739088158113
2025-08-14,A453850,-0.0026330315,-0.0155992763856088
2025-08-18,A453850,-0.0023458183,0.0006694785012721
2025-08-19,A453850,-0.0028643857,0.0026910672860249
2025-08-20,A453850,-0.0030531546,0.0013428228149113
2025-08-21,A453850,-0.0037648426,0.0008027830241143
2025-08-22,A453850,-0.0021982696,0.0064291676046973
2025-08-25,A453850,-0.00264495,-0.0059068503065048
2025-08-26,A453850,-0.002850285,-0.0047141308932785
2025-08-27,A453850,-0.0028643857,-0.0126942960567593
2025-08-28,A453850,-0.00069216447,0.0
2025-08-29,A453850,-0.0008153833,0.0066533844907366
2025-09-01,A453850,-0.0033135775,0.0260479843189773
2025-09-02,A453850,-0.0042378055,0.0408705960123304
2025-09-03,A453850,-0.0031624122,0.0436123354600696
2025-09-04,A453850,-0.002688431,0.0314644530257041
2025-09-05,A453850,-0.0027384083,0.0313341561704354
2025-09-08,A453850,-0.0026026655,0.0160065880864237
2025-09-09,A453850,-0.0023154523,0.0095447648391742
2025-09-10,A453850,-0.002970371,0.0165165044902265
2025-09-11,A453850,-0.0022007267,0.0095447648391742
2025-09-12,A453850,-0.0026778462,-0.0134577600448468
2025-09-15,A453850,-0.0020107392,-0.0084268340760155
2025-09-16,A453850,0.002312793,-0.0153938749054976
2025-09-17,A453850,0.0019194206,-0.0132691157820553
2025-09-18,A453850,-0.0032672032,-0.0160458929242935
2025-09-19,A453850,-0.002485833,-0.002478316014467
2025-09-22,A453850,-0.003346468,0.0033792597793114
2025-09-23,A453850,-0.0039618276,0.0079205763689251
2025-09-24,A453850,-0.003454991,-0.0024670531242903
2025-09-25,A453850,-0.004280113,0.0066307205171026
2025-09-26,A453850,-0.002688146,0.0084531357110581
2025-09-29,A453850,-0.0032804706,0.0108402145528648
2025-09-30,A453850,-0.003399536,0.0157827103615
2025-10-01,A453850,-0.003399536,0.022114555118332
2025-10-02,A453850,-0.004303918,0.0177245842321184
2025-10-10,A453850,-0.0024020534,0.0258227309942598
2025-10-13,A453850,0.0030814093,0.0093261614961443
2025-10-14,A453850,0.0034642613,0.0087458571287199
2025-10-15,A453850,-0.004623116,0.0113795639406334
2025-10-16,A453850,-0.0042855204,0.0125246750779144
2025-10-17,A453850,-0.0043689054,-0.0006311936080291
2025-10-20,A453850,-0.0040726764,-0.0005087764037502
2025-10-21,A453850,0.004180843,0.0044072349874078
2025-10-22,A453850,0.0041605574,0.0017585734967981
2025-10-23,A453850,0.0036427742,-0.0118883403443837
2025-10-24,A453850,0.004273833,-0.0113024252255637
2025-10-27,A453850,0.004139913,-0.008817385092394
2025-10-28,A453850,0.004186863,-0.0195388098563169
2025-10-29,A453850,0.003163851,-0.0193885564088571
2025-10-30,A453850,0.0031286823,-0.0170659174896683
2025-10-31,A453850,0.0029141682,-0.0082072786932361
2025-11-03,A453850,0.0036359504,-0.0101916640404765
2025-11-04,A453850,0.0031573751,-0.0087505384000779
2025-11-05,A453850,0.003659014,-0.0050028967153019
2025-11-06,A453850,0.003918232,0.0069641756833462
2025-11-07,A453850,0.0037338238,-0.0037412157421582
2025-11-10,A453850,0.004043267,-0.0019469147560641
2025-11-11,A453850,0.003895496,-0.0012933266158705
2025-11-12,A453850,0.003939069,-0.0089130603622816
2025-11-13,A453850,0.004095969,-0.0121542742677981
2025-11-14,A453850,0.0040575294,-0.0025883280918513
2025-11-17,A453850,0.0043249982,0.005829409603276
2025-11-18,A453850,0.0047626067,0.0063213782066911
2025-11-19,A453850,0.0043249982,0.0121229238103199
2025-11-20,A453850,0.0035426104,0.0166423243734866
2025-11-21,A453850,0.0044076336,0.0108262431307101
2025-11-24,A453850,0.004310793,0.0030951791540192
2025-11-25,A453850,0.0043739174,-0.0069686693160933
2025-11-26,A453850,0.0040099593,-0.01082624313071
2025-11-27,A453850,0.0041732984,-0.0140439079446253
2025-11-28,A453850,0.004530491,-0.015372000682463
2025-12-01,A453850,0.003946091,-0.0167503754032285
2025-12-02,A453850,0.0040665744,-0.0130345953903761
2025-12-03,A453850,0.0026290037,-0.0104208315692189
2025-12-04,A453850,0.004427152,-0.0039001609500947
2025-12-05,A453850,0.0043091653,-0.0084973385330619
2025-12-08,A453850,0.0040695067,-0.007623591076355
2025-12-09,A453850,0.0040738503,-0.0056575376217763
2025-12-10,A453850,0.0044129477,-0.007623591076355
2025-12-11,A453850,0.004354895,-0.0110020756146648
2025-12-12,A453850,0.0029531044,-0.0024975366252172
2025-12-15,A453850,0.004281398,-0.0026423585198523
2025-12-16,A453850,0.004082251,0.0013185655918836
2025-12-17,A453850,0.0042008064,0.0031616414164076
2025-12-18,A453850,0.0040812143,0.0019735550119925
2025-12-19,A453850,0.004281015,0.0006578514808656
2025-12-22,A453850,0.005072175,0.0077749617463726
2024-07-30,A453870,-0.0017999103,-0.037740327982847
2024-07-31,A453870,0.0029149721,-0.0327335841853204
2024-08-01,A453870,0.0019415992,-0.0273087706971781
2024-08-02,A453870,0.0023180754,-0.0189067076818051
2024-08-05,A453870,0.009808236,0.0239358938522038
2024-08-06,A453870,0.0019256582,0.0
2024-08-07,A453870,0.0015549728,-0.011511466930629
2024-08-08,A453870,0.0017543681,-0.004104284852411
2024-08-09,A453870,0.0020275572,-0.01919386012173
2024-08-12,A453870,0.0024327838,-0.0136510537888943
2024-08-13,A453870,0.00079540786,-0.006989847635425
2024-08-14,A453870,0.0030730069,0.0086269955212456
2024-08-16,A453870,0.0035542017,0.0055443881823592
2024-08-19,A453870,0.0040232344,0.0181329324684136
2024-08-20,A453870,0.0031128249,0.0088943533632459
2024-08-21,A453870,0.0024449658,0.0170091412142672
2024-08-22,A453870,0.0015812196,0.009155979365472
2024-08-23,A453870,0.0036544623,0.0130179798452817
2024-08-26,A453870,0.003323428,0.0184800932237069
2024-08-27,A453870,0.0030287884,0.0162898171030662
2024-08-28,A453870,0.0012675823,-0.0003748547481762
2024-08-29,A453870,0.002948548,0.0052588206236867
2024-08-30,A453870,0.003095921,-0.021155216273512
2024-09-02,A453870,0.0035146296,-0.0184800932237068
2024-09-03,A453870,0.0018932722,-0.0111565681170325
2024-09-04,A453870,0.002588774,-0.0030039073354005
2024-09-05,A453870,0.0025760913,-0.0070682300437653
2024-09-06,A453870,0.002604272,0.019284448339124
2024-09-09,A453870,0.0020639119,0.0177354915511805
2024-09-10,A453870,0.0020254257,0.0229261995202468
2024-09-11,A453870,0.0020487353,0.0346659004814781
2024-09-12,A453870,0.0020840422,0.0387068706013286
2024-09-13,A453870,0.0020200738,0.0269717461927159
2024-09-19,A453870,0.0034803383,0.0257367146440498
2024-09-20,A453870,0.0035842059,0.0121417524381774
2024-09-23,A453870,0.0034289546,-0.0231500325467225
2024-09-24,A453870,0.0038510517,-0.0165426111746841
2024-09-25,A453870,0.0034956175,-0.0243536499222234
2024-09-26,A453870,0.0039997874,-0.0338890353261996
2024-09-27,A453870,0.002958446,-0.0294366722951297
2024-09-30,A453870,0.0032531,-0.0026056221702606
2024-10-02,A453870,0.002601089,-0.0147214554563361
2024-10-04,A453870,0.0028098861,0.0073685719132429
2024-10-07,A453870,0.002245904,0.0143898102747658
2024-10-08,A453870,0.00182127,0.0066415676394198
2024-10-10,A453870,0.0019681652,0.001861851217416
2024-10-11,A453870,0.00090737647,0.0058997221271883
2024-10-14,A453870,0.0009504441,-0.0033426214966898
2024-10-15,A453870,0.0014079572,-0.0021490245033832
2024-10-16,A453870,0.0008756344,0.0011150344957537
2024-10-17,A453870,0.0013787508,-0.0070186206135887
2024-10-18,A453870,0.0014905116,-0.0133425260974967
2024-10-21,A453870,0.0024098505,-0.004025950416553
2024-10-22,A453870,0.002378769,-0.0155505525960176
2024-10-23,A453870,0.0017916468,-0.0050648104694622
2024-10-24,A453870,0.0013281874,-0.008200775749781
2024-10-25,A453870,0.001639203,-0.0044620985360098
2024-10-28,A453870,-0.0041669323,-0.037602420725259
2024-10-29,A453870,-0.00034312124,-0.019016318073473
2024-10-30,A453870,-0.00060982344,0.0040241502997255
2024-10-31,A453870,0.0023740309,0.0052742738299716
2024-11-01,A453870,0.0014859518,0.0003789170595904
2024-11-04,A453870,0.0014627639,0.0369298503602579
2024-11-05,A453870,0.0026115908,0.0227765691763173
2024-11-06,A453870,0.003581672,-0.0244676639232663
2024-11-07,A453870,-0.0038711068,-0.0289720652597947
2024-11-08,A453870,0.003957308,-0.0192012018847196
2024-11-11,A453870,-0.003544763,-0.0396484042113374
2024-11-12,A453870,-0.004019094,-0.0223926772755606
2024-11-13,A453870,-0.0032357054,-0.0137361634885043
2024-11-14,A453870,-0.0033400364,-0.0069086244122242
2024-11-15,A453870,-0.005194963,0.003469682342812
2024-11-18,A453870,-0.0030994823,0.0433047154144479
2024-11-19,A453870,-0.0054361355,0.0250164652795412
2024-11-20,A453870,-0.006251125,0.0274365632271551
2024-11-21,A453870,-0.0057514943,0.0280345536074775
2024-11-22,A453870,-0.0049984735,0.0153526024823174
2024-11-25,A453870,-0.0045792996,-0.0100307750242119
2024-11-26,A453870,-0.0045489045,0.0051525335215915
2024-11-27,A453870,-0.0048972163,0.0169950423204672
2024-11-28,A453870,-0.0041725007,0.0244653656856326
2024-11-29,A453870,-0.004453464,0.0432415617837354
2024-12-02,A453870,-0.0031705701,0.0436467702664149
2024-12-03,A453870,-0.0030158202,0.0281998419046409
2024-12-04,A453870,-0.0018659054,0.0230147144402284
2024-12-05,A453870,-0.0020049738,0.0215691052257017
2024-12-06,A453870,0.00084403105,-0.0013801622065164
2024-12-09,A453870,0.0016322111,-0.0018021269970056
2024-12-10,A453870,0.0016939695,-0.0038451819423421
2024-12-11,A453870,0.0024915186,-0.0163848559015588
2024-12-12,A453870,0.0014399565,-0.0175123045300874
2024-12-13,A453870,0.0014580386,-0.0140548393679634
2024-12-16,A453870,0.0018983169,-0.0240975515790605
2024-12-17,A453870,0.0009578432,-0.0151612381531486
2024-12-18,A453870,-0.00026742776,-0.0051527533956564
2024-12-19,A453870,0.0028822664,0.0053591876605863
2024-12-20,A453870,0.00016543057,0.0075643881421503
2024-12-23,A453870,-0.00019064703,0.0086835485666266
2024-12-24,A453870,0.0007682318,0.016541400359665
2024-12-26,A453870,0.00070995936,-0.0033265600811309
2024-12-27,A453870,0.0026264952,-0.0175047861232286
2024-12-30,A453870,-0.00079741346,-0.0252652816554554
2025-01-02,A453870,-0.00079741346,-0.0238009381517334
2025-01-03,A453870,0.0027363126,-0.0327607872398817
2025-01-06,A453870,0.0013129523,-0.0254981942963061
2025-01-07,A453870,-0.00071671687,-0.0274962559897673
2025-01-08,A453870,-0.00074145803,-0.0223841812978459
2025-01-09,A453870,-0.00074145803,-0.0190135637356257
2025-01-10,A453870,-0.0008021322,-0.0266033778342164
2025-01-13,A453870,-0.00083249813,-0.0090035706646617
2025-01-14,A453870,-0.00079741346,-0.0100062411240908
2025-01-15,A453870,1.4713793e-05,-0.0265147904717167
2025-01-16,A453870,-0.0007148854,-0.0179795730310454
2025-01-17,A453870,4.8492762e-05,-0.0088201732344969
2025-01-20,A453870,1.4713793e-05,0.001225584220815
2025-01-21,A453870,0.00026112035,0.0073988776837556
2025-01-22,A453870,0.00266809,0.0367446682176577
2025-01-23,A453870,0.0002809499,0.0203475228064897
2025-01-24,A453870,0.0004148805,0.0085120068221967
2025-01-31,A453870,0.00028154074,-0.0019156360020786
2025-02-03,A453870,-0.00023976227,-0.0135288677811603
2025-02-04,A453870,-0.0003964393,-0.020177906575976
2025-02-05,A453870,0.00058988144,-0.0203475228064898
2025-02-06,A453870,0.00068192417,-0.0112356379366527
2025-02-07,A453870,-0.0004973847,-0.0273691472906422
2025-02-10,A453870,0.0006146226,-0.0150567461791077
2025-02-11,A453870,0.00044605392,-0.021701662524275
2025-02-12,A453870,0.002638411,-0.0115119326068108
2025-02-13,A453870,0.0031727985,-0.0178470871714056
2025-02-14,A453870,0.00074827013,-0.0114957463697926
2025-02-17,A453870,0.0012656839,-0.022533913916501
2025-02-18,A453870,0.0032392265,-0.0266468414606161
2025-02-19,A453870,0.0010389627,-0.0293327723376922
2025-02-20,A453870,0.00078548875,-0.0189795486980456
2025-02-21,A453870,-0.00037169812,-0.0166436002726116
2025-02-24,A453870,1.0680145e-05,-0.0125235433653478
2025-02-25,A453870,-0.0007142295,0.0048685587888896
2025-02-26,A453870,-0.0010862646,-0.0008114249065786
2025-02-27,A453870,-0.00083249813,0.0062862876259678
2025-02-28,A453870,-0.00083249813,0.0146481492373345
2025-03-04,A453870,-0.00083249813,0.0196100603785809
2025-03-05,A453870,-0.00083249813,-0.0008097822128477
2025-03-06,A453870,-0.00057779026,0.0099350601129909
2025-03-07,A453870,-0.0007765427,-0.003057614226358
2025-03-10,A453870,-0.0011911489,-0.0036018768680256
2025-03-11,A453870,0.001379376,0.0174207961307322
2025-03-12,A453870,-0.00061445945,0.0334585933551372
2025-03-13,A453870,-0.00048369417,0.0414069383405469
2025-03-14,A453870,-0.0007987192,0.0607336448986253
2025-03-17,A453870,-0.00083249813,0.0731911402020863
2025-03-18,A453870,-0.0007765427,0.0624367160684522
2025-03-19,A453870,-0.00083249813,0.0495956775039561
2025-03-20,A453870,-0.0008021322,0.034484869072124
2025-03-21,A453870,0.00013034578,0.0185587053897682
2025-03-24,A453870,0.0017621395,-0.0115434907477571
2025-03-25,A453870,0.0002519476,-0.0171110387669153
2025-03-26,A453870,0.001392378,-0.0134351103300855
2025-03-27,A453870,-0.00074145803,-0.0141803779156312
2025-03-28,A453870,-0.0003417896,-0.0453048431912897
2025-03-31,A453870,-0.00043152404,-0.0631723458135774
2025-04-01,A453870,0.0023460551,-0.0399776503983141
2025-04-02,A453870,-0.00043152404,-0.0395351044157938
2025-04-03,A453870,0.0029825158,-0.0149211050875201
2025-04-04,A453870,-0.0016219118,-0.0057808144735893
2025-04-07,A453870,-0.0030893628,0.0263131364445572
2025-04-08,A453870,-0.008418018,0.0104557756534024
2025-04-09,A453870,-0.0002054257,0.0111008019225046
2025-04-10,A453870,0.0063350764,-0.0030726710301904
2025-04-11,A453870,-6.199803e-06,0.0354802693283659
2025-04-14,A453870,-0.0079243425,0.0417477235979622
2025-04-15,A453870,-0.00046018083,0.0410610406961113
2025-04-16,A453870,-0.007600664,0.0407504689894974
2025-04-17,A453870,-0.0076549547,0.0388566855837917
2025-04-18,A453870,-0.006714901,0.0089578678720279
2025-04-21,A453870,-0.0066735465,0.0235776046340957
2025-04-22,A453870,0.0020009235,0.0151568462932209
2025-04-23,A453870,0.00026719162,0.0085467429698731
2025-04-24,A453870,-0.0009260977,0.0055348652423885
2025-04-25,A453870,-0.00019567065,0.0037399998714674
2025-04-28,A453870,-0.00023991428,-0.0232025530601084
2025-04-29,A453870,-0.00044081148,-0.0439515808277096
2025-04-30,A453870,-0.0007018215,0.0066381715953439
2025-05-02,A453870,-0.0009183002,0.0087196009509066
2025-05-07,A453870,-0.0066107255,0.0176131245991015
2025-05-08,A453870,-0.0049309954,-0.0003750515739871
2025-05-09,A453870,-0.0062330845,0.0351071835523108
2025-05-12,A453870,-0.0070701237,-0.003313577642519
2025-05-13,A453870,-0.0075395065,-0.0161062499897444
2025-05-14,A453870,-0.00772523,-0.0176131245991014
2025-05-15,A453870,-0.007196359,-0.013140198129625
2025-05-16,A453870,-0.0076509677,-0.0197374828383214
2025-05-19,A453870,-0.006637579,-0.0162847038498668
2025-05-20,A453870,-0.007346723,-0.012608814040606
2025-05-21,A453870,0.0014585337,-0.0120175698979907
2025-05-22,A453870,-0.00162407,0.0067427051927438
2025-05-23,A453870,-0.0011689404,0.0033920056643708
2025-05-26,A453870,0.0009833631,-0.0123709807314809
2025-05-27,A453870,0.0014864798,-0.019484335738428
2025-05-28,A453870,0.0014282785,-0.0176860838075907
2025-05-29,A453870,0.0013134108,-0.0003776007294799
2025-05-30,A453870,0.0013484956,0.0015038727550484
2025-06-02,A453870,0.0013484956,0.0197654200705322
2025-06-04,A453870,0.0009107192,0.0130820241094023
2025-06-05,A453870,0.0009107192,-0.0011543346543237
2025-06-09,A453870,0.0010255866,-0.0108601788866861
2025-06-10,A453870,0.0010786725,-0.0194991193733449
2025-06-11,A453870,0.0010255866,-0.0279965464909491
2025-06-12,A453870,0.0010255866,-0.0108643043919057
2025-06-13,A453870,0.001068909,0.0087397060435803
2025-06-16,A453870,0.0010616388,0.0044950744234222
2025-06-17,A453870,-0.0015831521,0.0172424612771162
2025-06-18,A453870,0.0014585337,0.0164703355074911
2025-06-19,A453870,0.0015333437,0.0168911419805498
2025-06-20,A453870,0.001343666,0.0291118380879659
2025-06-23,A453870,0.0010851811,0.0168843989992261
2025-06-24,A453870,0.0009107192,0.0096677037315368
2025-06-25,A453870,0.0009992549,0.0115262109834581
2025-06-26,A453870,0.001229414,0.0115003881203161
2025-06-27,A453870,0.002119189,-0.0059488575197723
2025-06-30,A453870,0.0010611723,0.0047722109806333
2025-07-01,A453870,0.00082660635,0.0040936382573704
2025-07-02,A453870,0.0023653577,0.0088902645108155
2025-07-03,A453870,0.0018613517,0.0037056293793342
2025-07-04,A453870,0.0018600553,0.0014905353780613
2025-07-07,A453870,0.0012641532,-0.0058939999776056
2025-07-08,A453870,0.0013364102,0.0003713193017302
2025-07-09,A453870,0.0022687805,-0.0040648960298685
2025-07-10,A453870,0.0024126088,0.0033233663024154
2025-07-11,A453870,0.0022437442,-0.0003724256122894
2025-07-14,A453870,-0.0012129275,0.0014954391900127
2025-07-15,A453870,-0.00482901,-0.0052110592127521
2025-07-16,A453870,-0.0022784278,-0.0103473584843952
2025-07-17,A453870,-0.004836586,-0.0252365192362147
2025-07-18,A453870,-0.0041721663,-0.0201677390132429
2025-07-21,A453870,-0.0011001441,-0.0183989506280584
2025-07-22,A453870,0.00040490535,-0.0208914419624971
2025-07-23,A453870,0.0027519679,-0.0191129519772453
2025-07-24,A453870,0.002748444,-0.015084851028936
2025-07-25,A453870,0.002718189,-0.0029690555098542
2025-07-28,A453870,-0.0029495982,-0.0132533444897172
2025-07-29,A453870,-0.0038828796,-0.0152827149876049
2025-07-30,A453870,-0.003205693,-0.0149072992673862
2025-07-31,A453870,-0.004625846,-0.020082086007974
2025-08-01,A453870,-0.0051292265,-0.0207225379329292
2025-08-04,A453870,-0.002267652,-0.0069648942751004
2025-08-05,A453870,-0.0048627886,0.0003868621658369
2025-08-06,A453870,-0.0022562675,-0.0023252219436243
2025-08-07,A453870,-0.00065750565,0.0123761065943576
2025-08-08,A453870,-0.00088553136,0.024147589802714
2025-08-11,A453870,-0.0038910348,0.0281773484323862
2025-08-12,A453870,-4.0463827e-05,0.0325726992601135
2025-08-13,A453870,0.0031107282,0.0430574082971599
2025-08-14,A453870,-0.0029743395,0.0209744369968118
2025-08-18,A453870,-0.0029743395,0.0003798381934983
2025-08-19,A453870,-0.003205693,-0.0113132826551992
2025-08-20,A453870,-0.003667468,-0.0225664581360226
2025-08-21,A453870,-0.0049704565,-0.0353276024754608
2025-08-22,A453870,-0.0036775318,-0.0221354727710294
2025-08-25,A453870,-0.0039428207,-0.0206430228634308
2025-08-26,A453870,-0.0042947433,-0.0041319210978232
2025-08-27,A453870,-0.0033690152,-0.0076882057792277
2025-08-28,A453870,-0.00055614597,0.0075940993195938
2025-08-29,A453870,-0.00088553136,0.0027069895489171
2025-09-01,A453870,-0.003205693,0.0115634961013569
2025-09-02,A453870,-0.0050941412,0.0
2025-09-03,A453870,-0.004134501,0.0099067738008732
2025-09-04,A453870,-0.0033690152,0.0003820147504149
2025-09-05,A453870,-0.0033690152,0.0141117458003577
2025-09-08,A453870,-0.0032283668,0.00603677376792
2025-09-09,A453870,-0.0015916084,0.0052766535462542
2025-09-10,A453870,-0.0031376614,0.0102635180804125
2025-09-11,A453870,-0.0030229366,0.0150869015271919
2025-09-12,A453870,-0.003096057,0.0101531407128349
2025-09-15,A453870,-0.0009157866,0.0090251266725019
2025-09-16,A453870,0.0022437442,-0.0019086160697177
2025-09-17,A453870,0.0017913596,-0.0106456788218696
2025-09-18,A453870,-0.0034361146,-0.0124168766736229
2025-09-19,A453870,-0.0029743395,-0.0147329517862881
2025-09-22,A453870,-0.0034115093,-0.0227560216475227
2025-09-23,A453870,-0.005011613,-0.0114515335117821
2025-09-24,A453870,-0.0041059735,-0.0049046002217666
2025-09-25,A453870,-0.0051297345,-0.0125729960460067
2025-09-26,A453870,-0.0032686824,0.0229912569786554
2025-09-29,A453870,-0.0041059735,0.0346890687985536
2025-09-30,A453870,-0.0035853637,0.0376973839089079
2025-10-01,A453870,-0.0041275183,0.0382096893613162
2025-10-02,A453870,-0.005108381,0.0498109433548629
2025-10-10,A453870,-0.00497801,0.0328742328871324
2025-10-13,A453870,-0.0006407938,0.0317929938121832
2025-10-14,A453870,-0.00010157789,0.0328042300727192
2025-10-15,A453870,-0.0059681926,0.0333049032441538
2025-10-16,A453870,-0.006437008,0.0438707773696136
2025-10-17,A453870,-0.0054196822,0.0184938250606937
2025-10-20,A453870,-0.0043893186,0.0146354574452579
2025-10-21,A453870,-0.0003964393,0.004312830146815
2025-10-22,A453870,-0.0003964393,0.0035696475400337
2025-10-23,A453870,-3.31867e-05,-0.0247505700127576
2025-10-24,A453870,0.00042101764,-0.0235710826493482
2025-10-27,A453870,0.00058988144,-0.021888698789437
2025-10-28,A453870,0.00042101764,-0.0082826646577261
2025-10-29,A453870,-0.00061002804,-0.0147172332233463
2025-10-30,A453870,0.0015048234,0.0028762513537118
2025-10-31,A453870,-0.0006418727,0.0162288534222212
2025-11-03,A453870,-0.00068529014,0.0180354044540988
2025-11-04,A453870,-0.0006549242,0.0136476762744397
2025-11-05,A453870,-0.0003964393,0.0312558814493654
2025-11-06,A453870,-0.00043152404,0.0265000628198433
2025-11-07,A453870,-0.00079741346,0.0081231742101984
2025-11-10,A453870,-0.00079741346,0.0176456408507794
2025-11-11,A453870,-0.00072260346,0.0165562010101545
2025-11-12,A453870,-0.00079741346,0.0041969843364131
2025-11-13,A453870,0.0017792837,0.010710910577511
2025-11-14,A453870,-0.0007017328,0.0241195174019306
2025-11-17,A453870,-0.00037556855,0.0107595532513302
2025-11-18,A453870,-0.00015752984,0.0024529570417054
2025-11-19,A453870,-0.00037556855,-0.0017466033014611
2025-11-20,A453870,-0.0012711167,-0.0072207492795145
2025-11-21,A453870,-0.00083249813,-0.0058361869261036
2025-11-24,A453870,-0.00083249813,-0.0027138947104816
2025-11-25,A453870,-0.00079741346,-0.0024529570417056
2025-11-26,A453870,-0.00079741346,-0.0130205590777747
2025-11-27,A453870,-0.00079741346,-0.0105072415259188
2025-11-28,A453870,0.0021235135,-0.004539589456014
2025-12-01,A453870,-0.00079741346,-0.0158025552020642
2025-12-02,A453870,-0.00053985784,-0.0091640286039602
2025-12-03,A453870,1.4713793e-05,-0.0014178366191999
2025-12-04,A453870,0.00015854121,-0.0123283409253416
2025-12-05,A453870,0.00028436296,-0.0080824138900473
2025-12-08,A453870,-0.0006845195,-0.0017713541316374
2025-12-09,A453870,-0.00072215137,-0.0059663505349259
2025-12-10,A453870,0.00015854121,-0.001419849734485
2025-12-11,A453870,0.00025058398,0.0102135791051991
2025-12-12,A453870,0.00015854121,0.002818689766991
2025-12-15,A453870,-0.00053985784,0.0189665702370167
2025-12-16,A453870,-0.00053985784,0.0244892964513223
2025-12-17,A453870,-0.0007636345,0.0070791744033865
2025-12-18,A453870,-0.0007525173,-0.01342683475294
2025-12-19,A453870,0.00025058398,-0.0288406026757091
2025-12-22,A453870,0.0007682318,-0.0396745075643639
