keyword,title,date,section
기준금리,나스닥도 제친 홍콩IPO…올해도 ‘상장 러쉬’,2026-01-04 11:18:30,domestic_bond
기준금리,[경제 프리즘] 트럼프發 유동성 폭탄 … 2026년 세계를 흔든다,2026-01-04 16:49:49,domestic_bond
기준금리,[이번주 증시 예보] 코스피 추가상승의 풍향계 '삼성전자 4분기 실적',2026-01-04 16:52:10,domestic_bond
기준금리,"""채권값 더 떨어진다""… 대차잔액 184조 사상최대",2026-01-04 16:55:10,domestic_bond
기준금리,6% 넘긴 주담대 금리 … 영끌족 허리휜다,2026-01-04 16:57:05,domestic_bond
기준금리,"""경제위기 반복될 수밖에 … 정책 능력이 국가 명운 가를것""",2026-01-04 18:02:23,domestic_bond
기준금리,"수억빚 영끌족 ‘비명’ 더 커진다…주담대 금리, 어느덧 6%대 훌쩍",2026-01-04 19:44:24,domestic_bond
기준금리,“오천피 풍향계 이번주에 나옵니다”…삼성전자 4분기 실적 ‘오매불망’,2026-01-05 05:51:16,domestic_bond
기준금리,"결국 오르는 집만 더 올랐다…서울 아파트값, 절반은 文정부때 보다 낮아",2026-01-05 06:50:34,domestic_bond
기준금리,"“2990만원 국산 픽업트럭”…KGM, 내연기관 ‘무쏘’ 판매 개시",2026-01-05 09:45:13,domestic_bond
기준금리,“예수님 올해 재림 안하심”에 베팅했을 뿐인데…5.5% 수익 냈다,2026-01-05 09:55:54,domestic_bond
기준금리,"“엔저가 기회다”… 메타플래닛, ‘美 스트래티지’ 넘는 우위 입증",2026-01-05 10:35:04,domestic_bond
기준금리,"[O | On-chain Finance]국내 ICO 허용, 그리고 스테이블코인 패권",2026-01-05 13:42:16,domestic_bond
기준금리,[R | Rate Down Shift & Safe Yield] ‘엇갈린 금리 사이클’에 안전마진 재정립,2026-01-05 14:25:59,domestic_bond
기준금리,금감원장 “쿠팡파이낸셜 납득 안가는 이자 폭리는 ‘갑질’…검사 전환할 터”,2026-01-05 15:00:41,domestic_bond
기준금리,年 10%대 고금리로 '쏠쏠' 초단기·미션형 적금 주목,2026-01-05 16:17:12,domestic_bond
기준금리,"AI랠리·트럼프 부양책 지속…""S&P500 올해 8000 넘을 것""",2026-01-05 16:17:36,domestic_bond
기준금리,"올해 코스피 上高下低 …""오천피 넘어 5500까지 간다""",2026-01-05 16:17:57,domestic_bond
기준금리,병오년 오천피 여정 시작…달리는 말에 올라타라,2026-01-05 16:18:44,domestic_bond
기준금리,올 신용등급 양극화 … 방산·반도체 웃고 석화·건설 우울,2026-01-05 17:30:03,domestic_bond
기준금리,"이찬진 ""회장 6년 연임에 후보군 골동품 돼""",2026-01-05 17:34:12,domestic_bond
기준금리,"개미, 예금서 발빼 국내증시行…증시 대기자금 90조 육박",2026-01-05 17:52:38,domestic_bond
기준금리,"""연준 독립성 흔들리면 인플레 위험""… 옐런, 재정중독 경고",2026-01-05 17:54:37,domestic_bond
기준금리,"예금서 발뺀 개미들, 국장으로…증시 대기자금 90조 육박",2026-01-05 18:13:05,domestic_bond
기준금리,"메스터 전 연은 총재 “연준, 금리인하 여력 줄어…섣부른 판단 말아야”",2026-01-05 22:40:38,domestic_bond
기준금리,"페넌트파크 플로팅 레이트, 1월 주당 0.1025달러 배당금 선언",2026-01-06 06:06:59,domestic_bond
기준금리,"어그리 리얼티, 2026년 최대 15억 달러 투자계획 발표...유동성 20억 달러 확보",2026-01-06 06:08:59,domestic_bond
기준금리,사상 최고치 기록한 글로벌 부채…떨어지지 않는 美 장기 국채금리 [스페셜리포트],2026-01-06 07:49:00,domestic_bond
기준금리,가본 적 없는 길을 간다...‘부채 광풍’ 세계 경제 [스페셜리포트],2026-01-06 07:49:00,domestic_bond
기준금리,기업 ‘돈맥경화’로 이어지는 국고채 금리 상승 [스페셜리포트],2026-01-06 07:50:00,domestic_bond
기준금리,“연준 독립성 흔들리면 인플레 위험”…독불장군식 돈풀기에 경고,2026-01-06 07:57:58,domestic_bond
기준금리,"“계속 연임하니 다음 리더들 골동품 돼”…금감원장, 금융사 지배구조 또 저격",2026-01-06 07:59:09,domestic_bond
기준금리,"[송광섭 특파원의 차이나 프리즘] 中, ‘내수 살리기’ 총력전 ‘경제노관’ 부동산·부채 리스크가 관건",2026-01-06 10:32:00,domestic_bond
기준금리,"“돈 벌어줘도 징징대길래”...고객 다 걷어찬 레버리지의 神, 자기돈 7800% 불렸다",2026-01-06 11:31:41,domestic_bond
기준금리,마두로 체포 여파에 금값 또 사상 최고…안전자산 선호,2026-01-06 14:40:58,domestic_bond
기준금리,불붙은 코스피 불장에…‘국민 재테크’ ETF도 ‘300조 시대’ 열었다,2026-01-06 16:50:44,domestic_bond
기준금리,"""반도체 다음은 나""… 바이오株 시선 집중",2026-01-06 17:47:21,domestic_bond
기준금리,거침없는 서울 집값…시가총액 2천조 육박,2026-01-06 17:48:43,domestic_bond
기준금리,회비부터 생활비 관리까지…10조원대로 커진 모임통장,2026-01-06 17:56:25,domestic_bond
기준금리,“계통장 아니에요?” 했더니 10조원 쌓였다…카뱅 독주에 안달난 은행들,2026-01-06 21:12:09,domestic_bond
기준금리,1년만에 200조 불어난 서울 아파트값…시가총액 2000조 육박,2026-01-06 21:28:41,domestic_bond
기준금리,"라이프MD, 시티즌스뱅크와 5천만달러 신속대출시설 체결",2026-01-06 23:20:51,domestic_bond
기준금리,“너무 오르길래 겁나서 팔았어요”…반도체 바통 이을 다음 주자는,2026-01-07 05:50:04,domestic_bond
기준금리,"페넌트파크 플로팅 레이트 캐피탈, 2025 회계연도 1Q 실적 2월 9일 발표 예정",2026-01-07 06:09:26,domestic_bond
기준금리,올해도 AI 훈풍…뉴욕증시 사상 최고치 [월가월부],2026-01-07 06:55:54,domestic_bond
기준금리,“코스피 올해 5650까지 간다”…한투증권 “반도체 중심 기업 이익 급증” [오늘 나온 보고서],2026-01-07 08:38:08,domestic_bond
기준금리,"케이카, ‘대한민국 퍼스트브랜드 대상’ 중고차 유통 부문 7년째 1위",2026-01-07 11:04:10,domestic_bond
기준금리,부자들 ETF로 돈벌었네···수익률 1위는?,2026-01-07 13:56:34,domestic_bond
기준금리,"“김사장, 은행서 대출 또 퇴짜 맞았어? 올해는 여기 가봐”…대출시장 ‘지각변동’",2026-01-07 15:47:37,domestic_bond
기준금리,내수 한파에 더 쓸쓸한 의류·외식株,2026-01-07 17:28:03,domestic_bond
기준금리,실속없는 모범납세자 우대 … 세무조사 유예비율 2.7% 그쳐,2026-01-07 17:47:52,domestic_bond
기준금리,"""올해 1%P 인하""vs""금리 중립""… 1월 FOMC 앞두고 분열",2026-01-07 17:54:05,domestic_bond
기준금리,"블루 아울 캐피탈, 2025년 4분기·연간 실적 2월 18일 발표",2026-01-07 22:31:53,domestic_bond
기준금리,“꼬박꼬박 세금내봤자 좋은게 없다”…모범납세자 우대혜택 ‘맹탕’,2026-01-08 05:47:47,domestic_bond
기준금리,"사라토가 인베스트먼트, 3Q NII 5.2% 상승...ROE 13.5% 기록",2026-01-08 06:10:34,domestic_bond
기준금리,"오키드 아일랜드 캐피탈, 1월 배당 주당 0.12달러 확정",2026-01-08 07:15:54,domestic_bond
기준금리,"“이거 환율 더 오르는거 아냐”…글로벌 IB “한·미 성장률 역전, 4년째 계속될 듯”",2026-01-08 08:51:38,domestic_bond
기준금리,“원금은커녕 이자 낼 돈도 없어요”…빚 못갚아 법원에 넘어가는 집,2026-01-08 09:32:22,domestic_bond
기준금리,"차봇 “2025년, 쏘렌토 하이브리드·BMW 5시리즈 잘 나갔다”",2026-01-08 11:13:43,domestic_bond
기준금리,김재식·장종필의 법을 알면 부동산이 보인다 - 아파트 가격 어디까지 갈까 : 생산비용을 중심으로,2026-01-08 11:57:44,domestic_bond
기준금리,지난해 주식투자 대기자금 33조 증가... 자본시장 ‘머니무브’ 가속화,2026-01-08 14:53:15,domestic_bond
기준금리,"“연말엔 뛰더니 연초엔 멈췄다”…주담대 오픈런, 진정 국면 들어섰나",2026-01-08 14:56:08,domestic_bond
기준금리,"해외 IB, 美는 웃고 韓은 제자리…성장률 역전 지속",2026-01-08 15:45:45,domestic_bond
기준금리,올해도 역대급 공급 가뭄 …'똘똘한 한 채' 더 귀해진다,2026-01-08 16:18:57,domestic_bond
기준금리,“최고가 경신하는 금”… 미래에셋 ‘TIGER KRX금현물 ETF’ 순자산 1조원 돌파,2026-01-08 16:28:49,domestic_bond
기준금리,“코스피 불장에도 6일째 치솟은 환율”…외환당국 개입에도 1450선 돌파,2026-01-08 17:00:22,domestic_bond
기준금리,새해 우량 회사채 수요예측에 자금 몰려,2026-01-08 17:46:55,domestic_bond
기준금리,한은 순이익 11조 '역대 최대'고환율에 외화증권 수익 늘어,2026-01-08 17:50:54,domestic_bond
기준금리,부친 전재산 말아먹은 극장 운영자…“저도 한국 가면 빚탕감해주나요?” [매경 뒤 시네마],2026-01-08 18:00:00,domestic_bond
기준금리,"고럽 캐피탈 BDC, 2026년 1분기 실적발표 2월 4일 예정",2026-01-08 22:55:51,domestic_bond
기준금리,"캐노피 그로스, 2031년까지 부채만기 연장·4.25억 캐나다달러 유동성 확보",2026-01-09 06:18:13,domestic_bond
기준금리,"포스탈 리얼티 트러스트, 2025년 자산 20% 확대·99.8% 점유율 달성",2026-01-09 06:31:04,domestic_bond
기준금리,"비치바디, 타이거 파이낸스와 신용계약 개정..재무유연성 강화",2026-01-09 06:33:55,domestic_bond
기준금리,[단독] 서민대출 ‘햇살론’의 배신…지원 필요한 저신용자 줄고 고신용자는 급증,2026-01-09 08:38:52,domestic_bond
기준금리,“대체 며칠째야? 환율 7일 연속 오르나”…야간시장서 1454원대 ‘터치’,2026-01-09 08:51:57,domestic_bond
기준금리,현대차 사면 최고 연 8.8% 이자 준다...신한은행 적금 출시 [알쓸금잡],2026-01-09 10:46:53,domestic_bond
기준금리,장기 유지할수록 연금 증가...노후소득보장 강화한 연금보험 출시 [알쓸금잡],2026-01-09 10:47:52,domestic_bond
기준금리,“손님이 스스로 마케팅을 하게 만들어라”…잘되는 식당의 마케팅 비결 [똑똑한 장사],2026-01-09 13:00:00,domestic_bond
기준금리,부동산 용도만 바꾸면 살아날까...실패를 부르는 ‘밸류애드’라는 착각,2026-01-09 13:55:38,domestic_bond
기준금리,"“연초 보험료 잔혹사 반복되나”…보장성 보험, 손해율 반영에 인상설 ‘솔솔’",2026-01-09 15:23:55,domestic_bond
기준금리,정부 안간힘 쓰는데도…1450원 또 뚫은 원·달러 환율,2026-01-09 16:00:13,domestic_bond
기준금리,"주식 초고수, 바이오·조선주에서 순환매 기회 모색",2026-01-09 16:01:03,domestic_bond
기준금리,"미래에셋증권, 개인투자용국채 올해 첫 청약…“가산금리 확대”",2026-01-09 16:12:02,domestic_bond
기준금리,원화 스테이블코인 시대 개막 임박...은행권-빅테크 신경전 치열 [엠블록레터],2026-01-09 16:27:37,domestic_bond
기준금리,"한일CEO ""올해 경영환경 좋아질 것""… 유망 시장은 美·동남아",2026-01-09 17:41:56,domestic_bond
기준금리,"“오빠, 넷플릭스 보더니 외국인 줄 섰어”...PPL로 불황 돌파 ‘K고깃집’",2026-01-09 20:23:46,domestic_bond
기준금리,"엘링턴 레지덴셜, 월간 배당금 주당 0.08달러 발표",2026-01-09 23:11:55,domestic_bond
기준금리,엔화가치 1년만 최저치…당국 개입으로 간신히 상승시켜놓은 원화는? [알쓸금잡],2026-01-10 09:35:51,domestic_bond
기준금리,“제발 애국투자 합시다” 애원에도…서학개미 3조규모 폭풍매수 왜,2026-01-11 10:35:42,domestic_bond
기준금리,“환율·물가·집값 모두 불안”…기준금리 5연속 동결 가능성은?,2026-01-11 10:51:50,domestic_bond
기준금리,“그 집도 깡통전세라며?”…작년 강제경매 아파트·빌라 ‘역대 최다’,2026-01-11 11:38:18,domestic_bond
기준금리,강남역 노른자땅 ‘라이온미싱 용지’ 개발 시동…최상급 오피스로 재탄생,2026-01-11 13:51:52,domestic_bond
기준금리,"“결국 환율에 발목”…1인당 GDP 3만6천달러 턱걸이, 3년만에 뒷걸음",2026-01-11 14:40:47,domestic_bond
기준금리,"강남역 노른자 땅, '라이온미싱 용지' 개발 시동",2026-01-11 16:11:18,domestic_bond
기준금리,규제 적고 수익률 5%…역세권 오피스텔 눈길가네,2026-01-11 16:31:22,domestic_bond
기준금리,[경제 프리즘] 달라진 통화량 기준 … 투자자 착시 '주의보',2026-01-11 16:31:24,domestic_bond
기준금리,[이번주 증시 예보] TSMC 실적에 쏠린 시선 … JP모건 바이오 행사도 관심,2026-01-11 17:06:43,domestic_bond
기준금리,[단독] 대출 규제가 ‘저신용자’ 벼랑끝 몰았다…1·2금융서 불법고리사채로,2026-01-11 17:25:39,domestic_bond
기준금리,대출규제에 저신용자부터 막혔다 … 인터넷은행은 2년새 반토막,2026-01-11 17:28:40,domestic_bond
기준금리,환율·집값 이중불안에…한은 금리동결 유력,2026-01-11 17:30:39,domestic_bond
기준금리,저신용자 대출 全금융권서 급감,2026-01-11 17:40:53,domestic_bond
기준금리,인뱅서도 저신용자 신용대출 2년새 반토막…고금리·사금융에 내몰려,2026-01-11 19:35:20,domestic_bond
기준금리,“사실상 담보대출인데 이자가 최고 18.9%?”…‘쿠팡 판매자 대출’ 논란,2026-01-11 20:53:38,domestic_bond
기준금리,“토허제·대출규제 피하고 월수입도 짭짤”…아파트 대신 향하는 이곳,2026-01-11 21:00:03,domestic_bond
기준금리,환율·집값 이중압박 포위된 한은…15일 첫 금통위 ‘금리동결’ 유력,2026-01-12 08:12:03,domestic_bond
기준금리,9만달러에 갇힌 비트코인…관세 판결·연준 결단만 기다린다,2026-01-12 09:54:21,domestic_bond
기준금리,“불황인데 다들 잘만 쓰네요”...그 사람들 대부분 ‘억대’ 빚 있습니다,2026-01-12 10:17:34,domestic_bond
기준금리,"키움증권, 증권사 목표가 상향에 강세…3.02%",2026-01-12 10:27:35,domestic_bond
기준금리,“육휴하면 주담대는 누가 갚나요”…원금 상환 ‘잠시 스톱’ 하세요,2026-01-12 12:00:00,domestic_bond
기준금리,50만원 넣으면 6만원 얹어준다…쥐꼬리 월급으로 통장 불리는 방법 [모르면내손해①],2026-01-12 15:16:24,domestic_bond
기준금리,"[속보] “코스피 불장에도 환율 8일째 상승”…정부, 구두개입 후 첫 1460원선",2026-01-12 15:44:09,domestic_bond
기준금리,"""韓, 이민자 고숙련 위주로 받고…정년 늘리며 연금 개혁하라""",2026-01-12 17:30:14,domestic_bond
기준금리,"뉴텍 비즈니스, 2026년 만기 채권 교환 제안 기한 연장",2026-01-12 21:14:47,domestic_bond
기준금리,"CVR엑스, 2025년 4분기 매출 1,590만~1,610만 달러 전망..전년비 4~5% 성장",2026-01-12 22:13:01,domestic_bond
기준금리,"글로벌 파트너스, 우선주 분기배당 주당 0.59달러 지급 결정",2026-01-12 22:39:47,domestic_bond
기준금리,"트러스트코 뱅크 NY, 1월21일 4분기 실적발표 예정",2026-01-13 06:04:04,domestic_bond
기준금리,"브로드스톤 넷 리즈, 2025년 4분기·연간 실적 2월 18일 발표 예정",2026-01-13 06:20:05,domestic_bond
기준금리,"매튜 인터내셔널, 3억달러 채권 조기상환...부채 구조 개선",2026-01-13 06:23:09,domestic_bond
기준금리,"OECD 사무총장 “한국, 고숙련 이민자 받고 정년 늘리며 연금 개혁을”",2026-01-13 07:47:02,domestic_bond
기준금리,트럼프–연준 갈등에도 강세 마감…S&P500·다우 ‘사상 최고’ [뉴욕증시],2026-01-13 09:00:34,domestic_bond
기준금리,"코스피, 4662.44 상승 출발…8거래일 연속 최고치 경신",2026-01-13 09:22:25,domestic_bond
기준금리,환율 변동성에 달러예금도 ‘출렁’…은행들 “수요 눌러라” 금리인하,2026-01-13 14:24:28,domestic_bond
기준금리,채권 전문가 96% “1월 금통위 기준금리 동결할 것”,2026-01-13 15:57:33,domestic_bond
기준금리,"“지금껏 나만 생돈 내고 자취했어?”…월 20만원 받는 청년, 조건 보니 [모르면내손해②]",2026-01-13 16:56:01,domestic_bond
기준금리,'1억 보호'에도…저축銀 예수금 100조 붕괴,2026-01-13 17:17:25,domestic_bond
기준금리,환율 비상걸린 정부 … 수출기업 외환거래 집중 단속,2026-01-13 17:32:12,domestic_bond
기준금리,은행에 치이고 증권사에 밀리고…저축은행 예수금 100조 깨졌다,2026-01-13 18:54:00,domestic_bond
기준금리,대출 조이지만 월세 세액공제 확대...2026년 바뀌는 제도 총정리,2026-01-13 21:00:00,domestic_bond
기준금리,"펠토스 테라퓨틱스, 5천만달러 대출 확보...3개 피부질환 치료제 출시 가속화",2026-01-13 22:33:19,domestic_bond
기준금리,"프록터 & 갬블, 주당 1.0568달러 배당 발표..69년 연속 배당 인상",2026-01-14 06:30:35,domestic_bond
기준금리,"고환율, 통화량 많이 풀린 영향?…경제규모 대비 美의 2배라는데",2026-01-14 08:54:10,domestic_bond
기준금리,신용카드 이자율 상한 소식에 하락 마감…다우 0.8%↓ [뉴욕증시],2026-01-14 08:56:14,domestic_bond
기준금리,‘정책 모멘텀’이 다시 그리는 배당주 지도,2026-01-14 09:12:03,domestic_bond
기준금리,“비트코인 드디어 반등하나요”...금리 인하 기대감에 9만5000달러 돌파,2026-01-14 10:43:01,domestic_bond
기준금리,공모 회사채 나왔다 하면 兆단위 자금 모집…월말 발행 몰릴듯,2026-01-14 11:03:16,domestic_bond
기준금리,"청약통장 ‘있으나 마나’, 지난해만 22만명 떠났다…가점 인플레에 고분양가 겹쳐",2026-01-14 14:42:17,domestic_bond
기준금리,"“보증금 한푼이라도 건져야”…강제경매 사상 최대, 전세사기 피해 주택 추정",2026-01-14 15:57:07,domestic_bond
기준금리,다카이치 조기총선 승부수…日금리인상 시계 빨라지나,2026-01-14 17:32:59,domestic_bond
기준금리,①해외투자 ②통화 증가 ③한미 금리차…원화값 짓누른 3대 악재,2026-01-14 17:50:02,domestic_bond
기준금리,"수요폭증·공급부족…달러, 서울부동산 닮아간다",2026-01-14 17:50:11,domestic_bond
기준금리,수요폭증·공급부족…서울부동산 닮아가는 ‘달러’ 백약이 무효,2026-01-14 19:43:37,domestic_bond
기준금리,"초고강도 개입 약발, 한달도 못갔다…원화값 다시 1480원대 위협",2026-01-14 20:46:25,domestic_bond
기준금리,‘아크로’ 세글자 붙이려다 입주 못할판…성남 상대원2구역 사업 지연,2026-01-14 22:37:27,domestic_bond
기준금리,"오키드 아일랜드 캐피탈, 4분기 EPS 0.62달러...RMBS 포트폴리오 호실적",2026-01-15 06:53:11,domestic_bond
기준금리,이란 리스크·은행주 부진 겹쳐 이틀째 하락…나스닥 1%↓ [뉴욕증시],2026-01-15 09:14:16,domestic_bond
기준금리,“다들 애쓰셨습니다”...서울 ‘생애 첫 집’ 마련 11년만에 최고,2026-01-15 09:24:20,domestic_bond
기준금리,[속보] 올해 첫 금통위…‘환율·물가’ 걱정에 기준금리 5연속 동결,2026-01-15 09:50:14,domestic_bond
기준금리,"[속보] 한은, 고환율·집값 부담에 기준금리 5연속 동결…연 2.5%",2026-01-15 10:00:59,domestic_bond
기준금리,“금리인하 가능성 아예 지워버렸다”…한은 통화정책 의결문 살펴보니,2026-01-15 11:05:36,domestic_bond
기준금리,이창용 “3개월 뒤 금리 유지 가능성 커…개인투자자 해외 주식 꾸준해”,2026-01-15 13:29:11,domestic_bond
기준금리,"“나라살림 문제 없는거죠?”…작년 1~11월 89조 적자, 역대 3번째라는데",2026-01-15 13:53:11,domestic_bond
기준금리,신규 코픽스 4개월 연속 상승…주담대 변동금리 부담 더 커진다,2026-01-15 15:49:45,domestic_bond
기준금리,"美 재무 ""원화약세 우려""… 한미 통화스왑 전향 검토를 [사설]",2026-01-15 17:08:26,domestic_bond
기준금리,"호남 대표 건설사들, 속속 서울로 본사 이전",2026-01-15 17:31:30,domestic_bond
기준금리,"원화값 백약이 무효…한은, 의결문서 '금리인하 가능성'도 삭제",2026-01-15 17:34:59,domestic_bond
기준금리,"美베선트 구두개입도 역부족…정부, 외환 규제책 고심",2026-01-15 17:48:05,domestic_bond
기준금리,현대제철·한진 나란히 공모채 수요예측 흥행,2026-01-15 17:52:04,domestic_bond
기준금리,내란 국가 돈으론 햄버거도 못 사먹는다…공항서 국제미아된 중년 남성 [매경 뒤 시네마],2026-01-15 18:40:00,domestic_bond
기준금리,“사두면 오르던 시대 끝” 부동산 판 흔드는 ‘용도변경’,2026-01-15 21:00:00,domestic_bond
기준금리,"뱅크7, 4Q 순이익 1080만 달러..전분기 대비 0.6% 감소",2026-01-15 22:03:43,domestic_bond
기준금리,"웨스트아메리카 뱅코프, 4분기 EPS 1.12달러..안정적 자본 유지",2026-01-16 04:22:05,domestic_bond
기준금리,"인베스코 모기지 캐피탈, 주당 0.12달러 월간배당 결정",2026-01-16 06:28:38,domestic_bond
기준금리,"매경이 전하는 세상의 지식 (매-세-지, 1월 16일)",2026-01-16 07:00:00,domestic_bond
기준금리,"큐엑스오, 4분기 매출 21.9억 달러·EBITDA 1.5억 달러",2026-01-16 07:15:50,domestic_bond
기준금리,열흘째 ‘불기둥’ 코스피…오늘 상승세로 4800선 넘길까,2026-01-16 08:10:17,domestic_bond
기준금리,"[단독] 신용도 낮은 대학생·주부, ‘통신정보’로 4대 시중은행서 대출 받는다",2026-01-16 09:05:01,domestic_bond
기준금리,“억장 무너지는 영끌족”…오늘부터 주택담보대출 또 줄줄이 오른다,2026-01-16 09:41:50,domestic_bond
기준금리,1500원 넘보는 환율에…진퇴양난 빠진 한은,2026-01-16 13:37:16,domestic_bond
기준금리,트럼프 견제에도 굳건…美 주택 임대 괴물 [미장 보석주],2026-01-16 14:42:56,domestic_bond
기준금리,ETF 300조 시대…국내 ETF 수익률 ‘톱30’에 내 것은 어디에,2026-01-16 14:43:06,domestic_bond
기준금리,고환율에 ‘달러 보험’ 열풍…금감원 경고한 이유는,2026-01-16 14:44:37,domestic_bond
기준금리,"하나증권, 첫 발행어음 일주일 만에 3000억원 규모 완판",2026-01-16 15:12:25,domestic_bond
기준금리,"하나증권, 첫 발행어음 일주일 만에 3000억원 규모 완판",2026-01-16 15:24:40,domestic_bond
기준금리,"M&T뱅크, 4분기 순이익 7.6억 달러·전년비 12% 증가",2026-01-16 20:08:35,domestic_bond
기준금리,"PNC 파이낸셜 서비스, 4분기 순익 25%↑...EPS 4.88달러",2026-01-16 20:39:06,domestic_bond
기준금리,"아머 레지던셜 REIT, 200억 달러 모기지 포트폴리오 유지·유동성 52% 확보",2026-01-17 06:16:06,domestic_bond
기준금리,"메트로폴리탄 뱅크 홀딩, 분기 배당금 33% 인상...주당 0.20달러로",2026-01-17 06:18:33,domestic_bond
기준금리,"MOUNT LOGAN CAPITAL, 시니어 무보증채권 공모 착수...재무구조 강화",2026-01-17 07:26:58,domestic_bond
기준금리,미국 재무장관도 걱정한 ‘원·달러 환율’…개인은 주범인가 희생양인가,2026-01-17 20:02:14,domestic_bond
기준금리,“예금이자 떨어지는데 대출금리 말이 돼?”…연6% 중반까지 치솟은 주담대,2026-01-18 10:37:18,domestic_bond
기준금리,“들고 있어 봤자 당첨되겠나”…지난해 청약통장 30만명 더 이탈했다,2026-01-18 11:12:40,domestic_bond
기준금리,인버스에 베팅하는 개미들...“더 오를 이유가 없다”,2026-01-18 14:00:32,domestic_bond
기준금리,“올해 AI랠리 더 간다…옥석가리기는 본격화”,2026-01-18 15:39:11,domestic_bond
기준금리,"키움증권, 모멘텀 알고리즘 활용,채권·주식 비중 조절",2026-01-18 16:04:44,domestic_bond
기준금리,"메리츠증권, 일본 장기 국채에 인버스·레버리지로 투자",2026-01-18 16:04:45,domestic_bond
기준금리,"""2026년 기본적으로 강세장…주가 상승 최대 암초는 지정학""",2026-01-18 16:08:11,domestic_bond
기준금리,"""올해 AI랠리 더 간다 옥석가리기는 본격화""",2026-01-18 16:49:47,domestic_bond
기준금리,금리인하 급제동 … 주담대 6% 중반 치솟아,2026-01-18 17:15:54,domestic_bond
기준금리,[이번주 증시 예보] 삼성바이오·인텔·넷플릭스 … 실적발표 주목,2026-01-18 17:17:23,domestic_bond
기준금리,“5년 고정 끝나니 이자 2배로 껑충”…6% 중반까지 치솟은 주담대 금리,2026-01-18 19:17:47,domestic_bond
기준금리,“예금 깨서 주식 투자합니다”…하루에만 15조원 빠져나가기도,2026-01-18 21:08:06,domestic_bond
기준금리,"“서울 아파트, 아직 갭투자 됩니다”...‘나만의 상한가’로 경매 도전하세요",2026-01-19 06:51:24,domestic_bond
기준금리,“6% 이자 내더라도 간다”...서울 15억 이하 아파트 신고가 2배 이상 늘었다,2026-01-19 10:34:44,domestic_bond
기준금리,“0.2%P라도 아끼자”... 치솟는 주담대 금리에 주택 전자계약 지난해 2배↑,2026-01-19 11:10:27,domestic_bond
기준금리,"“2026년 폭발적 성장”...피델리티 “비트코인, ‘컨테이너 혁명’ 순간 왔다”",2026-01-19 13:53:26,domestic_bond
기준금리,만기 길고 중도 환매 어렵지만…年 최대 8% 수익에 원금보장까지,2026-01-19 16:30:54,domestic_bond
기준금리,"[매경이코노미스트] 노란봉투법, 고환율 스파크될 수 있다",2026-01-19 17:22:20,domestic_bond
기준금리,금리 할인혜택에 … 부동산 전자계약 두 배로 급증,2026-01-19 17:32:41,domestic_bond
기준금리,“작년에 140% 뛰고 올해 30% 올랐네요”…100달러 멀지 않은 은값,2026-01-19 20:39:19,domestic_bond
기준금리,“금리 0.2% 깎아주는데 무조건 하죠”…부동산 전자계약 2배로 껑충,2026-01-19 22:07:34,domestic_bond
기준금리,"올해 비트코인, 트럼프 등에 업고 ‘상저하고’로 간다 [매일 돈이 보이는 습관 M+]",2026-01-20 06:00:00,domestic_bond
기준금리,"“NH투자증권, 4분기 호실적에 고배당 기대”…목표가↑",2026-01-20 08:13:49,domestic_bond
기준금리,“치솟는 환율 때문에 정말 힘든데”…한미 시장금리 축소에도 환율 불안 왜?,2026-01-20 09:27:03,domestic_bond
기준금리,묻어두면 ‘무적권’ 돈복사 두바이 부동산…이제는 끝물인가 [파일럿 Johan의 아라비안나이트],2026-01-20 10:00:00,domestic_bond
기준금리,그린란드 관세 위협에 EU 반격…미·유럽 금융전쟁 가능성,2026-01-20 13:03:54,domestic_bond
기준금리,엇비슷해진 한미 시장금리…그래도 고환율 왜?,2026-01-20 14:12:19,domestic_bond
기준금리,수입차 30만대 시대 … 하이브리드 살까 전기차 살까,2026-01-20 16:04:03,domestic_bond
기준금리,‘금 한돈 100만원 시대’ 초읽기…트럼프 관세 압박에 98만원,2026-01-20 16:12:41,domestic_bond
기준금리,113년 지킨 연준 독립성 깨질까···대법원 해임 심리 주목,2026-01-20 16:50:30,domestic_bond
기준금리,서울 아파트 준월세 비중 55%로 확대,2026-01-20 17:02:04,domestic_bond
기준금리,'감세'외치는 日 여야 … 국채값 하락 부채질,2026-01-20 17:59:14,domestic_bond
기준금리,"머컨틸 뱅크, 4분기 순이익 2,284만 달러..전년비 15% 증가",2026-01-20 22:05:05,domestic_bond
기준금리,“전기차 충전하다 이웃과 원수됐다”…테슬라 포기하고 하브 간다는데,2026-01-20 22:05:30,domestic_bond
기준금리,"어맬거메이티드 뱅크, 1분기 배당 21% 인상...주당 0.17달러",2026-01-21 06:31:53,domestic_bond
기준금리,"FVC뱅코프, 4분기 순이익 5.65억 달러...전년比 15% 증가",2026-01-21 06:55:04,domestic_bond
기준금리,LG유플러스 회사채 수요예측서 목표액 9배 이상 확보…조달금리 낮춰,2026-01-21 09:51:25,domestic_bond
기준금리,“이러다 다 죽어”…전세대출 규제 강화에 서울 아파트 준월세 확산 ‘경고등’,2026-01-21 09:58:38,domestic_bond
기준금리,트럼프발 지정학 리스크에 비트코인 9만불 붕괴… ‘공포의 화요일’,2026-01-21 10:17:35,domestic_bond
기준금리,“돈 안되는 사업은 쳐다도 안봐”…불황 속 ‘선별 수주’에 사활 건 건설사들,2026-01-21 10:25:15,domestic_bond
기준금리,"우리은행, 6억 달러 규모 외화 조달 성공",2026-01-21 14:33:25,domestic_bond
기준금리,"미래에셋증권, 고객맞춤형랩 잔고 6조원 돌파",2026-01-21 15:59:43,domestic_bond
기준금리,"""조합원 70%가 이주비 대출 0원"" 날벼락",2026-01-21 17:02:19,domestic_bond
기준금리,"""수십조 추경은 없을것 … 퇴직연금으로 외환방어 헛소문""",2026-01-21 17:32:43,domestic_bond
기준금리,"토론토 도미니언 뱅크, 12.5억달러 규모 중기채 전액 상환 결정",2026-01-21 20:05:43,domestic_bond
기준금리,조합원 열에 일곱은 이주비 ‘0원’…서울 재개발 이주난민 쏟아진다,2026-01-21 20:06:07,domestic_bond
기준금리,이 대통령 “수십조 추경 없을것…퇴직연금으로 외환방어는 헛소문”,2026-01-21 21:38:27,domestic_bond
기준금리,"유니언 뱅크셰어스, 2025년 연간 순이익 1110만 달러…전년比 26.5% 증가",2026-01-22 05:39:02,domestic_bond
기준금리,"트러스트코 뱅크 NY, 4분기 순이익 38% 급증...대출·순이자마진 성장 주도",2026-01-22 06:03:23,domestic_bond
기준금리,"올드 세컨드 뱅코프, 4분기 순익 2880만 달러..전년比 51% 급증",2026-01-22 06:07:13,domestic_bond
기준금리,"레이크 쇼어 뱅코프, 4분기 순익 31.7% 증가·주당 장부가치 56.4% 상승",2026-01-22 06:33:46,domestic_bond
기준금리,"홈 페더럴 뱅코프, 1분기 주당 0.135달러 배당 결정",2026-01-22 06:35:56,domestic_bond
기준금리,"FS 뱅코프, 4분기 순이익 840만달러..전년비 13.5% 증가",2026-01-22 06:43:07,domestic_bond
기준금리,"뱅크 오브 캘리포니아, 4Q EPS 0.42달러·매출 2.93억달러 기록",2026-01-22 06:44:07,domestic_bond
기준금리,"Strive, 1억5천만 달러 규모 우선주 후속 공모 발표",2026-01-22 07:15:58,domestic_bond
기준금리,"“전기차 진입장벽 낮춘다”…기아, 전기차 구매·서비스·중고차 혜택 확대",2026-01-22 09:18:48,domestic_bond
기준금리,"“직원 평균연봉 1.6억 몸값 했네”…4대금융, 사상 최대 성적표 나온다",2026-01-22 09:52:52,domestic_bond
기준금리,사상 첫 ‘한 돈 100만원’ 돌파한 금값 얼마까지 올라갈까,2026-01-22 11:18:02,domestic_bond
기준금리,‘애매한’ 저신용자만 운다…700점 6.09%인데 750점은 0.5%P 더 부담,2026-01-22 14:00:55,domestic_bond
기준금리,“안전자산은 역시 금”…금값 고공행진에 금 ETF 불붙었다,2026-01-22 14:47:03,domestic_bond
기준금리,"“월 50만·3년 넣으면 최대 2200만원”…정부, ‘이 통장’ 갈아타기도 지원",2026-01-22 15:36:32,domestic_bond
기준금리,"[IB명가에게 듣는다] ""토큰 증권 플랫폼 구축 … 금융 패러다임 바꿀 것""",2026-01-22 17:22:18,domestic_bond
기준금리,"“18년의 기다림, 7개월의 질주…5천피 시대 열렸다”",2026-01-22 17:23:48,domestic_bond
기준금리,또 겁만 준 트럼프 '타코 쇼'…美증시 하루만에 급반등,2026-01-22 17:51:13,domestic_bond
기준금리,국내 채권시장 위축되자 기업들 외화채 발행 러시,2026-01-22 17:51:55,domestic_bond
기준금리,월19만원대 전기차 … 기아도 가격경쟁 참전,2026-01-22 18:03:15,domestic_bond
기준금리,“저점매수하란 트럼프 깊은 뜻 몰랐네”…하루만에 美증시 급반등,2026-01-22 19:12:53,domestic_bond
기준금리,"트리코 뱅크쉐어스, 4분기 순이익 3360만 달러..전년비 15.8% 증가",2026-01-22 20:04:19,domestic_bond
기준금리,"아틀란틱 유니언 뱅크셰어스, 4분기 EPS 0.97달러..샌디스프링 인수 효과 가시화",2026-01-22 21:03:35,domestic_bond
기준금리,"키어니 파이낸셜, 2Q26 순익 940만달러..순이자마진 개선",2026-01-22 22:36:06,domestic_bond
기준금리,"시티즌 파이낸셜, 4분기 EPS 1.13달러..전분기比 8% 증가",2026-01-22 23:14:18,domestic_bond
기준금리,"홈트러스트 뱅크셰어스, 4분기 순이익 1610만 달러..전년비 2.2% 감소",2026-01-22 23:50:09,domestic_bond
기준금리,"그레이트 서던 뱅코프, 4분기 EPS 1.45달러...전년비 14% 증가",2026-01-23 00:48:20,domestic_bond
기준금리,"웨스트아메리카 뱅코프, 주당 0.46달러 분기배당 결정...예상 배당률 3.6%",2026-01-23 04:18:05,domestic_bond
기준금리,"뱅크 퍼스트 내셔널, 4분기 순익 5% 증가·배당 11.1% 인상",2026-01-23 06:04:36,domestic_bond
기준금리,"헌팅턴 뱅크셰어스, 분기 배당금 주당 0.155달러 유지...4월 1일 지급",2026-01-23 06:15:17,domestic_bond
기준금리,"파케 뱅코프, 4분기 순이익 1,107만 달러..전분기 대비 4.3% 증가",2026-01-23 06:21:18,domestic_bond
기준금리,"시티즌스&노선, 분기 현금배당 주당 0.28달러 선언",2026-01-23 06:21:58,domestic_bond
기준금리,"사우스 플레인스 파이낸셜, 분기 배당금 6% 인상..주당 0.17달러",2026-01-23 06:48:46,domestic_bond
기준금리,"다임 커뮤니티 뱅크셰어스, 우선주에 분기 현금배당 선언..2월 지급",2026-01-23 07:02:57,domestic_bond
기준금리,삼전닉스현대가 멱살잡고 가는 증시…액티브ETF에 뭉칫돈 몰렸다,2026-01-23 07:05:51,domestic_bond
기준금리,"인베스타 홀딩, 4분기 EPS 0.51달러로 16.4% 감소...순이자마진 개선",2026-01-23 07:26:08,domestic_bond
기준금리,“집값 상승 기대감은 여전”…증시·수출 호조에 ‘소비심리’ 소폭 올라,2026-01-23 08:35:11,domestic_bond
기준금리,"현대차, 전기차 저금리 할부 혜택 강화…아이오닉5·6 금리 2.8% 적용",2026-01-23 08:58:45,domestic_bond
기준금리,"“불장인데, 살림살이 좀 나아졌습니까?”…꽁꽁 얼었던 소비심리 살아난다",2026-01-23 09:13:58,domestic_bond
기준금리,“0.1%도 놓칠 수 없죠”…편의성·금리 혜택에 부동산 전자계약 1년 새 두 배↑,2026-01-23 09:35:41,domestic_bond
기준금리,“주식계좌 보니 장 좀 봐도 되겠네요”…1월 소비심리 소폭 상승,2026-01-23 10:45:14,domestic_bond
기준금리,"금융위의 1거래소-1은행 완화 검토, 그 속내는? [엠블록레터]",2026-01-23 13:44:22,domestic_bond
기준금리,美·日·中 증시 뛸 때…코스피 94% 날았다,2026-01-23 13:48:30,domestic_bond
기준금리,"미국투자이민, ‘정부 참여’가 갈랐다…보스턴 벙커힐 공공 인프라 프로젝트가 보여주는 EB-5의 변화",2026-01-23 15:05:57,domestic_bond
기준금리,안방 다 내줄라…‘중국산’ 테슬라 공세에 현대차 맞불,2026-01-23 15:56:03,domestic_bond
기준금리,"일본은행, 기준금리 동결…올해 성장률은 0.7%에서 1.0%로 상향",2026-01-23 16:23:57,domestic_bond
기준금리,"SB 파이낸셜 그룹, 분기 배당 7% 인상...주주가치 제고 지속",2026-01-24 01:55:55,domestic_bond
기준금리,"프로피던트 파이낸셜 홀딩스, 주당 0.14달러 분기배당 결정..3월 5일 지급",2026-01-24 02:56:56,domestic_bond
기준금리,"아메스 내셔널, 4분기 순이익 650만달러..전년비 85% 급증",2026-01-24 06:10:08,domestic_bond
기준금리,"XTL 바이오파마슈티컬스, 나스닥 상장유지 위기...주주자본 요건 미충족",2026-01-24 06:17:00,domestic_bond
기준금리,"퍼스트 파이낸셜 뱅크셰어, 4분기 순이익 18% 증가..2025년 연간 순익 13.5% 성장",2026-01-24 07:07:12,domestic_bond
기준금리,"“월 270만원 벌어 언제 독립해”…2030 첫 번째 벽, ‘목돈 모으기’ [캥거루족 탈출기②]",2026-01-24 07:08:22,domestic_bond
기준금리,"퍼스트 인더스트리얼, 8억 달러 무담보 대출 리파이낸싱 완료",2026-01-24 07:15:54,domestic_bond
기준금리,“그때 살걸” 불붙은 실버랠리...은값 사상 첫 100弗 넘었다,2026-01-24 09:47:28,domestic_bond
기준금리,"국민의힘 “이 대통령, 5000피에 자기도취…실물경제 역성장 외면”",2026-01-24 15:07:32,domestic_bond
기준금리,"영끌족 악소리 난다…주담대 금리 상단 7% 근접, 예대금리차는 확대",2026-01-25 07:21:28,domestic_bond
기준금리,"“더 이상 쓸모없어요”...청약통장 가입자 급감, 왜? [김경민의 부동산NOW]",2026-01-25 09:00:00,domestic_bond
기준금리,금리 하락에 리츠 성장률 두자릿수로 ‘껑충’,2026-01-25 11:48:44,domestic_bond
기준금리,“증시 분기점 온다”…빅테크 실적부터 FOMC까지 ‘빅이벤트’ 대기,2026-01-25 13:07:51,domestic_bond
기준금리,美 강타한 ‘생활비 위기’ … 韓도 코로나 이후 체감물가 부담 커져,2026-01-25 15:15:15,domestic_bond
기준금리,외화예금 이자 0%대로 뚝…'환율방어' 동참나선 은행권,2026-01-25 17:19:43,domestic_bond
기준금리,"""이건 꼭 알아야죠""… AI가 나를 위해 선별한 3분 뉴스",2026-01-25 17:25:01,domestic_bond
기준금리,[경제프리즘] 정치금융의 시대 시장과 샅바싸움,2026-01-25 17:43:36,domestic_bond
기준금리,시장 금리 반등에 렌탈주 직격탄,2026-01-25 17:45:52,domestic_bond
기준금리,"안전자산 대우받는 銀, 온스당 100달러 넘었다",2026-01-25 17:46:51,domestic_bond
기준금리,'환헤지 방식' 노출 막자 원화값 안정세…커지는 연금 역할론,2026-01-25 17:50:52,domestic_bond
기준금리,"다카이치, 美와 엔저방어 ""모든 조치할 것""",2026-01-25 18:02:58,domestic_bond
기준금리,"“돌반지 다 팔고, 이제 커플링 팔 차례”…은값 ‘온스당 100달러’ 뚫었다",2026-01-26 05:57:10,domestic_bond
기준금리,“무작정 골드바 사두면 되나요?”…세금 따져보면 KRX금시장 유리,2026-01-26 05:57:42,domestic_bond
기준금리,‘환헤지 전략’ 유턴에 원화값 안정세…커지는 국민연금 역할론,2026-01-26 06:45:09,domestic_bond
기준금리,"신한은행, 최대 17조원 포용 시동…中企·자영업자 대출 원금까지 감면",2026-01-26 16:03:51,domestic_bond
기준금리,"KB국민은행, 채무조정까지 모바일로 간편하게 신청…'국민행복' 최우선",2026-01-26 16:04:23,domestic_bond
기준금리,"""밸류업 정책 훈풍 타보자""…하루새 7% 폭등 천스닥 탈환",2026-01-26 17:53:13,domestic_bond
기준금리,“정책 믿고 가보자”…오천피 찍고 숨고르자 천스닥 불기둥,2026-01-26 18:39:42,domestic_bond
기준금리,"TC 에너지, 시리즈6 우선주 전량 시리즈5로 자동전환..1400만주 고정배당 확보",2026-01-26 20:05:55,domestic_bond
기준금리,개장 70년 만에 새 역사…‘꿈의 오천피’ 전인미답 고지 밟았지만,2026-01-26 21:00:00,domestic_bond
기준금리,"메인스트리트 뱅크셰어스, 2025 회계연도 순이익 1561만달러...적자서 흑자전환",2026-01-26 22:03:55,domestic_bond
기준금리,"피프스 써드 뱅코프, 4분기 EPS 1.04달러..전년비 22% 증가",2026-01-26 22:43:07,domestic_bond
기준금리,"피플스 뱅코프 오브 노스 캐롤라이나, 4분기 순이익 84% 급증..특별이익 반영",2026-01-26 23:48:59,domestic_bond
기준금리,"오크 밸리 뱅코프, 4Q 순이익 633만달러..대손충당금 증가 영향",2026-01-27 03:31:02,domestic_bond
기준금리,"지금은 베팅 아니라 관망할 때…부동산 시장, 3대 경제지표 보면 훤히 보인다 [매일 돈이 보이는 습관 M+]",2026-01-27 06:00:00,domestic_bond
기준금리,"NBT 뱅코프, 4분기 EPS 1.06달러..전년比 37.7% 증가",2026-01-27 06:33:09,domestic_bond
기준금리,"퍼스트 커뮤니티 뱅크셰어스, 홈타운 뱅크셰어스 인수 완료..자산 37억달러 규모로 확대",2026-01-27 06:46:00,domestic_bond
기준금리,"LG유플러스, 증권사 목표가 상향에 강세…4.81%",2026-01-27 10:52:19,domestic_bond
기준금리,"SK증권, 위기 속 ‘내실 경영’…선제적 리스크 관리로 실적 방어",2026-01-27 13:39:10,domestic_bond
기준금리,[단독] “통화·금융 상황 급변 시 국회에 ‘지체 없이’ 보고”…한은법 개정안 나온다,2026-01-27 14:10:03,domestic_bond
기준금리,지난해 서울시 청년안심주택 입주자 만족도 93.7%,2026-01-27 14:28:02,domestic_bond
기준금리,김성은 주건협 신임 회장 “현 정책 기조 서민 주거 안정 우려…공급 실행력 확보해야”,2026-01-27 14:37:26,domestic_bond
기준금리,주식시장으로 이동한 자금…정기예금 한 달 새 4조원 넘게 빠져,2026-01-27 14:40:55,domestic_bond
기준금리,"똑같은 데이터를 보는데, 왜 저 사람만 부자가 될까...‘부자는 자본주의를 어떻게 읽는가’",2026-01-27 15:31:17,domestic_bond
기준금리,가계대출 금리 3달 연속 상승…주담대 0.06%p·신용대출 0.41%p 올라,2026-01-27 15:42:52,domestic_bond
기준금리,"국민연금, 기금위 회의록 '봉인' … 4년간 비공개",2026-01-27 17:51:15,domestic_bond
기준금리,“한국 성장률 2% 전망”…‘오천피·천스닥’ 이후 자본시장은,2026-01-27 19:16:47,domestic_bond
기준금리,"국민연금, 기금위 회의록 '봉인' … 4년간 비공개",2026-01-27 19:54:37,domestic_bond
기준금리,"파이브 스타 뱅코프, 4분기 순익 32%↑..대출·예금 잔액 증가 견인",2026-01-27 20:04:03,domestic_bond
기준금리,"이글 뱅코프 몬테나, 4분기 순이익 37.8% 증가..EPS 0.60달러",2026-01-28 00:02:10,domestic_bond
기준금리,"핀워드 뱅코프, 4Q 순이익 200만 달러..증권 매각 손실로 전분기比 43% 감소",2026-01-28 06:05:04,domestic_bond
기준금리,"QCR 홀딩스, 4분기 주당순익 2.21달러..전년비 14.5% 증가",2026-01-28 06:07:44,domestic_bond
기준금리,"QCR 홀딩스, 2025년 매출 21%↑·EPS 10.6%↑..실적 호조",2026-01-28 06:08:59,domestic_bond
기준금리,"아머 스포츠, 8000만 달러 선순위 채권 조기상환...재무구조 개선",2026-01-28 06:13:51,domestic_bond
기준금리,"내셔널 뱅크 홀딩스, 4분기 희석EPS 0.42달러..금리인하 영향 순이자마진 축소",2026-01-28 06:16:02,domestic_bond
기준금리,"스톡 야드 뱅코프, 4분기 순이익 3660만달러..전년비 15.5% 증가",2026-01-28 07:01:06,domestic_bond
기준금리,미국 정부發 메디케어 쇼크에 보험주 급락...S&P500은 신고가 [월가월부],2026-01-28 07:44:58,domestic_bond
기준금리,빅테크 실적 기대에 S&P500 사상 최고…다우지수는 하락 [뉴욕증시],2026-01-28 09:00:16,domestic_bond
기준금리,중국 전기차에 밀리잖아…고전하는 테슬라가 내놓은 파격 혜택,2026-01-28 11:27:34,domestic_bond
기준금리,"“두근두근, 오늘은 돈 얼마나 불었을까?”…금은동 ETF 순자산 올해 2.2조↑",2026-01-28 15:40:30,domestic_bond
기준금리,중간선거 코너 몰린 트럼프 … 美제조업 살리려 '약달러' 강행,2026-01-28 18:02:18,domestic_bond
기준금리,'천스닥' 찍자 … 은행서 이틀새 16조 '썰물',2026-01-28 18:02:29,domestic_bond
기준금리,"시비스타 뱅크쉐어스, 1분기 배당금 5.9% 인상...연수익률 3.24%",2026-01-28 21:02:33,domestic_bond
기준금리,"은행서 돈이 줄줄 샌다…이틀새 16조 썰물, 뭉칫돈 향하는 곳은",2026-01-28 21:59:52,domestic_bond
기준금리,"파머스 내셔널 뱅코프, 4Q 순이익 1,460만 달러...전년비 소폭 증가",2026-01-28 22:02:46,domestic_bond
기준금리,"존 마샬 뱅코프, 4분기 순이익 592만달러..6분기 연속 성장",2026-01-28 23:12:25,domestic_bond
기준금리,대통령이 환율포기 선언…선거 앞두고 제조업 살리기 올인한 트럼프,2026-01-29 03:13:01,domestic_bond
기준금리,[속보] 美기준금리 ‘3.5~3.75%’ 동결…3연속 인하후 속도조절,2026-01-29 04:03:44,domestic_bond
기준금리,"[속보] 연준, 올해 첫 회의서 금리동결...인하 사이클 중단",2026-01-29 04:04:47,domestic_bond
기준금리,[속보] 차기 연준 의장 후보 월러 반대표...트럼프 코드 맞추기,2026-01-29 04:12:30,domestic_bond
기준금리,"SR 뱅코프, 4Q 순이익 83만4000달러..전년비 18.3% 감소",2026-01-29 06:02:09,domestic_bond
기준금리,美연준 기준금리 동결…“경제 좋아” 추가 인하 선그은 파월,2026-01-29 06:09:36,domestic_bond
기준금리,"애널리 캐피탈, 4분기 주당순이익 0.74달러..전년비 2.8%↑",2026-01-29 06:28:14,domestic_bond
기준금리,"“내 후임은 선출직 공무원과 엮이지 마라”…파월, 트럼프 겨냥 ‘직격발언’",2026-01-29 06:35:30,domestic_bond
기준금리,"S&T 뱅코프, 주당 0.36달러 배당 선언..전년比 5.9% 증가",2026-01-29 06:37:51,domestic_bond
기준금리,"홈 페더럴 뱅코프, 4Q 순익 167만달러..전년비 64% 증가",2026-01-29 06:38:01,domestic_bond
기준금리,"프로비덴트 파이낸셜 서비스, 분기 현금배당 0.24달러 결정..연 배당률 4.6% 전망",2026-01-29 07:12:55,domestic_bond
기준금리,"라이먼 호스피탈리티, 신용대출 8.5억 달러로 확대...만기 2030년으로 연장",2026-01-29 07:20:56,domestic_bond
기준금리,"오일 스테이트 인터내셔널, 1.25억 달러 신용계약 체결..재무유연성 강화",2026-01-29 07:25:46,domestic_bond
기준금리,“한국 25% 관세 직면” 美 재무 압박…평안했던 FOMC에도 긴장 풀긴 일러,2026-01-29 08:29:06,domestic_bond
기준금리,S&P500 장중 사상 첫 7000 돌파…반도체 랠리 속 혼조 마감 [뉴욕증시],2026-01-29 08:49:11,domestic_bond
기준금리,"코스피, 5200선 넘어 또 사상 최고치 경신…코스닥 2%대 급등",2026-01-29 09:26:54,domestic_bond
기준금리,한국은행 “미국 통화정책 불확실성 지속…시장 면밀히 점검해 갈 것”,2026-01-29 09:43:32,domestic_bond
기준금리,트럼프가 말한 ‘약달러’ 그뜻이 아니라는 재무장관…달러화 2개월새 최대 상승,2026-01-29 11:28:55,domestic_bond
기준금리,BDC(기업성장집합투자기구) 출범한다는데… 2억원 한도 배당소득 9% 분리과세,2026-01-29 13:52:03,domestic_bond
기준금리,“요즘 현기증 나? 아니면 더 갈까?”…코스피 6000도 가능하다는 모건스탠리,2026-01-29 15:04:23,domestic_bond
기준금리,“가격 상한선 가늠하기 어렵다”…금·은 이어 가파르게 오르는 이 녀석,2026-01-29 15:40:57,domestic_bond
기준금리,“디지털 금이라더니 왜 이래?”…금 폭등하는데 암호화폐 일제히 하락,2026-01-29 16:55:58,domestic_bond
기준금리,"파월 ""美경제 견고한 성장""… 추가 금리인하 일축",2026-01-29 17:55:34,domestic_bond
기준금리,"""코인결제망 선점""…네·카·토 오프라인 전쟁",2026-01-29 18:01:51,domestic_bond
기준금리,"사우스사이드 뱅크셰어스, 4분기 순익 2100만달러...AFS 증권 매각 손실 영향",2026-01-29 20:03:01,domestic_bond
기준금리,"속속 거래되는 외식 프랜차이즈 M&A…수천억 달하는 외식업 몸값, 다음 타자는",2026-01-29 21:00:00,domestic_bond
기준금리,"밸리 내셔널 뱅코프, 4분기 EPS 0.33달러..전년비 65% 급증",2026-01-29 21:05:24,domestic_bond
기준금리,"웨스트 뱅코프, 4분기 EPS 0.43달러...순이자마진 확대에 연간 이익 35% 증가",2026-01-29 21:11:44,domestic_bond
기준금리,"코스탈 파이낸셜, 4분기 EPS 0.82달러..전분기 대비 7% 감소",2026-01-29 21:18:16,domestic_bond
기준금리,"코넥트원 뱅코프, 4Q 순이익 3800만 달러..전년비 101% 증가",2026-01-29 21:33:07,domestic_bond
기준금리,"“미국 경제 좋다”…금리 동결한 연준, 추가인하 가능성에도 선그어",2026-01-29 22:10:31,domestic_bond
기준금리,"카터 뱅크, 4분기 순이익 8.05억 달러..EPS 58.3% 급증",2026-01-29 22:18:44,domestic_bond
기준금리,"에이씨엔비, 1분기 주당배당금 18.7% 인상..연간 1.52달러 전망",2026-01-29 22:49:46,domestic_bond
기준금리,"""관세 대상국 美 덕에 사는 현금인출기""",2026-01-29 23:10:13,domestic_bond
기준금리,"로저스 커뮤니케이션, 주당 50센트 분기배당 선언..배당률 5.5%",2026-01-30 03:08:49,domestic_bond
기준금리,"SL 그린 리얼티, 4분기 EPS 적자전환...맨해튼 임대료 상승 불구 실적 부진",2026-01-30 03:46:00,domestic_bond
기준금리,"마자르 뱅코프, 1분기 순익 50.4% 증가..순이자마진 37bp 개선",2026-01-30 06:03:03,domestic_bond
기준금리,"시티즌스 파이낸셜 서비시스, 4분기 EPS 2.18달러..연간 7.62달러 기록",2026-01-30 06:16:46,domestic_bond
기준금리,"PCB 뱅코프, 4분기 순익 910만 달러..전년比 36% 증가",2026-01-30 06:17:06,domestic_bond
기준금리,"비저 홈즈 USA, 1분기 매출 21.9% 급감..3260만 달러 순손실",2026-01-30 06:18:40,domestic_bond
기준금리,"인베스코 모기지 캐피탈, 4분기 주당순익 0.68달러..배당 월별 지급으로 전환",2026-01-30 06:23:37,domestic_bond
기준금리,"페니맥 모기지, 4분기 순이익 4190만 달러..전년비 16% 감소",2026-01-30 06:33:00,domestic_bond
기준금리,"오키드 아일랜드 캐피탈, 4분기 순이익 1억340만 달러..전년비 1746% 급증",2026-01-30 06:43:11,domestic_bond
기준금리,"피팩-글래드스톤 파이낸셜, 4Q 순이익 1220만달러..전년비 32% 증가",2026-01-30 06:48:11,domestic_bond
기준금리,트럼프 “다음주 새 연준 의장 발표…미국 금리 가장 낮아야”,2026-01-30 08:35:00,domestic_bond
기준금리,"“연준 의장, 내일 발표하겠다”...트럼프, 금리 내릴 ‘예스맨’ 예고",2026-01-30 09:38:56,domestic_bond
기준금리,트럼프 “타국은 저렴한 ATM…내 펜 한번에 거액 들어온다”,2026-01-30 11:18:23,domestic_bond
기준금리,‘차이나머니’ 쓸어담았나…구리·알루미늄까지 폭등,2026-01-30 13:37:13,domestic_bond
기준금리,"“금·은 너무 올랐지만, ‘이것’이 남아 있다”…대체 투자처로 떠오른 구리",2026-01-30 15:10:53,domestic_bond
기준금리,"쿠팡 사외이사가 美 연준 의장?…트럼프, 발표 임박",2026-01-30 15:23:22,domestic_bond
기준금리,"5천피에 가려진 그늘도...아슬아슬 환율, 칼날 위 외환 시장",2026-01-30 15:41:48,domestic_bond
기준금리,유행에 휘둘리지 않고 트렌드를 전략으로 만드는 법 [똑똑한 장사],2026-01-30 16:09:22,domestic_bond
기준금리,차기 연준의장은 무조건 ‘예스맨’…유력 후보 워시는 누구?,2026-01-30 18:41:53,domestic_bond
기준금리,"노스이스트 커뮤니티 뱅코프, 4분기 순이익 1,081만 달러..견조한 자산 품질 유지",2026-01-30 20:05:55,domestic_bond
기준금리,"청약통장 가입자 급감, 왜?...치솟는 분양가에 지난해 30만명 줄었다 [김경민의 부동산NOW]",2026-01-30 21:00:00,domestic_bond
기준금리,"초이스원 파이낸셜, 4분기 순이익 94% 급증...펜투라 합병 시너지 본격화",2026-01-30 21:42:12,domestic_bond
기준금리,"리퍼블릭 뱅코프, 2025년 4Q 순익 20% 증가..역대 최대 실적 달성",2026-01-30 22:02:21,domestic_bond
기준금리,"시에라 뱅코프, 주당 0.26달러 배당 선언..4% 인상",2026-01-30 22:03:11,domestic_bond
기준금리,"오펜하이머 홀딩스, 4분기 순이익 593% 급증..매출 26% 증가",2026-01-30 22:15:32,domestic_bond
기준금리,"레드 리버 뱅크셰어스, 4분기 순이익 1,140만 달러..전분기비 5.7%↑",2026-01-30 22:47:09,domestic_bond
기준금리,매파서 비둘기로 변신 … 트럼프와 금리인하 보조 맞출듯,2026-01-30 23:08:53,domestic_bond
기준금리,"카터 뱅크 & 트러스트, 4분기 순이익 31% 급증..충당금 환입 효과",2026-01-31 06:32:12,domestic_bond
기준금리,빵 뜨면 오래 못 간다…‘핫플의 저주’,2026-01-31 09:00:00,domestic_bond
기준금리,“하루만 맡겨도 이자 붙는다”…노는 돈 줄이는 ‘이것’의 힘 [캥거루족 탈출기③],2026-01-31 13:05:23,domestic_bond
기준금리,"“유로화 강세는 반갑지만, 수출 타격 어쩌나”…‘달러 딜레마’ 닮아가는 유로화",2026-02-01 06:42:26,domestic_bond
기준금리,8만 달러 깨진 비트코인…“디지털 금? 더이상 안전자산 아니다”,2026-02-01 09:58:59,domestic_bond
기준금리,“보너스 받아서 뭐 했냐고? 주식 샀지”…증시 더 뜨겁게 만든 ‘머니 무브’,2026-02-01 10:53:03,domestic_bond
기준금리,연준 의장 영향력 이 정도?…비트코인 ‘와르르’,2026-02-01 15:18:03,domestic_bond
기준금리,증권사 발행 회사채 인기 떴다 하면 1조 넘게 몰려,2026-02-01 17:16:05,domestic_bond
기준금리,'사실상 매파' 연준의장 공포 … 달러·장기채 금리 상승,2026-02-01 17:47:38,domestic_bond
기준금리,“매야 비둘기야?”…새 연준의장 지명에 금·은 급락하고 달러 ‘요동’,2026-02-01 20:45:42,domestic_bond
기준금리,"“들고 있으면 짭짤합니다”…호실적 날개 단 증권사 회사채, 경쟁률이 무려",2026-02-02 06:03:38,domestic_bond
기준금리,“자고 일어나니 내 돈 56% 녹았습니다”…안전자산이라더니 ‘배신’,2026-02-02 09:14:43,domestic_bond
기준금리,"‘워시 공포’ 미국발 불확실성에...환율, 1450원 재돌파",2026-02-02 09:53:35,domestic_bond
기준금리,"“최대 480만원 혜택”…르노코리아, 2월 ‘봉주르 2026’ 프로모션",2026-02-02 10:11:12,domestic_bond
기준금리,"“1억 근처 오면 사려 했는데, 막상 겁나서”…‘워시 쇼크’ 비트코인 1억1200만원선 뚝",2026-02-02 11:42:26,domestic_bond
기준금리,"“더 오를 줄 알았는데”...금값, 12년 만에 최대 폭락 왜?",2026-02-02 16:48:31,domestic_bond
기준금리,[노영우의 스톡피시] 시장 뒤흔드는 케빈 워시의 경제관,2026-02-02 17:03:02,domestic_bond
기준금리,달러패권 균열 노린 中 … 해외기업에 위안화 대출 확 풀어준다,2026-02-02 17:25:07,domestic_bond
기준금리,고액전세대출도 DSR 검토…집값 올리는 전세 옥죈다,2026-02-02 17:30:00,domestic_bond
기준금리,"[IB명가에게 듣는다] ""소액주주 위한 공개매수 큰 장 설 것""",2026-02-02 17:35:15,domestic_bond
기준금리,李 한마디에 LS 백기…재계 중복상장 급브레이크,2026-02-02 21:00:00,domestic_bond
기준금리,"클라로스 모기지 트러스트, 5억달러 담보대출 확보로 부채구조 개선",2026-02-02 22:30:21,domestic_bond
기준금리,"인터내셔널 뱅크쉐어, 분기 배당 4.3% 인상..주당 0.73달러 결정",2026-02-03 01:41:13,domestic_bond
기준금리,"쇼워 뱅크셰어스, 4분기 EPS 0.48달러..전분기比 15.2% 증가",2026-02-03 06:04:52,domestic_bond
기준금리,"약달러 기회노린 중국, 위안화 해외빗장 풀었다…“경영·투자도 OK”",2026-02-03 06:06:12,domestic_bond
기준금리,무주택 고액전세대출도 DSR 적용하나…사각지대 없애겠단 정부,2026-02-03 06:06:35,domestic_bond
기준금리,"퍼스트 파이낸셜 뱅코프, 4Q 조정 EPS 0.80달러..전년비 7% 증가",2026-02-03 06:18:07,domestic_bond
기준금리,"야누스 인터내셔널 그룹, 선순위 대출 금리 50bp 인하...연간 자금조달 비용 감소",2026-02-03 06:26:07,domestic_bond
기준금리,"“가격·유지비 최우선, SUV 선호 여전”…차봇 ‘2026 신차 구매 트렌드’",2026-02-03 10:17:20,domestic_bond
기준금리,“연준의장을 막후에서 조종?”...‘전설적 투자자’ 드러켄밀러에 쏠리는 눈,2026-02-03 10:28:05,domestic_bond
기준금리,"신한은행, ‘하위 20% 저신용자, 새희망홀씨로 갈아타세요’…대안신용평가모형도 1분기 도입",2026-02-03 10:48:04,domestic_bond
기준금리,본예산 잉크도 마르기 전 ‘벚꽃 추경’설 유감 [논설실 Pick],2026-02-03 11:41:46,domestic_bond
기준금리,저축銀 중금리대출 39% '뚝' … 대출 장벽에 서민금융 막혀,2026-02-03 17:41:12,domestic_bond
기준금리,"엘링턴 파이낸셜, 2025년말 주당순자산 13.16달러 추정",2026-02-03 20:04:32,domestic_bond
기준금리,"방코 데 칠레, 4분기 순이익 10.9% 감소..고객 수익·비용 효율화는 개선",2026-02-03 20:49:16,domestic_bond
기준금리,"PJT파트너스, 4분기 매출 5.4억달러 12%↑...연간 실적 사상 최대",2026-02-03 20:52:46,domestic_bond
기준금리,연 3%대 금리 솔깃하네...넌 은행에만 예금? 난 증권사 발행어음!,2026-02-03 21:00:00,domestic_bond
기준금리,"제라시 홀딩스, 주당 0.05달러 분기배당 결정..연 6.54% 시가배당률",2026-02-03 22:08:17,domestic_bond
기준금리,“사채 아니면 손 내밀 곳이 없어요”...저축은행 중금리대출 39% ‘뚝’,2026-02-04 06:01:29,domestic_bond
기준금리,"미드랜드 스테이츠 뱅코프, 주당 0.32달러 분기배당 결정",2026-02-04 06:08:38,domestic_bond
기준금리,"페넌트파크 플로팅 레이트 캐피, 2월 분기 배당 0.1025달러 선언",2026-02-04 06:08:48,domestic_bond
기준금리,"뱅크 오브 마린 뱅코프, 4Q 조정EPS 0.59달러...대출 5.8% 증가",2026-02-04 06:16:09,domestic_bond
기준금리,"유나이티드 뱅코프, 4분기 EPS 12.9% 증가..고금리 속 순이자마진 개선",2026-02-04 06:18:50,domestic_bond
기준금리,"글래드스톤 인베스트먼트, 3분기 순손실 650만달러..NAV 14.95달러로 10.5%↑",2026-02-04 06:21:30,domestic_bond
기준금리,"퍼스트 비즈니스 파이낸셜, 4Q 순이익 5032만달러..전년비 14% 증가",2026-02-04 06:35:02,domestic_bond
기준금리,"르네상트, 4분기 EPS 0.83달러..First Bancshares 인수 통합 순항",2026-02-04 06:36:02,domestic_bond
기준금리,"KKR 리얼 이스테이트 파이낸스, 4Q 3200만달러 순손실..부동산 자산재배치 주력",2026-02-04 07:01:04,domestic_bond
기준금리,"[美공시]""KKR 리얼에스테이트 파이낸스 트러스트, 2025년 4분기 및 연간 재무 실적 발표… 전략적 유동성 및 대출 실적 부각""",2026-02-04 08:41:23,domestic_bond
기준금리,"미국투자이민, ‘상환 능력’을 넘어 ‘상환 구조’를 보라",2026-02-04 10:00:00,domestic_bond
기준금리,"교섭단체 대표 연설 나선 장동혁, 이 대통령에 영수회담 재차 요구 [전문]",2026-02-04 10:57:58,domestic_bond
기준금리,[단독] 신한투자증권 발행어음 첫 상품 나온다…수시·약정형 금리 최고 수준,2026-02-04 11:18:58,domestic_bond
기준금리,작년 서울 아파트 준공 51.5% 급증…“정비사업이 핵심 역할”,2026-02-04 14:00:42,domestic_bond
기준금리,"“카드론 금리가 낮아졌다는데”…카드사의 전략 변화, 왜?",2026-02-04 14:49:22,domestic_bond
기준금리,"코스피가 오를수록 같이 돈이 몰리는 곳, 파킹형 ETF가 뜬 이유는",2026-02-04 16:50:32,domestic_bond
기준금리,"아레스 캐피탈, 4분기 핵심 EPS 0.50달러 유지...연간 순이익 13.7% 감소",2026-02-04 20:08:37,domestic_bond
기준금리,"오크트리 스페셜티 렌딩, 1Q 순이익 3610만달러..전분기比 2% 증가",2026-02-04 20:14:09,domestic_bond
기준금리,코스피 5000 ‘뉴 웨이브’…‘머니 무브’ 자산 시장 ‘주인공’ 바뀐다,2026-02-04 21:00:00,domestic_bond
기준금리,"초이스원 파이낸셜 서비스, 2025년 매출 77.2% 급증..펜투라 합병 시너지 효과",2026-02-04 23:14:08,domestic_bond
기준금리,"이글 뱅코프 몬테나, 2025년 순이익 1480만달러·EPS 1.90달러 기록",2026-02-05 00:02:13,domestic_bond
기준금리,"고럽 캐피탈 BDC, 1Q26 EPS 30.6% 감소..배당 15% 삭감",2026-02-05 06:03:04,domestic_bond
기준금리,"퍼스트 유나이티드, 2025년 연간 순이익 18.5% 증가..EPS 3.77달러 기록",2026-02-05 07:09:53,domestic_bond
기준금리,"트럼프 “기준금리, 내려갈 것이라고 생각…차기 연준 의장도 그럴 것”",2026-02-05 09:32:19,domestic_bond
기준금리,"“돈 엄청 풀렸는데, 나만 피해가는 거니?”…화폐 증가율 코로나 이후 최고",2026-02-05 09:54:09,domestic_bond
기준금리,"트럼프 “워시, 금리 내리고 싶어할것…올리자 했으면 연준의장 탈락”",2026-02-05 11:09:23,domestic_bond
기준금리,"“의사·변호사·회계사 사장님 모이세요” 토스뱅크, 전문직사업자대출 출시",2026-02-05 14:09:52,domestic_bond
기준금리,"“이번엔 다릅니다”…‘IPO 삼수’ 케이뱅크, 승부수 던졌다",2026-02-05 14:56:43,domestic_bond
기준금리,"신한금융, 글로벌 힘입어 ‘역대 최대 실적’ 달성",2026-02-05 15:11:33,domestic_bond
기준금리,KB금융 순익 5.8조 ‘사상 최대’...주주환원 첫 3조 돌파,2026-02-05 15:53:54,domestic_bond
기준금리,무용론 나오는 청약통장 … 특공·공공분양 노린다면 가져가야,2026-02-05 16:02:34,domestic_bond
기준금리,"'투자 초보' 사회초년생, 주식 사기 전 ISA부터 여세요 [지갑을 불려드립니다]",2026-02-05 16:02:45,domestic_bond
기준금리,"트럼프 ""워시, 금리 내릴 것…그러라고 연준 의장 임명""",2026-02-05 17:37:03,domestic_bond
기준금리,"신한, 해외덕에 '5조클럽' 눈앞",2026-02-05 17:47:03,domestic_bond
기준금리,"[속보] 영국, 기준금리 3.75%로 동결",2026-02-05 21:05:06,domestic_bond
기준금리,"트레이드웹 마켓, 4분기 매출 5.2억 달러 12.5% 증가..순이익 129% 급증",2026-02-05 21:05:13,domestic_bond
기준금리,[속보] ECB 5연속 금리 동결…예금금리 연 2.00％ 유지,2026-02-05 22:25:03,domestic_bond
기준금리,"MKS 인스트루먼트, 10억 유로 채권 발행으로 연 2700만 달러 이자비용 절감",2026-02-05 22:41:02,domestic_bond
기준금리,"CF 뱅크셰어스, 4Q 순이익 574만달러..전년비 31% 증가",2026-02-05 23:06:13,domestic_bond
기준금리,"이타우 유니방코 홀딩스, 주당 0.37헤알 이자지급금 배당 발표",2026-02-06 02:36:58,domestic_bond
기준금리,"BRBI BR PARTNERS SA, 4분기 순이익 5.7% 증가..비용절감 효과",2026-02-06 06:03:26,domestic_bond
기준금리,"헤네시 어드바이저, 1분기 매출액 14.3% 감소한 832만 달러 기록...배당금 9% 인상",2026-02-06 06:17:02,domestic_bond
기준금리,"엔젤 오크 모기지, 주당 0.32달러 분기 배당 결정...연간 배당률 14.5%",2026-02-06 06:18:13,domestic_bond
기준금리,"실버크레스트 에셋, 1주당 0.21달러 분기 배당 결정",2026-02-06 06:26:13,domestic_bond
기준금리,"퍼스트 캐시, 4분기 매출 10억달러 첫 돌파...26% 순익 증가",2026-02-06 06:28:34,domestic_bond
기준금리,"“월급은 그대로인데, 이 돈 언제 갚나”…40대 가장 평균 빚 1.1억 돌파 역대급",2026-02-06 12:01:23,domestic_bond
기준금리,“어디까지 떨어질까”…비트코인 끝모를 폭락,2026-02-06 14:29:09,domestic_bond
기준금리,"“금리·문턱 낮긴 한데”…사업자 대출, 안전할까",2026-02-06 15:13:59,domestic_bond
기준금리,美고용한파 … 1월 신규채용 17년래 최악,2026-02-06 17:16:21,domestic_bond
기준금리,"""원화약세 막자""… 정부, 외평채 17년만에 최대규모 30억弗 발행",2026-02-06 17:37:23,domestic_bond
기준금리,다주택자 압박에 강남·한강벨트 매물 증가 … 성북·노원은 줄어,2026-02-06 17:37:24,domestic_bond
기준금리,금융지주 실적잔치…카드·보험 부진은 숙제,2026-02-06 17:47:11,domestic_bond
기준금리,"뱅크 오브 캘리포니아, 배당금 20% 인상…주당 0.12달러로",2026-02-06 20:01:59,domestic_bond
기준금리,"“대체 어디가면 일자리가 있나요”…고용한파 美, 1월 채용 17년래 최악",2026-02-06 21:32:16,domestic_bond
기준금리,"캐럿 패키징, 분기 주당 0.45달러 배당 선언..연 배당률 7.03%",2026-02-07 01:58:58,domestic_bond
기준금리,"“불확실성에 신용위험 확대”…산은硏 “은행권 기업대출, 올해 큰 폭 증가 어렵다”",2026-02-07 10:13:52,domestic_bond
기준금리,이자 주는 중국 vs 이자 막는 미국 코인 [홍익희의 비트코인 이야기],2026-02-07 21:00:00,domestic_bond
기준금리,14조 이익 냈는데 얼굴에 그늘이…4대은행 부실대출 12.5조 역대급,2026-02-08 15:22:15,domestic_bond
기준금리,"미래에셋증권, 개인투자용국채 2월 청약 실시… “10·20년물 확대”",2026-02-08 16:51:26,domestic_bond
기준금리,한국서 2000만원대 전기차 가성비 대전,2026-02-08 17:33:35,domestic_bond
기준금리,벚꽃추경 가능성에…3년물 국채금리 3%대 급등,2026-02-08 17:41:24,domestic_bond
기준금리,더 강해져 돌아온 다카이치…경제·안보·외교 ‘직진’ 예고 [일본 총선],2026-02-08 20:00:00,domestic_bond
기준금리,금기였던 헌법개정도 수면으로…방위비 증액·자위대 역할 주목,2026-02-08 20:00:00,domestic_bond
기준금리,2000만원대 전기차는 다 중국산?…현대 캐스퍼·기아 레이도 있죠,2026-02-09 06:30:55,domestic_bond
기준금리,"만트럭버스코리아, 창립 25주년 기념 ‘보증연장·무상점검 캠페인’",2026-02-09 09:47:07,domestic_bond
기준금리,‘AI 붐에 금리인하 가능’ 워시 주장에…경제학자 60% “아니다”,2026-02-09 13:51:47,domestic_bond
기준금리,"中 ""은행들, 美국채 줄여라"" 달러 흔들기",2026-02-09 17:59:56,domestic_bond
기준금리,"금 이어 또 ‘불안한 안전자산’…中, 은행에 “美국채 줄여라” 지침",2026-02-09 23:54:24,domestic_bond
기준금리,"한일시멘트, 지속가능경영으로 백년 기업 지향",2026-02-10 00:00:00,domestic_bond
기준금리,"“삼성증권, 안정적 실적에 거래대금 증가 수혜”…목표가↑",2026-02-10 08:34:16,domestic_bond
기준금리,안그래도 힘든데 일본 선거까지 ‘으악’…‘투심 위축’ 채권시장 겹악재에 흔들,2026-02-10 08:53:11,domestic_bond
기준금리,금리 절벽에 등 돌린 예금족…연 3%대 수익률 ‘파킹형 ETF’로 몰려,2026-02-10 10:56:38,domestic_bond
기준금리,고물가로 지탱된 성장률의 역설…집값 개혁 환경 만들었다 [나기자의 데이터로 세상읽기],2026-02-10 12:00:00,domestic_bond
기준금리,연 3% 수익률에 일주일 새 3000억 ‘완판’…몸집 불리는 발행어음 시장,2026-02-10 13:23:11,domestic_bond
기준금리,“예·적금 들려면 지방·인뱅 가는 게 이득”…4% 금리 주는 곳 어디?,2026-02-10 14:37:41,domestic_bond
기준금리,"DB증권, 작년 영업이익 1167억원…전년比 88.7% 증가",2026-02-10 15:03:29,domestic_bond
기준금리,"알파벳, AI 실탄 풍성해졌다···美·유럽서 채권 발행해 46조원 확보",2026-02-11 10:40:29,domestic_bond
기준금리,"“국내 은행주 여전히 싸다”…하나證, 목표가 일제히 상향",2026-02-11 14:13:52,domestic_bond
기준금리,"고금리 역풍 속 카드업계 지각변동, 잘 나가는 곳 비결은?",2026-02-11 15:00:55,domestic_bond
기준금리,"한국투자증권, 지난해 영업익 2조3427억원…업계 최초 ‘2조 클럽’ 진입",2026-02-11 15:27:32,domestic_bond
기준금리,"트러스톤, KCC에 주주서한 발송…“기업가치 제고해야”",2026-02-11 17:39:40,domestic_bond
기준금리,저소득 서민층 위한 새희망홀씨대출 '쑥',2026-02-11 17:48:52,domestic_bond
기준금리,"ING 그룹, 총 15억 달러 규모 시니어 노트 만기 상환 계획 발표",2026-02-11 20:08:56,domestic_bond
기준금리,"키메라 인베스트먼트, 보통주 배당금 22% 인상··· 0.45달러로 확대",2026-02-11 20:47:58,domestic_bond
기준금리,스티븐 도버 美 프랭클린템플턴 최고시장전략가 “ ‘5천피’ 아직 저평가…뒷바람 남았다” [인터뷰],2026-02-11 21:00:00,domestic_bond
기준금리,"NNN 리츠, 2025년 매출 9.3억달러 6.6%↑…2026년 AFFO 3.2% 성장 전망",2026-02-11 22:33:14,domestic_bond
기준금리,美 고용 '깜짝 호조',2026-02-11 23:01:39,domestic_bond
기준금리,"마자르 뱅코프, 2025년 순이익 9760만달러…전년비 25%↑",2026-02-12 00:03:02,domestic_bond
기준금리,"게티 리얼티, 4Q 주당순이익 0.45달러..전년비 15.4% 증가",2026-02-12 06:32:36,domestic_bond
기준금리,"글래시어 뱅코프, 4분기 EPS 0.49달러..전년比 9% 감소",2026-02-12 06:33:56,domestic_bond
기준금리,"포 코너스 프로퍼티 트러스트, 4Q 매출 6784만 달러..11.6% 증가",2026-02-12 06:34:06,domestic_bond
기준금리,"그래나이트 포인트 모기지, 4분기 EPS 0.58달러 적자..신용손실충당금 부담",2026-02-12 07:05:07,domestic_bond
기준금리,"어번 내셔널 뱅코프, 1분기 주당 0.27달러 현금배당 결정",2026-02-12 07:05:47,domestic_bond
기준금리,"반에크, “개미 털고 채굴자 떠났다…지금이 변동성 사이클의 변곡점”",2026-02-12 08:40:09,domestic_bond
기준금리,“1분기에만 3만 가구 쏟아진다”…10대 건설사 ‘공급 경쟁’ 본격화,2026-02-12 08:58:37,domestic_bond
기준금리,“양도세 중과 맞기전에 팔자”…서울서 한 달여 만에 매물 3000채 쏟아져,2026-02-12 09:51:48,domestic_bond
기준금리,한은 금융시장국장 “현 국고채 금리 과도하게 높아…시장 변화 면밀히 점검”,2026-02-12 12:20:34,domestic_bond
기준금리,韓 스테이블코인 거래 회복세···연초대비 4배 [매일코인],2026-02-12 13:31:29,domestic_bond
기준금리,“왜 너만 자꾸 바닥으로?”...‘나홀로 추락’ 비트코인,2026-02-12 13:59:41,domestic_bond
기준금리,현대카드 김치본드 8000만弗 추가 발행…조달 다변화 속도,2026-02-12 14:17:09,domestic_bond
기준금리,한·미 금리 동결에 日 재정 확대 우려까지…1월 국채금리 상승 마감,2026-02-12 15:32:49,domestic_bond
기준금리,수도권 누르니 … 울산·부산 집값 '꿈틀',2026-02-12 17:32:20,domestic_bond
기준금리,"“매출 방어하고 이익 챙겼다”...한샘, 작년 영업이익 185억원 거둬",2026-02-12 20:39:44,domestic_bond
기준금리,"오니티 그룹, 4분기 순익 1억2600만달러..전년비 급증",2026-02-12 20:48:02,domestic_bond
기준금리,"제록스, 보유주식 2대1 워런트 배포...부채 감축 가속화 전략",2026-02-12 22:12:39,domestic_bond
기준금리,"BGC 그룹, 4분기 매출 32% 증가·EPS 0.31달러...연간 실적 사상 최대",2026-02-12 22:19:09,domestic_bond
기준금리,"식스스 스트리트 스페셜티 렌딩, 2025년 EPS 10.8% 하락..18.3% 고배당 유지",2026-02-13 06:13:07,domestic_bond
기준금리,"에어 리스, 4분기 매출 8.2억 달러..전년比 15.1% 증가",2026-02-13 06:29:00,domestic_bond
기준금리,"LXP 인더스트리얼 트러스트, 4분기 매출 14% 감소..임대율 97.1%로 상승",2026-02-13 06:48:06,domestic_bond
기준금리,"트럼프 가문 주도 WLFI, 대출 넘어 외환시장 진출 선언",2026-02-13 08:17:47,domestic_bond
기준금리,"“연말 직장인들 보너스 많이 탔나”…시중에 풀린 돈 4080조, 다시 늘어",2026-02-13 15:31:21,domestic_bond
기준금리,삼성증권 `눈 앞으로 다가온 별도 자본 8조원` 증권사 발표에 강세…5.36%,2026-02-13 16:04:24,domestic_bond
기준금리,"사운드 파이낸셜 뱅코프, 5월 주총 개최·올해 배당률 1.92% 전망",2026-02-13 20:04:55,domestic_bond
기준금리,"마커스&밀리챕, 4Q 주당순익 57% 급증…연매출 8.5% 성장",2026-02-13 20:08:15,domestic_bond
기준금리,"스튜디오 시티, 4분기 영업이익 151% 급증..대중 시장 테이블 게임 호조",2026-02-13 20:09:35,domestic_bond
기준금리,"일렉트로바야, 4분기 매출 39% 증가·흑자전환…EXIM 대출 1635만 달러 확보",2026-02-13 22:50:07,domestic_bond
기준금리,"콜롬비아 뱅킹 시스템, 주당 0.37달러 분기 배당 결정",2026-02-14 03:23:56,domestic_bond
기준금리,"페블브룩 호텔 트러스트, 11억 달러 부채 재융자 완료..재무 안정성 강화",2026-02-14 06:36:10,domestic_bond
기준금리,“급매 맞아? 여전히 비싸네”…매물 바라보는 두가지의 시선,2026-02-14 06:55:57,domestic_bond
기준금리,"인베스코 모기지 캐피탈, 1주당 0.12달러 분기배당 결정",2026-02-14 07:00:01,domestic_bond
기준금리,"미장 ‘94% 몰빵’ 서학개미 주의보…정부, 국민연금 ‘채권 환헤지’ 도입 검토",2026-02-14 08:42:27,domestic_bond
기준금리,“설 연휴 끝나면 대형이벤트가 열립니다”…FOMC 의사록에 쏠린 눈,2026-02-14 16:28:36,domestic_bond
기준금리,물가 불안한데 아마존·UPS 해고 '칼바람'… 美경제 한치앞 안보여,2026-02-16 18:00:21,domestic_bond
기준금리,“앞으로 어떻게 살아가나”…대출금리 7% 돌파 목전에 ‘영끌족’ 비상,2026-02-17 11:22:38,domestic_bond
기준금리,악화된 청년고용에 ‘벚꽃추경’ 가능성 솔솔···KDI는 “반도체 호황 감안해야” [나기자의 데이터로 세상읽기],2026-02-17 12:00:00,domestic_bond
기준금리,“2% 금리 엊그제 같은데”…가계 신용대출 5%·주담대도 4% 중후반,2026-02-17 18:11:53,domestic_bond
기준금리,"아르마다 호플러 프로퍼티즈, 4Q 적자 전환·NOI 6.3% 성장",2026-02-17 20:15:25,domestic_bond
기준금리,"CNX 리소시즈, 5억달러 규모 선순위채권 발행·2029년 만기채 조기상환",2026-02-17 22:05:08,domestic_bond
기준금리,"인베스터스 타이틀, 4분기 매출 소폭 감소에도 연간 실적 5.6% 성장",2026-02-17 22:36:10,domestic_bond
기준금리,"JBG 스미스 프로퍼티즈, 4Q Core FFO 주당 0.17달러...전년비 16%↓",2026-02-18 06:19:26,domestic_bond
기준금리,"트러스트코 뱅크 NY, 주당 0.38달러 분기 배당 발표...연율 1.52달러",2026-02-18 06:19:27,domestic_bond
기준금리,"아머 레지던셜 REIT, 3월 보통주 배당금 0.24달러 결정",2026-02-18 06:24:58,domestic_bond
기준금리,"메트라이프, 2026년 1분기 우선주 배당 공시...EPS 57% 급증 전망",2026-02-18 06:36:50,domestic_bond
기준금리,"톨 브라더스, 1Q 순이익 2억1090만달러..전년비 18.7% 증가",2026-02-18 06:52:21,domestic_bond
기준금리,"그레이트 서던 뱅코프, 5월 13일 제37차 주주총회 온라인 개최",2026-02-18 07:12:02,domestic_bond
기준금리,변동성 커진 금값...그래도 고고?,2026-02-18 09:00:00,domestic_bond
기준금리,“대출 받아 빚투”…5대은행 신용대출 최저금리 4%대 재진입,2026-02-18 10:41:51,domestic_bond
기준금리,주택규제 심해지자 … 성수 꼬마빌딩에 다시 볕드나,2026-02-18 15:56:22,domestic_bond
기준금리,예·적금 깨고 신탁으로…0.1%P 금리차에도 자금이동,2026-02-18 17:01:23,domestic_bond
기준금리,[단독] 아파트 3년내 완공 '옛말'…40개월 뉴노멀,2026-02-18 17:07:43,domestic_bond
기준금리,5천달러 못지킨 금값…은도 10% 넘게 급락,2026-02-18 17:10:27,domestic_bond
기준금리,'3.3조 대어' 케이뱅크…삼수끝에 상장 청신호,2026-02-18 17:13:22,domestic_bond
기준금리,특정금전신탁 700조원 돌파,2026-02-18 17:46:53,domestic_bond
기준금리,“더 이상 안전자산 아닙니다”...금값·은값 또 널뛰기 한 이유는,2026-02-18 19:52:41,domestic_bond
기준금리,“지금은 큰 거 사면 안돼”...주택규제 심해지자 성수 ‘꼬마빌딩’ 볕든다,2026-02-18 21:24:02,domestic_bond
기준금리,"[단독] “3년이면 됐었는데”…아파트 공사 40개월이 기본, 공사비 끌어 올린다",2026-02-18 22:35:21,domestic_bond
기준금리,"아메리카 퍼스트 모기지, 4Q 순익 4360만달러..전년비 58% 급증",2026-02-18 22:48:14,domestic_bond
기준금리,"“이번에는 진짜 상장할까”…3.3조 대어 케이뱅크, 코스피 입성 청신호",2026-02-19 06:14:50,domestic_bond
기준금리,"인비테이션 홈즈, 4분기 매출 4% 증가…임대료 1.8% 상승",2026-02-19 06:17:21,domestic_bond
기준금리,"아머 레지던셜 REIT, 4Q 흑자전환..연간 경제수익률 12.79% 달성",2026-02-19 06:21:43,domestic_bond
기준금리,"아머 레지던셜 REIT, 포트폴리오 가치 210억달러·배당수익률 16.6% 기록",2026-02-19 06:25:03,domestic_bond
기준금리,"매경이 전하는 세상의 지식 (매-세-지, 2월 19일)",2026-02-19 07:00:00,domestic_bond
기준금리,서울 집합건물 생애 최초 매수자 절반이 30대…2010년 이후 최대,2026-02-19 08:07:52,domestic_bond
기준금리,RWA 야심 발표에 트럼프 일가 코인 19% 급등 [매일코인],2026-02-19 13:36:41,domestic_bond
기준금리,"코스피, 3%대 올라 5600선 마감…코스닥 4.94% 급등",2026-02-19 15:52:50,domestic_bond
기준금리,"주춤하는 금값, 이제 끝물? ""수요 아직 살아있다"" 무게",2026-02-19 16:03:24,domestic_bond
기준금리,국제유가 4%대 오르고 금값 급등 … 美금리 불확실성에 이란 戰雲 덮쳐,2026-02-19 17:42:41,domestic_bond
기준금리,1월 코픽스 다섯 달 만에 하락…0.12%포인트 내려,2026-02-19 18:12:33,domestic_bond
기준금리,"아메리콜드 리얼티 트러스트, 4분기 조정 FFO 2.7% 증가·비용절감 효과 뚜렷",2026-02-19 20:52:09,domestic_bond
기준금리,이란 ‘전운’에 美금리 불확실성까지…국제유가·금값도 급등,2026-02-19 22:32:49,domestic_bond
기준금리,"올드 내셔널 뱅코프, 배당 3.6% 인상·자사주매입 2억달러 확대",2026-02-19 23:54:05,domestic_bond
기준금리,"옵시디안 에너지, 4분기 FFO 5,660만 달러..한파 영향 불구 채무구조 개선",2026-02-20 02:43:11,domestic_bond
기준금리,“영끌 아파트로 너무 고생인데”…다섯달 만에 꺾인 ‘이것’에 시장금리는,2026-02-20 09:15:56,domestic_bond
기준금리,韓에 관세폭탄 던져놓고 ‘물가’ 뒷감당 못해 쩔쩔…멕시코 기준금리 동결,2026-02-20 10:39:39,domestic_bond
기준금리,모두를 잡으려다 아무도 못 잡는다…레이디 두아에서 배우는 ‘포기’ 전략 [똑똑한 장사],2026-02-20 13:00:00,domestic_bond
기준금리,"힘 잃고 ‘풀썩’…비트코인, 다시 1억 밑으로",2026-02-20 13:23:33,domestic_bond
기준금리,"“여보, 우리 이제 그만할까”…역대급 주식 열풍에 ‘안절부절’ 직장인들 왜?",2026-02-20 13:26:36,domestic_bond
기준금리,"""금융소송서 투자자 책임 커져…꼼꼼히 따져야""",2026-02-20 17:22:42,domestic_bond
기준금리,관세 역풍에…4분기 美성장률 1.4%로 급락,2026-02-20 23:33:27,domestic_bond
기준금리,"게이밍 앤 레저 프로퍼티즈, 4분기 매출 4억700만 달러..전년비 4.5% 증가",2026-02-21 02:47:35,domestic_bond
기준금리,"콜리어스 인터내셔널 그룹, 22억5000만 달러 신용한도 2031년까지 연장",2026-02-21 06:08:37,domestic_bond
기준금리,"엔터지, 바클레이즈와 주식 선도매매 계약 체결·자본 운용 효율화",2026-02-21 06:14:18,domestic_bond
기준금리,“어디서 대출받아야 이자 부담 가장 적을까”…의외의 금리 맛집은?,2026-02-21 13:04:19,domestic_bond
기준금리,빅테크 ‘회사채 러시’...코스피엔 기회이자 부담?,2026-02-21 17:00:00,domestic_bond
기준금리,"노력해도 달라지기 힘든 사회...‘개천 용’ 옛말, 자산·교육까지 대물림",2026-02-21 21:00:00,domestic_bond
기준금리,“성과급 아직도 통장에 그대로 있어?”…파킹형 ETF로 3% 노린다 [캥거루족 탈출기⑥],2026-02-22 08:03:05,domestic_bond
기준금리,이젠 전기차 2000만원대…생존 건 가격전쟁,2026-02-22 16:22:34,domestic_bond
기준금리,"""돈 빌려줄 기업 못찾겠네""… 은행들 골머리",2026-02-22 17:13:37,domestic_bond
기준금리,"경남, 지역건설 살리기 총력전",2026-02-22 17:43:33,domestic_bond
기준금리,[경제 프리즘] 신임 한국은행 총재 … 민물이냐 짠물이냐,2026-02-22 17:52:09,domestic_bond
기준금리,[이번주 증시 예보] 26일 금통위 기준금리 결정…엔비디아 실적 발표 주목,2026-02-22 17:53:51,domestic_bond
기준금리,“제발 대출 받아가세요”…대놓고 곳간 열었는데 ‘자격미달’ 투성이,2026-02-22 22:13:43,domestic_bond
기준금리,“정말 돈 빌릴 곳이 없네”…금융권 대출 거절에 서민들 대부업체로 몰린다,2026-02-23 09:02:44,domestic_bond
기준금리,삼성생명 `확인이 필요` 증권사 발표에 강세…5.94%,2026-02-23 09:54:06,domestic_bond
기준금리,"“50년 전보다 월급이 줄어든 느낌”…엔화 가치, 52년만에 최저 수준",2026-02-23 11:19:36,domestic_bond
기준금리,"“이러다 크게 물리는 거 아냐”…코스피 역대급 불장에도 외국인 9조 매도, 왜?",2026-02-23 11:41:05,domestic_bond
기준금리,뱅크샐러드 ‘신용점수 올리기’ 쓴 중·저신용자...금리 부담 덜었네,2026-02-23 14:00:21,domestic_bond
기준금리,"“지난해 서울 아파트 값, 13% 상승”... 토허구역 지정 후 전년비 상승폭 커져",2026-02-23 14:18:08,domestic_bond
기준금리,“압구정 현대도 휘청”…규제 강화 예고에 강남 아파트 20억 낮춘 매물도,2026-02-23 14:23:22,domestic_bond
기준금리,급전 300만원 빌리기 어렵네 … 인뱅 비상금대출 5천억 감소,2026-02-23 17:33:48,domestic_bond
기준금리,[단독] 저신용자들 300만원도 빌리기 어렵다…인뱅 비상금대출 5000억 급감,2026-02-23 17:41:21,domestic_bond
기준금리,"[매경포럼] 크고 아름다운 야당, 시장(市場)",2026-02-23 17:42:59,domestic_bond
기준금리,일본 저성장 장기화에 엔화가치 53년래 최저,2026-02-23 17:45:42,domestic_bond
기준금리,"이스털리 거버먼트 프로퍼티즈, 4분기 핵심 조정 FFO 주당 0.77달러·2026년 가이던스 상향",2026-02-23 20:47:40,domestic_bond
기준금리,"베리스 레지덴셜, 4Q Core FFO 주당 0.19달러..전년비 73% 급증",2026-02-23 21:25:01,domestic_bond
기준금리,거래가 증발한 부동산시장…환상은 짧고 빚잔치 해소의 시간은 길다 [매일 돈이 보이는 습관 M+],2026-02-24 06:00:00,domestic_bond
기준금리,"보이즈 케스케이드, 4분기 EPS 0.24달러·매출 15억 달러 7% 감소",2026-02-24 06:23:34,domestic_bond
기준금리,"젠워스 파이낸셜, 4분기 EPS 0.02달러…LTC 손실 확대 부담",2026-02-24 06:32:15,domestic_bond
기준금리,"AMC 네트웍스, 2029년 채권→2032년 채권 교환 제안·자사주 매입 조항 개정 추진",2026-02-24 07:17:18,domestic_bond
기준금리,야당보다 유능한 야당 ‘시장’…그곳을 향하는 정책 언어의 품격 [매경포럼],2026-02-24 08:23:12,domestic_bond
기준금리,"“현대해상, 올해 큰 폭의 기저효과 기대”…목표가↑",2026-02-24 08:28:21,domestic_bond
기준금리,“제2 서브프라임 여기서 터진다?”…‘AI기업 자금줄’ 美 사모대출 ‘경고음’,2026-02-24 08:28:54,domestic_bond
기준금리,"김포 분양가, 5년새 2배 넘게 올랐다…교통 호재 등 영향",2026-02-24 10:12:32,domestic_bond
기준금리,5년새 분양가 두 배 뛰었다...김포 국평 신축 ‘10억’ 눈앞,2026-02-24 10:42:13,domestic_bond
기준금리,큰손 된 서학개미…증시 조정오면 환차손까지 ‘쌍코피’ 터진다 [나기자의 데이터로 세상읽기],2026-02-24 12:00:00,domestic_bond
기준금리,"우투證, 예금자 보호 발행어음 기반 예금⋅CMA 금리 0.3%p 인상",2026-02-24 14:19:32,domestic_bond
기준금리,“전세 찾기 힘들어요”…서울 빌라 월세가 대세,2026-02-24 15:04:32,domestic_bond
기준금리,송도 원룸 月90만원…대학가 주거비 '한숨',2026-02-24 17:22:51,domestic_bond
기준금리,퇴직연금 코스피로 대이동…주식 실적배당형에 65% 집중,2026-02-24 18:51:48,domestic_bond
기준금리,“하루도 조용한 날 없다”…업계 1위 이지스자산운용에 무슨 일이,2026-02-24 21:00:00,domestic_bond
기준금리,“송도 원룸에 월세 90만원 내라고?”…대학가 주거비 평균이 무려,2026-02-24 21:23:58,domestic_bond
기준금리,"밸리 내셔널 뱅코프, 2,500만주 자사주 매입 프로그램 신규 승인",2026-02-25 06:15:25,domestic_bond
기준금리,"제네시스 에너지, 5억 달러 규모 2034년 만기 선순위 채권 공모 개시",2026-02-25 06:58:47,domestic_bond
기준금리,"뉴마운틴 파이낸스, 4Q 순투자수익 3300만 달러…2Q 배당 0.25달러로 인하 예고",2026-02-25 07:02:09,domestic_bond
기준금리,"선 커뮤니티즈, 4분기 EPS 흑자전환·배당 8% 인상",2026-02-25 07:12:20,domestic_bond
기준금리,"CNX 리소시즈, 2029년 만기 선순위 사채 4억2천만 달러 인수 완료",2026-02-25 07:16:10,domestic_bond
기준금리,"윈덤 호텔 앤 리조트, 6억5000만 달러 규모 선순위 채권 발행",2026-02-25 07:16:40,domestic_bond
기준금리,"뱅크 오브 마린 뱅코프, 4분기 매출 67% 급증·EPS 흑자전환",2026-02-25 07:19:40,domestic_bond
기준금리,“IMF 외환위기 때 보다 더 심해”…은행권 장기 정기예금 역대급 줄어 왜?,2026-02-25 08:50:47,domestic_bond
기준금리,“증시 뜨거운데 아직도 거기 있으면 어떡해”…2년 이상 예금 최대폭 감소,2026-02-25 08:56:05,domestic_bond
기준금리,“대출금리 또 올랐는데”…내일부터 은행 줄 안서도 이자 깎아주는 ‘이것’,2026-02-25 12:52:13,domestic_bond
기준금리,"하나오피스리츠, 증권신고서 효력 발생… 본격 공모 돌입",2026-02-25 13:26:33,domestic_bond
기준금리,프랭클린템플턴 “한국 증시 재평가 국면…기업의 행동 변화 동반돼야”,2026-02-25 14:41:49,domestic_bond
기준금리,"신용대출 1억 조기상환 수수료, 어딘지 따라 최대 200만원 차이",2026-02-25 14:55:54,domestic_bond
기준금리,연일 상승하며 신고가 썼던 은행·보험주…‘숨고르기’ 들어가나,2026-02-25 16:16:12,domestic_bond
기준금리,"정부, 채권시장 안정화 위해 1분기 발행량 줄인다",2026-02-25 16:53:38,domestic_bond
기준금리,"LS전선, 공모채 수요예측서 목표액 8배 넘는 자금 모아",2026-02-25 17:32:29,domestic_bond
기준금리,금리 인상에 제동 건 다카이치 日銀 새 위원에 비둘기파 지명,2026-02-25 17:48:24,domestic_bond
기준금리,반도체가 끌고 밸류업이 밀고 … 李정부서 125% 수직상승 '불스피',2026-02-25 18:04:14,domestic_bond
기준금리,‘상여금 300%+700만원’에 ‘1시간 조기퇴근’은 덤…이 금융사 직원 부럽네,2026-02-25 19:38:17,domestic_bond
기준금리,"플러싱 파이낸셜, 119회 연속 분기배당 0.22달러 선언",2026-02-25 20:03:42,domestic_bond
기준금리,"WESCO 인터내셔널, 13억 달러 선순위 채권 발행·고금리 채무 상환",2026-02-25 20:05:10,domestic_bond
기준금리,"블랙스톤 시큐어 렌딩 펀드, 4Q 주당순투자소득 0.80달러…배당 완전 커버·자사주 2.5억 달러 승인",2026-02-25 20:18:04,domestic_bond
기준금리,"스타우드 프로퍼티 트러스트, 4분기 EPS 0.26달러·127억 투자 역대 2위",2026-02-25 20:57:35,domestic_bond
기준금리,자본 선진화 정책 “땡큐” 금융지주 시총 추월…증권주 ‘뜨거운 계절’,2026-02-25 21:00:00,domestic_bond
기준금리,"그레이엄 홀딩스, 4분기 매출 12억5100만 달러·영업익 34% 급감",2026-02-25 22:35:38,domestic_bond
기준금리,"UWM홀딩스, 4분기 깜짝 실적에도 연간 순이익 감소·불투명한 전망에 급락",2026-02-26 01:51:15,domestic_bond
기준금리,"크레센트 캐피탈 비디씨, 4분기 NII 주당 0.45달러·NAV 19.10달러 소폭 하락",2026-02-26 04:04:55,domestic_bond
기준금리,"선 커뮤니티즈, 4Q 코어 FFO 주당 1.40달러..NOI 7.9% 성장",2026-02-26 05:57:56,domestic_bond
기준금리,"애쉬포드 호스피탈러티, 4분기 매출 2억6천만 달러·EPS -12.33달러 부진",2026-02-26 07:19:29,domestic_bond
기준금리,"금통위, 오늘 기준금리 결정…성장률 올리고 금리 6연속 ‘동결’ 무게",2026-02-26 08:38:44,domestic_bond
기준금리,엔비디아 실적 발표 앞두고 강세 마감…나스닥 1.26%↑[뉴욕증시],2026-02-26 08:56:13,domestic_bond
기준금리,"[속보] 한은 금통위, 기준금리 연 2.5%…6연속 동결",2026-02-26 09:50:29,domestic_bond
기준금리,"[속보] 한은, 기준금리 연 2.5% 6연속 동결…성장률 전망치 2%로 상향",2026-02-26 10:50:12,domestic_bond
기준금리,한은 총재 “주식시장 변동성 취약…중앙은행으로서 유심히 볼 것”,2026-02-26 13:33:09,domestic_bond
기준금리,"“고물가엔 맞춤형 한 끼가 답”…한솥도시락, 식(食)유형별 메뉴 전략 ‘눈길’",2026-02-26 16:12:55,domestic_bond
기준금리,"“기준금리 그대로인데, 주담대 금리 왜 오르는거야?”…한은 금리동결에도 영끌족 한숨",2026-02-26 16:16:59,domestic_bond
기준금리,올 성장 전망 상향 조정했는데도 2.0%…심각한 주가·실물 괴리 [사설],2026-02-26 17:17:36,domestic_bond
기준금리,한은 K점도표 공개…8월까지 금리동결 무게,2026-02-26 17:53:05,domestic_bond
기준금리,"올 성장률 1.8→2% … 한은, 기준금리 6연속 동결",2026-02-26 18:06:20,domestic_bond
기준금리,"포트리아 홀딩스, 4분기 매출 6억6050만 달러로 5.2% 감소",2026-02-26 20:11:09,domestic_bond
기준금리,"MVB 파이낸셜, 2000만 달러 회전신용한도 확보",2026-02-26 22:19:54,domestic_bond
기준금리,"시리우스 XM 홀딩스, 10억 달러 규모 2032년 만기 선순위 담보부 채권 발행",2026-02-26 22:26:27,domestic_bond
기준금리,"이쿼티 라이프스타일 프로퍼티즈, 2025년 보정 FFO 5% 증가·배당 5.3% 인상",2026-02-26 22:58:03,domestic_bond
기준금리,"허드슨 퍼시픽 프로퍼티즈, 4분기 매출 2억5600만 달러..전년비 22% 증가",2026-02-26 23:02:44,domestic_bond
기준금리,"ING 그룹, 2025년 연간보고서 공시..ESG 등급 AAA로 상향",2026-02-26 23:33:56,domestic_bond
기준금리,"인터내셔널 뱅크쉐어, 2025년 순이익 4억1230만 달러·EPS 6.62달러 기록",2026-02-27 03:01:53,domestic_bond
기준금리,"TFS 파이낸셜, 주당 0.28달러 분기 배당 선언..3월 25일 지급",2026-02-27 06:08:41,domestic_bond
기준금리,"글로벌 넷 리스, 4분기 EPS 0.22달러·연간 AFFO 가이던스 상단 달성",2026-02-27 06:35:31,domestic_bond
기준금리,"미드캡 파이낸셜 인베스트먼트, 4분기 주당순투자소득 0.39달러..NAV는 3.3%↓",2026-02-27 06:49:17,domestic_bond
기준금리,"매경이 전하는 세상의 지식(매-세-지, 2월 27일)",2026-02-27 07:00:00,domestic_bond
기준금리,"로켓 컴퍼니즈, 4분기 조정 매출 24억4000만 달러로 가이던스 상회",2026-02-27 07:24:10,domestic_bond
기준금리,"CNX 리소시즈, 5억 달러 규모 2034년 만기 선순위 채권 발행 완료",2026-02-27 07:26:20,domestic_bond
기준금리,"FTAI 인프라스트럭쳐, 4분기 조정 EBITDA 8020만 달러..전년비 66% 급증",2026-02-27 07:31:51,domestic_bond
기준금리,“주식·부동산 돈벼락 맞는데 왜 나만?”…현 시스템에선 그게 당연하다는 경제학자,2026-02-27 08:00:00,domestic_bond
기준금리,[매경경영지원본부 칼럼] 2026년 위기를 기회로 바꾸는 기업의 선택,2026-02-27 10:11:26,domestic_bond
기준금리,국민연금 “갓스피 덕에 231조 벌었습니다”…年수익률 18.8% 역대최고,2026-02-27 10:42:39,domestic_bond
기준금리,“작년 한해에 231조6000억 벌었어요”…국민연금 수익률 18.8% ‘역대 최고’,2026-02-27 11:01:24,domestic_bond
기준금리,주택담보대출 금리 떨어졌다…3년만에 최저수준 기록한 미국,2026-02-27 11:12:23,domestic_bond
기준금리,임대료·인건비만 생각하면 낭패…소자본 창업의 성패는 ‘변동비 통제’에 달렸다 [똑똑한 장사],2026-02-27 13:32:58,domestic_bond
기준금리,"소공연, ‘일하는 사람 기본법’ 반대 대국민 서명운동 돌입",2026-02-27 14:35:10,domestic_bond
기준금리,"“여기가 ‘금리 맛집’이었네”…예금금리 경쟁 인뱅, 내게 맞는 상품은?",2026-02-27 15:02:13,domestic_bond
기준금리,발품 넘어 ‘AI품’…달라진 N잡러의 세계 [스페셜리포트],2026-02-27 15:26:33,domestic_bond
기준금리,대형마트·편의점 우울한데…역대급 불황에도 백화점은 웃었다,2026-02-27 15:27:26,domestic_bond
기준금리,인류사의 ‘잇템’ 은(銀)…세계 최대 은 생산 기업이 국내에? [어쩌다 금속 이야기],2026-02-27 16:50:32,domestic_bond
기준금리,"트라이엄프 뱅코프, 시리즈C 우선주 배당 주당 17.81달러 지급",2026-02-28 06:17:44,domestic_bond
기준금리,"미드 아메리카 아파트 커뮤니티, 2026년 Core FFO 주당 8.53달러 가이던스 제시",2026-02-28 06:22:04,domestic_bond
기준금리,"“미국 도매물가에 급등 후 반락”…원·달러 환율, 1440원 마감",2026-02-28 09:18:14,domestic_bond
기준금리,확장재정 세상에서 ‘2% 물가 목표제’...그 골대 과연 괜찮을까 [논설실 Pick],2026-03-01 09:43:21,domestic_bond
기준금리,"3.8조달러 묶인 글로벌 VC, AI·크립토 ‘옥석 가리기’ 본격화",2026-03-01 10:50:04,domestic_bond
기준금리,"미국투자이민 벙커힐 공공 인프라 2차, 잔여 13세대…투자자 관심 집중",2026-03-01 14:00:00,domestic_bond
기준금리,韓 원유 70% 중동에 의존 … 호르무즈 해협 봉쇄에 유가 초비상,2026-03-01 17:55:07,domestic_bond
기준금리,호르무즈 해협 봉쇄에 유가 초비상…韓 원유 70% 중동에 의존,2026-03-01 19:58:51,domestic_bond
기준금리,7.0% 6.9% 6.8%…은행권 신용대출 금리 상한선 ‘0.1%P의 전쟁’,2026-03-02 11:26:33,domestic_bond
기준금리,"유진투자증권, 글로벌 리서치 역량 기반 국내외 균형 있는 가치투자",2026-03-02 16:03:45,domestic_bond
기준금리,"키움증권, 알고리즘 활용 시장추세 따라 채권·주식 비중 조절",2026-03-02 16:03:46,domestic_bond
기준금리,"하나증권, 은행 파킹통장처럼 언제든 자유롭게 입출금",2026-03-02 16:04:23,domestic_bond
기준금리,"코스피 6천피 '독주' … ""꽉 잡아라 더 달린다""",2026-03-02 16:05:13,domestic_bond
기준금리,금융ETF·건설자재株 … 월가 큰손은 가치株 사모으는 중,2026-03-02 16:38:21,domestic_bond
기준금리,[경제 프리즘] 명분·실리 모두 잃은 트럼프의 '관세폭탄',2026-03-02 17:05:59,domestic_bond
기준금리,"""달러당 1500원 갈수도""…원화값 약세 전환",2026-03-02 17:46:50,domestic_bond
기준금리,"TPG RE 파이낸스 트러스트, 4분기 배당 0.24달러·연간 0.96달러 확정",2026-03-02 20:03:51,domestic_bond
기준금리,"ADT, 4분기 조정 EPS 0.23달러로 15% 증가..연간 자유현금흐름 16% 상승",2026-03-02 21:03:44,domestic_bond
기준금리,"카스피KZ, 4분기 매출 15% 증가·8540억 텐게",2026-03-02 21:06:45,domestic_bond
기준금리,"화이트홀스 파이낸스, 4분기 순투자수익 660만 달러..전년비 17.5% 감소",2026-03-02 21:33:37,domestic_bond
기준금리,"다이아몬드락 호스피탈러티, 2025년 조정 EBITDA 2억9760만 달러..가이던스 상회",2026-03-02 21:34:47,domestic_bond
기준금리,"파워 솔루션스 인터내셔널, 4분기 매출 1억9120만 달러·33% 증가",2026-03-03 06:19:36,domestic_bond
기준금리,"OFS 캐피탈, 4분기 순투자수익 주당 0.20달러..순자산가치 9.6% 하락",2026-03-03 06:34:12,domestic_bond
기준금리,“국장을 왜 하냐” 묻던 서학개미들…박탈감에 월가 큰손 투자처 봤더니,2026-03-03 06:34:51,domestic_bond
기준금리,전국 3만 7천가구 쏟아진다…서울도 3월 연중최대 분양,2026-03-03 16:25:11,domestic_bond
기준금리,[매경춘추] 日시대 다시 오나,2026-03-03 17:26:40,domestic_bond
기준금리,변동성 큰 원화값…남미보다 더 흔들렸다,2026-03-03 17:40:41,domestic_bond
기준금리,"""韓증시 당분간 조정국면 … 상승동력 여전해 중장기 매수 기회""",2026-03-03 18:06:54,domestic_bond
기준금리,"유가 급등에 인플레 공포 엄습 … 다이먼 ""장기전땐 물가 위험 심각해질 것""",2026-03-03 18:06:54,domestic_bond
기준금리,"널뛰는 원화값, 남미보다 더 흔들렸다…일평균 변동성 세계 6위",2026-03-03 19:26:32,domestic_bond
기준금리,"B&G 푸즈, 4분기 매출 5억4000만 달러..전년비 2.2% 감소",2026-03-04 06:09:50,domestic_bond
기준금리,"“한국증시 당분간 조정국면…상승동력 여전, 중장기 매수 기회”",2026-03-04 06:43:57,domestic_bond
기준금리,중동 확전 공포에 일제히 하락…트럼프 개입 시사에 낙폭 축소 [뉴욕증시],2026-03-04 08:54:30,domestic_bond
기준금리,예치금에 11% 이자 내건 ‘온체인 거래소’ GRVT,2026-03-04 09:01:33,domestic_bond
기준금리,코스피 급락·커지는 환율 변동성에…금융당국도 대책 마련 고심,2026-03-04 15:01:26,domestic_bond
기준금리,"원달러 환율 1500원 넘길까…한은 “현 상황, 과거와 달라”",2026-03-04 15:14:54,domestic_bond
기준금리,"“빚투 32조, 더 이상 안돼요”…증권사들, 신용거래 일시 중단",2026-03-04 15:54:27,domestic_bond
기준금리,코스피 5100 붕괴·환율 1500원 돌파 … 유독 충격에 약한 韓경제 [사설],2026-03-04 17:00:53,domestic_bond
기준금리,“이란 전쟁에 한국·대만 특히 취약”…모건스탠리 콕 집어 ‘인플레’ 경고 이유,2026-03-04 17:34:02,domestic_bond
기준금리,强달러에 원화값 급락 … 17년 만에 '1500원대' 위기,2026-03-04 17:53:15,domestic_bond
기준금리,폭격 맞은 원화값…17년 만에 ‘1500원대’ 위기,2026-03-04 20:01:18,domestic_bond
기준금리,"서울 15억 이하 ‘불장’, 눈여겨볼 단지는",2026-03-04 21:00:00,domestic_bond
기준금리,“살기 힘들어 가게 하나 열었는데”…‘벼랑 끝’ 개인사업자 연체율 보니 ‘맙소사’,2026-03-05 09:20:27,domestic_bond
기준금리,“보증금 낮추고 일부 월세로 낼게요”…전셋값 고공행진에 반전세 계약 늘어,2026-03-05 10:05:39,domestic_bond
기준금리,구윤철 “휘발유가격 담합 엄단…오늘 장관회의 소집해 시정조치”,2026-03-05 10:34:03,domestic_bond
기준금리,“환율 1550원까지 뛸 수도”…전쟁 장기화 우려 속 수혜주 찾아라,2026-03-05 13:23:17,domestic_bond
기준금리,“이란전은 투자 저가매수 기회…WTI 85달러 마지노선”,2026-03-05 16:38:17,domestic_bond
기준금리,"""예금은 밋밋해""… 올 은행판매 ETF에 16.8조 뭉칫돈",2026-03-05 17:38:42,domestic_bond
기준금리,"보험사, 주담대·신용대출 금리 낮춘다",2026-03-05 17:38:43,domestic_bond
기준금리,아파트 시대 끝? 다시 주목받는 꼬마빌딩 [감평사의 부동산 현장진단],2026-03-05 21:00:00,domestic_bond
기준금리,"시리우스 XM 홀딩스, 2026년 만기 채권 5억 달러 조기 매수..재무구조 개선",2026-03-05 22:38:54,domestic_bond
기준금리,“내 노후 책임질 연금이었는데…” 최후의 보루 401K 깨는 미국인들,2026-03-06 06:02:35,domestic_bond
기준금리,"메트라이프, 시리즈 A 우선주 배당금 주당 0.32달러 확정",2026-03-06 06:26:18,domestic_bond
기준금리,“남들은 돈 복사 한다는데”…은행서도 예금 대신 ETF에 16조 뭉칫돈,2026-03-06 06:26:19,domestic_bond
기준금리,JP모건 “美 금리인하 사이클 종료”…유가 충격에 물가 불확실성↑,2026-03-06 06:31:33,domestic_bond
기준금리,"엘링턴 파이낸셜, 1월 말 주당 장부가 13.31달러 집계",2026-03-06 07:16:54,domestic_bond
기준금리,신한證 “증권주 펀더멘털 탄탄…변동성 확대 구간에서 분할매수 전략 유효”,2026-03-06 08:47:48,domestic_bond
기준금리,"현대차, 렌터카 업체 대상 ‘최대 100만원 할인 상생 프로모션’ 확대",2026-03-06 09:10:07,domestic_bond
기준금리,"존 그레이 블랙스톤 사장 “반도체, 21세기 ‘곡괭이와 삽’…K컬처 금맥” [Interview]",2026-03-06 14:33:26,domestic_bond
기준금리,‘테크 리딩뱅크’ 약속은 현실이 됐다…최우형 케이뱅크 은행장 [CEO 라운지],2026-03-06 14:38:28,domestic_bond
기준금리,‘이란 사태’ 이후 폭락했던 韓 증시 ‘패닉셀’이었나…주도주 매수 기회?,2026-03-06 14:39:09,domestic_bond
기준금리,"환율·유가·증시 3중 충격...이란發 쇼크, 한국 경제 버틸 수 있나",2026-03-06 14:40:19,domestic_bond
기준금리,“콘셉트가 좋다고 장사가 되는 건 아니다” 식당이 오래 살아남는 진짜 이유 [똑똑한 장사],2026-03-06 16:02:51,domestic_bond
기준금리,국제 위상 높아진 위안화…자금 유입 2000억弗 최대,2026-03-06 17:40:24,domestic_bond
기준금리,호르무즈 통과 유조선 0척 … 유가 배럴당 150달러 전망까지,2026-03-06 17:41:10,domestic_bond
기준금리,물가 자극할라…유가관리 총력,2026-03-06 17:41:11,domestic_bond
기준금리,호르무즈 통과하는 유조선 ‘0’…“유가 배럴당 150달러” 전망까지,2026-03-06 18:53:19,domestic_bond
기준금리,"앱티브, 최대 13억5000만 달러 규모 채권 공개 매수 단행",2026-03-06 22:03:53,domestic_bond
기준금리,美고용 9만2천명 감소 커지는 경기침체 공포,2026-03-06 23:14:35,domestic_bond
기준금리,“신용카드 잘못 썼다 빚더미”…돈 버는 카드 활용법 따로 있다 [캥거루족 탈출기⑧],2026-03-07 17:12:37,domestic_bond
기준금리,"“코스피 의심하지 말지어다”…증시 폭락하던 날, 은행 마통 파서 주식계좌 쐈다",2026-03-08 10:06:20,domestic_bond
기준금리,카드론도 안 나가네…카드사들 ‘울며 겨자먹기’ 금리 인하,2026-03-08 12:36:30,domestic_bond
기준금리,“어머 지금 사야돼”...빚투 개미들 마통 잔액 1.3조원 급증,2026-03-08 14:59:19,domestic_bond
기준금리,"“김병장, 충성론 받아서 주식·코인하나?”…현역병 ‘연 20%’ 대부업 대출만 242억",2026-03-08 16:01:51,domestic_bond
기준금리,[기고] K방산 롱런의 조건 '현지 생산',2026-03-08 17:18:02,domestic_bond
기준금리,이란發 급락장에 '빚투'… 사흘새 마통 1.3조 폭증,2026-03-08 17:53:49,domestic_bond
기준금리,"“바겐세일 기회 아닌가요”…이란발 급락장, 닷새만에 마통 1.3조 폭증",2026-03-08 19:04:23,domestic_bond
기준금리,휘발유값 리터당 2000원 눈앞…구윤철 “폭리요금 단호하게 대응”,2026-03-08 19:44:26,domestic_bond
기준금리,"금리 변동성 뚫고…신한지주, 신종자본증권 발행 순항",2026-03-09 08:48:09,domestic_bond
기준금리,연초까지 무섭게 치솟더니…강남·용산 고가 아파트값 상승세 위축 뚜렷,2026-03-09 10:52:02,domestic_bond
기준금리,"[속보] 정부, 강호동 농협회장 등 ‘횡령·금품수수’ 수사 의뢰",2026-03-09 11:01:41,domestic_bond
기준금리,"“6천피는 언제나 회복?”…‘롤러코스터’ 코스피, 美 물가지표·국제유가 ‘촉각’",2026-03-09 11:11:04,domestic_bond
기준금리,"작년 4만명 자영업자 몰린 안심통장, 올해도 출시된다",2026-03-09 11:15:00,domestic_bond
기준금리,“공포에 사자”...강제청산 리스크 무릅쓰고 개미들 ‘풀베팅’,2026-03-09 16:12:04,domestic_bond
기준금리,이란 유전 폭격에 요동친 금융시장,2026-03-09 17:24:46,domestic_bond
기준금리,[특파원칼럼] 워시 효과 날려버렸다 … 트럼프의 적은 트럼프,2026-03-09 17:39:40,domestic_bond
기준금리,한은 구두개입에도 … 원화값 17년래 최저,2026-03-09 17:54:05,domestic_bond
기준금리,인플레 우려에 … 국채금리 21개월래 최고,2026-03-09 17:54:06,domestic_bond
기준금리,유가 119弗 쇼크…아시아증시 '패닉',2026-03-09 17:54:44,domestic_bond
기준금리,"아메리칸 스트래티직 인베스트먼트, 26일 4분기 및 연간 실적 발표 예정",2026-03-09 19:04:58,domestic_bond
기준금리,"W&T 오프쇼어, 2025년 매출 5억 달러..EPS 1.01달러 적자",2026-03-09 19:57:05,domestic_bond
기준금리,유가 119달러 쇼크에 아시아증시 ‘패닉’…코스피 6% 폭락,2026-03-09 22:27:39,domestic_bond
기준금리,"엘링턴 파이낸셜, 보통주 월배당 0.13달러·시가배당률 13% 유지",2026-03-10 06:15:51,domestic_bond
기준금리,“유가 100달러 돌파”…원유 부국 브라질이 못 웃는 이유,2026-03-10 09:24:59,domestic_bond
기준금리,"“4년간의 담금질”…기아, 상품성 개선 ‘더 뉴 니로’ 계약 시작",2026-03-10 10:26:55,domestic_bond
기준금리,"“유가 100불, 올것이 왔다”…韓 경제성장률 전망치 낮아지나",2026-03-10 12:00:00,domestic_bond
기준금리,양극화의 그늘 … 채무조정 신청 20만건 돌파,2026-03-10 17:25:21,domestic_bond
기준금리,'생산적 금융' 팔걷은 국민銀 … 중기 대상 저금리 대출 2배로,2026-03-10 17:25:21,domestic_bond
기준금리,"중동 불안 뚫고…회사채 발행 나선 해태제과식품, 발행 비용 낮추며 흥행",2026-03-10 18:17:58,domestic_bond
기준금리,"파이낸스 오브 아메리카 컴퍼니스, 2025년 EPS 175% 급증·펀딩 24억달러",2026-03-11 05:10:33,domestic_bond
기준금리,"발히, 4분기 순손실 5320만 달러..화학 부문 부진으로 적자전환",2026-03-11 05:19:36,domestic_bond
기준금리,"“코로나 때 진 빚, 인생의 족쇄네요”…‘못 갚겠다’ 신청 20만건 넘었다",2026-03-11 06:02:31,domestic_bond
기준금리,20년할부 아파트·보증금지원 원룸까지…서울시 7.4만 청년주택 공급,2026-03-11 06:03:13,domestic_bond
기준금리,"“요즘 국장, 코인판 같아요”…변동성 커진 W자 증시, 공포 언제 끝나나",2026-03-11 09:06:58,domestic_bond
기준금리,"“0.1% 더 드릴게, 그만 빼시죠”…증시로 돈 몰리자 은행 예금금리 줄인상",2026-03-11 10:20:40,domestic_bond
기준금리,"미래에셋증권, 개인투자용국채 이달 청약",2026-03-11 13:06:58,domestic_bond
기준금리,"수익성 비상에 주고객 외면?…지방은행 대출, 대기업 늘고 중소기업 줄고",2026-03-11 13:43:22,domestic_bond
기준금리,33조 역대급 ‘빚투’ 주의보...금감원 “리스크 관리” 강조,2026-03-11 15:20:17,domestic_bond
기준금리,"자금난 호소한 광주 기업들…광주상의, 금융기관과 지원 해법 모색",2026-03-11 15:48:38,domestic_bond
기준금리,“서울 옆 사무실 자리 있나요”…합리적 비용·효율적 업무환경 따지는 기업들,2026-03-11 16:20:46,domestic_bond
기준금리,"NH증권, IMA 3호 사업자 눈앞",2026-03-11 17:49:49,domestic_bond
기준금리,"수자노 파펠 에 셀루로스, 1억7900만 헤알 규모 15년 만기 채권 발행 승인",2026-03-11 19:06:15,domestic_bond
기준금리,"피프스 써드 뱅코프, 2026년 1분기 순이자수익 19억3000만 달러 전망",2026-03-11 21:02:05,domestic_bond
기준금리,"애셋 엔터티스, SATA 배당률 12.75%로 상향·주당 1.06달러 지급",2026-03-11 21:02:35,domestic_bond
기준금리,"에이치비티 파이낸셜, 8천500만 달러 후순위채 발행..자본 확충",2026-03-12 05:24:18,domestic_bond
기준금리,이란 전쟁에 미국 금리인하 물건너가나…미국채 10년물 4.2% 넘어,2026-03-12 10:21:15,domestic_bond
기준금리,"“서울 지역 사장님들, 마통 뚫으세요” 카뱅·케뱅, 소상공인 전용 상품 출시",2026-03-12 11:15:13,domestic_bond
기준금리,강남부터 흔들린 아파트값 … 5월 9일 이후 '보유세'가 분수령,2026-03-12 16:14:06,domestic_bond
기준금리,"[매경의 창] 시장 이기는 정부, 정부 이기는 시장",2026-03-12 17:03:01,domestic_bond
기준금리,"'화약고' 호르무즈 리스크에…당국, 보험사 선박보험 점검",2026-03-12 17:42:50,domestic_bond
기준금리,"""중동전쟁에 불확실성 커져"" … 한은, 통화정책 중립모드로",2026-03-12 17:46:02,domestic_bond
기준금리,"라이프라스, 2025년 매출 1159억 엔..순이익 22% 감소",2026-03-13 05:07:16,domestic_bond
기준금리,“주가 어디로 튈지 모르겠다고? 이걸 알면 보이던데”…채권고수의 투자노트 엿보니,2026-03-13 08:00:00,domestic_bond
기준금리,애큐온 매각 ‘속도’… 안정성에 원매자 ‘관심’,2026-03-13 08:50:22,domestic_bond
기준금리,“이란 소식 불안감에 잠못 이룰 판”…삼전닉스 4%대 하락 출발,2026-03-13 10:10:43,domestic_bond
기준금리,롤러코스터 증시에 영향력 커진 ETF…순자산 400조 육박·1조 클럽 78개,2026-03-13 10:58:01,domestic_bond
기준금리,헤일로·수니콘·특정금전신탁 [This Week 경제용어],2026-03-13 15:41:32,domestic_bond
기준금리,"美 전역 기름값 3달러 넘어, 호르무즈 쇼크 덮쳤다 [홍키자의 매일뉴욕]",2026-03-13 15:43:14,domestic_bond
기준금리,천당과 지옥 사이…코스피의 줄타기,2026-03-13 15:47:05,domestic_bond
기준금리,과열이냐 K디스카운트 해소냐…숨 가쁜 코스피 랠리의 두 얼굴,2026-03-13 15:47:26,domestic_bond
기준금리,청약 고민 중?…안 보면 후회할 9곳,2026-03-13 15:48:38,domestic_bond
기준금리,식당이 미디어가 되는 시대…외식 브랜드의 ‘미디어화 전략’ [똑똑한 장사],2026-03-13 16:30:47,domestic_bond
기준금리,"BRT 아파트먼트, 4Q 순손실 432만 달러..FFO는 주당 0.26달러",2026-03-13 19:03:01,domestic_bond
기준금리,"벨로시티 파이낸셜, 4분기 순이익 3480만 달러..전년비 69% 증가",2026-03-13 19:03:31,domestic_bond
기준금리,고유가·저성장 이중고 … 美 금리인하 딜레마 커져,2026-03-13 23:17:21,domestic_bond
기준금리,"뉴텍 비즈니스 서비스, 보통주 배당 주당 0.19달러 결정..4월 1일 지급",2026-03-14 01:30:00,domestic_bond
기준금리,"아머 레지던셜 REIT, 포트폴리오 214억 달러·배당수익률 16% 유지",2026-03-14 05:16:00,domestic_bond
기준금리,"인베스코 모기지 캐피탈, 3월 배당 주당 0.12달러 선언..4월 14일 지급",2026-03-14 06:20:51,domestic_bond
기준금리,전쟁 나면 올랐던 금값...美·이란 전쟁서 추락한 이유는,2026-03-14 06:26:00,domestic_bond
기준금리,유가 폭등에 발등 찍힌 트럼프…인플레 우려에 금리인하 물건너가나,2026-03-14 06:28:18,domestic_bond
기준금리,유가 꿈틀에 환율 또 1500원 뚫렸다,2026-03-14 09:19:55,domestic_bond
기준금리,"“롤러코스피인데 빚투 31조, 선넘겠다”…증권사 줄줄이 신용융자 중단",2026-03-15 07:33:32,domestic_bond
기준금리,외국인 쫓아갔더니 돈이 복사…짧은 댓글 하나로 한 달새 1000억 ETF 비결,2026-03-15 10:09:41,domestic_bond
기준금리,"“근본적 경영체질 개선”…롯데건설, 대표·임원·팀장급 한 자리 모였다",2026-03-15 17:22:43,domestic_bond
기준금리,금리인하 요구권 수용률 '쑥' 작년 가계이자 감면액 337억,2026-03-15 17:38:03,domestic_bond
기준금리,[이번주 증시 예보] 미국 FOMC·엔비디아 개발자회의 주목,2026-03-15 17:39:47,domestic_bond
기준금리,원자재 불장 찾아왔지만…품목별 시세 등락 심해 '사이클' 잘 올라타야,2026-03-15 17:39:48,domestic_bond
기준금리,"임시일용직 소득, 건설 한파로 14년만에 감소",2026-03-15 17:54:23,domestic_bond
기준금리,“정 안되면 노가다라도 뛰어야지”…그마저도 월급 깎인 174만원,2026-03-15 18:25:31,domestic_bond
기준금리,“이자 달란대로 다 주면 바보되죠”…남들은 337억 아꼈다는데,2026-03-15 21:00:19,domestic_bond
기준금리,3월 FOMC 앞둔 한국증시 2중고 ‘중동리스크·인플레’,2026-03-16 09:00:06,domestic_bond
기준금리,“이번주 증시도 롤러코스터?”…유가 악재 속 마이크론 실적·엔비디아 GTC 등 주목,2026-03-16 09:51:39,domestic_bond
기준금리,조달비용 치솟는 카드사…“내 카드 혜택 줄어들까” 촉각,2026-03-16 13:26:17,domestic_bond
기준금리,"한양증권, 연 3.5% 이자 RP 첫 특판",2026-03-16 13:27:34,domestic_bond
기준금리,"서울 집값 상승률, 작년 9월 이후 최저치 찍었다",2026-03-16 14:19:02,domestic_bond
기준금리,"대신증권, 美 장기채 상품 ‘환오픈형·환헤지형·타겟수익형’으로 세분화",2026-03-16 14:23:24,domestic_bond
기준금리,"""금고는 지방의 마지막 금융보루…건전성 개선해 국민 사랑방될 것""",2026-03-16 17:23:05,domestic_bond
기준금리,환율 1500원 '뉴노멀' 돼선 안된다 [사설],2026-03-16 17:23:33,domestic_bond
기준금리,[매경이코노미스트] 국부의 본질과 원인,2026-03-16 17:23:35,domestic_bond
기준금리,"한양證, 연 3.5% RP 첫 특판",2026-03-16 17:38:50,domestic_bond
기준금리,"그레이스톤 하우징 임팩트 인베스터스, 4분기 순손실 260만 달러..주당 0.17달러 적자",2026-03-17 05:26:49,domestic_bond
기준금리,"이란사태 1년 넘게 이어지면…한국, 최악 상황 시나리오별 분석보니",2026-03-17 08:57:17,domestic_bond
기준금리,“새마을금고는 지방의 마지막 금융보루...건전성 개선해 국민 사랑방될 것”,2026-03-17 09:16:33,domestic_bond
기준금리,금융사 해외 부동산 55조… 전분기 대비 6000억 늘어,2026-03-17 13:13:20,domestic_bond
기준금리,"한은 금통위원 “환율, 걱정할 단계는 아냐…기준금리는 온도차 크다”",2026-03-17 15:35:15,domestic_bond
기준금리,"이수형 위원 “중동 전쟁, 물가·성장에 부담…정확한 영향은 장기화 여부 봐야”",2026-03-17 15:40:29,domestic_bond
기준금리,중동發 에너지 쇼크에 호주 선제적 금리인상,2026-03-17 17:59:47,domestic_bond
기준금리,‘이란 긴장·유가 반등’ 뚫고 3대 지수 소폭 상승...18일 연준 기자회견에 관심 집중 [월가월부],2026-03-18 06:32:37,domestic_bond
기준금리,고유가에도 3대 지수 연일 상승…소폭 반등세 [뉴욕증시],2026-03-18 08:59:11,domestic_bond
기준금리,"전쟁나면 하수는 금, 고수는 코인 산다는데…‘60일 단타법칙’ 있었다",2026-03-18 10:13:26,domestic_bond
기준금리,"호주 중앙은행 전격 금리인상, 금리인하 시작도 전에 끝? [홍키자의 매일뉴욕]",2026-03-18 10:56:23,domestic_bond
기준금리,“중동쇼크에 날뛰던 증시서 발 뺐나”…코스피 거래대금 절반 ‘뚝’ 관망세로,2026-03-18 11:10:56,domestic_bond
기준금리,"“사장님 대출 더 싸게 갈아타세요”…인뱅·핀테크, ‘개인사업자 대환’ 시작",2026-03-18 16:48:01,domestic_bond
기준금리,"액티브 ETF 전성시대 ‘코스닥 액티브 ETF’ 3월 상장, 투자해볼까?",2026-03-18 17:55:24,domestic_bond
기준금리,美 2월 생산자물가 전년대비 3.4% 급등,2026-03-18 23:13:15,domestic_bond
기준금리,[속보] 美 연준 2연속 금리동결…올해 ‘1회 인하’ 전망 유지,2026-03-19 03:02:03,domestic_bond
기준금리,“10년 넣었는데 2.3%가 뭐니?”…수익률 낮은 퇴직연금 퇴출한다,2026-03-19 03:37:21,domestic_bond
기준금리,美 올해 1회 금리인하…파월 “스태그플레이션 아니다”,2026-03-19 05:23:59,domestic_bond
기준금리,"사쳄 캐피탈, 2025회계연도 183만 달러 순이익..흑자 전환 성공",2026-03-19 06:11:54,domestic_bond
기준금리,이란 가스전 피격에 유가 폭등...악재 겹치며 1%대 급락 [뉴욕증시],2026-03-19 08:56:00,domestic_bond
기준금리,"코스피, 국제유가 급등·美기준금리 동결에 2%대 급락…원화값 1500원대",2026-03-19 09:35:00,domestic_bond
기준금리,[임성현 특파원의 월스트리트 인사이트] 커지는 미국 경제 불확실성...차기 연준 의장이 가져올 변화는,2026-03-19 09:36:52,domestic_bond
기준금리,트럼프 때려도 무죄라는 이 기업…역대급 실적 묻어버린 전쟁 악재,2026-03-19 09:37:22,domestic_bond
기준금리,한은도 4월에 금리 ‘동결’ 가능성…이란 사태로 환율·물가 압박 커져,2026-03-19 09:43:25,domestic_bond
기준금리,미국투자이민 EB-5 시장의 변곡점… 왜 지금 ‘인프라 투자이민’인가,2026-03-19 11:00:00,domestic_bond
기준금리,"수신 확보 나선 저축銀…웰컴저축은행, 정기예금 금리 연 3.3%까지 올렸다",2026-03-19 11:08:30,domestic_bond
기준금리,"“유가 치솟고 환율은 껑충 뛰고”…‘고민 깊어지는’ 한은, 금리 7연속 동결할 듯",2026-03-19 11:15:39,domestic_bond
기준금리,당정 “추경에 중기·소상공인 유가부담 완화 지원 필요”,2026-03-19 11:39:52,domestic_bond
기준금리,"일본은행, 기준금리 2회 연속 동결…0.75% 유지",2026-03-19 12:19:01,domestic_bond
기준금리,"“금리보다 유가가 더 무섭다”…증권가, 3월 FOMC에 ‘긴축 장기화’ 무게",2026-03-19 14:06:03,domestic_bond
기준금리,“카드사 이익 줄고 캐피탈·리스는 급증”…엇갈린 실적,2026-03-19 15:00:34,domestic_bond
기준금리,하락은 매수 기회…‘국장’ 대장주 줍줍 [주식 초고수는 지금],2026-03-19 15:50:29,domestic_bond
기준금리,"""이란발 침체 극복""… 경남, 전 도민에 '10만원' 민생지원금",2026-03-19 17:39:28,domestic_bond
기준금리,고유가 여파에…日·英·유로존도 동결,2026-03-19 17:57:27,domestic_bond
기준금리,"파월 ""전쟁영향 단기적…연내 1회 인하 유지""",2026-03-19 17:57:27,domestic_bond
기준금리,"포워드 인더스트리즈, 2740만 달러 규모 자사주 매입..주당 SOL 보유량 29% 증가",2026-03-19 21:02:02,domestic_bond
기준금리,"영국, 기준금리 3.75% 유지…인하 문구 삭제에 시장 ‘긴장’",2026-03-19 22:04:54,domestic_bond
기준금리,"캠든 프로퍼티, 15억 달러 규모 신용계약 개정·연장 체결",2026-03-20 02:54:59,domestic_bond
기준금리,"아다마스 트러스트, 보통주 배당 0.23달러·우선주 배당 동시 선언",2026-03-20 05:14:35,domestic_bond
기준금리,"서드 코스트 뱅크셰어스, 시리즈A 우선주 배당 주당 16.88달러 확정",2026-03-20 05:22:18,domestic_bond
기준금리,비트코인 사모으기 위해 ‘디지털 크레딧’ 발행…스트래티지 이어 일본 메타플래닛도 합류,2026-03-20 09:02:53,domestic_bond
기준금리,“안전자산이라 생각했는데”…치솟던 ‘금값’ 최근 연일 급락세,2026-03-20 11:20:27,domestic_bond
기준금리,왜 세계는 다시 ‘하드 머니’를 찾는가 [홍익희의 비트코인 이야기],2026-03-20 15:55:42,domestic_bond
기준금리,코픽스 반등…커지는 주담대 금리 공포 [데이터로 보는 세상],2026-03-20 15:56:13,domestic_bond
기준금리,"불황에도 팔리는 식당의 조건…외식업, 살아남는 구조는 따로 있다 [똑똑한 장사]",2026-03-20 15:57:25,domestic_bond
기준금리,‘현금 부자’ 삼전닉스…예금한대도 국내 은행 ‘NO’ 왜?,2026-03-20 16:02:59,domestic_bond
기준금리,떨고 있는 美 사모대출…AGAIN 2008? [스페셜 리포트],2026-03-20 16:03:19,domestic_bond
기준금리,한일 2030 설문조사…당신은 행복하십니까? [스페셜 리포트],2026-03-20 16:03:29,domestic_bond
기준금리,눈에 띄는 CEO…은행·증권 호시절 이끈 ‘실적의 거인들’,2026-03-20 16:04:57,domestic_bond
기준금리,안전자산 아니었나…전쟁통에 금값 빛 바랜 이유는,2026-03-20 17:00:16,domestic_bond
기준금리,"""이자도 못내"" 은행 부실대출 1년새 21% '쑥'",2026-03-20 17:39:49,domestic_bond
기준금리,"“악성 부실대출 4조, 돈버는 속도보다 빨리 늘어”…은행들 초긴장",2026-03-20 19:14:33,domestic_bond
기준금리,"나스닥-블록체인, 미국 증권 토큰화 시대 열렸다[엠블록레터]",2026-03-20 19:34:38,domestic_bond
기준금리,"“억소리 나도 과감히 투자”...슈퍼리치들 꽂힌 프리미엄 회원권, 뭐길래",2026-03-21 22:54:38,domestic_bond
기준금리,“요즘에 누가 코인하고 미장가니?”…이달 동학개미 순매수 역대최대 ‘눈앞’,2026-03-22 11:30:27,domestic_bond
기준금리,"“대출이자 저희가 부담할게요”...피 흘리는 재건축 수주전, 아파트 품질 ‘우려’",2026-03-22 12:35:04,domestic_bond
기준금리,[속보] 한은총재에 내정된 신현송…고유가에도 “통화정책 신중해야”,2026-03-22 15:56:02,domestic_bond
기준금리,'버핏 픽' 금융·에너지株 주목 … 중동전쟁 피난처로 부상,2026-03-22 16:48:43,domestic_bond
기준금리,[경제 프리즘] 한국경제의 취약성 '가격의 울퉁불퉁함',2026-03-22 16:49:46,domestic_bond
기준금리,"""대출이자 내드릴게요"" 재건축 수주 출혈경쟁",2026-03-22 17:18:14,domestic_bond
기준금리,"소상공인을 돕는 일, 중장년의 새로운 일자리가 되다 [신철호의 실전 인생2막]",2026-03-22 22:46:33,domestic_bond
기준금리,"""물가·성장 균형있는 통화정책 고민"" 시장안정과 경제활력 사이 시험대",2026-03-22 22:48:27,domestic_bond
기준금리,"신현송, 금융위기때 외환규제 3종 주도…시장관리 능력 검증된 ‘국제통’",2026-03-22 23:25:39,domestic_bond
기준금리,국가총부채 6500조원 넘어…정부·가계·기업 빚 1년 새 4.5% 늘어,2026-03-23 07:08:16,domestic_bond
기준금리,“나중에 공사비 더 내라면 곤란한데”…강남 재건축 ‘대출금리 출혈경쟁’,2026-03-23 07:21:35,domestic_bond
기준금리,새 한은총재 “일시적 충격에 반응 말아야”…4월 기준금리 동결에 무게,2026-03-23 08:05:37,domestic_bond
기준금리,“돈 빌릴 곳이 없네”…서민들 고금리 카드론·대부업으로 몰린다,2026-03-23 08:49:27,domestic_bond
기준금리,"KSS해운, 작년 매출 5614억 ‘역대 최대’...가스선 선대 확장 주효",2026-03-23 10:12:30,domestic_bond
기준금리,반도체 대장주 ‘저점매수’ 나섰다 [주식 초고수는 지금],2026-03-23 10:40:51,domestic_bond
기준금리,"한손엔 투자, 한손엔 상생 … K 대도약, 금융이 이끈다",2026-03-23 16:01:31,domestic_bond
기준금리,"NH농협금융, '지역 밀착형' 금융으로 승부수",2026-03-23 16:03:17,domestic_bond
기준금리,"""발행어음 경쟁력은 리스크 관리서 판가름""",2026-03-23 16:42:03,domestic_bond
기준금리,“2금융권 내몰리는 20대”...10명 중 3명이 연 15% 넘는 고금리 부담,2026-03-23 17:29:58,domestic_bond
기준금리,"코어 사이언티픽, 신용시설 10억 달러 확대..JP모건 5억 달러 추가 약정",2026-03-23 21:32:20,domestic_bond
기준금리,트럼프 말 한마디에 널뛰는 환율…1517원→1491원으로 ‘뚝’,2026-03-23 22:42:42,domestic_bond
기준금리,8거래일만에 100달러 밑으로 떨어진 유가...뉴욕증시 3대 지수 모두 1.5% 이상 상승 [월가월부],2026-03-24 05:32:02,domestic_bond
기준금리,길고 긴 ‘크립토 겨울’…AI·RWA로 모닥불 지핀다,2026-03-24 09:08:02,domestic_bond
기준금리,“숨만 쉬고 26년 모아야 내 집 마련”…서울 아파트값 작년 월평균 임금 312배,2026-03-24 09:28:25,domestic_bond
기준금리,“개미들 정말 탈탈 털린다”…주식 계좌서 ‘쓰윽’ 빠지는 ‘이것’ 뭐길래,2026-03-24 09:55:59,domestic_bond
기준금리,"“전쟁 나면 올랐는데”…금값 추락, 반등 신호 언제 나오나",2026-03-24 11:12:32,domestic_bond
기준금리,이란전쟁 불확실성에…채권형 ETF 자금 유입 활발,2026-03-24 15:15:11,domestic_bond
기준금리,"AI가 20일 뒤 환율까지 맞춘다…코어16, 일간 예측 서비스 출시",2026-03-24 15:58:57,domestic_bond
기준금리,"""발행어음, 모험자본 비중 35%로 늘릴것""",2026-03-24 17:38:25,domestic_bond
기준금리,이달에만 코스피 22조원 던진 외국인,2026-03-24 17:41:04,domestic_bond
기준금리,“외국인 너무 던지는데 괜찮겠지?”…고환율·차익실현 22조 순매도,2026-03-24 21:37:20,domestic_bond
기준금리,"“물가 뛴다고 난리인데, 누가 돈 쓰겠나”…3월 소비심리지수 ‘뚝’",2026-03-25 09:36:30,domestic_bond
기준금리,"경과원, ‘경기가족친화기업’ 인증 설명회 개최…가족친화기업 74종 인센티브 확대",2026-03-25 10:29:10,domestic_bond
기준금리,고객 700만·대출 4조 시대…은행권 외국인금융 공략,2026-03-25 14:14:20,domestic_bond
기준금리,“같은 신용등급인데 왜 이자 더 내?”…지방은행 카드론 금리가 더 비싼 이유,2026-03-25 14:26:20,domestic_bond
기준금리,코인 빙하기에 거래소 영업익 38% ‘뚝’…개미들은 실탄 ‘8조’ 장전,2026-03-25 15:03:38,domestic_bond
기준금리,"“진작 팔걸, 전쟁 끝나면 오르려나?”…깜짝 반등한 금값 전문가 전망은",2026-03-25 16:22:21,domestic_bond
기준금리,코인 빙하기에 거래소 영업익 38% '뚝',2026-03-25 17:39:19,domestic_bond
기준금리,인플레 공포에 … 美장기채 ETF 투자자 눈물,2026-03-25 17:42:04,domestic_bond
기준금리,"""108조 잡아라""… 은행, 지자체 금고쟁탈전",2026-03-25 18:04:07,domestic_bond
기준금리,"엘링턴 파이낸셜, 2월 말 추정 장부가치 주당 13.47달러 발표",2026-03-25 19:04:23,domestic_bond
기준금리,"“보험사들, 거시경제 우려에도 올해 美증시 낙관”…골드만삭스 설문조사",2026-03-25 20:01:00,domestic_bond
기준금리,"리튬 아르헨티나, 간펭 자회사와 1억3000만 달러 대출 계약 체결",2026-03-26 04:37:06,domestic_bond
기준금리,"모디브, 4분기 흑자전환·AFFO 15% 증가..자산재배치 본격화",2026-03-26 05:13:05,domestic_bond
기준금리,"아머 레지던셜 REIT, 4월 배당금 주당 0.24달러 결정",2026-03-26 05:21:30,domestic_bond
기준금리,“10만원 겨우 닷새 밀렸는데”…연체정보 바로 여기로 간다,2026-03-26 08:39:23,domestic_bond
기준금리,“휴전 기대감에 위험자산 랠리”…뉴욕증시 3대 지수 동반 상승 [뉴욕증시],2026-03-26 09:19:57,domestic_bond
기준금리,“370만원 착오송금後 즉시 반환 요청했는데 은행서 안돌려줘”…대체 무슨 일,2026-03-26 09:22:21,domestic_bond
기준금리,“있는 재산 다 팔아도 빚 못갚아”…고위험가구 셋 중 하나는 2030,2026-03-26 13:36:44,domestic_bond
기준금리,“총량 죄는데 포용은 늘리라니”…엇박자 정책 속 ‘인뱅 리스크’ 전가 우려,2026-03-26 15:35:30,domestic_bond
기준금리,"이찬진 “빚투, 2030 충격 경계…시장규모 대비 과하진 않아”",2026-03-26 16:01:05,domestic_bond
기준금리,NH투자증권 1호 IMA 출시…‘연 4%’ 4000억원 모집,2026-03-26 16:07:48,domestic_bond
기준금리,미래에셋증권 ‘IMA 2호’ 이틀만에 1000억 완판,2026-03-26 16:57:02,domestic_bond
기준금리,"“두고보세요, 연내 코스피 6천대 후반갑니다”…운용사 본부장, 호언장담 배경 들어보니",2026-03-26 17:06:45,domestic_bond
기준금리,"양도세 중과 코앞, 10억 뚝뚝 … 퍼렇게 질린 한강벨트",2026-03-26 17:47:41,domestic_bond
기준금리,"""코스피 올해 안에 6천대 후반 가능""",2026-03-26 17:52:31,domestic_bond
기준금리,'年4% 수익' NH증권 1호 IMA 4천억 모집,2026-03-26 17:53:45,domestic_bond
기준금리,"국고채 금리 급등에 … 정부, 5조 조기상환 나서",2026-03-26 17:56:11,domestic_bond
기준금리,"한국 경제 성장률 전망 2.1→1.7%로 OECD ""전쟁 장기화땐 에너지 부담""",2026-03-26 19:36:01,domestic_bond
기준금리,"뉴욕증시, 중동 협상기대감 후퇴에 하락…나스닥 2.4% 급락 조정 진입? [월가월부]",2026-03-27 05:14:00,domestic_bond
기준금리,"와이어하우저, 2030년까지 15억 달러 EBITDA 증대 목표 발표",2026-03-27 05:19:40,domestic_bond
기준금리,"코스피, ‘금리·터보퀀트·전쟁’ 트리플 악재에 2.9% 하락 출발…5200선 후퇴",2026-03-27 09:45:54,domestic_bond
기준금리,10년 동안 안 담고 뭐한거니…뒤늦은 월가 큰손들의 자산대이동,2026-03-27 11:05:24,domestic_bond
기준금리,"“집 사기 힘든데 또 오르네”…주담대 27개월來 최고치, 이자 공포 커진다",2026-03-27 14:21:29,domestic_bond
기준금리,"교직원공제회, 자산 85조원 돌파… 12년 연속 흑자",2026-03-27 14:25:24,domestic_bond
기준금리,"규제 불확실성의 악재, 국내 가상자산 산업 골든타임을 잃나[엠블록레터]",2026-03-27 14:27:14,domestic_bond
기준금리,SBI저축은행 품고 종합금융 ‘길’ 열다…신창재 교보생명 회장 [CEO 라운지],2026-03-27 16:00:51,domestic_bond
기준금리,새로 쓰는 산업 지도...원전 인프라 뜨고 전력 다소비 제조 흔들,2026-03-27 16:02:09,domestic_bond
기준금리,전직 ‘김 부장’도 억대 수입…‘경험자본가’ 떴다 [스페셜 리포트],2026-03-27 16:03:36,domestic_bond
기준금리,"성장률 올리려다 물가 기름부을라 …""美 내년까지 금리 못내려""",2026-03-27 17:50:49,domestic_bond
기준금리,[뉴스&분석] 물가공포 현실로…길잃은 통화정책,2026-03-27 18:01:10,domestic_bond
기준금리,"시브릿지 골드, 2025년 순손실 5,320만 달러..전년비 적자 확대",2026-03-27 23:43:00,domestic_bond
기준금리,"로저스 커뮤니케이션, 7억5000만 달러 규모 후순위 채권 발행",2026-03-28 05:40:12,domestic_bond
기준금리,"매경이 전하는 세상의 지식 (매-세-지, 3월 28일)",2026-03-28 07:00:00,domestic_bond
기준금리,"개미 살 때 외국인은 팔았다…삼전, 외인 지분율 12년 만에 최저치",2026-03-28 15:56:13,domestic_bond
기준금리,“일단 이렇게 1억부터 만들어”…캥거루 시절이 저축 ‘골든타임’ [캥거루족 탈출기⑪],2026-03-29 07:21:05,domestic_bond
기준금리,“대통령 측근이 기밀로 사익챙겨”…백악관 저격한 노벨상 크루그먼 [이번주인공],2026-03-29 09:17:55,domestic_bond
기준금리,“25조 쏟아부어도 역부족”…한국 경제성장률 ‘인플레 빨간불’ 켜졌다,2026-03-29 09:25:28,domestic_bond
기준금리,“주식·채권 다 박살나면 어디로 가요”…피난처 잃어버린 투자자들,2026-03-29 10:55:19,domestic_bond
기준금리,영끌족 “전쟁보다 이게 더 무서워”…주담대 고정금리 7% 넘었다,2026-03-29 11:48:29,domestic_bond
기준금리,1년간 48% 수익 내더니 최상위 성과까지…‘반도체 빅2’ 운용 전략 통했다,2026-03-29 13:25:26,domestic_bond
기준금리,"日 달러당 엔화 160엔, 10년물 국채 금리 27년 내 최고",2026-03-29 15:52:51,domestic_bond
기준금리,기름값 뛸수록 돋보이네 … 하이브리드·전기차 열풍,2026-03-29 16:14:38,domestic_bond
기준금리,[경제 프리즘] 신현송 한은 총재 지명자 … 라구람 라잔의 길 걸을까,2026-03-29 16:18:39,domestic_bond
기준금리,"[이번주 증시 예보] 폭탄 맞은 증시, 반등할까 … 3월 수출에 달렸다",2026-03-29 17:06:56,domestic_bond
기준금리,M7 시총 1700조 증발 … 다우도 조정장,2026-03-29 17:23:53,domestic_bond
기준금리,"매출 제자리, 비용은 껑충…외식업 이중고",2026-03-29 17:40:45,domestic_bond
기준금리,주담대 고정금리 7% 돌파,2026-03-29 17:51:26,domestic_bond
기준금리,日 국채금리 27년래 최고 … 기준금리 조기인상 움직임,2026-03-29 17:54:35,domestic_bond
기준금리,"“5일간 1700조 녹았다, 내 노후도 함께”…믿었던 빅테크서 곡소리",2026-03-29 19:44:47,domestic_bond
기준금리,"“남는게 없다”는 거짓말, 진실됐다…식당 이익률 5년새 12→8%로",2026-03-29 20:46:37,domestic_bond
기준금리,"“아껴쓰면 뭐해, 주담대 출금되면 텅텅”…고정금리 7% 얻어맞은 영끌족",2026-03-30 06:04:36,domestic_bond
기준금리,“이자내기 무서워요”…치솟는 주담대 금리에 영끌족 ‘비명’,2026-03-30 12:51:43,domestic_bond
기준금리,한화솔루션 유상증자 투자로 미래 태양광 기술 선점…1분기 흑자 전망,2026-03-30 13:09:10,domestic_bond
기준금리,‘WGBI 편입’ 원화값 안정될까…“즉각 강세 전환은 어려워”,2026-03-30 13:35:31,domestic_bond
기준금리,"“중동 리스크, 지긋지긋하다”…코스피 3% 급락, 외국인 2조 던졌다",2026-03-30 16:08:09,domestic_bond
기준금리,“아파트보다 더 인기네”...서울 오피스텔값 14개월째 상승,2026-03-30 16:10:24,domestic_bond
기준금리,[단독] 배민·쿠팡이츠 경쟁자 또 나온다…신한 이어 하나은행도 배달앱 도전,2026-03-30 17:48:30,domestic_bond
기준금리,잘나가던 그룹ETF … 이란전쟁에 급제동,2026-03-30 17:52:17,domestic_bond
기준금리,길어지는 이란전쟁에 … 개미도 힘 빠졌나,2026-03-30 17:53:25,domestic_bond
기준금리,"""채권값 더 떨어진다"" … 줄지않는 하락 베팅",2026-03-30 17:53:25,domestic_bond
기준금리,"서울 외식업 매출 첫 감소 ""문 닫는 식당 늘어난 영향""",2026-03-30 17:54:14,domestic_bond
기준금리,제일 선방한 포스코가 -10% 찍고 찔끔…그룹주 ETF ‘잔인한 3월’,2026-03-30 20:05:15,domestic_bond
기준금리,“코로나때보다 힘들줄은 몰랐습니다”…서울 음식점 줄폐업·매출 뚝,2026-03-30 20:46:37,domestic_bond
기준금리,이란전쟁 한달만에 WTI도 100달러 찍었다…뉴욕증시 혼조 [월가월부],2026-03-31 05:34:35,domestic_bond
기준금리,“나흘째 계좌 안 열고 있습니다”­…전쟁리스크에 코스피도 원화값도 ‘뚝뚝’,2026-03-31 05:58:19,domestic_bond
기준금리,"패트파인더 뱅코프, 1분기 주당 0.10달러 배당 선언",2026-03-31 06:36:00,domestic_bond
기준금리,신현송 “매파·비둘기파 이분법 바람직하지않다…유연히 대처해야”,2026-03-31 10:37:41,domestic_bond
기준금리,"美연준 파월, 금리 셈법 ‘신중’...“중동전쟁 지켜봐야”",2026-03-31 11:38:23,domestic_bond
기준금리,"“주담대 月25만원 뛰었는데, 더 오른다”…내일부터 2.5억 고액대출자 어쩌나",2026-03-31 12:10:18,domestic_bond
기준금리,‘월세민국’ 된 부동산 시장…전세 밀어내고 비중 68.3% 역대최대,2026-03-31 14:39:49,domestic_bond
기준금리,"대신운용, DAISHIN343 오피스리츠플러스 ETF 상장",2026-03-31 15:33:35,domestic_bond
기준금리,월세가 대세됐다 … 임대계약 70% 육박,2026-03-31 17:14:59,domestic_bond
기준금리,"M&A 빅딜 가뭄 속…삼일, 재무·회계 '2관왕'",2026-03-31 17:37:43,domestic_bond
기준금리,삼전닉스 개미 3명중 1명 손해보기 시작,2026-03-31 17:49:24,domestic_bond
기준금리,"원화 하락폭, 亞 통화 중 최대 … 외국인 증시 탈출이 기름 부어",2026-03-31 17:54:26,domestic_bond
기준금리,"""매파·비둘기파 이분법 적절치 않아""",2026-03-31 17:55:23,domestic_bond
기준금리,“1인 가구 385만원·2인 630만원”…추경 지원금 월소득 기준 보니,2026-03-31 21:24:12,domestic_bond
기준금리,"베이퍼스트 파이낸셜, 1분기 실적 4월 30일 발표",2026-03-31 22:01:50,domestic_bond
기준금리,"“매·비둘기 구분 적절치 않아”…한은 총재후보, 금리에 ‘신중’",2026-03-31 23:56:57,domestic_bond
기준금리,"“전세 매물이 아예 없어요”…대세는 월세, 임대계약 70% 육박",2026-04-01 06:00:44,domestic_bond
기준금리,"“최대 500만원 할인”…쉐보레, 4월 ‘유류비 지원+저금리’ 프로모션",2026-04-01 08:43:20,domestic_bond
기준금리,"환율·금리 안정 효과낼 수 있을까…韓, 세계국채지수 편입",2026-04-01 08:45:55,domestic_bond
기준금리,"IPO 앞둔 뱅크샐러드, 매출 77% 늘며 ‘흑자전환 가시권’",2026-04-01 13:38:44,domestic_bond
기준금리,"중소기업 재직자 우대저축공제, 직원이 직접 신청 가능",2026-04-01 15:16:27,domestic_bond
기준금리,"韓, 세계국채지수 편입…금리·환율 숨통 트이나",2026-04-01 15:36:33,domestic_bond
기준금리,“빨리 팔아야 되는데 계속 쌓이기만”…한달새 매물 9% 늘어 8만건 육박,2026-04-01 15:51:55,domestic_bond
기준금리,부동산 1호 공약으로 ‘반값 전세’ 띄운 국민의힘,2026-04-01 16:27:16,domestic_bond
기준금리,"SHF 홀딩스, 4분기 매출 210만 달러..전분기비 12% 증가",2026-04-01 19:12:00,domestic_bond
기준금리,"오프 더 훅 YS, 4분기 매출 25% 증가..보트 판매 사상 최대",2026-04-01 19:34:51,domestic_bond
기준금리,"호라이즌 뱅코프, 1분기 실적 4월 22일 발표 예고",2026-04-02 05:06:57,domestic_bond
기준금리,"아머 레지던셜 REIT, 4월 보통주 배당 주당 0.24달러 확정",2026-04-02 05:22:03,domestic_bond
기준금리,“이 돈 언제 다 갚나”…역대급으로 불어나는 빚,2026-04-02 08:43:11,domestic_bond
기준금리,신한지주 `NIM 개선 사이클과 증권 자회사 이익 기여도 확대` 증권사 발표에 강세…3.32%,2026-04-02 09:36:06,domestic_bond
기준금리,"“그래도 결국 금이야, 의심하지마”…주춤하던 금값 다시 100만원대 탈환",2026-04-02 11:34:11,domestic_bond
기준금리,트럼프 ‘한 마디’에 요동치는 금값…증권가선 담으라는데 왜?,2026-04-02 15:40:52,domestic_bond
기준금리,"린제이, 2분기 매출액 1억5770만 달러..전년비 16% 감소",2026-04-02 19:47:11,domestic_bond
기준금리,"오리온 디지털, 2025년 매출 4983만 달러·자체성장률 17% 달성",2026-04-03 01:19:53,domestic_bond
기준금리,"페넌트파크 플로팅 레이트 캐피탈, 4월분 배당 주당 0.1025달러 결정",2026-04-03 05:08:26,domestic_bond
기준금리,"롯데카드, ESG 경영 가속...’중금리대출’ 확대로 포용금융 강화",2026-04-03 10:07:18,domestic_bond
기준금리,허탈·분노·눈물… K증시 ‘유증 잔혹사’ [스페셜리포트],2026-04-03 11:06:12,domestic_bond
기준금리,"에버 타이트닝 시대...건설·내수 부담, 은행은 반사이익",2026-04-03 11:08:47,domestic_bond
기준금리,3고 시대 재테크 전략…낙폭 과대 우량주·단기채로 버틸 때,2026-04-03 11:11:10,domestic_bond
기준금리,석화·車부품·2차전지 ‘불면의 밤’ 왜?,2026-04-03 11:14:11,domestic_bond
기준금리,한번도 겪은 적 없는 3高 시대…‘에버 타이트닝’,2026-04-03 11:18:44,domestic_bond
기준금리,단기 급매 또 쏟아질까…다주택자 대출 연장 불허에 시장 안갯속,2026-04-03 11:23:13,domestic_bond
기준금리,"지난달 국내주식 36조 던진 외국인, 채권도 5개월 만에 ‘팔자’ 전환",2026-04-03 13:21:52,domestic_bond
기준금리,강남·한강벨트 떨어지는데 강북은 상승 왜? [감평사의 부동산 현장진단],2026-04-03 13:56:05,domestic_bond
기준금리,금리 인하 기대감 후퇴에도...주목할 바이오株 있다?,2026-04-03 14:45:11,domestic_bond
기준금리,이란 사태 속 파월의 시장 달래기 [US REPORT],2026-04-03 14:50:40,domestic_bond
기준금리,증시 널뛰기에 연 4%가 어디야…개인·법인 가리지 않고 쏟아지는 IMA ‘러브콜’,2026-04-03 15:19:49,domestic_bond
기준금리,"한국투자증권-신한카드, 국내 첫 카드 플랫폼 발행어음 투자서비스 출시",2026-04-03 15:29:01,domestic_bond
기준금리,국내시장 복귀계좌 ·기술신용평가 · 센추리 본드 [경제용어],2026-04-03 16:03:59,domestic_bond
기준금리,고유가發 인플레 압력…日 국채금리 27년來 최고,2026-04-03 17:47:40,domestic_bond
기준금리,美 3월 고용 17.8만명 '깜짝 증가',2026-04-03 22:46:03,domestic_bond
기준금리,"“학자금대출 받아 주식하는 친구, 말릴까요”...빚투가 흔해진 대학 캠퍼스",2026-04-05 09:30:45,domestic_bond
기준금리,[단독] “왜 아이 주식 수익률이 더 좋죠?”…삼전닉스 앞세운 미성년자 주식 7조,2026-04-05 17:01:00,domestic_bond
기준금리,변동성 견디려면 … 지수ETF·액티브펀드 함께 담아라,2026-04-05 17:28:04,domestic_bond
기준금리,"""초교 입학선물로 삼전닉스""… 미성년자 주식 7조 돌파",2026-04-05 17:32:57,domestic_bond
기준금리,카드론 경고등…'돌려막기' 다시 늘어난다,2026-04-05 17:34:38,domestic_bond
기준금리,"주식 빚투하다 물려 카드빚, 그거 막느라 또 카드빚…연체율 20년새 최고",2026-04-06 06:07:51,domestic_bond
기준금리,“소득 40% 넘게 빚 갚는데 쓴다”…서울 주담대 상환 부담 2년 6개월 만에 ‘최고’,2026-04-06 06:39:23,domestic_bond
기준금리,트럼프 입이 들었다놨다 하는 국내 증시…이번주 물가·실적 발표 영향은?,2026-04-06 08:20:47,domestic_bond
기준금리,“지옥을 보게될것” 트럼프 으름장에…금값은 한발 먼저 지옥행,2026-04-06 09:46:32,domestic_bond
기준금리,"“집 많으신데, 팔아서 빚 갚으시죠”…다주택자 대출연장 차단",2026-04-06 13:53:54,domestic_bond
기준금리,금융지주 18조 벌었는데…존재감 없는 카드사,2026-04-06 17:47:41,domestic_bond
기준금리,[단독] 11% 캐시백·초저금리 할부 … 금융권은 中 전기차 공습에 가세,2026-04-06 17:52:21,domestic_bond
기준금리,“5200억 사옥까지 내놨다”…실적 잔치 와중에 카드사는 ‘사투중’,2026-04-07 08:31:32,domestic_bond
기준금리,"[美공시]브링크스, NCR Atleos 인수를 원활히 진행하기 위해 Brink’s의 수정 신용 계약서 제출",2026-04-07 08:44:11,domestic_bond
기준금리,이란전쟁 고유가에 보조금 줬다가 신용등급 직격탄 맞은 나라들,2026-04-07 11:30:40,domestic_bond
기준금리,연준 금리 동결 전망 92%…4월 금통위 방향은,2026-04-07 14:34:59,domestic_bond
기준금리,“다달이 빚 갚고 나면 통장이 텅텅”…서울 영끌족 주담대 부담 다시 ‘쑥’,2026-04-07 16:04:09,domestic_bond
기준금리,K점도표 남기고 가는 이창용號... 마지막 금리는 7연속 동결로 마무리할듯,2026-04-07 16:10:22,domestic_bond
기준금리,고유가에 정부 보조금 줬다가…동남아 신용등급 줄하락 위기,2026-04-07 17:59:16,domestic_bond
기준금리,"한은, 기준금리 동결 유력",2026-04-07 18:01:53,domestic_bond
기준금리,"보르나도 리얼티 트러스트, 2025년 순이익 8억4290만 달러·주당 4.20달러 기록",2026-04-08 05:32:33,domestic_bond
기준금리,"아메리카 카마트, 유동성 위기 대응 42개 매장 폐쇄·구조조정 단행",2026-04-08 05:32:53,domestic_bond
기준금리,"NH투자증권, 증권사 목표가 상향에 강세…8.67%",2026-04-08 10:31:10,domestic_bond
기준금리,"삼성증권, `1Q26 Preview` 증권사 발표에 강세",2026-04-08 10:34:30,domestic_bond
기준금리,NH증권 “IMA 1호 상품에 법인 자금 55% 몰려”,2026-04-08 10:44:48,domestic_bond
기준금리,코스피 '축포' … 유가 14% 뚝,2026-04-08 17:55:59,domestic_bond
기준금리,국제유가 걸프전 후 최대폭 하락 … 金·국채 가격도 일제히 반등,2026-04-08 18:03:02,domestic_bond
기준금리,"""에너지發 임금상승 충격 대비를 … 추경은 취약층 지원에 집중해야""",2026-04-08 18:03:02,domestic_bond
기준금리,"회사채 발행 나선 SK네트웍스, 수요예측서 목표액 5배 넘는 8300억 확보",2026-04-08 18:15:43,domestic_bond
기준금리,"한양증권, 리테일 경쟁력 강화...주요 지표 개선",2026-04-08 19:06:38,domestic_bond
기준금리,[중동전쟁 PartⅠ ① 에너지 위기] “유가 180달러” 사우디의 경고 메시지...호르무즈가 세계 경제 흔든다,2026-04-09 15:18:29,domestic_bond
기준금리,"""금값 차익실현 다시 달릴것""vs ""강달러·고금리 반등 제한적""",2026-04-09 16:12:42,domestic_bond
기준금리,아파트 못 샀으니 오피스텔?…유지비용 포함해 실수익 따져야,2026-04-09 16:13:08,domestic_bond
기준금리,"[중동전쟁 PartⅠ ② 증시와 환율] 오락가락 증시와 환율, 정부와 한은의 반전카드는 무엇일까?",2026-04-09 16:25:01,domestic_bond
기준금리,월 5900원에 주식·부동산·코인 꿀팁 … 골프·마라톤 참여 기회도,2026-04-09 17:42:43,domestic_bond
기준금리,"전쟁발 인플레 우려에 … 美 연준 ""금리 인상·인하 모두 가능""",2026-04-09 17:50:47,domestic_bond
기준금리,"""커피 한잔 값에 재테크 어벤져스를 만나보세요""",2026-04-09 17:53:23,domestic_bond
기준금리,美 4분기 GDP 성장률 0.5% 그쳐 … 기준금리 '안갯속',2026-04-09 23:07:12,domestic_bond
기준금리,"[속보] ‘물가·환율 불안에’ 한은, 7회 연속 기준금리 2.50% 동결",2026-04-10 09:50:24,domestic_bond
기준금리,이창용 총재의 마지막 기준금리…2.5%·7연속 동결로 마무리,2026-04-10 09:52:05,domestic_bond
기준금리,중동 리스크에 물가·환율·성장 불안…기준금리 7연속 동결,2026-04-10 10:04:10,domestic_bond
기준금리,호르무즈 봉쇄 해제 시 1450원대 전망도…미국-이란 휴전에 원화값 상승세,2026-04-10 10:47:34,domestic_bond
기준금리,한은 총재 “현재 환율은…외국인 주식 매도와 중동 사태가 큰 영향”,2026-04-10 13:05:12,domestic_bond
기준금리,순식간에 1억 ‘쑥’...집주인 들썩 [김경민의 부동산NOW],2026-04-10 13:46:23,domestic_bond
기준금리,종잡을 수 없는 증시...‘파킹형 상품’ 뜬다,2026-04-10 13:56:25,domestic_bond
기준금리,초대형 IB 속도 내는 30년 ‘원클럽맨’…진승욱 대신증권 대표 [CEO 라운지],2026-04-10 14:11:49,domestic_bond
기준금리,"“배당은 확실한데”…전쟁 리스크 속 금융주, 투자 매력 전망은?",2026-04-10 16:05:17,domestic_bond
기준금리,[Issue Pick] 미국 연방준비제도 Fed…임명직이지만 세계에서 가장 막강한 ‘독립 기구’,2026-04-10 16:10:24,domestic_bond
기준금리,기준금리 7번 동결하고 떠나는 이창용,2026-04-10 17:46:10,domestic_bond
기준금리,"아메리칸 스트래티직 인베스트먼트, 4월 15일 4분기·연간 실적 발표 예정",2026-04-10 19:05:04,domestic_bond
기준금리,美CPI 4년만에 최대폭 상승…멀어지는 금리인하,2026-04-10 23:24:47,domestic_bond
기준금리,"매경이 전하는 세상의 지식 (매-세-지, 4월 11일)",2026-04-11 07:00:00,domestic_bond
기준금리,"“수백대 1 바늘구멍에 쥐꼬리 이자, 그 돈으로 주식하는게”…청약통장 해지 봇물",2026-04-11 11:06:40,domestic_bond
기준금리,“금값 올랐을 때 나만 안 샀어”…지금 시작해도 안늦는 ‘금 투자법’ [캥거루족 탈출기⑬],2026-04-12 13:41:17,domestic_bond
기준금리,“기준금리 0.25%p 인상시 수도권 집값 0.6% 하락…지방 영향 없어”,2026-04-12 14:19:45,domestic_bond
기준금리,"""충전비까지 두둑하게""… 완성차 가격 '고유가 세일'",2026-04-12 16:05:48,domestic_bond
기준금리,월 5900원에 세상에 없던 재테크 정보 만나세요,2026-04-12 16:25:18,domestic_bond
기준금리,"""중동전쟁 쇼크 단기 그칠듯 … 금융자산 주식 비중 확대를""",2026-04-12 16:25:19,domestic_bond
기준금리,"“서울 집은 못 사겠다”…경기로 가는 서울 거주자, 4년래 최고",2026-04-13 09:16:50,domestic_bond
기준금리,올해 청약 당첨자 10명중 6명은 2030세대…통계 집계 이래 최고,2026-04-13 10:36:18,domestic_bond
기준금리,“더 늦기 전에 집 사자”…30대 이하 당첨 비중 60% 돌파,2026-04-13 11:12:19,domestic_bond
기준금리,"“한은, 7월 금리 인상 전망…호르무즈 변수에 연말·내년으로 밀릴 수도”",2026-04-13 14:00:40,domestic_bond
기준금리,가계대출 늘린 인뱅 속 ‘나홀로 감소’…풍선효과 비껴간 케이뱅크의 승부수,2026-04-13 15:14:55,domestic_bond
기준금리,"카카오뱅크, 자녀가 부모와 함께 실시간 자산 확인",2026-04-13 16:02:17,domestic_bond
기준금리,'대안신용평가'혁신 입은 상생… 데이터로 포용지평 넓혔다,2026-04-13 16:02:24,domestic_bond
기준금리,“도저히 잠이 안와요”…코인 시총 100조 아래로 ‘뚝’,2026-04-13 16:03:44,domestic_bond
기준금리,1주택까지 전세대출 제한땐…월세전환 더 빨라질듯,2026-04-13 17:05:16,domestic_bond
기준금리,“서울 살기 너무 버거워요”...경기 집 산 서울 사람 급증,2026-04-13 17:23:30,domestic_bond
기준금리,韓국채 쓸어담은 외국인 … 역대최대 310조원 보유,2026-04-13 17:46:38,domestic_bond
기준금리,"신현송 ""성장보다 물가 안정"" … 전문가 ""환율 적극 관리하라""",2026-04-13 17:47:52,domestic_bond
기준금리,日 10년물 금리 29년 만에 최고,2026-04-13 17:54:22,domestic_bond
기준금리,"글로벌 파트너스, 시리즈B 우선주 배당 주당 0.59달러 지급",2026-04-13 21:45:09,domestic_bond
기준금리,"퍼스트서비스, CIBC와 매출채권 유동화 계약 체결",2026-04-14 06:01:59,domestic_bond
기준금리,“영앤리치 집주인들 많아진다”…30대 이하 청약 당첨자 ‘급증’,2026-04-14 09:27:42,domestic_bond
기준금리,"“부부 합산 20억, 이참에 강남 집 사볼까”…삼전닉스 성과급에 기대감도 ↑",2026-04-14 14:06:03,domestic_bond
기준금리,"수출에 ‘금융 혈맥’ 뚫는다…우리은행, 생산적 금융 3조원 지원",2026-04-14 16:01:56,domestic_bond
기준금리,중진공 '우대저축공제' 신청방식 개선 [한줄 MEMO],2026-04-14 16:06:43,domestic_bond
기준금리,"LX하우시스, 우리집 낡은 창호 … 정부 지원받아 '뷰' 업그레이드해볼까",2026-04-14 16:08:45,domestic_bond
기준금리,출렁이는 국내 증시 '엔캐리 청산'이 변수,2026-04-14 17:55:43,domestic_bond
기준금리,"전쟁發 고물가 …""유가 110弗 넘으면 세계 성장률 3.1→2%로 추락""",2026-04-14 22:00:00,domestic_bond
기준금리,서울 상업용 부동산 거래 양극화…신축·대형 오피스만 임대료 고공행진,2026-04-15 10:44:07,domestic_bond
기준금리,"“피같은 내 돈, 잘 좀 굴려줘요” 1500조 맡겼는데…수익은 쥐꼬리",2026-04-15 10:46:13,domestic_bond
기준금리,"소상공인연합회, 간이과세 기준 상향·소득공제율 확대 건의",2026-04-15 15:03:14,domestic_bond
기준금리,‘6천피’로 흘러간 가계 뭉칫돈 10조…2월 통화량 4114조 ‘제자리’,2026-04-15 15:40:54,domestic_bond
기준금리,금리 상승에도 수신금리 낮추자…코픽스 한달만에 하락,2026-04-15 15:50:11,domestic_bond
기준금리,1500조원 맡겼더니...‘증권’ 웃고 ‘부동산’ 울었다,2026-04-15 17:43:24,domestic_bond
기준금리,"워시, 2800억원 재산 공개 … 이해충돌 논란도",2026-04-15 17:47:27,domestic_bond
기준금리,"베선트 ""7월초까지 美관세 복원""",2026-04-15 17:52:14,domestic_bond
기준금리,"신현송 ""물가안정이 성장 기반…한은 독립성 중요""",2026-04-15 17:52:36,domestic_bond
기준금리,"스트로베리 필즈 리츠, 관계사 임대 집중 86.8%..부채 7억5천만 달러 경고",2026-04-15 19:07:57,domestic_bond
기준금리,"아메리칸 스트래티직 인베스트먼트, 2025년 매출 30% 감소·손실 85% 축소",2026-04-16 05:19:42,domestic_bond
기준금리,"인베스코 모기지 캐피탈, 4월 배당금 주당 0.12달러 지급",2026-04-16 05:23:13,domestic_bond
기준금리,"에이전틱 AI 시대, 대한민국의 기회와 법제도적 과제 [지평 테크레이더]",2026-04-16 07:00:00,domestic_bond
기준금리,월급 오르고 스마트폰 쥐여주니 ‘빚투 개미’ 돌변…군장병 금융교육 강화한다,2026-04-16 09:19:58,domestic_bond
기준금리,고유가 시대 하이브리드카 대세인데…“피지컬 AI와 본업도 하이브리드합니다” 현대차 주가 6% 상승,2026-04-16 10:45:16,domestic_bond
기준금리,"“벨기에와 한국, 나랏빚 과속 주의”…IMF가 콕 집어 경고한 두 나라",2026-04-16 14:06:28,domestic_bond
기준금리,"안전자산 아닌 위험자산이었나…국제 금·은값, 저점서 일제히 두자릿수 회복",2026-04-16 15:14:03,domestic_bond
기준금리,"“주담대 급한데 주거래 막혔네, 그럼 ‘여기’서라도”…‘풍선효과’ 현실화?",2026-04-16 15:18:23,domestic_bond
기준금리,“주식이 대세지 말입니다”…‘빚투’에 빚더미 군 장병 급증...,2026-04-16 15:34:36,domestic_bond
기준금리,"“韓, 나랏빚 상당히 늘어날 것”…IMF의 ‘섬뜩’ 경고",2026-04-16 16:35:54,domestic_bond
기준금리,위험자산처럼 움직이는 金·銀 가격,2026-04-16 17:27:27,domestic_bond
기준금리,"SL 그린 리얼티, 1분기 EPS 1.20달러 적자..28년 최대 임대 실적 달성",2026-04-17 02:45:03,domestic_bond
기준금리,"캐피탈 사우스웨스트, 4분기 주당순이익 0.59~0.60달러 사전 추정",2026-04-17 05:20:56,domestic_bond
기준금리,“이제 트럼프 변덕에 안휘둘립니다”…‘6600피’까지 내다보는 이유 [오늘 나온 보고서],2026-04-17 08:26:27,domestic_bond
기준금리,北 해커에 3800억 털린 디파이…수익률 추락에 ‘이중고’,2026-04-17 08:42:36,domestic_bond
기준금리,불붙은 3기 신도시 분양…국평 7억 ‘내 집 마련 기회’,2026-04-17 14:02:35,domestic_bond
기준금리,"“혜택 많으면 뭐해, 체감도 안 되는데”…요즘 잘 나가는 카드 공통점은?",2026-04-17 14:45:05,domestic_bond
기준금리,바닷길 막혔는데…그 회사는 왜 웃을까 [경영전략노트],2026-04-17 14:49:11,domestic_bond
기준금리,“당첨 돼도 못 사”…청약통장 26만명 ‘엑소더스’,2026-04-17 15:25:53,domestic_bond
기준금리,[강준모의 빵집 일상] 지난 전쟁의 기억,2026-04-17 17:11:13,domestic_bond
기준금리,"美대형은행, 잇달아 사모대출 손절 … '펀드런' 악순환 우려",2026-04-17 17:36:31,domestic_bond
기준금리,채권시장 찾아온 봄바람 … BBB급까지 잇단 흥행,2026-04-17 17:42:28,domestic_bond
기준금리,“북한 해커에 3800억 털렸는데”...수익률도 국채보다 못해진 디파이,2026-04-17 22:28:28,domestic_bond
기준금리,돌아오는 외국인 ‘큰 손’...일본계 자금도 우르르,2026-04-19 13:47:45,domestic_bond
기준금리,"우리銀, 중견기업 지원 … 35곳에 총 4600억 공급",2026-04-19 17:17:39,domestic_bond
기준금리,"""크립토, 금융 인프라 된다 … 기관이 점찍은 코인에 주목""",2026-04-19 17:29:33,domestic_bond
기준금리,美채권개미 보유액 반년새 60억弗 급감,2026-04-20 17:49:06,domestic_bond
기준금리,배당 꽃 피는 코스피 … 작년 35조 사상 최대,2026-04-20 18:05:01,domestic_bond
기준금리,“나라는 믿는데 대통령은 못 믿겠다”…미국 채권서 발 빼는 개미들,2026-04-20 20:36:38,domestic_bond
기준금리,"다이넥스 캐피탈, 1분기 주당 0.34달러 손실..모기지 스프레드 확대 영향",2026-04-20 21:02:30,domestic_bond
기준금리,"피플스 뱅코프 오브 노스 캐롤라이나, 1분기 순이익 440만 달러·배당 5.6% 인상",2026-04-20 22:38:51,domestic_bond
기준금리,"AGNC 인베스트먼트, 1분기 주당 순손실 0.17달러..전년비 적자전환",2026-04-21 05:06:48,domestic_bond
기준금리,"RBB 뱅코프, 1분기 순이익 1,130만 달러··전분기比 11% 증가",2026-04-21 05:43:40,domestic_bond
기준금리,“10곳 중 한 곳만 9월 전 미국 금리인하”…IB들 중동발 유가 충격 ‘긴장’,2026-04-21 06:26:25,domestic_bond
기준금리,"기아, ‘2027 K8’ 3679만원부터 출시…시그니처 트림 ‘HUD’ 기본화",2026-04-21 09:07:04,domestic_bond
기준금리,중동발 물가충격 현실로…9월까지 미국 금리인하 없다는 IB들,2026-04-21 09:20:15,domestic_bond
기준금리,신현송 총재 취임일성…“금융안정위해 비은행·비전통 위험대응 강화”,2026-04-21 11:16:53,domestic_bond
기준금리,"“전쟁에도 결국 오른다?”…학습된 증시, 포탄보다 빠른 반등",2026-04-21 13:30:38,domestic_bond
기준금리,"경남도 생활지원금, 오는 30일부터 신청",2026-04-21 13:51:42,domestic_bond
기준금리,이주비 안 받았는데 이자는 낸다…정비사업 조합 ‘후불제 딜레마’,2026-04-21 14:09:38,domestic_bond
기준금리,"“소득·자산 기준 없이 최장 8년 거주”…LH, 4200가구 전세임대형 든든주택 입주자 모집",2026-04-21 14:26:11,domestic_bond
기준금리,"수익성 악화 롯데케미칼, 은행 보증채 3천억 모집에 5750억 수요예측 몰려",2026-04-21 17:54:04,domestic_bond
기준금리,"워시 ""트럼프의 금리 발언 … 연준 독립성에 위협 아냐""",2026-04-21 18:05:07,domestic_bond
기준금리,"에퀴팩스, 1분기 매출 16억5천만 달러·EPS 1.86달러로 가이던스 상회",2026-04-21 19:34:19,domestic_bond
기준금리,"아틀란틱 유니언 뱅크셰어스, 1분기 순이익 1.2억 달러..전년비 60% 증가",2026-04-21 19:49:59,domestic_bond
기준금리,"[Part 2 플랫폼별 전략 심층 해부] Kurly 흑자 전환에 성공, 신성장 로드맵 가동",2026-04-21 20:43:39,domestic_bond
기준금리,"뉴마크 그룹, 리볼빙 신용한도 9억 달러로 50% 확대",2026-04-21 22:19:24,domestic_bond
기준금리,"아메리서브 파이낸셜, 1분기 순이익 179만 달러..전년비 6% 감소",2026-04-21 22:34:05,domestic_bond
기준금리,"실버코프 메탈스, 3년 만기 15억 위안 신디케이트론 조달 성공",2026-04-22 02:52:50,domestic_bond
기준금리,"트러스트코 뱅크 NY, 1분기 순이익 1,630만 달러..전년비 14% 증가",2026-04-22 05:05:52,domestic_bond
기준금리,"더 뱅크 오브 프린스톤, 주당 0.35달러 분기배당 선언",2026-04-22 05:07:32,domestic_bond
기준금리,"애널리 캐피탈 매니지먼트, 1분기 배당가능수익 0.76달러..10분기 연속 플러스 수익",2026-04-22 05:09:03,domestic_bond
기준금리,"애널리 캐피탈 매니지먼트, 1분기 EPS 0.33달러..전년비 74% 감소",2026-04-22 05:13:57,domestic_bond
기준금리,"애널리 캐피탈 매니지먼트, 1분기 주당순이익 0.76달러..전년비 3% 증가",2026-04-22 05:18:08,domestic_bond
기준금리,"아머 레지던셜 REIT, 1분기 실적 22일 발표..23일 컨퍼런스콜 개최",2026-04-22 05:20:48,domestic_bond
기준금리,"브릿지워터 뱅크쉐어즈, 1분기 순이익 1740만 달러·전년비 81% 급증",2026-04-22 05:21:18,domestic_bond
기준금리,"FVC뱅코프, 1분기 순이익 640만 달러..전년비 24%↑",2026-04-22 05:28:51,domestic_bond
기준금리,"메트로폴리탄 뱅크 홀딩, 1분기 순이익 3,143만 달러·EPS 101% 급증",2026-04-22 05:40:52,domestic_bond
기준금리,전쟁통에 출범한 신현송의 한은…“비은행권까지 감시망 강화하겠다”,2026-04-22 08:05:58,domestic_bond
기준금리,부채의 역습 … 쓸 수 있는 '선택지' 사라진다,2026-04-22 16:09:16,domestic_bond
기준금리,"워시 ""난 트럼프 꼭두각시 아냐""",2026-04-22 17:46:51,domestic_bond
기준금리,성과급 따라 근로자간 양극화 커져…고임금發 인플레 우려도,2026-04-22 17:48:00,domestic_bond
기준금리,"퍼스트 뱅코프, 1분기 순이익 8,880만 달러..EPS 21% 증가",2026-04-22 22:33:21,domestic_bond
기준금리,"FS 뱅코프, 1분기 순이익 780만 달러·주택대출 생산 43% 급증",2026-04-23 00:50:06,domestic_bond
기준금리,"BCE, 시리즈 AG·AH 우선주 전환..5월 1일 발효",2026-04-23 01:17:56,domestic_bond
기준금리,"올드 세컨드 뱅코프, 1분기 순이익 2560만 달러..전분기比 11% 감소",2026-04-23 05:07:02,domestic_bond
기준금리,"QCR 홀딩스, 1분기 EPS 1.99달러..전년비 31% 증가",2026-04-23 05:11:23,domestic_bond
기준금리,"뱅크웰 파이낸셜 그룹, 1분기 순이익 1,128만 달러..전분기比 23% 증가",2026-04-23 05:12:54,domestic_bond
기준금리,"뱅크 오브 캘리포니아, 1Q26 순이익 50% 급증..EPS 0.39달러",2026-04-23 05:22:25,domestic_bond
기준금리,"KKR 리얼 이스테이트 파이낸스 트러스트, 1분기 순손실 6190만 달러..적자폭 확대",2026-04-23 05:33:39,domestic_bond
기준금리,"퍼스트 인더스트리얼 리얼티 트러스트, 1분기 EPS 1.08달러 흑자전환·배당 12% 인상",2026-04-23 05:56:12,domestic_bond
기준금리,"“공포는 이제 잊어라”…타이거리서치, 비트코인 목표가 14만불 제시",2026-04-23 08:58:25,domestic_bond
기준금리,"[美공시]노스림 뱅코프, 2026년 1분기 1,370만 달러 순이익 기록… 지속적인 수익성 및 성장세 반영",2026-04-23 09:07:46,domestic_bond
기준금리,"포스코인터, 국내 비금융기업 최초 ‘디지털 채권’ 발행",2026-04-23 14:24:47,domestic_bond
기준금리,"신한금융, 1분기 순익 1.62조 ‘사상 최대’…“증권·비이자이익이 실적 견인”",2026-04-23 14:37:29,domestic_bond
기준금리,연 10%대 이자받는 청년미래적금 6월 나온다,2026-04-23 15:00:00,domestic_bond
기준금리,“증시로 빠져나가는 돈 잡아라”…‘7% 적금’ 내놓으며 사활 건 지방은행,2026-04-23 15:17:34,domestic_bond
기준금리,"""AI총무가 회비 관리하고 파킹통장 기능까지 추가"" 똑똑해진 은행 모임통장",2026-04-23 16:03:45,domestic_bond
기준금리,AI·에너지·바이오·방산 '4대 주도주'… 전쟁에도 성장 계속,2026-04-23 16:03:57,domestic_bond
기준금리,부동산 거래량 줄고 稅부담 껑충 … 지금은 '현금흐름' 늘릴때 [이인화의 건축 길라잡이],2026-04-23 16:04:15,domestic_bond
기준금리,아파트 대출 규제 심해지자 성수·압구정·명동 ‘꼬마빌딩’ 다시 눈길,2026-04-23 16:26:59,domestic_bond
기준금리,“직원 평균연봉 2억 ‘신의 직장’ 이유있었네”…역대급 실적 또 경신한 ‘이곳’,2026-04-23 17:00:55,domestic_bond
기준금리,KB증권 1분기 영업익 4531억…IB·운용 쌍끌이,2026-04-23 17:10:35,domestic_bond
기준금리,KB·신한 1분기 사상최대 실적 …'불장'에 증권사 이익 폭증,2026-04-23 17:50:59,domestic_bond
기준금리,돌아온 기관에 … 비트코인 8만달러 회복,2026-04-23 17:56:15,domestic_bond
기준금리,"코넥트원 뱅코프, 1분기 순이익 3631만 달러..전년비 94% 급증",2026-04-23 20:32:05,domestic_bond
기준금리,"에이씨엔비, 1분기 순이익 1370만 달러..전년 적자서 흑자 전환",2026-04-23 22:15:03,domestic_bond
기준금리,"C&F 파이낸셜, 1Q26 순이익 679만 달러..전년비 26% 증가",2026-04-24 01:20:59,domestic_bond
기준금리,"메리디안, 1분기 순이익 471만 달러..전년비 96% 급증",2026-04-24 04:20:30,domestic_bond
기준금리,"WSFS 파이낸셜, 1분기 순이익 32% 증가·분기배당 18% 인상",2026-04-24 05:15:14,domestic_bond
기준금리,"퍼스트 파이낸셜 뱅코프, 1분기 순이익 7445만 달러·EPS 0.71달러 기록",2026-04-24 05:20:36,domestic_bond
기준금리,"힐탑 홀딩스, 1분기 순이익 3,780만 달러..전년비 10% 감소",2026-04-24 05:33:01,domestic_bond
기준금리,"글래시어 뱅코프, 1분기 순이익 8210만 달러..전년비 51%↑",2026-04-24 05:41:56,domestic_bond
기준금리,"오키드 아일랜드 캐피탈, 1분기 순손실 2천만 달러..파생상품 손실 영향",2026-04-24 05:58:03,domestic_bond
기준금리,"불장에 증권사가 다 벌어왔다…KB·신한금융, 1분기 사상최대 실적",2026-04-24 06:35:10,domestic_bond
기준금리,"“NH투자증권, 1분기 어닝 서프라이즈”…목표가 4.3만원으로 상향",2026-04-24 08:52:41,domestic_bond
기준금리,"“최대 年17%, 이건 안들면 진짜 손해”…정부가 내놓는 ‘이 통장’ 주목",2026-04-24 10:04:02,domestic_bond
기준금리,“신규고객 환영”…‘연 10% 금리·매일 이자 2배’ 내건 토스뱅크,2026-04-24 10:29:40,domestic_bond
기준금리,BROKEN…‘부동산 공식’ 깨졌다,2026-04-24 10:49:11,domestic_bond
기준금리,삼전닉스 외 대안은 건설·원전·바이오,2026-04-24 11:29:22,domestic_bond
기준금리,"구리시, 무주택 신혼부부 전월세 자금 대출이자 지원 확대",2026-04-24 16:13:41,domestic_bond
기준금리,"전쟁발 고물가에…필리핀, 기준금리 인상",2026-04-24 17:31:19,domestic_bond
기준금리,"토론토 도미니언 뱅크, 10억 캐나다달러 규모 후순위채 발행",2026-04-24 19:05:14,domestic_bond
기준금리,"아메스 내셔널, 1분기 순이익 73% 급증..배당 20% 인상",2026-04-25 05:21:50,domestic_bond
기준금리,"""파월 의장 수사 중단"" 워시 인준 속도낸다",2026-04-26 17:50:02,domestic_bond
기준금리,"“더 간다? 숨 고른다?”…이번주 코스피, 미 FOMC·빅테크 실적이 가른다",2026-04-27 08:27:55,domestic_bond
기준금리,“더이상 못버티겠어요”…고금리·경기침체 ‘2중고’ 경매 신청 13년만 최다,2026-04-27 09:12:56,domestic_bond
기준금리,“도저히 못 버티겠어요”…경매 신청 13년 만에 최대치,2026-04-27 12:37:17,domestic_bond
기준금리,카드채 금리 한달만에 다시 4%대…카드업계 조달부담 쑥,2026-04-27 13:58:38,domestic_bond
기준금리,[대한민국 100대 CEO] 김우석 삼성자산운용 대표 | ETF 순자산 150조 돌파…점유율 40%,2026-04-27 15:35:00,domestic_bond
기준금리,"CJ올리브네트웍스, 화재 취약지역 '보이는 소화기' 점검",2026-04-27 16:04:06,domestic_bond
기준금리,종로상가 3억→3천만원 낙찰 … 빌라·오피스텔도 패닉,2026-04-27 17:23:10,domestic_bond
기준금리,부동산도 K자 … 경매 쏟아진다,2026-04-27 18:02:41,domestic_bond
기준금리,"레이크랜드 파이낸셜, 1분기 순이익 1억336만 달러..전년비 32% 증가",2026-04-27 20:02:18,domestic_bond
기준금리,"에이치비티 파이낸셜, 1Q26 순이익 1120만 달러..CNB 인수 완료",2026-04-27 20:03:19,domestic_bond
기준금리,"풀톤 파이낸셜, 1분기 EPS 0.55달러..블루 파운드리 인수 완료",2026-04-27 20:59:11,domestic_bond
기준금리,"비즈니스 퍼스트 뱅크쉐어스, 1분기 순이익 2221만 달러..전분기比 6%↑",2026-04-27 21:02:02,domestic_bond
기준금리,"뱅크 오브 마린 뱅코프, 1분기 순이익 851만 달러..전년비 75% 증가",2026-04-27 22:13:15,domestic_bond
기준금리,"매경이 전하는 세상의 지식 (매-세-지, 4월 28일)",2026-04-28 07:00:00,domestic_bond
기준금리,"벤타스, 1분기 FFO 주당 0.94달러..전년비 9% 증가",2026-04-28 07:07:06,domestic_bond
기준금리,“영끌해서 샀는데 못 버티겠어요”…경매신청 불티에 비아파트 ‘직격탄’,2026-04-28 10:23:06,domestic_bond
기준금리,"“전쟁통에도 증시 랠리 가능, 금 비중은 15%로”…헤지펀드 대부의 투자 훈수",2026-04-28 11:32:01,domestic_bond
기준금리,[대한민국 100대 CEO] 이호성 하나은행장 | 금융 불확실성? 그에겐 ‘해법’ 있었다,2026-04-28 11:37:05,domestic_bond
기준금리,"[속보] 일본은행, 기준금리 3회 연속 동결…0.75% 유지",2026-04-28 12:11:02,domestic_bond
기준금리,"KB국민銀, 7억달러 규모 선순위 글로벌 채권 발행…“역대 최저 가산금리”",2026-04-28 17:11:13,domestic_bond
기준금리,日 기준금리 3연속 동결 … 올 성장 전망은 '반토막',2026-04-28 17:44:24,domestic_bond
기준금리,로봇 뭉칫돈·유통 찬바람…회사채 양극화,2026-04-28 17:52:16,domestic_bond
기준금리,"에이지아이, 브라질 자회사 25억 헤알 FIDC 조성..신용 대출 확대",2026-04-28 19:07:06,domestic_bond
기준금리,"콘트롤라도라 부엘라 콤파니아 지 아비아시옹, 1분기 파생상품 리스크 관리 정책 공시",2026-04-28 19:07:56,domestic_bond
기준금리,"아레스 캐피탈, 1분기 Core EPS 0.47달러..배당 0.48달러 유지",2026-04-28 19:09:37,domestic_bond
기준금리,"치푸테크놀러지, 2025년 IFRS 기준 순이익 63억 위안..전년비 9% 증가",2026-04-28 19:10:51,domestic_bond
기준금리,"엘링턴 파이낸셜, 1분기 주당순자산 13.56달러..월배당 0.13달러 지급",2026-04-28 19:12:01,domestic_bond
기준금리,"힐튼 월드와이드 홀딩스, 1분기 EPS 1.66달러..전년비 35%↑",2026-04-28 19:14:12,domestic_bond
기준금리,"넥스포인트 레지던셜 트러스트, 1분기 매출 6,354만 달러..NOI 2.7% 감소",2026-04-28 21:17:56,domestic_bond
기준금리,"프로피던트 파이낸셜 홀딩스, 3분기 순이익 27% 감소에도 NIM 3.13%로 개선",2026-04-29 01:03:57,domestic_bond
기준금리,"SR 뱅코프, 1분기 순이익 88.6만 달러..전년比 65% 급증",2026-04-29 05:03:21,domestic_bond
기준금리,"퍼스트 커뮤니티 뱅크셰어스, 1분기 조정 순이익 1,383만 달러..전년비 17% 증가",2026-04-29 05:04:26,domestic_bond
기준금리,"비자, 2분기 순이익 60억 달러..전년비 32% 증가",2026-04-29 05:09:07,domestic_bond
기준금리,"머천츠 뱅코프, 1분기 순이익 6770만 달러‥전년비 16%↑",2026-04-29 05:10:07,domestic_bond
기준금리,"웰타워, 1분기 EPS 1.02달러·전년비 155%↑..연간 가이던스 상향",2026-04-29 05:11:48,domestic_bond
기준금리,"인벤트러스트 프로퍼티스, 1분기 EPS 0.07달러..전년비 22% 감소",2026-04-29 05:13:59,domestic_bond
기준금리,"보리알리스 푸즈, 1,700만 달러 신규 대출로 기존 부채 전액 상환",2026-04-29 05:20:51,domestic_bond
기준금리,"TPG RE 파이낸스 트러스트, 1분기 순이익 1520만 달러..흑자전환 성공",2026-04-29 05:25:52,domestic_bond
기준금리,오픈AI 내부서 ‘실적 우려’ 흘러나와…나스닥 중심 3대 뉴욕 증시 모두 하락 [월가월부],2026-04-29 06:44:54,domestic_bond
기준금리,“이러다 정말 큰일 날라”…은행 이자 못 갚는 중저신용자 5배 급증,2026-04-29 10:59:26,domestic_bond
기준금리,“대출 안 나와요? 다 방법 있어요”…집주인이 돈 빌려주는 ‘신박한’ 거래,2026-04-29 11:13:42,domestic_bond
기준금리,"“기업들도 힘들겠지만, 우린 죽을 판”…자영업자 체감경기 ‘급랭’",2026-04-29 11:38:36,domestic_bond
기준금리,크립토카드 올해 누적 결제 17억달러 돌파 [매일코인],2026-04-29 12:50:45,domestic_bond
기준금리,[기자24시] 무너진 빌라·상가는 안 보이나,2026-04-29 17:12:17,domestic_bond
기준금리,급전·빚투에…청약통장 담보대출 4조 넘어,2026-04-29 17:15:51,domestic_bond
기준금리,"커뮤니티 뱅크 시스템, 1Q26 순이익 16% 증가·4분기 연속 기록 경신",2026-04-29 21:28:01,domestic_bond
기준금리,"LXP 인더스트리얼 트러스트, 1분기 FFO 주당 0.80달러·전년비 2.6%↑",2026-04-30 00:41:54,domestic_bond
기준금리,"[속보] 연준, 3연속 금리동결…이란전쟁발 인플레 우려",2026-04-30 03:01:21,domestic_bond
기준금리,[속보] 연준 이례적 성명서…3명 “금리인하 동의 안해”,2026-04-30 03:21:13,domestic_bond
기준금리,"안테로 미드스트림 파트너스, 1분기 매출액 3억1421만 달러..전년비 8% 증가",2026-04-30 05:26:28,domestic_bond
기준금리,"지뱅크 파이낸셜 홀딩스, 1분기 순이익 132만 달러..신용카드 사기 손실 영향",2026-04-30 05:27:38,domestic_bond
기준금리,"리저널 매니지먼트, 1분기 순이익 1140만 달러..전년비 63% 급증",2026-04-30 05:39:13,domestic_bond
기준금리,"퍼스트 US 뱅크셰어스, 1분기 EPS 0.33달러..전년비 14% 증가",2026-04-30 05:40:24,domestic_bond
기준금리,美연준 매파적 금리동결에 파월 잔류 결정…금리인하 물건너가나,2026-04-30 05:45:33,domestic_bond
기준금리,"포 코너스 프로퍼티 트러스트, 1분기 매출 10% 증가·70억 달러 달성",2026-04-30 06:03:01,domestic_bond
기준금리,신용대출 막히니 결국...급전·빚투에 청약통장 담보대출 4조 넘어,2026-04-30 06:03:41,domestic_bond
기준금리,유가 급등·빅테크 실적 낙관 속 혼조 마감 [뉴욕증시],2026-04-30 09:03:34,domestic_bond
기준금리,한은 “美연준 워시체제 앞두고 이견노출…통화정책 불확실성 커졌다”,2026-04-30 10:03:07,domestic_bond
기준금리,"“글로벌 네트워크 위에 디지털을 얹다”…SC제일은행, 통합 금융 가속",2026-04-30 11:03:00,domestic_bond
기준금리,“이러다 기준금리마저 뛰면 어쩌나”…대출자 65% 변동금리로 몰렸다,2026-04-30 11:11:25,domestic_bond
기준금리,"경과원, 평택시 중소기업 역량강화 사업 추진…최대 2700만원 지원",2026-04-30 14:10:06,domestic_bond
기준금리,서울 아파트 폭등 잡겠다고 난리치는 사이…무너지는 빌라·상가 [기자24시],2026-04-30 14:24:18,domestic_bond
기준금리,“묻고 더블로”…빚내 불장 뛰어든 ‘시니어 개미’,2026-04-30 14:49:29,domestic_bond
기준금리,"반도체 호황의 역설…韓銀, 금리 인상 ‘깜빡이’ 켜나",2026-04-30 14:59:15,domestic_bond
기준금리,"청년 파산 경고음...20대 빚투, 1년 새 2.24배 폭증 [국회 방청석]",2026-04-30 15:45:41,domestic_bond
기준금리,조합원 금융비 확 줄여준다?...강남권 정비사업 ‘마이너스 금리’ 경쟁 [호모 집피엔스],2026-04-30 15:55:57,domestic_bond
기준금리,“호재가 없다”…비트코인 1억1100만원대 약세,2026-04-30 16:12:09,domestic_bond
기준금리,고유가 직격탄 맞은 亞 신흥국…인도·인니 통화가치 역대최저,2026-04-30 17:47:46,domestic_bond
기준금리,"파월 ""연준, 정치싸움 휘말려선 안돼""… 트럼프 ""일자리 못 구했나"" 조롱",2026-04-30 17:48:38,domestic_bond
기준금리,유럽·영국도 기준금리 동결,2026-04-30 17:48:39,domestic_bond
기준금리,"사우스사이드 뱅크셰어스, 1분기 순이익 2,330만 달러·EPS 9.9% 증가",2026-04-30 19:03:10,domestic_bond
기준금리,"메소블라스트, 3분기 Ryoncil 매출 3,030만 달러..출시 첫 해 1억 달러 근접",2026-04-30 20:58:08,domestic_bond
기준금리,[속보] ECB 금리 동결…“물가 상방·경기 하방 위험 커져”,2026-04-30 21:23:09,domestic_bond
기준금리,"레드 리버 뱅크셰어스, 1분기 순이익 1200만 달러·EPS 1.81달러..전년比 각각 15.5%·19.1%↑",2026-04-30 21:50:03,domestic_bond
기준금리,"파월 고별회견…""이사직은 유지""",2026-04-30 22:56:44,domestic_bond
기준금리,“한국 환율은 양반이었네”…고유가에 통화가치 박살난 세 나라,2026-04-30 23:06:03,domestic_bond
기준금리,"프로비덴트 파이낸셜 서비스, 1분기 EPS 0.61달러·순이익 7,940만 달러 달성",2026-04-30 23:44:12,domestic_bond
기준금리,"TFS 파이낸셜, 2026 회계연도 2분기 순이익 2325만 달러…전분기比 4% 증가",2026-05-01 05:04:14,domestic_bond
기준금리,"뉴텍 비즈니스 서비스, 1Q26 EPS 0.43달러..전년비 23% 증가",2026-05-01 05:18:29,domestic_bond
기준금리,"렌딩트리, 1분기 매출 3억2730만 달러..전년비 37% 증가",2026-05-01 05:22:01,domestic_bond
기준금리,"인베스코 모기지 캐피탈, 1분기 주당순손실 0.28달러..전분기 흑자서 적자전환",2026-05-01 05:23:31,domestic_bond
기준금리,"플로어 & 데코 홀딩스, 1분기 매출 11억5천만 달러·EPS 18% 감소",2026-05-01 05:23:51,domestic_bond
기준금리,"비저 홈즈 USA, 2분기 90만 달러 적자 전환..매출 29% 감소",2026-05-01 05:28:53,domestic_bond
기준금리,"OFS 캐피탈, 1분기 주당 0.86달러 순손실..순자산가치 11% 급락",2026-05-01 05:33:55,domestic_bond
기준금리,"파이오니어 뱅코프, 1분기 순이익 530만 달러..전년比 8.6% 감소",2026-05-01 05:46:58,domestic_bond
기준금리,"노스이스트 커뮤니티 뱅코프, 1분기 순이익 995만 달러..EPS 0.76달러",2026-05-01 06:01:19,domestic_bond
기준금리,"아직도 다주택자?…‘양도세 중과 유예’ 9일 종료, 시장 분위기는",2026-05-01 10:02:34,domestic_bond
기준금리,“신용점수 높은데 이자 더 내라니”…상식 깨진 대출금리 무슨 일?,2026-05-01 11:12:43,domestic_bond
기준금리,"“어떻게 저금을 6개월간 하나요”…2030세대, 저축도 ‘짧굵’이 대세",2026-05-01 13:01:51,domestic_bond
기준금리,"“올해 기준금리 두번 오른다”…증권가 확산하는 금리 인상론, 이유가?",2026-05-01 14:40:32,domestic_bond
기준금리,물건 쏟아지는데 경매법원 썰렁…선수들은 무엇을 기다리나,2026-05-01 15:58:00,domestic_bond
기준금리,"실버코프 메탈스, 15억 위안 신디케이트론 확보..목표 대비 2배 초과 모집",2026-05-01 22:48:15,domestic_bond
기준금리,"페더럴 리얼티 인베스트먼트 트러스트, 1분기 순이익 152% 급증..핵심 FFO 10.6% 상승",2026-05-02 00:54:17,domestic_bond
기준금리,"카터 뱅크 & 트러스트, 1분기 순이익 8576만 달러..전년비 8.5배 급증",2026-05-02 05:19:36,domestic_bond
기준금리,"리인슈어런스 그룹 오브 아메리카, 4억 달러 규모 후순위채권 조기 상환",2026-05-02 05:23:46,domestic_bond
기준금리,"허벌라이프, 14억5000만 달러 재융자 완료..연간 4500만 달러 이자비용 절감",2026-05-02 05:59:58,domestic_bond
기준금리,코스피 6700 돌파…주식판 흔든 ‘스타 2세’ 투자 열풍 [스테크],2026-05-02 08:00:00,domestic_bond
기준금리,내 퇴직연금 드디어…쥐꼬리 수익률 끝?,2026-05-02 10:29:11,domestic_bond
기준금리,수익 다각화 전략 결실…양종희 KB금융지주 회장 [CEO 라운지],2026-05-02 10:29:42,domestic_bond
기준금리,‘우주 전쟁’ 너도나도 수혜株라는데…,2026-05-02 10:31:21,domestic_bond
기준금리,“7000피 시대도 가시권”…세계 8위 오른 코스피 ‘기대 반 우려반’,2026-05-03 09:05:09,domestic_bond
기준금리,“예금은 아쉽고 주식은 부담”…매달 ‘초과 청약’ 개인용 국채 뭐길래 [캥거루족 탈출기⑯],2026-05-03 11:09:16,domestic_bond
기준금리,"“매달 저축하면 30만원 얹어드립니다”…청년내일저축, 4일부터 접수",2026-05-03 14:49:30,domestic_bond
기준금리,"오세훈 “鄭, 부동산 지옥 만들것”…정원오는 “서울 청년 이미 지옥”",2026-05-03 15:19:41,domestic_bond
기준금리,카드 모집인 4000명 아래로 급감…코로나19 이후 비대면 발급 비중 확대,2026-05-03 15:35:09,domestic_bond
기준금리,시니어들 아슬아슬 … 신용융자·마통·카드론 '3중 빚투',2026-05-03 17:43:11,domestic_bond
기준금리,"액티브 시니어, 불장 탑승도 공격적 … 신규 계좌 증가율 60대 이상이 최고",2026-05-03 17:43:12,domestic_bond
기준금리,"鄭·吳, 서울 청년안심주택 놓고 '부동산 지옥' 공방",2026-05-03 17:45:21,domestic_bond
기준금리,2030 영끌 줄고 '시니어 빚투' 늘었다,2026-05-03 17:53:49,domestic_bond
기준금리,"[美공시]리인슈어런스 그룹 오브 아메리카, 2056년 만기 5.75% 고정-변동 금리 후순위 사채 전량 상환 발표",2026-05-04 08:36:15,domestic_bond
기준금리,"“금리인하 사이클 종료, 인상 고민할 때”…한은 부총재 ‘금리인상’ 공식 언급",2026-05-04 12:15:52,domestic_bond
기준금리,“기름값 너무 올랐어요”...트럼프 표심 흔들린다,2026-05-04 13:53:39,domestic_bond
기준금리,"韓銀 ""기준금리 인상 고민할때 됐다""",2026-05-04 17:38:26,domestic_bond
기준금리,"델렉 로지스틱 파트너스, 2028년 만기 7.125% 선순위 채권 현금 매입 입찰 개시",2026-05-04 21:48:38,domestic_bond
기준금리,"쇼워 뱅크셰어스, 1분기 순이익 1,708만 달러..전분기비 7.6% 증가",2026-05-05 05:02:58,domestic_bond
기준금리,"아르마다 호플러 프로퍼티스, 1Q 조정 FFO 주당 0.15달러..전년比 7% 증가",2026-05-05 05:09:00,domestic_bond
기준금리,"페넌트파크 플로팅 레이트 캐피탈, 5월 배당금 주당 0.1025달러 지급",2026-05-05 05:09:00,domestic_bond
기준금리,"고럽 캐피탈 BDC, 2분기 EPS -0.18달러 적자전환..NAV 주당 14.35달러",2026-05-05 05:18:54,domestic_bond
기준금리,한국 성장률 전망 ‘쑥’…경기과열 조짐에 고개드는 금리 인상론,2026-05-05 05:49:32,domestic_bond
기준금리,"“너무늦어, 미국의 재앙”…트럼프, 쓰레기통 추락하는 파월 올리며 조롱",2026-05-05 07:04:16,domestic_bond
기준금리,“중동전 장기화시 韓성장률 0.9%p 뚝”…반도체 산업이 충격 막아준다,2026-05-05 12:48:01,domestic_bond
기준금리,지하철역 주변 규제 확 푼다…서울 전역에 ‘직주락’ 생활 인프라 확산,2026-05-05 13:21:43,domestic_bond
기준금리,"美 국채금리 5% 돌파, ‘파멸의 문’ 열리나…불붙은 기준금리 인상론",2026-05-05 15:39:00,domestic_bond
기준금리,"""유가, 전쟁 이전으로 돌아가기 어렵다""",2026-05-05 17:08:54,domestic_bond
기준금리,서울 지하철역 주변 개발 … 공공기여 30%로 낮춘다,2026-05-05 17:30:41,domestic_bond
기준금리,"김용범 ""은행, 특권만큼 사회적 역할 해야""",2026-05-05 17:51:57,domestic_bond
기준금리,美·中에 치인 호주의 선택…FTA로 무역 돌파구 찾아,2026-05-05 17:59:29,domestic_bond
기준금리,"FVC뱅코프, 1분기 순이익 870만달러..전년비 23.8% 증가",2026-05-05 19:08:07,domestic_bond
기준금리,"오크트리 스페셜티 렌딩, 2분기 순투자수익 3440만 달러..전분기比 6% 감소",2026-05-05 19:13:59,domestic_bond
기준금리,"트랜스다임, 2분기 매출 25억4400만 달러·전년비 18% 증가",2026-05-05 20:18:54,domestic_bond
기준금리,"엔젤 오크 모기지, 1분기 740만 달러 적자 전환..순이자수익 20% 증가",2026-05-05 20:27:05,domestic_bond
기준금리,"웨스트레이크, 1분기 매출 27억 달러·주당순손실 1.31달러",2026-05-05 20:33:06,domestic_bond
기준금리,"하이 타이드, 캐나다 5대 은행과 4천만 달러 선순위 담보 신용금융 계약",2026-05-05 20:50:08,domestic_bond
기준금리,"초이스원 파이낸셜 서비스, 1분기 조정 EPS 0.91달러..전년비 4% 증가",2026-05-05 21:32:43,domestic_bond
기준금리,"글로벌 인뎀니티, 1분기 영업이익 830만 달러 흑자전환",2026-05-05 21:34:03,domestic_bond
기준금리,"“기름값, 이제 전쟁 이전으론 못 돌아가”...전 IMF 부국장의 경고",2026-05-05 21:58:30,domestic_bond
기준금리,"오크트리스페셜티렌딩, 기준금리 하락에 순투자수익 감소…NAV도 내려앉아",2026-05-05 22:54:59,domestic_bond
기준금리,"CF 뱅크셰어스, 1분기 순이익 502만 달러..전년비 13%↑",2026-05-06 01:08:54,domestic_bond
기준금리,"식스스 스트리트 스페셜티 렌딩, 1분기 주당 0.27달러 적자..NAV 4.4% 하락",2026-05-06 05:11:02,domestic_bond
기준금리,"그래나이트 포인트 모기지 트러스트, 1분기 주당 0.13달러 순손실·부실채권 1.9억 달러 정리",2026-05-06 05:26:51,domestic_bond
기준금리,"JBG 스미스 프로퍼티즈, 1분기 Core FFO 주당 0.17달러..전년비 36% 증가",2026-05-06 05:29:12,domestic_bond
기준금리,"울프스피드, 3분기 매출 1억5000만 달러..AI 데이터센터 30% 성장",2026-05-06 05:34:45,domestic_bond
기준금리,"인액트 홀딩스, 1분기 순이익 1.68억 달러..전년비 9% 증가",2026-05-06 05:39:28,domestic_bond
기준금리,"페니맥 모기지 인베스트먼트 트러스트, 1분기 순이익 1,420만 달러·EPS 0.16달러 기록",2026-05-06 05:54:50,domestic_bond
기준금리,"미드랜드 스테이츠 뱅코프, 보통주 주당 0.32달러 분기 배당 선언",2026-05-06 06:22:20,domestic_bond
기준금리,“안 그래도 힘든데 전쟁 때문에 더 힘들어요”…중소건설사 ‘곡소리’,2026-05-06 10:12:45,domestic_bond
기준금리,구윤철 부총리 “중동전 종료까지 석유가격제 유지…물가 총력전”,2026-05-06 12:01:00,domestic_bond
기준금리,동맹 강화하는 우리銀·삼성…최고 年 10% 적금 출시,2026-05-06 13:27:19,domestic_bond
기준금리,"부산시, 전국 최대 규모 중소기업 운전자금 1조3680억원 공급",2026-05-06 13:50:23,domestic_bond
기준금리,"“연체율 뛰고 깡통대출 늘고”…지방은행, ‘이것’으로 탈출구 찾는다",2026-05-06 15:35:29,domestic_bond
기준금리,전국 빌딩 매매 '숨 고르기',2026-05-06 17:01:27,domestic_bond
기준금리,"[매경이코노미스트] 양극화시대, 질서 회복이 먼저다",2026-05-06 17:46:12,domestic_bond
기준금리,코스피 7000 축포 … 그 뒤엔 다가오는 금리 인상 그림자 [사설],2026-05-06 17:46:13,domestic_bond
기준금리,"""전쟁發 거센 인플레 압력 … 연내 美 금리인하 없을 것""",2026-05-06 17:52:15,domestic_bond
기준금리,비트코인 투자로 연 10%대 이자를? 스트레티지 우선주의 모든 것 [엠블록레터],2026-05-06 17:53:43,domestic_bond
기준금리,"UWM 홀딩스, 1분기 대출실행 449억 달러..전년비 39%↑",2026-05-06 21:44:04,domestic_bond
기준금리,"루트, 1분기 순이익 95% 급증..사상 최대 분기 실적",2026-05-07 05:37:06,domestic_bond
기준금리,"블루 아울 캐피탈, 1분기 주당순이익 0.32달러..전년비 22% 감소",2026-05-07 05:38:57,domestic_bond
기준금리,"케네디 윌슨 홀딩스, 1분기 순이익 1370만 달러 흑자전환..조정 EBITDA 44%↑",2026-05-07 05:52:09,domestic_bond
기준금리,"메이서리치, 1분기 순손실 3,635만 달러..손실폭 27% 축소",2026-05-07 05:59:31,domestic_bond
기준금리,"페르미안 리소시즈, 1Q26 조정 EPS 0.39달러·원유 생산 2% 증가",2026-05-07 06:11:25,domestic_bond
기준금리,"스마트스톱 셀프 스토리지 REIT, 1분기 조정 FFO 주당 0.49달러..전년비 19% 증가",2026-05-07 06:22:00,domestic_bond
기준금리,"시포트 엔터테인먼트 그룹, 1분기 매출 1억2737만 달러..전년비 20.7% 감소",2026-05-07 06:22:11,domestic_bond
기준금리,"트리플포인트 벤처 그로스, 1분기 순투자수익 주당 0.23달러 기록",2026-05-07 06:35:15,domestic_bond
기준금리,"KB자산운용, ‘RISE 코리아밸류업 ETF’ 순자산 1조 돌파",2026-05-07 08:38:58,domestic_bond
기준금리,NH증권 “코스피 9000 갈 것”…전쟁 리스크 압도한 이익체력 [오늘 나온 보고서],2026-05-07 08:52:23,domestic_bond
기준금리,"“시장선 이미 전쟁 끝, 랠리 스타트”…글로벌 주식·채권 강세, 유가 100달러 아래로",2026-05-07 09:03:01,domestic_bond
기준금리,“9000피까지 쭉쭉~”…코스피 더 오른다는 증권가,2026-05-07 14:15:17,domestic_bond
기준금리,“기술발전이 물가를 낮춘다”는 옛말…고개드는 AI發 ‘칩플레이션’,2026-05-07 14:26:17,domestic_bond
기준금리,“코스피 7000? 내 수익률만 왜 이모양?”…‘최후에 웃는 자’ 되는 법 [2026 서울머니쇼],2026-05-07 15:40:53,domestic_bond
기준금리,"“엔저 더이상 안돼”…美 재무, 日서 총리·재무상·일은 총재 회동",2026-05-07 15:48:29,domestic_bond
기준금리,"권대영 부위원장 “증권업계 기록적 수익, 실력 때문인지 뒤돌아 봐야”",2026-05-07 16:55:24,domestic_bond
기준금리,"KB금융지주, 4050억 신종자본증권 발행 순항",2026-05-07 16:55:56,domestic_bond
기준금리,6천억 미래도시펀드 1호 가동 … 1기 신도시 재건축 돈줄 푼다,2026-05-07 17:33:23,domestic_bond
기준금리,"""AI 기술株의 시대 … 주식·채권·金 비율 7:2:1로 담아라""",2026-05-07 18:00:04,domestic_bond
기준금리,일본 가는 베선트 … 다카이치와 엔저 대책 세운다,2026-05-07 18:00:11,domestic_bond
기준금리,"""반도체는 지금 담아도 늦지않다""",2026-05-07 18:11:04,domestic_bond
기준금리,"티즈 홀딩, 1분기 매출 2억6600만 달러·CTV 매출 50% 급증",2026-05-07 19:42:00,domestic_bond
기준금리,"키메라 인베스트먼트, 2분기 우선주 배당금 주당 최대 0.61달러 지급",2026-05-07 19:48:21,domestic_bond
기준금리,"베터 홈 앤 파이낸스 홀딩, 1분기 대출 규모 16억 달러..전년비 89% 급증",2026-05-07 20:47:37,domestic_bond
기준금리,"화이트홀스 파이낸스, 1분기 순투자소득 5,603만 달러··전분기비 15% 감소",2026-05-07 20:51:37,domestic_bond
기준금리,"크래프트 하인즈, 최대 11억 달러 규모 채권 공개매수 실시",2026-05-07 21:28:54,domestic_bond
기준금리,"사이온 인베스트먼트, 1분기 EPS -0.45달러 적자·NAV 4.7% 감소",2026-05-07 21:32:15,domestic_bond
기준금리,"허드슨 퍼시픽 프로퍼티즈, 1분기 FFO 0.27달러 흑자전환..연간 가이던스 상향",2026-05-07 22:02:42,domestic_bond
기준금리,"밸리 내셔널 뱅코프, 1분기 순이익 1억6390만 달러..순이자마진 21bp 개선",2026-05-07 22:28:05,domestic_bond
기준금리,"벨로시티 파이낸셜, 1분기 순이익 2240만 달러..전년비 18% 증가",2026-05-07 23:04:02,domestic_bond
기준금리,"인터내셔널 뱅크쉐어, 1분기 순이익 1억220만 달러..전년비 5.5%↑",2026-05-08 00:28:03,domestic_bond
기준금리,"퀘스트 리소스 홀딩, 1분기 순손실 230만 달러..전년比 적자폭 78% 축소",2026-05-08 05:02:02,domestic_bond
기준금리,"펜넷파크 인베스트먼트, 2분기 순투자수익 930만 달러..전년비 19% 감소",2026-05-08 05:19:40,domestic_bond
기준금리,"HA 서브스테이너블 인프라스트럭처 캐피탈, 1분기 조정 EPS 0.77달러·전년비 20%↑",2026-05-08 05:33:37,domestic_bond
기준금리,"실라 리얼티 트러스트, 1Q 순이익 1240만 달러..전년비 57% 증가",2026-05-08 06:23:02,domestic_bond
기준금리,"체리 힐 모기지 인베스트먼트, 1분기 주당순손실 0.05달러 적자전환",2026-05-08 06:47:39,domestic_bond
기준금리,"코스, 3분기 매출 280만 달러..적자폭 확대",2026-05-08 06:50:20,domestic_bond
기준금리,“절대 안된다고 그렇게 말씀드렸잖아요”…‘포모’에 급증하는 빚투,2026-05-08 09:43:52,domestic_bond
기준금리,증시도 산업도 ‘K자’…대만 전철 밟나,2026-05-08 11:26:43,domestic_bond
기준금리,케빈 워시 연준 의장의 ‘워시노믹스’,2026-05-08 14:05:53,domestic_bond
기준금리,미스터비스트가 픽한 ‘K푸드’…4개월 만에 200만개 팔았다,2026-05-08 14:51:18,domestic_bond
기준금리,“빚 못 갚아요”…회수 포기한 대출 최대치 [데이터로 보는 세상],2026-05-08 15:47:24,domestic_bond
기준금리,강남구 빼고 다 올랐다...서울 집값 다시 반등? [호모 집피엔스],2026-05-08 15:54:21,domestic_bond
기준금리,압구정5구역에 파격 제안…분담금 낮추기 승부,2026-05-08 16:34:33,domestic_bond
기준금리,“카드 혜택 왜 예전 같지 않나”…삼중 압박 카드업계 “규제부터 풀어야”,2026-05-08 16:50:48,domestic_bond
기준금리,“고금리도 안 무서워”…개미들 ‘삼전닉스’ 빚투 광풍,2026-05-08 17:11:19,domestic_bond
기준금리,"기업들, 은행 파킹통장에 111조 뭉칫돈",2026-05-08 17:45:02,domestic_bond
기준금리,"李대통령 ""불법대부 무효""에도 불법추심 등 피해신고 더 늘어",2026-05-08 17:45:06,domestic_bond
기준금리,"카드학회, “카드사 자본규제 완화해야 생산적금융 확대 가능”",2026-05-08 17:49:47,domestic_bond
기준금리,"골드만 삭스 BDC, 1분기 주당 0.12달러 적자..NAV 3.7% 하락",2026-05-08 19:08:20,domestic_bond
기준금리,"그린파이어 리소시스, 2억7500만 캐나다달러 신용시설 재작성 완료",2026-05-08 19:11:01,domestic_bond
기준금리,"스트로베리 필즈 리츠, 1분기 FFO 2090만 달러..전년비 14.5% 증가",2026-05-08 19:14:43,domestic_bond
기준금리,"골드만삭스 BDC, 1분기 주당 적자 전환·NAV 3.7% 하락 충격",2026-05-08 22:54:04,domestic_bond
기준금리,美 고용 두달 연속 증가 … 금리인하 신중론 힘실려,2026-05-08 22:59:26,domestic_bond
기준금리,방산·정유주만 사면 끝?…포성 뒤에 숨어있는 부의 질서,2026-05-09 04:00:00,domestic_bond
기준금리,"리젠셀 바이오사이언스 홀딩스, 상반기 순손실 531만달러..전년비 187% 확대",2026-05-09 05:18:46,domestic_bond
기준금리,"아메리칸 스트래티직 인베스트먼트, 1분기 실적 5월 15일 발표 예고",2026-05-09 05:34:28,domestic_bond
기준금리,“주거 사다리 아직 안 끊겼다”…청약 고수의 올해 당첨 전략,2026-05-09 16:41:16,domestic_bond
기준금리,"“불장인데 마통쯤이야”…5대 은행 잔액, 3년4개월 만에 최대",2026-05-10 09:14:11,domestic_bond
기준금리,"인천시, 지역업체 쓰면 용적률 최대 20% 높인다",2026-05-10 10:44:35,domestic_bond
기준금리,"“마통 뚫어서라도 주식해야”...5대은행 마통 잔액 40조, 40개월만에 최대",2026-05-10 12:44:50,domestic_bond
기준금리,비트코인은 ‘실물자산’이다..화폐가 녹아내릴 때 가치 부상할 것,2026-05-10 16:02:57,domestic_bond
기준금리,"신한자산운용, 초단기 채권·기업어음 등 단기 금융상품 중심 포트폴리오",2026-05-10 16:05:41,domestic_bond
기준금리,양도세 줄이려 … 주말 구청 다주택자로 북적,2026-05-10 17:34:11,domestic_bond
기준금리,[동여의도 위클리] 트럼프 14~15일 방중 … 삼성전자 파업 여부도 변수,2026-05-10 17:42:49,domestic_bond
기준금리,“손실 20%까지는 나라가 막아줘”…‘국민성장펀드’ 뭐길래,2026-05-11 04:00:00,domestic_bond
기준금리,“이러다 정말 한방에 훅 간다”…7천피 불장에 ‘이것’ 하루 2400억씩 불어,2026-05-11 09:09:37,domestic_bond
기준금리,스테이블코인이 카드 대체할 수 밖에 없는 이유…AI에이전트 시대 다가온다,2026-05-11 09:21:35,domestic_bond
기준금리,“반도체주 너무 올라 아찔? 그래도 꽉 붙잡아야”…차익실현 말리는 증권사,2026-05-11 10:34:44,domestic_bond
기준금리,"우리은행, 전세대출 문턱 낮췄다…최저 年 3.71%",2026-05-11 16:08:59,domestic_bond
기준금리,"""은행보다 더 싸게 대출"" 재건축수주 혈투",2026-05-11 17:24:11,domestic_bond
기준금리,"종전협상 파행에 유가 들썩 … 美 ""유류세 일시중단 검토""",2026-05-11 17:47:41,domestic_bond
기준금리,'연체 0%대' 우량 DNA … 전국 1200개 새마을금고에 이식한다,2026-05-11 17:53:06,domestic_bond
기준금리,"“은행보다 싸게 대출해드리죠, 강남이니까”…도넘은 재건축 수주전",2026-05-11 18:50:28,domestic_bond
기준금리,전쟁 중인데 연일 불장…큰손들이 시장 끌어올리는 이유,2026-05-12 04:00:00,domestic_bond
기준금리,"그레이스톤 하우징 임팩트 인베스터스, 1분기 순이익 133만 달러..CAD 305만 달러",2026-05-12 05:27:29,domestic_bond
기준금리,"콜리어스 인터내셔널 그룹, 반기 배당 주당 0.15달러 선언",2026-05-12 05:31:50,domestic_bond
기준금리,"유지아이, 자회사 아메리가스 5억 달러 채권 발행··기존 고금리 채무 상환",2026-05-12 06:06:55,domestic_bond
기준금리,"애쉬포드 호스피탈러티 트러스트, 1분기 주당 11.03달러 적자..자산 매각 가속화",2026-05-12 06:28:08,domestic_bond
기준금리,“사상 최강의 기술 사이클”…골드만도 깜짝 놀란 한국 AI 수출,2026-05-12 09:09:29,domestic_bond
기준금리,"한은 비둘기파도 돌아섰다…연일 ‘물가 압력’ 경고, 금리인상 시작되나",2026-05-12 10:35:13,domestic_bond
기준금리,"삼성증권, 증권사 목표가 상향에 강세…3.92%",2026-05-12 13:19:27,domestic_bond
기준금리,8천피 코앞서 미끄러진 코스피 머니닥터 3인방 긴급 진단,2026-05-12 15:50:01,domestic_bond
기준금리,물가 상승 우려감 커지자 … 국채3년 금리 연고점 경신,2026-05-12 17:46:36,domestic_bond
기준금리,"머리맞댄 美日 재무장관…""엔화값 급락 공동 대응""",2026-05-12 17:59:55,domestic_bond
기준금리,"퍼스트 캐시, 1분기 매출 39억 달러·EPS 2.69달러..전년比 7%·30%↑",2026-05-12 19:03:15,domestic_bond
기준금리,"스타우드 프로퍼티 트러스트, 6억 달러 규모 선순위 채권 사모 발행",2026-05-12 19:13:09,domestic_bond
기준금리,"세인트 조, 2025년 순이익 1억1562만 달러..전년비 28% 증가",2026-05-12 19:31:50,domestic_bond
기준금리,"웨스턴 얼라이언스 뱅코퍼레이션, 2026년 자산 1000억 달러 돌파 목표",2026-05-12 19:49:02,domestic_bond
기준금리,뉴욕증시 3년 연속 두자릿수 상승...승자는 AI [뉴욕증시],2026.01.01 08:56,domestic_bond
기준금리,"“아버님, 꼭 오래 사세요”…국내 첫 낸 돈보다 38% 더주는 ‘이 연금’ 나온다 [언제까지 직장인]",2026.01.01 09:00,domestic_bond
기준금리,"“아 옛날이여” 인기 떨어진 지방銀, 예금 유치도 인뱅과 격차 벌어져",2026.01.01 10:35,domestic_bond
기준금리,"AI거품론 쏘아올린 올트먼, 리딩방 오픈한 버블무새…월가를 울렸다",2026.01.01 10:38,domestic_bond
기준금리,벌써 한숨만…1300원대 환율 다시 못 보나,2026.01.01 13:00,domestic_bond
기준금리,올해 수도권 집값 2%대 완만한 상승…지역별 양극화 심화,2026.01.01 16:11,domestic_bond
기준금리,물가·환율·집값 금리 인하 막는 '3개의 벽',2026.01.01 16:11,domestic_bond
기준금리,"“이번 생엔 서울 포기” 사실로?…‘못잡겠네’ 아파트값, 미친듯 올랐다",2026.01.01 16:16,domestic_bond
기준금리,3년전 죽은 남친 그리워 편지 보냈는데…“소름돋게도 답장이 왔습니다” [매경 뒤 시네마],2026.01.01 18:30,domestic_bond
기준금리,미장 좋지만 ‘중화권 증시’도 주목…2026년 자산배분 전략,2026.01.01 21:00,domestic_bond
기준금리,"“최대 420만원 할인”…르노코리아, 2026년 첫 판매조건 공개",2026.01.02 09:20,domestic_bond
기준금리,새해 맞아 매출 목표부터 세우는 착각…기업이 실패하는 이유 [똑똑한 장사],2026.01.02 13:00,domestic_bond
기준금리,금 온스당 5000달러간다?…금값과 달러로 본 2026년 투자 전망은,2026.01.02 13:52,domestic_bond
기준금리,금·은 뛰는데…비트코인 왜 조용할까 [홍익희의 비트코인 이야기],2026.01.02 14:18,domestic_bond
기준금리,[H | High Exchange Rate] ‘1달러=1400원대’…구조개혁 없인 백약 무효,2026.01.02 14:24,domestic_bond
기준금리,"신동빈 ""유통 혁신으로 위기돌파"" 김승연 ""마스가 책임지고 실행""",2026.01.02 17:37,domestic_bond
기준금리,"""반도체 제외 전산업 생산성 악화 … 韓 1% 저성장 굳어진다""",2026.01.02 17:46,domestic_bond
기준금리,"“3% 넘는 고성장시대, 이젠 불가능”...올해 세계경제 최대 위협 요소는?",2026.01.02 22:57,domestic_bond
기준금리,"바슈 헬스 컴퍼니, 28억 달러 대출 리파이낸싱 완료..이자율 인하·만기 연장",2026.01.03 06:18,domestic_bond
기준금리,“지금 안사면 벼락거지”…영끌족 조바심에 퇴직금까지 당겨 썼다,2026.01.04 08:01,domestic_bond
