keyword,title,date,section
원유,"탑 쉽스, Suezmax 유조선 일일 운임 22% 인상..2026년부터 5년 계약",2026-01-06 23:16:51,real_assets
원유,"머피 오일, 3분기 조정 EBITDA 21% 증가..흑자전환 성공",2026-01-07 07:21:06,real_assets
원유,"[속보] 트럼프 “베네수 제재 원유, 미국에 인도해 시장가격에 판매”",2026-01-07 08:56:12,real_assets
원유,"트럼프 “베네수엘라, 美에 석유 넘길 것…시장가격으로 판매”",2026-01-07 11:05:59,real_assets
원유,"“그린란드 획득, 군사작전도 고려” 美 위협에…EU “그린란드는 주민들 땅”",2026-01-07 14:32:59,real_assets
원유,"SK어스온, 베트남 광구 원유 시추 또 성공",2026-01-07 17:40:17,real_assets
원유,"멕시코, 베네수 제치고 쿠바 석유 수출 1위로",2026-01-07 17:54:06,real_assets
원유,"엑슨모빌, 4분기 실적 전망 악화..원유가격 하락 압박",2026-01-08 06:04:54,real_assets
원유,"유로나브, 노후 선박 8척 매각으로 2.7억 달러 자본이익 확보",2026-01-08 07:22:54,real_assets
원유,미국 이미 세계1위 산유국인데…트럼프는 왜 베네수 원유에 눈독들이나,2026-01-08 17:40:26,real_assets
원유,"미국의 新제국주의…""베네수엘라 원유판매 무기한 통제""",2026-01-08 17:54:45,real_assets
원유,"에코페트롤, 노동조합과 단체협약 재협상 돌입...장기 수익성 관건",2026-01-08 20:01:58,real_assets
원유,“베네수엘라 운영 관여 1년 넘나” 묻자…트럼프 “훨씬 더 길 것”,2026-01-08 20:45:22,real_assets
원유,"코노코필립스, 세계 최대 원유 매장국 베네수엘라 투자 재개 논의 진전",2026-01-09 04:00:38,real_assets
원유,막 오른 미국의 신제국주의…러 유조선 나포하고 베네수 원유 접수,2026-01-09 06:03:22,real_assets
원유,"이뮤셀, 4분기 매출 1.6% 감소..Tri-Shield 제품 41% 성장",2026-01-09 06:15:03,real_assets
원유,"11월 경상수지 122억4000만달러…31개월 연속 흑자, 증가폭도 확대",2026-01-09 08:00:00,real_assets
원유,제국주의 문법 소환한 ‘미국 우선주의’…21세기 新자원 전쟁의 서막 [논설실 Pick],2026-01-09 09:55:25,real_assets
원유,마두로 체포 이후…불안한 건 北이 아니다 [신율의 정치 읽기],2026-01-09 13:56:06,real_assets
원유,"中 최대정유사 시노펙, 항공유 유통사 합병…석유제국 탄생",2026-01-09 14:42:39,real_assets
원유,"오케아니스 에코 탱커스, 최대주주 4,129주 매도...18.74% 지분 유지",2026-01-10 06:23:53,real_assets
원유,美의 베네수엘라 원유 통제 … 유가 하락으로 韓경제 숨통 트이나,2026-01-11 15:27:44,real_assets
원유,[기자24시] 마두로 압송이 남긴 교훈,2026-01-11 17:20:49,real_assets
원유,환율·집값 이중불안에…한은 금리동결 유력,2026-01-11 17:30:39,real_assets
원유,"“두번이나 털렸는데, 이번엔?”...석유사에 베네수엘라 투자 독려나선 트럼프",2026-01-11 21:45:15,real_assets
원유,환율·집값 이중압박 포위된 한은…15일 첫 금통위 ‘금리동결’ 유력,2026-01-12 08:12:03,real_assets
원유,"코인 거래까지 노리는 X, 코인 태그 기능 선보여 [매일코인]",2026-01-12 10:08:22,real_assets
원유,반도체만 홀로 웃었다…이달 수출 2%↓·무역적자 27억달러,2026-01-12 10:29:27,real_assets
원유,미중 소리없는 전쟁 2라운드…마두로 압송이 쏘아올린 신호탄 [기자24시],2026-01-12 10:46:12,real_assets
원유,"코스모스 에너지, 3.5억 달러 채권 발행으로 부채 구조조정 단행",2026-01-12 20:41:56,real_assets
원유,미사일 대신 관세폭탄 먼저 쏜 트럼프…“이란과 거래하는 나라에 관세 25% 부과”,2026-01-13 07:29:46,real_assets
원유,"[속보] 김 총리 “사이비 이단, 척결할 사회악…통일교·신천지 철저수사”",2026-01-13 09:37:06,real_assets
원유,트럼프 “이란과 거래하면 25% 관세”…한국 영향은?,2026-01-13 10:26:22,real_assets
원유,상인 민심 돌아서면 정권이 무너졌다…착잡하게 이란 시위 바라보는 두바이 거주 이란인들 [파일럿 Johan의 아라비안나이트],2026-01-13 13:40:00,real_assets
원유,베네수엘라 석유 집착하는 트럼프…40년 전부터 다 ‘계획’이 있었구나,2026-01-13 15:15:10,real_assets
원유,"""석유화학 돌파구 현장서 찾자""…김동춘 사장, 사업장 돌며 점검",2026-01-13 17:08:28,real_assets
원유,"트럼프 ""이란과 거래하면 25% 관세""… 중국 ""불법적 제재"" 반발",2026-01-13 17:32:02,real_assets
원유,"델렉 US 홀딩스, 2026년 EBITDA 5.2억 달러 전망..현금흐름 개선 주력",2026-01-13 20:02:11,real_assets
원유,"콜리브리 글로벌 에너지, 타이쇼밍고 유정 최대 634BOEPD 생산",2026-01-13 20:46:58,real_assets
원유,"탬보란 리소시스, 원유·가스 전문가 토드 애보트 신임 CEO 임명",2026-01-14 06:09:33,real_assets
원유,"에너지 트랜스퍼, 30억 달러 규모 선순위 채권 발행 완료",2026-01-14 07:06:59,real_assets
원유,고립된 이란의 SOS에도…석유 90% 사가던 ‘깐부’ 중국 묵묵부답,2026-01-14 10:40:56,real_assets
원유,"대한조선, 연초부터 원유운반선 2척 수주",2026-01-14 15:44:52,real_assets
원유,"“주식 곱버스서 날렸는데 원유 인버스도, 어쩌나”…개미들 거꾸로 가다 ‘쪽박’",2026-01-14 15:56:55,real_assets
원유,한국인의 장을 튼튼하게 …'건강한 노화'까지 책임져요,2026-01-14 16:17:53,real_assets
원유,"고령화 직면한 영암…HD현대 ""디지털·자동화로 승부수""",2026-01-14 17:43:49,real_assets
원유,①해외투자 ②통화 증가 ③한미 금리차…원화값 짓누른 3대 악재,2026-01-14 17:50:02,real_assets
원유,"초고강도 개입 약발, 한달도 못갔다…원화값 다시 1480원대 위협",2026-01-14 20:46:25,real_assets
원유,"퍼포먼스 시핑, LNG 준비 LR2급 유조선 인도 완료...장기용선 계약 체결",2026-01-15 06:06:55,real_assets
원유,[속보] 베네수엘라 임시 대통령 “트럼프와 통화…협력의제 논의”,2026-01-15 07:33:25,real_assets
원유,이란 리스크·은행주 부진 겹쳐 이틀째 하락…나스닥 1%↓ [뉴욕증시],2026-01-15 09:14:16,real_assets
원유,"“이 정도면 말차24”…이마트24, 말차 차별화상품만 16종 출시",2026-01-15 11:03:20,real_assets
원유,"대한조선, 새해 벽두부터 원유운반선 4척 계약…연간 목표 30% 달성",2026-01-15 11:14:29,real_assets
원유,“수소 넘어 친환경 종합 에너지 기업 도약”,2026-01-15 15:24:08,real_assets
원유,초판 공시,2026-01-15 15:33:57,real_assets
원유,대통령 체포 소식에 수익률 뛴 ETF 5종…만들어주고 밀어준 이는 현직 대통령 [매일 돈이 보이는 습관 M+],2026-01-15 16:00:00,real_assets
원유,미국에 감정 상한 캐나다 … 중국과 밀착 나선다,2026-01-15 17:33:58,real_assets
원유,K조선 연초부터 잇단 수주 낭보,2026-01-15 17:44:12,real_assets
원유,"발코에너지, 2025년 매출 26.4% 감소...2026년 생산 확대로 실적 회복 전망",2026-01-15 20:17:07,real_assets
원유,"“트럼프 싫어 시진핑 손 잡을 판”...감정 상한 캐나다, 中과 협력 모색",2026-01-15 22:32:54,real_assets
원유,“왜 가난하게 살아야 하나요”…47년 묵은 정치 체제 거부하는 시민들 [뉴스 쉽게보기],2026-01-16 06:00:00,real_assets
원유,"DHT 홀딩스, 4분기 일일 스팟 운임 6만9500달러..5년 용선계약 체결",2026-01-16 06:20:58,real_assets
원유,"“가만있는데 재산 90%가 날아갔어요”...현찰이 휴지조각 된 나라, 생존법은?",2026-01-16 09:08:27,real_assets
원유,"에코페트롤, 이사회 후보 세자르 아레나스 선출..정부 추천 인사",2026-01-16 20:08:05,real_assets
원유,오천피 선봉에 '삼전닉스'가 섰다면 이젠 로봇·원전·조선株가 힘보탠다,2026-01-18 17:17:20,real_assets
원유,K조선 연초부터 LNG운반선 수주 행진,2026-01-18 17:30:12,real_assets
원유,"“비싼 LNG운반선, 중국에 맡기기엔 불안”…연초부터 K조선 수주행진",2026-01-18 22:54:11,real_assets
원유,“삼전이 계속 오를 순 없잖아요”...5천피 이후 국장 책임질 주도주는,2026-01-19 07:51:18,real_assets
원유,[기자24시] 이란에 흔들리는 中 일대일로,2026-01-19 17:14:12,real_assets
원유,[특파원칼럼] 전선 넓히는 미중 자원전쟁,2026-01-19 17:28:39,real_assets
원유,에너지 봉쇄의 데자뷔…1941년 일본과 닮아가는 2026년 중국 [기자24시],2026-01-20 10:48:16,real_assets
원유,세계화 대신 ‘美우선주의’…트럼프가 바꾼 다보스포럼,2026-01-20 11:23:41,real_assets
원유,[글로벌포커스] 파국으로 향하는 '돈로 독트린',2026-01-20 17:03:27,real_assets
원유,[유가증권시장 공시] HD현대중공업,2026-01-20 17:50:56,real_assets
원유,"에코페트롤, 콜롬비아 정부 추천 로드리게스 이사 재지명",2026-01-20 20:05:20,real_assets
원유,"에코페트롤, 새 이사회 후보 명단 공개...정부 제안 7인 확정",2026-01-20 20:30:02,real_assets
원유,"옥시덴탈페트롤리엄, 4Q 글로벌 원유 실현가격 배럴당 58.99달러 기록",2026-01-20 21:06:33,real_assets
원유,"페르미안 베이슨 로열티 트러스트, 2월 배당금 0.040056달러 확정",2026-01-21 00:58:11,real_assets
원유,"아파치, Q4 천연가스 생산량 감축...자사주 2.7백만주 매입",2026-01-21 06:24:02,real_assets
원유,"오케아니스 에코 탱커스, 4Q TCE 7만5400달러 기록..1Q 일부 예약 10만6700달러",2026-01-21 06:32:53,real_assets
원유,트럼프 ‘그린란드 관세’에 ‘셀 아메리카’ 공포 [뉴욕증시],2026-01-21 09:07:02,real_assets
원유,“누구인가? 버블이야기 하는게”…올들어 반도체 수출 70% 급증,2026-01-21 10:51:39,real_assets
원유,암호화폐에도 코스피처럼 대표 지수 생길까? [엠블록레터],2026-01-21 13:33:48,real_assets
원유,"선코에너지, 2025년 매출 1.4% 증가·EPS 3.4% 상승 전망…2026년 실적 하락 예상",2026-01-21 20:03:03,real_assets
원유,"킨더 모건, 4분기 순이익 50% 급증..2026년 5% 성장 전망",2026-01-22 06:15:04,real_assets
원유,"트럼프 다보스 발언에 안도…뉴욕증시 상승 출발, AI·반도체 강세 [뉴욕증시]",2026-01-22 08:55:48,real_assets
원유,"C3IS, 주가 상승 위한 1:20 액면병합 결정...나스닥 상장 유지 위한 조치",2026-01-22 22:44:57,real_assets
원유,"도체스터 미네랄스, 4분기 현금배당 0.76달러 발표..수익률 11.6%",2026-01-23 07:20:08,real_assets
원유,"오케아니스 에코 탱커스, 1억3000만 달러 규모 신주 발행 완료",2026-01-23 20:34:04,real_assets
원유,국내 주유소 기름값 7주째 하락…“다음주 상승 전환 가능성”,2026-01-24 06:12:25,real_assets
원유,"베네수엘라·그린란드 이어 여기도?…“미국, 쿠바 해상 봉쇄 검토”",2026-01-24 06:31:40,real_assets
원유,"배탤리언 오일, 가스처리계약 변경으로 일일 원유생산 1200배럴 증가",2026-01-24 06:31:51,real_assets
원유,"[속보] 김민석 총리, 밴스 미 부통령과 워싱턴DC서 회담",2026-01-24 06:33:03,real_assets
원유,"배탤리언오일, 가스처리계약 변경으로 원유생산량 1,200배럴 증가",2026-01-24 07:00:32,real_assets
원유,김 총리 “쿠팡 차별 안 했다”…미 부통령 “오해 없게 관리하길”,2026-01-24 10:38:33,real_assets
원유,"중국이 20년이나 공들였는데…베네수 석유, 이젠 트럼프 맘대로?",2026-01-24 19:06:29,real_assets
원유,"“이라크, 친 이란파 숙청 안하면 돈줄 차단”…마두로 제거에 자신감 얻은 트럼프의 경고",2026-01-24 20:00:39,real_assets
원유,"에쓰오일, 지난해 4분기 전년 대비 영업이익 91% 증가",2026-01-26 13:35:40,real_assets
원유,원자재 강세에 브라질 펀드 고공행진,2026-01-26 17:45:26,real_assets
원유,"원오크, 에너지 산업 전문가 2명 독립이사 선임... 거버넌스 강화",2026-01-27 06:51:00,real_assets
원유,"델렉 로지스틱 파트너스 LP, 분기 배당금 1.125달러로 상향",2026-01-27 06:53:33,real_assets
원유,정제마진 급등 가능성 제기…S-OIL 목표가 14만원 등장[오늘 나온 보고서],2026-01-27 09:20:39,real_assets
원유,"대한조선, 작년 영업익 2941억원…전년비 86.1%↑",2026-01-27 15:31:16,real_assets
원유,한화·HD현대 수조원대 패키지 … 加 총력전,2026-01-27 17:51:27,real_assets
원유,"이온 리소시스, 33세 금융전문가 벌피트 독립이사 영입.. 인수합병 역량 강화",2026-01-27 20:47:01,real_assets
원유,"인터내셔널 시웨이스, 수에즈막스 시장 진출..사업 다각화 추진",2026-01-27 23:12:07,real_assets
원유,"SM 에너지, 시비타스와 합병안 압도적 찬성으로 통과",2026-01-28 07:26:00,real_assets
원유,"윤희숙 “김 총리, 미국에 사진 찍으러 갔나…대통령 된 것처럼 의기양양”",2026-01-28 10:29:16,real_assets
원유,"삼성중공업, LNG 운반선 등 5척 수주…1.2조 규모",2026-01-28 13:37:45,real_assets
원유,'딸콤함' 듬뿍 담은 케이크 … 특급호텔은 '급'이 다르네 [떴다! 기자평가단],2026-01-28 16:13:33,real_assets
원유,"우드사이드 에너지 그룹, 4분기 매출 10% 감소...스카버러 프로젝트 94% 완공",2026-01-28 20:12:20,real_assets
원유,"머피 오일, 4분기 EPS 0.08달러..생산량 18만 배럴 가이던스 상회",2026-01-29 06:45:21,real_assets
원유,"CNX 리소시즈, 4분기 매출 6억1100만 달러...전년비 330% 급증",2026-01-29 20:58:05,real_assets
원유,"그랜 티에라 에너지, 4분기 매출 6억달러 기록...EPS 3.12달러로 급증",2026-01-29 22:49:16,real_assets
원유,"셰브론, 4분기 순익 27.7억 달러..전년비 14.4% 감소",2026-01-30 20:18:26,real_assets
원유,"엑슨모빌, 2025년 순이익 288억달러..업스트림 40년만 최고 생산량",2026-01-30 20:33:09,real_assets
원유,"임페리얼 오일, 1분기 주당배당금 20.8% 인상...31년 연속 배당 상승",2026-01-30 22:05:52,real_assets
원유,"임페리얼 오일, 4분기 순이익 60% 감소·비경상항목 제외시 21% 하락",2026-01-30 22:09:52,real_assets
원유,"에코페트롤, 2025년 지배구조 보고서 제출...올해 EPS 16.7% 감소 예상",2026-01-31 07:21:04,real_assets
원유,"EQV VENTURES ACQUISITION, SEC 승인 받고 Presidio와 합병 절차 돌입",2026-01-31 07:27:04,real_assets
원유,[기고] 테헤란의 봄을 기다리며,2026-02-01 17:03:58,real_assets
원유,"데본에너지, 코테라와 580억달러 규모 합병...연간 10억달러 시너지 기대",2026-02-02 21:55:09,real_assets
원유,"헤스 미드스트림 파트너스, 4분기 EPS 0.72달러...전년대비 6% 증가",2026-02-02 22:01:59,real_assets
원유,"한국은 25%까지 관세 올린다더니…트럼프, 인도 관세 50%→18% 인하",2026-02-03 07:04:25,real_assets
원유,"인도 ""러시아산 원유 안 사겠다"" … 트럼프 ""관세 50% → 18% 인하""",2026-02-03 17:51:35,real_assets
원유,"엔터프라이즈 프로덕트 파트너스, 4분기 견조한 실적·기록적 물량 달성",2026-02-03 20:03:21,real_assets
원유,"세이블 오프쇼어, 해상처리선박 도입에 4.8억달러 투자...2027년 흑자전환 전망",2026-02-03 20:09:57,real_assets
원유,"MPLX, 4Q 순이익 11.9억달러 증가..2026년 투자 27억달러 계획",2026-02-03 20:38:11,real_assets
원유,"RPC, 4분기 매출 4.26억 달러..전분기비 5% 감소",2026-02-03 20:47:46,real_assets
원유,"“러시아산 원유 안 산다고?”…트럼프, 말 듣겠단 인도에 관세 50→18%",2026-02-03 21:31:32,real_assets
원유,"교섭단체 대표 연설 나선 장동혁, 이 대통령에 영수회담 재차 요구 [전문]",2026-02-04 10:57:58,real_assets
원유,"선코에너지, 주당 0.60캐나다달러 분기배당 결정",2026-02-04 20:05:13,real_assets
원유,"필립스 66, 4분기 매출 12% 증가..실적호전·50억 달러 영업현금흐름 달성",2026-02-04 23:44:09,real_assets
원유,미중정상 두달만에 통화…“미국산 석유사라” “대만 무기판매 신중히”,2026-02-05 03:23:19,real_assets
원유,"코어 래버러토리즈, 4분기 매출 1.4억달러로 7% 성장...순익은 부진",2026-02-05 07:00:33,real_assets
원유,한화오션 주가 한방 더 남았다…“마스가 수혜에 20% 추가 상승 기대” [오늘 나온 보고서],2026-02-05 08:25:24,real_assets
원유,"쉘, 2025년 매출 6.6% 감소에도 EPS 21% 증가…재무건전성 개선",2026-02-05 20:18:52,real_assets
원유,"EQV VENTURES, Presidio 합병과 연 1.35달러 배당정책 발표",2026-02-05 23:18:04,real_assets
원유,"매그놀리아 오일 & 가스, 4Q 생산량 11% 증가..연간 실적 안정세",2026-02-06 06:03:46,real_assets
원유,"사우스 보우, 3월 5일 2025년 4분기·연간 실적 발표 예정",2026-02-06 07:07:04,real_assets
원유,[속보] 지난해 경상흑자 1230억달러…12월은 187억달러로 역대 최대,2026-02-06 08:00:00,real_assets
원유,"플레인스 그룹 홀딩스, 4Q 순이익 3억4200만 달러..적자서 흑자전환",2026-02-06 22:51:25,real_assets
원유,"플레인즈 올 아메리칸, 4분기 순이익 3.42억 달러..전년 대비 흑자전환",2026-02-06 22:52:15,real_assets
원유,"라일리 익스플로레이션 퍼미안, 석유·가스 업계 베테랑 사아다티 사외이사 영입",2026-02-07 06:56:53,real_assets
원유,“이란과 거래 국가 25% 관세”…트럼프 ‘자금줄 원천 차단’ 행정명령 서명,2026-02-07 10:15:34,real_assets
원유,"한국엔 관세 인상 위협하더니…미국, 인도와 관세 ‘50%→25% 인하’ 잠정 합의",2026-02-07 20:28:22,real_assets
원유,"[美공시]플레인스 GP 홀딩스, 2025년 4분기 및 연간 실적 발표, 2026년 전망 및 배당금 증액 계획 제시",2026-02-09 08:57:49,real_assets
원유,설날 대통령에게 세배하면 100만원 준다?[여프라이즈],2026-02-11 08:00:00,real_assets
원유,"삼성重, 컨테이너 운반선 2척 4686억원에 수주",2026-02-11 14:26:48,real_assets
원유,"팬오션, LNG·탱커 호조에 지난해 실적 선방..영업익 4.4%↑",2026-02-11 15:59:43,real_assets
원유,"토털에너지스, 4분기 순이익 30억달러..전년대비 21% 감소",2026-02-11 22:33:34,real_assets
원유,SK해운 VLCC 10척 팬오션에 매각…1조원 확보,2026-02-12 13:31:41,real_assets
원유,"스콜피오 탱커스, 4분기 순익 87% 급증..1억2812만달러 기록",2026-02-12 20:52:22,real_assets
원유,"제네시스 에너지, 4분기 순이익 흑자전환·배당 9.1% 인상",2026-02-12 22:54:01,real_assets
원유,"본격화하는 ‘자원 전쟁’…석유로 압박하고, 중국 ‘무기’ 무력화하려는 미국 [뉴스 쉽게보기]",2026-02-13 06:00:00,real_assets
원유,"오케아니스 에코 탱커스, 내주 2025년 4분기·연간 실적 발표 예정",2026-02-13 06:26:50,real_assets
원유,"트럼프, 이란에 '핵 합의 불발 후폭풍' 경고",2026-02-17 17:46:09,real_assets
원유,"우드사이드 에너지 그룹, 입증매장량 4.7% 감소..개발투자 32억달러 집행",2026-02-17 20:12:00,real_assets
원유,"“이란, 해군 훈련으로 호르무즈 해협 수시간 폐쇄”",2026-02-17 20:57:52,real_assets
원유,"스노코, 4Q 조정 EBITDA 7.1억 달러…전년비 58% 증가",2026-02-17 21:16:06,real_assets
원유,"에너지 트랜스퍼, 4Q 매출 253억달러 30%↑..26년 가이던스 상향",2026-02-17 21:43:57,real_assets
원유,"페르미안 베이슨 로열티, 2월 배당 0.014달러..전월比 감소",2026-02-18 01:40:01,real_assets
원유,"마린 페트롤리엄, 1분기 배당 107% 증가..유닛당 0.1달러 지급",2026-02-18 01:42:01,real_assets
원유,"데본에너지, 4분기 생산량 가이던스 상회…코테라 합병 통해 배당 31% 인상",2026-02-18 06:19:57,real_assets
원유,"마타도르 리소시즈, 분기 배당 0.375달러 확정...3월 10일 지급",2026-02-18 06:21:27,real_assets
원유,"오빈티브, 아나다코 자산 30억 달러에 매각...부채감소·주주환원 강화",2026-02-18 07:16:02,real_assets
원유,"도체스터 미네랄스, A. 트로이 스터록 이사회 신임 매니저 영입",2026-02-18 07:30:53,real_assets
원유,日보다 늦은 韓 대미투자…美 압박에 사업성 놓치면 안될 일 [사설],2026-02-18 16:30:08,real_assets
원유,對美 1호 투자처는 AI 인프라 … 데이터센터 전력용 발전소 건설,2026-02-18 17:36:35,real_assets
원유,"이란, 호르무즈 봉쇄 훈련 … 밴스 ""핵 못갖게 할 것""",2026-02-18 17:47:05,real_assets
원유,AI데이터센터용 발전소·원유 시설·산업용 다이아 공장 짓는다,2026-02-19 06:15:20,real_assets
원유,"옥시덴탈페트롤리엄, 4Q 매출 51억달러..OxyChem 매각 영향으로 적자전환",2026-02-19 06:17:11,real_assets
원유,"SM 에너지, 텍사스 자산 9.5억 달러 매각..부채 축소 가속화",2026-02-19 06:19:22,real_assets
원유,"텍사스 퍼시픽 랜드, 4분기 매출 2.1억 달러..전년비 4.2% 증가",2026-02-19 06:19:42,real_assets
원유,"CVR 에너지, 4분기 1.1억 달러 순손실..가속 감가상각 영향",2026-02-19 06:32:14,real_assets
원유,"오케아니스 에코 탱커스, 1.55달러 분기배당 선언...지급일 3월 10일",2026-02-19 06:35:43,real_assets
원유,"CVR에너지, 4분기 순손실 기록하며 가속 감가상각 영향 커",2026-02-19 07:11:46,real_assets
원유,"웨스턴 가스, 4분기 EBITDA 6.4억달러 최대실적..배당 2.2% 인상",2026-02-19 07:20:17,real_assets
원유,"“전쟁 가능성 90%”…24시간 내 전투기 50대 중동 진입, 이란 ‘초긴장’",2026-02-19 11:26:23,real_assets
원유,"“이란 전쟁 임박?”…미국, 중동에 전투기 50대 급파",2026-02-19 15:35:42,real_assets
원유,연휴 직후 금값 반등…19일 한 돈 102만1000원,2026-02-19 16:39:13,real_assets
원유,"美·이란 전면전 가능성 90% … 트럼프, 軍고위급 긴급소집",2026-02-19 17:38:44,real_assets
원유,국제유가 4%대 오르고 금값 급등 … 美금리 불확실성에 이란 戰雲 덮쳐,2026-02-19 17:42:41,real_assets
원유,이란 ‘전운’에 美금리 불확실성까지…국제유가·금값도 급등,2026-02-19 22:32:49,real_assets
원유,"텍사스퍼시픽랜드, 4분기 실적 호조와 미들랜드 분지 대규모 자산 확보로 주목",2026-02-20 01:41:00,real_assets
원유,"옵시디안 에너지, 4분기 FFO 5,660만 달러..한파 영향 불구 채무구조 개선",2026-02-20 02:43:11,real_assets
원유,"세노버스 에너지, 4분기 업스트림 일일생산량 5% 증가…현금흐름 24억 달러",2026-02-20 03:24:31,real_assets
원유,이란 공습 긴장감·AI 파괴론 겹악재…일제히 하락 마감 [뉴욕증시],2026-02-20 08:54:44,real_assets
원유,미국-이란 전쟁 불안에 국제유가 2% 상승…6개월 만에 최고치,2026-02-20 09:00:38,real_assets
원유,미국이 이란 공격하면 중동 정세는…BBC가 분석한 최악의 시나리오,2026-02-20 13:53:06,real_assets
원유,"""호르무즈 원유 수송 막힐라""… 글로벌 경제 충격파",2026-02-20 17:47:15,real_assets
원유,"""이란, 보름주겠다"" 트럼프 최후통첩",2026-02-20 17:54:51,real_assets
원유,"“이란, 보름 주겠다”…트럼프, 핵합의 시한 제시하며 최후통첩",2026-02-20 18:31:15,real_assets
원유,"에코페트롤, 이사회 의장·부의장 선임 및 위원회 전면 재편",2026-02-20 20:04:25,real_assets
원유,"에코페트롤, 임시주총 앞두고 주주 대표성 강화 조치 발표",2026-02-20 20:06:15,real_assets
원유,"옵시디안에너지, 연간 흑자 전환 성공…고금리 채권 상환으로 재무구조 대폭 개선",2026-02-21 00:51:13,real_assets
원유,[Issue Pick] 신제국주의 시대의 개막...트럼프 대통령의 ‘돈로주의’와 ‘함포 외교’,2026-02-22 23:59:13,real_assets
원유,“이 숫자 보면 반도체 주가 거품은 아닌 듯”…이달 1~20일 수출 역대 최대,2026-02-23 14:06:38,real_assets
원유,"이란 외톨이 되나…미국 공격에 푸틴 시진핑 도와주기 어렵다는데, 왜?",2026-02-23 14:48:01,real_assets
원유,"다이아몬드백 에너지, 4분기 매출 34억 달러·9% 감소…연간은 34% 급증",2026-02-24 06:10:53,real_assets
원유,"오빈티브, 4분기 EPS 3.70달러 흑자전환·30억 달러 자사주 매입 승인",2026-02-24 07:09:17,real_assets
원유,[MK시그널] 이란戰 가능성에 흥구석유 '쑥',2026-02-24 17:18:18,real_assets
원유,"[손현덕칼럼] 석유화학, 어쩌면 새드엔딩",2026-02-24 17:32:10,real_assets
원유,"블랙 스톤 미네랄스, 4분기 순이익 56% 급감·매출 42% 증가",2026-02-24 20:09:55,real_assets
원유,"CVR 에너지, 2025년 조정 EBITDA 3억9300만 달러..EPS 216% 급증 전망",2026-02-25 06:30:17,real_assets
원유,"마타도르 리소시즈, 4분기 매출 8억5000만 달러…2026년 생산 3% 확대·CapEx 11% 축소",2026-02-25 06:44:08,real_assets
원유,"도체스터 미네랄스, 2025년 순이익 38% 급감·EPS 1.16달러",2026-02-25 07:23:51,real_assets
원유,"석유화학, 어쩌면 새드엔딩 [손현덕칼럼]",2026-02-25 08:27:12,real_assets
원유,"탈로스 에너지, 4분기 매출 3억9224만 달러·순손실 2억258만 달러",2026-02-25 20:06:43,real_assets
원유,HD현대·롯데케미칼 5대5 통폐합…에틸렌 생산 110만t 줄인다,2026-02-26 07:10:20,real_assets
원유,"베이텍스 에너지, 2025년 연간 실적 3월 4일 발표 예정",2026-02-26 07:39:32,real_assets
원유,"페데브코, 합병 후 확정 매장량 3212만 배럴·PV-10 3억5800만 달러",2026-02-26 07:40:52,real_assets
원유,"[MK시그널] 코어 래버러토리즈 매도신호 포착, 수익률 48.1% 달성",2026-02-26 10:10:17,real_assets
원유,“소외주의 반란 시작된다”…화학주 주목하는 증권가,2026-02-26 14:56:31,real_assets
원유,"美, F-22 전진배치 '위협'… 이란, 석유 개발권으로 '달래기'",2026-02-26 17:31:08,real_assets
원유,"하프니아, 4분기 순이익 1억970만 달러..전년비 38% 증가",2026-02-26 20:28:52,real_assets
원유,"인터내셔널 시웨이스, 4분기 순이익 1억2750만 달러..전년比 흑자전환",2026-02-26 21:02:17,real_assets
원유,"킴벨 로열티 파트너스, 4분기 매출 7,652만 달러..전년비 10% 증가",2026-02-26 21:14:03,real_assets
원유,"아파치, 4분기 EPS 예상치 30% 초과…원유 생산 가이던스도 상향",2026-02-27 01:21:11,real_assets
원유,"옵시디안 에너지, 자사주 645만주 매입 프로그램 승인",2026-02-27 07:07:40,real_assets
원유,"코테라 에너지, 4분기 순이익 28% 급증..델라웨어 합병 시너지 10억 달러 목표",2026-02-27 07:19:00,real_assets
원유,"유로나브, 4분기 순이익 9010만 달러..EBITDA 78% 급증",2026-02-27 07:24:00,real_assets
원유,"HD한국조선해양, 컨테이너선 6척 수주",2026-02-27 13:56:39,real_assets
원유,"마타도르 리소시즈, 7억5000만 달러 규모 2034년 만기 채권 발행",2026-02-27 20:19:17,real_assets
원유,"델렉 로지스틱 파트너스 LP, 4분기 순이익 4730만 달러..전년비 34% 증가",2026-02-27 20:34:37,real_assets
원유,"델렉 US 홀딩스, 4분기 조정 EBITDA 3.7억 달러..흑자전환 성공",2026-02-27 20:34:47,real_assets
원유,"선코에너지, 최대 1억1870만주 자사주 매입 프로그램 재개",2026-02-28 01:18:56,real_assets
원유,"기름값 다시 꿈틀…휘발유 ℓ당 1700만원 눈앞, 경유도 오름세 지속",2026-02-28 10:10:39,real_assets
원유,무역협회 “한국 단기적 수출 영향 제한적”,2026-02-28 19:58:10,real_assets
원유,"산업부, 에너지 수급 긴급 점검…“수급 위기 대응력 충분”",2026-02-28 20:54:58,real_assets
원유,산업부 “LNG선 운항 특이사항 없어…일부 유조선 호르무즈 해협 통과 예정”,2026-02-28 20:56:30,real_assets
원유,100년전 ‘친구’ 美·이란…이슬람혁명 이후 ‘적’,2026-02-28 22:02:00,real_assets
원유,중간선거 승부수? 자충수?...트럼프 또다시 전쟁 도박,2026-03-01 00:24:11,real_assets
원유,"이란, 호르무즈 해협 봉쇄...유가 100달러 현실로?",2026-03-01 01:28:11,real_assets
원유,미국의 이란 공격…글로벌 시장 충격에 ‘코스피’ 변동성도 커지나,2026-03-01 06:50:59,real_assets
원유,하메네이 후계자 유력 라리자니…“미국·이스라엘 후회하게 만들것”,2026-03-01 09:14:21,real_assets
원유,"미국 이란 공격에 국내 산업계 긴장 최고조…해운·정유·항공, 대응 고심",2026-03-01 10:59:18,real_assets
원유,“개장일이 두려워요”…확전 우려에 각국 금융시장 ‘공포’,2026-03-01 11:14:03,real_assets
원유,"‘이란과 절친’ 중국, 미국 공격에 입다문 이유…군사력 확인하고 놀랐나?",2026-03-01 15:34:52,real_assets
원유,美 이란 공습에 중동전쟁 확산 … 경제·안보 물 샐 틈 없는 관리를 [사설],2026-03-01 17:37:13,real_assets
원유,하메네이 사망… 美공습에 37년 이란 철권통치 끝,2026-03-01 17:53:15,real_assets
원유,하메네이 사망에 비트코인 반등 … 금값도 요동,2026-03-01 17:55:06,real_assets
원유,유가·환율 '이중고' 韓기업 중동 주재원 안전 확보 총력,2026-03-01 17:55:07,real_assets
원유,韓 원유 70% 중동에 의존 … 호르무즈 해협 봉쇄에 유가 초비상,2026-03-01 17:55:07,real_assets
원유,하메네이 사망…하루 공습에 37년 철권통치 끝났다,2026-03-01 18:32:49,real_assets
원유,호르무즈 해협 봉쇄에 유가 초비상…韓 원유 70% 중동에 의존,2026-03-01 19:58:51,real_assets
원유,하메네이 사망에 비트코인 반등·금값 요동…원화값 급락 전망도,2026-03-01 21:37:31,real_assets
원유,‘이란 봉쇄’ 호르무즈해협서 선박 잇단 피격 침몰…해협 150척 선박 정박,2026-03-01 22:44:06,real_assets
원유,"호르무즈해협서 선박 피습, 홍해까지 불똥...유가폭등 우려",2026-03-02 05:25:45,real_assets
원유,“잠이 안 와요”...美 이란 공습에 비트코인·금값 출렁,2026-03-02 10:16:12,real_assets
원유,“하루 더 쉬어가는 코스피 좀 나을까?”…전쟁 발발 후 열린 美증시 1% 하락,2026-03-02 10:24:34,real_assets
원유,중동 전운에 외환시장 ‘비상’...원달러 환율 1500원 돌파할까,2026-03-02 10:42:41,real_assets
원유,"한국은 그나마 나은 편…‘중동원유 96%’ 호르무즈 봉쇄에 일본, 초비상",2026-03-02 13:37:05,real_assets
원유,유조선 피격·유가 급등 … 실물 경기 충격 대비할 때 [사설],2026-03-02 16:57:22,real_assets
원유,"""중동전쟁 파장 철저히 대비""… 모든 靑직원 연휴에도 비상근무",2026-03-02 17:39:26,real_assets
원유,중동 '허브공항' 속속 폐쇄 … 유럽출장·물류대란 비상,2026-03-02 17:39:26,real_assets
원유,"정부 ""7개월치 석유비축""…유가 100달러가 1차 마지노선",2026-03-02 17:40:30,real_assets
원유,커지는 오일쇼크 공포 … 상승랠리 달리던 韓증시 '최대 암초',2026-03-02 17:46:51,real_assets
원유,유가 치솟고 亞증시 불안…'살얼음' 코스피,2026-03-02 17:47:59,real_assets
원유,이란 공습發 중동 항로 마비·유가 급등…델타항공 직격탄,2026-03-02 19:20:40,real_assets
원유,"오케아니스 에코 탱커스, 4분기 배당 주당 1.55달러..3월 2일 배당락",2026-03-02 20:12:42,real_assets
원유,"토털에너지스, 쿠웨이트 석유공사와 탐사 기술협력 MoU 체결",2026-03-02 20:14:52,real_assets
원유,"김민석 총리 ""국민안전 최우선 … 유사시 수송작전 빈틈없이 준비""",2026-03-02 20:18:25,real_assets
원유,사우디 “최대 정유시설서 드론 2대 파괴…일부 시설 가동 중단”,2026-03-02 20:38:43,real_assets
원유,"코스모스 에너지, 4분기 순손실 3억7천만 달러..생산량 4% 증가",2026-03-02 20:44:05,real_assets
원유,유가 치솟고 아시아 증시 불안…‘전쟁 암운’에 숨죽인 자산시장,2026-03-02 21:00:45,real_assets
원유,정부 “원유 석유 208일분 비축…3일 증시 개장 전 관계부처 회의”,2026-03-02 21:16:41,real_assets
원유,정부 “7개월치 석유 비축”...유가 100불 넘으면 경제 비상,2026-03-02 21:21:03,real_assets
원유,"캘리포니아 리소시즈, 2025년 조정 EBITDAX 12억 달러..2021년 이후 최고",2026-03-02 22:48:10,real_assets
원유,이란 공습에 靑 비상 대응 …위성락 “모든 분야서 대비”,2026-03-02 22:53:36,real_assets
원유,이란 “호르무즈 통과하면 불태울 것”...해협 폐쇄에 유가 급등,2026-03-03 05:45:50,real_assets
원유,"팜파 에너지아, 4분기 순이익 1억6100만 달러..전년비 52% 급증",2026-03-03 05:58:06,real_assets
원유,"팜파 에너지아, 2025년 매출 20억 달러 달성..영업익 14% 증가",2026-03-03 06:07:11,real_assets
원유,"비테스 에너지, 4분기 조정 EBITDA 3670만 달러..파우더 리버 분지 3500만 달러 인수",2026-03-03 06:12:32,real_assets
원유,"더 루비콘 프로젝트, NAV 주당 22.88달러..현 주가 94% 할인",2026-03-03 06:19:06,real_assets
원유,"크레센트 에너지, 4억 달러 규모 전환사채 발행..2028년 만기 고금리 선순위채 상환",2026-03-03 06:25:31,real_assets
원유,"뉴욕증시, 이란 사태에도 충격 제한적…유가·천연가스는 급등",2026-03-03 07:19:05,real_assets
원유,"“호르무즈 오지 말라, 통과 선박 다 불태우겠다”…경고 날린 이란",2026-03-03 07:43:44,real_assets
원유,“중동 전쟁은 물타기 좋은 찬스”...비트코인 3000개 추가매수한 ‘고래’,2026-03-03 08:31:12,real_assets
원유,“석유 한 방울도 못 빠져나가”…국제 유가 100달러 넘어가나 ‘촉각’,2026-03-03 09:15:55,real_assets
원유,호르무즈 해협 봉쇄 리스크 현실화되나…산업계 촉각,2026-03-03 10:10:21,real_assets
원유,"“기름값 뛰면 어쩌죠”...수출입銀, 중동 사태에 원유 구매 자금 지원",2026-03-03 10:29:09,real_assets
원유,정부 “비축유 충분…해협 봉쇄 대비해 중동 외 물량확보 추진”,2026-03-03 10:30:58,real_assets
원유,S-Oil `중동 전쟁 - 정제된 기름이 보다 귀해진다` 증권사 발표에 강세…15.91%,2026-03-03 10:43:26,real_assets
원유,美·이란전쟁에 방산·정유株 급등…한화에어로 역사적 신고가 터치 [매경 자이앤트],2026-03-03 10:49:07,real_assets
원유,호르무즈 위기에 가장 취약한 나라는? 인도,2026-03-03 11:06:13,real_assets
원유,이란 사태로 국제 유가 상승…‘정유주’ 신고가 쓴 뒤 상승폭 줄여,2026-03-03 11:25:04,real_assets
원유,정부 “韓경제 당장 문제없다”…전쟁 장기화 땐 ‘위험’ 전망도,2026-03-03 13:36:37,real_assets
원유,힘들게 잡혀가던 식품 물가 또 오르나…이란 공격에 식품업계도 ‘비상’,2026-03-03 13:47:51,real_assets
원유,美·이란 전쟁에 방산주 급등…해운주도 탄력받아,2026-03-03 14:41:22,real_assets
원유,이란 공습에도 흔들림은 잠시…‘방산주’ 불붙나,2026-03-03 14:58:25,real_assets
원유,미국과 이란 교전에…상승세였던 삼전닉스·현대차 9~11%대 하락,2026-03-03 15:26:57,real_assets
원유,"코스피 ‘검은 화요일’…중동 리스크에 5800선 붕괴, 7%대 폭락",2026-03-03 15:50:39,real_assets
원유,“호르무즈 지나는 선박 전부 불태운다”... K해운업계 ‘비상’,2026-03-03 15:59:56,real_assets
원유,‘트럼프 이란 공습’에 국제 유가 급등…미국 휘발유 갤런당 3달러 넘어,2026-03-03 16:19:46,real_assets
원유,증시 사이드카 발동·환율 상승 … 고조되는 3高 위기 [사설],2026-03-03 17:17:49,real_assets
원유,[기자24시] 美의 이란 공습 대가,2026-03-03 18:00:45,real_assets
원유,"美, 반미 중심축 이란 때려 중동 군기 잡고 … 中 고립까지 노려",2026-03-03 18:05:32,real_assets
원유,"유가 급등에 인플레 공포 엄습 … 다이먼 ""장기전땐 물가 위험 심각해질 것""",2026-03-03 18:06:54,real_assets
원유,"중동체류 국민 2만1000명 … 당정 ""인접국 이동 검토""",2026-03-03 18:09:49,real_assets
원유,"결사항전 이란 ""선박 다 불탈것""… 원유·가스 초비상",2026-03-03 18:09:50,real_assets
원유,"외국인, 삼전닉스 4.4조 '매도 폭탄'… 방산·정유株는 급등",2026-03-03 18:09:50,real_assets
원유,"외국인, 삼전닉스 4조4000억 ‘매도폭격’…방산·정유株는 급등",2026-03-03 19:15:47,real_assets
원유,"플로우코 홀딩스, 발리언트 인수 완료..2억 달러 규모 M&A",2026-03-03 20:07:47,real_assets
원유,코스피 6244→5791 역대급 급락…이란發 ‘검은 화요일’,2026-03-03 20:13:09,real_assets
원유,"프레리 오퍼레이팅, 리차드 프롬머 임시 CEO 선임..토레센 이사회 의장 취임",2026-03-03 23:03:05,real_assets
원유,막무가내 이란 “선박 다 불태울 것”…원유·가스 초비상,2026-03-03 23:07:32,real_assets
원유,확전·장기전 우려에 美증시 급락...트럼프 “유조선 호위” [월가월부],2026-03-04 06:33:53,real_assets
원유,"트럼프 “유가 잠시 높겠지만, 이 일 끝나면 이전보다 더 낮아질 것”",2026-03-04 06:48:30,real_assets
원유,"트럼프 “호르무즈 통과 유조선, 미군이 호위할 것…보험·보증도 제공”",2026-03-04 06:53:02,real_assets
원유,"매경이 전하는 세상의 지식 (매-세-지, 3월 4일)",2026-03-04 07:00:00,real_assets
원유,중동 확전 공포에 일제히 하락…트럼프 개입 시사에 낙폭 축소 [뉴욕증시],2026-03-04 08:54:30,real_assets
원유,유조선 10척 그대로 불탔다...이란 폭격에 호르무즈 해협 ‘완전 봉쇄’,2026-03-04 09:46:35,real_assets
원유,호르무즈 위기인데도 유가 오름폭 완만한 이유는?,2026-03-04 10:00:05,real_assets
원유,‘이란 사태’로 새파랗게 질린 아시아 증시…한·일에 대만도 급락,2026-03-04 12:57:53,real_assets
원유,평행선 달렸던 이란 핵협상…‘거대한 분노’의 결과는 전세계 몫 [기자24시],2026-03-04 13:47:45,real_assets
원유,금값 4% 폭락…안전자산 공식 무너졌다,2026-03-04 14:49:09,real_assets
원유,트럼프의 기세가 등등하면 비트코인 가격이 오른다? [엠블록레터],2026-03-04 14:59:33,real_assets
원유,트럼프는 이란만 공격한게 아니었다…중동발 폭탄 맞은 아시아 증시 ‘와르르’,2026-03-04 16:38:28,real_assets
원유,중동 전쟁 불안에 비트코인 ‘털썩’…7만달러선 붕괴,2026-03-04 16:50:09,real_assets
원유,코스피 5100 붕괴·환율 1500원 돌파 … 유독 충격에 약한 韓경제 [사설],2026-03-04 17:00:53,real_assets
원유,“이란 전쟁에 한국·대만 특히 취약”…모건스탠리 콕 집어 ‘인플레’ 경고 이유,2026-03-04 17:34:02,real_assets
원유,韓증시 사상최대 폭락… 9·11때보다 충격 컸다,2026-03-04 17:52:18,real_assets
원유,유조선 운임 17배 폭등 … 호르무즈 봉쇄 '쓰나미',2026-03-04 17:52:18,real_assets
원유,중동發 스태그플레이션 공포 … ECB 금리인상 확률 25%→60%,2026-03-04 17:53:15,real_assets
원유,强달러에 원화값 급락 … 17년 만에 '1500원대' 위기,2026-03-04 17:53:15,real_assets
원유,"운임 폭등, 수출에 직격탄 … 車·가전, 제조원가·납기 '이중고'",2026-03-04 17:59:37,real_assets
원유,"장금상선, 유조선에 3조원 선제적 베팅",2026-03-04 17:59:37,real_assets
원유,"해상운임 폭등에…車·가전 수출, 원가 쇼크·납기지연 ‘이중고’",2026-03-04 19:45:50,real_assets
원유,한국증시 사상최대 폭락…9·11때보다 더 큰 충격 빠졌다,2026-03-04 20:00:37,real_assets
원유,폭격 맞은 원화값…17년 만에 ‘1500원대’ 위기,2026-03-04 20:01:18,real_assets
원유,"그랜 티에라 에너지, 2025년 생산량 32% 급증·순손실 1억9천만 달러",2026-03-04 20:03:03,real_assets
원유,유조선 운임 17배로 폭등…호르무즈 봉쇄 ‘쓰나미’,2026-03-04 21:17:12,real_assets
원유,"전 나토 총장 “이란전쟁, 우크라전 시선 빼앗아…러시아에 유리”",2026-03-04 21:18:39,real_assets
원유,중동發 스태그플레이션 공포…ECB 금리인상 확률 25%→60%,2026-03-04 21:19:45,real_assets
원유,"SM 에너지, 7억5000만 달러 채권 발행..고금리 부채 조기 상환",2026-03-04 22:07:57,real_assets
원유,"이재명 대통령, 내일 임시 국무회의…‘중동 상황’ 경제 여파 등 점검",2026-03-04 22:46:26,real_assets
원유,"헤스 미드스트림 파트너스, 6000만 달러 자사주 매입..공개 지분 62.2%로 확대",2026-03-05 06:19:04,real_assets
원유,"바이퍼 에너지 파트너스, 2차 공모로 약 8억 달러 조달 완료",2026-03-05 06:25:05,real_assets
원유,"인터피드 포테쉬, 4분기 매출 7590만 달러·전년비 36%↑",2026-03-05 06:37:18,real_assets
원유,"퍼포먼스 시핑, 4분기 순이익 760만 달러..매출 21% 증가",2026-03-05 06:40:48,real_assets
원유,"매경이 전하는 세상의 지식 (매-세-지, 3월 5일)",2026-03-05 07:00:00,real_assets
원유,"라일리 익스플로레이션 퍼미안, 4분기 순이익 8500만 달러..주당 4.02달러",2026-03-05 07:04:09,real_assets
원유,"에코페트롤, 순이익 50% 배당 결정·주당 110페소 지급",2026-03-05 07:05:50,real_assets
원유,"“1500원 쇼크, 외환시장 진정되나”…이란-미국 접촉 소식에 야간시장 환율 ‘하락전환’",2026-03-05 08:49:49,real_assets
원유,[속보] 이 대통령 “교민 안전 철수 계획 수립…군용기·전세기 총동원”,2026-03-05 10:15:39,real_assets
원유,“바겐세일 감사했습니다”…삼성전자·SK하이닉스 매도세 집중 [주식 초고수는 지금],2026-03-05 10:27:55,real_assets
원유,“호르무즈 막혀도”…비축량 세계 6위 ‘원유 수급’ OK,2026-03-05 10:40:59,real_assets
원유,[속보] 이 대통령 “100조원 금융 안정 조치 신속집행”,2026-03-05 11:05:17,real_assets
원유,"한국 유조선 7척, 호르무즈 해협 갇혀 있다…“1척당 국내 하루 소비량”",2026-03-05 13:18:18,real_assets
원유,“환율 1550원까지 뛸 수도”…전쟁 장기화 우려 속 수혜주 찾아라,2026-03-05 13:23:17,real_assets
원유,"반클리프, 두달 만에 또 올렸다…중동 불안에 명품 가격도 줄인상되나",2026-03-05 14:00:52,real_assets
원유,치솟는 기름값에 산업부도 나섰다…“유통시장 특별점검 진행”,2026-03-05 15:19:38,real_assets
원유,“이란 공습 반사이익 노린다”…‘정유주’ 에쓰오일·SK이노 투심 강세[주식 초고수는 지금],2026-03-05 15:24:01,real_assets
원유,"HD한국조선해양, LNG선 4척 1조4872억원에 수주",2026-03-05 15:32:38,real_assets
원유,“이란전은 투자 저가매수 기회…WTI 85달러 마지노선”,2026-03-05 16:38:17,real_assets
원유,“기름 넣기 무서워요”…정부 ‘최고가 지정’ 초강수 검토,2026-03-05 16:55:20,real_assets
원유,호르무즈 봉쇄에 물류비용 천정부지 … 韓 무역이 위험하다 [사설],2026-03-05 17:14:31,real_assets
원유,[테마진단] 트럼프가 그리는 '新중동'은 없다,2026-03-05 17:14:32,real_assets
원유,"美 ""트럼프 암살시도한 지휘관 제거"" … 韓유조선 7척 호르무즈 갇혀",2026-03-05 17:56:49,real_assets
원유,"베이텍스 에너지, 2025년 4분기 조정 펀드 플로우 2억6,200만 달러..전년비 23%↓",2026-03-05 20:03:43,real_assets
원유,"에코페트롤, 2025년 순이익 39.5% 감소..유가 하락 영향",2026-03-05 20:03:53,real_assets
원유,"에코페트롤, 2025년 ESG 관련 지표 공개..투명성 강화",2026-03-05 20:05:43,real_assets
원유,"SM 에너지, 10억 달러 선순위채권 발행..2028년 만기 고금리채 조기 상환",2026-03-05 20:07:34,real_assets
원유,이 대통령 “하루만에 200원 올린 주유소도”…전쟁 틈탄 폭리 정조준,2026-03-05 20:16:21,real_assets
원유,美 “트럼프 암살시도 지휘관 제거”…한국 유조선 7척 호르무즈 갇혀,2026-03-05 21:45:13,real_assets
원유,“석유 단 한방울도 못 빠져나가”…결국 터진 미국·이란 전쟁 후폭풍은 [뉴스 쉽게보기],2026-03-06 06:00:00,real_assets
원유,"국제유가, 걸프해역 유조선 공격에 상승폭 확대…WTI 6%↑",2026-03-06 06:21:43,real_assets
원유,"그래나이트 릿지 리소시스, 4분기 생산량 27% 증가·연간 순이익 2,435만 달러",2026-03-06 06:29:58,real_assets
원유,"링 에너지, 4분기 매출 6690만 달러·순손실 1280만 달러 기록",2026-03-06 06:30:58,real_assets
원유,[속보] 지난 1월 경상수지 132억6000만달러…33개월 연속 흑자 흐름,2026-03-06 08:00:00,real_assets
원유,중동 정세 불안·유가 급등 여파…3대 지수 일제히 하락 [뉴욕증시],2026-03-06 08:54:56,real_assets
원유,"중동 사태에 유가 급등, 물가 ‘초비상’…트럼프 행정부 “모든 방안 검토”",2026-03-06 09:24:03,real_assets
원유,국민의힘 “공기업 주유소 휘발유값도 급등…방치한 정부 책임 커”,2026-03-06 10:19:15,real_assets
원유,이란 다음은 ‘이 나라’?…트럼프 “쿠바서 벌어지고 있는 일 놀라워”,2026-03-06 10:55:18,real_assets
원유,"호르무즈 봉쇄 공포 속…“중국, 이란과 석유·가스선박 안전통행 협의”",2026-03-06 11:04:04,real_assets
원유,알짜 사업 매각설 나온 이 종목 판다 [주식 초고수는 지금],2026-03-06 14:07:18,real_assets
원유,이란 전쟁으로 비료 공급 차질…전세계 식량 부족 경고음,2026-03-06 14:13:22,real_assets
원유,‘이란 사태’ 이후 폭락했던 韓 증시 ‘패닉셀’이었나…주도주 매수 기회?,2026-03-06 14:39:09,real_assets
원유,"환율·유가·증시 3중 충격...이란發 쇼크, 한국 경제 버틸 수 있나",2026-03-06 14:40:19,real_assets
원유,‘힘에 의한 질서’…대북 정책 이대론 안 된다 [신율의 정치 읽기],2026-03-06 14:41:03,real_assets
원유,[속보] 강훈식 “UAE서 600만 배럴 이상 원유 긴급 도입 확정”,2026-03-06 15:08:54,real_assets
원유,“가격 오르면 오르는 것이고”…‘중동전쟁 유가 상승’ 걱정 안한다는 트럼프,2026-03-06 15:08:55,real_assets
원유,강훈식 “UAE서 韓국민 태운 여객기 출발…원유 600만 배럴 긴급도입”,2026-03-06 15:18:59,real_assets
원유,전쟁이 호재…오전 이어 오후도 이 종목 풀매수 [주식 초고수는 지금],2026-03-06 15:26:55,real_assets
원유,중동 상황 불확실성으로 공사비 상승 압력... “분양가 더 오르나”,2026-03-06 15:41:20,real_assets
원유,강훈식 “UAE로부터 원유 600만배럴 긴급 도입하기로”,2026-03-06 16:14:43,real_assets
원유,[강영운의 히코노미] 경쟁자 궤멸시킨 석유 황제 … 세상에는 5억弗 돌려줬다,2026-03-06 16:41:03,real_assets
원유,"""하메네이 차남, 이란시민 지지 못받을 것""",2026-03-06 17:36:05,real_assets
원유,[매경춘추] 다음 패권은…,2026-03-06 17:36:09,real_assets
원유,실적불안에 유가까지…전기·가스株 '울상',2026-03-06 17:36:55,real_assets
원유,호르무즈 통과 유조선 0척 … 유가 배럴당 150달러 전망까지,2026-03-06 17:41:10,real_assets
원유,물가 자극할라…유가관리 총력,2026-03-06 17:41:11,real_assets
원유,"미국도 오일쇼크 공포 … 트럼프 행정부 ""모든 대책 검토""",2026-03-06 17:41:11,real_assets
원유,"""기름 넣으려다 뒷목잡네""… 휘발유·경유 1900원 돌파",2026-03-06 17:44:30,real_assets
원유,불붙은 국제유가… 한국 '3중고',2026-03-06 17:48:29,real_assets
원유,"美 ""이란 함정 30척 이상 격침 … 다음 단계는 무기 생산기반 초토화""",2026-03-06 17:52:00,real_assets
원유,유가 급등에 원화값 1470원대로 하락 … 당정 '환율안정법' 속도 낸다,2026-03-06 17:52:55,real_assets
원유,호르무즈 통과하는 유조선 ‘0’…“유가 배럴당 150달러” 전망까지,2026-03-06 18:53:19,real_assets
원유,“전쟁이 한국 주유소에서 터졌나”…휘발유·경유 1900원 돌파,2026-03-06 19:45:34,real_assets
원유,중동 무력 충돌에 결국…아시아에 파는 원유 ‘대폭’ 인상,2026-03-06 20:04:03,real_assets
원유,중동전쟁 직격탄 韓석화 …'에틸렌 원료' 나프타 2주뒤 동난다,2026-03-06 20:04:59,real_assets
원유,유가 급등에 원화값 1470원대 출렁…당정 ‘환율안정법’ 속도 낸다,2026-03-06 20:23:48,real_assets
원유,국제유가 전쟁…한국 고유가·고환율·고금리 ‘3중高’,2026-03-06 21:12:35,real_assets
원유,美 “이란 함정 30척 이상 격침…다음 단계는 이란 무기생산기반 초토화”,2026-03-06 22:47:46,real_assets
원유,"“주유소 가격 안정에 적극 협조”…석유 3단체, 공식입장 내놨다",2026-03-06 23:00:53,real_assets
원유,美고용 9만2천명 감소 커지는 경기침체 공포,2026-03-06 23:14:35,real_assets
원유,미국도 오일쇼크 공포…트럼프 행정부 “모든 대책 검토”,2026-03-06 23:30:17,real_assets
원유,"캐내디언 내추럴 리소시즈, 4분기 순이익 53억 달러..전년비 366% 급증",2026-03-07 02:53:19,real_assets
원유,"캐내디언 내추럴 리소시즈, 분기 배당 6.4% 인상..0.625달러 지급",2026-03-07 02:55:49,real_assets
원유,"“하메네이 차남, 시민들 환영 못 받을 것”…이란전문가 확신 이유는?",2026-03-07 06:08:15,real_assets
원유,"“호르무즈 막히자 유가 폭주”…국제유가, 배럴당 90달러 돌파",2026-03-07 06:09:30,real_assets
원유,"팜파 에너지아, 2025년 매출 47% 급증·영업익 56% 상승",2026-03-07 07:30:55,real_assets
원유,이란 사태 속 증권가 주목받는 ‘이곳’…영업익 추정치 ‘쑥’,2026-03-07 09:00:00,real_assets
원유,중동 긴장에 기름값 급등…경유 1900원 눈앞,2026-03-07 10:07:04,real_assets
원유,이란 전쟁에 웃는 러시아…유가 급등에 美 “러 원유 제재 해제 가능성”,2026-03-07 10:56:28,real_assets
원유,위기 때마다 사들였는데…이란 공습후 오히려 약세 뚜렷한 ‘엔화’,2026-03-07 14:36:05,real_assets
원유,美 재무 “오늘밤 對이란 최대 규모 폭격 작전 예상…군수공장 겨냥”,2026-03-07 16:53:09,real_assets
원유,"[속보] 호르무즈 해협 봉쇄 여파…쿠웨이트, 결국 원유 생산 감축 ‘비상 조치’",2026-03-08 09:37:37,real_assets
원유,"“하루 새 200원 팍 올랐다”...정부, 기름값 폭등에 ‘가격상한제’ 카드 만지작",2026-03-08 09:45:54,real_assets
원유,"“이제 조금 꿈틀했는데, 올해도 또 어렵다고?”…중동사태로 ‘2% 성장’ 흔들",2026-03-08 11:10:49,real_assets
원유,“호르무즈 막히고 저장시설 꽉 차”…쿠웨이트 처음으로 ‘감산 선언’,2026-03-08 11:32:56,real_assets
원유,“남들은 중동 탈출하는데”…아부다비 향해 떠난 수산그룹 엔지니어들,2026-03-08 13:01:20,real_assets
원유,日 2차 대미 투자에 디스플레이 사업도 검토,2026-03-08 14:06:12,real_assets
원유,"이란전쟁 확산 일로, 사태 장기화에 철저히 대비해야 [사설]",2026-03-08 16:36:15,real_assets
원유,유가 급등에 원유ETF 활활 뭉칫돈 몰리며 수익률 질주,2026-03-08 16:59:03,real_assets
원유,[이번주 증시 예보] 美 물가지표·오라클 실적발표 주목,2026-03-08 17:04:30,real_assets
원유,"중동 포성에도, UAE 원전약속 지키러 갑니다",2026-03-08 17:47:16,real_assets
원유,"쿠웨이트, 감산 '불가항력' 선언… 韓정유업계 ""가동률 하향 검토""",2026-03-08 17:57:00,real_assets
원유,원유 감산 도미노…전세계 'S 공포',2026-03-08 17:57:52,real_assets
원유,전쟁 장기화땐 석유 감산 도미노…국내 석화업계 “셧다운까지 고려해야”,2026-03-08 22:33:45,real_assets
원유,"매경이 전하는 세상의 지식 (매-세-지, 3월 9일)",2026-03-09 07:00:00,real_assets
원유,"중동 위기 속 역설, 중국의 원유 수요 감소가 빨라진다",2026-03-09 07:00:00,real_assets
원유,[속보] 유가 100달러 돌파...4년만에 다시 오일쇼크,2026-03-09 07:37:36,real_assets
원유,"“에코프로비엠, 유가 상승에 유럽정책 발표로 반사수혜”…목표가↑",2026-03-09 08:19:57,real_assets
원유,"“에코프로비엠, 원유값 상승 수혜”…목표주가 20만→27만원 [오늘 나온 보고서]",2026-03-09 08:46:18,real_assets
원유,"“주식시장, 최악은 오지도 않았다”…‘오일쇼크’ 덮치자 글로벌 증시 패닉",2026-03-09 08:55:22,real_assets
원유,110달러마저 돌파…중동 사태 장기화에 치솟는 국제유가,2026-03-09 08:55:34,real_assets
원유,트럼프 “이란 핵 제거되면 유가 단기 급락…바보들만 다르게 생각”,2026-03-09 09:00:16,real_assets
원유,"[속보] 유가 폭등에 또다시 ‘블랙먼데이’…코스피, 7%대 폭락 5200선 붕괴",2026-03-09 09:08:59,real_assets
원유,유가·환율 초비상에 자동차주 급락…현대차 9%대↓,2026-03-09 09:39:20,real_assets
원유,유가 급등 여파에…삼성전자·SK하이닉스 8% 넘게 동반 하락,2026-03-09 10:04:52,real_assets
원유,“간신히 만회했는데 또”…유가 폭등에 얼어붙은 비트코인,2026-03-09 10:52:02,real_assets
원유,"“6천피는 언제나 회복?”…‘롤러코스터’ 코스피, 美 물가지표·국제유가 ‘촉각’",2026-03-09 11:11:04,real_assets
원유,장초반 1490원대로 급락한 원화값…금융위기후 16년만에 최저,2026-03-09 12:05:15,real_assets
원유,"‘하메네이 차남’ 모즈타바, 이란 새 최고지도자 선출…중동 긴장 고조",2026-03-09 12:56:48,real_assets
원유,100달러 넘은 유가에 코스피 투매나왔지만…정유·에너지주는 웃었다 [매경 자이앤트],2026-03-09 13:31:07,real_assets
원유,"‘중동전쟁’ 비축유 200일분…다른 나라보다 여유는 있지만, 안심해도 될까",2026-03-09 13:41:12,real_assets
원유,"[속보] 공정위, 정유4사 담합 혐의 포착…현장조사 착수",2026-03-09 15:41:13,real_assets
원유,[속보] 靑 “금주 내 석유 최고가격제 시행되도록 절차 신속 진행”,2026-03-09 15:54:43,real_assets
원유,"‘검은 월요일’ 유가·원화값·증시 모두 패닉…코스피, 5.96% 급락 마감",2026-03-09 16:03:41,real_assets
원유,중동 전쟁 장기화 조짐에 산업계도 ‘전쟁통’…유가 100달러 돌파에 희비,2026-03-09 16:14:41,real_assets
원유,전쟁 커질수록 좋다?! S-Oil이 웃는 이유 [MK포커스],2026-03-09 16:19:31,real_assets
원유,유가 100달러에 산업계 비상...항공·석화·정유 ‘먹구름’,2026-03-09 17:01:36,real_assets
원유,이란 유전 폭격에 요동친 금융시장,2026-03-09 17:24:46,real_assets
원유,유가 110달러·환율 1500원 … 韓경제에 날아든 미사일 [사설],2026-03-09 17:32:18,real_assets
원유,"골드만 ""유가 150弗까지 뛸수도""… 트럼프 ""평화 위한 작은 비용""",2026-03-09 17:34:33,real_assets
원유,고유가 충격파…대한항공 벌써 年1.4조 비용 폭증,2026-03-09 17:34:33,real_assets
원유,30년만의 '기름값 상한제'… 다음 카드는 유류세 인하·비축유 방출,2026-03-09 17:46:01,real_assets
원유,유가 널뛰기 못 쫓아가 … 원유ETF '괴리율 주의보',2026-03-09 17:48:20,real_assets
원유,중동전쟁에 나프타값 26% 껑충 … 석화산업 '3중 악재' 휩싸여,2026-03-09 17:51:30,real_assets
원유,인플레 우려에 … 국채금리 21개월래 최고,2026-03-09 17:54:06,real_assets
원유,유가 119弗 쇼크…아시아증시 '패닉',2026-03-09 17:54:44,real_assets
원유,"배탤리언 오일, 1500만 달러 규모 신주발행 증자 단행",2026-03-09 19:21:54,real_assets
원유,"W&T 오프쇼어, 2025년 매출 5억 달러..EPS 1.01달러 적자",2026-03-09 19:57:05,real_assets
원유,"걸프포트 에너지, 존 라인하트 CEO 전격 사임..신임 CEO 선발 착수",2026-03-09 20:03:25,real_assets
원유,"“바닥인 줄 알았는데 전쟁까지”…치솟는 나프타값, 석화 구조조정 먹구름",2026-03-09 21:51:33,real_assets
원유,유가 119달러 쇼크에 아시아증시 ‘패닉’…코스피 6% 폭락,2026-03-09 22:27:39,real_assets
원유,"반웰 인더스트리즈, 1분기 원유 일평균 950배럴 생산..겨울철 안정 운영",2026-03-10 05:35:52,real_assets
원유,유가 하루만에 다시 80달러대...뉴욕증시 반색 [월가월부],2026-03-10 05:38:10,real_assets
원유,"엠플리파이 에너지, 4Q 순이익 6440만 달러 흑자전환..연간 4400만 달러",2026-03-10 05:39:12,real_assets
원유,청와대 “고유가 장기화땐 추경도 논의”…李 “담합에 이익 몇배 제재”,2026-03-10 06:11:53,real_assets
원유,"매경이 전하는 세상의 지식 (매-세-지, 3월 10일)",2026-03-10 07:00:00,real_assets
원유,트럼프 “전쟁 마무리 수순…호르무즈해협 장악도 생각 중”,2026-03-10 07:09:25,real_assets
원유,1978년 이란혁명 버금가는 ‘오일쇼크’…아시아 사재기 에 유가 ‘들썩’,2026-03-10 08:44:18,real_assets
원유,"유가 80달러대로 ‘급반전’…뉴욕증시 안도 랠리, 반도체 4% 급등 [뉴욕증시]",2026-03-10 09:08:14,real_assets
원유,"“이란, 공군·해군 통신도 없던데?”…트럼프 ‘조기 종전’ 자신감에 유가 ↓",2026-03-10 09:16:25,real_assets
원유,"“어제는 지옥, 오늘은 천당”...코스피 5%대 급반등, 매수 사이드카 발동",2026-03-10 09:19:31,real_assets
원유,“유가 100달러 돌파”…원유 부국 브라질이 못 웃는 이유,2026-03-10 09:24:59,real_assets
원유,트럼프 ‘한 마디’에...치솟던 유가 80달러대로 급락,2026-03-10 10:19:20,real_assets
원유,트럼프 이란 종전 언급에…삼전 주가 9% ‘쑥’ [매경 자이앤트],2026-03-10 11:30:11,real_assets
원유,"“유가 100불, 올것이 왔다”…韓 경제성장률 전망치 낮아지나",2026-03-10 12:00:00,real_assets
원유,올 하락 마감 10거래일에 26조 던진 외국인…개미가 33조 받아 방어,2026-03-10 13:04:02,real_assets
원유,하루 140척 지나던 호르무즈 ‘한 자릿수’로…해운업계 대체 항로 모색,2026-03-10 13:37:21,real_assets
원유,중동 전쟁이 드러낸 ‘석유의 귀환’,2026-03-10 17:12:42,real_assets
원유,건설 노조가 반도체社에 교섭 요구 … 현실이 된 노봉법 쓰나미 [사설],2026-03-10 17:19:19,real_assets
원유,원재료 값 내렸지만 “시장 지켜보겠다”…아직도 눈치 보는 라면·과자업계,2026-03-10 17:22:52,real_assets
원유,"트럼프 ""군사목표 대부분 달성""… 추가 공격 여지는 남겨",2026-03-10 17:49:19,real_assets
원유,"유가 불붙자 트럼프 진화나서 … 美, 비축유 4억배럴 방출 준비",2026-03-10 18:03:39,real_assets
원유,트럼프 입에 유가 '롤러코스터',2026-03-10 18:05:05,real_assets
원유,트럼프 말 한마디에 유가 롤러코스터…세계 증시도 덩달아 ‘출렁’,2026-03-10 22:01:47,real_assets
원유,UAE 국영 석유사 정유단지 드론 공습으로 화재…“가동 중단”,2026-03-10 23:04:50,real_assets
원유,"탑 쉽스, 순자산가치 2억8900만 달러..시장가 대비 91% 할인",2026-03-10 23:16:51,real_assets
원유,“전쟁 끝? 누구 마음대로”…석유 한 방울도 수출 않겠다는 이란,2026-03-11 05:39:36,real_assets
원유,트럼프 “이란 기뢰부설 선박 10척 완파”…호르무즈 해협 긴장 고조,2026-03-11 06:31:43,real_assets
원유,트럼프 “기뢰부설용 이란선박 10척 타격…완전 파괴”,2026-03-11 06:40:45,real_assets
원유,전쟁 공포 식자 국제유가 급락…하루 만에 11% 빠져 80달러대,2026-03-11 06:45:57,real_assets
원유,“호르무즈 발언 번복에 롤러코스터”…뉴욕증시 혼조 마감,2026-03-11 09:17:56,real_assets
원유,"금융·조선주 급등…코스피, 외국인 매도에도 2%대 ‘안도 랠리’",2026-03-11 09:28:45,real_assets
원유,전쟁통에도 반도체 수출은 ‘폭발’…3월 초순 수출 215억달러 ‘역대 최대’,2026-03-11 09:30:28,real_assets
원유,‘월가*가상자산 콜라보’…24시간 개장 시대 내년 열린다,2026-03-11 10:16:59,real_assets
원유,"갈기갈기 찢긴 회사, 그런데 더 부유해졌다…악당의 길 택한 혁신가 [추동훈의 흥부전]",2026-03-11 15:00:00,real_assets
원유,[단독]韓 호르무즈 물동량만 1억202만t…전체 물동량 7.61% 차지,2026-03-11 15:36:13,real_assets
원유,호르무즈 해협 봉쇄가 불러온 위기… 韓산업이 가야할 길은 [Science in Biz],2026-03-11 16:09:41,real_assets
원유,"이란 사태가 비트코인에 미치는 영향, 베네수엘라와 급이 달라 [엠블록레터]",2026-03-11 16:25:03,real_assets
원유,“국제유가 내렸다던데 딴나라 얘기?”…한국 수입 가격표 아직 ‘100달러’ 왜,2026-03-11 16:56:21,real_assets
원유,기름값 오를 때마다 등장하는 포퓰리즘 세금 '횡재세' [사설],2026-03-11 17:03:11,real_assets
원유,호르무즈 해협 봉쇄 지속에 LG화학도 원료공급망 쇼크,2026-03-11 17:44:06,real_assets
원유,"정부 기름값 잡기 안간힘 … ""최고가격제 2주 단위로 고시""",2026-03-11 17:56:24,real_assets
원유,"정부, 시장에 비축유 푸나 … ""IEA와 공조 논의""",2026-03-11 17:56:25,real_assets
원유,"트럼프 '호르무즈 사수' 올인 … 이란은 ""올테면 와봐라""",2026-03-11 17:59:17,real_assets
원유,"러, 원유 수출늘고 제재해제도 기대…中, 군사용 희토류로 美협상력 높여",2026-03-11 17:59:17,real_assets
원유,정유사 '횡재稅' 또 등장,2026-03-11 17:59:58,real_assets
원유,정유사 횡재세 또 등장…정치권도 기름값과의 전쟁,2026-03-11 18:12:52,real_assets
원유,호르무즈 해협·UAE 해안서 화물선 연이어 피격…선원들 대피,2026-03-11 19:03:11,real_assets
원유,LG화학도 “일부 수출 불가항력 가능성”…중동발 원료 수급난 악화,2026-03-11 20:18:44,real_assets
원유,호르무즈 치킨게임…이란 기뢰 설치에 미국 “부설함 16척 격침”,2026-03-11 21:10:49,real_assets
원유,"코디악 가스 서비시스, 7억5000만 달러 규모 2031년 만기 채권 발행",2026-03-11 22:04:59,real_assets
원유,“유가 200달러 각오하라”…호르무즈 해협서 선박 잇단 피격,2026-03-11 22:37:43,real_assets
원유,"[속보] IEA, 전략비축유 4억 배럴 공동 방출키로…역대 최대량",2026-03-11 23:09:41,real_assets
원유,"[속보] IEA, 사상최대 비축유 방출 승인…일본·독일 등 각국 동참",2026-03-11 23:19:23,real_assets
원유,IEA 역사상 6번째 비축유 방출 결정,2026-03-11 23:19:44,real_assets
원유,러·우크라전 공급 2배 규모 … 호르무즈 봉쇄 4개월 버틸양,2026-03-12 00:33:56,real_assets
원유,IEA 역대최대 비축유 방출,2026-03-12 00:34:07,real_assets
원유,중동전쟁에 러시아 반사이익…원유 수출 늘고 제재 해제도 기대,2026-03-12 06:00:05,real_assets
원유,"뉴욕증시, 유가 상승 속 혼조세로 마감…다우는 0.61% 하락 [월가월부]",2026-03-12 06:08:09,real_assets
원유,"매경이 전하는 세상의 지식 (매-세-지, 3월 12일)",2026-03-12 07:00:00,real_assets
원유,"사상 최대 규모 비축유 방출 결정했는데…5% 오른 국제유가, 왜?",2026-03-12 07:36:06,real_assets
원유,"“전략 비축유 ‘조금’ 줄이겠다”…방출 시사한 트럼프, 얼마나 풀까",2026-03-12 08:14:11,real_assets
원유,“1억7200만 배럴 방출할 것”…‘비축유 줄이겠다’ 약속 지킨 트럼프,2026-03-12 08:28:26,real_assets
원유,전쟁 터졌다고 ‘안도 랠리’?…다우지수가 보여준 반전의 ‘전쟁 법칙’,2026-03-12 08:44:39,real_assets
원유,"유가 92달러 근접…뉴욕증시 혼조 마감, 전쟁 장기화 우려 지속 [뉴욕증시]",2026-03-12 09:06:59,real_assets
원유,"삼정KPMG “중동 충돌, 자원·물류·AI 결합한 복합 위기”",2026-03-12 09:22:14,real_assets
원유,이란 전쟁으로 원유 부족 우려…유가 반등에 ‘정유주’ 줄줄이 오름세,2026-03-12 09:57:29,real_assets
원유,이란 전쟁에 미국 금리인하 물건너가나…미국채 10년물 4.2% 넘어,2026-03-12 10:21:15,real_assets
원유,"고유가 시대 대안?…원전, 차세대 에너지원으로 꼽히자 주가도 UP [매경 자이앤트]",2026-03-12 11:20:01,real_assets
원유,석유 싸게 샀으니 싸게 팔라고? ‘논리의 함정’ 경계해야 [논설실 Pick],2026-03-12 11:34:58,real_assets
원유,"세계 억만장자들의 럭셔리 휴양지, 삽시간에 ‘유령도시’ 됐다",2026-03-12 14:02:47,real_assets
원유,"국제유가 다시 100달러 돌파…“중동 유조선 꼼짝 못해, 비축유 좀 푼다고 되겠나”",2026-03-12 15:27:55,real_assets
원유,"금감원, 변동성 커진 원유 ETF 변동성 점검…“투자자 손실 위험 안내 강화를”",2026-03-12 15:52:49,real_assets
원유,거세지는 美·이란 전쟁 후폭풍…삼전닉스 주가에 쏠린 눈 [빅데이터로 본 재테크],2026-03-12 16:19:17,real_assets
원유,“국제유가 200달러 만들 것”…이란 경고에 바로 100달러 돌파,2026-03-12 16:40:22,real_assets
원유,강남 고급 재건축도 공사비 못내 입주 차질,2026-03-12 17:46:03,real_assets
원유,"모즈타바 첫 메시지는 강경 대응 …""피의 복수 주저하지 않겠다""",2026-03-12 17:51:36,real_assets
원유,"美, 1.7억배럴 비축유 방출 … 전체의 40%",2026-03-12 18:01:00,real_assets
원유,하루 만에 25% 급등한 ‘이 종목’…유가 급등에 신재생에너지 뜬다,2026-03-12 18:13:43,real_assets
원유,"프로프랙 홀딩, 4Q 조정EBITDA 49% 급등·6100만 달러",2026-03-12 19:09:07,real_assets
원유,"정유사 공급가 '꽁꽁' 묶고, 폭리 주유소 단속까지",2026-03-12 19:09:37,real_assets
원유,"에코페트롤, CEO 형사 기소로 거버넌스 리스크 부상",2026-03-12 19:11:18,real_assets
원유,경유 90원·휘발유 50원 이상 싸진다…최고가격제 13일 발효,2026-03-12 19:14:27,real_assets
원유,휘발유 최고 공급가 1724원·경유 1713원,2026-03-12 20:28:52,real_assets
원유,"정부 기름값 전쟁…정유사 공급가 ‘꽁꽁’ 묶고, 폭리 주유소 단속까지",2026-03-12 22:19:21,real_assets
원유,"브렌트유 다시 100달러, 美증시 급락...이란 “피의 복수 나설 것” [월가월부]",2026-03-13 05:21:54,real_assets
원유,"다이아몬드백 에너지, 1100만주 규모 2차 공모 실시",2026-03-13 05:27:00,real_assets
원유,"마크 내추럴 리소시스, 4분기 매출 3억8800만 달러..연간 매장량 109% 급증",2026-03-13 05:53:26,real_assets
원유,"NGL 에너지 파트너스, 9억5000만 달러 선순위 담보대출 마감..우선주 19만5000주 매입",2026-03-13 05:55:57,real_assets
원유,"발코에너지, 2025년 4분기 적자전환..손상차손 6720만 달러 영향",2026-03-13 06:10:13,real_assets
원유,"[속보] 총리실 “미국 부통령, 韓 대미투자법 통과 환영 뜻 밝혀”",2026-03-13 06:24:06,real_assets
원유,“유가 10%나 급등했다”…트럼프 보다 입김 센 이란 최고지도자의 한마디,2026-03-13 08:01:18,real_assets
원유,유가 100달러 돌파에 뉴욕증시 급락…다우 4만7000선 붕괴 [뉴욕증시],2026-03-13 09:05:15,real_assets
원유,또 코스피 2%대 급락…유가 급등·호르무즈 봉쇄 의지에 투심 ‘꽁꽁’,2026-03-13 09:31:53,real_assets
원유,“이란 소식 불안감에 잠못 이룰 판”…삼전닉스 4%대 하락 출발,2026-03-13 10:10:43,real_assets
원유,호르무즈 막히자 러시아 ‘돈방석’…하루 2200억원 번다,2026-03-13 11:04:34,real_assets
원유,중동 전쟁 장기화 되나…시장 공포지수 최고조,2026-03-13 11:10:21,real_assets
원유,"이란 전쟁, 트럼프 승부수냐 자충수냐 [US REPORT]",2026-03-13 15:53:27,real_assets
원유,유가 100달러 재돌파…‘200달러 쇼크’ 현실화되나,2026-03-13 16:20:51,real_assets
원유,“매일 2200억원씩 꽂힌다”…‘이란 전쟁’ 진정한 승자는 이 나라,2026-03-13 16:45:33,real_assets
원유,"이란 ""美 연계된 석유시설에 보복""… 美, 러 원유 수입 한시허용",2026-03-13 17:48:57,real_assets
원유,전통 금융과 가상자산의 대통합...실생활 결제 시대 온다[엠블록레터],2026-03-13 18:29:19,real_assets
원유,튀르키예 “이란 허가받아 배 1척 호르무즈 무사 통과”,2026-03-13 21:27:48,real_assets
원유,유가 다시 100달러 ‘더 커진 S 공포’…이란 “호르무즈 계속 봉쇄”,2026-03-13 22:18:01,real_assets
원유,"비테스 에너지, 2027년까지 원유 헤징 대폭 확대..배당 안정성 강화",2026-03-14 05:12:09,real_assets
원유,자고 일어나니 60만원 ‘껑충’…항공권 가격에 비행기 못탄다 ‘비명’,2026-03-14 07:13:42,real_assets
원유,[속보]트럼프 “이란 하르그섬 석유인프라 제거 안했다…군사목표물은 완전파괴”,2026-03-14 08:37:26,real_assets
원유,유가 꿈틀에 환율 또 1500원 뚫렸다,2026-03-14 09:19:55,real_assets
원유,석유 최고가제에 기름값 또 내렸네,2026-03-14 10:50:09,real_assets
원유,"미국의 하르그섬 공격에…이란, 중동내 석유시설 반격 경고<로이터>",2026-03-14 11:03:31,real_assets
원유,미사일·기뢰에 선원들 죽을 수 있는데…치솟는 운송비에 호르무즈서 ‘목숨 건 도박’,2026-03-14 20:31:03,real_assets
원유,"[속보] 트럼프, 한국 등 5개국에 호르무즈 군함파견 요구",2026-03-14 23:55:39,real_assets
원유,"“롤러코스피인데 빚투 31조, 선넘겠다”…증권사 줄줄이 신용융자 중단",2026-03-15 07:33:32,real_assets
원유,호르무즈 해협에 ‘청해부대’ 투입할까…“미국측 공식 요청은 아직”,2026-03-15 10:33:17,real_assets
원유,‘이란의 역린’ 하르그섬 때린 트럼프…다음주 증시 변동성 또 치솟나,2026-03-15 11:24:59,real_assets
원유,수익률 2배는 기본...유가 급등에 난리 난 원유 ETN,2026-03-15 13:22:11,real_assets
원유,"석유 최고가격제 사흘째…전국 평균 휘발유 1842원, 전날보다 3원↓",2026-03-15 14:38:31,real_assets
원유,“항공권 최소 10만원은 오른다고?”…치솟는 유가에 여행객들도 ‘벌벌’,2026-03-15 14:53:47,real_assets
원유,트럼프 “이번엔 품위있게 때렸지만”…이란 하르그섬 지렛대로 호르무즈 압박,2026-03-15 15:21:32,real_assets
원유,"트럼프 ""군함 보내라""… 국익 우선 원칙 아래 냉철한 판단을 [사설]",2026-03-15 17:11:25,real_assets
원유,[이번주 증시 예보] 미국 FOMC·엔비디아 개발자회의 주목,2026-03-15 17:39:47,real_assets
원유,원자재 불장 찾아왔지만…품목별 시세 등락 심해 '사이클' 잘 올라타야,2026-03-15 17:39:48,real_assets
원유,"""이란, 中선박만 호르무즈 통과""…전쟁자금 확보 목적",2026-03-15 17:59:47,real_assets
원유,레드라인 넘은 미국…'이란 경제·석유 생명줄' 하르그섬 때렸다,2026-03-15 17:59:48,real_assets
원유,[뉴스&분석] 전쟁 판키우는 美 … 韓에 파병 숙제 던졌다,2026-03-15 18:04:10,real_assets
원유,호르무즈 파병 숙제받은 한국…판 커지는 이란전쟁,2026-03-15 18:10:59,real_assets
원유,"“중동전쟁, 원유 넘어 광물대란 우려”…알루미늄 8% 호르무즈 경유",2026-03-16 06:18:22,real_assets
원유,"매경이 전하는 세상의 지식 (매-세-지, 3월 16일)",2026-03-16 07:00:00,real_assets
원유,"“완전히 파괴했다”…미국, 이란 하르그섬 공격하자 5000억원 몰린 곳",2026-03-16 08:05:52,real_assets
원유,“하루 뱃삯만 2억을 달라네요”...호르무즈 막히자 해상운임 폭등,2026-03-16 08:45:57,real_assets
원유,"“투자공식 안먹히는 이란전쟁, 수익률 승자는?”…금·나스닥 하락 속 비트코인↑",2026-03-16 08:54:53,real_assets
원유,3월 FOMC 앞둔 한국증시 2중고 ‘중동리스크·인플레’,2026-03-16 09:00:06,real_assets
원유,"트럼프 “중국, 호르무즈 봉쇄 해제 도와야…미중정상회담 연기할수도”",2026-03-16 09:12:43,real_assets
원유,국제유가 불안에 대체에너지주 주목…SK이터닉스 4.8% 상승 출발,2026-03-16 09:16:11,real_assets
원유,"미 유엔대사 “트럼프, 하르그섬 에너지 인프라 공습할 수도”",2026-03-16 09:20:03,real_assets
원유,[속보] 與중동사태 TF “원전 가동률 60% 후반→80%까지 상향”,2026-03-16 09:38:13,real_assets
원유,호르무즈 봉쇄에 웃는 기업들 어디?…해상 운임 급등에 해운주 ‘들썩’,2026-03-16 09:41:04,real_assets
원유,“이번주 증시도 롤러코스터?”…유가 악재 속 마이크론 실적·엔비디아 GTC 등 주목,2026-03-16 09:51:39,real_assets
원유,17년만에 ‘원화값 1500원’ 뚫렸다…고유가에 1520원도 가시권,2026-03-16 10:07:12,real_assets
원유,원화값 급락에 해외보다 2% 싸진 韓 비트코인 [매일코인],2026-03-16 10:27:00,real_assets
원유,4년 만에 풀리는 일본 비축유…중동 분쟁 장기화에 에너지 안보 ‘비상’,2026-03-16 13:25:27,real_assets
원유,이란전 최대 승자 된 한국 해운사…빈 유조선 들고가 ‘하루 50만달러’ 싹쓸이,2026-03-16 14:41:23,real_assets
원유,하루 8억 불러도 OK…‘유조선 싹쓸이’ 장금상선 자회사 주가 불기둥,2026-03-16 14:45:28,real_assets
원유,與중동사태 TF “추경안 3월말 국회 제출”…4월 중순 본회의 통과 목표,2026-03-16 16:24:38,real_assets
원유,“이러니 기름값 날뛰면 못버티지”…유가 10% 오를때 제조원가 얼마나 뛰는지 보니,2026-03-16 16:31:18,real_assets
원유,“이틀만에 또 때렸다”…호르무즈 우회 통로 이틀 만에 공격한 이란,2026-03-16 17:29:23,real_assets
원유,중동發 위기에 원화 약세 … 17년만에 1500원대 추락,2026-03-16 17:32:07,real_assets
원유,[단독] 중동쇼크 플라스틱도 덮쳤다…폴리에틸렌 가격 13% 인상,2026-03-16 17:47:34,real_assets
원유,'중동쇼크' 플라스틱까지 덮쳤다,2026-03-16 17:55:48,real_assets
원유,"""대체 전쟁목표 뭐냐"" 질문에 … 트럼프 ""당장 말 못한다""",2026-03-16 17:55:52,real_assets
원유,"당정 20조 추경 속도전 ""이달내 편성·4월 처리""",2026-03-16 17:57:06,real_assets
원유,"치솟는 유가에 다급한 트럼프 … ""협조 안한 국가 기억할 것"" 압박",2026-03-16 17:57:17,real_assets
원유,"IEA ""아시아 비축유 방출 개시""",2026-03-16 17:57:18,real_assets
원유,기업 71%가 '원료 절벽' 호소 … 이대로면 볼펜도 못만들 판,2026-03-16 17:57:49,real_assets
원유,"사우스 보우, 2025 회계연도 주당순이익 13.5% 증가..1.72달러",2026-03-16 19:03:00,real_assets
원유,"세이블 오프쇼어, 日 5만 배럴 원유 운송 재개..4월 첫 판매 시작",2026-03-16 19:42:22,real_assets
원유,"세이블오프쇼어, 연방 명령으로 원유 운송 재개…4월부터 본격 매출 시작",2026-03-16 19:50:33,real_assets
원유,"캐내디언 내추럴 리소시즈, 최대 1억8239만주 자사주 매입·소각 승인",2026-03-16 21:13:26,real_assets
원유,"비트마인 이머전 테크놀로지스, ETH 460만개 보유·총 자산 115억 달러",2026-03-16 21:47:52,real_assets
원유,"엠파이어 페트롤리움, 2025회계연도 순손실 7210만 달러..적자 확대",2026-03-17 05:06:43,real_assets
원유,"W&T 오프쇼어, 4분기 생산량 가이던스 상회·순부채 7400만 달러 감소",2026-03-17 05:33:01,real_assets
원유,"트럼프, 주한미군 숫자 거론하며 한국 호르무즈 파병 재촉구",2026-03-17 06:06:39,real_assets
원유,"하이드마 마리타임 홀딩스, 이사회 임원 니오비 이아세미디 사임 발표",2026-03-17 06:14:55,real_assets
원유,UAE 아부다비 내륙 유전까지 때렸다…드론 공격에 화재 발생,2026-03-17 08:04:16,real_assets
원유,"[美공시]Summit Midstream Corp, 2025년 4분기 및 연간 실적 발표, 퍼미안 및 록키 지역 성장 현황 업데이트, 2026년 재무 전망 제시",2026-03-17 08:45:10,real_assets
원유,호르무즈 개방 기대감에 3대 지수 일제히 반등 [뉴욕증시],2026-03-17 08:58:02,real_assets
원유,“뱃길 뚫리면 다 해결 된다니까”…유조선 호르무즈 통과 소식에 WTI 5%↓,2026-03-17 09:03:27,real_assets
원유,“이 전쟁 언제 끝나나” 두바이 파일럿이 본 장기전의 징후들 [파일럿 Johan의 아라비안나이트],2026-03-17 10:00:00,real_assets
원유,"“미국, 일본에 호르무즈 ‘해상연합’ 지지 요청…방위상, 답변 보류”",2026-03-17 10:04:30,real_assets
원유,[속보] 이 대통령 “車5부제 등 에너지 대책수립…필요시 수출통제 검토”,2026-03-17 10:12:37,real_assets
원유,“6% 아니고 600%? 인플레 살벌하군”…마두로 축출에도 더 힘들어진 베네수엘라,2026-03-17 11:22:45,real_assets
원유,물가상승률 600%…마두로 사라진 뒤 더 나빠진 베네수엘라,2026-03-17 13:47:24,real_assets
원유,호르무즈 봉쇄 풀릴까…‘유가 급락’ 베팅한 투자자들,2026-03-17 14:33:23,real_assets
원유,"한국동서발전, ‘초강도 에너지 절감 대책’ 적극 시행…“중동사태 대응”",2026-03-17 16:43:42,real_assets
원유,[글로벌포커스] 트럼프가 맞닥뜨릴 '상처뿐인 승리',2026-03-17 17:42:03,real_assets
원유,"""원유 한달내 동날수도…최악 대비해 배급제 검토 시작을""",2026-03-17 17:57:05,real_assets
원유,"고유가 패닉 일단 진정 … IEA ""필요시 비축유 더 풀 것""",2026-03-17 17:59:48,real_assets
원유,"트럼프 ""미군이 韓 방어해 주는데""… 호르무즈 파병 직접 압박",2026-03-17 17:59:49,real_assets
원유,"李 ""전쟁 추경 신속 편성 車 5부제 등 대책 수립을""",2026-03-17 18:07:58,real_assets
원유,"PELICAN ACQUISITION CORP, 그린란드 에너지와 SPAC 합병 다음주 완료..130억 배럴 원유 매장 잠재력",2026-03-17 19:06:52,real_assets
원유,"“동맹국은 성의를 보여라”…트럼프, 한국·일본 병력 운운하며 ‘안보청구서’",2026-03-17 22:48:16,real_assets
원유,"그린란드 130억 배럴 원유 개발…펠리컨애퀴지션, SPAC 합병 다음 주 완료 예정",2026-03-17 23:40:53,real_assets
원유,"PELICAN ACQUISITION CORP, 그린란드 에너지와 SPAC 합병 주주 투표 진행",2026-03-18 05:29:53,real_assets
원유,‘이란 긴장·유가 반등’ 뚫고 3대 지수 소폭 상승...18일 연준 기자회견에 관심 집중 [월가월부],2026-03-18 06:32:37,real_assets
원유,"“최대 주주가 무려 사우디 정부”…S-Oil, 중동 전쟁 최대 수혜주 등극",2026-03-18 08:35:19,real_assets
원유,고유가에도 3대 지수 연일 상승…소폭 반등세 [뉴욕증시],2026-03-18 08:59:11,real_assets
원유,“호르무즈 선박에 위협적 존재였다”…이란 미사일 기지 공격한 미군,2026-03-18 09:30:14,real_assets
원유,"S-Oil, 증권사 목표가 상향에 강세…3.1%",2026-03-18 10:55:20,real_assets
원유,"[속보] 강훈식 “UAE, 한국에 최우선적 원유 공급 약속”",2026-03-18 11:34:44,real_assets
원유,"강훈식 “UAE, 한국에 최우선 원유 공급…총 2400만배럴 확보”",2026-03-18 11:51:40,real_assets
원유,“유가 100달러면 그나마 다행”…한국은 150달러에 사온다는데,2026-03-18 14:58:59,real_assets
원유,"[속보] 정부, 원유 위기경보 2단계 ‘주의’로 격상…비축유 방출 초읽기",2026-03-18 15:02:38,real_assets
원유,중동전쟁 3주차…궁지몰린 이란 도와줄 유일한 나라 있다는데 [박민기의 월드버스],2026-03-18 16:00:00,real_assets
원유,[필동정담] 쿠바 최고층 호텔,2026-03-18 17:26:23,real_assets
원유,"日, 미국산 원유 수입 늘린다",2026-03-18 17:28:46,real_assets
원유,日 무역수지 두달 만에 흑자 전환,2026-03-18 17:28:46,real_assets
원유,"중동發 나프타대란…다급한 석화업계 ""러産 확보하자""",2026-03-18 17:39:05,real_assets
원유,UAE서 韓 하루 원유 소비량 8배 확보 … 수요억제로 '투트랙' 대응,2026-03-18 17:46:06,real_assets
원유,"트럼프, 호르무즈 해협에 “이용 국가가 책임지게 하면 어떨까”",2026-03-18 22:35:47,real_assets
원유,"해표 식용유, 지속적인 품질 관리로 식탁 가치 높여",2026-03-19 00:00:00,real_assets
원유,‘원전 깐부’ 덕에 원유 1800만배럴 추가확보…“한국에 우선공급”,2026-03-19 03:36:49,real_assets
원유,[속보] 브렌트유 배럴당 110달러 다시 돌파…WTI 100달러 상회,2026-03-19 06:04:05,real_assets
원유,"콜리브리 글로벌 에너지, 2025년 개발 중 매장량 30% 증가",2026-03-19 06:14:53,real_assets
원유,"PELICAN ACQUISITION CORP, 그린란드 130억 배럴 유전 탐사..올해 시추 착수",2026-03-19 06:17:34,real_assets
원유,결국 이란 가스전 폭격...이란 대통령 “전세계 휩쓸 통제 불능 결과 초래”,2026-03-19 06:27:39,real_assets
원유,"트럼프, 호르무즈 안보 책임서 손떼겠다고 압박...“동맹국 정신차리고 나서야”",2026-03-19 06:58:44,real_assets
원유,이란 가스전 피격에 유가 폭등...악재 겹치며 1%대 급락 [뉴욕증시],2026-03-19 08:56:00,real_assets
원유,"“슈퍼 금수저 대주주, 무슨짓 했길래”...호르무즈 막혀도 치솟는 K석화기업",2026-03-19 09:35:53,real_assets
원유,한은도 4월에 금리 ‘동결’ 가능성…이란 사태로 환율·물가 압박 커져,2026-03-19 09:43:25,real_assets
원유,[단독] “배 3000여척 순식간에 증발”…호르무즈 봉쇄에 선박 통행량 4분의 1토막,2026-03-19 09:43:47,real_assets
원유,“130달러까지?”…중동 가스전 폭격에 국제유가 재급등,2026-03-19 10:19:58,real_assets
원유,중동리스크에 사흘 만에 다시 1500원까지 추락한 원화값,2026-03-19 10:47:10,real_assets
원유,"결국 지상군 투입하나…트럼프, 이란 전쟁에 수천 명 추가파병 검토",2026-03-19 11:14:30,real_assets
원유,"“유가 치솟고 환율은 껑충 뛰고”…‘고민 깊어지는’ 한은, 금리 7연속 동결할 듯",2026-03-19 11:15:39,real_assets
원유,美日 차세대 원자로 공동 건설…11.5조엔 에너지 투자 발표,2026-03-19 11:23:27,real_assets
원유,"유가 급등에 대비책 마련…국내 산업계, 공급망 전략 재검토 전망도",2026-03-19 14:15:00,real_assets
원유,"“결국 지상군 카드 꺼내나”…美, 수천 명 추가파병 검토",2026-03-19 14:50:11,real_assets
원유,호르무즈 봉쇄보다 더 큰 ‘한방’… 에너지 시설 타격에 전쟁 ‘새 국면’,2026-03-19 14:54:40,real_assets
원유,이 대통령 “지금은 속도가 생명…전쟁 추경 빠르게 설계해 달라”,2026-03-19 15:11:30,real_assets
원유,[기고] '호르무즈 위기' 넘을 긴급 처방,2026-03-19 16:52:34,real_assets
원유,"중동發 나프타 쇼크, 원유 도입선 다변화 서둘러야 [사설]",2026-03-19 17:21:47,real_assets
원유,선박 고립에 피해 눈덩이 … 韓해운업계 하루에 100억씩 손실,2026-03-19 17:28:12,real_assets
원유,이란전 이후 호르무즈 해협 선박 통행량 4분의1로,2026-03-19 17:48:35,real_assets
원유,가스전 폭격·美반도체 악재… 코스피 5700선으로 미끄러져,2026-03-19 17:50:06,real_assets
원유,초유의 에너지 생산기지 상호공격 … 석유·가스전 초토화 위기,2026-03-19 17:56:25,real_assets
원유,日대미투자 2호도 에너지 … 美에 SMR 짓는다,2026-03-19 17:57:28,real_assets
원유,"[단독] 발 묶인 韓선박들…“드론파편 떨어지고 눈앞서 화염, 피가 마른다”",2026-03-19 18:23:10,real_assets
원유,"엠파이어 페트롤리움, 1천만 달러 유상증자 100% 초과 청약 완료",2026-03-19 21:20:23,real_assets
원유,‘가스전 보복’ 나선 이란…사우디 정유소 타격·카타르 LNG 진화,2026-03-19 22:30:20,real_assets
원유,이란 보복에 에너지 시장 ‘패닉’…브렌트유 119달러까지 치솟아,2026-03-19 22:53:52,real_assets
원유,"엠파이어페트롤리움, 1천만 달러 유상증자 100% 초과 청약 성공…시장 신뢰 확인",2026-03-19 23:31:05,real_assets
원유,"그랜 티에라 에너지, 콜롬비아 티스키라마 블록 49% 지분 확보로 생산량 5배 증대 목표",2026-03-19 23:41:26,real_assets
원유,트럼프 “일본 더 나서달라”…다카이치 “이란 핵보유 용납 못해”,2026-03-20 05:17:18,real_assets
원유,“하루 100억씩 손실보는 중”…‘선박고립’ 해운업계 사면초가,2026-03-20 06:03:17,real_assets
원유,"DHT 홀딩스, 2025년 연간보고서 제출..2026년 EPS 75% 급증 전망",2026-03-20 06:07:00,real_assets
원유,"유럽·일본 등 7개국 “이란, 호르무즈 봉쇄 규탄…국제 평화를 위협”",2026-03-20 06:40:17,real_assets
원유,“이란 공격 왜 동맹국에 안 알렸냐?”…日기자 질문에 트럼프 “그럼 왜 일본은”,2026-03-20 07:39:15,real_assets
원유,"“HD현대, ‘정유·로봇’ 수혜주인 줄 알았는데”…목표가 하향, 왜?",2026-03-20 08:26:02,real_assets
원유,3대 지수 하락 출발...트럼프 ‘확전 자제’ 발언에 약보합 마감 [뉴욕증시],2026-03-20 08:58:30,real_assets
원유,"‘항공·방산 M&A 잭팟’ 소시어스PE, 이번엔 바이오항공유서 기회 노려",2026-03-20 09:40:35,real_assets
원유,"[MK시그널] SM 에너지, 수익률 38.4% 돌파",2026-03-20 10:13:58,real_assets
원유,산유국 ‘미국’에 있어서 다행이다…DL 주가 15%↑,2026-03-20 10:56:46,real_assets
원유,호르무즈 파병 ‘사실상 거부’한 다카이치…한숨돌린 정치권,2026-03-20 11:15:22,real_assets
원유,"“겁 없는 시장, 전쟁 리스크 과소평가”...월가의 경고",2026-03-20 14:21:05,real_assets
원유,“하이브 55만원 간다”...BTS 효과에 장밋빛 전망 [BTS 컴백],2026-03-20 14:27:32,real_assets
원유,LNG·철강 품은 광양항…북극항로 거점 도약 나선다,2026-03-20 14:28:15,real_assets
원유,"천연가스 쇼크, 신흥국에 ‘치명적’…미국과 러시아는 반사이익?",2026-03-20 15:21:03,real_assets
원유,유가 비상인데…비축유 90만 배럴 해외로,2026-03-20 15:28:13,real_assets
원유,"삼성중공업, LNG 운반선 3779억원 수주",2026-03-20 16:13:10,real_assets
원유,석유화학 구조재편 ‘대산 1호’ 시동…2조 금융지원 본격화,2026-03-20 16:30:34,real_assets
원유,"“기름 한방울이 아쉬운데, 제정신인가요”…비축해둔 90만배럴 해외 판매",2026-03-20 16:30:56,real_assets
원유,천궁II가 기여한 원유 2400만 배럴…K방산의 힘 [사설],2026-03-20 17:17:30,real_assets
원유,“호르무즈에 군함 보내라”…동맹국에 거절당하자 트럼프가 내린 ‘중대 결단’,2026-03-20 17:39:44,real_assets
원유,장금마리타임 지분 절반 … 1위 선사 MSC에 넘긴다,2026-03-20 17:46:25,real_assets
원유,"트럼프 ""日 기여를""… 다카이치 ""법적 한계""",2026-03-20 17:53:04,real_assets
원유,"봉쇄전 최후의 유조선 韓 입항 … 정부, 석유제품 수출·소비 모두 조인다",2026-03-20 17:56:13,real_assets
원유,"3주간 이란 전쟁발 ‘원유 절벽’… 정부, 석유제품 수출 제한 강화 검토",2026-03-20 18:55:31,real_assets
원유,"펠리칸애퀴지션, 그린란드 130억 배럴 유전 개발 착수…친선국 원유 공급 확대 전략 주목",2026-03-20 19:30:35,real_assets
원유,"페데브코, 합병 통해 생산량 6,500Boe/d 확보..순부채비율 1.3배 유지",2026-03-20 20:47:49,real_assets
원유,"파병엔 난색, 대규모 투자 약속한 日...109조원 투입할 대미 프로젝트는",2026-03-20 21:10:49,real_assets
원유,"페르미안 베이슨 로열티 트러스트, 단위당 0.011달러 배당 지급..전월비 감소",2026-03-21 00:57:57,real_assets
원유,트럼프 파병 요청에 지지 표명하고 투자 보따리 푼 일본…전략 고심하는 한국,2026-03-21 08:30:00,real_assets
원유,"“이게 되네?”…석유 최고가제 시행 첫 주, 주유소 기름값 하락 전환",2026-03-21 09:27:21,real_assets
원유,"“이라크, 호르무즈해협 불안에…외국기업 유전 ‘불가항력’ 선언”",2026-03-21 09:51:26,real_assets
원유,미 재무부 “이란산 원유 제재 30일간 면제…1.4억 배럴 신속 공급”,2026-03-21 11:20:17,real_assets
원유,“설마하던 전쟁 진짜 터진다”…국가필수선박 4척 늘려 92척 확보 검토,2026-03-21 16:17:21,real_assets
원유,"[속보] 트럼프 “이란, 48시간내 호르무즈 개방 안하면 발전소 격파”",2026-03-22 09:05:47,real_assets
원유,“유전 재가동 얼마나 걸리지 몰라…올 여름 석유부족 위험 선제 대비를”,2026-03-22 11:26:52,real_assets
원유,"후티 반군, 또다른 핵심 석유 루트 홍해서 참전 가능성",2026-03-22 13:12:46,real_assets
원유,"“일본, 호르무즈 파병 안 할거야?”...트럼프, 다카이치에 적극 참여 요구",2026-03-22 13:54:12,real_assets
원유,트럼프 “발전소 초토화” 최후통첩에…이란 “눈에는 눈 원칙 보복”,2026-03-22 14:13:03,real_assets
원유,"쿠바, 이달 들어 3번째 대정전…미국 봉쇄에 위기 가중",2026-03-22 16:22:10,real_assets
원유,'버핏 픽' 금융·에너지株 주목 … 중동전쟁 피난처로 부상,2026-03-22 16:48:43,real_assets
원유,[경제 프리즘] 한국경제의 취약성 '가격의 울퉁불퉁함',2026-03-22 16:49:46,real_assets
원유,LNG·철강 품은 광양항 … 북극항로 거점 도약 나선다,2026-03-22 17:17:09,real_assets
원유,"""올여름 석유부족 사태 우려 커져 … 선제 대비를""",2026-03-22 17:17:52,real_assets
원유,헬륨 등 석유·가스 파생자원 수급도 불안하다 [사설],2026-03-22 17:46:05,real_assets
원유,"이란 ""일본 호르무즈 통행 허용 용의""",2026-03-22 18:01:14,real_assets
원유,유류세 인하와 바우처 카드로 유가충격 완화,2026-03-22 18:05:23,real_assets
원유,[속보] 당정청 “추경 25조 규모…초과 세수 활용 편성”,2026-03-22 18:58:09,real_assets
원유,"""전쟁 추경 25조…국채 발행없이 초과세수 활용""",2026-03-22 20:12:38,real_assets
원유,“일본엔 호르무즈 통과 허용할 수도”…휴전 거부 이란의 속내는,2026-03-22 23:52:35,real_assets
원유,“나중에 공사비 더 내라면 곤란한데”…강남 재건축 ‘대출금리 출혈경쟁’,2026-03-23 07:21:35,real_assets
원유,“전쟁나면 떡상? 계좌 반토막났다”...거품 꺼지고 녹아내린 ‘디지털 금’,2026-03-23 08:52:14,real_assets
원유,"[속보] 3월 1∼20일 수출 533억달러, 50.4%↑…일평균 40.4%↑",2026-03-23 09:03:16,real_assets
원유,"이 대통령, ‘호르무즈 파병’ 관련 언급할까…오늘 ‘통합방위회의’ 주재",2026-03-23 09:26:49,real_assets
원유,"美재무 “중국에 팔리던 이란 원유, 한국 등에도 판매 가능해 진 것”",2026-03-23 09:40:21,real_assets
원유,[속보] 달러당 원화값 1510원 넘어…17년여만에 최저,2026-03-23 09:43:35,real_assets
원유,환율 장중 1510원 돌파...코스피는 5500선 ‘털썩’,2026-03-23 09:57:35,real_assets
원유,17년여 만에 최저 ‘1510원’…원화 약세 ‘뉴노멀’ 현실화하나,2026-03-23 10:11:56,real_assets
원유,이재명표 전쟁 추경 25조…정청래 “골든타임 사수”,2026-03-23 10:52:50,real_assets
원유,"[단독] 조현, 이란 외무장관과 첫 통화한다…걸프국과도 잇따라 소통",2026-03-23 11:03:40,real_assets
원유,"“비축유·대체선으로 통제가능”…정부, ‘4월 원유 위기설’ 선 그어",2026-03-23 11:42:05,real_assets
원유,"“한전 부채 해소부터”...정부, 2분기 전기요금 동결",2026-03-23 12:58:53,real_assets
원유,“당장 전쟁 끝나도 4개월은 간다”…에너지 시장 ‘정상화 지연’ 경고,2026-03-23 13:31:51,real_assets
원유,"“엄마, 나 우유 안 마셔도 돼?”…흰우유 소비 80년대 후반 이후 최저",2026-03-23 16:25:29,real_assets
원유,“총리가 막 약속했다”…‘日자위대 호르무즈 지원’ 미국 주장에 일본의 반응,2026-03-23 16:40:20,real_assets
원유,'4월 원유 위기설' 진화나선 정부 … LNG가격 급등에 전기요금 비상,2026-03-23 17:13:57,real_assets
원유,한국도 이란産 원유 수입길 열려,2026-03-23 17:17:22,real_assets
원유,"“해안·섬 공격 시도 땐 걸프해역 전체에 기뢰”…이란, 미국에 경고",2026-03-23 18:23:43,real_assets
원유,"‘4월 원유 위기설’ 선그은 정부…한전, 2분기 전기료 일단 동결",2026-03-23 19:45:58,real_assets
원유,LG화학 여수 NCC 2공장 셧다운…나프타 부족에 ‘중동發 1호’ 중단,2026-03-23 20:05:56,real_assets
원유,"트럼프 말에 또…국제유가, ‘이란과 대화·공격 보류’에 장중 10% 급락세",2026-03-23 22:43:44,real_assets
원유,"반웰 인더스트리즈, 캐나다 석유자산 매각 검토..유가 상승 수혜",2026-03-24 05:06:53,real_assets
원유,8거래일만에 100달러 밑으로 떨어진 유가...뉴욕증시 3대 지수 모두 1.5% 이상 상승 [월가월부],2026-03-24 05:32:02,real_assets
원유,"코어 래버러토리즈, 1분기 가이던스 하향..중동 지정학적 리스크 직격탄",2026-03-24 06:00:46,real_assets
원유,"코어래버러토리즈, 중동 지정학적 리스크에 1분기 가이던스 하향 직격탄",2026-03-24 06:30:47,real_assets
원유,"매경이 전하는 세상의 지식 (매-세-지, 3월 24일)",2026-03-24 07:00:00,real_assets
원유,길고 긴 ‘크립토 겨울’…AI·RWA로 모닥불 지핀다,2026-03-24 09:08:02,real_assets
원유,해병대 5000명 이란 향하는데…트럼프 결정 기다리는 이들의 정체,2026-03-24 09:11:45,real_assets
원유,‘이란과 협상 선언’ 트럼프가 유력 파트너로 거론한 이 남자,2026-03-24 10:04:15,real_assets
원유,이 대통령 “중동전쟁 비상대응체계 선제 가동…기름값 담합 일벌백계”,2026-03-24 10:07:30,real_assets
원유,"“전기차는 낮에 충전해주세요”…정부, 대국민 에너지 절약 캠페인 시행",2026-03-24 11:00:15,real_assets
원유,LNG수급 비상에 원전·석탄발전 확대…올해 재생에너지 7GW 보급,2026-03-24 11:00:37,real_assets
원유,차량 5부제 공공기관부터 의무시행…민간엔 일단 ‘권고’ 한다지만,2026-03-24 11:00:39,real_assets
원유,李대통령 “출퇴근 시간 노인 대중교통 무료 이용 제한 검토”,2026-03-24 11:12:07,real_assets
원유,트럼프 이란공격 보류 발표 직전 5억8000만달러 규모 석유 선물 거래 발생,2026-03-24 11:23:59,real_assets
원유,208일 버틸 석유 있다지만…진짜 버틸수 있는 시간은 68일뿐,2026-03-24 12:00:00,real_assets
원유,AI로 만든 동물 무협 애니메이션…이 시점에 중국이 왜,2026-03-24 13:47:30,real_assets
원유,"공공 5부제, 원전·석탄 확대...정부, 에너지 절약 대책 발표",2026-03-24 13:57:27,real_assets
원유,2% 성장률 ‘먹구름’…25조 전쟁 추경 돌파구 될까,2026-03-24 14:31:56,real_assets
원유,"“벌써 가격이 확 올랐어요, 이러다 장사 못할라”…불안한 자영업자, 왜?",2026-03-24 14:44:10,real_assets
원유,“종량제봉투 없어요”…곳곳서 중동발 ‘비닐 대란’ 현실화,2026-03-24 15:19:48,real_assets
원유,[글로벌포커스] 우리는 이미 전쟁 한가운데 있다,2026-03-24 16:43:11,real_assets
원유,공공기관 차량 5부제…민간도 적극적 동참 나설 때 [사설],2026-03-24 16:43:12,real_assets
원유,日정부 보조금 보따리 풀자…물가상승률 4년 만에 1%대,2026-03-24 17:43:34,real_assets
원유,"""중동산 원유 의존도 낮춰라"" 원전·석탄발전까지 '풀가동'",2026-03-24 17:49:17,real_assets
원유,[손현덕칼럼] 기름 한방울 나지 않는 나라의 숙명,2026-03-24 17:49:25,real_assets
원유,이란전쟁 협상 불확실성에 유가 반등...뉴욕증시 하락 [월가월부],2026-03-25 05:43:40,real_assets
원유,차량 5부제 반복 위반한 공직자는 징계…배우자 차량 단속도 검토,2026-03-25 07:22:08,real_assets
원유,"발 묶인 선박 3200척인데…‘비적대적 선박’만 허용한 이란, 얼마나 나올까",2026-03-25 08:35:00,real_assets
원유,“협상 불확실성에 발목” 일제히 하락…나스닥 0.8%↓ [뉴욕증시],2026-03-25 09:15:36,real_assets
원유,기름 한방울 나지 않는 나라의 숙명 [손현덕칼럼],2026-03-25 09:46:22,real_assets
원유,이란 대사관 “미국과 어떠한 대화도 진행된 바 없어”,2026-03-25 11:38:09,real_assets
원유,일본 프리미엄 소프트 아이스크림 ‘21시아이스’ 국내 첫 홍대 1호점 오픈,2026-03-25 14:00:14,real_assets
원유,“어디서 터질지 몰라”…나프타 쇼크에 페인트값 줄인상,2026-03-25 15:14:08,real_assets
원유,"한화오션, LNG·원유 운반선 5척 수주…1조3450억 규모",2026-03-25 15:51:37,real_assets
원유,커지는 석유대란 공포… 강력한 소비억제로 극복해야 [Science in Biz],2026-03-25 16:07:27,real_assets
원유,"“트럼프, 최정예 82공수사단 1천명 투입 승인”…하르그섬 침투하나",2026-03-25 16:22:33,real_assets
원유,"롯데, 에너지 절감 위해 차량 5부제 전면 시행",2026-03-25 16:48:57,real_assets
원유,중동전쟁이 촉발한 고유가에 뒤바뀐 車산업 지형…중국이 최종 승자라는 이유는? [박민기의 월드버스],2026-03-25 17:16:28,real_assets
원유,"러시아産 원유·나프타, 국내 수입 길 열려",2026-03-25 17:52:43,real_assets
원유,"필리핀, 에너지비상사태 선포",2026-03-25 18:00:45,real_assets
원유,"""부동산 문제 안 잡히면… 보유세 강화는 히든카드""",2026-03-25 18:04:15,real_assets
원유,"“차량 요일제부터 엘레베이터 격층 운행”…삼성·SK·롯데, 에너지 절약 ‘솔선수범’",2026-03-25 19:06:58,real_assets
원유,UAE 긴급 도입 원유 200만 배럴 한국 도착…석유공사 여수 비축기지 입고,2026-03-25 19:07:09,real_assets
원유,"중동 향하는 美 지상군 병력 7000명 됐다…최정예 82공수사단, 이란전 작전 투입",2026-03-25 19:19:06,real_assets
원유,"KNOT 오프쇼어, 4분기 매출 9650만 달러·손상차손 제외 순이익 1400만 달러",2026-03-25 20:07:56,real_assets
원유,“45일뒤면 나라 마비된다”…중동원유 의존도 90% 필리핀 ‘비상사태’ 선포,2026-03-25 22:49:01,real_assets
원유,이란 “美종전안 거절…비현실적이고 과도해”,2026-03-25 23:50:49,real_assets
원유,"러시아·이란 원유, 수입할 길 열렸다…정부, 금융결제·2차제재 문제 해소",2026-03-26 05:52:56,real_assets
원유,"장동혁 “정부, 추경만 하면 경제위기 해소될 것처럼 국민 기만”",2026-03-26 09:49:54,real_assets
원유,“유조선을 군인들이 차지했습니다”…푸틴의 은밀한 돈벌이 차단나선 영국,2026-03-26 10:11:26,real_assets
원유,[단독] 최태원-베트남 총서기 한달만에 재회동…‘에너지 깐부’ 협력확대,2026-03-26 10:56:45,real_assets
원유,“석유 최고가 조정 내일인데”…전국 주유소 휘발윳값 상승 전환,2026-03-26 13:40:02,real_assets
원유,"유류세 휘발유 15%, 경유 25% 인하…경유값 87원 내린다",2026-03-26 14:02:00,real_assets
원유,"이란, 홍해도 봉쇄 위협…원유 해상운송 10% 차지",2026-03-26 16:14:54,real_assets
원유,유가 200달러 시나리오 검토…트럼프 “최악의 전쟁 대비”,2026-03-26 16:17:24,real_assets
원유,"“기름값 신경쓰기 짜증, 이참에 바꿀라고”…유럽선 중고 전기차까지 난리",2026-03-26 16:55:39,real_assets
원유,"""종량제 봉투 재고 충분해…대란 없을 것""",2026-03-26 17:33:09,real_assets
원유,트럼프에 뺏길라…‘美지상군 대비’ 이란이 하르그섬에 한 일,2026-03-26 17:35:46,real_assets
원유,"세계경제, 여전히 석유에 의존 … AI·전기차 시대에도 대체불가",2026-03-26 17:48:22,real_assets
원유,미국산 경질유 늘리려면 수조원 설비 필요,2026-03-26 17:48:23,real_assets
원유,"""美화물 없지만 안전할 때까지 대기""",2026-03-26 17:50:00,real_assets
원유,"""암환자 수액 주머니도 걱정"" … 나프타 부족에 의료계 긴장",2026-03-26 17:52:11,real_assets
원유,전쟁발 고유가에 美경제 신음 … 소포 보낼때 유류세 부과한다,2026-03-26 17:53:18,real_assets
원유,코스피 8000간다는 노무라…“반도체 하나면 이상 無”,2026-03-26 17:53:29,real_assets
원유,[뉴스&분석] '검은진주' 석유패권…다시 세계를 흔들다,2026-03-26 17:59:57,real_assets
원유,"李 ""전세계 같은 상황 잘 대응해 기회 만들자""",2026-03-26 18:00:00,real_assets
원유,"세계경제, 여전히 석유에 의존 … AI·전기차 시대에도 대체불가",2026-03-26 18:41:01,real_assets
원유,‘검은진주’ 석유패권…다시 세계를 흔들다 [뉴스&분석],2026-03-26 18:45:20,real_assets
원유,중동사태로 성장률 전망 큰폭 하향…복합리스크 경계해야 [사설],2026-03-26 19:05:56,real_assets
원유,"영유아부터 실버세대까지…푸디스트, ‘케어포유’로 B2C 시장 본격 진출",2026-03-26 22:35:45,real_assets
원유,"뉴욕증시, 중동 협상기대감 후퇴에 하락…나스닥 2.4% 급락 조정 진입? [월가월부]",2026-03-27 05:14:00,real_assets
원유,“기름값 아시죠? 택배비 더 내세요”…유류할증료까지 생긴 미국,2026-03-27 06:03:49,real_assets
원유,"“롯데정밀화학, 하반기 식의약용 판매 증가 예상…케미칼 그린소재 동반 반등 기대감”",2026-03-27 08:11:25,real_assets
원유,공공기관 車 5부제 의무화...민간은 ‘자율’ 시행,2026-03-27 09:07:14,real_assets
원유,"싸우는 건 미국, 돈 버는 건 러시아…亞 석유 고객 싹쓸이에 푸틴 ‘미소’",2026-03-27 10:49:56,real_assets
원유,"“트럼프, 지상군으로 이란 항복 받아내려는 듯”…입 연 중재국 고위관계자",2026-03-27 11:01:49,real_assets
원유,“대중교통 이용·점심시간엔 소등”···중견기업계도 에너지 절약 동참,2026-03-27 13:32:17,real_assets
원유,기름값 순식간에 ‘두 자릿수’ 급등…서울 휘발유 ℓ당 평균 1862.6원,2026-03-27 14:15:03,real_assets
원유,중동發 딥임팩트…에너지 ‘슈퍼 트릴레마’,2026-03-27 16:01:28,real_assets
원유,저유가 시대 뒤안길로…에너지 질서 흔드는 4가지 변수,2026-03-27 16:01:48,real_assets
원유,새로 쓰는 산업 지도...원전 인프라 뜨고 전력 다소비 제조 흔들,2026-03-27 16:02:09,real_assets
원유,"에너지 슈퍼 트릴레마, 한국 생존 전략은",2026-03-27 16:02:19,real_assets
원유,흔들리는 금융시장·치솟는 물가…더 중요해진 위기관리 [사설],2026-03-27 17:19:12,real_assets
원유,"“중동 분쟁에도 반도체·AI붐은 계속된다…미국 빅테크 OOOO에 주목”[K주식, 이걸 사? 말아?]",2026-03-27 17:30:00,real_assets
원유,전쟁에 유조선 부족…글로벌 신규 발주 봇물,2026-03-27 18:01:33,real_assets
원유,"이스라엘 ""끝을 보겠다"" vs 美 ""협상 순조롭게 진행중""",2026-03-27 18:02:16,real_assets
원유,"끝장 보겠다는 이스라엘, 협상 순조롭다는 미국…누굴 믿어야 해",2026-03-27 23:48:44,real_assets
원유,"“미쳐버린 기름값, 한방울도 아쉽다”…에너지 절약 나선 이통사들",2026-03-28 07:44:56,real_assets
원유,"협상이냐 지상전이냐…‘중동전쟁’ 한달째, 최대고비 맞은 미국 이란",2026-03-28 13:20:18,real_assets
원유,“30억원 내면 혁명수비대 특급 호위”…이란 ‘호르무즈 톨게이트’로 연 150조 버나,2026-03-28 13:37:03,real_assets
원유,“대통령 측근이 기밀로 사익챙겨”…백악관 저격한 노벨상 크루그먼 [이번주인공],2026-03-29 09:17:55,real_assets
원유,종량제 봉투 사재기 안해도 된다는데…‘나프타 쇼크’에 비상,2026-03-29 10:37:47,real_assets
원유,구윤철 “유가 120~130달러시 민간 차량 5부제 검토”,2026-03-29 11:54:54,real_assets
원유,"日 달러당 엔화 160엔, 10년물 국채 금리 27년 내 최고",2026-03-29 15:52:51,real_assets
원유,호르무즈 이어 홍해까지 위협 … 최악·최장 경우의 수 대비할 때 [사설],2026-03-29 16:57:30,real_assets
원유,아파트 공사장까지 덮친 '나프타 쇼크',2026-03-29 17:51:25,real_assets
원유,후티반군 참전 … 호르무즈 이어 홍해까지 막히나,2026-03-29 17:51:25,real_assets
원유,서울 평균 휘발유값 1900원 돌파 … 이번주초 2천원 넘을듯,2026-03-29 17:51:52,real_assets
원유,공급난에 놀란 정부 … 나프타도 비축 추진,2026-03-29 17:51:53,real_assets
원유,美 지상군 증파·후티 참전 … 공격 수위만 더 올라가,2026-03-29 17:54:34,real_assets
원유,日 국채금리 27년래 최고 … 기준금리 조기인상 움직임,2026-03-29 17:54:35,real_assets
원유,"태국·파키스탄 ""이란과 호르무즈 통과 합의""",2026-03-29 17:54:36,real_assets
원유,"“중동 미군 철수, 호르무즈 ‘통행료’ 내라”…이란 매체 협상조건 제안 주목",2026-03-29 19:38:45,real_assets
원유,"한달간 외인들이 팔아치운 36조, 개미가 전부 주웠다…이번주 증시 전망은",2026-03-30 08:12:38,real_assets
원유,"[속보] 코스피, 4%대 급락 5100선 후퇴…코스닥도 3%대↓",2026-03-30 09:14:42,real_assets
원유,"미 지상군 투입 때 어디 치나...“이란 호르무즈 7개 섬, 공격 가치 더 높아”",2026-03-30 09:42:12,real_assets
원유,중동 주둔하는 미군 5만명 돌파…이란 전면 침공하기엔 부족,2026-03-30 09:43:24,real_assets
원유,“리터당 2000원 되겠네요. 경유값이요”...생계형 트럭들 시동 꺼질 판,2026-03-30 09:51:43,real_assets
원유,중동발 강달러 충격 지속에…원화값 1513원으로 출발,2026-03-30 10:05:51,real_assets
원유,"삼성운용 ‘미국S&P500변동성확대시커버드콜’, 분배금 138원으로 증액",2026-03-30 10:18:59,real_assets
원유,서울 경윳값도 1900원 돌파...2차 석유 최고가제 시행에도 ‘비명’,2026-03-30 10:46:09,real_assets
원유,"매경이 전하는 세상의 지식 (매-세-지, 3월 30일)",2026-03-30 11:11:52,real_assets
원유,"한국남부발전, 삼척빛드림본부 현장 점검…“에너지 수급 위기 대응”",2026-03-30 14:50:55,real_assets
원유,“호르무즈 자유롭게 통항”…전쟁서 두들겨 맞고 있지만 이란이 승자,2026-03-30 14:59:56,real_assets
원유,"코스피 3% 급락, 5270선 후퇴…중동 긴장에 투자심리 위축",2026-03-30 15:47:53,real_assets
원유,"“중동 리스크, 지긋지긋하다”…코스피 3% 급락, 외국인 2조 던졌다",2026-03-30 16:08:09,real_assets
원유,원·달러 환율 1520원 넘었다…금융위기 이후 처음,2026-03-30 16:43:07,real_assets
원유,"[속보] 원달러 환율, 1520원 넘어…금융위기來 17년만에 처음",2026-03-30 16:44:20,real_assets
원유,“금 대신 ‘이것’ 사라”…증권가 콕 찍은 투자처,2026-03-30 16:55:19,real_assets
원유,중동리스크 긴급대응…5대은행 53조원 공급,2026-03-30 17:29:44,real_assets
원유,"석화업계, 나프타 확보 총력전 …'러시아산'까지 수입",2026-03-30 17:29:45,real_assets
원유,민간 차량 5부제 미루지 말고 시행을 [사설],2026-03-30 17:30:17,real_assets
원유,[필동정담] 후티와 홍해,2026-03-30 17:30:17,real_assets
원유,"베트남, 유류세 폐지 '고육책'",2026-03-30 17:52:09,real_assets
원유,"러시아와 정면충돌 부담됐나 … 美, 쿠바에 유조선 입항 허용",2026-03-30 17:52:10,real_assets
원유,중동 전황 따라…요동친 금융시장,2026-03-30 17:54:58,real_assets
원유,"""전세계가 에너지문제로 난리 저도 잠이 안 올 정도로 심각""",2026-03-30 17:59:01,real_assets
원유,“정유·화학 추천종목 당분간 전혀 없습니다만”…그래도 산다면 ‘이 종목’,2026-03-30 18:08:59,real_assets
원유,중동 전황 따라…금융시장도 요동,2026-03-30 18:16:41,real_assets
원유,"정부 “‘울산 비축유 90만배럴, 북한 유입’은 가짜뉴스…단호 대응”",2026-03-30 19:24:52,real_assets
원유,"세이블 오프쇼어, 하루 5만 배럴 이상 원유 판매 개시",2026-03-30 19:50:08,real_assets
원유,아시아 정유사 ‘초비상’…사우디 경질유 5월 가격 역대급 인상,2026-03-30 21:44:21,real_assets
원유,"비트마인 이머전 테크놀로지스, ETH 보유량 473만 토큰·60억 달러 돌파",2026-03-30 21:47:15,real_assets
원유,이란전쟁 한달만에 WTI도 100달러 찍었다…뉴욕증시 혼조 [월가월부],2026-03-31 05:34:35,real_assets
원유,"리버티 오일필드 서비스, 4.5억 달러 규모 전환사채 발행",2026-03-31 06:45:43,real_assets
원유,"프레리 오퍼레이팅, 2025년 매출 2.4억 달러·전년비 3000% 급증",2026-03-31 06:55:16,real_assets
원유,"“SK가스, 원자재 공급망 불안…1분기 영업익, 전망치 상회”",2026-03-31 08:56:14,real_assets
원유,“합의 안되면 이란 모든 유정 초토화”…국제유가 100달러 돌파 ‘초비상’,2026-03-31 08:58:36,real_assets
원유,"원화값, 1520원대까지 뚫렸다",2026-03-31 10:12:50,real_assets
원유,가격 동결하고 차량 줄이고…유통업계 ‘정부발 긴축’에 동참,2026-03-31 11:15:51,real_assets
원유,차량 5부제보다 강한 조치 나올까…상황 지켜보겠단 산업장관,2026-03-31 11:22:10,real_assets
원유,김정관 “중동 상황 악화시 차량 5부제보다 더한 조치 가능”,2026-03-31 11:50:40,real_assets
원유,"“호르무즈 막혔는데 전쟁 종료?”…트럼프, 장기화 우려에 전략 선회",2026-03-31 16:30:26,real_assets
원유,호르무즈가 막히자 드러난 것들 [파일럿 Johan의 아라비안나이트],2026-03-31 17:23:41,real_assets
원유,[김선걸칼럼] 美 '에너지 지배'가 던진 돌,2026-03-31 17:35:20,real_assets
원유,"M&A 빅딜 가뭄 속…삼일, 재무·회계 '2관왕'",2026-03-31 17:37:43,real_assets
원유,대한조선 석달새 12척…年 수주목표 다 채워,2026-03-31 17:46:25,real_assets
원유,"ETF 투자자, 원전서 웃고…美소프트웨어에선 울었다",2026-03-31 17:49:24,real_assets
원유,정유사에 비축유 긴급대여 … 원유 확보 일단 숨통,2026-03-31 17:54:26,real_assets
원유,1530원 뚫린 원화값 … 시장선 '1600원 공포',2026-03-31 18:01:53,real_assets
원유,"“샤워기 앞에 서 있지 마”…유가 충격, 동네 목욕탕도 못 피했다는데",2026-03-31 21:44:26,real_assets
원유,"선코에너지, 자사주 매입 40억 달러로 20% 확대..손익분기 5달러 인하",2026-03-31 22:56:51,real_assets
원유,"트럼프 “미국, 곧 이란서 떠나…호르무즈는 알 바 아냐”",2026-04-01 07:10:14,real_assets
원유,트럼프 “이란과 합의 없어도 떠난다”...호르무즈 해협 어떡하나,2026-04-01 07:27:54,real_assets
원유,시장별 대장주 3월 수익률 살펴보니…비트코인 ‘나홀로’ 상승 [매일코인],2026-04-01 10:59:26,real_assets
원유,"한국은 쓰봉 사재기, 옆나라는 휴지 대란…50년전 트라우마 도졌다",2026-04-01 11:00:09,real_assets
원유,美 ‘에너지 지배’가 던진 돌 [김선걸 칼럼],2026-04-01 11:04:07,real_assets
원유,"[단독] 호르무즈 우회로 ‘얀부항’ 입항 놓고…해수부, 산업부와 이견",2026-04-01 14:53:23,real_assets
원유,"“소상공인 피해 막자”…중기부, 중동전쟁 관련 비상경제 대응 방안 논의",2026-04-01 16:05:13,real_assets
원유,안전자산 된 中국채…에너지·인플레 압박에도 방어력,2026-04-01 16:56:07,real_assets
원유,"[단독] 이란대사 “미국과 거래많은 한국선박, 호르무즈 못나간다”",2026-04-01 17:03:01,real_assets
원유,호르무즈 통행료로 年 1조원 낼 판…공급망 넓혀야 [사설],2026-04-01 17:29:19,real_assets
원유,반도체가 끌어올린 수출…월 800억달러 첫 돌파,2026-04-01 17:39:18,real_assets
원유,"이란 대사 ""韓, 中처럼 이란과 협의해 '안전항로' 확보를""",2026-04-01 17:49:26,real_assets
원유,[속보] 공공기관 차 2부제 8일부터…민간은 ‘공영주차장 5부제’,2026-04-01 17:54:26,real_assets
원유,"[속보] 정부, 원유 위기경보 3단계 ‘경계’로 격상…가스도 ‘주의’ 상향",2026-04-01 17:55:49,real_assets
원유,에너지경보 '주의→경계' 격상 … 공공기관 車 2부제,2026-04-01 18:00:52,real_assets
원유,"李 ""홍해 통한 운송 지원하라""…정부 부처간 갈등 '교통정리'",2026-04-01 22:56:49,real_assets
원유,"“트럼프 정책에 전격 공조”…로드리게스, 취임 3개월 만에 미국 제재서 완전 해방",2026-04-02 06:30:18,real_assets
원유,트럼프 주한미군 거론하며 “한국 도움 안됐다”...유럽 이어 동맹에 뒤끝,2026-04-02 07:00:54,real_assets
원유,“이란이 요청했다” “그런적 없다”…‘휴전 진실 공방’ 속 나스닥 1%대 상승 [월가월부],2026-04-02 07:58:57,real_assets
원유,[속보] ‘중동 전쟁 쇼크’ 3월 소비자물가 2.2% 상승…경유가격 17% 급등,2026-04-02 08:09:50,real_assets
원유,호르무즈 봉쇄·유가 폭등 나중에는 이익으로 돌아올까…SK이노베이션 목표가 17만원 ‘껑충’,2026-04-02 09:08:36,real_assets
원유,"롤러코스터 환율, 이란전쟁 끝날듯말듯 긴장감에…1510원대 반등",2026-04-02 09:41:21,real_assets
원유,"“배럴당 1500원 내라, 안내면 알지”…호르무즈 통행료 계획 마련한 이란",2026-04-02 09:50:35,real_assets
원유,[속보] 트럼프 “앞으로 2∼3주 이란 극도로 강하게 타격할 것”,2026-04-02 10:21:59,real_assets
원유,“극도로 강하게 타격”...종전 기대 ‘찬물’ 뿌린 트럼프 연설,2026-04-02 10:30:03,real_assets
원유,"국제 유가는 꺾였다는데…국내 휘발유·경유 ‘1900원 돌파’ 고공행진, 왜?",2026-04-02 10:43:41,real_assets
원유,어제는 안그러셨잖아요…“앞으로 2~3주간 이란 강하게 타격” 트럼프 폭탄발언에 코스피 5300선 ‘위태’,2026-04-02 10:56:08,real_assets
원유,SK이노베이션 `호르무즈 봉쇄는 에너지 기업가치를 높인다!` 증권사 발표에 강세…3.93%,2026-04-02 11:14:56,real_assets
원유,이 대통령 “민생경제 전시상황…촌음 아껴 ‘빚없는 추경’ 편성”,2026-04-02 14:20:16,real_assets
원유,이 대통령 “지금 위기는 폭풍우…비상상황에 비상한 대책 필요”,2026-04-02 14:28:48,real_assets
원유,노인 무임승차 제한 시사한 이 대통령…“출퇴근 혼잡도 낮출 방안 마련하라”,2026-04-02 14:33:12,real_assets
원유,중동戰 조기 종전해도 유가 90달러 전망…확전땐 170달러대로,2026-04-02 14:53:05,real_assets
원유,"“당장 끝나도 90달러, 최악 땐 174달러”…좋은 시절 쉽게 안온다는 국책연구소",2026-04-02 15:59:02,real_assets
원유,‘혼잡시간대 노인 무임승차 제한’ 진짜 하려나?…李 “국토부가”,2026-04-02 16:27:34,real_assets
원유,'정통MAGA' 밴스 vs '전쟁설계' 루비오 … 대권 불붙인 이란戰,2026-04-02 17:05:20,real_assets
원유,"""중동전쟁 끝나도 고유가""… 물가 충격 장기화 대비해야 [사설]",2026-04-02 17:39:35,real_assets
원유,"[필동정담] 호르무즈, 트럼프의 정신승리",2026-04-02 17:39:35,real_assets
원유,"트럼프 ""韓, 우리에게 도움 안됐다""… 종전 후 청구서 날아오나",2026-04-02 17:42:25,real_assets
원유,"英, 한국 등 35개국 긴급소집 … 호르무즈 사태 머리 맞댄다",2026-04-02 17:47:16,real_assets
원유,[단독] 낡은 매뉴얼 지키다 … 원유 90만배럴 못산 석유공사,2026-04-02 17:57:18,real_assets
원유,"""이러다 물류비 80% 폭등할 수도"" … 반도체 업계, 핵심소재 확보 나서",2026-04-02 17:57:26,real_assets
원유,국제유가 '천당과 지옥'… 다시 100弗대,2026-04-02 17:57:58,real_assets
원유,"종전과 상관없이 다가오는 ‘호르무즈 청구서’…정부, 국제사회와 대응 고심",2026-04-02 18:36:50,real_assets
원유,"당정, 플라스틱업계와 상생협약서 체결하기로…원자재 가격 상승분 1일부터 소급 적용",2026-04-02 18:47:00,real_assets
원유,"탑 쉽스, 2025 회계연도 연례보고서 SEC 제출",2026-04-02 19:09:29,real_assets
원유,"어번디아 글로벌 임팩트, RPD 테크놀로지스 인수 완료..수익 다각화 가속",2026-04-02 21:31:55,real_assets
원유,해묵은 매뉴얼만 지키다가…원유 90만 배럴 못 산 한국석유공사,2026-04-03 00:02:27,real_assets
원유,트럼프 발언에 유가급등...호르무즈 개방 논의에 뉴욕증시 반등 [월가월부],2026-04-03 05:35:07,real_assets
원유,"사우스 보우, 5월 7일 2026년 연례 주주총회 개최",2026-04-03 05:45:30,real_assets
원유,"서밋 미드스트림, 4200만 달러 증자로 재무 유연성 강화",2026-04-03 05:59:50,real_assets
원유,“휴전 언급하더니 공격지속”…트럼프 연설 실망감에 국제유가 ‘폭등’,2026-04-03 07:48:55,real_assets
원유,“호르무즈 숨통 트이나”…코스피 하루 만에 5400선 회복,2026-04-03 09:27:40,real_assets
원유,“이게 다 대통령 때문이다”…변기업체 파산부터 게임기 인상까지,2026-04-03 09:52:53,real_assets
원유,자원 전쟁 시대 ‘진짜 강자’ 포스코인터,2026-04-03 14:00:02,real_assets
원유,"구름위로 치솟은 유가, 땅으로 내리꽂힌 항공주",2026-04-03 15:17:55,real_assets
원유,"반도체 랠리에 호르무즈 기대까지…코스피 2% 급등, 5300선 탈환",2026-04-03 15:59:45,real_assets
원유,“금융위기 이후 처음”…천장 뚫은 브렌트유 현물,2026-04-03 16:14:33,real_assets
원유,항행의 자유 위해 뭉친 40여개국 … 호르무즈 통행료는 안 된다 [사설],2026-04-03 17:10:16,real_assets
원유,고유가發 인플레 압력…日 국채금리 27년來 최고,2026-04-03 17:47:40,real_assets
원유,"정부, 홍해서 원유 도입 속도 … 사우디 얀부항으로 향할 선박 리스트 취합",2026-04-03 17:51:46,real_assets
원유,유럽·亞 40개국 '호르무즈 정상화' 연합 … 佛·日 선박 첫 통과,2026-04-03 17:51:47,real_assets
원유,"美, 테헤란 교량 폭격하자 이란, 걸프국 통신사 공격",2026-04-03 17:58:28,real_assets
원유,'수익률 꼴찌' 韓ETF 사는 글로벌 개미들,2026-04-03 17:58:42,real_assets
원유,"김민석 총리 “호르무즈 통행세, 원유 수급 영향 크지 않다”",2026-04-03 18:40:08,real_assets
원유,"‘비축석유 90만 배럴 北유입설’에…金총리 “말도 안돼, 엄하게 수사”",2026-04-03 19:03:45,real_assets
원유,"에코페트롤, 12억5000만 달러 신규 대출 체결..고금리 부채 재조정",2026-04-03 19:06:27,real_assets
원유,개미들 공포에 던질때 美개미 쓸어담았다…‘수익률 꼴찌’ 韓 ETF 폭풍매수,2026-04-04 06:06:43,real_assets
원유,"“여름 전력난 올수도”…日, 중동발 석유난에 ‘수요 억제책’ 만지작",2026-04-04 13:43:05,real_assets
원유,"美 정보당국 “이란, 당분간 호르무즈 해협 안 연다”",2026-04-04 16:53:55,real_assets
원유,"쓰레기 바닥에 와르르, 봉투만 가져가…CCTV에 담긴 영상 보니 ‘에휴’",2026-04-05 09:16:29,real_assets
원유,"“향후 몇 달 치 원유 모두 확보”…인도, 이란 등 40여개국서 원유 수입",2026-04-05 13:29:54,real_assets
원유,“비싸도 동물복지 상품이 잘 팔린다”…갈수록 힘받는 ‘가치소비’ 경제학,2026-04-05 13:53:49,real_assets
원유,“투기적 거래자조차 못 덤빌 것”…1년새 12배 오른 ‘미친’ ETF,2026-04-05 16:14:28,real_assets
원유,[이번주 증시 예보] 7일 삼성전자 1분기 잠정실적 발표에 관심 몰려,2026-04-05 17:43:13,real_assets
원유,"총 한자루로 버틴 美조종사…CIA ""이미 구출"" 뉴스 흘려 연막작전",2026-04-05 17:56:31,real_assets
원유,"일본, 원유 수입 물량 내년초 사용분까지 확보",2026-04-05 17:59:00,real_assets
원유,"""7월 보유세 인상? 계획 없어""",2026-04-05 18:00:02,real_assets
원유,美 조종사 구출했지만…지옥문으로 치닫는 중동전쟁,2026-04-05 20:26:03,real_assets
원유,이란·오만 차관급 회담…호르무즈 원활한 통행 보장 방안 논의,2026-04-05 21:20:07,real_assets
원유,“형제국은 제외”…이란 발표 하루 만에 호르무즈 통과한 유조선의 정체,2026-04-06 09:36:59,real_assets
원유,"[속보] 당정 “주유소 사후정산제, 원칙적으로 폐지 합의”",2026-04-06 09:42:39,real_assets
원유,“5만원 주유했는데 겨우?”…휘발유값 또 올라 서울 평균 ‘1987.2원’,2026-04-06 09:55:20,real_assets
원유,"“OPEC+ 내달 증산, 반갑기는 한데”…호르무즈서 막힌 물량의 2% 불과",2026-04-06 09:59:55,real_assets
원유,"[MK시그널] 페트로브라스, 수익률 67.1% 돌파",2026-04-06 10:06:11,real_assets
원유,"“나만 살겠다고 뒤통수”…IEA, 원유 쟁여놓는 중국에 쓴소리",2026-04-06 10:38:15,real_assets
원유,"성남시, 전국 최초 ‘에너지 안심지원금’ 지급 …41만 세대주 10만원 지원",2026-04-06 14:06:09,real_assets
원유,"유조선 갇혀 오징어 낚시, 에어컨 물로 샤워…호르무즈 발 묶인 2000척 2만명 ‘사투’",2026-04-06 15:55:04,real_assets
원유,"당정, 주유소 사후정산제 원칙적 폐지...사우디 등에 특사파견해 원유 대체물량 확보",2026-04-06 16:24:36,real_assets
원유,[매경포럼] 고유가 쇼크와 성난 사람들,2026-04-06 17:17:04,real_assets
원유,[충무로에서] 식량·산업·에너지… 절체절명의 韓 공급망,2026-04-06 17:18:10,real_assets
원유,물만난 K조선 3사…고부가船 선별 수주,2026-04-06 17:26:07,real_assets
원유,"당정, 사우디 등 3개국 특사파견",2026-04-06 17:40:01,real_assets
원유,"익스팬드 에너지, 마르셀 튀니스 신임 CFO 선임",2026-04-06 21:00:59,real_assets
원유,"필립스 66, 1분기 2억~4억 달러 적자 전망..파생상품 손실 9억 달러",2026-04-07 05:18:48,real_assets
원유,"마크 내추럴 리소시스, 2025년 프로포마 매출액 15억5700만 달러 달성 전망",2026-04-07 05:19:28,real_assets
원유,"[美공시]필립스 66, 원자재 가격 변동 속 2026년 1분기 실적 전망 발표",2026-04-07 08:46:11,real_assets
원유,고유가 쇼크와 분노한 사람들…공동체 질서 붕괴를 막으려면 [매경포럼],2026-04-07 09:40:18,real_assets
원유,서울 휘발유 2000원 시대…러시아 전쟁 이후 3년 8개월 만,2026-04-07 09:45:51,real_assets
원유,"“주유하기 겁난다”…서울 휘발유 2000원 돌파, 3년8개월만에 최고치",2026-04-07 10:03:17,real_assets
원유,강훈식 “오늘 카자흐·오만·사우디로 출국…원유 확보 협의”,2026-04-07 10:26:50,real_assets
원유,강훈식 “원유·나프타 확보 위해 중동 지역 방문”,2026-04-07 10:56:31,real_assets
원유,이란전쟁 고유가에 보조금 줬다가 신용등급 직격탄 맞은 나라들,2026-04-07 11:30:40,real_assets
원유,석유 넘쳐나는데 수입국 신세 미국…역설이 빚은 3차 오일쇼크,2026-04-07 12:00:00,real_assets
원유,2조원 이란 제재 회피 의혹에…바이낸스 컴플라이언스 핵심 인력 줄사퇴,2026-04-07 13:01:29,real_assets
원유,정부 “대체원유 평시사용량 대비 4월 60%·5월 70% 확보”,2026-04-07 13:33:04,real_assets
원유,"“공영주차장도 5부제로”…서울시, 내일부터 본격 시행",2026-04-07 13:45:18,real_assets
원유,나프타 확보 비상인데 … 추경은 ‘과소 추계’ 논란,2026-04-07 14:26:32,real_assets
원유,"미국·이란 정세 시시각각 변화…변동성 커진 국내 증시, 유망 분야는",2026-04-07 15:10:15,real_assets
원유,중동 종전 아직 먼 얘기?…원유선물시장서 다음달 가격이 더 싼 ‘기현상’,2026-04-07 16:12:53,real_assets
원유,"트럼프 ""호르무즈 개방이 가장 중요""…이란 ""영구 종전만 수용""",2026-04-07 17:41:18,real_assets
원유,"""美·이스라엘,다음 타깃은 이란경제 근간 파괴""",2026-04-07 17:41:19,real_assets
원유,전쟁 장기화에 단기물 고공행진 … 원유 늦게 받으면 12% 더 저렴,2026-04-07 17:50:54,real_assets
원유,"HD현대, 중소선박사와 상생…선미·선수 나눠 반반씩 건조",2026-04-07 17:58:05,real_assets
원유,강훈식 실장 중동 방문 … 원유·나프타 추가확보 목적,2026-04-07 17:58:22,real_assets
원유,고유가에 정부 보조금 줬다가…동남아 신용등급 줄하락 위기,2026-04-07 17:59:16,real_assets
원유,"에코페트롤, CEO 무급 휴가로 수석부사장 직무대행 체제 전환",2026-04-07 19:10:59,real_assets
원유,"[속보] “미군, 이란 하르그섬 군시설 공격” <악시오스>",2026-04-07 20:30:35,real_assets
원유,“중국이 매년 석유 사줬다”…미국 압박에도 이란 버티는 이유는,2026-04-07 21:39:50,real_assets
원유,"뉴 컨셉 에너지, 2025년 4분기 흑자전환..연간 매출 1억5500만 달러",2026-04-08 00:25:48,real_assets
원유,[속보]‘반도체 호조’ 2월 경상수지 231.9억 달러 ‘역대 최대’…34개월째 흑자,2026-04-08 08:00:15,real_assets
원유,“폭격 작전 중단한다”…미국 이란 이어 이스라엘도 2주간 휴전 동의,2026-04-08 08:29:55,real_assets
원유,미국·이란 ‘2주 휴전’ 발표에… 국제유가 12.49% 급락,2026-04-08 08:30:17,real_assets
원유,이란 미사일 공격에 다우 사다라 복합단지 직격…공급망 리스크 현실화,2026-04-08 08:41:12,real_assets
원유,"“반도체가 다 했다”...2월 경상흑자 232억달러, 월간 ‘역대 최대’",2026-04-08 09:01:06,real_assets
원유,‘2주 휴전안’에 막판 투자심리 회복 [뉴욕증시],2026-04-08 09:01:50,real_assets
원유,"미·이란, 호르무즈 개방 조건으로 ‘2주 휴전’…국제유가도 ‘뚝’",2026-04-08 09:06:05,real_assets
원유,“이란군 조율하에 호루무즈 안전하게 통과”…이란 외무도 ‘화답’,2026-04-08 09:30:20,real_assets
원유,"[MK시그널] 우드사이드 에너지 그룹, 수익률 54.3% 돌파",2026-04-08 10:13:32,real_assets
원유,유럽보다 50% 싸다지만…최고가격제 外 대응 필요,2026-04-08 10:47:28,real_assets
원유,"배민, 비닐봉투 200만장 지원…플랫폼 업계 ‘상생 경영’ 가속",2026-04-08 14:18:32,real_assets
원유,"미국·이란 전쟁, 한국 피해가 가장 크다?…증시 급락 등 영향 줬다는데",2026-04-08 15:05:32,real_assets
원유,계속되는 공급망 위기 해법은 '산업 데이터 플랫폼' [허대식 교수의 비즈니스 이노베이션],2026-04-08 16:09:35,real_assets
원유,"미국 이란 휴전 합의했는데…발 묶인 선박 800척, 호르무즈서 언제 나오나",2026-04-08 16:20:55,real_assets
원유,호르무즈 해협 열려도 공급망 다변화 노력은 필요 [사설],2026-04-08 16:55:49,real_assets
원유,호르무즈 풀린 뒤 1척당 60억 ‘운송비 폭탄’…화주-선사 소송전 갈 듯,2026-04-08 17:27:28,real_assets
원유,"[김세형칼럼] 이란100년, 투키디데스적(的) 비극",2026-04-08 17:35:25,real_assets
원유,"비닐봉투 대란 소상공인에 배민, 200만장 긴급 지원",2026-04-08 17:39:10,real_assets
원유,"이란, 호르무즈 통행료 걷어 재건비로 충당 … 트럼프도 동의",2026-04-08 17:52:22,real_assets
원유,코스피 '축포' … 유가 14% 뚝,2026-04-08 17:55:59,real_assets
원유,“반갑다 외국인”…미·이란 휴전 합의에 반도체 집중 ‘사자’,2026-04-08 18:00:00,real_assets
원유,국제유가 걸프전 후 최대폭 하락 … 金·국채 가격도 일제히 반등,2026-04-08 18:03:02,real_assets
원유,"버밀리언 에너지, 1분기 생산량 12만5000boe/d..가이던스 상회",2026-04-08 19:03:47,real_assets
원유,“연간 330만원 더 낸다”…중동 전쟁에 에너지비 폭탄 맞은 ‘이곳’,2026-04-08 19:27:54,real_assets
원유,"엑슨모빌, 1분기 영업이익 73억 달러 전망..전년비 12% 증가",2026-04-08 19:46:49,real_assets
원유,"KLX 에너지 서비스즈 홀딩스, 4분기 매출 6% 감소에도 EBITDA 7% 증가",2026-04-09 05:10:58,real_assets
원유,미·이란 휴전에 美증시 2% 급등...호르무즈 불확실성은 여전 [월가월부],2026-04-09 05:48:55,real_assets
원유,"이 대통령, 국민경제자문회의 첫 주재…중동여파 대응·위기극복 논의",2026-04-09 06:49:37,real_assets
원유,미국·이란 2주 휴전에 유가 하락세…유류할증료 상승세도 꺾일까 [항공+],2026-04-09 07:57:38,real_assets
원유,"이란100년, 투키디데스적(的) 비극 [김세형칼럼]",2026-04-09 08:25:39,real_assets
원유,트럼프 호르무즈 개방 동의했다더니…‘통행료 암호화폐’로 받겠다는 이란,2026-04-09 08:51:22,real_assets
원유,美·이란 휴전에 급등…다우 2.9% ↑ [뉴욕증시],2026-04-09 08:57:11,real_assets
원유,"“전쟁 한번에 몇번을 해먹니?”…휴전 직전 유가하락에 1.4조 베팅, 또 내부거래 의혹",2026-04-09 09:36:35,real_assets
원유,이란도 휴전 말뿐이었나…‘우회경로’ 사우디 송유관에 드론공격,2026-04-09 10:45:28,real_assets
원유,호르무즈 묶였던 유조선 7척 들어오면 국내 원유 수급 숨통 트일까,2026-04-09 10:53:48,real_assets
원유,"S-Oil, `1Q26 Preview: 원유만 안정적으로 공급되면 된다` 증권사 발표에 강세",2026-04-09 11:19:14,real_assets
원유,민주 을지로위 주유소-정유사 협약 체결...중동발 유가 상승 피해 줄인다,2026-04-09 14:02:54,real_assets
원유,[중동전쟁 PartⅠ ① 에너지 위기] “유가 180달러” 사우디의 경고 메시지...호르무즈가 세계 경제 흔든다,2026-04-09 15:18:29,real_assets
원유,[단독] 호르무즈 선박 보험 불확실성 점검 나선 해수부…英대사관 협조 요청,2026-04-09 16:01:35,real_assets
원유,"[중동전쟁 PartⅠ ② 증시와 환율] 오락가락 증시와 환율, 정부와 한은의 반전카드는 무엇일까?",2026-04-09 16:25:01,real_assets
원유,"“중동 바닷길 전쟁터 만들더니, 누가 보면 오해하겠어”…미국 원유 수출 ‘사상 최대’",2026-04-09 16:51:03,real_assets
원유,증시 급변동에 ETF '출렁'… VI 발동 급증,2026-04-09 17:30:28,real_assets
원유,“저희 같은 곳은 더는 못버팁니다”…소상공인 덮친 중동전쟁발 이중 압박,2026-04-09 17:31:38,real_assets
원유,“레바논 때린 건 우리 때린 거”…‘2주간 휴전’ 합의 다음날 이란이 한 일,2026-04-09 17:39:00,real_assets
원유,"전쟁발 인플레 우려에 … 美 연준 ""금리 인상·인하 모두 가능""",2026-04-09 17:50:47,real_assets
원유,"이스라엘 폭격에 레바논 1천명 사상 … 美·이란, 합의 위반 놓고 '네탓'",2026-04-09 17:50:48,real_assets
원유,이스라엘 폭격에 레바논서 1천명 사상…미국·이란 합의 위반 놓고 ‘네탓’,2026-04-09 19:55:39,real_assets
원유,"“이란, 휴전중 호르무즈 통과 하루 15척 이하로 제한”<타스>",2026-04-09 21:38:39,real_assets
원유,UAE국영석유사 “호르무즈 봉쇄 아시아 원유 공급에 문제”,2026-04-09 22:06:09,real_assets
원유,"텍사스 퍼시픽 랜드 트러스트, 최대주주 핵심인물 머레이 스탈 이사 별세",2026-04-10 05:07:02,real_assets
원유,"사우스 보우, 5월 7일 2026회계연도 1분기 실적 발표 예정",2026-04-10 06:01:55,real_assets
원유,휴전 지속 기대감에 ‘안도 랠리’…연이은 상승 마감 [뉴욕증시],2026-04-10 08:57:50,real_assets
원유,“대통령 가족부터 단속하지”…내부정보 선행매매 금지한 백악관,2026-04-10 10:30:59,real_assets
원유,한은 총재 “현재 환율은…외국인 주식 매도와 중동 사태가 큰 영향”,2026-04-10 13:05:12,real_assets
원유,호르무즈 재개방되더라도 정유사들 화물보험 막혀…원유 선적 난항 전망,2026-04-10 17:20:54,real_assets
원유,"""전쟁 이전으로 못 돌아가""… IMF·IEA의 영구손상 경고 [사설]",2026-04-10 17:28:41,real_assets
원유,"백악관 ""내부정보 활용한 불법 선행매매 금지"" 경고",2026-04-10 17:37:12,real_assets
원유,"무려 1조1000억짜리 ‘수상한 거래’…트럼프도 하지 말라 ‘버럭’, 범인은?",2026-04-10 18:09:14,real_assets
원유,"옥시덴탈페트롤리엄, 1분기 원유 평균 실현가격 배럴당 69.91달러 기록",2026-04-10 20:17:06,real_assets
원유,美CPI 4년만에 최대폭 상승…멀어지는 금리인하,2026-04-10 23:24:47,real_assets
원유,"데본에너지, 코테라 합병 반영 2025년 매출 248억 달러·EPS 3.24달러",2026-04-11 05:09:19,real_assets
원유,호르무즈 이란 통제권 여전…선박 통행량 휴전 이전 수준,2026-04-11 08:53:35,real_assets
원유,3차 석유 최고가격제 시행 이틀째…서울 휘발윳값 2024원,2026-04-11 09:38:39,real_assets
원유,"“휴전 후 처음”…초대형 유조선 3척, 호르무즈 통해 걸프 빠져나와",2026-04-12 09:15:42,real_assets
원유,"달러 제재, 이제 안먹힌다…이란전쟁이 균열 낸 ‘기축통화의 성역’",2026-04-12 09:26:05,real_assets
원유,기름값 드디어 잡히나…3차 최고가격제 셋째날 서울 경유값 ‘보합’,2026-04-12 09:50:31,real_assets
원유,유럽여행 포기하고 공짜 기차표 끊었는데…기차역 갈 버스가 없다고?,2026-04-12 09:59:56,real_assets
원유,“평시 대비 원유 80% 확보”…김정관 “정부 비축유 안 풀고 4~5월 넘길 수 있다”,2026-04-12 14:45:14,real_assets
원유,"“침묵하는 트럼프, 더 불안해”…협상결렬후 SNS에 ‘이란 해상봉쇄’ 기사만",2026-04-12 17:00:14,real_assets
원유,"[매경시평] 다시 온 석유패권시대, 韓이 살길",2026-04-12 17:38:25,real_assets
원유,청와대 “명확한 종전 선언 때까지 비상대응체계 유지”,2026-04-12 17:47:29,real_assets
원유,"트럼프 “미 해군, 즉각 호르무즈 모든 선박 봉쇄…이란 발포 땐 지옥 맛볼 것”",2026-04-12 22:02:35,real_assets
원유,"미군, 한국 시간 오늘밤 11시부터 ‘이란 해상 봉쇄’ 공식 발표",2026-04-13 06:08:54,real_assets
원유,이란 협상단장 “처음부터 미국 안 믿어...싸움 걸면 싸우겠다”,2026-04-13 06:16:57,real_assets
원유,"이란, 호르무즈 해협서 ‘코인 통행료’ 추진…美 제재 무력화 ‘꼼수’",2026-04-13 09:05:14,real_assets
원유,이란 전쟁 속 반도체는 호황…4월 초 수출액 역대 최고 기록 경신,2026-04-13 09:15:58,real_assets
원유,엔비디아·삼성전자도 24시간 거래…가상자산 ‘무기한 선물’ 거래액 ‘11경’ 돌파,2026-04-13 10:06:26,real_assets
원유,나프타 대란에 플라스틱 대체제 관심…포장재기업 주가 ‘쑥’,2026-04-13 10:47:12,real_assets
원유,기름값 상승세 주춤해졌지만…호르무즈 변수에 재급등 우려,2026-04-13 10:54:32,real_assets
원유,"“한은, 7월 금리 인상 전망…호르무즈 변수에 연말·내년으로 밀릴 수도”",2026-04-13 14:00:40,real_assets
원유,"[단독] 한국 실소유선박, 호르무즈 통과…이란 지정루트로 첫 진입",2026-04-13 15:06:33,real_assets
원유,“전쟁 틈타 퍼졌다”…가짜뉴스 33개 계정 정조준한 경찰,2026-04-13 15:39:18,real_assets
원유,"[기자24시] 물가정책, 판을 바꿔라",2026-04-13 17:21:11,real_assets
원유,[매경포럼] 시험대 선 '페이스 메이커' 역할론,2026-04-13 17:21:11,real_assets
원유,"""재고이익 급증 착시인데…"" 정유사 실적발표 속앓이",2026-04-13 17:23:30,real_assets
원유,[특파원칼럼] '트럼프의 전쟁' 부메랑 … 급소 찔린 美경제,2026-04-13 17:36:29,real_assets
원유,"이란 돈줄 끊고 中견제 … 트럼프 ""이란, 우리가 원하는 것 줄 것""",2026-04-13 17:52:20,real_assets
원유,나프타 없어도 플라스틱 만드는 '도시유전' … 하루 7.5만배럴 원유대체 가능,2026-04-13 17:52:56,real_assets
원유,석화산단서 버려지는 에너지 매년 6조 …효율 개선에 稅혜택 줘야,2026-04-13 17:52:56,real_assets
원유,日 10년물 금리 29년 만에 최고,2026-04-13 17:54:22,real_assets
원유,"전쟁 장기화에 美기업 아우성 … 다이먼 ""물가·금리 상승 우려""",2026-04-13 17:54:23,real_assets
원유,"美, 호르무즈 역봉쇄 … 유가 다시 100弗대로",2026-04-13 17:54:30,real_assets
원유,"韓선사 운용 유조선, 호르무즈 첫 통과",2026-04-13 17:54:31,real_assets
원유,"""2부제로 차량운행 줄어""… 당정, 내주 車보험료 인하키로",2026-04-13 17:57:34,real_assets
원유,"“저희 실적 너무 믿진 마세요”…이익 늘었는데 씁쓸한 정유사들, 왜?",2026-04-13 18:44:05,real_assets
원유,"옵시디안 에너지, 1분기 자본 프로그램 순항..Peace River 최고 품질 원유 생산",2026-04-14 01:42:03,real_assets
원유,"옵시디안에너지, 1분기 Peace River 최고 품질 원유 생산 성공…연간 가이던스 유지",2026-04-14 01:50:58,real_assets
원유,"다이아몬드백 에너지, 총 34억 달러 규모 선순위채권 조기상환 입찰 실시",2026-04-14 05:22:12,real_assets
원유,"美-이란 협상 결렬됐지만, 물밑 접촉 기대감에 뉴욕증시 상승...나스닥 1.2%↑[월가월부]",2026-04-14 07:33:17,real_assets
원유,“위험 무릅쓰고”…미 호르무즈 봉쇄 2시간전 이란 관련 선박이 한 일,2026-04-14 08:55:16,real_assets
원유,하다하다 교황과도 싸우는 트럼프…李 ‘페이스 메이커’ 역할 통할까 [매경포럼],2026-04-14 09:16:51,real_assets
원유,‘연일 새벽근무’ 코피 쏟는 물가당국…“땜질 말고 판을 바꿔라” [기자24시],2026-04-14 10:14:16,real_assets
원유,결국 리터당 2000원 코앞…전국 주유소 ‘기름값 비상’,2026-04-14 10:29:00,real_assets
원유,호르무즈 봉쇄에 ‘3차 오일쇼크’…복합 위기 현실로,2026-04-14 13:21:52,real_assets
원유,"정부, 알제리·리비아·콩고공화국에 외교관 파견…에너지 수급선 다변화",2026-04-14 17:13:08,real_assets
원유,중동發 아스콘 대란 … 도로공사 중단 위기,2026-04-14 17:37:39,real_assets
원유,강훈식 가방에 ‘원유·나프타 해법’ 들었을까…특사로 중동 방문 후 귀국,2026-04-14 18:23:29,real_assets
원유,"하프니아, CEO 미카엘 스코브 100만주 매도..7,700만 크로네 규모",2026-04-14 19:23:56,real_assets
원유,"전쟁發 고물가 …""유가 110弗 넘으면 세계 성장률 3.1→2%로 추락""",2026-04-14 22:00:00,real_assets
원유,"정부, 15일부터 석화원료 수급 안정화 시행 … 정유사, 대체원유 두달치 1.2억배럴 확보",2026-04-14 22:00:00,real_assets
원유,美·이란 2차협상 낙관론에...美증시 전쟁낙폭 만회 [월가월부],2026-04-15 05:27:23,real_assets
원유,“호르무즈 해협 통행 제한적 회복…상선 하루동안 20여척 통과”,2026-04-15 06:09:40,real_assets
원유,"아파치, 1분기 미국 천연가스 생산 축소..Waha 가격 약세 대응",2026-04-15 06:15:50,real_assets
원유,“3월에만 매일 1조원씩 벌었다”…‘이란 전쟁’에 살판 난 이 나라,2026-04-15 07:41:59,real_assets
원유,“감히 교황을 건드려”…멜로니 맹비난에 충격받았다는 트럼프가 한 말,2026-04-15 08:14:18,real_assets
원유,"“유가·환율 동시에 뛰니 감당 안되네”…3월 수입물가 16%↑, 28년만에 최대 상승",2026-04-15 09:20:38,real_assets
원유,"“차 끌고 다니기 겁나네”…수입물가 28년만에 최대 상승, 원유값 두배 ‘껑충’",2026-04-15 09:25:10,real_assets
원유,얼마전까지 ‘친구’였는데…트럼프 “멜로니 변했다” 직격탄,2026-04-15 10:39:16,real_assets
원유,"K원전·LNG액화플랜트 시공능력 모두 갖췄다…대우건설, 장중 20%대 급등",2026-04-15 10:42:53,real_assets
원유,"“홍해마저 막히면 끝장”…사우디, 美에 이란 협상 복귀 촉구",2026-04-15 11:20:44,real_assets
원유,강훈식 “중동 4개국서 연말까지 원유 2억7천만 배럴 도입”,2026-04-15 14:07:55,real_assets
원유,[속보] 강훈식 “중동 4개국서 연말까지 원유 2억7000만 배럴 도입”,2026-04-15 14:08:58,real_assets
원유,"전쟁물가, 쓰나미처럼 덮쳤다…수입물가 16% 급등 ‘28년만에 최고’",2026-04-15 14:35:24,real_assets
원유,“미국 해상 봉쇄 성공하면 이란은”…‘섬뜩한’ 경고 날린 전문가들,2026-04-15 15:50:00,real_assets
원유,롯데마트 'PB페스타' 우유 1880원·과자 500원 … '초가성비'로 장바구니 걱정 뚝,2026-04-15 16:02:36,real_assets
원유,3월 수입물가 16.1% 급등 … 28년만에 최고,2026-04-15 17:52:37,real_assets
원유,"강훈식 “연말까지 원유 2.7억배럴, 나프타 210만t 확보”",2026-04-15 17:53:09,real_assets
원유,"""지도 밖 걷는 사람이 새역사 쓰듯 … 기업 경영도 모험정신 필요""",2026-04-15 17:56:50,real_assets
원유,"사우디등 4國 다녀온 강훈식 ""연내 원유 2.7억 배럴 도입""",2026-04-15 18:00:48,real_assets
원유,[속보] 이란군 “미국 해상봉쇄 계속하면 홍해 무역 봉쇄”,2026-04-15 19:34:07,real_assets
원유,"임페리얼 오일, 5월 1일 1분기 실적 발표..연간 EPS 68% 급증 전망",2026-04-16 05:46:57,real_assets
원유,뉴욕개미들도 전쟁통에 사팔사팔…거래량 폭증에 투자은행 ‘흐뭇’,2026-04-16 05:50:51,real_assets
원유,페르시아만 방면 통항 첫 사례 나왔다…두 번 시도끝에 성공한 유조선의 정체,2026-04-16 07:38:10,real_assets
원유,호르무즈 봉쇄에 중동산 원유 차질…아시아 유럽이 눈 돌린 곳,2026-04-16 10:37:26,real_assets
원유,이재명 대통령 “제조업 비중 높은 한국…국가 명운 걸고 혁신”,2026-04-16 10:40:34,real_assets
원유,"이 대통령, 중동전쟁 언급하며 “우리 외교 위상과 역할 새롭게 돌아보는 계기”",2026-04-16 11:07:08,real_assets
원유,“원화 결제 수출 3.4%”… 글로벌 교역서 원화 위상 올라,2026-04-16 14:08:22,real_assets
원유,중동발 위기에 뭉친 여야…경제 진단엔 동상이몽,2026-04-16 16:25:28,real_assets
원유,[매경의 창] 미국 없는 대한민국,2026-04-16 17:16:33,real_assets
원유,[필동정담] 호르무즈 모멘트,2026-04-16 17:18:09,real_assets
원유,美 인플레 우려 확산에 기업 고용·투자 미룬다,2026-04-16 17:41:34,real_assets
원유,"美역봉쇄에 한발 물러선 이란 … ""호르무즈 일부 개방"" 첫 제안",2026-04-16 17:53:11,real_assets
원유,"베선트 ""이란과 거래 中은행 2곳 제재""",2026-04-16 17:53:12,real_assets
원유,"""AI 제조생태계 구축위해 한국판 국부펀드를""",2026-04-16 17:57:20,real_assets
원유,글로벌 투자자 시선 사로잡은 원유·금·은 - 시장 전망 나쁘지 않지만 ‘변동성’은 주의,2026-04-16 18:02:32,real_assets
원유,"산은·수은, 석유공사 지원 … 원유 확보에 30억달러 공급",2026-04-16 18:04:06,real_assets
원유,“대통령 때문에 경영계획을 못 짠다”…예측불허 트럼프에 우는 美기업,2026-04-16 20:32:42,real_assets
원유,"[MK시그널] 에코페트롤 매도신호 포착, 수익률 37.1% 달성",2026-04-17 10:14:19,real_assets
원유,“금융위기 때도 버텼는데”…전쟁 장기화에 건설업 폐업 신고 속출,2026-04-17 10:14:31,real_assets
원유,구윤철 부총리 “요소수 공공비축분 방출…중동전쟁 비상대응체계 유지”,2026-04-17 10:15:53,real_assets
원유,"얼마나 급했으면…급행요금 59억원인데, 호르무즈 막히자 이곳으로 몰렸다",2026-04-17 11:14:09,real_assets
원유,이 대통령 “호르무즈 봉쇄후 우리 선박 홍해 첫 통과…원팀 값진 성과”,2026-04-17 14:05:00,real_assets
원유,"호르무즈 봉쇄 후 발 묶인 우리 유조선, 홍해 첫 통과",2026-04-17 14:07:08,real_assets
원유,호르무즈 막히자 파나마로...59억 내고 ‘급행’,2026-04-17 16:33:48,real_assets
원유,"[나현준의 데이터로 세상읽기] 에너지 판이 요동쳤다 … 나쁠 것 없는 美, 뒤에서 웃는 中",2026-04-17 16:38:28,real_assets
원유,'호르무즈 폭탄' 韓 직격 … 두바이유 의존이 毒으로,2026-04-17 16:38:29,real_assets
원유,[강준모의 빵집 일상] 지난 전쟁의 기억,2026-04-17 17:11:13,real_assets
원유,"韓선박, 홍해 빠져나왔다 … 국제유가 급락세 출발",2026-04-17 17:48:11,real_assets
원유,"IEA ""유럽 항공유 6주 뒤 소진""… 항공대란 현실화하나",2026-04-17 17:50:53,real_assets
원유,"하프니아, 2025년 매출 13억7580만 달러..전년비 감소",2026-04-17 20:11:53,real_assets
원유,"30억 통행료 받는다며…호르무즈 봉쇄에도 이란 수익은 ‘0원’, 왜?",2026-04-17 20:15:33,real_assets
원유,기어코 평균 2000원선 뚫었다…전국서 휘발윳값 ‘비상’,2026-04-17 21:24:55,real_assets
원유,"[속보] 트럼프, 이란 ‘호르무즈 개방’에 “땡큐…對이란 해상봉쇄는 계속”",2026-04-17 22:37:00,real_assets
원유,"국제유가, 이란의 호르무즈 일시 개방 소식에 급락세...브렌트유 10%↓",2026-04-17 23:01:04,real_assets
원유,李대통령 “책임강국으로서 호르무즈 항행 자유 보장”,2026-04-17 23:55:24,real_assets
원유,"""항행자유 위해 韓 기여할것"" 李, 호르무즈 회의서 강조",2026-04-18 00:05:43,real_assets
원유,이란 ‘호르무즈 개방’ 발표 20분 전 수상한 거래…유가하락 1조원대 베팅,2026-04-18 08:32:16,real_assets
원유,가라는 거야 말라는 거야…미국 이란 신경전에 호르무즈 선박들 ‘대혼란’,2026-04-18 16:13:56,real_assets
원유,"“전 세계 공해서 이란 선박 나포할 것”…미국, 해상 봉쇄 전면 확대",2026-04-19 17:00:08,real_assets
원유,"美이란 제재에 등장한 삼성重 …""문제 없다""",2026-04-19 17:37:34,real_assets
원유,"[단독] “잔금 안 주길래 계약 끊어”…삼성重, 이란 제재 리스크 피한 사연",2026-04-19 17:42:32,real_assets
원유,호르무즈 개방 발표 직전…유가 하락 1조 베팅 누구?,2026-04-19 17:49:32,real_assets
원유,호르무즈 개방 직전 유가하락 1조 베팅…반복되는 ‘절묘한 타이밍’,2026-04-20 06:01:05,real_assets
원유,[속보] 이 대통령 지지율 65.5%…취임 후 최고치 [리얼미터],2026-04-20 08:19:16,real_assets
원유,"미국, 이란 선박에 구멍냈다…중동 갈등 다시 고조되자 유가 ‘급등’",2026-04-20 08:45:52,real_assets
원유,[속보] 이란군 “美군함에 드론으로 보복 타격”…실제 공격여부는 미확인,2026-04-20 08:48:43,real_assets
원유,"코스피, 호르무즈 리스크 속에서도 일단 ‘지켜보자’…6200선 공방",2026-04-20 09:50:20,real_assets
원유,[단독] 호르무즈 뚫은 첫 한국행 유조선...원유 100만배럴 싣고 온다,2026-04-20 09:59:29,real_assets
원유,“기름값 또 오르나요”…미·이란 긴장 고조에 유가 7% 급등,2026-04-20 11:22:53,real_assets
원유,"李 지지율 65.5%…취임 후 최고치, 왜?",2026-04-20 12:50:22,real_assets
원유,"우리은행, 기보와 중동사태 피해기업에 2100억 지원",2026-04-20 14:44:17,real_assets
원유,"""이란과의 전쟁은 미국의 패권전략""",2026-04-20 17:05:09,real_assets
원유,“트럼프의 공습은 전술일 뿐… 본질은 ‘패권 4.0”…김태유 교수가 본 對이란 전쟁의 이유,2026-04-20 17:15:00,real_assets
원유,재택근무·대중교통 권하는 EU…최고가격제 대안 어떤가 [사설],2026-04-20 17:19:18,real_assets
원유,"“치킨 값 안 올립니다”…BBQ, 정부 물가 안정 동참해 가격 동결",2026-04-20 17:27:26,real_assets
원유,호르무즈 뚫고 유조선 한국행,2026-04-20 17:57:29,real_assets
원유,돈줄 막힌 UAE … 美에 달러스왑 긴급 요청,2026-04-20 17:59:49,real_assets
원유,"인피니티 내추럴 리소시스, 1분기 파생상품 손실 6,500만 달러 기록",2026-04-20 19:33:47,real_assets
원유,"세이블 오프쇼어, 파이프라인 운송 재개·1분기 일평균 750배럴 생산",2026-04-20 19:48:07,real_assets
원유,“나라는 믿는데 대통령은 못 믿겠다”…미국 채권서 발 빼는 개미들,2026-04-20 20:36:38,real_assets
원유,"“쿠웨이트, 원유 선적 불가항력 선언…호르무즈 봉쇄 탓”",2026-04-20 22:15:02,real_assets
원유,"페르미안 베이슨 로열티 트러스트, 4월 배당금 단위당 0.038달러 결정",2026-04-21 00:32:13,real_assets
원유,美·이란 긴장 재고조에 美 증시 하락...유가 다시 급등[월가월부],2026-04-21 05:51:46,real_assets
원유,“이번 전쟁은 ‘트럼프의 헛짓’ 아니다”…실은 미국의 전략이라는데,2026-04-21 06:35:27,real_assets
원유,"HMM, ‘전쟁 특수’ 기대감 낮춰야…1분기 영업익 58% 감소 전망 [오늘 나온 보고서]",2026-04-21 08:28:58,real_assets
원유,"롤러코스터 탄 건설주, 美·이란 협상에 쏠린 눈…‘재건’ 수혜주는?",2026-04-21 08:40:26,real_assets
원유,"“호르무즈 열리면 10%는 오른다”...코인 투자자, 무조건 봐야할 지표는",2026-04-21 08:53:02,real_assets
원유,미·이란 2차 협상 앞두고 숨고르기…3대 지수 소폭 하락 [뉴욕증시],2026-04-21 09:02:40,real_assets
원유,"[속보] 4월 1~20일 수출 504억 달러, 49.4%↑…일평균 49.4%↑",2026-04-21 09:07:26,real_assets
원유,중동사태에도 1~20일 수출액·반도체 수출 역대 최대,2026-04-21 09:11:23,real_assets
원유,전쟁 끝나면 비트코인 뛴다?…好전망 내놓은 LS증권,2026-04-21 10:33:19,real_assets
원유,"반도체로만 182억달러...4월 수출, 벌써 500억달러 넘어 ‘역대 최대’",2026-04-21 11:22:24,real_assets
원유,캐나다산 원유 ‘무관세’ 길 열렸다…에너지 공급망 강화,2026-04-21 14:22:24,real_assets
원유,"日 ""韓정부, 경유 수출 끊지 말아달라""",2026-04-21 17:51:54,real_assets
원유,[단독] 미국·일본 “한국산 석유 없으면 큰일”…휘발유·항공유 요청 빗발쳐,2026-04-21 18:54:02,real_assets
원유,"발코에너지, 에탐 14H정 일일 순유량 2850배럴 달성",2026-04-22 05:27:00,real_assets
원유,"선코에너지, 2026 회계연도 1분기 실적 5월 5일 발표 예정",2026-04-22 06:06:52,real_assets
원유,"중동 전쟁 우려 재고조에 상승분 반납한 뉴욕증시, 트럼프는 이란 휴전 ‘재연장’ [월가월부]",2026-04-22 06:38:51,real_assets
원유,"[美공시]EQT, 사상 최대의 자유 현금 흐름과 신용등급 상승을 바탕으로 2026년 1분기 호실적 발표",2026-04-22 09:00:40,real_assets
원유,‘안갯속’ 미·이란 종전협상에 하락 마감 [뉴욕증시],2026-04-22 09:05:50,real_assets
원유,“다른건 참아도 콘돔대란이라뇨”…값 30% 올려도 부족할 판이라는데,2026-04-22 10:45:52,real_assets
원유,“한국산 정유 없으면 큰일”…주요국서 빗발치는 공급 요청,2026-04-22 12:32:15,real_assets
원유,"솔브레인, 증권사 목표가 상향에 강세…3.17%",2026-04-22 13:59:29,real_assets
원유,"“에너지 위기 돌파, 한국車도 전력을 다합니다”…전기차는 국가자산, 치열해진 V2G 경쟁",2026-04-22 15:32:41,real_assets
원유,[단독] 韓선사 관련 유조선 2척…‘호르무즈 해협’ 진입 성공,2026-04-22 16:36:09,real_assets
원유,"트럼프, 한달새 최후통첩 6번 뒤엎어 … 美내부 TACO 피로감 극심",2026-04-22 17:46:50,real_assets
원유,"'韓선사 실소유 추정' 유조선, 호르무즈 진입",2026-04-22 17:51:15,real_assets
원유,"“툭하면 최후통첩, 이젠 긴장감 없어”…측근들 조차 트럼프 ‘TACO’ 피로감",2026-04-22 18:55:39,real_assets
원유,"에코페트롤, 2025년 매출 300억 달러·EPS 23% 감소",2026-04-22 19:05:26,real_assets
원유,[속보] 당정청 “차량 5부제 참여 보험료 할인 상품 5월 중 출시”,2026-04-22 19:27:01,real_assets
원유,"레인지 리소시즈, 1분기 매출 50% 급증·10억 달러 돌파",2026-04-23 00:01:54,real_assets
원유,"이온 리소시스, 연간보고서 미제출로 NYSE 상장규정 위반 통지",2026-04-23 06:21:53,real_assets
원유,"“증시선 전쟁 끝났는데, 유가는 쉽지 않네”…‘선박 나포’ 소식에 브렌트유 다시 100달러",2026-04-23 11:08:11,real_assets
원유,“발표 15분 전 6300억 베팅”…미·이란 휴전 연장에 ‘수상한 거래’ 또 터졌다,2026-04-23 14:51:40,real_assets
원유,“호르무즈 끊기면 인터넷 마비”…이란發 ‘디지털 재앙’ 경고,2026-04-23 15:46:34,real_assets
원유,“휴전 발표 직전 6300억 베팅”…반복되는 ‘수상한 거래’,2026-04-23 15:48:01,real_assets
원유,"[단독] 원유 100만배럴 유조선, 호르무즈 뚫고 한국행…5월 온산항 도착",2026-04-23 15:58:25,real_assets
원유,"민원 없고 전력 풍부한 울산…""AI데이터센터 어서오세요""",2026-04-23 16:04:26,real_assets
원유,'호르무즈 대안' 파나마 통행료 사상최고,2026-04-23 17:37:56,real_assets
원유,"'친트럼프' 총리 물러나자…헝가리, 우크라 지원 동참",2026-04-23 17:37:57,real_assets
원유,"패터슨 UTI 에너지, 1분기 매출 11억 달러..순손실 2,460만 달러 적자전환",2026-04-23 19:02:19,real_assets
원유,"우드사이드 에너지 그룹, 2025년 사상 최대 생산량 기록..단위비용 4%↓",2026-04-23 19:22:03,real_assets
원유,"블랙스톤, 1Q 매출 36억 달러·EPS 0.83달러..주당배당 1.16달러",2026-04-23 19:57:18,real_assets
원유,호르무즈 잠깐 개방한 사이…‘필사의 탈출’한 유조선,2026-04-23 20:37:56,real_assets
원유,"유로나브, 2025년 연간보고서 공개..5월 21일 주총 개최",2026-04-23 21:49:42,real_assets
원유,李 “베트남의 미래가 한국의 미래…첨단산업 씨앗 함께 뿌려야”,2026-04-24 00:03:13,real_assets
원유,"에코페트롤, 브라질 브라바 에너지 26% 지분 인수..51% 확보 목표",2026-04-24 04:08:10,real_assets
원유,"C3IS, 1대7 주식병합 단행..나스닥 상장 요건 충족",2026-04-24 05:19:15,real_assets
원유,"도체스터 미네랄스, 1분기 배당 0.48달러 지급..시가배당률 10.59%",2026-04-24 05:19:55,real_assets
원유,美·이란 불확실성에 뉴욕증시 하락...SW 위기론 재부상 [월가월부],2026-04-24 05:25:26,real_assets
원유,"델렉 로지스틱 파트너스 LP, 1분기 배당 1.13달러로 인상..연 4.52달러",2026-04-24 06:03:53,real_assets
원유,"“사실은 우크라 돕고 싶었다”…‘친트럼프’ 총리 물러난 헝가리, 지원 속도",2026-04-24 06:21:22,real_assets
원유,미·이란 다시 긴장감 고조…3대 지수 일제히 하락 [뉴욕증시],2026-04-24 09:01:00,real_assets
원유,"나흘째 급등세 이어간 국제유가, 다시 105달러…“호르무즈 일촉즉발”",2026-04-24 09:26:13,real_assets
원유,[속보] 경유가격 3년9개월만에 2천원대…4차 최고가격제 시행 첫날,2026-04-24 09:52:28,real_assets
원유,삼전닉스 외 대안은 건설·원전·바이오,2026-04-24 11:29:22,real_assets
원유,"한투운용 ‘글로벌반도체TOP4 Plus’, 순자산 1조2000억원 돌파",2026-04-24 13:40:44,real_assets
원유,나스닥·테슬라 24시간 거래한다…코인판 덮친 ‘新 서학개미’ 돌풍,2026-04-24 14:14:16,real_assets
원유,[속보] 靑 “5월중 원유 7400만배럴 확보…작년 평균의 87% 수준”,2026-04-24 14:41:44,real_assets
원유,靑 “5월 중 원유 7400만배럴 확보…지난해 평균 87% 수준”,2026-04-24 15:18:17,real_assets
원유,키네틱 리스크·알파고 마피아·바스켓 매매 [This Week 경제용어],2026-04-24 15:53:44,real_assets
원유,강훈식 “아스팔트 수급 우려…시급한 공사에 우선 공급”,2026-04-24 16:35:17,real_assets
원유,"강훈식 ""시급한 공사에 아스팔트 우선 공급""",2026-04-24 17:47:34,real_assets
원유,"급한 불 껐다...청와대 “원유 대체물량 사활, 5월 중 7462만 배럴 확보”",2026-04-24 20:40:05,real_assets
원유,서울 도착한 이 대통령…‘중동 리스크’ 대응부터 코스피 ·부동산 등 전념,2026-04-24 21:38:24,real_assets
원유,"하이드마 마리타임 홀딩스, 나스닥 최저가 기준 미달 통보..10월까지 개선 유예",2026-04-25 06:08:53,real_assets
원유,‘경제적 분노 작전’ 돌입한 미국...이란 석유 수출 막고 코인 동결,2026-04-25 08:41:31,real_assets
원유,이라크 바스라에 유조선 입항…호르무즈 봉쇄속 2척째 진입,2026-04-25 14:07:05,real_assets
원유,설마 트럼프가 이걸 노린 건 아니겠지…이란전쟁에 미국 원유·LNG 수출 ‘신기록’,2026-04-25 16:20:45,real_assets
원유,"폭탄에 불붙고, 말 한마디에 반응했다…국제유가 ‘두달의 기록’",2026-04-26 09:56:31,real_assets
원유,李대통령 “혼자 잘살면 뭔 재민겨?”…주사기 매점매석에 엄단 경고,2026-04-26 11:23:32,real_assets
원유,"트럼프, 이 그림 그렸나…중동산 원유 10%P 빠진 자리, 미국이 채웠다",2026-04-26 13:15:20,real_assets
원유,“이란전쟁 터지자 200억 달러 증발”…고유가에 눈뜨고 날린 무역수지 금액이,2026-04-26 15:02:01,real_assets
원유,"""전쟁 끝나도 기름값 안떨어져""…가스공사 역마진 우려",2026-04-26 17:27:36,real_assets
원유,"주사기 매점매석 때린 李 ""反사회적 행태 단죄""",2026-04-26 17:53:14,real_assets
원유,"“더 간다? 숨 고른다?”…이번주 코스피, 미 FOMC·빅테크 실적이 가른다",2026-04-27 08:27:55,real_assets
원유,“계속가면 경제 망가질텐데?”...나라 휘청여도 ‘버티기’ 대결하는 미국·이란,2026-04-27 10:15:05,real_assets
원유,"롯데, 전쟁 여파 '석유화학 소재 수급' 안정 팔걷어",2026-04-27 16:01:45,real_assets
원유,"[대한민국 100대 CEO] 김희철 한화오션 대표 | 실적·기술·거점, 삼박자 완성",2026-04-27 17:19:19,real_assets
원유,AI·전장용 MLCC 수요 폭발…삼성전기 가격 인상 추진,2026-04-27 17:59:16,real_assets
원유,"U.S. 에너지, 헬륨 5년 오프테이크 계약 체결..연 1440만 입방피트 판매",2026-04-27 20:02:28,real_assets
원유,"“서로 사겠다고 난리”…삼성전기가 만드는 이 부품, 부르는 게 값",2026-04-28 06:17:46,real_assets
원유,영업이익 71% 뛰었는데 “더 좋아진다”…한화오션 목표가 줄상향 [오늘 나온 보고서],2026-04-28 08:46:33,real_assets
원유,“달러·유로·위안화 편한 걸로 내시라”…이란 ‘호르무즈 통행료’ 계좌 개설,2026-04-28 09:27:15,real_assets
원유,[김선걸칼럼] 암묵지라는 금맥이 묻힌 나라,2026-04-28 17:23:03,real_assets
원유,日 기준금리 3연속 동결 … 올 성장 전망은 '반토막',2026-04-28 17:44:24,real_assets
원유,"나프타로 만든 새 플라스틱, 30% 이상 줄인다",2026-04-28 17:47:25,real_assets
원유,트럼프/“이란과의 휴전 무기한 연장”,2026-04-28 18:00:36,real_assets
원유,"엔터프라이즈 프로덕트 파트너스, 1분기 조정 EBITDA 27억 달러..전년比 10% 증가",2026-04-28 19:05:56,real_assets
원유,UAE “다음달 1일 OPEC·OPEC+ 탈퇴…원유 생산량 늘리겠다”,2026-04-28 21:40:26,real_assets
원유,세계은행 “올해 에너지가격 24% 폭등…원자재 가격은 16% 예상”,2026-04-28 22:45:33,real_assets
원유,"이온 리소시스, 2025회계연도 매출 1,700만 달러..전년비 11% 감소",2026-04-29 04:04:29,real_assets
원유,"원오크, 1분기 순이익 7억7600만 달러..전년비 12%↑",2026-04-29 05:25:22,real_assets
원유,"노던 오일&가스, 1분기 총생산 10% 증가·조정 EBITDA 3억4250만 달러",2026-04-29 05:32:34,real_assets
원유,"BLUE WATER ACQUISITION CORP IV, MAHA CAPITAL 자회사 인수..거래규모 4.9억 달러",2026-04-29 06:23:18,real_assets
원유,“이건 대통령에게 최악의 상황”…트럼프 측근도 걱정한 전쟁 교착 장기화,2026-04-29 06:24:35,real_assets
원유,오픈AI 내부서 ‘실적 우려’ 흘러나와…나스닥 중심 3대 뉴욕 증시 모두 하락 [월가월부],2026-04-29 06:44:54,real_assets
원유,OPEC 균열에도 100달러 뚫은 WTI…“공급 늘어도 호르무즈 막혀 소용 없어”,2026-04-29 08:49:24,real_assets
원유,"일본 유조선, 처음으로 이란 허가 받고 호르무즈 통과했는데…우리는 언제",2026-04-29 08:52:09,real_assets
원유,암묵지라는 금맥이 묻힌 나라 [김선걸칼럼],2026-04-29 14:39:40,real_assets
원유,"[단독] 유조선 경유지 들러도 ‘FTA 혜택 적용’…정부, ‘직접운송원칙’ 예외 추진",2026-04-29 14:55:28,real_assets
원유,[김선걸 칼럼] 암묵지라는 금맥이 묻힌 나라,2026-04-29 15:34:17,real_assets
원유,"무역대국 韓, 해상 공급망 막혀 초비상…구원투수 '전략상선대' 확충만이 살 길",2026-04-29 17:27:18,real_assets
원유,제3국 경유 유조선도 FTA 혜택 적용,2026-04-29 17:42:01,real_assets
원유,"日 초대형 유조선, 호르무즈 첫 통과 … 韓선박 26척은 기약없이 발묶여",2026-04-29 17:53:58,real_assets
원유,OPEC '60년 석유 카르텔' 균열…UAE와 손잡은 美에 힘실릴듯,2026-04-29 17:53:59,real_assets
원유,"우드사이드 에너지 그룹, 1분기 매출 33억 달러..전분기비 7%↑",2026-04-29 19:12:06,real_assets
원유,"하프니아, 2026년 EPS 0.78달러..전년비 16% 증가 전망",2026-04-29 19:13:17,real_assets
원유,"델렉 로지스틱 파트너스 LP, 1Q 순이익 3240만 달러·조정 EBITDA 7.3% 증가",2026-04-29 19:34:10,real_assets
원유,"“더이상 착한척 못해…빨리 정신 차리길”…트럼프, 이란에 또 엄포",2026-04-29 21:10:04,real_assets
원유,"델렉US홀딩스, 1분기 조정 EBITDA 530% 급증…정유 부문 흑자 전환",2026-04-29 22:45:38,real_assets
원유,"[속보] 연준, 3연속 금리동결…이란전쟁발 인플레 우려",2026-04-30 03:01:21,real_assets
원유,[속보] 연준 이례적 성명서…3명 “금리인하 동의 안해”,2026-04-30 03:21:13,real_assets
원유,"CVR 에너지, 1분기 조정 EBITDA 54% 급증..질소 비료 부문 흑자 전환",2026-04-30 05:37:02,real_assets
원유,美연준 매파적 금리동결에 파월 잔류 결정…금리인하 물건너가나,2026-04-30 05:45:33,real_assets
원유,"CVR에너지, 순손실 지속·정유 부문 적자 확대에 투자자 실망 매물 출회",2026-04-30 05:52:38,real_assets
원유,"내셔널 퓨얼 가스, 26억 달러 오하이오 사업 인수..2026 EPS 7.60달러 전망",2026-04-30 06:00:10,real_assets
원유,"델릭시 홀딩스, 나스닥 최저가 기준 미달 통보..180일내 회복 필요",2026-04-30 06:02:20,real_assets
원유,"“이란 해상 봉쇄, 몇 개월 더 할 수도”…트럼프, 정유업계 비공개 면담서 설명",2026-04-30 08:59:41,real_assets
원유,“트럼프는 끝낼 생각 없다는데 어쩌나”…브렌트유 120달러 ‘4년만에 최고’,2026-04-30 09:11:36,real_assets
원유,한은 “美연준 워시체제 앞두고 이견노출…통화정책 불확실성 커졌다”,2026-04-30 10:03:07,real_assets
원유,공급혼란 장기화 우려…브렌트유 4년 만에 최고,2026-04-30 15:12:59,real_assets
원유,고유가 직격탄 맞은 亞 신흥국…인도·인니 통화가치 역대최저,2026-04-30 17:47:46,real_assets
원유,"프리시전 드릴링, 1분기 매출 5억2600만 달러·EPS 47% 급감",2026-04-30 19:14:01,real_assets
원유,"내셔널 퓨얼 가스, 2분기 순이익 2억4767만 달러..전년비 상승",2026-04-30 21:25:11,real_assets
원유,"수자노 파펠 에 셀루로스, 1분기 조정 EBITDA 20억 달러..전년비 6% 증가",2026-04-30 21:44:03,real_assets
원유,“한국 환율은 양반이었네”…고유가에 통화가치 박살난 세 나라,2026-04-30 23:06:03,real_assets
원유,"SM 에너지, 남텍사스 자산 9억5000만 달러 매각 완료..고금리 부채 8억 달러 상환",2026-05-01 05:22:41,real_assets
원유,대통령이 빵 터졌다 …국무회의서 관심집중된 산업부 장관 정책 보고,2026-05-01 09:01:40,real_assets
원유,AI 반도체 수요 지속에 수출 859억弗 역대 2위,2026-05-01 17:33:34,real_assets
원유,"라이온델바젤 인더스트리즈, 1분기 EPS 0.49달러·EBITDA 6.2억 달러",2026-05-01 22:22:00,real_assets
원유,"엑슨모빌, 1분기 조정 순이익 88억 달러..전년비 16% 증가",2026-05-01 22:22:10,real_assets
원유,"에코페트롤, 2025년 연례보고서 제출..2026년 매출 337억 달러 전망",2026-05-01 22:26:01,real_assets
원유,"셰브론, 1분기 순이익 44.5% 급감에도 헤스 인수로 생산 24% 증가",2026-05-01 22:33:53,real_assets
원유,"플로우코 홀딩스, 엔시노 에너지 창립자 하디 머치슨 사외이사 선임",2026-05-01 23:09:59,real_assets
원유,"임페리얼 오일, 1분기 순이익 9.4억 달러..전년비 27% 감소",2026-05-02 00:51:46,real_assets
원유,"임페리얼 오일, 2분기 배당 0.87달러 유지..31년 연속 증배 기록",2026-05-02 00:59:48,real_assets
원유,애플이 끌고 유가가 밀었다…S&P500·나스닥 또 ‘사상 최고’,2026-05-02 06:56:04,real_assets
원유,미 국방부 “해상봉쇄로 이란 48억 달러 손실 추산”,2026-05-02 09:01:08,real_assets
원유,“주유소 갈 때마다 헉”…기름값 5주 연속 상승에 운전자 부담↑,2026-05-02 10:24:33,real_assets
원유,‘토큰 경제’ 이젠 기업의 명운 가른다,2026-05-02 10:29:01,real_assets
원유,전기차 전성시대 관전 포인트 5,2026-05-02 10:30:30,real_assets
원유,에너지 자립에 진심인 ‘중국의 선택’ [생생中國],2026-05-02 10:35:12,real_assets
원유,"“일평균 정유량 17년만에 최저”…우크라, 러시아 석유시설 21회 이상 타격",2026-05-02 16:55:14,real_assets
원유,"“말차, 디저트 넘어 RTD·술까지”…2030년까지 간다",2026-05-02 19:16:50,real_assets
원유,"“우리는 해적과 같다”…트럼프, 이란 봉쇄 자랑에 지지자들 환호",2026-05-02 19:36:28,real_assets
원유,"“이란석유 수입 중국 기업 제재”…미국, 정상회담 앞두고 압박",2026-05-02 21:19:18,real_assets
원유,"“미국 제재 따르지마”…중국, ‘이란 원유 구매’ 자국 정유사 보호령",2026-05-02 22:34:51,real_assets
원유,한국 유조선 또 홍해 통과…두번째 ‘우회수송’ 200만배럴 싣고 온다,2026-05-03 11:09:30,real_assets
원유,5조원 깜짝 실적 그래서 주가는?...유가 급등에 정제마진 급증,2026-05-03 14:46:53,real_assets
원유,연휴 고속도로에 '명절 수준' 정체…최고가격제의 역설 [사설],2026-05-03 16:59:15,real_assets
원유,"美 ""이란에 호르무즈 통행료 내면 제재 당할 것""",2026-05-03 17:53:07,real_assets
원유,"美 ""이란석유 수입한 中업체 제재""… 中 ""부당한 제재 안 따를 것""",2026-05-03 17:53:08,real_assets
원유,"[속보] 러·사우디 등 OPEC+ 7개국, 6월부터 감산 완화키로",2026-05-03 19:50:17,real_assets
원유,[속보] OPEC+ 7개국 “6월부터 일일 18.8만 배럴 증산 결정”,2026-05-03 20:44:25,real_assets
원유,"'UAE 탈퇴 충격' OPEC+ 7개국, 6월부터 증산",2026-05-03 22:53:13,real_assets
원유,“결국 정답은 중동이지만”…호르무즈 막히자 유조선들 몰려든 곳,2026-05-04 07:36:12,real_assets
원유,“너만 살겠다는 거냐?”…‘샤힌 프로젝트’에 발목 잡힌 석화 재편,2026-05-04 11:12:34,real_assets
원유,중동전쟁에 발등 찍힌 ‘달러 패권’…지난달 위안화 결제액 사상 최고치,2026-05-04 13:41:14,real_assets
원유,"한화오션, 5070억 규모 VLAC 3척 공급…HD현대도 VLGC 3척 수주",2026-05-04 15:09:18,real_assets
원유,中위안화 폭풍성장,2026-05-04 17:37:50,real_assets
원유,"美 ""이란 원유저장 포화 내주 유정 폐쇄 가능성""",2026-05-04 17:37:51,real_assets
원유,"프로페트로 홀딩, 5억 달러 전환사채 발행..주식 희석 방어 및 설비 투자",2026-05-04 20:35:55,real_assets
원유,"헤스 미드스트림 파트너스, 1분기 순이익 1억5770만 달러..주당 0.68달러",2026-05-04 21:02:35,real_assets
원유,"델렉 로지스틱 파트너스, 2028년 만기 7.125% 선순위 채권 현금 매입 입찰 개시",2026-05-04 21:48:38,real_assets
원유,"임페리얼 오일, 2025년 순이익 33억 달러·영업현금 67억 달러 기록",2026-05-05 03:10:17,real_assets
원유,"바이퍼 에너지 파트너스, 1분기 순이익 9700만 달러..영업이익 108% 급증",2026-05-05 05:06:59,real_assets
원유,"비테스 에너지, 1분기 매출 6741만 달러..전년비 2% 증가",2026-05-05 05:12:42,real_assets
원유,"다이아몬드백 에너지, 1분기 매출 42억4000만 달러..원유생산 9.5%↑",2026-05-05 05:12:52,real_assets
원유,"하이드마 마리타임 홀딩스, 2025 회계연도 연례보고서 제출",2026-05-05 05:15:23,real_assets
원유,"크레센트 에너지, 1분기 매출 11.8억 달러·24% 증가",2026-05-05 05:26:36,real_assets
원유,"TXO 에너지 파트너, 1분기 배당 0.36달러 선언..5월 22일 지급",2026-05-05 05:40:41,real_assets
원유,"옥시덴탈페트롤리엄, 빅키 홀럽 CEO 퇴임·리처드 잭슨 COO 승진",2026-05-05 06:22:56,real_assets
원유,이란 UAE 공격 재개·미 ‘자유 프로젝트’ 착수…중동 긴장 재고조에 국제유가 급등,2026-05-05 09:22:17,real_assets
원유,"“이란 에너지 90% 구매, 사실상 테러 지원”…미국, 정상회담 앞두고 중국 압박",2026-05-05 12:33:41,real_assets
원유,“중동전 장기화시 韓성장률 0.9%p 뚝”…반도체 산업이 충격 막아준다,2026-05-05 12:48:01,real_assets
원유,"“중동전쟁, 한국 성장률 0.9%p 하락 압력…고유가 타격 커”",2026-05-05 13:52:02,real_assets
원유,호르무즈 해협 정상화 시점 언제?…예측 사이트 칼시 전망 보니,2026-05-05 15:44:12,real_assets
원유,오일쇼크보다 심각한 호르무즈쇼크…전방위 충격 대비를 [사설],2026-05-05 16:50:50,real_assets
원유,"""유가, 전쟁 이전으로 돌아가기 어렵다""",2026-05-05 17:08:54,real_assets
원유,[손현덕칼럼] 호르무즈 선박 구하기,2026-05-05 17:26:31,real_assets
원유,국제유가 5.8% 뛰고 뉴욕증시 하락,2026-05-05 17:56:14,real_assets
원유,"""중국의 이란 석유구매는 테러지원""",2026-05-05 17:59:31,real_assets
원유,"임페리얼 오일, 주총서 이사 7명 전원 선임··92.65% 참여율 기록",2026-05-05 19:01:45,real_assets
원유,"델렉 로지스틱 파트너스 LP, 8억 달러 규모 6.875% 채권 발행으로 고금리 부채 리파이낸싱",2026-05-05 19:07:46,real_assets
원유,"블랙 스톤 미네랄스, 1분기 매출 1억1750만 달러..전년비 9%↑",2026-05-05 19:09:17,real_assets
원유,"에코비스트, 1분기 매출 2.2억 달러..전년비 50% 급증",2026-05-05 19:09:27,real_assets
원유,"마라톤 페트롤리엄, 1분기 순이익 5억1100만 달러..흑자 전환",2026-05-05 19:50:55,real_assets
원유,"MPLX, 1분기 순이익 9억1200만 달러..전년비 19% 감소",2026-05-05 19:50:55,real_assets
원유,"USA 컴프레션 파트너, 1분기 매출액 3억3천만 달러..전년비 35% 증가",2026-05-05 20:07:12,real_assets
원유,"스노코, 1분기 조정 EBITDA 8억6700만 달러..전년비 89%↑",2026-05-05 20:16:54,real_assets
원유,"에너지 트랜스퍼, 1분기 조정 EBITDA 49억 달러..전년비 20%↑",2026-05-05 20:39:07,real_assets
원유,"“기름값, 이제 전쟁 이전으론 못 돌아가”...전 IMF 부국장의 경고",2026-05-05 21:58:30,real_assets
원유,"솔라리스 오일필드 인프라스트럭처, Power Solutions 부문 EBITDA 비중 76% 차지",2026-05-05 22:11:15,real_assets
원유,"""시진핑에 지미 라이 문제 꺼낼 것""",2026-05-05 23:16:16,real_assets
원유,"걸프포트 에너지, 1분기 순이익 1억6580만 달러·조정 EBITDA 2억6420만 달러 기록",2026-05-06 05:15:57,real_assets
원유,"EOG 리소스, 1분기 매출 69억달러·EPS 3.70달러 기록",2026-05-06 05:20:49,real_assets
원유,"옥시덴탈페트롤리엄, 1분기 순이익 32억 달러..전년비 급증",2026-05-06 05:32:54,real_assets
원유,"캘리포니아 리소시즈, 1분기 조정 EBITDAX 3억 달러..연간 가이던스 42% 상향",2026-05-06 05:37:16,real_assets
원유,"컴스톡 리소스, 1분기 조정 EPS 0.15달러..매출 3.4억 달러",2026-05-06 05:39:48,real_assets
원유,"프라이모리스 서비스, 1분기 매출 15억6000만 달러..전년比 5.4%↓",2026-05-06 05:51:59,real_assets
원유,"데본에너지, 1분기 원유 38만7000배럴 생산..가이던스 상단 달성",2026-05-06 06:00:04,real_assets
원유,"DHT 홀딩스, 1분기 순이익 1억6452만 달러..전년비 273% 급증",2026-05-06 06:02:55,real_assets
원유,"코드 에너지, 1분기 매출액 16억5600만 달러..전년비 51% 증가",2026-05-06 06:03:35,real_assets
원유,"미스트라스 그룹, 1분기 매출 1억6900만 달러·흑자전환",2026-05-06 06:19:09,real_assets
원유,"선코에너지, 분기 배당 주당 0.60달러 지급",2026-05-06 06:21:49,real_assets
원유,"비바코, 7200만 달러 규모 12개월 원유거래 계약 체결",2026-05-06 06:25:30,real_assets
원유,“미국 이란 휴전 여전히 유효하다”…이 한마디에 국제유가 4% 급락,2026-05-06 07:27:59,real_assets
원유,“배럴당 6000원 내린다”…아시아 판매 원유 인하하겠다는 사우디,2026-05-06 08:46:03,real_assets
원유,유가 하락·실적 호조에 S&P500·나스닥 ‘사상 최고치’[뉴욕증시],2026-05-06 08:56:53,real_assets
원유,"“AI가 업무 방식 바꿨다”…실적발표 앞둔 코인베이스, 직원 14% 감원",2026-05-06 08:58:43,real_assets
원유,호르무즈 선박 구하기 [손현덕칼럼],2026-05-06 09:58:30,real_assets
원유,"세 번째 한국 유조선 홍해 무사 통과…해수부, 24시간 감시망 가동",2026-05-06 11:26:11,real_assets
원유,"조선·방산·원전 … 韓, 반도체 이을 '성장 엔진' 키우려면 [Science in Biz]",2026-05-06 16:08:27,real_assets
원유,전쟁이 만드는 시장에 올라타려면,2026-05-06 16:15:27,real_assets
원유,"글로벌 원유재고 바닥에 물가급등, 진짜 전시경제는 이제부터 [사설]",2026-05-06 17:46:13,real_assets
원유,"정유사 ""팔수록 손해…최고가격제 손실 4조""",2026-05-06 17:59:57,real_assets
원유,"선코에너지, 1분기 조정영업이익 23억 달러..전년비 41% 급증",2026-05-06 19:03:51,real_assets
원유,"선코에너지, 1분기 조정 영업이익 23억 달러..전년비 41% 증가",2026-05-06 19:04:42,real_assets
원유,"선코에너지, 연례 주주총회서 10명 이사진 선임·임원 보수안 가결",2026-05-06 19:06:22,real_assets
원유,"탈로스 에너지, 1분기 생산량 8만8800배럴..가이던스 상단 달성",2026-05-06 19:07:12,real_assets
원유,"다이아몬드백에너지, 조정 EBITDA 감소와 2027년 실적 둔화 전망에 투자자 우려 확산",2026-05-06 20:12:35,real_assets
원유,"버밀리언 에너지, 1분기 FFO 2억3227만 달러·생산량 22% 급증",2026-05-06 20:50:00,real_assets
원유,"클린 하버스, 1분기 매출 15억 달러·순이익 8% 증가",2026-05-06 21:21:59,real_assets
원유,"토털에너지스, 2025년 순이익 156억 달러..주당배당 5.6% 증가",2026-05-06 21:47:54,real_assets
원유,이란 핵농축 중단·美 제재 해제…14개 항목 MOU 체결 '근접',2026-05-06 22:42:17,real_assets
원유,"세노버스 에너지, 1분기 조정 자금흐름 34억 달러·배당 10% 인상",2026-05-07 00:18:56,real_assets
원유,"페르미안 베이슨 로열티 트러스트, 신탁규정 변경 심리 5월 8일 진행",2026-05-07 03:55:52,real_assets
원유,"매그놀리아 오일 & 가스, 1분기 순이익 1억840만 달러..자유현금흐름 1억4560만 달러",2026-05-07 05:06:15,real_assets
원유,"라일리 익스플로레이션 퍼미안, 1분기 생산량 46% 급증·자유현금 2400만 달러",2026-05-07 05:17:39,real_assets
원유,"SM 에너지, 1분기 매출 15억 달러·전년비 76% 급증",2026-05-07 05:39:47,real_assets
원유,"웨스턴 가스 파트너스, 1분기 조정 EBITDA 6.8억 달러로 사상 최대 기록",2026-05-07 05:43:38,real_assets
원유,"HMH 홀딩, 1분기 매출 1억7천만 달러..전년비 14% 감소",2026-05-07 05:57:51,real_assets
원유,"팜파 에너지아, 1Q26 매출 5.7억 달러..전년비 38% 급증",2026-05-07 05:59:51,real_assets
원유,"“팔 수록 손해보고 있습니다”…정유업계, 최고가격제 여파에 손실 4조",2026-05-07 06:01:43,real_assets
원유,"하이피크 에너지, 1분기 매출 2억1588만 달러..전년비 20.7% 감소",2026-05-07 06:02:02,real_assets
원유,"텍사스 퍼시픽 랜드 트러스트, 1분기 순이익 1억4290만 달러..EPS 2.07달러",2026-05-07 06:04:43,real_assets
원유,"마타도르 리소시즈, 1분기 조정순이익 76% 급증·연간 원유생산 가이던스 상향",2026-05-07 06:06:04,real_assets
원유,"페르미안 리소시즈, 1Q26 조정 EPS 0.39달러·원유 생산 2% 증가",2026-05-07 06:11:25,real_assets
원유,"하이피크에너지, 1분기 매출 급감에 적자 전환까지… 투자자 실망 매물 쏟아져",2026-05-07 06:13:26,real_assets
원유,"헬머리치 & 페인, 2분기 매출 9억3200만 달러..유티카 매각 1억 달러 수익",2026-05-07 06:24:11,real_assets
원유,"도체스터 미네랄스, 1분기 순이익 65% 급증·배당금 0.48달러 지급",2026-05-07 06:28:42,real_assets
원유,"다이버시파이드 에너지, 1분기 매출 5억5600만 달러·전년비 69% 급증",2026-05-07 06:33:34,real_assets
원유,"팜파 에너지아, 1분기 매출 38% 증가·5억7300만 달러",2026-05-07 06:44:27,real_assets
원유,"아파치, 1분기 조정 EPS 1.38달러..전년비 43% 증가",2026-05-07 06:44:37,real_assets
원유,"“시장선 이미 전쟁 끝, 랠리 스타트”…글로벌 주식·채권 강세, 유가 100달러 아래로",2026-05-07 09:03:01,real_assets
원유,미-이란 종전 합의 임박에 뉴욕증시 또 ‘최고치’[뉴욕증시],2026-05-07 09:23:56,real_assets
원유,원화값 상승세에 1440원대 개장…“증시 활황에 당분간 강세 보일 것”,2026-05-07 09:27:42,real_assets
원유,"“코인으로 통행료 받겠다는 이란…한국 수출기업, 중대 제재 리스크 살펴야”",2026-05-07 14:38:55,real_assets
원유,"與 을지로위, 아스콘·페인트 제조 4사·인쇄업계 사회적대화 상생협약",2026-05-07 15:38:22,real_assets
원유,"[단독] “UAE 근처에 머물지 말라”… 정부, 국내 선박 ‘대피령’",2026-05-07 15:38:35,real_assets
원유,[필동정담] 나초 트럼프,2026-05-07 17:22:15,real_assets
원유,"정부 ""韓선박, UAE 해역서 대피하라""",2026-05-07 17:59:11,real_assets
원유,"이란 핵농축 중단기간 10년으로 근접 … 트럼프 ""일주일내 타결""",2026-05-07 17:59:12,real_assets
원유,美 석유수출 초대박 … 트럼프엔 '독' 될수도,2026-05-07 18:00:12,real_assets
원유,"다음주 트럼프 방중 의식했나 … 中, 美제재 자국기업에 '철퇴'",2026-05-07 18:00:13,real_assets
원유,"""물가안정 최우선…원자재도 관리를""",2026-05-07 18:04:21,real_assets
원유,"""이란, 핵무기 포기 동의해"" 트럼프, 방중 前 종전 시사",2026-05-07 18:11:05,real_assets
원유,휘발유 ℓ당 1934원…최고가격 3연속 동결,2026-05-07 19:00:00,real_assets
원유,"키네틱 홀딩스, 1분기 조정 EBITDA 2억5120만 달러..분기 최고 기록",2026-05-07 19:05:16,real_assets
원유,"세노버스 에너지, 주총서 PwC 감사 재선임·이사진 14명 선임 완료",2026-05-07 19:06:47,real_assets
원유,"골드필드, 1분기 금 생산량 15% 증가..633천온스 기록",2026-05-07 19:18:53,real_assets
원유,"쉘, 1분기 매출 504억 달러··전년비 38% 증가",2026-05-07 19:25:06,real_assets
원유,"아카시아 리서치, 1분기 매출 5420만 달러..전분기비 8% 증가",2026-05-07 20:38:44,real_assets
원유,"인터내셔널 시웨이스, 1분기 순이익 2억8600만 달러..전년비 477% 급증",2026-05-07 20:59:29,real_assets
원유,"제네시스 에너지, 1분기 조정 EBITDA 1억4090만 달러..전년비 7% 증가",2026-05-07 21:52:01,real_assets
원유,"페르미안 리소시즈, 조정 EPS 전년 대비 9% 감소…천연가스 가격 약세 우려 부각",2026-05-07 23:07:24,real_assets
원유,"마타도르리소시즈, 매출 감소·EPS 하락 우려에 투자심리 위축",2026-05-07 23:08:24,real_assets
원유,"옵시디안 에너지, 1분기 자금흐름 6,100만 달러..전년비 39%↓",2026-05-08 02:12:17,real_assets
원유,“나눠 담은 계란 다 같이 깨졌다”…호르무즈가 무너뜨린 투자 공식,2026-05-08 04:00:00,real_assets
원유,"팜파 에너지아, 1분기 조정 EBITDA 3억2600만 달러..전년비 45% 급증",2026-05-08 04:44:01,real_assets
원유,"그래나이트 릿지 리소시스, 1Q 매출 1억2830만 달러..순손실 4700만 달러",2026-05-08 05:34:57,real_assets
원유,"마크 내추럴 리소시스, 1분기 조정 EBITDA 1억9460만 달러..전년비 22%↑",2026-05-08 05:41:11,real_assets
원유,"데본에너지, 코테라와 합병 완료..연 10억달러 시너지 목표",2026-05-08 05:49:15,real_assets
원유,美 석유 수출 대박에 기업들 웃지만…트럼프는 흉흉해진 민심 걱정,2026-05-08 06:05:02,real_assets
원유,"사우스 보우, 1분기 매출 4억9100만 달러..전년비 1% 감소",2026-05-08 06:11:38,real_assets
원유,"캐내디언 내추럴 리소시즈, 1분기 조정순이익 24억 달러·총생산량 4% 증가",2026-05-08 06:35:26,real_assets
원유,"캐내디언 내추럴 리소시즈, 분기 배당 주당 0.625 CAD..26년 연속 증배",2026-05-08 06:36:46,real_assets
원유,"유로나브, 5월 19일 2026년 1분기 실적 발표 예정",2026-05-08 06:49:10,real_assets
원유,"지오스페이스 테크놀러지스, 2분기 매출 9.6% 증가에도 순손실 1110만 달러 기록",2026-05-08 06:49:30,real_assets
원유,"사우스 보우, 주총서 이사 11명·감사위원 선임 완료",2026-05-08 06:49:40,real_assets
원유,"W&T 오프쇼어, 1분기 매출 1억5000만 달러..전분기비 23% 증가",2026-05-08 06:51:20,real_assets
원유,중동 협상 난항에 일제 하락…다우 0.6%↓[뉴욕증시],2026-05-08 09:05:42,real_assets
원유,“휴전 협상한다더니”…‘호르무즈 교전’에 국제유가 상승세 반전,2026-05-08 09:40:14,real_assets
원유,"“호르무즈 봉쇄 후 우회”…한국 유조선, 네번째 홍해 안전 통과",2026-05-08 14:15:51,real_assets
원유,원유 재고 ‘뚝뚝’...“수요 파괴 온다” 월가의 경고,2026-05-08 16:23:59,real_assets
원유,"""삼전닉스 PER 역사적 저평가 …성급히 매도하지 마세요""",2026-05-08 17:42:24,real_assets
원유,"美·이란, 협상 막판 힘겨루기…케슘섬·테헤란 등서 교전",2026-05-08 17:51:09,real_assets
원유,HD한국조선해양 또 일냈다 친환경선박 2조원규모 수주,2026-05-08 17:54:14,real_assets
원유,"베이텍스 에너지, 연례 주주총회서 전 의안 승인..이사진 재선임",2026-05-08 19:09:00,real_assets
원유,"그린파이어 리소시스, 2억7500만 캐나다달러 신용시설 재작성 완료",2026-05-08 19:11:01,real_assets
원유,이란 의회 외교위원장 “한국 호르무즈 군사작전 불참 현명한 결정”,2026-05-08 19:49:11,real_assets
원유,이란 매체 “원유 수출 방해하는 유조선 나포”,2026-05-08 20:03:36,real_assets
원유,“삼성전자 PER 역사적 최저 수준…지금 매도하는 건 실수”,2026-05-08 21:33:21,real_assets
원유,"플레인즈 올 아메리칸 파이프라인, 1분기 조정 EBITDA 7억3000만 달러..연간 가이던스 상향",2026-05-08 21:50:17,real_assets
원유,"플레인스 그룹 홀딩스, 1분기 조정 EBITDA 7억3000만 달러·연간 가이던스 상향",2026-05-08 21:51:07,real_assets
원유,방산·정유주만 사면 끝?…포성 뒤에 숨어있는 부의 질서,2026-05-09 04:00:00,real_assets
원유,"팜파 에너지아, 1분기 매출 8.8억 페소..전년비 84% 급증",2026-05-09 05:16:56,real_assets
원유,"오케아니스 에코 탱커스, 1분기 실적 5월 13일 발표 예정",2026-05-09 05:26:57,real_assets
원유,“주유소 가기 무섭네”…기름값 6주 연속 상승,2026-05-09 06:35:16,real_assets
원유,"매경이 전하는 세상의 지식 (매-세-지, 5월 9일)",2026-05-09 07:00:00,real_assets
원유,호르무즈 봉쇄에 160조원 증발…두바이가 중동 평화에 목메는 이유는,2026-05-09 09:59:55,real_assets
원유,“위성 사진에 다 찍혔다”…이란 하르그섬에 포착된 검은 액체의 정체,2026-05-09 11:20:59,real_assets
원유,머니쇼에 몰린 인파 … 삼성전자 시총 1조달러 원동력 [사설],2026-05-10 16:41:17,real_assets
원유,[매경시평] 호르무즈는 어디에나 있다,2026-05-10 17:36:40,real_assets
원유,달라진 韓 에너지 지도 …석유·LNG 중동 의존 줄어,2026-05-10 17:46:55,real_assets
원유,이란 협상 다급한 美…중재역에 느긋한 中,2026-05-10 17:58:46,real_assets
원유,“전쟁 끝나면 해결된다더니”…5월 14일 이후 환율이 더 위험한 이유,2026-05-11 04:00:00,real_assets
원유,코로나와 AI가 촉발한 新제국주의…첨단 하드웨어·전력인프라가 답이다,2026-05-11 04:00:00,real_assets
원유,이란전쟁으로 천연고무가 9년만에 가장 비싸진 까닭은,2026-05-11 14:20:57,real_assets
원유,[기자24시] 물가안정에 발목잡힌 정유업계,2026-05-11 17:26:24,real_assets
원유,"종전협상 파행에 유가 들썩 … 美 ""유류세 일시중단 검토""",2026-05-11 17:47:41,real_assets
원유,"에쓰오일, 유가 급등에 1분기 흑자전환",2026-05-11 17:56:23,real_assets
원유,"이란, 고농축 우라늄 美반출 거부 ""일부 희석하고 나머진 3국 이전을""",2026-05-11 17:57:40,real_assets
원유,“북한에 원유 90만배럴 반출”…전한길 등 가짜뉴스 유포자 10명 입건,2026-05-11 18:01:59,real_assets
원유,스마트·속도·소통 … 까다롭지만 '똑부' 비서실장,2026-05-11 18:02:10,real_assets
원유,"캐내디언 내추럴 리소시즈, 주총서 이사진 재선임·감사인 승인 완료",2026-05-11 19:02:10,real_assets
원유,"펨비나 파이프라인, 2026년 주총서 이사 10명 전원 선임",2026-05-11 19:05:20,real_assets
원유,"콜리브리 글로벌 에너지, 회전신용한도 7500만 달러로 확대",2026-05-11 19:47:25,real_assets
원유,전쟁 중인데 연일 불장…큰손들이 시장 끌어올리는 이유,2026-05-12 04:00:00,real_assets
원유,"라마코 리소시즈, 1분기 EPS -0.30달러 적자·매출 1억2천만 달러",2026-05-12 05:12:14,real_assets
원유,"엠플리파이 에너지, 1Q26 매출 3750만 달러·EPS 0.93달러 적자",2026-05-12 05:12:44,real_assets
원유,"파워 솔루션스 인터내셔널, 1분기 매출 1억2860만 달러..전년비 5% 감소",2026-05-12 05:20:27,real_assets
원유,"서밋 미드스트림, 1분기 조정 EBITDA 5420만 달러..우선주 배당 완납",2026-05-12 05:27:39,real_assets
원유,전쟁피로 속 美증시 질주...S&P·나스닥 최고치[월가월부],2026-05-12 05:36:43,real_assets
원유,"에코페트롤, 주총 승인 정관 개정안 상업회의소 정식 등록 완료",2026-05-12 05:51:54,real_assets
원유,"오빈티브, 1분기 영업현금흐름 11억 달러·생산 68만배럴 달성",2026-05-12 06:06:05,real_assets
원유,"“에스오일, 유가 안정화 이후 본격 반등 전망”",2026-05-12 08:08:52,real_assets
원유,“위치추적 장치 끄고 비밀스럽게”…호르무즈 해협 통과한 유조선들 정체는,2026-05-12 08:51:24,real_assets
원유,중동 긴장에도 이어간 반도체 랠리…나스닥 종전 최고치 [뉴욕증시],2026-05-12 09:03:27,real_assets
원유,“물가안정 중요하지만 손실은 어쩌나”…‘최고가격제’ 발목잡힌 정유업계 [기자24시],2026-05-12 11:36:23,real_assets
원유,S-Oil `석유 최고가격제에 따른 실적 변동성 확대 예상` 증권사 발표에 강세…3.79%,2026-05-12 14:02:48,real_assets
원유,“국정 관련 가짜뉴스는 장난 아닌 형사처벌되는 범죄” 이 대통령 경고,2026-05-12 16:35:50,real_assets
원유,[김선걸칼럼 ] 새로운 한국인들의 시대,2026-05-12 17:33:54,real_assets
원유,"머피 USA, 5억 달러 규모 2034년 만기 선순위 담보부 채권 발행",2026-05-12 22:06:53,real_assets
원유,관세·코인·에너지…트럼프가 쏜 ‘3개의 화살’,2026-05-13 04:00:00,real_assets
원유,"CVR 에너지, 1분기 조정 EBITDA 4억700만 달러로 흑자 전환",2026-05-13 05:30:36,real_assets
원유,"캐내디언 내추럴 리소시즈, 분기 배당 0.625캐나다달러 확정..26년 연속 성장",2026-05-13 05:39:09,real_assets
원유,"이볼루션 페트롤리엄, 3분기 매출 2017만 달러·순손실 893만 달러 적자전환",2026-05-13 06:10:57,real_assets
원유,"플레인즈 올 아메리칸 파이프라인, 캐나다 NGL 사업 33억 달러 매각 완료",2026-05-13 06:21:58,real_assets
원유,"플레인스 그룹 홀딩스, 캐나다 NGL 사업부 33억 달러 매각..원유 중심 사업 전환",2026-05-13 06:23:48,real_assets
원유,"김동선이 직접 맛보며 피드백…‘프리미엄 아이스크림’ 벤슨, 내년까지 100호점 낸다 [현장]",2026-05-13 07:46:13,real_assets
원유,또다시 1490원대…지지부진 휴전 협상에 원화값 하락 지속,2026-05-13 09:55:56,real_assets
원유,“돈 안받고 호르무즈 통과시켰다”…이란과 협정 맺으려는 나라 줄섰다는데,2026-05-13 11:10:54,real_assets
원유,상승세 美 CPI에 비트코인 8만弗선 후퇴 [매일코인],2026-05-13 11:49:32,real_assets
원유,"S-Oil, `1Q26 Review: 지정학 Risk가 기회로` 증권사 발표에 강세",2026-05-13 14:22:02,real_assets
원유,"AI GPU도 선물거래 대상으로…CME, 첫 ‘컴퓨팅 선물’ 출시",2026-05-13 14:44:45,real_assets
원유,"""전쟁 장기화에 원유 동맥경화 … 글로벌 대체에너지 투자 크게 늘것""",2026-05-13 17:43:29,real_assets
원유,'재고착시'로 정유 깜짝 실적 하반기엔 수익악화 우려 커,2026-05-13 17:57:54,real_assets
원유,K조선 수주 랠리 '순항' 연간목표 이미 절반 달성,2026-05-13 18:07:01,real_assets
원유,"에코페트롤, 1분기 EBITDA 마진 47%..역대급 수익성 달성",2026-05-13 19:03:14,real_assets
원유,"에코페트롤, 비독립이사 후안 곤살로 카스타뇨 발데라마 사임",2026-05-13 19:05:04,real_assets
원유,"팜파 에너지아, 1분기 매출 62% 증가한 6억3300만 달러..흑자전환",2026-05-13 21:06:50,real_assets
원유,"63억 적자→5조 흑자라고?…정유사 미친 실적, 실은 신기루라는데",2026-05-13 21:25:02,real_assets
원유,"오케아니스 에코 탱커스, 1분기 배당금 주당 2달러 지급",2026-05-14 05:29:47,real_assets
원유,"배탤리언 오일, 1분기 EPS -3.72달러 적자..순부채 40% 감축",2026-05-14 05:46:00,real_assets
원유,"플레인즈 올 아메리칸 파이프라인, Cynthia Taylor 독립이사 선임",2026-05-14 06:03:44,real_assets
원유,"플레인스 그룹 홀딩스, 30년 경력 에너지 전문가 테일러 독립이사 선임",2026-05-14 06:04:54,real_assets
원유,인플레 우려에도 반도체 섹터 떴다…뉴욕증시 S&P500·나스닥 또 사상 최고치 [월가월부],2026-05-14 06:44:39,real_assets
원유,"중동발 정세 불안에 한국공항공사, 전국 공항 주요 건설 현장 특별점검",2026-05-14 11:03:26,real_assets
원유,"삼성重·HD한국조선해양, LNG운반선 2척씩 나란히 수주",2026-05-14 16:09:36,real_assets
원유,[매일경제TV] 이란 전쟁과 한국의 에너지·물류 생존 전략,2026-05-14 17:25:20,real_assets
원유,"백악관 “미중 정상, ‘이란 핵무기 불허’ 동의…호르무즈 통행료 반대”",2026-05-14 17:41:24,real_assets
원유,"콜리브리 글로벌 에너지, 1분기 매출 1억9600만 달러..전년비 19.5% 증가",2026-05-14 19:51:58,real_assets
원유,"美·中 ""호르무즈 개방·이란 핵 불허 합의""",2026-05-14 19:55:24,real_assets
원유,"트럼프-시진핑, 9년만에 만나 글로벌 현안 한목소리 냈지만 ‘대타협’ 없어",2026-05-14 21:37:35,real_assets
원유,"프레리 오퍼레이팅, 1분기 매출 8340만 달러..전분기比 500% 급증",2026-05-15 05:22:03,real_assets
원유,"미중 긴장 완화, AI랠리에 美증시 일제히 상승[월가월부]",2026-05-15 05:42:31,real_assets
원유,"비바코, 1,200만 달러 전환사채 발행 완료..RPC 시운전 가속화",2026-05-15 06:13:05,real_assets
원유,‘도파민 증시’ 뒤 숨겨진 그림자,2026-05-15 10:54:09,real_assets
원유,美·이란 전쟁에 늘어난 석탄 수요…벌크 운임 급등에 달리는 팬오션,2026-05-15 11:25:50,real_assets
원유,"“호르무즈 통행료는 국제법 위반”… 황종우 해수부 장관, 자유 항행 원칙 강조",2026-05-15 15:44:44,real_assets
원유,“휴~ 우윳값 안 오르겠네”…올해 원유 가격 동결에 장바구니 한숨 돌렸다,2026-05-15 16:49:02,real_assets
원유,日 유조선 2척 호르무즈 무사통과…한국은 특사까지 보냈는데 [사설],2026-05-15 17:08:20,real_assets
원유,전쟁發 벌크 운임 급등에 팬오션 주가 올해 56% 쑥,2026-05-15 17:50:40,real_assets
원유,"시진핑 ""대만 공격시 美가 방어할거냐""… 트럼프는 답 안했다",2026-05-15 17:51:02,real_assets
원유,같은 듯 다른 美·中 발표 희토류·핵감축은 빠졌다,2026-05-15 17:51:02,real_assets
원유,삼전닉스 팔아 ‘조선업 엔비디아’ 산다 … 파업조차 기회라는데,2026-05-16 04:00:00,real_assets
원유,"탑 쉽스, 1천만 달러 공모 철회..시장상황 고려 중단",2026-05-16 05:42:48,real_assets
원유,"트럼프 “시진핑 독재자건 아니건 존경…중국, 보잉 추가 750대 구매 약속”",2026-05-16 06:16:50,real_assets
원유,"시진핑의 3년, 트럼프의 6개월 …투자자는 시간을 벌었다",2026-05-16 11:53:34,real_assets
원유,[매경시평] 세차례 오일쇼크…에너지 전략 바꿀때,2026-05-17 17:18:53,real_assets
원유,AI 열풍 탄 HD현대重도 '노조 리스크'… 파고 넘어 순항할까,2026-05-17 17:28:24,real_assets
원유,중동전쟁發 금리상승 악재 … 주식시장이 견뎌내는 이유,2026-05-17 17:28:26,real_assets
원유,韓 국고채 금리 껑충…영끌족 부담 커질듯,2026-05-17 17:44:50,real_assets
원유,"트럼프, 호르무즈 정책도 뒤집나…""이란 거래 中기업 제재 완화 검토""",2026-05-17 17:48:55,real_assets
원유,미중 ‘이란-대만’ 빅딜 가능성 ... 한국 증시 수혜 종목은?,2026-05-18 04:00:00,real_assets
원유,“이제 유가 말고 정제마진 보세요” … 월가가 정유주 베팅하는 이유,2026-05-18 04:00:00,real_assets
원유,“영업익 30% 달라” K조선 번진 성과급 요구…오히려 좋다는 월가,2026-05-18 06:12:47,real_assets
원유,"“호재 뿐인데 주가 하락, 오래 안 간다”...반등은 수순이라는 조선업 [오늘 나온 보고서]",2026-05-18 09:03:30,real_assets
원유,"코스피 1만 시대 열린다…하나증권, “이익 선반영 시 지수 상단 1만380” [오늘 나온 보고서]",2026-05-18 09:05:51,real_assets
원유,"""LNG선 등 3척 추가요""… 삼성重 1.1조 규모 수주",2026-05-18 17:56:31,real_assets
원유,"트럼프 ""이란, 아무것도 남지 않게 될 것""",2026-05-18 17:57:24,real_assets
원유,"그린랜드 에너지, 북극 최대 130억 배럴 원유 탐사 시추 3분기 착수",2026-05-18 19:08:21,real_assets
원유,"텍사스 퍼시픽 랜드 트러스트, 물 사업 매출 비중 48%..순이익률 52% 달성",2026-05-18 21:04:00,real_assets
원유,이란 매체 “미국에 새 종전안 전달…원유 제재 완화도 논의”,2026-05-18 22:14:10,real_assets
원유,"마린 페트롤리엄, 2분기 배당 주당 0.096달러..전분기비 5% 감소",2026-05-19 00:57:55,real_assets
원유,"페르미안 베이슨 로열티 트러스트, 단위당 0.020달러 배당 발표..와델 랜치 적자로 감소",2026-05-19 01:00:55,real_assets
원유,美中 ‘관리된 안정’ 시대 돌입 ... “엔비디아 칩 풀리면 SK하이닉스에 호재”,2026-05-19 04:00:00,real_assets
원유,"플렉서블 솔류션즈 인터네셔널, 1분기 매출 830만 달러..전년비 11% 증가",2026-05-19 04:35:19,real_assets
원유,중국 견제?…미국 “에너지 취약국에 해상 러시아산 원유 30일간 거래 허가”,2026-05-19 07:08:03,real_assets
원유,이란 불확실성에 춤춘 뉴욕증시…반도체 약세에 혼조 마감,2026-05-19 09:08:58,real_assets
원유,[임성현 특파원의 월스트리트 인사이트] 세계 각국에 날아든 이란 전쟁 청구서,2026-05-19 09:57:55,real_assets
원유,“외국인 주식 발빼는 이유 이거였나”…미국 10년물 금리 15개월래 최고,2026-05-19 11:27:06,real_assets
원유,"日 언론 “한일 정상회담, 에너지 안보 협력에 중점”",2026-05-19 11:42:53,real_assets
원유,중동 불안에 비트코인 7.7만달러 붕괴 [매일코인],2026-05-19 13:40:24,real_assets
원유,"“그냥 ‘삥뜯기’잖아?”…이란, 호르무즈 통과 선박 대상 비트코인 기반 보험 출시",2026-05-19 14:12:43,real_assets
원유,“예금만으로는 더 이상 힘들다” 고환율·유가 쇼크가 바꾼 부의 포트폴리오,2026-05-19 15:01:45,real_assets
원유,"에너지안보·산업생태계 혁신·인재육성, 공기업 진화…""과거 이미지는 버리세요""",2026-05-19 16:03:19,real_assets
원유,"한국석유공사, 국제공동비축 사업 통해 비중동산 원유 들여왔다",2026-05-19 16:10:41,real_assets
원유,"[속보] 李대통령 “韓日, LNG·원유 협력 강화…비축정보 소통 심화”",2026-05-19 16:59:48,real_assets
원유,중동戰으로 더욱 중요해진 韓·日 에너지 안보협력 [사설],2026-05-19 17:42:47,real_assets
원유,"트럼프 ""이란 공격 보류…核고집땐 전면전""",2026-05-19 17:52:13,real_assets
원유,日 1분기 GDP '깜짝 성장' 내달 기준금리 인상 탄력,2026-05-19 17:52:14,real_assets
원유,트럼프 “내일 이란공격 일단보류…핵무기 계속 고집땐 전면전”,2026-05-19 18:28:41,real_assets
원유,이 대통령 고향 안동에서 진행된 한일정상회담,2026-05-19 19:34:24,real_assets
원유,"킴벨 로열티 파트너스, 텍사스 퍼미안 분지 자산 1억4700만 달러 인수",2026-05-19 21:38:00,real_assets
원유,"李 ""한중일 협력 확대도 중요""… 다카이치 ""핵심광물 공급망 공조""",2026-05-19 22:52:54,real_assets
원유,"韓日정상 ""LNG 이어 원유도 스왑""",2026-05-19 23:02:45,real_assets
원유,고물가 저성장 전쟁 후유증 겪는 일본 … 6월 기준금리 인상할 것,2026-05-20 04:00:00,real_assets
원유,"매경이 전하는 세상의 지식 (매-세-지, 5월 20일)",2026-05-20 07:00:00,real_assets
원유,美국채금리 급등에 뉴욕증시 하락…나스닥 0.8%↓[뉴욕증시],2026-05-20 09:02:37,real_assets
원유,[속보] 조현 “韓 초대형유조선 호르무즈 통과중”…전쟁 발발이후 처음,2026-05-20 14:48:49,real_assets
원유,‘나무호 피격’ 놓고 여야 공방…조현 “이란에 ‘당신들도 좀 찾아보고 협조해달라’ 얘기”,2026-05-20 15:16:48,real_assets
원유,"‘3고’에 외국인 10거래일 연속 ‘팔자’까지…코스피, 7200선 턱걸이 하락 마감",2026-05-20 16:11:06,real_assets
원유,전쟁 터지니 '돈줄' 됐다 … K정유·석화 버릴 수 없는 이유 [Science in Biz],2026-05-20 16:11:33,real_assets
원유,호르무즈에 묶였던 韓유조선 첫 귀국길…200만배럴 싣고 순항 중,2026-05-20 16:15:29,real_assets
원유,"정부, 정유사들에 ""원가자료 내라""",2026-05-20 17:45:09,real_assets
원유,세계 각국 美국채 투매 가속 … 中보유액 2008년 이후 최저,2026-05-20 17:51:34,real_assets
원유,"韓국적선, 원유 200만배럴 싣고 울산行 … 정부 ""남은 25척도 협의중""",2026-05-20 17:51:35,real_assets
원유,"韓국적 유조선 1척, 호르무즈 첫 탈출",2026-05-20 17:55:08,real_assets
원유,"[속보] 외교부 “한국 유조선, 호르무즈 통과…항행 지속”",2026-05-20 19:26:15,real_assets
원유,"하프니아, 5월 27일 1분기 실적 발표..배당률 8.26% 예상",2026-05-20 19:51:53,real_assets
원유,"“호르무즈 해협 대안 내놨다”…튀르키예, 연료 파이프라인 나토에 제안",2026-05-20 21:17:21,real_assets
원유,코인판 뒤흔드는 클래리티법(CLARITY Act)의 모든 것[엠블록레터],2026-05-20 22:35:36,real_assets
원유,종전 기대감에 발작 진정...국채금리 급락에 美증시 반등[월가월부],2026-05-21 05:44:18,real_assets
원유,"매경이 전하는 세상의 지식 (매-세-지, 5월 21일)",2026-05-21 07:00:00,real_assets
원유,"정부, 정유사에 원가자료 요청…석유 최고가격제 손실보전 착수",2026-05-21 08:00:02,real_assets
원유,금리·유가 진정에 뉴욕증시 반등… 다우 5만선 탈환 [뉴욕증시],2026-05-21 09:02:13,real_assets
원유,중동發 ‘나프타 쇼크’… 日 유통매장서 컬러가 사라진다,2026-05-21 10:42:33,real_assets
원유,‘북한에 원유 넘겼다’ 가짜뉴스 퍼뜨린 50대…나라팔아 한단 짓이,2026-05-21 13:06:03,real_assets
원유,[단독] 韓선원수 더 적은데…HMM 선박만 호르무즈 통과 허가받았다,2026-05-21 15:20:48,real_assets
원유,"韓, 캐나다서 60조 잠수함 수주 막판 총력전",2026-05-21 17:54:00,real_assets
원유,"유로나브, 주당 0.64달러 배당 승인··이사회 구성 개편",2026-05-22 05:20:21,real_assets
원유,미·이란 타결 기류에 뉴욕증시 안도…IBM 보조금 호재 [뉴욕증시],2026-05-22 09:00:18,real_assets
원유,“1인당 2개까지 구매 가능”…한국 이어 일본서도 사재기 대란인 ‘이것’,2026-05-22 10:05:33,real_assets
원유,"롯데정밀화학, `원유 가격 변동에서 자유로운 사업 구조` 증권사 발표에 강세",2026-05-22 10:47:58,real_assets
원유,남양유업 사모펀드 인수되더니 잘나가네...1분기 분유 매출 전년비 10% 증가,2026-05-22 11:13:08,real_assets
원유,"“유가, 8월이 고비”…호르무즈 봉쇄 장기화에 ‘오일 쇼크’ 경고음",2026-05-22 16:02:07,real_assets
원유,"에쿠스 토탈 리턴, 1분기 주당 순자산 1.50달러..전분기비 26% 급증",2026-05-22 19:02:03,real_assets
원유,"에쿠스 토탈 리턴, 1분기 주당 순자산 26% 급증…원유 강세가 자산 가치 끌어올려",2026-05-23 03:00:48,real_assets
원유,사우디 왕세자가 골프 버리고 ‘이것’ 산 이유,2026-05-23 05:00:00,real_assets
원유,“역성장 쇼크 한달 만에 반전”…러시아 경제 살린 고유가 [이란전쟁이 살린 러 경제①],2026-05-23 20:33:33,real_assets
원유,중동산 원유 수입 37% 급감…사우디산 줄고 미국산 비중 늘어,2026-05-24 14:06:40,real_assets
원유,“우크라 전쟁에도 서방 제재에도 안무너져”…푸틴 살린 4가지 무기 [이란전쟁이 살린 러 경제②],2026-05-24 14:45:10,real_assets
원유,중동산 원유 수입 37% 급감…사우디 비중 줄고 미국 늘어,2026-05-24 17:31:48,real_assets
원유,핵물질 처리 두고 막판 줄다리기 … 상호 공격은 자제키로,2026-05-24 17:48:44,real_assets
원유,"“이제 공격은 그만합시다”…미·이란 휴전, 핵물질 처리 막판 쟁점",2026-05-24 23:18:56,real_assets
원유,美 국채부터 주식·금·원유까지…실물연계 디지털자산 폭풍 성장,2026.01.01 17:19,real_assets
원유,"美, 中기업·유조선 제재 … 베네수 갈등 G2로 확전",2026.01.01 17:39,real_assets
원유,[칼럼] “내가 틀렸다” 론스타 판정 취소가 남긴 교훈,2026.01.01 17:40,real_assets
원유,[H | High Exchange Rate] ‘1달러=1400원대’…구조개혁 없인 백약 무효,2026.01.02 14:24,real_assets
원유,"옥시덴탈페트롤리엄, OxyChem 97억달러에 버크셔에 매각..부채감축 가속화",2026.01.03 06:19,real_assets
원유,체포된 독재자 마두로는 누구?…“경제 파탄 낸 포퓰리스트”,2026.01.04 15:30,real_assets
원유,"'反美' 눈엣가시 빼낸 트럼프 ""美석유회사 투입해 인프라 재건""",2026.01.04 17:44,real_assets
원유,"매장량 전세계 1위지만 생산량 미미…""베네수 사태, 국제유가 영향 제한적""",2026.01.04 17:44,real_assets
원유,"석유 매장량 1위 베네수엘라, 생산량은 미미…“유가 영향 크지 않을 것”",2026.01.05 05:50,real_assets
원유,"“드디어 반등하나요”...비트코인, 베네수엘라 변수에도 9만달러 회복",2026.01.05 10:23,real_assets
원유,"""원유조달 비용 낮아질수도""… 정유주 강세",2026.01.05 17:59,real_assets
원유,"PBF 에너지, 마르티네즈 공장 재건 2026년 2월까지 연장...보험금 8.9억 달러 수령",2026.01.05 20:02,real_assets
원유,"KNOT 오프쇼어, 정족수 미달로 연례 파트너 총회 연기...2025년 EPS 488% 급증 전망",2026.01.06 00:26,real_assets
원유,"트리오 페트롤리엄, 캐나다 생산자산 인수...일일 47배럴 증대",2026.01.06 06:17,real_assets
원유,"‘美, 마두로 압송’ 반영되며 에너지株 일제히 상승...다우는 사상 최고 [월가월부]",2026.01.06 07:23,real_assets
원유,美 베네수엘라 장악에 에너지주 ‘펄펄’…다우 사상 최고치 [뉴욕증시],2026.01.06 08:56,real_assets
원유,"“아직 영포티인데, 그곳의 털까지 다 빠졌습니다”…뭔짓을 했길래 [히코노미]",2026.01.06 13:00,real_assets
원유,베네수 자원·통신 공들여온 中 … 미국 개입에 투자 물거품 위기,2026.01.06 17:58,real_assets
원유,"선코에너지, 4분기 원유생산 91만배럴 사상 최고치 기록",2026.01.06 20:03,real_assets
원유,"칼루멧 스페셜티, 2025년 순손실 전망·부채 2.2억 달러 감축",2026.01.06 20:05,real_assets
