keyword,title,date,section
환율,"불가리아, 올해부터 유로화 쓴다…친러시아 진영 반대 뚫고 유로존 가입",2026-01-02 11:26:25,real_assets
환율,"“코스피 5000 뒷받침”…이순호 예탁원 사장, 6대 경영과제 제시",2026-01-02 13:32:04,real_assets
환율,금 온스당 5000달러간다?…금값과 달러로 본 2026년 투자 전망은,2026-01-02 13:52:11,real_assets
환율,[H | High Exchange Rate] ‘1달러=1400원대’…구조개혁 없인 백약 무효,2026-01-02 14:24:51,real_assets
환율,이혜훈의 선택…배신이다? 아니다? [신율의 정치 읽기],2026-01-02 14:42:40,real_assets
환율,"이창용 “올해 1.8% 성장, 체감경기와 괴리…IT부문 빼면 1.4% 그쳐”",2026-01-02 14:53:49,real_assets
환율,공급·실적·환율 ‘3박자’…올해 항공주 훈풍부나,2026-01-02 15:18:32,real_assets
환율,이창용 “원화가 휴지조각? 유튜버들 얘기…해외 시각 달라”,2026-01-02 15:31:58,real_assets
환율,"""기술보다 재무가 어렵죠? 스타트업 금융비서 될게요""",2026-01-02 16:49:42,real_assets
환율,"‘13만전자·68만닉스’ 임박…반도체 투톱, ‘붉은 말의 해’ 질주 시동",2026-01-02 17:02:04,real_assets
환율,"2026년 제2의 팔란티어 찾아라…미국 증시 ‘여기’에 주목 [K주식, 이걸 사? 말아?]",2026-01-02 17:30:00,real_assets
환율,또 사상 최고치…증권가선 “더 상승할 것” 올해 증시 판도는,2026-01-02 17:34:40,real_assets
환율,"신동빈 ""유통 혁신으로 위기돌파"" 김승연 ""마스가 책임지고 실행""",2026-01-02 17:37:43,real_assets
환율,"""원화값 약세 기대심리 과도""",2026-01-02 17:46:41,real_assets
환율,[표] 외국환율고시표,2026-01-02 17:46:43,real_assets
환율,코스피 '화끈한 새해' 개장 첫날 4300 돌파,2026-01-02 17:48:23,real_assets
환율,실적 개선에 환율효과까지 … 항공株 이젠 날아오를까,2026-01-02 17:49:37,real_assets
환율,새해 첫 개장에 급등한 코스피,2026-01-02 18:07:47,real_assets
환율,코스피 ‘화끈한 새해’…개장 첫날 4300 돌파 ‘새역사’,2026-01-02 20:38:09,real_assets
환율,"삼성전자 주가 7% 급등한 날…이재용, 삼성 사장단과 ‘전략회의’",2026-01-02 20:51:44,real_assets
환율,“이재용·최태원 회장이 세뱃돈 줬네요”…13만전자·70만닉스 보인다,2026-01-03 06:02:55,real_assets
환율,삼성은 갤럭시 4년 연속 가격 동결하고 애플도 ‘조율 중’…이들의 속사정은,2026-01-03 15:11:07,real_assets
환율,"올 투자는 국장, 그 중에서도 OOO...삼성증권 고액자산가에 물어보니",2026-01-04 14:22:07,real_assets
환율,"대한항공, 여객 수요 탄탄한 북미 노선 지배력 강화",2026-01-04 16:01:05,real_assets
환율,[이번주 증시 예보] 코스피 추가상승의 풍향계 '삼성전자 4분기 실적',2026-01-04 16:52:10,real_assets
환율,[표] 외국환율고시표,2026-01-04 16:57:08,real_assets
환율,"“이젠 부자들도 못 버티겠다”…한 달만에 ‘확’ 뒤집힌 경기전망, 무슨 일",2026-01-04 21:21:05,real_assets
환율,“오천피 풍향계 이번주에 나옵니다”…삼성전자 4분기 실적 ‘오매불망’,2026-01-05 05:51:16,real_assets
환율,[속보] 13만전자·70만닉스 뚫었다…코스피 2% 급등해 4400선 돌파,2026-01-05 09:12:42,real_assets
환율,"현대차, 증권사 목표가 상향에 강세…3.02%",2026-01-05 09:47:48,real_assets
환율,또 사상 최고치 경신한 코스피…장중 4400선 터치,2026-01-05 09:50:42,real_assets
환율,‘코스피 4400’ 이끈 삼성전자·SK하이닉스…초고수들 매도세 집중[주식 초고수는 지금],2026-01-05 10:13:02,real_assets
환율,신학기 Sh수협은행장 “바다는 늘 같은 모습이지만 변화...도약 원년으로”,2026-01-05 10:23:40,real_assets
환율,"[O | On-chain Finance]국내 ICO 허용, 그리고 스테이블코인 패권",2026-01-05 13:42:16,real_assets
환율,"이젠 커피도 아껴 마셔야겠네…새해부터 커피빈, 디카페인·드립커피 가격 인상",2026-01-05 14:17:15,real_assets
환율,[R | Rate Down Shift & Safe Yield] ‘엇갈린 금리 사이클’에 안전마진 재정립,2026-01-05 14:25:59,real_assets
환율,"한은 총재 “올해 부문간 격차 큰 ‘K자형’ 성장 전망, 체감경기와 괴리클 듯”",2026-01-05 14:41:42,real_assets
환율,"이창용 “펀더멘털과 다른 원화 약세, 범정부 협력 없인 한계”",2026-01-05 14:45:59,real_assets
환율,‘코스피 쌍끌이’ 삼성전자는 매수…SK하이닉스는 매도[주식 초고수는 지금],2026-01-05 15:32:51,real_assets
환율,"올해 코스피 上高下低 …""오천피 넘어 5500까지 간다""",2026-01-05 16:17:57,real_assets
환율,올 신용등급 양극화 … 방산·반도체 웃고 석화·건설 우울,2026-01-05 17:30:03,real_assets
환율,[표] 외국환율고시표,2026-01-05 17:34:19,real_assets
환율,"절박한 재계 ""글로벌시장서 실질적 성과내야""",2026-01-05 17:45:18,real_assets
환율,‘국민의 연금’인가 ‘정부의 지갑’인가…정치적 동원 가속화하는 ‘국민연금’,2026-01-05 21:00:00,real_assets
환율,“인기 떨어졌다고? 돈 좀 풀면 그만”…언발에 오줌눴던 부패 독재정권,2026-01-05 22:19:16,real_assets
환율,"마이크로칩 테크놀러지, 3분기 매출 11억8500만 달러..전년비 7% 증가",2026-01-06 06:30:00,real_assets
환율,기업 ‘돈맥경화’로 이어지는 국고채 금리 상승 [스페셜리포트],2026-01-06 07:50:00,real_assets
환율,“치솟는 환율 꼭 잡아야 돼”…7개월만에 감소로 돌아선 외환보유액,2026-01-06 08:37:39,real_assets
환율,“급한 불 끄느라 달러 곳간 헐었다 ”…외환보유액 7개월만에 감소,2026-01-06 08:38:31,real_assets
환율,9년전 ‘새로운 평범’ 경고한 이창용…지금 그의 눈엔 어떤 공포가 보이나 [논설실 Pick],2026-01-06 09:07:52,real_assets
환율,"“팀원에 ‘아아’ 쐈더니 10만원 삭제”…살벌한 커피값, 새해 줄인상",2026-01-06 09:54:06,real_assets
환율,‘어닝서프라이즈 없다’에 7% 하락한 전력기기주,2026-01-06 10:44:49,real_assets
환율,"풍산, `4Q25 우호적 환경, 막판 스퍼트` 증권사 발표에 강세",2026-01-06 11:05:47,real_assets
환율,"끊임 없이 오르는 코스피, 사상 첫 4500 마감…삼전닉스도 신고가 경신",2026-01-06 16:03:51,real_assets
환율,[표] 외국환율고시표,2026-01-06 17:56:31,real_assets
환율,원화값 방어위해 달러 투입…외환보유액 7개월만에 감소,2026-01-06 18:00:10,real_assets
환율,"“국민생선, 너 마저 오르냐”…고등어 1만원 돌파에 정부 비축분 푼다",2026-01-06 20:05:00,real_assets
환율,“써볼까 말까 고민이신가요”...서학개미 유턴계좌 사용 설명서,2026-01-06 21:00:00,real_assets
환율,"“삼성바이오로직스, 견조한 실적 성장 지속…목표주가 210만원 유지”",2026-01-07 09:04:08,real_assets
환율,"신세계, 증권사 목표가 상향에 강세…5.44%",2026-01-07 09:31:56,real_assets
환율,"삼성바이오로직스, `4Q25 Preview: 다사다난 했던 25년, 무난히 마무리` 증권사 발표에 강세",2026-01-07 09:36:07,real_assets
환율,"HD현대중공업, `4Q25 Preview: 2026년에도 Top-Pick, 의심은 없다` 증권사 발표에 강세",2026-01-07 10:06:30,real_assets
환율,"코스피, 장중 4600 찍고 4500선 마감…현대차 13%대 급등",2026-01-07 15:57:18,real_assets
환율,"재고 없다는 약점, 빠른 대응으로 메워 … 팔리는 상품보다 팔리는 '구조'에 집중",2026-01-07 16:16:37,real_assets
환율,"""미술시장 바닥 찍어 … 고품질 아트페어만이 살길""",2026-01-07 17:11:14,real_assets
환율,내수 한파에 더 쓸쓸한 의류·외식株,2026-01-07 17:28:03,real_assets
환율,[표] 외국환율고시표,2026-01-07 17:45:23,real_assets
환율,“소고기 가격 내려가나”…미국산 소고기 관세율 14년 만에 ‘제로’,2026-01-07 19:25:14,real_assets
환율,"매출 7조 클럽 진입 한국금거래소…뒷골목 무자료 거래, 디지털 전환하니 금맥",2026-01-07 21:00:00,real_assets
환율,"프라이스스마트, 1Q 매출 13.8억 달러...전년비 9.9% 증가",2026-01-08 06:15:55,real_assets
환율,"캐네디언 솔라, 1분기 매출 1.3% 감소..배터리 사업 성장에도 적자전환",2026-01-08 06:36:02,real_assets
환율,"리소시즈 커넥션, 2Q 매출 19% 감소...구조조정 비용 부담",2026-01-08 07:08:13,real_assets
환율,"“이거 환율 더 오르는거 아냐”…글로벌 IB “한·미 성장률 역전, 4년째 계속될 듯”",2026-01-08 08:51:38,real_assets
환율,"“삼성바이오로직스, 관세 리스크에도 고성장 입증”…목표가↑",2026-01-08 08:52:26,real_assets
환율,경제·금융 수장 “주식시장 외국인 유입 등 활기…금융시장 안정적”,2026-01-08 09:40:01,real_assets
환율,삼성전기 `4Q25 Preview: AI 모멘텀 본격화` 증권사 발표에 강세…4.67%,2026-01-08 10:57:16,real_assets
환율,"구윤철 경제부총리 “환율, 韓 펀더멘털과 괴리”",2026-01-08 11:34:06,real_assets
환율,"LG이노텍, 증권사 목표가 상향에 강세…3.45%",2026-01-08 13:08:41,real_assets
환율,삼성바이오로직스 `관세 리스크에도 고성장세를 입증한 2025년` 증권사 발표에 강세…5.72%,2026-01-08 13:08:52,real_assets
환율,3분기 가계의 여윳돈 58조원… 대출은 줄고 소비쿠폰은 효과,2026-01-08 13:56:59,real_assets
환율,"신한미국인덱스펀드, 북미주식형 펀드 순유입 1위",2026-01-08 14:16:29,real_assets
환율,“다시 미장으로”…서학개미에 베네수엘라에 환율 고공행진,2026-01-08 14:47:52,real_assets
환율,"카드고릴라 선정, 2026년 신용카드 키워드는 ‘PIVOT’",2026-01-08 15:19:09,real_assets
환율,"해외 IB, 美는 웃고 韓은 제자리…성장률 역전 지속",2026-01-08 15:45:45,real_assets
환율,올해도 역대급 공급 가뭄 …'똘똘한 한 채' 더 귀해진다,2026-01-08 16:18:57,real_assets
환율,“코스피 불장에도 6일째 치솟은 환율”…외환당국 개입에도 1450선 돌파,2026-01-08 17:00:22,real_assets
환율,"[기고] 환율대책, 외화펀드가 답이다",2026-01-08 17:02:23,real_assets
환율,[표] 외국환율고시표,2026-01-08 17:43:22,real_assets
환율,한은 순이익 11조 '역대 최대'고환율에 외화증권 수익 늘어,2026-01-08 17:50:54,real_assets
환율,실적 견인 1등 공신 HBM 경쟁력 여전…SK하이닉스 SWOT 들여다보니,2026-01-08 21:00:00,real_assets
환율,"HBM 1위에도 SK하이닉스 주가 아직 저평가, 왜?",2026-01-08 21:00:00,real_assets
환율,"TD 시넥스, 4분기 매출 9.7% 증가·영업익 18% 급증",2026-01-08 21:09:06,real_assets
환율,"WD 40, 1분기 매출 1.5억달러로 1% 증가...연간 가이던스 유지",2026-01-09 06:09:23,real_assets
환율,"“HD현대일렉트릭, 올해 수주액 예상 뛰어넘을 것”…목표가 100만원 ‘상향’",2026-01-09 08:07:41,real_assets
환율,“대체 며칠째야? 환율 7일 연속 오르나”…야간시장서 1454원대 ‘터치’,2026-01-09 08:51:57,real_assets
환율,국민성장펀드 전용 ISA 나온다…올 성장률은 2%로 상향 [경제성장전략],2026-01-09 10:35:07,real_assets
환율,"미국 사는 피터, 로빈후드 계좌로 삼성전자 주식 실시간 매수 가능",2026-01-09 14:10:00,real_assets
환율,한샘 “모든 고객에 감동·확신 주는 기업으로”...2030년 비전 제시,2026-01-09 15:42:52,real_assets
환율,정부 안간힘 쓰는데도…1450원 또 뚫은 원·달러 환율,2026-01-09 16:00:13,real_assets
환율,"MLB 모자로 중국 어린이 홀렸던 F&F…골프 시장까지 점령가능할까 [K주식, 이걸 사? 말아?]",2026-01-09 17:30:00,real_assets
환율,[금융라운지] 하나 '트래블로그'의 힘…외환거래이익 최강자,2026-01-09 17:37:14,real_assets
환율,[표] 외국환율고시표,2026-01-09 17:37:14,real_assets
환율,"한일CEO ""올해 경영환경 좋아질 것""… 유망 시장은 美·동남아",2026-01-09 17:41:56,real_assets
환율,미국 개인투자자 현지 증권계좌로 삼성전자株 산다,2026-01-09 17:46:43,real_assets
환율,"“오빠, 넷플릭스 보더니 외국인 줄 섰어”...PPL로 불황 돌파 ‘K고깃집’",2026-01-09 20:23:46,real_assets
환율,"허코 코스, 4Q 매출 15% 감소·주당 0.47달러 적자",2026-01-10 01:00:27,real_assets
환율,엔화가치 1년만 최저치…당국 개입으로 간신히 상승시켜놓은 원화는? [알쓸금잡],2026-01-10 09:35:51,real_assets
환율,"팬티 한장으로 10년 버텼다…전원주·김종국→이준, ‘짠스타’ 자산가들의 생존법[스테크]",2026-01-10 10:01:00,real_assets
환율,[Overseas Trip] 세르비아 수도 베오그라드 여행...아름답지 않은 도시에서도 아름다움은 피어난다,2026-01-10 17:35:04,real_assets
환율,“제발 애국투자 합시다” 애원에도…서학개미 3조규모 폭풍매수 왜,2026-01-11 10:35:42,real_assets
환율,“환율·물가·집값 모두 불안”…기준금리 5연속 동결 가능성은?,2026-01-11 10:51:50,real_assets
환율,"“뭔짓을 해도 달러는 오른다”…달러예금, 일주일만에 1조원 증가",2026-01-11 11:29:14,real_assets
환율,“카드 하나 바꿔볼까”...2026년 신용카드 키워드 ‘PIVOT’,2026-01-11 13:00:00,real_assets
환율,"“결국 환율에 발목”…1인당 GDP 3만6천달러 턱걸이, 3년만에 뒷걸음",2026-01-11 14:40:47,real_assets
환율,美의 베네수엘라 원유 통제 … 유가 하락으로 韓경제 숨통 트이나,2026-01-11 15:27:44,real_assets
환율,[경제 프리즘] 달라진 통화량 기준 … 투자자 착시 '주의보',2026-01-11 16:31:24,real_assets
환율,"""그래도 미장이 좋아""… 서학개미 연초 3조원 폭풍매수",2026-01-11 17:17:57,real_assets
환율,[표] 외국환율고시표,2026-01-11 17:28:39,real_assets
환율,환율·집값 이중불안에…한은 금리동결 유력,2026-01-11 17:30:39,real_assets
환율,1인당 GDP 韓 추월한 대만 … '4만달러 벽'도 먼저 넘을듯,2026-01-11 17:30:42,real_assets
환율,서울시의 실험 … 자영업 대출금리 낮춰준다,2026-01-11 17:31:37,real_assets
환율,[단독] “이자 내려고 꾸역꾸역 장사합니다”…2.5% 환승대출 생긴다,2026-01-11 17:34:37,real_assets
환율,"수출 잘 됐다더니, 달러 다 어디로…“수출대금 회수 규제완화로 달러공급 차질”",2026-01-11 18:28:20,real_assets
환율,"“먼저 갑니다, 한국 욕보세요”…대만 ‘GDP 4만달러’ 먼저 찍는다",2026-01-11 19:09:44,real_assets
환율,서학개미 ‘애국투자’ 콧방귀도 안뀌었다…일주일 3조원 순매수로 화답,2026-01-11 20:37:37,real_assets
환율,환율·집값 이중압박 포위된 한은…15일 첫 금통위 ‘금리동결’ 유력,2026-01-12 08:12:03,real_assets
환율,"“LG전자, 4분기 적자전환…로봇 등 신사업 모멘텀 부각될 것”",2026-01-12 08:35:21,real_assets
환율,"[속보] 코스피, 장중 최고치 경신 후 강보합…4610선 등락",2026-01-12 09:28:42,real_assets
환율,“불황인데 다들 잘만 쓰네요”...그 사람들 대부분 ‘억대’ 빚 있습니다,2026-01-12 10:17:34,real_assets
환율,"“5만원 한 장이면 끝”…설 고민 덜어줄 롯데마트, 가성비 세트 사전 예약",2026-01-12 10:36:52,real_assets
환율,강달러와 엔화약세에…원화값 올해 들어 7거래일 연속 하락하나,2026-01-12 10:45:06,real_assets
환율,재정폭탄 코앞인데 “선거부터”…기초연금·정년연장 개혁도 밀렸다,2026-01-12 11:12:17,real_assets
환율,현대글로비스 `이제는 프리미엄 시대` 증권사 발표에 강세…8.61%,2026-01-12 13:41:57,real_assets
환율,“‘두쫀쿠’ 열풍 이 정도였어?”…피스타치오 가격까지 급등,2026-01-12 14:59:12,real_assets
환율,"[속보] “코스피 불장에도 환율 8일째 상승”…정부, 구두개입 후 첫 1460원선",2026-01-12 15:44:09,real_assets
환율,"[속보] 환율 8일 연속 급등…장중 1470원 돌파, 12월 24일來 최고치",2026-01-12 15:49:49,real_assets
환율,환율 다시 꿈틀…외환시장 개입은 미봉책일 뿐 [사설],2026-01-12 16:54:51,real_assets
환율,"[단독] 백화점 ""외국인 잡아라""… 여행상품도 내놔",2026-01-12 17:25:20,real_assets
환율,"침대×소파×카페 … 가구업체 ""불황에 뭉쳐야 산다""",2026-01-12 17:27:33,real_assets
환율,원화값 7거래일 연속 하락 다시 1460원대로 주저앉아,2026-01-12 17:30:10,real_assets
환율,[표] 외국환율고시표,2026-01-12 17:30:11,real_assets
환율,"K푸드, K팝 만나자 인기 폭발…신라면×에스파, 글로벌 광고 40여일 만에 2억뷰",2026-01-12 17:51:19,real_assets
환율,"SQM, 3분기 매출 9%↑·영업익 27%↑...리튬 시장 회복 기대",2026-01-12 20:04:31,real_assets
환율,"버켄스탁 홀딩, 1분기 매출 4억200만 유로..유기적 성장률 17.8% 기록",2026-01-12 20:22:56,real_assets
환율,"소테라 헬스, 2025년 매출 5.5% 증가 11억6천만달러 전망",2026-01-12 21:26:48,real_assets
환율,"펫코 헬스&웰니스, 15억 달러 부채 재융자 착수..4분기 전망 유지",2026-01-12 22:25:57,real_assets
환율,"콘메드, 2026년 매출 6% 성장 전망...EPS 5.08달러까지 상승 가능성",2026-01-12 23:03:19,real_assets
환율,"마시모, 4분기 매출 12% 증가·4억1100만 달러...연간 EPS 상한선 도달",2026-01-12 23:05:39,real_assets
환율,"다나허, 4분기 매출 중단위% 성장 전망...EPS 가이던스 상단 도달 예상",2026-01-12 23:11:24,real_assets
환율,"인베스코, 12월 운용자산 2.1조달러..전월대비 0.7% 증가",2026-01-13 06:21:59,real_assets
환율,"“POSCO홀딩스, 4분기 영업이익 시장 전망치 하회 전망”…목표가↓",2026-01-13 08:48:05,real_assets
환율,“삼전·하이닉스 너무 오른거 아냐”…사상 최고가 행진에 ‘이것’도 급등했다는데,2026-01-13 09:12:50,real_assets
환율,"코스피, 4662.44 상승 출발…8거래일 연속 최고치 경신",2026-01-13 09:22:25,real_assets
환율,"“올려도 사실 거잖아요”...샤넬백, 이제 2천만원 시대",2026-01-13 09:34:04,real_assets
환율,"어제 1460원 넘은 원화값, 오늘은 1470원도 뚫었다",2026-01-13 10:31:50,real_assets
환율,"“확장보다 버티기”…광주·전남 제조기업들, 2026년 ‘안정 경영’ 선택",2026-01-13 13:40:23,real_assets
환율,“수출하고 옆으로 샌 달러 얼마나 많은거야?”…기업 외환거래 전방위 조사,2026-01-13 13:52:57,real_assets
환율,환율 변동성에 달러예금도 ‘출렁’…은행들 “수요 눌러라” 금리인하,2026-01-13 14:24:28,real_assets
환율,"“생산적 금융, 투자선별 실패하면 3~5년 뒤 리스크로 돌아온다”",2026-01-13 14:56:37,real_assets
환율,“생일 케이크는 부담” 초코파이에 초 꽂았다…‘푸드플레이션’이 만든 유행,2026-01-13 15:25:42,real_assets
환율,‘BTS노믹스’ 다시 작동한다…완전체 컴백 기대되는 이유,2026-01-13 15:37:16,real_assets
환율,채권 전문가 96% “1월 금통위 기준금리 동결할 것”,2026-01-13 15:57:33,real_assets
환율,"“올려도 살 사람은 산다”...샤넬, 새해 벽두부터 기습 인상",2026-01-13 16:11:29,real_assets
환율,"“천장 뚫린 환율, 9일째 상승”…2008년來 최장 흐름, 1470원선도 돌파",2026-01-13 16:40:21,real_assets
환율,환율 오르자 서학개미 다시 해외로…열흘 새 4.5조원 순유출,2026-01-13 17:05:36,real_assets
환율,[표] 외국환율고시표,2026-01-13 17:17:27,real_assets
환율,환율 대책이 고작 한국기업 옥죄기여서야 [사설],2026-01-13 17:19:44,real_assets
환율,"""구두개입은 땜질 그쳐 … 외국기업의 韓투자 유인책 내놔야""",2026-01-13 17:32:11,real_assets
환율,환율 비상걸린 정부 … 수출기업 외환거래 집중 단속,2026-01-13 17:32:12,real_assets
환율,"레비티, 4분기 매출 7.7억달러 전망...EPS 가이던스 상단 초과 기대",2026-01-13 23:16:54,real_assets
환율,"“난 주식 한주도 없는데, 1년 새 시총 80% 껑충”…삼전·하이닉스 끌어올려",2026-01-14 08:49:36,real_assets
환율,"고환율, 통화량 많이 풀린 영향?…경제규모 대비 美의 2배라는데",2026-01-14 08:54:10,real_assets
환율,‘정책 모멘텀’이 다시 그리는 배당주 지도,2026-01-14 09:12:03,real_assets
환율,"[속보] 코스피, 장중 4700 돌파…사상 최고치 경신",2026-01-14 09:29:03,real_assets
환율,"코스피, 9거래일째 올라 사상 첫 4700 돌파…환율은 1470원대",2026-01-14 09:59:14,real_assets
환율,주식 상위 1% 초고수 순매수 1위 뉴로메카…HD현대일렉·현대차도 담았다 [주식 초고수는 지금],2026-01-14 10:36:03,real_assets
환율,“국민연금 돈 벌어준 삼전닉스가 애국자”…주식가치 118조 늘었다,2026-01-14 11:06:25,real_assets
환율,HL만도 `4분기 일회성 품질비용 예상. 로봇 사업은 2026년 시작` 증권사 발표에 강세…4.64%,2026-01-14 11:10:27,real_assets
환율,“현금 쥐고 있으면 손해”…환율 쇼크에 불붙은 ‘금테크’,2026-01-14 15:44:40,real_assets
환율,“손절 용기 없어 8억원 잃었다”…코스피 하락에 전재산 투자한 남성 ‘한숨’,2026-01-14 15:59:41,real_assets
환율,[속보] 코스피 4723.1 사상 최고치 마감…환율 1480원 눈앞,2026-01-14 16:00:41,real_assets
환율,"신한은행, 유튜버 환전 우대…달러 원화로 바꿀때 최대 90%",2026-01-14 17:37:24,real_assets
환율,[표] 외국환율고시표,2026-01-14 17:37:26,real_assets
환율,오천피 눈앞인데…소비재株는 언제 가나,2026-01-14 17:46:21,real_assets
환율,①해외투자 ②통화 증가 ③한미 금리차…원화값 짓누른 3대 악재,2026-01-14 17:50:02,real_assets
환율,역대최대로 불어난 기업 대외채무 … 원화값 10원 하락땐 1.8조원 늘어,2026-01-14 17:50:03,real_assets
환율,"수요폭증·공급부족…달러, 서울부동산 닮아간다",2026-01-14 17:50:11,real_assets
환율,수요폭증·공급부족…서울부동산 닮아가는 ‘달러’ 백약이 무효,2026-01-14 19:43:37,real_assets
환율,"초고강도 개입 약발, 한달도 못갔다…원화값 다시 1480원대 위협",2026-01-14 20:46:25,real_assets
환율,"“오천피, 그만 얘기하세요”…환율 발목잡힌 소비재株엔 딴나라 이야기",2026-01-15 06:00:40,real_assets
환율,"매경이 전하는 세상의 지식 (매-세-지, 1월 15일)",2026-01-15 07:00:00,real_assets
환율,눈 뜨고 코 베인다더니…환율 10원 오를 때 기업 대외채무 1.8조↑,2026-01-15 07:09:33,real_assets
환율,“이때가 매수 신호?”…원화값 ‘깜짝 강세’에 개인들 달러 담았다,2026-01-15 07:31:05,real_assets
환율,유튜버·틱톡커 모십니다…인플루언서 ‘달러 광고비’ 혜택 준다는 이 은행,2026-01-15 08:06:34,real_assets
환율,[속보] 올해 첫 금통위…‘환율·물가’ 걱정에 기준금리 5연속 동결,2026-01-15 09:50:14,real_assets
환율,"[속보] 한은, 고환율·집값 부담에 기준금리 5연속 동결…연 2.5%",2026-01-15 10:00:59,real_assets
환율,"볼보코리아, 연내 국내에 플래그십 전기차 EX90·ES90 투입",2026-01-15 10:15:31,real_assets
환율,美재무장관 “원화약세 과도하다” 이례적 개입에…1460원대 진정세,2026-01-15 10:19:06,real_assets
환율,“금리인하 가능성 아예 지워버렸다”…한은 통화정책 의결문 살펴보니,2026-01-15 11:05:36,real_assets
환율,이창용 “3개월 뒤 금리 유지 가능성 커…개인투자자 해외 주식 꾸준해”,2026-01-15 13:29:11,real_assets
환율,"“폐차만 아니면 팔립니다”...불티나는 K자동차, 美 판매 꺾여도 역대 최고 수출",2026-01-15 13:46:21,real_assets
환율,“반도체 경기 호조 이어지네”…한은이 본 국내외 경제상황은,2026-01-15 15:48:21,real_assets
환율,미장보다 국장 올라탈때…ISA에 담으면 수익·稅혜택 다 잡아 [지갑을 불려드립니다],2026-01-15 16:04:22,real_assets
환율,"대한항공, 역대 최대 매출에도…고환율·고비용에 수익성은 뒷걸음",2026-01-15 16:24:16,real_assets
환율,'K유학붐' '4050 라이더' 기획 … 새로운 사회 현상 잘 짚어내,2026-01-15 17:05:47,real_assets
환율,"美 재무 ""원화약세 우려""… 한미 통화스왑 전향 검토를 [사설]",2026-01-15 17:08:26,real_assets
환율,[표] 외국환율고시표,2026-01-15 17:27:58,real_assets
환율,"美재무장관 원화강세 보증에도 한국인들 ""더 떨어진다"" 베팅",2026-01-15 17:34:58,real_assets
환율,"원화값 백약이 무효…한은, 의결문서 '금리인하 가능성'도 삭제",2026-01-15 17:34:59,real_assets
환율,"'韓증시 복귀' RIA 계좌, 빠르면 내달부터 시행",2026-01-15 17:42:41,real_assets
환율,"美베선트 구두개입도 역부족…정부, 외환 규제책 고심",2026-01-15 17:48:05,real_assets
환율,내란 국가 돈으론 햄버거도 못 사먹는다…공항서 국제미아된 중년 남성 [매경 뒤 시네마],2026-01-15 18:40:00,real_assets
환율,“이쯤되니 무서워지는데”…새해들어 열흘째 기록경신 중인 코스피,2026-01-15 21:19:56,real_assets
환율,"베일 리조트, 북미 스키시즌 초반 매출 1.8% 하락..극심한 강설 부족 영향",2026-01-15 22:04:03,real_assets
환율,“왜 가난하게 살아야 하나요”…47년 묵은 정치 체제 거부하는 시민들 [뉴스 쉽게보기],2026-01-16 06:00:00,real_assets
환율,"돌아온 서학개미에 양도세 감면…RIA 계좌, 빠르면 2월부터 시행",2026-01-16 06:09:41,real_assets
환율,"매경이 전하는 세상의 지식 (매-세-지, 1월 16일)",2026-01-16 07:00:00,real_assets
환율,열흘째 ‘불기둥’ 코스피…오늘 상승세로 4800선 넘길까,2026-01-16 08:10:17,real_assets
환율,"“꿈의 오천피 보인다”…코스피, 사상 첫 4800대 돌파 마감",2026-01-16 09:13:10,real_assets
환율,[속보] 이재명 대통령 지지율 소폭 하락…물가·환율에 발목 잡혀,2026-01-16 10:22:40,real_assets
환율,"“고환율, 경기 발목잡을 수준 아냐”…석달째 ‘경기회복’ 진단내린 정부",2026-01-16 11:21:05,real_assets
환율,"“한가한 오찬쇼 할때 아니다”…국힘, 이 대통령에 영수회담 제안",2026-01-16 11:34:33,real_assets
환율,1500원 넘보는 환율에…진퇴양난 빠진 한은,2026-01-16 13:37:16,real_assets
환율,고환율에 ‘달러 보험’ 열풍…금감원 경고한 이유는,2026-01-16 14:44:37,real_assets
환율,1조원 규모 쿠팡 리츠 퇴짜...‘괘씸죄’ 때문? [재계톡톡],2026-01-16 14:59:53,real_assets
환율,“현상 유지만 하자”…움츠러든 제조업 [데이터로 보는 세상],2026-01-16 15:00:46,real_assets
환율,‘상시적 위기’의 시대… 새해 재계 생존 키워드는 ‘확실한’ ROI투자·‘돈버는’ AI 기술력,2026-01-16 16:45:20,real_assets
환율,무섭게 오른다... 코스피 상승률 세계 1위,2026-01-16 17:06:45,real_assets
환율,"삼성·SK·한화 주가 달릴때 홀로 뒤처진 ‘이곳’…이번에도 정공법 통할까 [K주식, 이걸 사? 말아?]",2026-01-16 17:30:00,real_assets
환율,[표] 외국환율고시표,2026-01-16 17:48:48,real_assets
환율,"원화약세에…구윤철 ""상반기 대미투자 어려워""",2026-01-16 17:50:56,real_assets
환율,오세훈 “또 하나의 정치특검 통과…사냥개 풀어 놓은 것”,2026-01-16 18:21:55,real_assets
환율,"에코페트롤, 이사회 후보 세자르 아레나스 선출..정부 추천 인사",2026-01-16 20:08:05,real_assets
환율,"스노코, 3Q 순익 1.29억 달러…전년比 42% 급증",2026-01-17 06:34:54,real_assets
환율,"“BTS, 티켓 매출만 1조 넘어”...하이브 목표가 줄상향",2026-01-17 09:00:00,real_assets
환율,[단독] 국민연금이 원화약세 주범?…“환율 오를수록 국민연금 성과급 감소”,2026-01-17 10:24:07,real_assets
환율,미국 재무장관도 걱정한 ‘원·달러 환율’…개인은 주범인가 희생양인가,2026-01-17 20:02:14,real_assets
환율,인버스에 베팅하는 개미들...“더 오를 이유가 없다”,2026-01-18 14:00:32,real_assets
환율,이란 입지 흔들리자 치솟았다…부실채권 전문가들 여기에 ‘눈독’,2026-01-18 15:20:05,real_assets
환율,"iM증권, 종목당 비중은 5~15%로 유지 … 과도한 집중 방지",2026-01-18 16:05:12,real_assets
환율,"'반도체 실적 레벨업' 연초 랠리 ""이젠 추격 매수 보단 분할 매수""",2026-01-18 16:08:47,real_assets
환율,[경제 프리즘] 통화스왑과 CPTPP 외환시장 안정 조건,2026-01-18 16:19:38,real_assets
환율,[표] 외국환율고시표,2026-01-18 17:15:52,real_assets
환율,"""달러예금·보험 판매 자제"" 환율불안에 경고나선 당국",2026-01-18 17:15:53,real_assets
환율,환율 잡겠다며 '3배 레버리지 ETF' 검토한다는 정부 [사설],2026-01-18 17:35:45,real_assets
환율,“은행 부행장들 다 모이세요”…금감원 ‘달러예금’ 한마디 한다는데,2026-01-19 06:59:21,real_assets
환율,"삼전닉스 너무 올라 부담된다고?…“메모리 강세 지속, 비중확대 유효” [오늘 나온 보고서]",2026-01-19 08:38:58,real_assets
환율,삼전·하이닉스 3배 베팅 가능?…‘고위험 레버리지 ETF’ 나오나,2026-01-19 10:57:00,real_assets
환율,"키움증권, 공모 김치본드 단독주관…규제완화 후 최초",2026-01-19 11:02:25,real_assets
환율,코스피 5000 무난히 돌파?…현대차證 “여전히 저렴…수출주 담아야”,2026-01-19 13:15:29,real_assets
환율,“코스피 5000P 달성 순간 잡자” 금융사들 ‘딜링룸’ 노출 전쟁,2026-01-19 13:29:40,real_assets
환율,“한국인이 가장 많이 먹은 수입육은 미국산”,2026-01-19 13:38:50,real_assets
환율,"[속보] 코스피, 4900선 돌파…5000포인트 코앞",2026-01-19 14:13:17,real_assets
환율,[매경포럼] 킬러문항 없는 李 성장 전략,2026-01-19 17:14:13,real_assets
환율,"[매경이코노미스트] 노란봉투법, 고환율 스파크될 수 있다",2026-01-19 17:22:20,real_assets
환율,연체율·정책 지연에 … 생산적금융 발목,2026-01-19 17:36:48,real_assets
환율,[금융 라운지] '5천피 전광판' 우리가 … 은행 홍보전쟁,2026-01-19 17:36:49,real_assets
환율,"신한銀, 달러 → 원화 환전 … 수수료 90% 감면 이벤트",2026-01-19 17:36:49,real_assets
환율,[표] 외국환율고시표,2026-01-19 17:36:51,real_assets
환율,생산적 금융 외쳤지만…높은 연체율·정책 지연에 기업대출 ‘역성장’,2026-01-20 00:28:34,real_assets
환율,"“달러 이렇게 비싼데도 맙소사”… ‘서학개미’ 줄섰다, 투자액 250조 돌파",2026-01-20 08:46:33,real_assets
환율,"“숨만 쉬어도 돈이 사라져요”…사과 20%·D램 15%, 생산자물가 넉달째 상승",2026-01-20 09:00:57,real_assets
환율,킬러문항 왜 없을까…50점짜리 그친 李정부 첫 성장 전략 [매경포럼],2026-01-20 09:11:46,real_assets
환율,“치솟는 환율 때문에 정말 힘든데”…한미 시장금리 축소에도 환율 불안 왜?,2026-01-20 09:27:03,real_assets
환율,“코스피 5000 코앞이었는데”…하락 폭 늘려가며 4800선까지 내려,2026-01-20 09:58:02,real_assets
환율,[속보] 성장펀드 3년 이상 투자땐 최대 40% 소득공제…납입금 2억원 한도,2026-01-20 10:02:21,real_assets
환율,국힘 “퇴직연금 기금화는 위헌…국민 자산 국유화 시도 결코 좌시 안 해”,2026-01-20 11:12:37,real_assets
환율,"외환거래 시장 뜨자…SC제일은행, 365일 24시간 가능하게 확대개편",2026-01-20 13:49:57,real_assets
환율,엇비슷해진 한미 시장금리…그래도 고환율 왜?,2026-01-20 14:12:19,real_assets
환율,"전세계 63개국 CEO, 기업 최대 위험은…‘사이버 공격’과 ‘사업 중단’",2026-01-20 15:10:48,real_assets
환율,서학개미 국장 유턴하면 5천만원 양도세 0원···이후 다시 美 주식 샀을 땐?,2026-01-20 15:30:39,real_assets
환율,“새학기 노트북 사야하는데”…메모리·환율 부담에 노트북값 급등,2026-01-20 16:44:20,real_assets
환율,"모두투어, 비토즈 네트워크 밸리데이터 참여…여행 정산에 블록체인 도입",2026-01-20 17:14:35,real_assets
환율,[기자24시] 10번째 내놓은 환율대책,2026-01-20 17:47:31,real_assets
환율,서학개미 美주식 250조원 돌파 … 해외에 달러계좌 개설도 급증,2026-01-20 17:50:19,real_assets
환율,[표] 외국환율고시표,2026-01-20 17:54:29,real_assets
환율,"고환율에 달러族 급증 … 정부, RIA 꼼수 막는다",2026-01-20 18:00:32,real_assets
환율,"에코페트롤, 새 이사회 후보 명단 공개...정부 제안 7인 확정",2026-01-20 20:30:02,real_assets
환율,고환율에 ‘달러족’ 급증…정부 RIA 꼼수 막는다,2026-01-20 21:27:23,real_assets
환율,"넷플릭스, 4분기 매출 18% 급증·워너 인수로 성장 가속화",2026-01-21 06:10:05,real_assets
환율,"이재명 대통령, 오늘 신년 기자회견…집권 2년 차 ‘대도약’ 구상 제시",2026-01-21 06:25:32,real_assets
환율,"원·달러 환율, 하루 만에 1470원대로 하락…李 대통령 발언에 급변",2026-01-21 09:44:32,real_assets
환율,"[속보] 이 대통령 “당국, 환율 1∼2달 뒤 1400원 전후 떨어질 것 예측”",2026-01-21 10:25:48,real_assets
환율,[속보] 이 대통령 “고환율은 뉴노멀…한두달내 1400원 전후로 떨어질 것”,2026-01-21 10:35:43,real_assets
환율,"李 대통령 “고환율은 세계적 흐름…원화, 한두 달 뒤 1400원대 안정 전망”",2026-01-21 11:18:09,real_assets
환율,대한항공도 이젠 방산 테마주?…블랙호크·무인기 승부,2026-01-21 11:30:52,real_assets
환율,"환율대책, 벌써 10번째…文정부 부동산 대책이 떠오르는 이유 [기자24시]",2026-01-21 15:06:29,real_assets
환율,"서진시스템, 증권사 목표가 상향에 강세…3.33%",2026-01-21 15:35:53,real_assets
환율,항공사들 ‘적자 눈물’ 쏟는데…맏형 대한항공만 웃는다고?,2026-01-21 15:43:55,real_assets
환율,이창용 총재 “현재 환율 수준 누가 봐도 높아…조정될 여지 크다”,2026-01-21 16:46:50,real_assets
환율,정점식 국민의힘 정책위의장 “대통령 신년기자회견은 아무 말 대잔치”,2026-01-21 16:48:41,real_assets
환율,"[기고] 에그플레이션 불안, 근본대책으로 풀어야",2026-01-21 17:11:06,real_assets
환율,삼성바이오 '영업익 2조' 새 역사 썼다,2026-01-21 17:14:58,real_assets
환율,[매경이코노미스트] 불안한 미래가 만든 원화값,2026-01-21 17:19:06,real_assets
환율,[표] 외국환율고시표,2026-01-21 17:26:41,real_assets
환율,"李대통령 ""부동산 세금은 마지막 수단""",2026-01-21 17:31:51,real_assets
환율,"""수십조 추경은 없을것 … 퇴직연금으로 외환방어 헛소문""",2026-01-21 17:32:43,real_assets
환율,韓경제 최대위협은 환율 불안·물가 상승 … 산업 개편 서둘러야,2026-01-21 17:32:55,real_assets
환율,"李 기자회견 발언후, 원화값 10원 급반등",2026-01-21 17:33:38,real_assets
환율,"메이크마이트립, 3Q 매출 2억9568만 달러..전년비 10.6% 증가",2026-01-21 20:08:36,real_assets
환율,이 대통령 “수십조 추경 없을것…퇴직연금으로 외환방어는 헛소문”,2026-01-21 21:38:27,real_assets
환율,"닥터 레디스 연구소, 3분기 매출 4.4% 증가...북미 매출 위축에 EPS 14% 감소",2026-01-22 02:30:00,real_assets
환율,“올해도 주머니 사정 빠듯해”…소비여력 물었더니 10명중 4명 “알바 뛰겠다”,2026-01-22 06:00:00,real_assets
환율,이재명 “부동산 세금은 마지막 수단”…보유세 인상론 선긋기,2026-01-22 06:00:19,real_assets
환율,‘영업익 1조’ 달성 2년만에 2조 찍었다…새 이정표 세운 삼성바이오,2026-01-22 06:15:35,real_assets
환율,"인터 파퓸스, 4Q 매출 7% 증가·라코스테 부문 23% 급성장",2026-01-22 06:24:15,real_assets
환율,"뱅크 오브 캘리포니아, 4Q EPS 0.42달러·매출 2.93억달러 기록",2026-01-22 06:44:07,real_assets
환율,국민 55% “올해 소비 늘릴 것”…최대 리스크는 ‘고환율·고물가’,2026-01-22 07:07:22,real_assets
환율,“엄청 나가더니 2800만원씩 벌어왔네”…작년 서학개미 양도세 신고 52만명,2026-01-22 08:45:30,real_assets
환율,日·추경 이슈에 ‘국채 변동성’ 폭발…냉온탕 끝낼 환율·경제지표 촉각,2026-01-22 09:46:09,real_assets
환율,"“직원 평균연봉 1.6억 몸값 했네”…4대금융, 사상 최대 성적표 나온다",2026-01-22 09:52:52,real_assets
환율,“연말정산 ‘간소화 서비스’ 너무 믿지 마세요”…‘13월 보너스’ 더 받으려면,2026-01-22 11:22:23,real_assets
환율,“얼마나 벌었길래”…‘서학개미’ 양도세 신고 50만명 넘어,2026-01-22 15:53:18,real_assets
환율,"예산통 민주 안도걸의 직언…“코스피 5천 시대에 고환율, 물가·민생에 직격탄”",2026-01-22 16:08:55,real_assets
환율,[매경의 창] 우리도 '원화 국제화'를 해보자,2026-01-22 16:58:50,real_assets
환율,국내 채권시장 위축되자 기업들 외화채 발행 러시,2026-01-22 17:51:55,real_assets
환율,"""코스피 5000시대 열렸지만 … 외환시장 불안은 비정상적""",2026-01-22 18:02:36,real_assets
환율,[표] 외국환율고시표,2026-01-22 18:04:23,real_assets
환율,“더 싼 줄 알고 왕창 담았는데”…수입 소고기 가격에 주부들 ‘멘붕’,2026-01-22 20:07:44,real_assets
환율,"프록터 & 갬블, 2Q 매출 1%↑ 222억 달러...순이익은 5%↓",2026-01-22 21:04:05,real_assets
환율,"맥코믹 앤드, 4분기 매출 3% 성장·EPS 7.5% 증가",2026-01-22 21:32:05,real_assets
환율,"프록터 & 갬블, 2분기 자체성장률 0%..시장 점유율 하락세",2026-01-23 01:55:02,real_assets
환율,"알코아, 4분기 매출 15% 증가 34억5천만 달러..알루미늄 부문 강세",2026-01-23 06:16:57,real_assets
환율,"[속보] 코스피, 하루 만에 다시 ‘5000선’ 돌파",2026-01-23 09:30:14,real_assets
환율,"코스피 5000시대, 주가·환율 안정 대책은 ‘24시간 영업’이라고? [뉴스 쉽게보기]",2026-01-23 10:47:20,real_assets
환율,美·日·中 증시 뛸 때…코스피 94% 날았다,2026-01-23 13:48:30,real_assets
환율,증시 활활 타올라도…“살림살이 개선 기대” 응답은 28%,2026-01-23 16:27:50,real_assets
환율,"현대차그룹이 글로비스 키워야 하는 이유…순환출자 끊을 마지막 열쇠 [K주식, 이걸 사? 말아?]",2026-01-23 17:30:00,real_assets
환율,[표] 외국환율고시표,2026-01-23 17:47:04,real_assets
환율,"""자본시장 개혁 완성하면 7천피도 가능""",2026-01-23 17:55:05,real_assets
환율,"코포라시온 아메리카 에어포츠, 아르메니아 공항 운영권 35년 연장",2026-01-23 21:04:04,real_assets
환율,꼬리에 꼬리를 무는 의혹…이혜훈 해명에도 여야 “변명 안돼”,2026-01-24 05:55:11,real_assets
환율,국내 주유소 기름값 7주째 하락…“다음주 상승 전환 가능성”,2026-01-24 06:12:25,real_assets
환율,"국민의힘 “이 대통령, 5000피에 자기도취…실물경제 역성장 외면”",2026-01-24 15:07:32,real_assets
환율,나경원 “연기금으로 코스피 올려”…민주 “국민 부자되는 게 배아픈가”,2026-01-25 08:56:40,real_assets
환율,"“올해 기업경영, 환율에 달렸다”…원화값 하락 고민 쌓이는 식품업계",2026-01-25 10:45:59,real_assets
환율,‘달러 사재기’ 이제 안 할래...뚜렷한 달러 매도세,2026-01-25 13:14:07,real_assets
환율,경제학교수 과반 “韓 1%대 저성장 갇힐것”…1500원대 고환율 전망도,2026-01-25 14:19:59,real_assets
환율,"가뜩이나 대만한테 잡혔는데…“한국, 당분간 1%대 저성장”",2026-01-25 14:24:43,real_assets
환율,"효성, '소통'을 핵심 가치로 내걸고 본격 행보",2026-01-25 16:03:33,real_assets
환율,외화예금 이자 0%대로 뚝…'환율방어' 동참나선 은행권,2026-01-25 17:19:43,real_assets
환율,[표] 외국환율고시표,2026-01-25 17:19:44,real_assets
환율,"골드·실버뱅킹으로 소액투자, 금·은 고공행진에 올라타기 … ETF는 장기투자·환금성 '굿'",2026-01-25 17:39:26,real_assets
환율,[경제프리즘] 정치금융의 시대 시장과 샅바싸움,2026-01-25 17:43:36,real_assets
환율,'환헤지 방식' 노출 막자 원화값 안정세…커지는 연금 역할론,2026-01-25 17:50:52,real_assets
환율,“아아 대신 아이스녹차 마셔야 될 수도”…커피수입액 41% 급증,2026-01-25 20:49:31,real_assets
환율,“무작정 골드바 사두면 되나요?”…세금 따져보면 KRX금시장 유리,2026-01-26 05:57:42,real_assets
환율,‘환헤지 전략’ 유턴에 원화값 안정세…커지는 국민연금 역할론,2026-01-26 06:45:09,real_assets
환율,“엔화야 고맙다” 덩달아 급등한 원화값,2026-01-26 11:10:11,real_assets
환율,9900원 vs 10만원…대형마트 위스키도 ‘소비 양극화’,2026-01-26 13:12:07,real_assets
환율,"NH농협은행, 자영업자·소상공인 이자 2천억 넘게 환급…저금리 대환도 확대",2026-01-26 16:01:30,real_assets
환율,동국제강 지난해 영업익 594억원…전년비 42%↓,2026-01-26 16:25:46,real_assets
환율,“금값 5400달러·코스피 5700”…골드만삭스가 딱 찍어 내놓은 숫자,2026-01-26 17:13:47,real_assets
환율,'환율 고래' 국민연금 외화채 직접발행 추진,2026-01-26 17:41:38,real_assets
환율,[표] 외국환율고시표,2026-01-26 17:57:15,real_assets
환율,"국민연금, 해외주식 비중 38.9%→37.2%…원화값 안정위해 외화채권 발행 검토",2026-01-26 20:16:16,real_assets
환율,개장 70년 만에 새 역사…‘꿈의 오천피’ 전인미답 고지 밟았지만,2026-01-26 21:00:00,real_assets
환율,"지금은 베팅 아니라 관망할 때…부동산 시장, 3대 경제지표 보면 훤히 보인다 [매일 돈이 보이는 습관 M+]",2026-01-27 06:00:00,real_assets
환율,"그래스코, 4분기 매출 8% 증가·영업익 22% 확대...연간 매출 사상 최대",2026-01-27 06:16:58,real_assets
환율,“돈 불리기엔 금보다 이게 낫지”…은 통장 잔액 1년새 7배로 불었다는데,2026-01-27 09:38:26,real_assets
환율,"알뜰한 연금수급자 위한 혜택...수협銀, ‘Sh골든데이연금통장’ 출시",2026-01-27 10:45:06,real_assets
환율,[단독] “통화·금융 상황 급변 시 국회에 ‘지체 없이’ 보고”…한은법 개정안 나온다,2026-01-27 14:10:03,real_assets
환율,"대한조선, 작년 영업익 2941억원…전년비 86.1%↑",2026-01-27 15:31:16,real_assets
환율,"“관세폭탄에 다 죽어도, 한국은 생존”…최대 채권운용사 ‘엄지척’ 날린 이유는",2026-01-27 15:36:49,real_assets
환율,[표] 외국환율고시표,2026-01-27 17:50:02,real_assets
환율,"국민연금, 기금위 회의록 '봉인' … 4년간 비공개",2026-01-27 17:51:15,real_assets
환율,“한국 성장률 2% 전망”…‘오천피·천스닥’ 이후 자본시장은,2026-01-27 19:16:47,real_assets
환율,"국민연금, 기금위 회의록 '봉인' … 4년간 비공개",2026-01-27 19:54:37,real_assets
환율,"킴벌리클락, 4Q 영업이익 13% 증가..2026년 EPS 2자리 성장 전망",2026-01-27 20:39:11,real_assets
환율,"시스코, 2026 회계년도 2분기 매출 3% 증가..EPS 가이던스 상향",2026-01-27 22:07:56,real_assets
환율,"어플라이드 인더스트리얼 테크놀러지스, 2분기 EPS 2.51달러..전년비 4.6% 증가",2026-01-27 23:22:41,real_assets
환율,"이노바 인터내셔널, 4분기 매출 8.4억 달러..전년비 15% 증가",2026-01-28 06:19:42,real_assets
환율,“장기 근속자여도 이건 좀 부담이죠”...사상 최고 금값에 포상 대체하는 기업들,2026-01-28 08:34:28,real_assets
환율,트럼프 약달러 용인 발언에…원화값 15.2원 급등,2026-01-28 09:55:36,real_assets
환율,"농협은행, 스테이블코인 기반 ‘K팝 토큰증권’ 유통 실험 완료",2026-01-28 09:55:56,real_assets
환율,"“경제는 심리라는데, 당분간 걱정 없겠네”…4년6개월새 최고 찍은 뉴스심리지수",2026-01-28 10:07:10,real_assets
환율,국민연금 ‘국내 투자 비중 상향’에…野 “대통령 쌈짓돈 아냐” 비난,2026-01-28 10:45:36,real_assets
환율,“달러화 지금 훌륭하다” 트럼프 한마디에 무너졌다…달러가치 4년만에 최저,2026-01-28 13:32:46,real_assets
환율,“달러 못 믿겠다”…‘머니무브’ 속 금값 5200달러,2026-01-28 15:03:39,real_assets
환율,“20년내 집값 상당히 떨어질 것”…이웃나라 예로 든 국회의원,2026-01-28 16:21:47,real_assets
환율,"韓경제, 불황 딛고 정상항로 진입 … 암초는 투자·고용 위축",2026-01-28 16:56:42,real_assets
환율,"설탕세 도입 띄우는 당정, 자영업·물가에 미칠 영향 숙고하길 [사설]",2026-01-28 17:22:06,real_assets
환율,기아 年매출 신기록…관세로 영업익 뒷걸음,2026-01-28 17:41:25,real_assets
환율,"與정책위의장 ""20년내 집값 상당히 떨어질 것""",2026-01-28 17:59:41,real_assets
환율,중간선거 코너 몰린 트럼프 … 美제조업 살리려 '약달러' 강행,2026-01-28 18:02:18,real_assets
환율,[표] 외국환율고시표,2026-01-28 18:02:59,real_assets
환율,"닥터 레디스 연구소, 3분기 매출 9.7억 달러…전년비 4.4% 증가",2026-01-28 20:17:20,real_assets
환율,"버켄스탁 홀딩, 1분기 조정 EPS 50% 급증..글로벌 전역 두 자릿수 성장",2026-01-28 20:59:03,real_assets
환율,"테바 파마슈티컬, 4분기 매출 11% 성장·핵심 브랜드 첫 분기 10억 달러 돌파",2026-01-28 21:22:14,real_assets
환율,"CGI, 1분기 매출 7.7% 증가·EPS 15.7% 상승..유럽·호주 사업 호조",2026-01-28 21:35:05,real_assets
환율,"은행서 돈이 줄줄 샌다…이틀새 16조 썰물, 뭉칫돈 향하는 곳은",2026-01-28 21:59:52,real_assets
환율,"키이우스타 그룹, 2025년 매출 21.7% 증가한 11.2억 달러 전망",2026-01-28 22:21:58,real_assets
환율,"베온, 2025년 매출·조정EBITDA 24~26% 성장 전망",2026-01-28 22:39:59,real_assets
환율,"테바파마슈티컬, 호실적에도 불구하고 보수적 가이던스에 주가 하락",2026-01-28 23:11:15,real_assets
환율,대통령이 환율포기 선언…선거 앞두고 제조업 살리기 올인한 트럼프,2026-01-29 03:13:01,real_assets
환율,"‘사상 최대’ 매출인데 관세 발목…관세비용 3조 쓴 기아, 영업익 ‘뒷걸음’",2026-01-29 03:13:14,real_assets
환율,"페로비알, 1314만 유로 규모 자사주 23만주 매입 단행",2026-01-29 04:13:47,real_assets
환율,"콘메드, 4분기 매출 3억7320만 달러...전년대비 7.9% 증가",2026-01-29 06:15:58,real_assets
환율,"월풀, 4분기 매출 40.9억 달러·순익 1.08억 달러 흑자전환",2026-01-29 06:25:04,real_assets
환율,"초대형 크루즈부터 원화 결제까지, 한국 크루즈 여행 더 커진다",2026-01-29 07:57:27,real_assets
환율,"“기아, 신차 효과에 로봇 사업 지분가치 확대”…목표가 21만원으로 상향",2026-01-29 08:00:02,real_assets
환율,스테이블코인 시총 3천억달러 돌파…“가상자산 넘어 금융 인프라로”,2026-01-29 08:45:22,real_assets
환율,파크시스템스 `안정성과 성장성 겸비` 증권사 발표에 강세…5.7%,2026-01-29 09:55:31,real_assets
환율,글로벌 판로 개척…대구 기계산업 10년만에 1790억원 수출 성과,2026-01-29 10:40:37,real_assets
환율,삼성운용 ‘KODEX 은선물(H)’ 올해 수익률 50.5%…ETF 전체 1위,2026-01-29 14:20:18,real_assets
환율,두쫀쿠 열풍에 자영업자 한숨 왜?,2026-01-29 14:36:21,real_assets
환율,EY한영 “지금은 NAVI의 시대’...AI로 기업 경쟁력 재설계를”,2026-01-29 17:29:57,real_assets
환율,방향 튼 1400조 연기금 … 국내 투자 늘린다,2026-01-29 17:38:22,real_assets
환율,[표] 외국환율고시표,2026-01-29 18:01:50,real_assets
환율,"국민연금도 코스닥 전폭 지원…""더 많은 수익 난다면 투자확대""",2026-01-29 19:34:06,real_assets
환율,"써모 피셔 사이언티픽, 4분기 매출 122억달러 7% 증가...EPS 8% 성장",2026-01-29 20:08:52,real_assets
환율,"제록스, 4분기 매출 26% 급증…렉스마크 통합 가속화 중",2026-01-29 20:37:23,real_assets
환율,"1400조 연기금, 코스닥 투자 물길 튼다…정부 첫 ‘가이드라인’ 발표",2026-01-29 20:51:59,real_assets
환율,"마시 앤 맥레넌, 4분기 매출 9% 증가..조정 EPS 10% 상승",2026-01-29 21:05:14,real_assets
환율,"맨파워, 4분기 매출 7.1% 증가..순익 영향 일회성 비용 주목",2026-01-29 21:34:07,real_assets
환율,"마스터카드, 4분기 매출 18% 급증·EPS 24% 상승...부가가치 서비스 성장 주도",2026-01-29 22:05:53,real_assets
환율,"사노피, 4Q 매출 13.3% 급증...듀피젠트 호조로 연간 EPS 15% 성장",2026-01-29 22:58:17,real_assets
환율,국민연금 “21세기중 소진 걱정없게 할것”…코스닥 확대가능성 언급,2026-01-30 06:00:01,real_assets
환율,"[속보] 미국, 한국 환율 관찰 대상국 재지정…독일·일본·대만 포함",2026-01-30 06:12:56,real_assets
환율,"버크스 그룹, 홀리데이 매출 11.8% 증가...유럽 럭셔리 인수 효과",2026-01-30 07:02:02,real_assets
환율,"“원화 약세? 韓 대기업이 배당 안해서”...美, 환율 문제에 서학개미 언급했다는데",2026-01-30 10:29:32,real_assets
환율,"한은 총재 “환율 급등, 달러의 ‘풍요 속 빈곤’ 때문…국민연금은 환헤지 비율 늘려야”",2026-01-30 12:19:16,real_assets
환율,한국 또 ‘환율 관찰 대상국’…靑 “기계적 결정”,2026-01-30 13:29:07,real_assets
환율,"5천피에 가려진 그늘도...아슬아슬 환율, 칼날 위 외환 시장",2026-01-30 15:41:48,real_assets
환율,"이창용 “환율 급등 정말 의아…국민연금, 환 헤지 늘려야”",2026-01-30 16:52:23,real_assets
환율,"7초에 1개 팔리는 효자템…그런데 주가는 60% 넘게 뚝, 대체 왜 [K주식, 이걸 사? 말아?]",2026-01-30 17:30:00,real_assets
환율,"""낮은 배당·PBR, 대기업 집중""… 미국이 분석한 원화약세 3요인",2026-01-30 17:35:48,real_assets
환율,"이번엔 문서로 … 美재무부 ""원화 저평가 지나치다""",2026-01-30 17:38:07,real_assets
환율,[표] 외국환율고시표,2026-01-30 17:45:46,real_assets
환율,"셰브론, 4분기 순익 27.7억 달러..전년비 14.4% 감소",2026-01-30 20:18:26,real_assets
환율,"에이온, 4분기 EPS 138% 급증…연간 매출 9% 성장·재무구조 개선",2026-01-30 20:37:09,real_assets
환율,“낮은 배당률에 개인·기관 해외로”…미국이 분석한 원화약세 이유,2026-01-30 20:37:09,real_assets
환율,"아메리칸 익스프레스, 4Q 매출 10% 증가·EPS 16% 상승",2026-01-30 21:02:30,real_assets
환율,"야누스 헨더슨 그룹, 4Q25 EPS 전년비 두배 급증..자산 30% 증가",2026-01-30 23:02:00,real_assets
환율,"앤호이저부시 인베브, 미국 금속용기 공장 잔여지분 29억 달러에 인수",2026-01-31 06:04:54,real_assets
환율,"매경이 전하는 세상의 지식 (매-세-지, 1월 31일)",2026-01-31 07:00:00,real_assets
환율,"에코페트롤, 2025년 지배구조 보고서 제출...올해 EPS 16.7% 감소 예상",2026-01-31 07:21:04,real_assets
환율,"원치 않을 때 사고, 갈망할 때 내놓는다 [김지은의 아트 레이더]",2026-01-31 21:00:00,real_assets
환율,“거기서 카다이프 마구 사들인다던데?”…‘두쫀쿠’에 불붙은 기업들,2026-02-01 06:06:45,real_assets
환율,"“유로화 강세는 반갑지만, 수출 타격 어쩌나”…‘달러 딜레마’ 닮아가는 유로화",2026-02-01 06:42:26,real_assets
환율,금융硏 “국민연금·개인 해외투자가 원화값 급락 영향”,2026-02-01 11:06:29,real_assets
환율,“불법은 아니지만 정상 아니다”…수출대금 회수 늦어지는 동안 뉴노멀 된 고환율,2026-02-01 15:14:28,real_assets
환율,외국인 한국에 2000만명 오지만 연 14조 관광적자…밑빠진 독 메우기 위한 3대 전략,2026-02-01 16:04:32,real_assets
환율,[기고] 테헤란의 봄을 기다리며,2026-02-01 17:03:58,real_assets
환율,[표] 외국환율고시표,2026-02-01 17:13:25,real_assets
환율,당국 경고에도 … 달러보험 여전히 '불티',2026-02-01 17:13:27,real_assets
환율,"금융당국 경고도 안 통했다…달러보험, 은행서만 한달새 2천억 팔려",2026-02-02 06:08:19,real_assets
환율,"‘워시 공포’ 미국발 불확실성에...환율, 1450원 재돌파",2026-02-02 09:53:35,real_assets
환율,KCGI피델리티미국AI테크 펀드 출시…7% 수익 도달 시 채권형 전환,2026-02-02 10:36:16,real_assets
환율,한국 대기업 초봉 이 정도라니…일본·대만의 1.4배,2026-02-02 13:07:16,real_assets
환율,창립 47년 맞은 중진공 “ 중기·벤처 지속가능한 성장 도울 것”,2026-02-02 14:00:11,real_assets
환율,‘검은 월요일’ 코스피...5%대 폭락해 5000선 붕괴,2026-02-02 16:16:25,real_assets
환율,재경부 2차관에 IMF 근무한 허장 … 우주항공청장에 오태석 발탁,2026-02-02 17:21:44,real_assets
환율,[표] 외국환율고시표,2026-02-02 17:29:58,real_assets
환율,"앱티브, 4Q 매출 5% 성장·조정 EPS 6.3% 상승..전기분배 부문 강세",2026-02-02 20:51:29,real_assets
환율,李 한마디에 LS 백기…재계 중복상장 급브레이크,2026-02-02 21:00:00,real_assets
환율,송언석 “사법악법 강행하면 국회 정상운영 불가”…전면 필버 시사,2026-02-02 23:43:04,real_assets
환율,"애쉬랜드 글로벌 홀딩스, 1분기 매출 4.7% 감소..가이던스 하향",2026-02-03 07:13:11,real_assets
환율,"그리프, 1분기 순이익 1억7660만 달러...전년비 2600% 급증",2026-02-03 07:27:02,real_assets
환율,"KB증권 “하나금융지주, 핵심 지표 기대보다 우수…주주환원도 기대”",2026-02-03 08:49:23,real_assets
환율,"케이뱅크, 태국 최대은행 ’카시콘’과 협업...“해외송금·결제 혁신”",2026-02-03 10:48:04,real_assets
환율,본예산 잉크도 마르기 전 ‘벚꽃 추경’설 유감 [논설실 Pick],2026-02-03 11:41:46,real_assets
환율,환율 오르면 외려 주가 뛴다고?…연간 138% 오른 이 업종 뭐길래,2026-02-03 13:23:03,real_assets
환율,이녹스첨단소재 2025년 매출 4396억원…4% 증가,2026-02-03 14:51:14,real_assets
환율,"정신 없이 오르는 경기도 분양가…5년새 44%↑, 광명 국평 ‘16억 시대’",2026-02-03 14:52:48,real_assets
환율,"천일테크윈·대원에스디, 대구국가산단에 295억원 투자",2026-02-03 14:58:09,real_assets
환율,롤러코스터 탄 코스피…‘블랙먼데이’ 지우고 사상 최고가,2026-02-03 16:16:16,real_assets
환율,"아시아나, 화물기 사업부 매각·통합비용 지출에 3400억원대 적자",2026-02-03 16:49:22,real_assets
환율,"호텔신라, 연간실적 흑자로 전환…“내실 경영에 주력”",2026-02-03 16:55:21,real_assets
환율,"호텔신라, 지난해 영업이익 135억원…1년 만에 흑자전환",2026-02-03 17:05:29,real_assets
환율,[표] 외국환율고시표,2026-02-03 17:41:14,real_assets
환율,석유 안정에 물가 꺾였지만…IT·먹거리는 쑥,2026-02-03 17:41:20,real_assets
환율,커피원두값 고공행진에 작년 수입액 36% 급증,2026-02-03 17:48:20,real_assets
환율,"펩시코, 4분기 매출 6% 증가·EPS 68% 급증..100억달러 자사주매입 발표",2026-02-03 20:03:21,real_assets
환율,"PC바꾸니 월급삭제, 장보니 용돈삭제…물가상승률 꺾인 것 맞나요",2026-02-03 21:00:28,real_assets
환율,"볼, 4분기 매출 16.2% 증가·EPS 흑자전환...연간 실적 사상 최고치",2026-02-03 22:07:31,real_assets
환율,"그래픽 패키징 홀딩, 4분기 실적 부진·올해 전망 하향",2026-02-03 22:18:48,real_assets
환율,"“저가 커피, 계속할 수 있을까요?”...치솟는 원두값에 비용부담 ‘눈덩이’",2026-02-04 06:02:31,real_assets
환율,"콜롬비아 스포츠웨어, 4Q 매출 2% 감소·美사업 부진",2026-02-04 06:08:28,real_assets
환율,"라탐 에어라인스 그룹, 2025년 영업익 51.5% 급증..항공 수요 회복 수혜",2026-02-04 06:15:29,real_assets
환율,환율 방어에 또 줄었다…1월 말 외환보유액 약 3조원 감소,2026-02-04 06:29:06,real_assets
환율,"푸르덴셜 파이낸셜, 4Q 흑자전환..순이익 9억달러 달성",2026-02-04 06:34:22,real_assets
환율,"“0.2초새 5억 날렸다”…코스피 급반등에 선물 이상 폭등, 투자자들 ‘비명’",2026-02-04 08:13:17,real_assets
환율,"5300선 다시 올라탄 코스피…‘워시 쇼크’ 진정, 수급은 엇갈려",2026-02-04 09:33:11,real_assets
환율,[100세 시대 생애설계] 인생 해피엔딩 세대별 은퇴전략과 재무관리,2026-02-04 10:02:50,real_assets
환율,[속보] 장동혁 “이 대통령에게 다시 영수회담 요청…허비할 시간 없다”,2026-02-04 10:41:34,real_assets
환율,"교섭단체 대표 연설 나선 장동혁, 이 대통령에 영수회담 재차 요구 [전문]",2026-02-04 10:57:58,real_assets
환율,1월 말 외환보유액 4259.1억달러…환율 관리로 두 달째 감소세,2026-02-04 11:04:32,real_assets
환율,시장 눈높이 못 맞춘 호텔신라…증권사 목표주가도 ‘뚝’[매경 자이앤트],2026-02-04 11:13:25,real_assets
환율,"민주 “장동혁 연설, ‘尹 내란 외면’ 유체이탈 화법…무책임 정치 반복”",2026-02-04 14:39:51,real_assets
환율,"장동혁, 내일 홍익표 정무수석 만난다",2026-02-04 15:06:07,real_assets
환율,"코스피, 5300선 뚫고 사상 최고치 경신…코스닥도 상승 마감",2026-02-04 15:57:27,real_assets
환율,"수호아이오, ‘디지털 자산·스테이블코인 서밋’ 개최",2026-02-04 16:33:57,real_assets
환율,"코스피가 오를수록 같이 돈이 몰리는 곳, 파킹형 ETF가 뜬 이유는",2026-02-04 16:50:32,real_assets
환율,'환율방어' 영향 … 외환보유액 두달째 감소,2026-02-04 17:25:31,real_assets
환율,[표] 외국환율고시표,2026-02-04 17:48:38,real_assets
환율,"암독스, 1분기 매출 11억6천만 달러..전년비 4.1% 증가",2026-02-04 20:06:33,real_assets
환율,"스탠리 블랙 & 데커, 4분기 매출 37억 달러..전년비 1% 감소",2026-02-04 20:07:17,real_assets
환율,"얌 차이나 홀딩스, 4Q 매출 9% 성장·영업익 25% 급증",2026-02-04 20:07:57,real_assets
환율,"바이오테크네, 2Q 영업이익 15% 증가..수익성 개선 지속",2026-02-04 20:32:10,real_assets
환율,"웨스트포트 퓨얼 시스템즈, 경량차 부문 매각으로 650만 달러 마일스톤 수령",2026-02-04 20:47:00,real_assets
환율,코스피 5000 ‘뉴 웨이브’…‘머니 무브’ 자산 시장 ‘주인공’ 바뀐다,2026-02-04 21:00:00,real_assets
환율,"ATS, 3분기 매출 7.6억 달러 16.7%↑..조정 EPS 50% 급증",2026-02-04 21:20:02,real_assets
환율,"일라이 릴리, 4분기 매출 193억 달러·EPS 7.39달러..전년비 각각 43%·51% 급증",2026-02-04 21:21:32,real_assets
환율,"아젠타, 1분기 매출 1억4900만 달러..적자폭 축소",2026-02-04 21:27:03,real_assets
환율,"크라운 홀딩스, 4분기 EPS 9% 상승·연간 사상 최대 실적 달성",2026-02-05 06:15:06,real_assets
환율,"알라모스 골드, 2028년까지 금 생산량 46% 증가·비용 20% 감축 전망",2026-02-05 06:18:07,real_assets
환율,"이너시스, 3분기 EPS 전년비 50% 급증..모티브파워 부진 불구 실적 선방",2026-02-05 06:22:17,real_assets
환율,"웩스, 4분기 매출 6억7290만 달러..전년비 5.7% 증가",2026-02-05 06:38:36,real_assets
환율,[Special | Part 1] 中 증시 연초부터 상승세...경기회복 기대감에 위안화 강세,2026-02-05 10:07:38,real_assets
환율,"“연말까지 해외 송금 수수료 0원” 카카오페이, 서비스 베타 출시",2026-02-05 10:57:27,real_assets
환율,"강성진 신임 한국경제학회장 “경제정책, 이념 벗어나 시스템으로”",2026-02-05 11:32:43,real_assets
환율,"“뜨거운 증시, 경제에도 온기 확산되나”…씨티, 韓성장률 2.2→2.4% 상향",2026-02-05 14:32:30,real_assets
환율,"에코프로, 흑자전환에 매출 3조4315억원 10% 껑충",2026-02-05 15:47:36,real_assets
환율,"코스피, 3%대 급락해 5200선 내줘…코스닥도 하락 마감",2026-02-05 15:51:52,real_assets
환율,KB금융 순익 5.8조 ‘사상 최대’...주주환원 첫 3조 돌파,2026-02-05 15:53:54,real_assets
환율,[Part 3] 中 증시 투자가이드 A to Z,2026-02-05 16:22:48,real_assets
환율,[표] 외국환율고시표,2026-02-05 17:47:00,real_assets
환율,순익 1위 KB…주주환원 3조 돌파,2026-02-05 17:47:01,real_assets
환율,빅맥지수로 본 적정 원화값 1100원,2026-02-05 17:49:10,real_assets
환율,"스냅온, 4분기 매출 2.8%↑..분기 EPS 4.94달러로 호실적",2026-02-05 20:33:34,real_assets
환율,"에너자이저 홀딩스, 1분기 매출 7.8억 달러 증가..EPS 53% 급감",2026-02-05 21:00:06,real_assets
환율,"린데, 4분기 매출 87억6400만 달러...연간 배당·자사주 매입 74억 달러",2026-02-05 21:49:12,real_assets
환율,"인사이트 엔터프라이즈, 4Q 매출 소폭 감소·EPS 69% 급증",2026-02-05 22:06:14,real_assets
환율,"UGI, 1분기 부문별 실적 차별화..유틸리티 호조·중상류 부진",2026-02-05 22:33:55,real_assets
환율,"AGCO, 4분기 매출 소폭 증가·흑자전환...올해 매출 2.9% 성장 전망",2026-02-05 22:42:52,real_assets
환율,"마그네라, 1Q 매출 7.9억 달러·13% 증가...영업이익 흑자전환",2026-02-05 23:19:04,real_assets
환율,"마그네라, 1분기 흑자전환에 성공하며 투자자 관심 집중",2026-02-06 00:12:06,real_assets
환율,"애로우 일렉트로닉스, 4분기 매출 20%↑·EPS 101%↑...실적 가이던스 상회",2026-02-06 06:04:46,real_assets
환율,"리인슈어런스 그룹 오브 아메리카, 4분기 순이익 214% 급증...자사주 매입 5억 달러 결정",2026-02-06 06:23:24,real_assets
환율,"스트래텍 시큐리티, 2Q 매출 6% 증가·조정 EPS 42.5% 급증",2026-02-06 06:32:15,real_assets
환율,"제프스 브랜즈, 사명 변경·역주식병합 위한 특별 주총 3월 개최",2026-02-06 07:04:54,real_assets
환율,"[美공시]**스트라텍 시큐리티, 2026 회계연도 2분기 실적 호조…영업활동으로 1,400만 달러 현금 확보**",2026-02-06 08:58:43,real_assets
환율,나흘 만에 또 ‘매도 사이드카’…현기증 나는 코스피,2026-02-06 09:11:17,real_assets
환율,"“월급은 그대로인데, 이 돈 언제 갚나”…40대 가장 평균 빚 1.1억 돌파 역대급",2026-02-06 12:01:23,real_assets
환율,"HD현대일렉트릭, 2025년 영업익 50% 급등...5년 연속 상승",2026-02-06 15:37:55,real_assets
환율,부자가 되려면 시장을 읽는 눈부터 떠라,2026-02-06 16:40:43,real_assets
환율,"“중국관광객 보면 절하고 싶어진다”…지난해 90% 오른 호텔주 [K주식, 이걸 사? 말아?]",2026-02-06 17:30:00,real_assets
환율,"""원화약세 막자""… 정부, 외평채 17년만에 최대규모 30억弗 발행",2026-02-06 17:37:23,real_assets
환율,[표] 외국환율고시표,2026-02-06 17:47:31,real_assets
환율,언제까지 단톡방서 투자 배울건가요?…진짜 부자들의 시장 읽는 법은 [Book],2026-02-06 18:40:42,real_assets
환율,"대출 이자에 주식 거래수수료…4대금융 순이익, 연 20조 육박",2026-02-06 18:41:14,real_assets
환율,"퀴아젠, 4분기 매출 5.4억 달러 기대치 상회...2026년 5%이상 성장 전망",2026-02-06 20:06:10,real_assets
환율,"토요타 모터, 1분기 매출 6.8% 증가에도 영업익 13.1% 감소...환율 여파",2026-02-06 20:08:21,real_assets
환율,국내 경영진 53% “올해 한국 경제 긍정적”… 최근 5년 새 최고치 [EY한영 설문조사],2026-02-06 20:30:58,real_assets
환율,"마켓액세스 홀딩스, 4Q 매출 2억940만 달러 3%↑...EPS 36% 급증",2026-02-06 20:32:15,real_assets
환율,“고물가 강요 독과점 구조 바로 잡아야”…대통령 말에 생리대·설탕 ‘줄인하’,2026-02-06 20:34:17,real_assets
환율,"엔벤트 일렉트릭, 4Q 매출 11억달러...전년비 42% 급증",2026-02-06 20:46:59,real_assets
환율,"한국, 반도체 없으면 어쩔뻔…작년 경상수지 1230억불 흑자 ‘사상최대’",2026-02-07 05:18:25,real_assets
환율,대장주 투톱이 주저앉으니 방법이 없네…증시 랠리서 소외된 바이오,2026-02-07 05:27:43,real_assets
환율,[경제 프리즘] 1998년 금모으기 … 2026년 금사재기,2026-02-08 17:12:27,real_assets
환율,우리은행서 달러 환전시 90% 환율우대 혜택준다,2026-02-08 17:30:43,real_assets
환율,[표] 외국환율고시표,2026-02-08 17:30:45,real_assets
환율,"여야, 9일부터 대정부질문 … 관세협상·부동산 충돌",2026-02-08 17:55:59,real_assets
환율,‘롤러코스터’ 탄 코스피…4%대 급등하며 5300선 눈앞,2026-02-09 09:47:09,real_assets
환율,“코스피 5000시대지만 K양극화 굳어져…2.8조 민생 집중 투입”,2026-02-09 11:12:43,real_assets
환율,"‘불황 무풍지대’ 백화점, 역대급 실적…신세계, 작년 영업이익 4800억원",2026-02-09 14:55:09,real_assets
환율,"크래프톤, 지난해 첫 매출 3조 돌파…1조 이상 주주환원 정책도 발표",2026-02-09 15:40:30,real_assets
환율,"“원재료가 상승 영향”…오뚜기, 작년 영업익 1773억 20.2%↓",2026-02-09 16:15:02,real_assets
환율,[표] 외국환율고시표,2026-02-09 17:59:08,real_assets
환율,"황태덕장도 아니고, 얼었다 녹은 코스피…4.1% 올라 ‘도로 5300’",2026-02-09 18:34:32,real_assets
환율,"에쓰오일, 아람코 계열사에 5.5조 폴리에틸렌 수출계약",2026-02-09 19:31:14,real_assets
환율,6070도 “레버리지 ETF 사달라”…코스닥 연기금 동원령까지,2026-02-09 21:00:00,real_assets
환율,"“신세계, ‘질 좋은 실적’에 밸류에이션 재평가”…목표가↑",2026-02-10 07:49:01,real_assets
환율,"제주항공, 5분기 만에 흑자 비행…지난해 4분기 영업익 186억",2026-02-10 08:11:19,real_assets
환율,“한화에어로 168만원 정조준”…유럽 ‘재무장’에 목표가 줄상향 [오늘 나온 보고서],2026-02-10 08:21:57,real_assets
환율,안그래도 힘든데 일본 선거까지 ‘으악’…‘투심 위축’ 채권시장 겹악재에 흔들,2026-02-10 08:53:11,real_assets
환율,"“반도체 없었으면 어쩔뻔, GDP 1.6%P 끌어올려”…韓성장률 전망 줄상향",2026-02-10 10:14:48,real_assets
환율,고물가로 지탱된 성장률의 역설…집값 개혁 환경 만들었다 [나기자의 데이터로 세상읽기],2026-02-10 12:00:00,real_assets
환율,“미리 준비하는 설날이 알차다” 2026 설 연휴를 위한 실속 가이드,2026-02-10 16:22:34,real_assets
환율,유치원생·초등생 둔 워킹맘에 ‘희소식’...1~2주 단기 육아휴직 할 수 있어,2026-02-10 16:58:22,real_assets
환율,"“중국보다 80만원 저렴해요”…전세계 최대규모 ‘이곳’, 매일 줄 선다는데 [현장]",2026-02-10 17:37:50,real_assets
환율,[표] 외국환율고시표,2026-02-10 17:47:39,real_assets
환율,"金 ""美관세 압박 원인은 투자 지연이 100%""",2026-02-10 17:59:18,real_assets
환율,[단독]‘동전주 상폐’ 시동 건 금융당국…시총·매출 요건도 더 강화한다,2026-02-10 18:00:12,real_assets
환율,“오천피·천스닥에 내 주식은 140원”…동전주 증시퇴출 속도낸다,2026-02-11 06:05:40,real_assets
환율,기술상장 첫해부터 호실적…로킷헬스케어 11% 상승 [매경 자이앤트],2026-02-11 13:34:22,real_assets
환율,과천 20억·광명 15억·고양 8억…서울 인접지 국평 아파트가 6억대?,2026-02-11 13:34:33,real_assets
환율,"애경그룹, 항공·유통 흑자전환…재무개선 바탕 재도약 ‘시동’",2026-02-11 14:41:30,real_assets
환율,"한국투자증권, 지난해 영업익 2조3427억원…업계 최초 ‘2조 클럽’ 진입",2026-02-11 15:27:32,real_assets
환율,"""엑스트라버진 올리브유가 9990원"" 맘카페 입소문 타고 15만개 팔렸죠 [MD의 추천]",2026-02-11 16:18:02,real_assets
환율,[김세형칼럼] 집값전쟁의 진정한 승부처,2026-02-11 17:35:49,real_assets
환율,"KDI ""올 성장률 1.9%""… 美관세·반도체 경기·환율이 3대 복병",2026-02-11 17:39:26,real_assets
환율,"한투證, 채권·주식 운용수익 76% 늘었다",2026-02-11 17:45:54,real_assets
환율,[표] 외국환율고시표,2026-02-11 17:52:02,real_assets
환율,19만 중국인 몰려온다…큰손 귀환에 유통업계 ‘들썩’,2026-02-11 18:44:01,real_assets
환율,"실버코프 메탈스, 4분기 매출 51% 급증에도 주당 0.07달러 적자전환",2026-02-11 20:01:55,real_assets
환율,"비사이 프리시젼, 4분기 매출 10.9% 증가·8060만 달러 기록",2026-02-11 20:22:07,real_assets
환율,"인터 앤 코, 주당 0.11달러 현금배당 결정..전년대비 EPS 67.9% 증가",2026-02-11 20:27:57,real_assets
환율,"비사이프리시젼, 매출 증가에도 수익성 우려로 주가 급락",2026-02-11 20:51:09,real_assets
환율,"“방산·원전에 5년간 100조 지원”…수출입은행, 우선순위 정했다",2026-02-11 20:56:48,real_assets
환율,스티븐 도버 美 프랭클린템플턴 최고시장전략가 “ ‘5천피’ 아직 저평가…뒷바람 남았다” [인터뷰],2026-02-11 21:00:00,real_assets
환율,"오틀리 그룹, 4Q 매출 9.1% 성장...영업현금흐름 크게 개선",2026-02-11 21:06:10,real_assets
환율,"크래프트 하인즈, 4분기 매출 3.4% 감소...감액손실로 연간 58억달러 순손실",2026-02-11 21:08:20,real_assets
환율,"셀러브라이트 DI, 4분기 매출 18% 증가..클라우드·구독 사업 호조",2026-02-11 21:17:31,real_assets
환율,"AMC 네트웍스, 4분기 매출 5.9억 달러...스트리밍 매출 14% 성장",2026-02-12 06:05:10,real_assets
환율,"에퀴닉스, 4분기 매출 24억2천만 달러..전년比 7% 증가",2026-02-12 06:13:02,real_assets
환율,"지에프엘 인바이런멘탈, 4분기 매출 7.3% 증가..순익 흑자전환",2026-02-12 06:19:44,real_assets
환율,"크레인 NXT, 4분기 매출 4억7690만달러...전년비 19.5%↑",2026-02-12 06:23:05,real_assets
환율,"인터내셔널 플래이버스 & 프래그랜스, 4Q 매출 7% 감소..26년 가이던스 보수적",2026-02-12 06:27:05,real_assets
환율,"코그넥스, 4Q 매출 10% 성장·순익 35% 급증...올해도 두자릿수 성장 전망",2026-02-12 06:32:56,real_assets
환율,올 경제성장률 1.9%로 높인 KDI…美관세·AI거품·환율 ‘3대 복병’,2026-02-12 06:44:05,real_assets
환율,"와츠 워터 테크놀러지스, 4분기 매출 16% 성장..영업이익률 18.2%로 개선",2026-02-12 06:50:01,real_assets
환율,"매뉴라이프 파이낸셜, 2025년 매출 35% 급증..주당순익 21% 상승",2026-02-12 07:19:02,real_assets
환율,"“이마트, 목표가 올리지만 투자 의견은 ‘중립’…왜?”",2026-02-12 07:59:13,real_assets
환율,집값전쟁의 진정한 승부처 [김세형칼럼],2026-02-12 08:30:33,real_assets
환율,코스피 ‘5500선’ 돌파 마감…사상 최고가 경신,2026-02-12 09:13:11,real_assets
환율,"오리온, `밸류업 본격화` 증권사 발표에 강세",2026-02-12 10:56:20,real_assets
환율,"천만원짜리 가방 팔면서 보안은...360만명 고객정보 털린 루이비통, 과징금 214억",2026-02-12 11:00:00,real_assets
환율,“엔비디아 팔아도 양도세 0원?” 현실적인 RIA 손익계산서 따져보니…,2026-02-12 11:13:36,real_assets
환율,"신세계百, 1월 외국인 매출만 900억 뚫었다…역대 최대치 경신",2026-02-12 11:43:26,real_assets
환율,"공정위 담합 지적에…CJ제일제당 “협회 탈퇴, 임직원 경쟁사 접촉 금지”",2026-02-12 13:48:32,real_assets
환율,현대카드 김치본드 8000만弗 추가 발행…조달 다변화 속도,2026-02-12 14:17:09,real_assets
환율,한·미 금리 동결에 日 재정 확대 우려까지…1월 국채금리 상승 마감,2026-02-12 15:32:49,real_assets
환율,"덕산네오룩스, `4Q25 Review: 일회성 제외 시 무난` 증권사 발표에 강세",2026-02-12 15:54:54,real_assets
환율,[표] 외국환율고시표,2026-02-12 17:55:57,real_assets
환율,삼일PwC “고착화된 통상리스크...산업구조∙기업전략 대전환 필요”,2026-02-12 19:08:23,real_assets
환율,"HDFC 은행, ICICI 그룹 지분 9.95%까지 확대 승인 획득",2026-02-12 20:14:30,real_assets
환율,"“매출 방어하고 이익 챙겼다”...한샘, 작년 영업이익 185억원 거둬",2026-02-12 20:39:44,real_assets
환율,"버켄스탁 홀딩, 1분기 EPS 157% 급증..아시아태평양 매출 37% 성장",2026-02-12 20:40:01,real_assets
환율,"레스토랑 브랜드 인터내셔널, 4분기 매출 7.4% 증가...미국 버거킹 회복 조짐",2026-02-12 20:46:21,real_assets
환율,어느새 환호보다 한숨만...언다이내믹 코리아,2026-02-12 21:00:00,real_assets
환율,"브루커, 4분기 매출 9.8억 달러..영업이익률 15.7%로 하락",2026-02-12 21:05:50,real_assets
환율,"버켄스탁 홀딩, 2026년 가이던스 유지..매출 13~15% 성장 전망",2026-02-12 21:19:01,real_assets
환율,"피니아, 2025년 4분기 EPS 전년비 859% 급증·2026년 7%까지 성장 전망",2026-02-12 21:35:17,real_assets
환율,"게이츠 인더스트리얼, 4분기 매출 3.2% 증가·수익성 견고",2026-02-12 21:40:57,real_assets
환율,"툿시롤 인더스트리즈, 4분기 EPS 29% 증가...원재료 가격 부담 지속",2026-02-13 01:02:01,real_assets
환율,"핀터레스트, 4분기 매출 14% 성장..전년비 14% 증가한 13.2억달러 기록",2026-02-13 06:11:27,real_assets
환율,‘진격의 코스피’ 1년새 2548→5522…개미 던지자 외국인이 넙죽,2026-02-13 06:23:47,real_assets
환율,"누스킨, 4분기 영업익 2324만 달러 흑자전환..5분기 가이던스 부진",2026-02-13 06:25:10,real_assets
환율,"머서 인터내셔널, 4분기 3억달러 순손실..평화강 공장 자산손상 반영",2026-02-13 06:35:11,real_assets
환율,홍콩서 위안화 국채 4배 흥행…1%대 초저금리에도 자금 몰린 이유,2026-02-13 11:15:06,real_assets
환율,달러 쓸어담아도 환율 울상…한·일·대만 ‘통화 약세’ 이유는,2026-02-13 13:42:23,real_assets
환율,달러 약세 속 유로·위안화 부상…‘통화 다극화’ 신호탄 되나,2026-02-13 15:22:12,real_assets
환율,'1300조' 美투자 쏠림…큰손 된 韓,2026-02-13 15:45:04,real_assets
환율,[표] 외국환율고시표,2026-02-13 15:59:51,real_assets
환율,[단독] 서학개미 미국투자 1300조원 시대…큰손 된 한국,2026-02-13 16:04:17,real_assets
환율,대한항공 새 성장엔진 장착…방산·우주산업 날개 펴고 '이륙',2026-02-13 16:04:34,real_assets
환율,"서학개미, 달러·美증시 급변동땐 위험…정부, 국민연금 채권 환헤지 검토",2026-02-13 16:06:18,real_assets
환율,"애트머스 필트레이션 테크놀러, 4분기 EPS 21% 증가..코치 필터 인수로 올해 성장 가속화",2026-02-13 20:50:17,real_assets
환율,"앤호이저부시 인베브, 4분기 EPS 7.5% 증가..자사주 매입 진행 중",2026-02-13 21:33:18,real_assets
환율,"세멘토스 파카스마요, 2025년 매출 7.1% 증가...순이익은 22.5% 감소",2026-02-14 06:16:05,real_assets
환율,"미장 ‘94% 몰빵’ 서학개미 주의보…정부, 국민연금 ‘채권 환헤지’ 도입 검토",2026-02-14 08:42:27,real_assets
환율,설 연휴 마다 올랐던 비트코인.... 올해도 또?,2026-02-15 10:25:32,real_assets
환율,前 SBI VC트레이드 CTO “한일 스테이블코인 협력 시너지 엄청날 것”,2026-02-15 17:38:11,real_assets
환율,韓증시 반도체·AI인프라株 매력 … 서학개미는 피지컬AI 주목,2026-02-15 18:00:46,real_assets
환율,“IMF 때보다 더 불안하다”…대출 못 갚는 중소기업 속출,2026-02-15 21:30:24,real_assets
환율,외국인 던지고 ‘동학개미’ 받고…K반도체 앞날은,2026-02-16 09:00:00,real_assets
환율,‘코스피 랠리’ 계속되나…환율·트럼프·AI 삼중 변수,2026-02-16 21:00:00,real_assets
환율,"루이지애나-퍼시픽, 4Q 매출 5.67억 달러..OSB 부문 부진",2026-02-17 20:12:51,real_assets
환율,"에어로그로우 인터내셔널, 4Q 매출 14.4억 달러…전년비 3.4% 증가",2026-02-17 20:16:16,real_assets
환율,"소노코 프로덕트 컴퍼니, 4분기 매출 29.7% 증가..ThermoSafe 매각으로 흑자전환",2026-02-17 20:17:06,real_assets
환율,"제뉴인 파츠, 4Q 매출 4.1% 증가·순손실 6.1억달러...자동차·산업부문 분할 추진",2026-02-17 21:11:16,real_assets
환율,"오북 홀딩스, 미국 2300억 달러 송금시장 겨냥 'OwlPay Cash' 출시",2026-02-17 22:49:01,real_assets
환율,"크레디콥, 4Q 순이익 40.9% 급증..연간 ROE 19% 달성",2026-02-18 06:08:04,real_assets
환율,"로저스, 4분기 매출 2억달러 흑자전환...1Q 매출 최대 2억800만달러 전망",2026-02-18 06:11:05,real_assets
환율,"글라우코스, 4분기 매출 36% 급증...인수 관련 손상차손으로 적자 확대",2026-02-18 06:13:05,real_assets
환율,"아카마이 테크놀러지스, 성과·ESG 연계 임원 보너스 플랜 발표",2026-02-18 06:24:08,real_assets
환율,"헌츠맨, 4분기 매출 13.5억달러..적자폭 축소",2026-02-18 06:35:39,real_assets
환율,"JELD-WEN 홀딩, 4Q 매출 10.5% 감소·분기적자 지속..2026년 실적 추가 악화 전망",2026-02-18 06:39:40,real_assets
환율,"켄뷰, 4Q 매출 3.2% 증가·영업이익률 14.2% 개선",2026-02-18 06:48:01,real_assets
환율,주택규제 심해지자 … 성수 꼬마빌딩에 다시 볕드나,2026-02-18 15:56:22,real_assets
환율,"‘AI 특수’ 대만, 올해 성장률 7.71%·GDP 4만4000달러 전망…“한국보다 높아”",2026-02-18 16:56:46,real_assets
환율,[표] 외국환율고시표,2026-02-18 17:01:25,real_assets
환율,"바슈롬, 4분기 매출 14억 달러·전년비 10% 증가...제약 부문 14% 성장",2026-02-18 21:04:11,real_assets
환율,"인슐릿, 4분기 매출 7억8380만달러..전년비 31% 증가",2026-02-18 21:07:01,real_assets
환율,"필립 모리스 인터내셔널, 2026년 EPS 전망치 8.38~8.53달러 상향 발표",2026-02-18 21:07:51,real_assets
환율,"찰스리버 래버러토리, 4분기 매출 9억9420만 달러..전년비 0.8% 감소",2026-02-18 21:15:02,real_assets
환율,"베리스크 애널리틱스, 4분기 매출 5.9% 증가...배당 11% 인상",2026-02-18 21:19:12,real_assets
환율,“지금은 큰 거 사면 안돼”...주택규제 심해지자 성수 ‘꼬마빌딩’ 볕든다,2026-02-18 21:24:02,real_assets
환율,"에이비스 버짓 그룹, 4분기 조정 EBITDA 흑자전환·전기차 자산 5억달러 감액",2026-02-19 06:04:09,real_assets
환율,"스프랏, 4분기 주당배당 0.40달러 확정··3월 17일 지급",2026-02-19 06:08:19,real_assets
환율,"이베이, 4분기 매출 30억 달러...전년비 15% 증가",2026-02-19 06:11:10,real_assets
환율,"옴니컴, 4Q 매출 55억달러 27.9%↑..IPG 인수 효과·자사주 50억달러 매입 승인",2026-02-19 06:12:20,real_assets
환율,"몰슨 쿠어스 브루잉, 4분기 매출 2.7% 감소..2026년 수익성 하락 전망",2026-02-19 06:14:31,real_assets
환율,"노드슨, 1Q 매출 6억6900만 달러·EPS 44% 급증... 연간 가이던스 상향",2026-02-19 06:34:03,real_assets
환율,"허벌라이프, 4분기 매출 12억8300만 달러..전년비 6.3% 증가",2026-02-19 06:35:13,real_assets
환율,"카던트, 4Q 매출 2.86억 달러로 11% 성장...2026년 매출 11.6억 달러 전망",2026-02-19 07:13:56,real_assets
환율,"킨로스 골드, 2025년 연간 매출 71% 급증...금값 상승 덕분",2026-02-19 07:18:37,real_assets
환율,"“클래시스, 브라질 파트너사 인수 지연”…목표가↓",2026-02-19 08:20:59,real_assets
환율,장동혁 “요즘 대통령 SNS에 온통 부동산뿐…관세부터 해결해야”,2026-02-19 10:09:05,real_assets
환율,"맥도날드, 내일부터 가격 100∼400원 인상…빅맥세트 7600원",2026-02-19 10:29:20,real_assets
환율,“맥도날드마저”…고환율 여파에 가격 최대 400원 인상,2026-02-19 10:50:39,real_assets
환율,[표] 외국환율고시표,2026-02-19 17:40:33,real_assets
환율,"오시스코 골드 로얄티스, 2025년 매출 44.5% 증가...순이익 27% 상승",2026-02-19 20:06:43,real_assets
환율,"젠썸, 4분기 EPS 69% 급증...연간 영업현금 7% 성장",2026-02-19 20:12:07,real_assets
환율,"발네바, 2025년 매출 3% 증가…2026년 라임병 백신 3상 결과 주목",2026-02-19 20:21:07,real_assets
환율,"UL 솔루션스, 4분기 매출 7.9억 달러·EBITDA 28.4% 증가...배당 11.5% 인상",2026-02-19 20:58:20,real_assets
환율,"가렛 모션, 4Q 매출 6%↑·순익 9.4% 달성..환율·상업용차 호조",2026-02-19 21:00:10,real_assets
환율,"월마트, 4Q 매출 1907억 달러로 5.6% 증가...신규 300억 달러 자사주 매입 계획 발표",2026-02-19 21:03:50,real_assets
환율,"브래디, 2Q 매출 7.7% 증가·EPS 1.01달러..20분기 연속 성장",2026-02-19 21:09:11,real_assets
환율,"엔다바, 2분기 매출 1억8410만 파운드..전년비 5.9% 감소",2026-02-19 21:21:01,real_assets
환율,"트래블주, 4분기 매출 9% 성장..마케팅 투자로 손익분기점 기록",2026-02-20 02:25:00,real_assets
환율,"[MK시그널] 현대코퍼레이션, 저평가 구간 및 사업 다각화 부각 등에 주가 상승세... MK시그널 추천 후 상승률 17.04% 기록",2026-02-20 10:11:52,real_assets
환율,‘사스포칼립스’ 속 국민연금이 PICK한 종목은? [MK포커스],2026-02-20 10:50:23,real_assets
환율,코스피 5800선 돌파 마감…사상 최고치 경신하며 ‘6천피’ 눈앞,2026-02-20 13:50:59,real_assets
환율,"“원금 절반 이상을 돌려주네”…목돈 만드는 달러보험, 환율 변동 주의",2026-02-20 15:46:45,real_assets
환율,"코스피, 사상 첫 5800 돌파",2026-02-20 17:13:34,real_assets
환율,[표] 외국환율고시표,2026-02-20 17:40:28,real_assets
환율,"“5600 하루뒤 5800피, 현기증 납니다”…95만닉스 만든 미국 큰손",2026-02-21 06:01:47,real_assets
환율,“성과급 아직도 통장에 그대로 있어?”…파킹형 ETF로 3% 노린다 [캥거루족 탈출기⑥],2026-02-22 08:03:05,real_assets
환율,“위안화만 치고 나가네”…한중일 통화 저평가 속 위안화 강세 전환 이유는,2026-02-22 09:00:51,real_assets
환율,"990원 도시락, 1만원 피자…고물가에 입소문 난 ‘초저가’ 먹거리",2026-02-22 17:04:06,real_assets
환율,[표] 외국환율고시표,2026-02-22 17:13:39,real_assets
환율,원자재 의존 높아…고환율=수출효과 옛말,2026-02-22 17:48:37,real_assets
환율,[이번주 증시 예보] 26일 금통위 기준금리 결정…엔비디아 실적 발표 주목,2026-02-22 17:53:51,real_assets
환율,“증권株 지금 담아도 안 늦었나요?”…신고가 행진 시장의 평가는,2026-02-23 06:20:07,real_assets
환율,"[美공시]아미쿠스 테라퓨틱스, 2025년 연간 재무 실적 및 기업 업데이트 발표, 바이오마린(BioMarin)의 인수 제안 포함",2026-02-23 08:47:01,real_assets
환율,"“50년 전보다 월급이 줄어든 느낌”…엔화 가치, 52년만에 최저 수준",2026-02-23 11:19:36,real_assets
환율,"코스피, 사상 첫 5900선 돌파 후 5840 마감…코스닥 숨고르기",2026-02-23 16:30:00,real_assets
환율,[표] 외국환율고시표,2026-02-23 17:33:50,real_assets
환율,'2년 표류' 韓 차기 구축함 7월까지 사업자 선정한다,2026-02-23 17:37:01,real_assets
환율,일본 저성장 장기화에 엔화가치 53년래 최저,2026-02-23 17:45:42,real_assets
환율,"에퀴노르, 3분기 배당 0.37달러 확정…2월 27일 지급",2026-02-23 20:07:00,real_assets
환율,정부 '엘리엇 ISDS 취소소송' 승소,2026-02-23 23:16:10,real_assets
환율,"노반타, 4분기 매출 2억5830만 달러·조정 EPS 20% 급등",2026-02-24 06:47:56,real_assets
환율,"갈라파고스, 2025년 매출 304% 급증·흑자전환 성공",2026-02-24 07:18:08,real_assets
환율,이달 중 ‘6000피·20만 전자’ 갈까…26일 엔비디아 실적 발표 주목,2026-02-24 07:41:26,real_assets
환율,“뜨거운 증시 열기 여기까지 달궜나”…원화 실질가치 7개월만에 반등,2026-02-24 09:25:11,real_assets
환율,“미장 탈출은 지능순?”…‘트럼프 리스크’에 애타는 서학개미,2026-02-24 11:05:53,real_assets
환율,올해도 분양가 오른다는데…‘분양 중’인 단지 주목,2026-02-24 11:31:27,real_assets
환율,큰손 된 서학개미…증시 조정오면 환차손까지 ‘쌍코피’ 터진다 [나기자의 데이터로 세상읽기],2026-02-24 12:00:00,real_assets
환율,삼전·하닉 시총 합산 비트코인 넘었다 [매일코인],2026-02-24 15:05:37,real_assets
환율,[표] 외국환율고시표,2026-02-24 17:39:54,real_assets
환율,"테넌트, 4분기 매출 2억9160만 달러..ERP 차질로 11% 급감",2026-02-24 20:04:03,real_assets
환율,"헨리 쉐인, 4분기 매출 34억 달러..전년비 7.7% 증가",2026-02-24 20:32:37,real_assets
환율,"엔비리, 4분기 매출 5억5600만 달러·순손실 8600만 달러",2026-02-24 22:13:07,real_assets
환율,"인터내셔널 제네럴 인슈어런스, 4분기 EPS 13% 증가·연매출 6.67억 달러",2026-02-25 06:48:08,real_assets
환율,"알콘, 2025년 매출 103억 달러·EPS 2.11달러 달성",2026-02-25 07:10:10,real_assets
환율,"인터 파퓸스, 4분기 매출 3억8600만 달러..전년비 7% 증가",2026-02-25 07:25:11,real_assets
환율,"“한국카본, 4분기 실적 시장 전망치 상회”…목표가↑",2026-02-25 08:34:48,real_assets
환율,"[MK시그널] 경동나비엔, 북미 HVAC 신시장 선점 및 하반기 실적 가시화 등에 주가 상승세... MK시그널 추천 후 상승률 20.06% 기록",2026-02-25 10:31:36,real_assets
환율,프랭클린템플턴 “한국 증시 재평가 국면…기업의 행동 변화 동반돼야”,2026-02-25 14:41:49,real_assets
환율,"공항은 북적, 지갑은 해외로?…관광수지 3년 연속 14조원 적자",2026-02-25 15:13:11,real_assets
환율,"코스피, 사상 첫 ‘6000피’ 개막…5000피 이후 18거래일 만에 ‘새 역사’",2026-02-25 16:37:52,real_assets
환율,[표] 외국환율고시표,2026-02-25 17:34:27,real_assets
환율,개인·기관 해외투자잔액 1.3조달러로 사상 최대,2026-02-25 18:02:10,real_assets
환율,"오웬스 코닝, 4분기 매출 21억 달러·EPS 적자전환…도어 손상차손 직격",2026-02-25 20:37:04,real_assets
환율,"금통위, 오늘 기준금리 결정…성장률 올리고 금리 6연속 ‘동결’ 무게",2026-02-26 08:38:44,real_assets
환율,"국민연금 해외투자, 환율 충격 완화장치 마련된다…“외환시장 영향 최소화”",2026-02-26 09:00:49,real_assets
환율,"코스피, 6200선도 코앞…개인 매수세 주도",2026-02-26 09:47:59,real_assets
환율,"[속보] 한은 금통위, 기준금리 연 2.5%…6연속 동결",2026-02-26 09:50:29,real_assets
환율,“내가 진짜 AI 비서”…27일부터 ‘갤럭시 S26’ 사전판매,2026-02-26 10:43:10,real_assets
환율,"[속보] 한은, 기준금리 연 2.5% 6연속 동결…성장률 전망치 2%로 상향",2026-02-26 10:50:12,real_assets
환율,삼정KPMG “아태 지역 PE 시장 반등 조짐”,2026-02-26 11:20:58,real_assets
환율,"국경 넘는 코인 2.5조달러…자본시장연구원 “한국, 낡은 외환 모니터링 체계 재검토”",2026-02-26 11:24:14,real_assets
환율,“올해 경제성장은 반도체가 큰 역할”…한국은행이 내다본 전망은,2026-02-26 15:48:44,real_assets
환율,"“기준금리 그대로인데, 주담대 금리 왜 오르는거야?”…한은 금리동결에도 영끌족 한숨",2026-02-26 16:16:59,real_assets
환율,"노태문 ""AI의 경쟁무대는 결국 디바이스""",2026-02-26 17:12:10,real_assets
환율,올 성장 전망 상향 조정했는데도 2.0%…심각한 주가·실물 괴리 [사설],2026-02-26 17:17:36,real_assets
환율,[표] 외국환율고시표,2026-02-26 17:53:06,real_assets
환율,"타이탄 인터내셔널, 4분기 매출 7% 증가·4억1040만 달러..토목·건설 21%↑",2026-02-26 20:04:07,real_assets
환율,"TSMC, 4분기 순이익 47% 급증··· 2026년 매출 30% 성장 전망",2026-02-26 20:09:38,real_assets
환율,"포트리아 홀딩스, 4분기 매출 6억6050만 달러로 5.2% 감소",2026-02-26 20:11:09,real_assets
환율,"아쿠쉬네트 홀딩스, 4분기 매출 4억7,720만 달러..3,490만 달러 적자 전환",2026-02-26 20:15:09,real_assets
환율,"페리고, 4분기 조정 EPS 0.77달러..전년비 17% 감소",2026-02-26 20:39:53,real_assets
환율,누가 뭐라든 승진은 싫다…‘리더 포비아’ [스페셜 리포트],2026-02-26 21:00:00,real_assets
환율,"벤틀리 시스템즈, 4분기 매출 3억9160만 달러·12% 증가",2026-02-26 21:06:55,real_assets
환율,"자이 랩, 4분기 매출 17% 증가한 1억2760만 달러..XACDURO 225% 급증",2026-02-26 21:08:15,real_assets
환율,"테크노글래스, 4분기 매출 2억4530만 달러..EPS 43% 감소",2026-02-26 21:10:46,real_assets
환율,"J.M. 스머커, 3분기 매출 23억 달러..전년비 7% 증가",2026-02-26 21:11:16,real_assets
환율,"스텔란티스, 2025년 223억 유로 순손실·매출 2% 감소",2026-02-27 02:09:02,real_assets
환율,"이타우 유니방코 홀딩스, 2025년 순이익 448억 헤알..전년비 9.2% 증가",2026-02-27 04:20:29,real_assets
환율,"옵코 헬스, 4분기 매출 1억4850만 달러..전년비 19% 감소",2026-02-27 06:16:08,real_assets
환율,"[속보] 쿠팡, 4분기 매출 12조8103억원…전년 동기보다 11% 성장",2026-02-27 06:18:45,real_assets
환율,"쿠팡, 4분기 매출 88억 달러로 11% 성장..순손실 2600만 달러 기록",2026-02-27 06:19:19,real_assets
환율,"퍼브매틱, 4분기 매출 8005만 달러..전년비 6% 감소",2026-02-27 06:21:09,real_assets
환율,"글로반트, 4분기 EPS 0.93달러로 9.4% 증가..연간 FCF 사상 최대",2026-02-27 06:22:00,real_assets
환율,"넥사 리소시즈, 2025년 매출 30억 달러·영업이익 80% 급증",2026-02-27 06:23:20,real_assets
환율,"몬스터 베버리지, 4분기 매출 18% 증가한 21억 달러..순이익 66% 급증",2026-02-27 06:28:50,real_assets
환율,"[속보] 쿠팡, 49조원 연매출로 ‘사상 최대’…‘유출사고’ 4분기 영업이익은 97% 급감",2026-02-27 06:29:19,real_assets
환율,"어슈어드 개런티, 2025년 순이익 5억 달러·EPS 49% 증가",2026-02-27 06:36:52,real_assets
환율,"사이텍 바이오사이언시스, 4분기 매출 6210만 달러로 8% 증가..주당 0.34달러 적자 전환",2026-02-27 06:39:12,real_assets
환율,"암파스타 파마슈티컬스, 4분기 매출 1억8310만 달러..전년비 2%↓",2026-02-27 06:41:43,real_assets
환율,"정보 유출 악재에 성장세 꺾였나…쿠팡Inc, 4분기 영업익 97% ‘뚝’",2026-02-27 07:03:51,real_assets
환율,"뉴마켓, 분기 배당 주당 3달러로 인상··4월 1일 지급",2026-02-27 07:06:50,real_assets
환율,"베터웨어 드 멕시코, 4분기 EBITDA 42% 급증·마진 19% 달성",2026-02-27 07:17:00,real_assets
환율,갤럭시S26 사면 AI에이전트 따라온다…택시호출·음식배달 한방에 끝,2026-02-27 07:40:20,real_assets
환율,“주식·부동산 돈벼락 맞는데 왜 나만?”…현 시스템에선 그게 당연하다는 경제학자,2026-02-27 08:00:00,real_assets
환율,"쿠팡 김범석, 정보 유출 첫 사과…“고객 심려 끼쳐 사과, 기대에 부응”",2026-02-27 08:57:09,real_assets
환율,"“AI가 상담부터 해결까지 한번에”…KT, 자율형 인공지능 콘택트 센터 첫선",2026-02-27 09:57:53,real_assets
환율,[Stablecoin] Interview | 원화 스테이블 코인의 미래는? “증명(Proof) 없이는 아무도 믿지 않는다”,2026-02-27 14:58:41,real_assets
환율,해외 식품 매출 역대 최대라지만…K푸드 열풍에도 웃지 못하는 CJ제일제당,2026-02-27 15:27:05,real_assets
환율,대형마트·편의점 우울한데…역대급 불황에도 백화점은 웃었다,2026-02-27 15:27:26,real_assets
환율,5년 새 매출 4배로…K뷰티 ‘킹메이커’ 어디? [K뷰티 숨은 거인],2026-02-27 15:28:08,real_assets
환율,코스피 활황에 농특세 2배…1월 6000억 전년比 2배,2026-02-27 15:40:25,real_assets
환율,[표] 외국환율고시표,2026-02-27 17:48:27,real_assets
환율,"아우라 미네랄스, 주당 0.66달러 배당 선언..배당수익률 6.2%",2026-02-27 20:06:56,real_assets
환율,"도세보, 4분기 매출액 6,303만 달러·전년비 10.5%↑",2026-02-27 21:01:20,real_assets
환율,"월풀, 8억 달러 규모 공모로 부채 감축 및 자동화 투자 추진",2026-02-28 06:35:55,real_assets
환율,"차트 인더스트리즈, 4분기 매출 10억8000만 달러·EPS 1.01달러 기록",2026-02-28 06:54:10,real_assets
환율,“내 집 마련 쉽지 않네”…전국 분양가 ‘평당 2천만원’ 돌파했다,2026-02-28 08:56:24,real_assets
환율,코스닥 랠리 올라타고 싶다면...여의도서 강추하는 ‘이 종목’,2026-02-28 09:00:00,real_assets
환율,"“미국 도매물가에 급등 후 반락”…원·달러 환율, 1440원 마감",2026-02-28 09:18:14,real_assets
환율,"기름값 다시 꿈틀…휘발유 ℓ당 1700만원 눈앞, 경유도 오름세 지속",2026-02-28 10:10:39,real_assets
환율,확장재정 세상에서 ‘2% 물가 목표제’...그 골대 과연 괜찮을까 [논설실 Pick],2026-03-01 09:43:21,real_assets
환율,"차바이오텍, 2025년 매출 1조2683억원…전년比 21% 성장",2026-03-01 10:54:24,real_assets
환율,"미국 이란 공격에 국내 산업계 긴장 최고조…해운·정유·항공, 대응 고심",2026-03-01 10:59:18,real_assets
환율,“개장일이 두려워요”…확전 우려에 각국 금융시장 ‘공포’,2026-03-01 11:14:03,real_assets
환율,국힘 지지율 바닥인데 한동훈 출마에 오세훈 컷오프까지 가나··· “8년 전 지선 보다 훨씬 심각해”,2026-03-01 16:25:48,real_assets
환율,[표] 외국환율고시표,2026-03-01 17:26:42,real_assets
환율,美 이란 공습에 중동전쟁 확산 … 경제·안보 물 샐 틈 없는 관리를 [사설],2026-03-01 17:37:13,real_assets
환율,하메네이 사망에 비트코인 반등 … 금값도 요동,2026-03-01 17:55:06,real_assets
환율,유가·환율 '이중고' 韓기업 중동 주재원 안전 확보 총력,2026-03-01 17:55:07,real_assets
환율,하메네이 사망에 비트코인 반등·금값 요동…원화값 급락 전망도,2026-03-01 21:37:31,real_assets
환율,"“킬로당 6천만원, 부르는게 값”…귀하신 몸 ‘메모리’ 뜬 인천공항 가보니",2026-03-02 08:42:17,real_assets
환율,지난달 ‘불장’ 속 코스피 거래대금 사상 최대…30조원 돌파,2026-03-02 09:58:52,real_assets
환율,“잠이 안 와요”...美 이란 공습에 비트코인·금값 출렁,2026-03-02 10:16:12,real_assets
환율,중동 전운에 외환시장 ‘비상’...원달러 환율 1500원 돌파할까,2026-03-02 10:42:41,real_assets
환율,"4대 금융지주, 중동 리스크에 일제히 비상체계 가동",2026-03-02 10:53:18,real_assets
환율,금융ETF·건설자재株 … 월가 큰손은 가치株 사모으는 중,2026-03-02 16:38:21,real_assets
환율,[기자24시] 집값과의 전쟁에 등터진 사람들,2026-03-02 16:45:19,real_assets
환율,금융권 '이란전쟁' 피해기업 대출연장,2026-03-02 17:24:18,real_assets
환율,[표] 외국환율고시표,2026-03-02 17:24:19,real_assets
환율,"""중동전쟁 파장 철저히 대비""… 모든 靑직원 연휴에도 비상근무",2026-03-02 17:39:26,real_assets
환율,중동 '허브공항' 속속 폐쇄 … 유럽출장·물류대란 비상,2026-03-02 17:39:26,real_assets
환율,"""달러당 1500원 갈수도""…원화값 약세 전환",2026-03-02 17:46:50,real_assets
환율,"슈퍼 하이 인터내셔널 홀딩, 2025년 순이익 3,400만 달러..전년비 56% 증가",2026-03-02 20:21:53,real_assets
환율,유가 치솟고 아시아 증시 불안…‘전쟁 암운’에 숨죽인 자산시장,2026-03-02 21:00:45,real_assets
환율,"실드에어, 4분기 매출 14억1000만 달러..전년비 2.1% 증가",2026-03-02 21:14:06,real_assets
환율,"카메코, 인도와 2.6억달러 규모 우라늄 9년 장기공급 계약",2026-03-03 05:36:55,real_assets
환율,“중동 피해기업 대출금리 낮춥니다”...금융권도 비상대응체계 가동,2026-03-03 05:59:54,real_assets
환율,“국장을 왜 하냐” 묻던 서학개미들…박탈감에 월가 큰손 투자처 봤더니,2026-03-03 06:34:51,real_assets
환율,"투야, 4분기 순이익 97% 급증..영업이익률 흑자 전환",2026-03-03 07:13:20,real_assets
환율,전쟁 리스크에도 코스피 6100선 회복 …20만전자·100만닉스도 사수,2026-03-03 09:32:48,real_assets
환율,“살다살다 이란 미사일 쏜걸 실제로 보게 될 줄이야” [파일럿 Johan의 아라비안나이트],2026-03-03 10:00:00,real_assets
환율,중동 난리에 13.3조 푼다... 금융위 “가짜뉴스·시세조종 무관용 엄단”,2026-03-03 10:01:47,real_assets
환율,호르무즈 해협 봉쇄 리스크 현실화되나…산업계 촉각,2026-03-03 10:10:21,real_assets
환율,“방공 미사일 수요 몰려든다”…미국 이란 전쟁에 방산주 급등,2026-03-03 10:26:42,real_assets
환율,"한국중부발전, 중동 사태 관련 긴급상황 점검 회의 개최",2026-03-03 11:02:00,real_assets
환율,"[속보] 코스피, 미국·이란 전쟁 여파에 한때 ‘6000선’ 붕괴",2026-03-03 11:28:15,real_assets
환율,지난해 서울·분당 오피스 투자만 26조... 역대 최대 규모,2026-03-03 13:27:56,real_assets
환율,힘들게 잡혀가던 식품 물가 또 오르나…이란 공격에 식품업계도 ‘비상’,2026-03-03 13:47:51,real_assets
환율,아파트 집값 잡겠다는 전쟁인데…등터지는 건 대학생·임대업자들 [기자24시],2026-03-03 13:57:20,real_assets
환율,"한국동서발전, ‘중동정세 대응 긴급 상황점검회의’ 개최",2026-03-03 14:39:30,real_assets
환율,“내돈 주곤 도저히 못가겠다”…특급호텔 뷔페 ‘1인 20만원’ 속속 합류,2026-03-03 15:46:56,real_assets
환율,증시 사이드카 발동·환율 상승 … 고조되는 3高 위기 [사설],2026-03-03 17:17:49,real_assets
환율,변동성 큰 원화값…남미보다 더 흔들렸다,2026-03-03 17:40:41,real_assets
환율,[표] 외국환율고시표,2026-03-03 17:40:43,real_assets
환율,서울·분당 오피스 거래 작년 26조 … 사상 최대,2026-03-03 17:57:14,real_assets
환율,"금융당국, 중동 피해기업에 13.3조 지원",2026-03-03 18:04:27,real_assets
환율,"외국인, 삼전닉스 4.4조 '매도 폭탄'… 방산·정유株는 급등",2026-03-03 18:09:50,real_assets
환율,6244→5791…이란發 '검은 화요일',2026-03-03 18:15:00,real_assets
환율,"외국인, 삼전닉스 4조4000억 ‘매도폭격’…방산·정유株는 급등",2026-03-03 19:15:47,real_assets
환율,"널뛰는 원화값, 남미보다 더 흔들렸다…일평균 변동성 세계 6위",2026-03-03 19:26:32,real_assets
환율,코스피 6244→5791 역대급 급락…이란發 ‘검은 화요일’,2026-03-03 20:13:09,real_assets
환율,"온 홀딩, 2025 회계연도 매출 30억 CHF 돌파..전년비 30% 성장",2026-03-03 20:33:08,real_assets
환율,"오토존, 2분기 매출 44억 달러·8% 증가..EPS는 소폭 감소",2026-03-03 20:57:23,real_assets
환율,"‘비상 걸린’ 환율, 연장거래서 1480원대 돌파…연고점 경신",2026-03-03 21:02:05,real_assets
환율,"스포츠레이더 그룹, 4분기 매출 20% 증가..조정EBITDA 48% 급증",2026-03-03 21:22:00,real_assets
환율,막무가내 이란 “선박 다 불태울 것”…원유·가스 초비상,2026-03-03 23:07:32,real_assets
환율,원·달러 환율 한때 1500원 돌파…2009년來 처음,2026-03-04 00:57:26,real_assets
환율,"박스, 4분기 매출 3억5860만 달러..전년비 9% 증가",2026-03-04 06:13:21,real_assets
환율,"오큘리스 홀딩, 2025년 연간 순손실 1.2억 달러..2029년까지 운영자금 확보",2026-03-04 06:19:34,real_assets
환율,"웹툰엔터테인먼트, 4분기 매출 3억3천만 달러..전년비 6% 감소",2026-03-04 06:47:47,real_assets
환율,‘검은 수요일’ 코스피 3%대 급락…장중 5570선대로 밀려,2026-03-04 09:03:51,real_assets
환율,"웹툰엔터, 작년 매출 2조 육박…영업손실은 902억",2026-03-04 10:39:13,real_assets
환율,"성능 얼마나 좋아졌길래…110만원 비싸진 M5 맥북 프로, 돈값 할까",2026-03-04 10:41:49,real_assets
환율,“가득 채워 주세요” 더 오르기 전에 주유소로 직행…서울 휘발유 1800원 돌파,2026-03-04 11:24:14,real_assets
환율,코스피 급락·커지는 환율 변동성에…금융당국도 대책 마련 고심,2026-03-04 15:01:26,real_assets
환율,"원달러 환율 1500원 넘길까…한은 “현 상황, 과거와 달라”",2026-03-04 15:14:54,real_assets
환율,“이런 낙폭은 처음 본다”…미·이란 충돌에 코스피 12% 추락,2026-03-04 15:47:51,real_assets
환율,“김치 프리미엄 0% 수렴”‥원화 스테이블코인이 바꿀 금융 패러다임,2026-03-04 15:58:11,real_assets
환율,"여야, 대미투자법 12일 처리 합의…투자 방식은 이견",2026-03-04 16:19:02,real_assets
환율,트럼프는 이란만 공격한게 아니었다…중동발 폭탄 맞은 아시아 증시 ‘와르르’,2026-03-04 16:38:28,real_assets
환율,[포토] 요동치는 환율,2026-03-04 16:41:38,real_assets
환율,[포토] 불안한 환율,2026-03-04 16:41:41,real_assets
환율,중동 불안에 불똥 튄 K뷰티…배송 중단에 물류 리스크 ‘촉각’,2026-03-04 16:58:36,real_assets
환율,코스피 5100 붕괴·환율 1500원 돌파 … 유독 충격에 약한 韓경제 [사설],2026-03-04 17:00:53,real_assets
환율,“이란 전쟁에 한국·대만 특히 취약”…모건스탠리 콕 집어 ‘인플레’ 경고 이유,2026-03-04 17:34:02,real_assets
환율,'코스피 초토화' 버티던 개미들도 탈출 … 삼전 시총 130조 증발,2026-03-04 17:44:37,real_assets
환율,韓 증시·금값 하락에도 비트코인 1억원선 수성,2026-03-04 17:46:21,real_assets
환율,"웹툰 엔터, 작년 매출 2조 육박",2026-03-04 17:48:24,real_assets
환율,[표] 외국환율고시표,2026-03-04 17:51:22,real_assets
환율,强달러에 원화값 급락 … 17년 만에 '1500원대' 위기,2026-03-04 17:53:15,real_assets
환율,美 관세 압박에 … 與野 대미투자법 12일 처리키로,2026-03-04 18:00:44,real_assets
환율,내일 금융위 당정협의 전격 순연…‘중동·이란 사태’ 대책회의 여파,2026-03-04 19:24:31,real_assets
환율,죄다 흐르는데 홀로 버티는 비트코인…이와중에 믿는 구석 있다는데,2026-03-04 19:42:28,real_assets
환율,폭격 맞은 원화값…17년 만에 ‘1500원대’ 위기,2026-03-04 20:01:18,real_assets
환율,"리스키파이드, 4분기 GAAP 흑자전환..조정 EBITDA 58% 급증",2026-03-04 20:58:00,real_assets
환율,주진우 코스피 급락에…“빚투 권했으면 주가 폭락 책임도 정부에 있다”,2026-03-04 21:15:56,real_assets
환율,"아베크롬비앤피치, 4분기 매출 16억7,000만 달러..전년비 5% 증가",2026-03-04 21:35:56,real_assets
환율,“최근 이틀간 20% 가까이 빠졌는데”…코스피 폭락 언제 멈추려나,2026-03-04 22:07:50,real_assets
환율,"스테바나토 그룹, 2025 회계연도 매출 11.9억 유로..전년비 7% 증가",2026-03-05 06:07:26,real_assets
환율,"스테바나토 그룹, 2025 회계연도 4분기 매출 14억6100만 유로..전년비 7% 증가",2026-03-05 06:13:27,real_assets
환율,"다이아나 시핑, 파나맥스선 용선료 17% 인상 계약 체결",2026-03-05 06:34:47,real_assets
환율,"프리폼드 라인 프로덕트, 2025년 4분기 매출 1억7310만 달러..전년비 4%↑",2026-03-05 06:44:08,real_assets
환율,"귀국하자마자 ‘이란 변수’ 챙긴다…이 대통령, 오늘 임시 국무회의 주재",2026-03-05 06:59:30,real_assets
환율,"“1500원 쇼크, 외환시장 진정되나”…이란-미국 접촉 소식에 야간시장 환율 ‘하락전환’",2026-03-05 08:49:49,real_assets
환율,[속보] 이틀 연속 폭락 뒤 급등…코스피·코스닥 매수 사이드카 발동,2026-03-05 09:09:27,real_assets
환율,“지금 투매하면 후회합니다”…‘코스피 쇼크’에 증권가 “분할매수할 때”,2026-03-05 09:23:38,real_assets
환율,[속보] 이 대통령 “시장 안정 위한 100조원대 프로그램 신속 집행”,2026-03-05 10:09:45,real_assets
환율,이 대통령 “유류 최고가격 지정 필요…바가지 제제 방안도 논의”,2026-03-05 10:17:03,real_assets
환율,“바겐세일 감사했습니다”…삼성전자·SK하이닉스 매도세 집중 [주식 초고수는 지금],2026-03-05 10:27:55,real_assets
환율,"KB증권, COMEX 은선물 ETN 4종 동시 상장",2026-03-05 12:35:30,real_assets
환율,“환율 1550원까지 뛸 수도”…전쟁 장기화 우려 속 수혜주 찾아라,2026-03-05 13:23:17,real_assets
환율,"국내 최초·최저 보수, 예금만큼 안전…금감원 “이런 ETF 과장 광고 주의하세요”",2026-03-05 13:58:58,real_assets
환율,"반클리프, 두달 만에 또 올렸다…중동 불안에 명품 가격도 줄인상되나",2026-03-05 14:00:52,real_assets
환율,“숨 쉬고 밥만 먹고 살기도 쉽지 않네”…소고기·쌀 가격 두자릿수 ‘껑충’,2026-03-05 14:25:28,real_assets
환율,장동혁 “혈세로 선거용 주가 띄우기”…정부 금융시장 안정조치 비판,2026-03-05 15:10:24,real_assets
환율,귀국 후 ‘중동사태’ 챙긴 이 대통령…야당 “대통령은 본인 리스크만 관리”,2026-03-05 15:32:22,real_assets
환율,[단독]2025년 한국 외채 7628억달러…“대외차입 부담 커지면 변동성 확대”,2026-03-05 15:32:26,real_assets
환율,코스피 출렁…롱숏·손익차등형 펀드로 '방패' 세워라 [지갑을 불려드립니다.],2026-03-05 16:03:11,real_assets
환율,[테마진단] 트럼프가 그리는 '新중동'은 없다,2026-03-05 17:14:32,real_assets
환율,[표] 외국환율고시표,2026-03-05 17:38:44,real_assets
환율,수직 급등락에 올들어 6번째 사이드카 … 역대급 '롤러코스피',2026-03-05 17:50:49,real_assets
환율,달러당 1468원 … 원화값도 반등,2026-03-05 17:50:49,real_assets
환율,100조 시장안정자금 … 신속 집행 주문한 李,2026-03-05 17:57:42,real_assets
환율,수직 급등락에 올해 6번째 사이드카 발동…코스피 역대급 롤러코스터,2026-03-05 19:26:13,real_assets
환율,"李, 100조 시장안정자금 신속집행 주문…휘발유 최고가 지정제 지시",2026-03-05 19:35:43,real_assets
환율,"에코페트롤, 2025년 순이익 39.5% 감소..유가 하락 영향",2026-03-05 20:03:53,real_assets
환율,"에코페트롤, 2025년 ESG 관련 지표 공개..투명성 강화",2026-03-05 20:05:43,real_assets
환율,아파트 시대 끝? 다시 주목받는 꼬마빌딩 [감평사의 부동산 현장진단],2026-03-05 21:00:00,real_assets
환율,"랜팩 홀딩스, 4분기 매출 1.1억 달러..순손실 950만 달러 기록",2026-03-05 21:33:02,real_assets
환율,트럼프 ‘글로벌 관세’도 위법 소송 제기…24개주 참여,2026-03-06 06:06:38,real_assets
환율,"아르다 메탈 패키징, 2025년 사업보고서서 광범위한 리스크 요인 공개",2026-03-06 06:07:00,real_assets
환율,"삼사라, 4분기 매출 4억4400만 달러·28% 성장..2분기 연속 흑자",2026-03-06 06:14:22,real_assets
환율,"코스트코 홀세일, 2분기 매출 682억달러..전년비 9.1% 증가",2026-03-06 06:22:07,real_assets
환율,"퀘넥스 빌딩 프로덕트, 1분기 매출 4억910만 달러..전년비 2.3% 증가",2026-03-06 06:23:47,real_assets
환율,"클라루스, 4분기 매출 6540만 달러..전년비 8% 감소",2026-03-06 06:25:48,real_assets
환율,"메소드 일렉트로닉스, 3분기 매출 2억3370만 달러·순손실 1590만 달러",2026-03-06 06:35:00,real_assets
환율,"매경이 전하는 세상의 지식 (매-세-지, 3월 6일)",2026-03-06 07:00:00,real_assets
환율,[속보] 코스닥 급등에 매수 사이드카 발동,2026-03-06 09:26:27,real_assets
환율,‘동학개미’ 3조 매수로 코스피 방어…코스닥 3%대 상승,2026-03-06 09:40:21,real_assets
환율,국민의힘 “공기업 주유소 휘발유값도 급등…방치한 정부 책임 커”,2026-03-06 10:19:15,real_assets
환율,“트럼프 ‘대체 관세’도 불법”…美 24개주 무효 소송,2026-03-06 13:24:28,real_assets
환율,담서원 전략 사령탑…오리온 글로벌·바이오 챙긴다,2026-03-06 14:35:04,real_assets
환율,‘이란 사태’ 이후 폭락했던 韓 증시 ‘패닉셀’이었나…주도주 매수 기회?,2026-03-06 14:39:09,real_assets
환율,"환율·유가·증시 3중 충격...이란發 쇼크, 한국 경제 버틸 수 있나",2026-03-06 14:40:19,real_assets
환율,파죽지세 K증시…ETF 운용사 점유율 격차 확대 [재계톡톡],2026-03-06 14:41:54,real_assets
환율,"“코스피 7000까지도 가능”…韓 자산시장 대격변 이제 시작이라는데 [K주식, 이걸 사? 말아?]",2026-03-06 17:30:00,real_assets
환율,국제 위상 높아진 위안화…자금 유입 2000억弗 최대,2026-03-06 17:40:24,real_assets
환율,불붙은 국제유가… 한국 '3중고',2026-03-06 17:48:29,real_assets
환율,[표] 외국환율고시표,2026-03-06 17:52:39,real_assets
환율,"低생산성·산업경쟁력 약화·원화약세 … 韓, 4만弗 엔진 식었다",2026-03-06 17:52:55,real_assets
환율,유가 급등에 원화값 1470원대로 하락 … 당정 '환율안정법' 속도 낸다,2026-03-06 17:52:55,real_assets
환율,유가 급등에 원화값 1470원대 출렁…당정 ‘환율안정법’ 속도 낸다,2026-03-06 20:23:48,real_assets
환율,국제유가 전쟁…한국 고유가·고환율·고금리 ‘3중高’,2026-03-06 21:12:35,real_assets
환율,"허코 코스, 2026회계연도 1분기 매출 4290만 달러..전년비 8% 감소",2026-03-06 22:20:54,real_assets
환율,"인터 앤 코, 브라질 BDR 보유자에 주당 0.11달러 배당 지급",2026-03-07 06:09:22,real_assets
환율,"팜파 에너지아, 2025년 매출 47% 급증·영업익 56% 상승",2026-03-07 07:30:55,real_assets
환율,낮은 생산성·투자 부족·원화 약세…한국 국민소득 성장판 닫혔다,2026-03-07 07:46:11,real_assets
환율,위기 때마다 사들였는데…이란 공습후 오히려 약세 뚜렷한 ‘엔화’,2026-03-07 14:36:05,real_assets
환율,한동훈 “계엄 안했으면 尹정부서 코스피 6000”…민주 “안 놀았으면 만점 같은 소리”,2026-03-08 14:17:19,real_assets
환율,롤러코스터 증시에 … ETF가격도 멀미나네,2026-03-08 16:59:02,real_assets
환율,[표] 외국환율고시표,2026-03-08 17:53:52,real_assets
환율,“ETF가격이 시장을 못 따라가네요”...증시 급등락에 ETF 괴리율 ‘멀미’,2026-03-08 21:05:13,real_assets
환율,[속보] 이 대통령 지지율 58.2%…민주 48.1%·국힘 32.4% [리얼미터],2026-03-09 08:01:21,real_assets
환율,유가·환율 초비상에 자동차주 급락…현대차 9%대↓,2026-03-09 09:39:20,real_assets
환율,"[손현덕 기자의 한국기업 탈각의 순간들] 매일경제신문 | ①경제위기 예측하고 선제적 대안 제시, 언론사상 유례 없는 국가컨설팅 진행",2026-03-09 10:00:00,real_assets
환율,정청래 “경제 상황 엄중…환율 안정 3법 조속히 처리할 것”,2026-03-09 10:24:36,real_assets
환율,[속보] 코스피 서킷브레이커 발동…코스닥은 매도 사이드카,2026-03-09 10:36:53,real_assets
환율,李 대통령 지지율 58.2%로 반등…민주 48.1%·국힘 32.4% 격차 확대,2026-03-09 10:49:21,real_assets
환율,장초반 1490원대로 급락한 원화값…금융위기후 16년만에 최저,2026-03-09 12:05:15,real_assets
환율,“내일 또 폭락하면 어쩌지”…급락에 버틸 ‘방어주’ 찾는 방법은,2026-03-09 14:51:42,real_assets
환율,"“증시 급락에 ‘빚투 폭탄’ 터지는거 아냐”…금감원, 금융시장 긴급점검 강화",2026-03-09 15:39:28,real_assets
환율,"‘검은 월요일’ 유가·원화값·증시 모두 패닉…코스피, 5.96% 급락 마감",2026-03-09 16:03:41,real_assets
환율,“공포에 사자”...강제청산 리스크 무릅쓰고 개미들 ‘풀베팅’,2026-03-09 16:12:04,real_assets
환율,중동 전쟁 장기화 조짐에 산업계도 ‘전쟁통’…유가 100달러 돌파에 희비,2026-03-09 16:14:41,real_assets
환율,[표] 외국환율고시표,2026-03-09 17:20:14,real_assets
환율,이란 유전 폭격에 요동친 금융시장,2026-03-09 17:24:46,real_assets
환율,유가 110달러·환율 1500원 … 韓경제에 날아든 미사일 [사설],2026-03-09 17:32:18,real_assets
환율,30년만의 '기름값 상한제'… 다음 카드는 유류세 인하·비축유 방출,2026-03-09 17:46:01,real_assets
환율,"콘 페리, 3분기 매출 7.2억 달러·EPS 1.23달러...전년比 각각 7%, 12% 증가",2026-03-09 19:57:05,real_assets
환율,전쟁벌인 미국은 1.3% 올랐는데…한국 주식형펀드는 -11% 전세계 꼴등,2026-03-09 20:08:06,real_assets
환율,"엘텍, 4분기 매출 1,320만 달러..전년비 23%↑·순손실 30만 달러",2026-03-09 20:38:53,real_assets
환율,"온다스 홀딩스, 4분기 매출 3천만 달러..적자 2천만 달러 확대",2026-03-09 21:53:05,real_assets
환율,"퀘넥스빌딩프로덕트, 1분기 매출 소폭 성장에도 실질 수요 부재·불확실성 우려",2026-03-09 23:23:56,real_assets
환율,"팜파 에너지아, 2025 회계연도 순이익 4,957억 페소..배당 없이 전액 재투자",2026-03-10 00:50:58,real_assets
환율,"“어제는 지옥, 오늘은 천당”...코스피 5%대 급반등, 매수 사이드카 발동",2026-03-10 09:19:31,real_assets
환율,멈춰선 국민소득…1인당 3만6천달러 3년째 제자리,2026-03-10 11:04:37,real_assets
환율,“삼전 들어갈까?” 잠깐 고민하는 사이 쓸어담았다…외국인 14일만에 순매수 전환,2026-03-10 15:38:10,real_assets
환율,“에코프로 놔두고 이걸 담았어?”…코스닥 보다 4배 더 뛴 액티브 ETF,2026-03-10 16:23:15,real_assets
환율,100→80달러 ‘롤러코스터 유가’에…항공사 손익 계산 “머리 아프네”,2026-03-10 16:39:51,real_assets
환율,12년째 국민소득 4만弗 좌절 … 결국 관건은 생산성 [사설],2026-03-10 17:19:19,real_assets
환율,원재료 값 내렸지만 “시장 지켜보겠다”…아직도 눈치 보는 라면·과자업계,2026-03-10 17:22:52,real_assets
환율,[표] 외국환율고시표,2026-03-10 17:25:23,real_assets
환율,트럼프 입에 유가 '롤러코스터',2026-03-10 18:05:05,real_assets
환율,"트랜스유니언, 2026년 매출 50억 달러·EPS 2.94달러 전망",2026-03-10 19:17:59,real_assets
환율,"“코스피 ‘줍줍’ 찬스 왔다”…서학개미, 韓증시 3배 레버리지에 베팅",2026-03-10 21:30:02,real_assets
환율,트럼프 말 한마디에 유가 롤러코스터…세계 증시도 덩달아 ‘출렁’,2026-03-10 22:01:47,real_assets
환율,"“엔화가 반값?”…토스뱅크, 앱 환전 오류 사태에 “현재 정상화 단계”",2026-03-10 22:19:07,real_assets
환율,토스뱅크 오류 … 엔화 반값에 거래,2026-03-10 22:55:46,real_assets
환율,"그루폰, 4분기 영업익 2364만 달러 흑자전환..매출 2% 증가",2026-03-11 05:17:06,real_assets
환율,"아우나, 2025 회계연도 매출 4% 성장·43억9000만 솔 기록",2026-03-11 05:18:56,real_assets
환율,"발히, 4분기 순손실 5320만 달러..화학 부문 부진으로 적자전환",2026-03-11 05:19:36,real_assets
환율,"인베스코, 2월 AUM 2조2577억 달러..전월비 1.2% 증가",2026-03-11 05:22:17,real_assets
환율,"파닉스 뉴 미디어, 4분기 순이익 650만 달러 흑자 전환..유료 서비스 42% 급증",2026-03-11 06:11:32,real_assets
환율,"‘자산 1230조’ 머스크, 2년 연속 세계 부자 1위…이재용 95위",2026-03-11 06:56:19,real_assets
환율,"“요즘 국장, 코인판 같아요”…변동성 커진 W자 증시, 공포 언제 끝나나",2026-03-11 09:06:58,real_assets
환율,"금융·조선주 급등…코스피, 외국인 매도에도 2%대 ‘안도 랠리’",2026-03-11 09:28:45,real_assets
환율,"유가 안정 기대·자사주 소각에…코스피, 장 초반 2% 상승 출발",2026-03-11 09:54:22,real_assets
환율,‘엔화 반값’ 토스 7분간 100억대 손실…오류거래 취소 가능성은,2026-03-11 10:00:01,real_assets
환율,연금특화 NH-Amundi ‘하나로 TDF’ 순자산 1조 넘어,2026-03-11 10:19:04,real_assets
환율,‘엔화가 반값?’ 토스뱅크 환전 오류에 금감원 급파,2026-03-11 10:28:40,real_assets
환율,"자금난 호소한 광주 기업들…광주상의, 금융기관과 지원 해법 모색",2026-03-11 15:48:38,real_assets
환율,줄어드는 교전 긴장감…상승 출발했던 코스피 ‘5600선’ 지키며 마감,2026-03-11 16:01:26,real_assets
환율,"춘천시, 중동 발 ‘민생 위기’ 생활 안정으로 잡는다",2026-03-11 16:03:56,real_assets
환율,2만원대 '카베르네 소비뇽'…와인 초보도 맛있게 즐겨요 [MD의 추천],2026-03-11 16:05:42,real_assets
환율,기름값 오를 때마다 등장하는 포퓰리즘 세금 '횡재세' [사설],2026-03-11 17:03:11,real_assets
환율,[표] 외국환율고시표,2026-03-11 17:35:32,real_assets
환율,토뱅 '반값 엔화' 오류에 관련거래 정정·취소키로,2026-03-11 17:35:33,real_assets
환율,"플래티넘 그룹 메탈스, 최대 6000만 달러 규모 ATM 프로그램 개시",2026-03-11 19:02:54,real_assets
환율,"우라늄 로열티, 1분기 매출 1,662만 달러·영업익 292만 달러 흑자전환",2026-03-11 19:03:04,real_assets
환율,"[속보] 미국, 한국 대상 ‘무역 301조’ 조사 착수…“과잉생산·무역장벽 들여다볼 것”",2026-03-12 08:12:03,real_assets
환율,"삼정KPMG “중동 충돌, 자원·물류·AI 결합한 복합 위기”",2026-03-12 09:22:14,real_assets
환율,"NHN클라우드, 일본 최대 IT 전시회 ‘2026 재팬 IT 위크’ 참여",2026-03-12 09:27:48,real_assets
환율,"“개별주식 어지러워, 갈아탄지 좀 됐어”…‘순자산 1조 클럽’ ETF 80개 육박",2026-03-12 09:47:55,real_assets
환율,"NHN클라우드, ‘2026 재팬 IT 위크’ 참여…日 특화 클라우드 인프라·솔루션 선",2026-03-12 09:52:13,real_assets
환율,"“태국 ATM서 카드 없이 QR로 현금 인출”…GLN, QR출금 서비스 개시",2026-03-12 10:00:22,real_assets
환율,"삼성전자 쓸어 담고, 기아·하이닉스는 ‘팔자’ 나서 [주식 초고수는 지금]",2026-03-12 10:23:04,real_assets
환율,‘네 마녀’ 심술 안통했다…개인 2.2조 매수덕에 버틴 코스피,2026-03-12 16:19:27,real_assets
환율,"'화약고' 호르무즈 리스크에…당국, 보험사 선박보험 점검",2026-03-12 17:42:50,real_assets
환율,[표] 외국환율고시표,2026-03-12 17:42:52,real_assets
환율,[매일경제TV] 세계 경제 뒤흔드는 국제유가,2026-03-12 17:43:49,real_assets
환율,"""중동전쟁에 불확실성 커져"" … 한은, 통화정책 중립모드로",2026-03-12 17:46:02,real_assets
환율,"관세 집착하는 미국, 한중일에 ‘무역법 301조’ 조사 착수",2026-03-12 18:32:07,real_assets
환율,“오늘만큼은 삼전닉스 안부럽네요”…네 마녀의 날도 버틴 중소형주,2026-03-12 18:33:42,real_assets
환율,"아퍄, 2025년 순이익 40% 배당 결정..6330만 달러 주주 환원",2026-03-13 05:15:58,real_assets
환율,"ESAB, 10억 달러 선순위 채권 발행..Eddyfi 인수 자금 조달",2026-03-13 05:54:56,real_assets
환율,[속보] 이 대통령 지지율 66%…민주 47%·국힘 20% [한국갤럽],2026-03-13 10:04:58,real_assets
환율,[속보] 이 대통령 지지율 66% ‘최고치’…모든 지역 휩쓸어,2026-03-13 10:14:39,real_assets
환율,중동 긴장 고조에…원화값 1500원대 턱밑,2026-03-13 10:42:44,real_assets
환율,"우리은행, 외국인 관광객 전용 선불카드 4월 출시한다",2026-03-13 10:43:26,real_assets
환율,롤러코스터 증시에 영향력 커진 ETF…순자산 400조 육박·1조 클럽 78개,2026-03-13 10:58:01,real_assets
환율,중동 전쟁 장기화 되나…시장 공포지수 최고조,2026-03-13 11:10:21,real_assets
환율,변화를 기회로 만드는 AI력 外 [신간],2026-03-13 15:15:57,real_assets
환율,현기증 나는 ‘롤러코스피’…동학개미 몰린 피난처는,2026-03-13 15:38:40,real_assets
환율,과열이냐 K디스카운트 해소냐…숨 가쁜 코스피 랠리의 두 얼굴,2026-03-13 15:47:26,real_assets
환율,피지컬 AI 밸류체인 덕분인가...드디어 살아나는 LG그룹주,2026-03-13 15:47:48,real_assets
환율,외형 성장 멈추고 ‘집단 소송’까지…네이버웹툰 발목 잡은 두 개의 장애물,2026-03-13 15:51:33,real_assets
환율,원/달러 환율 야간 거래 장중 1500원 또 넘어,2026-03-13 17:21:42,real_assets
환율,[표] 외국환율고시표,2026-03-13 17:55:31,real_assets
환율,최대 20조 ‘고유가 추경'… 지역화폐 검토,2026-03-13 17:55:35,real_assets
환율,[속보] 원·달러 환율 야간 거래 장중 1500원 넘겨,2026-03-13 18:00:36,real_assets
환율,"몰레큘러 파트너스, 2025년 매출 無…영업손실 5%↓·신약 임상 진행",2026-03-14 02:31:31,real_assets
환율,최대 20조 ‘고유가 추경’ …취약계층 현금지원 아닌 지역화폐 검토,2026-03-14 08:03:50,real_assets
환율,유가 꿈틀에 환율 또 1500원 뚫렸다,2026-03-14 09:19:55,real_assets
환율,외국인 쫓아갔더니 돈이 복사…짧은 댓글 하나로 한 달새 1000억 ETF 비결,2026-03-15 10:09:41,real_assets
환율,‘이란의 역린’ 하르그섬 때린 트럼프…다음주 증시 변동성 또 치솟나,2026-03-15 11:24:59,real_assets
환율,불기둥 속 ‘사전노출’ 논란...3조 몰린 코스닥 액티브 ETF,2026-03-15 13:20:49,real_assets
환율,[표] 외국환율고시표,2026-03-15 17:38:02,real_assets
환율,[이번주 증시 예보] 미국 FOMC·엔비디아 개발자회의 주목,2026-03-15 17:39:47,real_assets
환율,"임시일용직 소득, 건설 한파로 14년만에 감소",2026-03-15 17:54:23,real_assets
환율,'환율 1500원' 뉴노멀 되나…통화가치 하락률 세계최대,2026-03-15 17:59:47,real_assets
환율,“정 안되면 노가다라도 뛰어야지”…그마저도 월급 깎인 174만원,2026-03-15 18:25:31,real_assets
환율,3월 FOMC 앞둔 한국증시 2중고 ‘중동리스크·인플레’,2026-03-16 09:00:06,real_assets
환율,"환율 1497.5원 마감…장중 1500원 터치, 17년 만에 ‘심리선’ 위협",2026-03-16 09:33:01,real_assets
환율,“이번주 증시도 롤러코스터?”…유가 악재 속 마이크론 실적·엔비디아 GTC 등 주목,2026-03-16 09:51:39,real_assets
환율,환율 1500원대로 출발…주간거래서 2009년 금융위기 후 처음,2026-03-16 09:52:11,real_assets
환율,17년만에 ‘원화값 1500원’ 뚫렸다…고유가에 1520원도 가시권,2026-03-16 10:07:12,real_assets
환율,원화값 급락에 해외보다 2% 싸진 韓 비트코인 [매일코인],2026-03-16 10:27:00,real_assets
환율,조달비용 치솟는 카드사…“내 카드 혜택 줄어들까” 촉각,2026-03-16 13:26:17,real_assets
환율,"대신증권, 美 장기채 상품 ‘환오픈형·환헤지형·타겟수익형’으로 세분화",2026-03-16 14:23:24,real_assets
환율,뉴욕행 왕복티켓 35만원 더 비싸져…내달 유류할증료 ‘최대 3배’ 폭등,2026-03-16 15:36:08,real_assets
환율,"[노영우의 스톡피시] 트럼프, 세마리 토끼 모두 놓칠까",2026-03-16 17:11:36,real_assets
환율,[표] 외국환율고시표,2026-03-16 17:23:07,real_assets
환율,환율 1500원 '뉴노멀' 돼선 안된다 [사설],2026-03-16 17:23:33,real_assets
환율,[매경이코노미스트] 국부의 본질과 원인,2026-03-16 17:23:35,real_assets
환율,중동發 위기에 원화 약세 … 17년만에 1500원대 추락,2026-03-16 17:32:07,real_assets
환율,"""당분간 박스권·종목 장세 … 텐배거 될 기업 아직 시장에 있다""",2026-03-16 17:38:48,real_assets
환율,K배터리 조단위 릴레이 수주로 분위기 '업',2026-03-16 17:58:35,real_assets
환율,삼일PwC “AI 중심 대형딜이 올해 M&A 시장 주도”,2026-03-16 21:40:17,real_assets
환율,“삼전닉스 이어갈 ‘텐배거’ 더 있다”…에이피알 찍었던 남자의 원픽은,2026-03-17 06:18:17,real_assets
환율,"“BNK금융, 1분기 순익 2620억 전망…CET1 비율 상승 기대”",2026-03-17 08:38:26,real_assets
환율,"이란사태 1년 넘게 이어지면…한국, 최악 상황 시나리오별 분석보니",2026-03-17 08:57:17,real_assets
환율,"반도체 핵심 공정 ‘심장’ 전력공급장치, 국내 연구진이 완전 국산화해냈다",2026-03-17 10:30:49,real_assets
환율,"[단독] 與 정무위, 19일 당정협 연다…이란 사태·추경 다루고 디지털자산법은 빠져",2026-03-17 12:23:32,real_assets
환율,‘원화값 1500원’이 뉴노멀? “전쟁은 일시적이지만 원화값 약세는 구조적 문제”,2026-03-17 12:25:03,real_assets
환율,물가상승률 600%…마두로 사라진 뒤 더 나빠진 베네수엘라,2026-03-17 13:47:24,real_assets
환율,"“빵값·라면값 잡았지만, 버거값은 왜 못잡나”…외식물가는 여전히 ‘고공행진’",2026-03-17 15:10:25,real_assets
환율,"한은 금통위원 “환율, 걱정할 단계는 아냐…기준금리는 온도차 크다”",2026-03-17 15:35:15,real_assets
환율,"이수형 위원 “중동 전쟁, 물가·성장에 부담…정확한 영향은 장기화 여부 봐야”",2026-03-17 15:40:29,real_assets
환율,‘고환율 뉴노멀’ 공포…수출기업도 내수기업도 ‘발동동’,2026-03-17 16:38:09,real_assets
환율,"ODM 최강자 코스맥스, 2위와 매출 격차 8000억원대로",2026-03-17 16:55:44,real_assets
환율,[표] 외국환율고시표,2026-03-17 18:04:07,real_assets
환율,서학개미 'RIA법안' 통과 눈앞,2026-03-17 19:29:24,real_assets
환율,"텔레셋, 4분기 매출액 9400만 달러..전년비 26% 감소",2026-03-17 20:03:24,real_assets
환율,정청래 “내란의 티끌까지도 완전히 청산…국가대도약 시대 열 것”,2026-03-17 20:53:35,real_assets
환율,"“최대 주주가 무려 사우디 정부”…S-Oil, 중동 전쟁 최대 수혜주 등극",2026-03-18 08:35:19,real_assets
환율,"하나증권 “우리금융, 1분기 컨센선스 상회 전망…주주환원율 상향도”",2026-03-18 08:35:50,real_assets
환율,"[美공시]룰루레몬 애슬레티카, 2025 회계연도 4분기 및 연간 실적 발표: 매출 성장 및 북미 시장 전략적 집중",2026-03-18 08:41:32,real_assets
환율,“나 다시 돌아갈래”…서학개미 국장 오면 양도세 면제,2026-03-18 10:42:17,real_assets
환율,"5월까지 돌아오면 양도세 0원…RIA 법안, 서학개미 국장 복귀 이끌 수 있나",2026-03-18 11:03:48,real_assets
환율,“어음 대신 코인으로”…자금난 중기 ‘구원투수’ K스테이블코인,2026-03-18 11:21:21,real_assets
환율,"“스마트폰으로 담는 빛의 미학”…샤오미코리아, 조세현 작가와 사진 공모전",2026-03-18 16:12:30,real_assets
환율,'K자 함정' '무재해2.0' 기획 신선 … 청년·근로자 입장도 담아주길,2026-03-18 17:09:01,real_assets
환율,[표] 외국환율고시표,2026-03-18 17:38:58,real_assets
환율,"웨이보, 4분기 매출 4억7330만 달러..전년비 4% 증가",2026-03-18 19:42:29,real_assets
환율,"직원 평균연봉 2억 육박…‘역대급 실적 행진’ 은행권, 주수익원 보니",2026-03-19 09:17:07,real_assets
환율,"코스피, 국제유가 급등·美기준금리 동결에 2%대 급락…원화값 1500원대",2026-03-19 09:35:00,real_assets
환율,“원화 월급받느니 차라리 코인으로”…고환율 피난가는 근로자들,2026-03-19 09:39:08,real_assets
환율,한은도 4월에 금리 ‘동결’ 가능성…이란 사태로 환율·물가 압박 커져,2026-03-19 09:43:25,real_assets
환율,[단독] “배 3000여척 순식간에 증발”…호르무즈 봉쇄에 선박 통행량 4분의 1토막,2026-03-19 09:43:47,real_assets
환율,중동리스크에 사흘 만에 다시 1500원까지 추락한 원화값,2026-03-19 10:47:10,real_assets
환율,"“유가 치솟고 환율은 껑충 뛰고”…‘고민 깊어지는’ 한은, 금리 7연속 동결할 듯",2026-03-19 11:15:39,real_assets
환율,"“금리보다 유가가 더 무섭다”…증권가, 3월 FOMC에 ‘긴축 장기화’ 무게",2026-03-19 14:06:03,real_assets
환율,“즉각 호르무즈 파병해야” 국힘 내 커지는 파병론…“대미 협상 주도권 기회”,2026-03-19 15:07:47,real_assets
환율,변동성 큰 장에서도 잘 버티네…바이오ETF 액티브전략 통했다,2026-03-19 16:07:22,real_assets
환율,코스피 5800선 붕괴…유가 급등·파월 매파적 발언에 ‘미끌’,2026-03-19 16:21:16,real_assets
환율,은행 순이익 24조 ‘역대 최대’...비이자이익 27% 급증,2026-03-19 16:42:50,real_assets
환율,"[필동정담] 고환율 시대, 한은총재의 조건",2026-03-19 17:21:48,real_assets
환율,[표] 외국환율고시표,2026-03-19 17:31:54,real_assets
환율,"""이란발 침체 극복""… 경남, 전 도민에 '10만원' 민생지원금",2026-03-19 17:39:28,real_assets
환율,가스전 폭격·美반도체 악재… 코스피 5700선으로 미끄러져,2026-03-19 17:50:06,real_assets
환율,중동戰 직격탄 맞은 원화값 2009년 금융위기 이후 최저,2026-03-19 17:56:26,real_assets
환율,與 공소청법부터 본회의 올려 … 국힘은 필버 맞불,2026-03-19 18:04:28,real_assets
환율,"타이탄 머시너리, 4분기 매출 6.4억 달러…적자폭 축소",2026-03-19 20:19:24,real_assets
환율,평균 연봉 1억2천 찍혔다...직원 수는 줄였는데 역대급 이익 낸 은행,2026-03-20 06:04:22,real_assets
환율,“요즘 물가에 내리는 것도 있네”…롯데·오리온·빙그레 과자값 인하,2026-03-20 06:05:35,real_assets
환율,"“주식계좌, 요즘은 사흘에 한 번 봅니다”...멘탈관리 중요해진 코스피",2026-03-20 06:07:17,real_assets
환율,"[속보] 이 대통령 지지율 67%, 취임 후 최고치 [한국갤럽]",2026-03-20 10:05:56,real_assets
환율,"“팔만큼 판 거 같은데, 분위기 바뀌면 큰 거 온다”…외국인 ‘36조 매도’ 막바지 국면",2026-03-20 10:13:29,real_assets
환율,[속보] 이재명 대통령 지지율 취임후 최고치…野 텃밭 영남에서도 60% 넘어,2026-03-20 10:20:03,real_assets
환율,"포스코인터내셔널, 증권사 목표가 상향에 강세…6.13%",2026-03-20 13:20:40,real_assets
환율,“결국 뚫린 환율 1500원”…‘이것’ 따라 뉴노멀 될 수도,2026-03-20 15:42:23,real_assets
환율,대한항공 실적 급감에도…조원태 보수 146억 ‘시끌’ [재계톡톡],2026-03-20 15:57:46,real_assets
환율,‘현금 부자’ 삼전닉스…예금한대도 국내 은행 ‘NO’ 왜?,2026-03-20 16:02:59,real_assets
환율,"“K방산, 가성비 넘어 실전에서 증명…20년 구조적 성장 국면 진입했다”[K주식, 이걸 사? 말아?]",2026-03-20 17:30:00,real_assets
환율,"""이자도 못내"" 은행 부실대출 1년새 21% '쑥'",2026-03-20 17:39:49,real_assets
환율,[표] 외국환율고시표,2026-03-20 17:39:53,real_assets
환율,"“악성 부실대출 4조, 돈버는 속도보다 빨리 늘어”…은행들 초긴장",2026-03-20 19:14:33,real_assets
환율,“미국 금리인하 기대 소멸”…원·달러 환율 1500원대 재진입,2026-03-21 11:08:48,real_assets
환율,"네오노드, 2025년 매출 34% 감소했지만 특허 양도로 740만 달러 영업이익 달성",2026-03-22 00:08:55,real_assets
환율,"“주식투자 별건가, 묻고 더블로 가는거지”…20대 ‘소액 빚투’ 손실률 3배 더 컸다",2026-03-22 10:33:43,real_assets
환율,박홍근 기획예산처장관 후보자 “AI대전환·저출생·탄소중립·양극화·지방소멸 내년예산에 최우선 반영”,2026-03-22 11:27:34,real_assets
환율,“요즘에 누가 코인하고 미장가니?”…이달 동학개미 순매수 역대최대 ‘눈앞’,2026-03-22 11:30:27,real_assets
환율,"SK에코플랜트, 'AI 인프라 밸류체인' 차별화된 가치",2026-03-22 16:01:09,real_assets
환율,"국힘, 대구시장 후보 경선으로 선출하기로",2026-03-22 16:11:44,real_assets
환율,[경제 프리즘] 한국경제의 취약성 '가격의 울퉁불퉁함',2026-03-22 16:49:46,real_assets
환율,[표] 외국환율고시표,2026-03-22 17:33:01,real_assets
환율,[매일경제TV] 변동성 장세 '포트폴리오 생존전략',2026-03-22 17:35:03,real_assets
환율,"""외국인 전략적 헤지에 원화값 하락…국민연금, 자산 재설계해야""",2026-03-22 17:56:26,real_assets
환율,신현송 '외환규제 3종 세트' 주도 … 위기관리 경험 갖춘 국제通,2026-03-22 17:57:23,real_assets
환율,한은 총재 후보에 신현송 BIS 국장,2026-03-22 18:05:22,real_assets
환율,RIA계좌 개설 23일부터,2026-03-22 19:29:11,real_assets
환율,"""전쟁 추경 25조…국채 발행없이 초과세수 활용""",2026-03-22 20:12:38,real_assets
환율,"""물가·성장 균형있는 통화정책 고민"" 시장안정과 경제활력 사이 시험대",2026-03-22 22:48:27,real_assets
환율,"신현송, 금융위기때 외환규제 3종 주도…시장관리 능력 검증된 ‘국제통’",2026-03-22 23:25:39,real_assets
환율,새 한은총재 “일시적 충격에 반응 말아야”…4월 기준금리 동결에 무게,2026-03-23 08:05:37,real_assets
환율,"NH투자증권 “삼성SDI, 1분기 실적은 저점…하반기 흑자전환 기대”",2026-03-23 08:46:36,real_assets
환율,[속보] 달러당 원화값 1510원 넘어…17년여만에 최저,2026-03-23 09:43:35,real_assets
환율,환율 장중 1510원 돌파...코스피는 5500선 ‘털썩’,2026-03-23 09:57:35,real_assets
환율,17년여 만에 최저 ‘1510원’…원화 약세 ‘뉴노멀’ 현실화하나,2026-03-23 10:11:56,real_assets
환율,"KSS해운, 작년 매출 5614억 ‘역대 최대’...가스선 선대 확장 주효",2026-03-23 10:12:30,real_assets
환율,이재명표 전쟁 추경 25조…정청래 “골든타임 사수”,2026-03-23 10:52:50,real_assets
환율,"“이러다 성장률 0%대, 빈 말 아니다”…이란전쟁 장기화 조짐에 전망치 줄하향",2026-03-23 13:54:24,real_assets
환율,"한국수출입은행, 150조원 수출 활력 패키지로 기업 응원",2026-03-23 16:03:53,real_assets
환율,"LG화학, 제조·경영 현장 과감한 'AX'…일하는 방식 바꿔 효율성 UP",2026-03-23 16:15:49,real_assets
환율,"JW신약, 피부·탈모 시장서 승승장구 …'미래먹거리' 세포치료제로 제2 도약",2026-03-23 16:16:50,real_assets
환율,"코스피, 중동 리스크에 6% 급락…‘강심장 개미’ 7조 샀다",2026-03-23 16:26:12,real_assets
환율,"“가격 올리면 욕먹고, 버티면 적자”…중동전쟁 장기화에 식품업계 ‘울상’",2026-03-23 16:28:05,real_assets
환율,[표] 외국환율고시표,2026-03-23 17:09:46,real_assets
환율,중동사태에 변동성 커진 원화값 … 서학개미 복귀 계좌 효과 촉각,2026-03-23 17:17:01,real_assets
환율,트럼프 말 한마디에 널뛰는 환율…1517원→1491원으로 ‘뚝’,2026-03-23 22:42:42,real_assets
환율,"어슈어드 개런티, 2025년 순이익 1억2456만 달러..전년비 26% 증가",2026-03-24 06:07:57,real_assets
환율,"역외 원화 NDF 시장도 노리는 코인…시타델 지원 해외 거래소, 원화 스테이블코인 ‘KRWQ’ 파생상품 출시",2026-03-24 09:06:39,real_assets
환율,“전쟁물가 반영 전인데 이미 빨간불”…2월 생산자물가 6개월 연속 상승,2026-03-24 09:17:13,real_assets
환율,"안철수 “이 대통령, 분노의 대상부터 지목…모든 게 지선에 맞춰져”",2026-03-24 09:46:03,real_assets
환율,한병도 “김건희 면죄부 가이드라인 하달? 尹 정치검찰의 민낯”,2026-03-24 10:31:35,real_assets
환율,2% 성장률 ‘먹구름’…25조 전쟁 추경 돌파구 될까,2026-03-24 14:31:56,real_assets
환율,"AI가 20일 뒤 환율까지 맞춘다…코어16, 일간 예측 서비스 출시",2026-03-24 15:58:57,real_assets
환율,[글로벌포커스] 우리는 이미 전쟁 한가운데 있다,2026-03-24 16:43:11,real_assets
환율,"""중동 사태 어려움 커"" 중기 호소",2026-03-24 16:48:21,real_assets
환율,[매일경제TV] 요동치는 글로벌 금융시장 생존법은,2026-03-24 17:03:40,real_assets
환율,[표] 외국환율고시표,2026-03-24 17:15:08,real_assets
환율,금 울고 달러 웃고…ETF 수익 갈렸다,2026-03-24 17:39:25,real_assets
환율,에스티로더 '우울한 엑시트',2026-03-24 17:41:05,real_assets
환율,"G. 윌리-푸드 인터내셔널, 2025 회계연도 매출 1억9140만 달러..6% 증가",2026-03-24 19:11:50,real_assets
환율,"G. 윌리-푸드 인터내셔널, 주당 0.51달러 현금배당 결정",2026-03-24 19:24:52,real_assets
환율,“외국인 너무 던지는데 괜찮겠지?”…고환율·차익실현 22조 순매도,2026-03-24 21:37:20,real_assets
환율,“7년 기다렸는데 -85% 손절이네요”…K뷰티에 참교육 당한 이 기업,2026-03-25 06:26:31,real_assets
환율,“AI가 끌고 MLCC 밀고…호황 초입” 삼성전기 목표가↑,2026-03-25 08:35:12,real_assets
환율,“주가 20% 더 간다”…‘맏형 삼전’ 받쳐주는 삼성전기의 힘 [오늘 나온 보고서],2026-03-25 08:37:55,real_assets
환율,"“물가 뛴다고 난리인데, 누가 돈 쓰겠나”…3월 소비심리지수 ‘뚝’",2026-03-25 09:36:30,real_assets
환율,"한화자산운용, RIA 계좌 추천 ETF 3종 제시",2026-03-25 11:27:09,real_assets
환율,"SK하이닉스, `ADR 발행과 의미` 증권사 발표에 강세",2026-03-25 13:38:00,real_assets
환율,항공료 오르기 전 마지막 기회…유럽여행 막차 잡아볼까,2026-03-25 14:05:16,real_assets
환율,"하나카드 “트래블로그 고객, 여태가지 4000억원 아꼈다”",2026-03-25 15:28:59,real_assets
환율,“겨우 나아지나 했는데”…1500원 환율에 면세업계 ‘울상’,2026-03-25 16:01:31,real_assets
환율,커지는 석유대란 공포… 강력한 소비억제로 극복해야 [Science in Biz],2026-03-25 16:07:27,real_assets
환율,중동 사태에 3월 소비심리지수 5p 하락…“계엄사태 후 최대 낙폭”,2026-03-25 16:20:47,real_assets
환율,[표] 외국환율고시표,2026-03-25 18:04:09,real_assets
환율,"신타즈, 3분기 매출 28억 달러·EPS 1.24달러..사상 최고 매출총이익률 기록",2026-03-25 21:33:34,real_assets
환율,"밀러놀, 3분기 흑자 전환·매출 9억2천만 달러..전년비 5.8%↑",2026-03-26 05:11:18,real_assets
환율,"“코스닥 활성화 정책 수혜 기대감”…에코프로비엠, 목표가↑",2026-03-26 08:25:15,real_assets
환율,불장에 회장님도 주주님도 신났네…증권사 작년 순익 10조 육박 ‘사상 최대’,2026-03-26 09:13:00,real_assets
환율,뉴욕서 잭팟 터트려도 세금은 0…3일만에 1만명 가입했다,2026-03-26 10:13:11,real_assets
환율,"당정, 석유 최고가 손실보전·박원순표 태양광 부활... 민생지원금은 ‘취약계층·지방 우대’",2026-03-26 10:30:14,real_assets
환율,수입 나프타 80% 이상이 중동산…중소기업 부담 우려,2026-03-26 13:33:16,real_assets
환율,[표] 외국환율고시표,2026-03-26 17:40:01,real_assets
환율,"강달러 시대 자산 리포지셔닝...엠비아, 美부동산투자 세미나",2026-03-26 17:46:27,real_assets
환율,"비알피, 4분기 순이익 4580만 달러..전년비 191% 급증",2026-03-26 20:02:18,real_assets
환율,"H.B. 풀러, 1분기 조정 EPS 0.57달러..전년비 6% 증가",2026-03-26 21:28:03,real_assets
환율,서학개미 사로잡은 RIA계좌…증권사 한곳서만 3일새 1만명 몰려,2026-03-26 22:30:40,real_assets
환율,"게인 테라퓨틱스, 2025년 순손실 2,016만 달러..전년比 1.2% 개선",2026-03-27 05:06:58,real_assets
환율,"BGC 그룹, 1분기 매출·조정순익 기존 전망 상단 상회",2026-03-27 05:17:10,real_assets
환율,"넥사 리소시즈, 2025 회계연도 연간보고서 제출·광물자원 업데이트 공개",2026-03-27 06:01:53,real_assets
환율,"“사팔사팔 개미들, 저희야 감사하죠”…하루 수수료만 몇백억 번다는데",2026-03-27 06:02:35,real_assets
환율,"“LG이노텍, 저평가 요인 털고 ‘AI기판’으로 날개 단다”…목표가↑",2026-03-27 08:10:54,real_assets
환율,"“롯데정밀화학, 하반기 식의약용 판매 증가 예상…케미칼 그린소재 동반 반등 기대감”",2026-03-27 08:11:25,real_assets
환율,로봇용 카메라·메모리패키지 기판…LG이노텍 목표주가 일제히 상향,2026-03-27 09:45:22,real_assets
환율,"코스피, ‘금리·터보퀀트·전쟁’ 트리플 악재에 2.9% 하락 출발…5200선 후퇴",2026-03-27 09:45:54,real_assets
환율,"[속보] 이 대통령 국정 지지율 65%…민주 46%, 국힘 19% [한국갤럽]",2026-03-27 10:02:58,real_assets
환율,“韓 주식 팔고 달러 삽니다”...트럼프 들끓는 변덕에 1500원대 머무는 원화값,2026-03-27 10:08:12,real_assets
환율,성과급 줄다리기 언제 끝날까?…삼성전자 노사 “집중 교섭 중”,2026-03-27 14:11:51,real_assets
환율,정청래 “지선 압승? 오버하면 안됩니다”…“쉬운 선거 없다” 기강잡기,2026-03-27 14:39:07,real_assets
환율,구글 ‘터보퀀트’ 쇼크? 월가 알고리즘의 착각 [홍키자의 매일뉴욕],2026-03-27 15:01:55,real_assets
환율,제약업계 “16% 약가인하 유감...부작용 막을 정책 필요”,2026-03-27 15:11:41,real_assets
환율,"한국은행, 지난해 순이익 ‘역대 최대’…외환 매매익 등이 견인",2026-03-27 15:28:34,real_assets
환율,"외국인 3.9조 매도 방어한 개미…코스피, 전쟁·구글 악재에도 5400선 사수",2026-03-27 16:16:48,real_assets
환율,흔들리는 금융시장·치솟는 물가…더 중요해진 위기관리 [사설],2026-03-27 17:19:12,real_assets
환율,'과잠' 입고 절밥 먹으려 100여명 긴줄 … 학식 찾는 학생도 늘어,2026-03-27 17:29:56,real_assets
환율,"“중동 분쟁에도 반도체·AI붐은 계속된다…미국 빅테크 OOOO에 주목”[K주식, 이걸 사? 말아?]",2026-03-27 17:30:00,real_assets
환율,K증시 ‘창투사·바이오’에 집중된 화력…이차전지 관련주도 신고가 [매경 자이앤트],2026-03-27 17:32:23,real_assets
환율,"한은, 작년 순이익 15조원 거둬 … 달러당 원화값 하락에 역대최대",2026-03-27 17:57:58,real_assets
환율,[표] 외국환율고시표,2026-03-27 17:57:59,real_assets
환율,"그래비티, 2025 회계연도 매출 5605억원..11.9%↑·영업익 5.5%↓",2026-03-27 19:16:51,real_assets
환율,"이콜랩, 2025 회계연도 매출 161억 달러..전년비 2.1% 증가",2026-03-27 21:04:21,real_assets
환율,‘성과급 협상 난항’ 삼성전자 노사…산업계 ‘대화’ 촉구,2026-03-27 21:06:12,real_assets
환율,“과잠바 입고 무료 절밥 줄섭니다”...고물가에 학식 인기도 ‘쑥’,2026-03-28 06:03:00,real_assets
환율,코카콜라 “우린 콜라 안만들어요”…그런데 경쟁사보다 3배 번다고?,2026-03-29 10:05:20,real_assets
환율,"구윤철 “부동산, 안되면 7월께 세제도 검토…강남3구 빠지는건 좋은 시그널”",2026-03-29 10:58:01,real_assets
환율,이란발 에너지 위기에…산은·수은·석유公 긴급 기관장 간담회,2026-03-29 14:56:59,real_assets
환율,"日 달러당 엔화 160엔, 10년물 국채 금리 27년 내 최고",2026-03-29 15:52:51,real_assets
환율,[경제 프리즘] 신현송 한은 총재 지명자 … 라구람 라잔의 길 걸을까,2026-03-29 16:18:39,real_assets
환율,“치킨 시키려다 배달앱 그냥 껐습니다”…닭고기 가격 쇼크에 ‘비상’,2026-03-29 16:56:46,real_assets
환율,"[이번주 증시 예보] 폭탄 맞은 증시, 반등할까 … 3월 수출에 달렸다",2026-03-29 17:06:56,real_assets
환율,5월까지 해외주식 팔면 '100% 절세' 수익률 높은 종목이 복귀혜택 더 크죠,2026-03-29 17:06:57,real_assets
환율,[표] 외국환율고시표,2026-03-29 17:36:10,real_assets
환율,아파트 공사장까지 덮친 '나프타 쇼크',2026-03-29 17:51:25,real_assets
환율,日 국채금리 27년래 최고 … 기준금리 조기인상 움직임,2026-03-29 17:54:35,real_assets
환율,"삼전닉스 던진 외국인, 코스닥은 주웠다…줍줍한 종목 대부분 바이오",2026-03-29 18:09:07,real_assets
환율,[속보] 이 대통령 지지율 62.2%…민주 51.1%·국힘 30.6% [리얼미터],2026-03-30 08:01:18,real_assets
환율,"한달간 외인들이 팔아치운 36조, 개미가 전부 주웠다…이번주 증시 전망은",2026-03-30 08:12:38,real_assets
환율,"[美공시]카니발(ADR), 사상 최대의 1분기 실적 달성 및 지속적인 성장을 위한 ‘PROPEL’ 이니셔티브 발표",2026-03-30 08:47:35,real_assets
환율,"[美공시]카니발, 사상 최대의 1분기 실적 달성 및 장기 성장을 위한 ‘PROPEL’ 도입",2026-03-30 08:51:45,real_assets
환율,"[속보] 코스피, 4%대 급락 5100선 후퇴…코스닥도 3%대↓",2026-03-30 09:14:42,real_assets
환율,“역대급 호황에 이런 숫자 처음봤어요”…자산운용사 순이익 첫 3조 돌파,2026-03-30 09:17:06,real_assets
환율,중동발 강달러 충격 지속에…원화값 1513원으로 출발,2026-03-30 10:05:51,real_assets
환율,환율 효과 덕분에 그나마…한국서 낙폭 덜한 비트코인 [매일코인],2026-03-30 10:15:34,real_assets
환율,코스피 박스권 장세 전망 속…이자 대신 배당노린 예금·퇴직연금 81조 머니무브 ‘대기’,2026-03-30 10:16:47,real_assets
환율,한투운용 ‘ACE K수출핵심TOP10산업액티브 ETF’ 신규 상장,2026-03-30 10:20:02,real_assets
환율,빌딩 투자 큰손들 돌아왔나…상업용 부동산 매입 확대 의향 74% ‘역대 최고’,2026-03-30 10:33:07,real_assets
환율,정청래 “내일 전쟁 추경 국회 제출…역사상 가장 빠른 속도로 처리”,2026-03-30 11:08:46,real_assets
환율,李대통령 지지율 62.2%…민주 51.1%·국힘 30.6%,2026-03-30 12:55:15,real_assets
환율,장동혁 “100원 주고 1000원 뺏어가는 정권…선거 끝나면 증세”,2026-03-30 13:02:27,real_assets
환율,‘WGBI 편입’ 원화값 안정될까…“즉각 강세 전환은 어려워”,2026-03-30 13:35:31,real_assets
환율,"금, 은값 변동에...가격 올리고 대체소재 찾는 주얼리 업체들",2026-03-30 15:06:45,real_assets
환율,"시몬스 침대, 3년 연속 전통 침대업계 매출 1위",2026-03-30 15:43:21,real_assets
환율,"우리카드, 3000억원 규모 ABS 발행…중소상공인 대금 지급 지원",2026-03-30 15:58:26,real_assets
환율,"“중동 리스크, 지긋지긋하다”…코스피 3% 급락, 외국인 2조 던졌다",2026-03-30 16:08:09,real_assets
환율,당정 “합성수지도 수출 금지 고민…‘매점매석 금지’ 강력 추진”,2026-03-30 16:19:29,real_assets
환율,원·달러 환율 1520원 넘었다…금융위기 이후 처음,2026-03-30 16:43:07,real_assets
환율,"[속보] 원달러 환율, 1520원 넘어…금융위기來 17년만에 처음",2026-03-30 16:44:20,real_assets
환율,"시몬스, 3년 연속 침대전문업계 매출 1위",2026-03-30 17:38:47,real_assets
환율,[표] 외국환율고시표,2026-03-30 17:49:30,real_assets
환율,[포토] 신현송 한은총재 후보자 귀국…고환율·고금리·고물가 '申의 선택'은,2026-03-30 17:54:59,real_assets
환율,중동 전황 따라…금융시장도 요동,2026-03-30 18:16:41,real_assets
환율,제일 선방한 포스코가 -10% 찍고 찔끔…그룹주 ETF ‘잔인한 3월’,2026-03-30 20:05:15,real_assets
환율,"포티스, 2025년 조정 EPS 5% 증가..288억 달러 자본지출 계획",2026-03-30 20:18:00,real_assets
환율,"페로비알, 자사주 23만주 매입..누적 규모 1억3433만 유로",2026-03-31 01:11:43,real_assets
환율,“나흘째 계좌 안 열고 있습니다”­…전쟁리스크에 코스피도 원화값도 ‘뚝뚝’,2026-03-31 05:58:19,real_assets
환율,"프로그레스 소프트웨어, 1분기 매출 4% 증가·순이익 121% 급증",2026-03-31 06:36:51,real_assets
환율,"“전쟁 한방에 840조 증발, 이게 끝이 아닐수도”…삼전닉스 시총은 372조↓",2026-03-31 08:46:21,real_assets
환율,17년만에 천정뚫린 환율…외인 순매도·고유가가 관건 [오늘 나온 보고서],2026-03-31 08:53:40,real_assets
환율,환율 장중 1530원대 돌파…고유가·외인 ‘엑소더스’ 영향,2026-03-31 09:10:43,real_assets
환율,“이러다 5천피도 위태”…코스피 4%대 급락 5100선 붕괴,2026-03-31 09:32:23,real_assets
환율,코스피 5100선 붕괴…‘삼전·닉스’ 필두로 시총 840조 증발,2026-03-31 09:43:22,real_assets
환율,[속보] 신현송 “현 환율 큰 우려 없어…달러 유동성 양호”,2026-03-31 09:53:13,real_assets
환율,대전역세권 복합개발사업 대내외 위기 속 ‘내실 다지기’…“안정적 사업 구도 확립 총력”,2026-03-31 09:59:26,real_assets
환율,"송언석 “환율·물가·유가 비상인데…민주당, 한가하게 공소취소 매달려”",2026-03-31 10:08:18,real_assets
환율,"원화값, 1520원대까지 뚫렸다",2026-03-31 10:12:50,real_assets
환율,"“전쟁도 버거운데 터보퀀트 악재까지”…외국인, 한달 새 삼전닉스 23조 던졌다",2026-03-31 10:34:03,real_assets
환율,신현송 “매파·비둘기파 이분법 바람직하지않다…유연히 대처해야”,2026-03-31 10:37:41,real_assets
환율,여행비 불안 커지자 모두투어 유류할증료 부담 없는 ‘가격고정’ 출시,2026-03-31 10:59:35,real_assets
환율,대한항공 비상경영 선포…티웨이·아시아나 이어 세번째,2026-03-31 11:25:39,real_assets
환율,[속보] 환율 장중 1530원 넘어…금융위기 이후 처음,2026-03-31 12:29:56,real_assets
환율,"신상진 성남시장, 중동사태 대응 비상경제대책 발표…재난 선포 건의·상품권 확대",2026-03-31 12:55:18,real_assets
환율,‘전쟁추경’ 26.2조 투입...1인 최대 60만원 준다,2026-03-31 12:57:51,real_assets
환율,"‘비상경영 돌입’ 티웨이항공, 16년만에 사명 바꾼다는데...",2026-03-31 13:18:25,real_assets
환율,1530원도 뚫린 원화값…‘환율지옥’ 반년간 이어질수도 있다는데,2026-03-31 14:13:56,real_assets
환율,이준석 “회사 어려운데 회식비만 쏘는 사장…이재명 정부 추경이 딱 그 꼴”,2026-03-31 14:21:25,real_assets
환율,"강달러 시대 자산 리포지셔닝...엠비아, 美부동산투자 세미나",2026-03-31 14:22:54,real_assets
환율,"4%대 급락한 증시, 간신히 버텼다…오천피·천스닥 ‘턱걸이’",2026-03-31 16:01:41,real_assets
환율,공사장 자잿값 줄인상 조짐…나프타 쇼크에 건설현장 ‘한숨’,2026-03-31 16:05:06,real_assets
환율,"한은 “외환시장 쏠림 뚜렷하고, 다른 통화와 괴리 심해지면 대응”",2026-03-31 16:14:52,real_assets
환율,"“성과급 상한 폐지 아니면 협상 없다”…삼성전자 노조, 벼랑 끝 전략",2026-03-31 17:08:09,real_assets
환율,'전쟁 추경' 26조 … 물가가 관건이다 [사설],2026-03-31 17:14:38,real_assets
환율,호르무즈가 막히자 드러난 것들 [파일럿 Johan의 아라비안나이트],2026-03-31 17:23:41,real_assets
환율,[표] 외국환율고시표,2026-03-31 17:39:03,real_assets
환율,[매일경제TV] 고유가·강달러 속 美 증시 투자 전략은,2026-03-31 17:45:12,real_assets
환율,"원화 하락폭, 亞 통화 중 최대 … 외국인 증시 탈출이 기름 부어",2026-03-31 17:54:26,real_assets
환율,"""매파·비둘기파 이분법 적절치 않아""",2026-03-31 17:55:23,real_assets
환율,1530원 뚫린 원화값 … 시장선 '1600원 공포',2026-03-31 18:01:53,real_assets
환율,법사위원장에 민주 서영교…행정안전위원장은 권칠승,2026-03-31 18:11:07,real_assets
환율,"롯데면세점, 지난해 영업이익 518억원…4분기 연속 흑자 달성",2026-03-31 18:36:27,real_assets
환율,"암베브, 2025년 순이익 160억 헤알..전년비 7.7% 증가",2026-03-31 19:15:20,real_assets
환율,"“여보, 항공권 미리 끊길 잘했지?”…미국, 왕복 유류할증료만 100만원↑",2026-03-31 20:26:21,real_assets
환율,"“매·비둘기 구분 적절치 않아”…한은 총재후보, 금리에 ‘신중’",2026-03-31 23:56:57,real_assets
환율,"“녹아버린 계좌, 출퇴근때 만회해야죠”…장외거래 석달만에 4배로",2026-04-03 05:58:31,real_assets
환율,세계 12위 수준…환율방어 등에 3월 외환보유액 40억달러 ‘뚝’,2026-04-03 06:18:57,real_assets
환율,“환율 방어하느라 곳간 바닥난다 ”...외환보유액 한달만에 40억弗 증발,2026-04-03 09:23:27,real_assets
환율,안철수 “사이드카 터지는데 민주당은 환호…선거용 매표 추경”,2026-04-03 09:50:37,real_assets
환율,한달 동안에만 22% 오르락내리락…비트코인보다 컸던 코스피 변동률,2026-04-03 09:56:42,real_assets
환율,[속보] 이 대통령 지지율 67%…민주 48%·국힘 18% [한국갤럽],2026-04-03 10:05:37,real_assets
환율,"인도 진출 K-핀테크 어피닛, 역대 최대 매출 힘입어 상장 추진",2026-04-03 10:10:15,real_assets
환율,“달러 환전? 요즘엔 당근이 제일 싸”…수수료 아끼려다 낭패보지 않으려면,2026-04-03 10:58:01,real_assets
환율,"에버 타이트닝 시대...건설·내수 부담, 은행은 반사이익",2026-04-03 11:08:47,real_assets
환율,3고 시대 재테크 전략…낙폭 과대 우량주·단기채로 버틸 때,2026-04-03 11:11:10,real_assets
환율,석화·車부품·2차전지 ‘불면의 밤’ 왜?,2026-04-03 11:14:11,real_assets
환율,한번도 겪은 적 없는 3高 시대…‘에버 타이트닝’,2026-04-03 11:18:44,real_assets
환율,민주 48%·국힘 18%…李 취임 후 각각 최대·최저치,2026-04-03 11:24:31,real_assets
환율,달러·엔화는 뛰는동안 ‘얼음’된 원화 스테이블 코인…생존 해법은 ‘연결’,2026-04-03 13:19:55,real_assets
환율,금리 인하 기대감 후퇴에도...주목할 바이오株 있다?,2026-04-03 14:45:11,real_assets
환율,영끌의 청구서...30대 은행 대출 1억 첫 돌파 [국회 방청석],2026-04-03 15:40:07,real_assets
환율,“언제 다 갚나”…역대급으로 불어난 빚 [데이터로 보는 세상],2026-04-03 15:50:25,real_assets
환율,"반도체 랠리에 호르무즈 기대까지…코스피 2% 급등, 5300선 탈환",2026-04-03 15:59:45,real_assets
환율,환율 방어에 외환보유액 40억달러 ‘뚝’…10위권 밖으로 밀려,2026-04-03 16:01:20,real_assets
환율,"""최고의 미술품 구입 기회 … 홍콩에서 왔어요""",2026-04-03 17:14:01,real_assets
환율,"34만원→4만원→16만원…바닥잡고 올라온 이차전지 ‘이곳’ [K주식, 이걸 사? 말아?]",2026-04-03 17:30:00,real_assets
환율,[표] 외국환율고시표,2026-04-03 17:43:20,real_assets
환율,"전쟁發 공사비 인상 도미노 … 건설사, 마천4구역에 ""75% 올려달라""",2026-04-03 17:56:58,real_assets
환율,"7일 청와대 여야정 회담 …""중동발 경제위기 초당적 대응""",2026-04-03 17:57:21,real_assets
환율,고환율에 해외 고민이라면…가정의 달 겨냥한 6시간 거리 쿠알라룸푸르,2026-04-03 18:16:05,real_assets
환율,"암베브, 2025년 순이익 7.7% 증가·159억9천만 헤알 달성",2026-04-03 19:02:06,real_assets
환율,1945년산 로마네 콩티 12억원에 경매 낙찰,2026-04-03 22:30:39,real_assets
환율,"‘국장 복귀계좌’ 9만개 개설됐는데…자금유입은 아직 ‘미미’, 왜?",2026-04-04 10:04:10,real_assets
환율,“다음주가 증시 갈림길”…삼전 실적·FOMC 회의록·美CPI 발표까지,2026-04-05 08:43:04,real_assets
환율,"‘좌표 찍힌’ 조인성 SNS, 때아닌 ‘정치 댓글’ 난장판…‘혐오 댓글’ 몸살 [MK★이슈]",2026-04-05 11:03:48,real_assets
환율,"“팔만큼 팔았나, 슬슬 돌아오는 분위기”…코스피 외국인 비중 36.2% 최저 찍고 반등",2026-04-05 11:29:38,real_assets
환율,"환율 올라서…신현송 한은총재 후보, 외화 자산만 ‘45억’",2026-04-05 12:05:43,real_assets
환율,“달러 오르면 몇억씩 버는데”…신현송 외화자산 45억 보유 ‘이해충돌’ 논란,2026-04-05 13:02:50,real_assets
환율,"한전·전력사, 에너지 513GWh 감축 총력전...중동 정세 악화에 긴급 사장단 회의",2026-04-05 13:16:19,real_assets
환율,"“좌파냐?”…조인성, 환율 발언에 극우 ‘좌표찍기’ 당했다",2026-04-05 14:58:00,real_assets
환율,"한은 총재 후보자, 재산 82억 신고",2026-04-05 17:34:39,real_assets
환율,[표] 외국환율고시표,2026-04-05 17:34:40,real_assets
환율,"대형마트, 고환율에 공급망 다변화",2026-04-05 17:54:25,real_assets
환율,[속보] 이 대통령 지지율 61.2%…5주 만에 하락 [리얼미터],2026-04-06 08:00:52,real_assets
환율,"“신세계, 전쟁 우려 불구 백화점 산업 성장성 지속 전망” 목표가↑",2026-04-06 08:28:35,real_assets
환율,李 대통령 지지율 61.2%…5주 만에 하락 [리얼미터],2026-04-06 09:32:51,real_assets
환율,"LG유플러스, 로밍 데이터 최대 2배 늘린다…5월 연휴 수요 겨냥",2026-04-06 11:16:18,real_assets
환율,"“진짜 고비는 2분기부터”…항공업계, 3고(高)쇼크에 ‘보릿고개’ 현실화",2026-04-06 13:46:38,real_assets
환율,"“가격 애써 눌렀지만, 언제 터질지”…중동 전쟁發 식탁물가 ‘또다른 폭탄’",2026-04-06 15:52:50,real_assets
환율,"대한항공·아시아나, 5월 국내선 유류할증료 3만4100원…역대 최대치",2026-04-06 16:13:37,real_assets
환율,시장 냉각에도 증권채 발행 훈풍,2026-04-06 17:43:55,real_assets
환율,[표] 외국환율고시표,2026-04-06 17:47:43,real_assets
환율,"국회, 신현송 한은 총재 후보자 인사청문회 15일 개최",2026-04-06 22:43:07,real_assets
환율,“엔비디아 넘어설 수”…삼성전자 1분기 영업이익 57조,2026-04-07 07:51:16,real_assets
환율,“금융시장 흔들리고 물가·성장률 타격”…경제심리지수 11개월來 최저,2026-04-07 08:38:20,real_assets
환율,삼성전자 ‘역대급’ 실적 발표에…코스피 5500선 상승 출발,2026-04-07 09:23:46,real_assets
환율,나프타 확보 비상인데 … 추경은 ‘과소 추계’ 논란,2026-04-07 14:26:32,real_assets
환율,연준 금리 동결 전망 92%…4월 금통위 방향은,2026-04-07 14:34:59,real_assets
환율,李대통령 만난 장동혁…“국정운영 기조 바꾸면 야당도 힘 보탤 것”,2026-04-07 14:56:38,real_assets
환율,K점도표 남기고 가는 이창용號... 마지막 금리는 7연속 동결로 마무리할듯,2026-04-07 16:10:22,real_assets
환율,반도체 착시 걷어내면 경기하방 위험 여전 [사설],2026-04-07 17:28:49,real_assets
환율,[표] 외국환율고시표,2026-04-07 17:31:05,real_assets
환율,전장·구독 가전 덕에 LG전자 매출 신기록,2026-04-07 17:58:06,real_assets
환율,"李 ""현찰 나눠주기 표현 과해"" … 張 ""현금지급은 잠깐의 기쁨""",2026-04-07 17:58:23,real_assets
환율,"한은, 기준금리 동결 유력",2026-04-07 18:01:53,real_assets
환율,"여야대표 만난 李대통령…""위기땐 내부적 단합 중요""",2026-04-07 18:03:48,real_assets
환율,박형준 “보수 재건 적임자” vs 주진우 “전재수 꺾을 후보”,2026-04-07 22:17:41,real_assets
환율,"리바이스트라우스 앤 코, 1분기 매출 17억 달러..전년比 14%↑",2026-04-08 05:14:22,real_assets
환율,[속보] 미·이란 ‘2주 휴전’에 증시 급등…코스피 5800선·원화값 1470원대,2026-04-08 09:03:58,real_assets
환율,"기아, `1Q26 Preview: 쌓이는 현금과 실적에 대한 신뢰` 증권사 발표에 강세",2026-04-08 09:18:34,real_assets
환율,한달만에 환율 1470원대로…휴전 중재안 수용 희소식에 ‘일단 안도’,2026-04-08 10:00:19,real_assets
환율,추미애 “경기민생 대책위 구성”…실시간 대응 체계 구축,2026-04-08 12:12:49,real_assets
환율,"현대글로비스, `靜, 中東... 중동에도 흔들리지 않는 실적` 증권사 발표에 강세",2026-04-08 13:30:50,real_assets
환율,"산일전기, `Conviction Call: 제자리를 찾아갈 차례` 증권사 발표에 강세",2026-04-08 14:01:30,real_assets
환율,"배민, 비닐봉투 200만장 지원…플랫폼 업계 ‘상생 경영’ 가속",2026-04-08 14:18:32,real_assets
환율,“증시 폭락한 날 확 땡겨서 빚투”…3월 가계대출 넉 달 만에 증가 전환,2026-04-08 14:59:24,real_assets
환율,"미국·이란 전쟁, 한국 피해가 가장 크다?…증시 급락 등 영향 줬다는데",2026-04-08 15:05:32,real_assets
환율,“1분기 실적 괜찮다지만”…중동발 원가 압박에 식품업계 ‘먹구름’,2026-04-08 15:40:32,real_assets
환율,[매경이코노미스트] 시험대 놓인 '제조업 강국',2026-04-08 16:55:49,real_assets
환율,[표] 외국환율고시표,2026-04-08 17:33:24,real_assets
환율,“반갑다 외국인”…미·이란 휴전 합의에 반도체 집중 ‘사자’,2026-04-08 18:00:00,real_assets
환율,국제유가 걸프전 후 최대폭 하락 … 金·국채 가격도 일제히 반등,2026-04-08 18:03:02,real_assets
환율,"라탐 에어라인스 그룹, 주당 0.000066달러 배당 제안..총 3,800만 달러 규모",2026-04-08 19:01:57,real_assets
환율,"엘링턴 레지덴셜 모기지 리츠, 월간 배당 주당 0.08달러 선언",2026-04-08 19:04:47,real_assets
환율,"히말라야 시핑, 3월 TCE 일평균 3만2000달러 기록..주당 0.06달러 배당",2026-04-08 19:25:59,real_assets
환율,"알피엠 인터내셔널, 3분기 매출 17억 달러·EPS 63% 급증",2026-04-08 20:00:20,real_assets
환율,"프라이스스마트, 2분기 매출 15억 달러·EPS 1.62달러 기록",2026-04-09 05:11:48,real_assets
환율,"2조 순매수 돌아온 외국인, 6000피 탈환 견인하나, 변수는",2026-04-09 08:18:15,real_assets
환율,"“목표가 낮췄지만”…하이브, BTS 효과에 2분기 실적 모멘텀 기대",2026-04-09 08:38:35,real_assets
환율,"“또 역대급 실적 자산 첫 4000조 돌파”…‘불장에’ 금융지주, 非이자익도 확대",2026-04-09 08:56:08,real_assets
환율,"코오롱인더 `1분기 영업이익, 시장 기대치를 크게 상회 전망` 증권사 발표에 강세…2.52%",2026-04-09 09:54:52,real_assets
환율,"금융지주, 증시 호조 타고 역대급 실적…순이익 26.7조",2026-04-09 10:16:16,real_assets
환율,“이러다 크게 물리는 거 아냐”…금융위기때 보다 더 빠진 외국인 투자자금 왜?,2026-04-09 12:35:01,real_assets
환율,외국인 주식·채권 모두 던졌다…3월 자금 유출 규모 ‘사상 최대’,2026-04-09 13:54:05,real_assets
환율,"비츠로셀, 증권사 목표가 상향에 강세…3.22%",2026-04-09 14:23:21,real_assets
환율,"중동상황 위기 대응, 제약바이오협 비상대응본부 가동",2026-04-09 14:58:32,real_assets
환율,[중동전쟁 PartⅠ ① 에너지 위기] “유가 180달러” 사우디의 경고 메시지...호르무즈가 세계 경제 흔든다,2026-04-09 15:18:29,real_assets
환율,"로저스 쿠팡 대표, 청주 소상공인 만나…“핫라인·소통 강화",2026-04-09 15:55:01,real_assets
환율,"“인상분 절반은 본사 부담”…교촌치킨, 가맹점 튀김기름 공급가 10% 상승",2026-04-09 16:10:02,real_assets
환율,"[중동전쟁 PartⅠ ② 증시와 환율] 오락가락 증시와 환율, 정부와 한은의 반전카드는 무엇일까?",2026-04-09 16:25:01,real_assets
환율,외국인 두 달째 ‘셀 코리아’…순유출 사상 최대,2026-04-09 16:57:47,real_assets
환율,자재 수급 불안에 공사비 상승 지속…확정 분양가 사업장 실수요 이동,2026-04-09 17:27:48,real_assets
환율,[중동전쟁 PartⅠ ③ 유류할증료] 에너지 전쟁이 바꾼 여행 트렌드 “여름휴가 멀리 한 번보다 가깝게 두 번”,2026-04-09 17:29:24,real_assets
환율,“저희 같은 곳은 더는 못버팁니다”…소상공인 덮친 중동전쟁발 이중 압박,2026-04-09 17:31:38,real_assets
환율,원자재값 뛰자 원가 압박 … 식품업계 '한숨',2026-04-09 17:35:24,real_assets
환율,중동발 위기에 원화값 내리자 4대 금융 대출여력 10조 '뚝',2026-04-09 17:37:27,real_assets
환율,[표] 외국환율고시표,2026-04-09 17:37:28,real_assets
환율,"""커피 한잔 값에 재테크 어벤져스를 만나보세요""",2026-04-09 17:53:23,real_assets
환율,"오소픽스 인터네셔널 NV, 1분기 매출 1억9,670만 달러..전년비 0.4% 증가",2026-04-09 20:04:07,real_assets
환율,돌아왔다 안도했는데 하루만에 떠나갔다…2조원 샀던 외국인 다시 ‘셀코리아’,2026-04-09 20:06:33,real_assets
환율,"WD 40, 2분기 매출 1억6167만 달러..전년비 11% 증가",2026-04-10 05:10:02,real_assets
환율,"현대차·기아에 러브콜…‘이재용 승부수’ 하만, 차량 모빌리티 글로벌 리더로 [왜몰랐을카]",2026-04-10 06:45:00,real_assets
환율,"“가격 안 올리고 버틸 수 있을지”…식품업계, 고환율·원자재값 상승 직격탄",2026-04-10 07:41:00,real_assets
환율,"“호르무즈 해협 5월도 봉쇄면 감산 고려…POSCO홀딩스, 매수 유지”",2026-04-10 08:46:10,real_assets
환율,"[속보] ‘물가·환율 불안에’ 한은, 7회 연속 기준금리 2.50% 동결",2026-04-10 09:50:24,real_assets
환율,이창용 총재의 마지막 기준금리…2.5%·7연속 동결로 마무리,2026-04-10 09:52:05,real_assets
환율,중동 리스크에 물가·환율·성장 불안…기준금리 7연속 동결,2026-04-10 10:04:10,real_assets
환율,"[속보] 이 대통령 지지율 67%, 민주 48%로 다시 최고치 [한국갤럽]",2026-04-10 10:04:42,real_assets
환율,[속보] 이재명 대통령 지지율 67%…지난주와 동률,2026-04-10 10:14:41,real_assets
환율,호르무즈 봉쇄 해제 시 1450원대 전망도…미국-이란 휴전에 원화값 상승세,2026-04-10 10:47:34,real_assets
환율,비에이치 `탄탄한 본업과 신사업 모멘텀 기대` 증권사 발표에 강세…6.9%,2026-04-10 10:49:03,real_assets
환율,"현대글로비스, `1Q26 Preview: 환율/운임 상승 수혜주` 증권사 발표에 강세",2026-04-10 11:13:23,real_assets
환율,일상 가까이에 있는 전쟁…도서 『국가는 무엇으로 싸우는가』 外 [Book],2026-04-10 11:48:49,real_assets
환율,한은 총재 “현재 환율은…외국인 주식 매도와 중동 사태가 큰 영향”,2026-04-10 13:05:12,real_assets
환율,"“전쟁 덕분에?”…이란, 무기부터 환전까지 11조 ‘암호화폐 큰 손’ 등극",2026-04-10 13:05:25,real_assets
환율,"구윤철 부총리, AI·초혁신경제 속도전 주문",2026-04-10 14:15:59,real_assets
환율,이란 전쟁에 휘청거린 국장…하락률 1위는,2026-04-10 14:34:34,real_assets
환율,전기차 7천만대 분량 리튬 확보한 ‘이 기업’에 몰린 매수세 [주식 초고수는 지금],2026-04-10 15:28:32,real_assets
환율,‘하나 트래블로그’ 인기 꺾였다...대신 뜬 카드 뭐길래,2026-04-10 15:59:20,real_assets
환율,李 지지율 67%로 최고치…민주 48%·국힘 20% [갤럽],2026-04-10 16:43:26,real_assets
환율,"""전쟁 이전으로 못 돌아가""… IMF·IEA의 영구손상 경고 [사설]",2026-04-10 17:28:41,real_assets
환율,"“몇 년 동안 물려 있었는데”…바닥 딛고 일어서는 스판덱스 황제株 효성티앤씨 [K주식, 이걸 사? 말아?]",2026-04-10 17:30:00,real_assets
환율,기준금리 7번 동결하고 떠나는 이창용,2026-04-10 17:46:10,real_assets
환율,[표] 외국환율고시표,2026-04-10 17:46:12,real_assets
환율,"인베스코, 3월 AUM 2조1595억 달러..전월비 4.4% 감소",2026-04-10 21:05:58,real_assets
환율,"플래티넘 그룹 메탈스, 상반기 순손실 71% 확대..주식발행으로 현금 4090만달러 확보",2026-04-11 05:33:00,real_assets
환율,"매경이 전하는 세상의 지식 (매-세-지, 4월 11일)",2026-04-11 07:00:00,real_assets
환율,삼전닉스 살까 팔까…증권가 목표가 줄줄이 올리는 이유 보니,2026-04-11 08:01:54,real_assets
환율,유럽여행 포기하고 공짜 기차표 끊었는데…기차역 갈 버스가 없다고?,2026-04-12 09:59:56,real_assets
환율,“주식 본전 왔는데 팔까요?” 불안한 개미…‘도로 박스피’ 없다는데,2026-04-12 10:23:02,real_assets
환율,[매경데스크] 삼천당제약 쇼크가 남긴 교훈,2026-04-12 16:58:52,real_assets
환율,[표] 외국환율고시표,2026-04-12 17:09:27,real_assets
환율,불안한 코스피에 … 야간선물 몰려가는 개미들,2026-04-12 17:15:38,real_assets
환율,글로벌 메모리 공급난 부채질 우려 … 韓수출·환율에도 직격탄,2026-04-12 17:43:30,real_assets
환율,[속보] 이 대통령 지지율 61.9%…민주 50.6%·국힘 30.0% [리얼미터],2026-04-13 08:01:50,real_assets
환율,‘5.2조 벚꽃 리턴’ 외국인 6000피 재등극할까…전쟁과 실적 기대감 ‘줄다리기’,2026-04-13 08:07:43,real_assets
환율,"HD현대일렉트릭, 1년 만에 목표가 3배 뛴 이유는?",2026-04-13 08:26:24,real_assets
환율,옥스퍼드 합격後 고대 편입한 신현송 한은 총재 후보자…‘이중 학적’ 논란,2026-04-13 08:44:10,real_assets
환율,李 지지율 61.9% 반등...민주 50.6%·국힘 30%,2026-04-13 08:59:14,real_assets
환율,이란 전쟁 속 반도체는 호황…4월 초 수출액 역대 최고 기록 경신,2026-04-13 09:15:58,real_assets
환율,"“서울 집은 못 사겠다”…경기로 가는 서울 거주자, 4년래 최고",2026-04-13 09:16:50,real_assets
환율,"미·이란 협상 난항에…코스피 5730대 하락 출발, 코스닥도 약세",2026-04-13 09:20:41,real_assets
환율,엇갈리는 대장주 투심… 삼성전자 사고 현대차·하이닉스 팔고 [주식 초고수는 지금],2026-04-13 10:26:06,real_assets
환율,[단독] 신현송의 매파본색 “성장부진보다 물가상승이 더 문제”,2026-04-13 11:40:40,real_assets
환율,반도체 슈퍼사이클 진입 효과…수도권 반도체 벨트 주거시장 ‘훈풍’,2026-04-13 12:45:09,real_assets
환율,다시 1500원 넘보는 원화값…3월 평균환율 금융위기 이후 최고,2026-04-13 14:22:39,real_assets
환율,"티웨이항공, 무급휴직 시행…‘고유가·고환율’ 항공업계 타격 본격화",2026-04-13 14:40:42,real_assets
환율,"여객·화물사업 쌍끌이…대한항공, 1분기 역대 최대 매출",2026-04-13 16:18:30,real_assets
환율,티웨이는 승무원 무급휴직,2026-04-13 17:37:14,real_assets
환율,韓국채 쓸어담은 외국인 … 역대최대 310조원 보유,2026-04-13 17:46:38,real_assets
환율,[표] 외국환율고시표,2026-04-13 17:47:36,real_assets
환율,"신현송 ""성장보다 물가 안정"" … 전문가 ""환율 적극 관리하라""",2026-04-13 17:47:52,real_assets
환율,"대한항공, 1분기 실적은 날았다",2026-04-13 18:00:00,real_assets
환율,“오르락내리락만 하니 속 타네요”...코스피서 코스닥으로 발돌린 개미,2026-04-13 19:53:54,real_assets
환율,캐스팅엔·PwC컨설팅 ‘AI 비용 혁신’ 세미나 개최,2026-04-14 08:00:00,real_assets
환율,"“SK하이닉스, 실적 가속 구간 진입…외국인 투자자 매수 자극 기대”",2026-04-14 08:06:53,real_assets
환율,"“6000피 탈환 기대감”…코스피, 종전 기대감에 5960대 상승 출발",2026-04-14 09:19:41,real_assets
환율,“롤러코스터 장세가 효자”…증시 호황에 5대 증권사 실적 ‘쑥’,2026-04-14 10:33:05,real_assets
환율,"한국남부발전, 긴급 연료 수급 대책회의 개최…“전방위 대응 체계 강화 ”",2026-04-14 12:12:28,real_assets
환율,“가볍게 1300만원 벌고 갈아탔어요”…RIA 계좌서도 삼전닉스가 ‘국룰’,2026-04-14 13:20:20,real_assets
환율,“서학개미 돌아오면 양도세 면제”…‘환율안정 3법’ 국무회의 문턱 넘어,2026-04-14 13:31:11,real_assets
환율,한창 물오른 국민연금이 찍었다…‘저PBR’ 파라다이스·한섬 집중 매수,2026-04-14 14:53:31,real_assets
환율,“환율 요동에 내 주식계좌 희비”…수출주 웃고 내수주 울고,2026-04-14 15:06:54,real_assets
환율,"‘장중 6000피 터치’ 코스피, 5967.75 상승 마감…코스닥도 올라",2026-04-14 15:57:47,real_assets
환율,“다음은 누구 차례?”…주가 100만원 고지 노리는 ‘예비 황제주’,2026-04-14 16:21:50,real_assets
환율,“이란 전쟁이 끼얹은 찬물에...” 명품 LVMH 1분기 매출‘제자리걸음’,2026-04-14 16:23:49,real_assets
환율,"“중동발 고유가 부담 줄인다”…서울시, 1조4000억원 추경 긴급편성",2026-04-14 17:41:42,real_assets
환율,[표] 외국환율고시표,2026-04-14 17:53:28,real_assets
환율,"국민연금, 환율 구원투수로 … 전략적 환헤지 15%로 확대",2026-04-14 17:53:46,real_assets
환율,국민연금 환헤지 비중 10→15%로 … 최대 30조 '환 방어막',2026-04-14 19:48:29,real_assets
환율,"전쟁發 고물가 …""유가 110弗 넘으면 세계 성장률 3.1→2%로 추락""",2026-04-14 22:00:00,real_assets
환율,"허벌라이프, 1분기 매출 7.5~8% 증가..가이던스 상단 상회",2026-04-14 22:42:03,real_assets
환율,"윙입푸드홀딩스 그룹, 2025 회계연도 매출 1,922억원..영업이익 37.9% 급감",2026-04-15 05:11:42,real_assets
환율,"매경이 전하는 세상의 지식 (매-세-지, 4월 15일)",2026-04-15 07:00:00,real_assets
환율,"“SMP 상한제 재등장 가능성”…한국전력, 목표가 5.5만원으로 하향",2026-04-15 08:16:29,real_assets
환율,"환전 없이 여행 결제…모두투어, 스테이블코인 기술 검증 실험 마쳐",2026-04-15 08:35:42,real_assets
환율,"하나증권 “KB금융, 핵심이익 급증…과징금 경감 모멘텀도 기대”",2026-04-15 08:46:14,real_assets
환율,"“줄줄이 터지는 의혹들”…신현송, 이번엔 英딸 강남 아파트 ‘불법 전입’ 논란",2026-04-15 08:55:01,real_assets
환율,"“유가·환율 동시에 뛰니 감당 안되네”…3월 수입물가 16%↑, 28년만에 최대 상승",2026-04-15 09:20:38,real_assets
환율,"“차 끌고 다니기 겁나네”…수입물가 28년만에 최대 상승, 원유값 두배 ‘껑충’",2026-04-15 09:25:10,real_assets
환율,"코스피, 트럼프 종전협상 시사에 6140대 상승 출발…코스닥도 올라",2026-04-15 09:27:35,real_assets
환율,서울 상업용 부동산 거래 양극화…신축·대형 오피스만 임대료 고공행진,2026-04-15 10:44:07,real_assets
환율,블랙록 ETF 중 성장률 1위는 디지털 자산…1년새 자산 64% 급증,2026-04-15 10:45:23,real_assets
환율,“개미들 계좌 반토막났는데”....삼천당제약 회장님은 ‘우리나라 10대 부자’,2026-04-15 11:15:07,real_assets
환율,"“진짜 일본 특화카드 나왔다” 하나카드, ‘트래블로그+ 신용카드’ 출시",2026-04-15 11:25:44,real_assets
환율,신현송 “안정적 성장의 기반이 바로 물가안정…한은 본분에 충실할 것”,2026-04-15 11:27:26,real_assets
환율,“짧은 국내거주·외화자산 치중”…신현송 한은 총재 후보자 해명 보니,2026-04-15 11:34:34,real_assets
환율,"‘두 딸 엄마’ 윤진이, ‘연 1억’ 사교육비 현실에 깜짝",2026-04-15 14:30:29,real_assets
환율,"전쟁물가, 쓰나미처럼 덮쳤다…수입물가 16% 급등 ‘28년만에 최고’",2026-04-15 14:35:24,real_assets
환율,"소상공인연합회, 간이과세 기준 상향·소득공제율 확대 건의",2026-04-15 15:03:14,real_assets
환율,"“주가 반토막 났는데 왜?”…삼천당 회장, 韓 10대 부자 등극",2026-04-15 15:38:41,real_assets
환율,롯데마트 'PB페스타' 우유 1880원·과자 500원 … '초가성비'로 장바구니 걱정 뚝,2026-04-15 16:02:36,real_assets
환율,삼전닉스 약진에 코스피 6000 돌파,2026-04-15 17:21:48,real_assets
환율,"성장 전망은 그대로, 물가는 39% 상향 조정…짙어지는 S먹구름 [사설]",2026-04-15 17:34:49,real_assets
환율,3월 수입물가 16.1% 급등 … 28년만에 최고,2026-04-15 17:52:37,real_assets
환율,[표] 외국환율고시표,2026-04-15 17:56:39,real_assets
환율,돼지 임신 여부도 AI로 확인...엠트리센·축산과학원 ‘아름다운 동행’,2026-04-15 19:26:45,real_assets
환율,전쟁 때문에 더 떨어질 줄 알았는데…곱버스 개미들 눈물,2026-04-16 05:50:20,real_assets
환율,"매나테크, 4분기 매출 2660만 달러·8.2% 감소..EPS 5.94달러 적자",2026-04-16 06:15:58,real_assets
환율,"“동값이 밀어 올렸다”…풍산, ‘깜짝 실적’ 전망에도 목표가 하향 이유는",2026-04-16 08:14:55,real_assets
환율,"하나은행, 넥스트증권과 맞손…외국인 국내주식 투자 ‘24시간 지원’",2026-04-16 10:02:52,real_assets
환율,“어디 갈지 막막할 땐? AI 쇼핑메이트 ‘오키’에게 물어볼까?”,2026-04-16 10:24:20,real_assets
환율,"현대모비스, `AS 사업부가 버텨준다면` 증권사 발표에 강세",2026-04-16 10:34:39,real_assets
환율,"지난달 코스피 탈출 외인자금, 한화오션 시총보다 더 컸다",2026-04-16 10:43:15,real_assets
환율,고유가 시대 하이브리드카 대세인데…“피지컬 AI와 본업도 하이브리드합니다” 현대차 주가 6% 상승,2026-04-16 10:45:16,real_assets
환율,"“국제유가 상승 안 무서워”...대한항공 목표주가↑[오늘, 이 종목]",2026-04-16 10:57:33,real_assets
환율,"한화오션, `양호한 실적, 기대되는 특수선 수주` 증권사 발표에 강세",2026-04-16 11:21:20,real_assets
환율,"코스피, 중동전쟁 이후 첫 6200선 회복…2.21% 강세 마감",2026-04-16 15:57:10,real_assets
환율,“수입산 가격표 보고 내려놨어요”…장바구니 고물가 덮친 마트 [르포],2026-04-16 16:16:20,real_assets
환율,중동발 위기에 뭉친 여야…경제 진단엔 동상이몽,2026-04-16 16:25:28,real_assets
환율,[매일경제TV] 3고 위기 속 한국경제 대응방안은,2026-04-16 17:42:32,real_assets
환율,자본규제 풀어…금융권 대출여력 100조 확대,2026-04-16 18:04:07,real_assets
환율,[표] 외국환율고시표,2026-04-16 18:04:07,real_assets
환율,"펩시코, 1분기 매출 194억 달러·EPS 1.70달러로 27% 급증",2026-04-16 19:03:43,real_assets
환율,"허벌라이프, 8억 달러 규모 7.75% 선순위 담보부 채권 발행",2026-04-16 19:04:03,real_assets
환율,"뉴욕멜론은행, 1분기 EPS 2.24달러·전년비 42%↑",2026-04-16 19:31:56,real_assets
환율,"맨파워, 1분기 매출 45억 달러로 10% 증가·순이익 55% 급감",2026-04-16 20:33:18,real_assets
환율,"프로로지스, 1Q 순이익 65.7% 급증..코어 FFO 6.2% 상승",2026-04-16 21:07:49,real_assets
환율,"징코솔라, 4분기 매출 15% 급감·폴리실리콘 가격 충격에 투자자 실망",2026-04-17 02:11:29,real_assets
환율,"레이크랜드 인더스트리즈, 2026 회계연도 매출 15% 증가..순손실 2531만 달러",2026-04-17 05:15:05,real_assets
환율,"징코솔라 홀딩 컴퍼니, 4분기 영업손실 4.7억 달러..연간 매출 29% 급감",2026-04-17 05:50:27,real_assets
환율,“이제 트럼프 변덕에 안휘둘립니다”…‘6600피’까지 내다보는 이유 [오늘 나온 보고서],2026-04-17 08:26:27,real_assets
환율,"“도대체 무슨 일”…사상 최대 경상흑자에도 치솟는 환율, 이런 이유가",2026-04-17 09:23:34,real_assets
환율,"“못 갚는 빚, 갈수록 많아진다”…은행 대출 연체율 10년 來 최고치",2026-04-17 09:46:57,real_assets
환율,"[속보] 이 대통령 지지율 66%…민주 48%, 국힘 19% [한국갤럽]",2026-04-17 10:03:43,real_assets
환율,[속보] 이 대통령 지지율 66%…이스라엘 이슈에도 견고,2026-04-17 10:23:16,real_assets
환율,“서학개미가 달러 들고가 주식 쇼핑”…수출 잘 나가도 환율 급등 이유 찾았다,2026-04-17 10:34:36,real_assets
환율,전쟁통에 살아난 2차전지…과거와는 다르다,2026-04-17 14:01:20,real_assets
환율,"HD현대중공업, `우호적인 상선 업황과 군함 사업 확대 기대감` 증권사 발표에 강세",2026-04-17 14:28:15,real_assets
환율,“재테크 어벤져스를 만나다”... ‘2026 서울머니쇼’ & ‘매경플러스 멤버십’ 전격 출범,2026-04-17 15:44:16,real_assets
환율,"제주항공·진에어도 ‘할증료 폭탄’…나트랑 왕복, 기름값만 21만원",2026-04-17 16:59:35,real_assets
환율,소고기·생선·과일 … 수입식품發 밥상 물가 걱정된다 [사설],2026-04-17 17:08:31,real_assets
환율,[강준모의 빵집 일상] 지난 전쟁의 기억,2026-04-17 17:11:13,real_assets
환율,[표] 외국환율고시표,2026-04-17 17:49:41,real_assets
환율,"IEA ""유럽 항공유 6주 뒤 소진""… 항공대란 현실화하나",2026-04-17 17:50:53,real_assets
환율,"오토리브, 1분기 매출 28억 달러·7% 증가..EPS 12% 감소",2026-04-17 19:17:36,real_assets
환율,"에릭슨, 크로나 강세 직격탄…매출 10% 감소에 기업 부문 손실까지",2026-04-17 23:02:59,real_assets
환율,"위프로, 4분기 매출 258억 달러·7.7%↑…EPS 12% 감소",2026-04-18 06:16:00,real_assets
환율,"구윤철 “환율, 우려보다 안정돼…시장 기대까지 가야”",2026-04-18 06:16:25,real_assets
환율,“4월도 비싸서 여행 미뤘더니”…5월 유류할증료 폭등 소식에 여행객 ‘비명’,2026-04-19 11:22:40,real_assets
환율,돌아오는 외국인 ‘큰 손’...일본계 자금도 우르르,2026-04-19 13:47:45,real_assets
환율,[표] 외국환율고시표,2026-04-19 17:17:38,real_assets
환율,"대만에 밀린 韓1인당 GDP, 격차 더 벌어져",2026-04-19 17:37:35,real_assets
환율,"IBK투자증권 “스타벅스 실적 개선 쉽지 않지만…이마트, 성장 지속”",2026-04-20 08:49:34,real_assets
환율,‘퇴임’ 이창용 한은 총재 “통화·재정 영향력 점차 약화…구조개혁 없이는 한계”,2026-04-20 10:12:17,real_assets
환율,‘수익성 둔화’ 돌파구…자사 서비스 전면 개편 이어가는 AIA생명,2026-04-20 10:31:51,real_assets
환율,한은 떠나는 이창용…“사우나 하다가도 금리 왜 안낮추냐며 혼났다”,2026-04-20 13:54:18,real_assets
환율,"“다이소처럼 판다”…대형마트, 1000~5000원 균일가 전략 강화",2026-04-20 17:06:25,real_assets
환율,[표] 외국환율고시표,2026-04-20 17:41:06,real_assets
환율,"이창용 ""통화·재정정책만으론 성장 안돼""",2026-04-20 17:53:04,real_assets
환율,"[노영우의 스톡피시] 외환은행이 키운 수재, 외환시장 구원투수 될까",2026-04-20 22:53:24,real_assets
환율,[속보] 코스피 장중 사상최고가 경신 ‘6350선 돌파’…121만닉스·22만전자,2026-04-21 09:15:07,real_assets
환율,하나카드 출시한지 1주만에…신한도 똑같은 일본여행 특화카드 내놔,2026-04-21 10:49:45,real_assets
환율,이란 전쟁 분수령에 인천공항 2분기 변동성 ‘최대’,2026-04-21 14:00:00,real_assets
환율,3高 위기에 취임 신현송 한은 총재…물가 대응 '비장함' 보일 때 [사설],2026-04-21 17:24:52,real_assets
환율,[표] 외국환율고시표,2026-04-21 17:36:07,real_assets
환율,"日 편의점·돈키호테 할인 신한, 특화 체크카드 출시",2026-04-21 17:36:09,real_assets
환율,"에퀴팩스, 1분기 매출 16억5천만 달러·EPS 1.86달러로 가이던스 상회",2026-04-21 19:34:19,real_assets
환율,"제뉴인 파츠, 1분기 매출 63억 달러..전년비 6.8% 증가",2026-04-21 20:22:41,real_assets
환율,"도세보, 1분기 매출 6550만 달러·전년비 14% 증가..연간 가이던스 상향",2026-04-21 20:42:02,real_assets
환율,"인터렉티브 브로커스 그룹, 1분기 순이익 23% 증가..EPS 0.59달러",2026-04-22 05:05:02,real_assets
환율,"인터 파퓸스, 1분기 매출 3억4500만 달러..전년비 2% 증가",2026-04-22 05:22:50,real_assets
환율,"소노코 프로덕트 컴퍼니, 1분기 EPS 0.68달러..전년비 23.6%↑",2026-04-22 05:30:21,real_assets
환율,"“분기 최대 실적 또 경신”…LS일렉트릭, 목표가 22만원 상향",2026-04-22 07:54:21,real_assets
환율,"코스피, 장 초반 6400선 터치 후 숨고르기…외인·기관 순매도",2026-04-22 09:58:54,real_assets
환율,"“어린이때부터 금융교육” 하나은행, 19년째 맞이하는 금융뮤지컬 개최",2026-04-22 10:08:23,real_assets
환율,환율 부담되는데 ‘이곳’서 여행상품 최대 30% 할인,2026-04-22 10:19:00,real_assets
환율,"에스티팜, `믹스가 만든 이익 레벨업` 증권사 발표에 강세",2026-04-22 13:43:48,real_assets
환율,중국·일본 관광객이 물밀듯이…中노동절·日골든위크 맞아 롯데百 대규모 할인,2026-04-22 14:10:01,real_assets
환율,"3월 외화예금, 역대 최대폭으로 감소…한은 “고환율에 환전 늘어”",2026-04-22 15:14:42,real_assets
환율,부채의 역습 … 쓸 수 있는 '선택지' 사라진다,2026-04-22 16:09:16,real_assets
환율,"""일식집서 먹던 맛이네"" 이마트 연어회의 비밀",2026-04-22 16:18:20,real_assets
환율,"롯데百, 중국·일본 관광객 맞이 프로모션 확대…즉시 할인에 환율 우대까지",2026-04-22 16:29:13,real_assets
환율,[매경이코노미스트] '고유가 지원금' 더 공정한 배분법,2026-04-22 17:17:15,real_assets
환율,[표] 외국환율고시표,2026-04-22 17:33:14,real_assets
환율,스테이블코인 결제 확산 … '미국판 배민' 도어대시 합류,2026-04-22 17:34:35,real_assets
환율,“환율 낮을 때 환전해 줄게”…외국인 유학생 돈 가로챈 30대 환전소 운영자,2026-04-22 17:41:51,real_assets
환율,1500원대 환율에 “달러 팔자”…외화예금 23조 썰물,2026-04-22 17:45:21,real_assets
환율,RIA 1조 모았지만…서학개미 투자 되레 늘어,2026-04-22 17:46:57,real_assets
환율,"에코페트롤, 2025년 매출 300억 달러·EPS 23% 감소",2026-04-22 19:05:26,real_assets
환율,"버티브 홀딩스, 1분기 매출 27억 달러·전년비 30% 증가",2026-04-22 19:07:16,real_assets
환율,"필립 모리스 인터내셔널, 1분기 매출 101억 달러·EPS 1.96달러 기록",2026-04-22 20:04:39,real_assets
환율,"웨스팅하우스 에어 프레이크 테크놀러지스, 1분기 EPS 2.71달러..전년비 19% 증가",2026-04-22 20:05:49,real_assets
환율,"아이비엠, 1분기 매출 159억 달러..전년비 9% 증가",2026-04-23 05:13:54,real_assets
환율,"메드페이스 홀딩스, 1분기 매출 7억달러..전년比 27% 급증",2026-04-23 05:19:55,real_assets
환율,"메디롬 헬스케어 테크놀러지스, 2025년 매출 385억 달러..전년비 21% 감소",2026-04-23 05:36:39,real_assets
환율,"서비스나우, 1분기 구독 매출 37억 달러..전년비 22% 증가",2026-04-23 05:52:02,real_assets
환율,RIA계좌 잔액 1조 달성 코앞인데…서학개미 보유액은 늘었다,2026-04-23 06:04:51,real_assets
환율,"[속보] 코스피, 장중 6500 돌파…사흘 연속 사상최고치 경신",2026-04-23 09:05:45,real_assets
환율,맞손 잡은 신현송·구윤철…“통화·재정 조화” “수시로 만나 소통”,2026-04-23 10:27:42,real_assets
환율,관세·환율 겹악재…현대차 1분기 영업익 30.8%↓,2026-04-23 14:33:23,real_assets
환율,"역대 최대 매출 올렸는데도…현대차 1분기 영업익 성적표 부진, 이유는?",2026-04-23 15:04:26,real_assets
환율,"머니무브 흐름 올라탄 KB금융, 1분기 실적 또 ‘신기록’",2026-04-23 15:48:37,real_assets
환율,"“역시, 믿을 건 달러 뿐인가”…전쟁통에 달러 결제비중 ‘사상 최고’",2026-04-23 16:03:01,real_assets
환율,"삼성바이오에피스, 바이오시밀러 힘입어 1분기 두자릿수 성장",2026-04-23 16:09:10,real_assets
환율,아파트 대출 규제 심해지자 성수·압구정·명동 ‘꼬마빌딩’ 다시 눈길,2026-04-23 16:26:59,real_assets
환율,“직원 평균연봉 2억 ‘신의 직장’ 이유있었네”…역대급 실적 또 경신한 ‘이곳’,2026-04-23 17:00:55,real_assets
환율,테슬라 1분기 '깜짝 실적'…대규모 투자에 주가는 내려,2026-04-23 17:33:09,real_assets
환율,신현송 취임 하자마자 … 통화·정책 수장 회동,2026-04-23 17:45:43,real_assets
환율,[표] 외국환율고시표,2026-04-23 17:51:00,real_assets
환율,3조원대 설탕 가격 담합 전현직 임직원 1심 유죄,2026-04-23 17:51:08,real_assets
환율,美 관세 걸림돌…최대 매출에도 못웃는 현대차,2026-04-23 18:00:31,real_assets
환율,"""한국서 너무 안팔려요"" 혼다車 23년만에 철수",2026-04-23 18:00:31,real_assets
환율,"젠썸, 1분기 매출 3.9억 달러·EPS 0.14달러 흑자전환",2026-04-23 19:12:12,real_assets
환율,"스냅온, 1분기 매출 12억700만 달러..전년비 5.8% 증가",2026-04-23 19:35:05,real_assets
환율,"스트레티직 에듀케이션, 1분기 영업이익 42% 증가·4110만 달러",2026-04-23 19:37:05,real_assets
환율,"아메리칸 익스프레스, 1분기 순이익 30억 달러..전년비 15%↑",2026-04-23 20:01:58,real_assets
환율,"해즈브로, 1분기 매출 9.7억~9.9억 달러 전망..전년비 최대 11% 증가",2026-04-23 20:02:08,real_assets
환율,"큐리그 닥터 페퍼, 1분기 매출 40억 달러 돌파..전년비 9.4% 증가",2026-04-23 20:05:51,real_assets
환율,"사노피, 1분기 매출 105억 유로..듀픽센트 30% 성장 견인",2026-04-23 20:22:05,real_assets
환율,"“매출 46조 찍었는데 이게 뭡니까”…현대차, 美관세에 영업익 ‘후진’",2026-04-23 20:30:23,real_assets
환율,"아르다 메탈 패키징, 1Q 매출 15억 달러·전년비 19% 증가",2026-04-23 22:44:14,real_assets
환율,"풀코퍼레이션, 1분기 매출액 11억3800만 달러..전년비 6% 증가",2026-04-23 22:45:14,real_assets
환율,"아르다 메탈 패키징, 1분기 매출 15억 달러..전년비 19% 증가",2026-04-23 22:46:04,real_assets
환율,"유타 메디컬 프로덕트, 1분기 매출 87억 달러..전년비 10% 감소",2026-04-24 04:52:11,real_assets
환율,"라탐 에어라인스 그룹, 2025년 순이익 30% 배당..주당 0.00006617달러",2026-04-24 06:01:33,real_assets
환율,"베터웨어 드 멕시코, 1분기 EPS 85.7% 급증·35억 페소 달성",2026-04-24 06:15:24,real_assets
환율,"불장에 증권사가 다 벌어왔다…KB·신한금융, 1분기 사상최대 실적",2026-04-24 06:35:10,real_assets
환율,3조원대 설탕가격 담합…CJ제일제당·삼양사 임직원 1심 유죄,2026-04-24 08:03:00,real_assets
환율,[속보] 이 대통령 지지율 67%…민주 48%·국힘 20% [한국갤럽],2026-04-24 10:03:39,real_assets
환율,[속보] 이재명 대통령 지지율 67%…다시 최고치,2026-04-24 10:17:36,real_assets
환율,"LG이노텍, 기판 업체로 본격 재평가…52주 신고가 달성 [매경 자이앤트]",2026-04-24 11:09:33,real_assets
환율,삼전닉스 외 대안은 건설·원전·바이오,2026-04-24 11:29:22,real_assets
환율,[속보] 기아 1분기 영업이익 2조2051억원…작년 동기 대비 26.7%↓,2026-04-24 14:12:26,real_assets
환율,KGM 1분기 영업이익 217억원…인수 4년째 1분기 흑자 지속,2026-04-24 14:52:43,real_assets
환율,호텔신라 1분기 영업익 204억원 ‘어닝서프라이즈’,2026-04-24 14:54:16,real_assets
환율,"‘6분기 연속 흑자’ KGM, 1분기 영업익 217억원…전년比 105%↑",2026-04-24 14:59:48,real_assets
환율,키네틱 리스크·알파고 마피아·바스켓 매매 [This Week 경제용어],2026-04-24 15:53:44,real_assets
환율,우리금융 1분기 순익 6038억 ‘역성장’…자본비율 13%대는 조기달성,2026-04-24 16:00:00,real_assets
환율,고유가·고환율에도…경기 전망 ‘낙관’·살림 전망은 ‘글쎄’,2026-04-24 17:05:08,real_assets
환율,기아 최대 매출에도 수익성 둔화…올해 1분기 영업익 26.7%↓,2026-04-24 17:17:01,real_assets
환율,우리금융 순익 6038억원 … 4대지주 중 홀로 역성장,2026-04-24 17:46:05,real_assets
환율,[표] 외국환율고시표,2026-04-24 17:46:07,real_assets
환율,호텔신라 1분기 영업익 204억 '흑자전환',2026-04-24 17:52:27,real_assets
환율,기아 1분기 영업이익 27% '후진',2026-04-24 17:57:33,real_assets
환율,“SK하이닉스 234만원 간다”...일본 증권사가 최고로 높은 목표주가 내놔,2026-04-24 20:17:44,real_assets
환율,"프록터 & 갬블, 3분기 자체 성장률 3%·EPS 1.59달러 기록",2026-04-24 23:04:02,real_assets
환율,"베스타 리얼 에스테이트, 7,475만 달러 배당·자사주 1.5억 달러 매입 결의",2026-04-25 06:25:54,real_assets
환율,“31년만에 한국-미국 직항 노선 열었습니다”…워싱턴 D.C.행 취항한 에어프레미아,2026-04-25 09:55:56,real_assets
환율,"“데일리 와인의 진화” 이마트24, 자체 와인 ‘꼬모’ 리뉴얼",2026-04-26 10:53:00,real_assets
환율,"""내 자산 지킬 주치의""… 국가대표 재테크 고수 '머니닥터' 떴다",2026-04-26 17:00:05,real_assets
환율,"OECD ""韓잠재성장률 내년 1.5%대로 하락""",2026-04-26 17:27:35,real_assets
환율,"우리銀, 지방 中企 대상 '찾아가는 환율 세미나'",2026-04-26 17:39:02,real_assets
환율,[표] 외국환율고시표,2026-04-26 17:39:03,real_assets
환율,“삼전닉스 이렇게 벌어도 안되네”…내년말 잠재성장률 1.5% ‘털썩’,2026-04-26 18:17:36,real_assets
환율,"“수익성 전략 통했다”…호텔신라, 실적 서프라이즈에 목표가↑",2026-04-27 08:05:59,real_assets
환율,"“하나금융지주, 비은행 정상화 속도…배당 비중 확대” 목표가↑",2026-04-27 08:08:01,real_assets
환율,"“실적이 탄탄하니까”…‘KT&G 눈독’ 외국인 투자자들, 13거래일 연속 매수",2026-04-27 14:26:50,real_assets
환율,"현대모비스, `1Q26 리뷰: 관세 비용 회수, 견조한 AS 이익` 증권사 발표에 강세",2026-04-27 14:34:50,real_assets
환율,"미래에셋증권, RIA 고객 잔고 2500억 돌파",2026-04-27 15:00:30,real_assets
환율,"포스코, 거래업체에 4000억대 우대 보증 제공",2026-04-27 16:01:44,real_assets
환율,[표] 외국환율고시표,2026-04-27 17:27:07,real_assets
환율,"[대한민국 100대 CEO] 성래은 영원무역그룹 부회장 | ‘공장집 딸’ 동행 리더십, 불확실성 뚫었다",2026-04-27 17:56:57,real_assets
환율,"도미노피자, 1분기 매출 11억5600만 달러·영업익 9.6%↑",2026-04-27 19:07:17,real_assets
환율,"캐네디언 솔라, 1분기 순이익 999% 급증..관세 환급 효과",2026-04-28 06:56:14,real_assets
환율,"심슨 매뉴팩처링, 1분기 매출 5억8800만 달러·EPS 2.13달러 기록",2026-04-28 07:11:47,real_assets
환율,"오틀리 그룹, 2025년 매출 8억6245만 달러..순손실 1억4491만 달러로 축소",2026-04-28 07:13:47,real_assets
환율,"[속보] 코스피, 사상 첫 6700 돌파…코스닥은 하락 전환",2026-04-28 10:03:24,real_assets
환율,"HD건설기계, 증권사 목표가 상향에 강세…5.0%",2026-04-28 13:12:22,real_assets
환율,"현대위아, `체질 개선 가시화, 리레이팅 구간 초입` 증권사 발표에 강세",2026-04-28 13:52:32,real_assets
환율,“자기야 우리 다음달에 표 끊을까?”…유류할증료 하락 전망에 ‘눈치싸움’,2026-04-28 16:56:26,real_assets
환율,[표] 외국환율고시표,2026-04-28 17:32:47,real_assets
환율,같은 디올백인데…면세점 815만원 vs 백화점 750만원,2026-04-28 18:03:33,real_assets
환율,"제다우, 1분기 순이익 10억 헤알..전년비 34% 증가",2026-04-28 19:05:46,real_assets
환율,"콘트롤라도라 부엘라 콤파니아 지 아비아시옹, 1분기 파생상품 리스크 관리 정책 공시",2026-04-28 19:07:56,real_assets
환율,"스포티파이 테크놀러지, 1분기 영업이익 7억1500만 유로..40% 급증",2026-04-28 19:13:12,real_assets
환율,"힐튼 월드와이드 홀딩스, 1분기 EPS 1.66달러..전년비 35%↑",2026-04-28 19:14:12,real_assets
환율,"노바티스 AG, 1분기 매출 131억 달러·5% 감소..신제품 성장세 주목",2026-04-28 19:23:03,real_assets
환율,"킴벌리클락, 1분기 매출 42억 달러..전년비 2.7% 증가",2026-04-28 19:36:04,real_assets
환율,"에이버리 데니슨, 1분기 조정 EPS 2.47달러..전년비 7.4% 증가",2026-04-28 19:48:58,real_assets
환율,"코카콜라, 1분기 매출 125억 달러·영업이익 44억 달러..전년비 각각 12%·19% 증가",2026-04-28 20:02:09,real_assets
환율,"셔윈 윌리엄즈, 1분기 매출 57억 달러·EPS 2.15달러 기록",2026-04-28 20:07:21,real_assets
환율,"시스코, 3분기 매출 205억 달러로 4.7%↑…EPS는 13.4%↓",2026-04-28 21:09:05,real_assets
환율,"어플라이드 인더스트리얼 테크놀러지스, 3분기 매출 13억 달러·7.3% 증가",2026-04-28 22:12:00,real_assets
환율,"플랭클린 일렉트릭, 1분기 매출 56억 달러·EPS 64% 급증",2026-04-29 05:01:50,real_assets
환율,"부킹 홀딩스, 1분기 순이익 225% 급증·55억 달러 매출 달성",2026-04-29 05:07:36,real_assets
환율,"옵코 헬스, 1분기 매출 1억2420만 달러..전년비 17% 감소",2026-04-29 05:08:27,real_assets
환율,"스타벅스, 2분기 동일매장 6.2% 성장·EPS 0.50달러로 22% 증가",2026-04-29 05:10:47,real_assets
환율,"로저스, 1분기 매출 2억500만 달러..EPS 흑자전환",2026-04-29 05:11:28,real_assets
환율,"옴니컴, 1분기 매출 62억 달러·69% 급증..IPG 인수 효과",2026-04-29 05:12:28,real_assets
환율,"몬델리즈 인터내셔널, 1분기 매출 101억 달러·8.2% 성장",2026-04-29 05:15:19,real_assets
환율,"PPG 인더스트리즈, 1분기 매출 39억3000만 달러…전년비 7% 증가",2026-04-29 05:20:01,real_assets
환율,"베랄토, 1분기 매출 14억2200만 달러·조정 EPS 13% 증가",2026-04-29 05:33:25,real_assets
환율,"O-I 글래스, 1분기 조정 EPS 0.05달러..전년비 87.5% 급락",2026-04-29 05:34:21,real_assets
환율,“소형주 오르면 10배도 우습지” 했는데…현실은 대형주 반도 못갔다,2026-04-29 06:04:33,real_assets
환율,"“기업들도 힘들겠지만, 우린 죽을 판”…자영업자 체감경기 ‘급랭’",2026-04-29 11:38:36,real_assets
환율,“전용 안경 없어도 3D 실감나네”…사이니지 생태계 커진다,2026-04-29 14:56:35,real_assets
환율,“코스피에 일단 돈 태우고 봐”…외국인 몰리며 외환거래액 ‘역대 최대’,2026-04-29 15:14:10,real_assets
환율,[표] 외국환율고시표,2026-04-29 17:15:53,real_assets
환율,제이알 회생신청 후폭풍 … 리츠株 '우수수',2026-04-29 17:56:25,real_assets
환율,"퍼스트 캐시, 7억5000만 달러 선순위 무담보채권 발행 완료",2026-04-29 19:08:25,real_assets
환율,"아반토, 1분기 매출 15억8천만 달러·자체 성장률 4.1% 감소",2026-04-29 19:13:17,real_assets
환율,"스탠리 블랙 & 데커, 1분기 매출 38억 달러·EPS 0.39달러 기록",2026-04-29 19:14:57,real_assets
환율,"“K국대주, 거품론엔 안흔들리죠”…오픈AI 쇼크에도 선방한 삼전",2026-04-29 19:25:48,real_assets
환율,"테바 파마슈티컬 인더스트리즈, 1분기 매출 40억 달러·순이익 72% 증가",2026-04-29 20:02:13,real_assets
환율,"얌브랜드, 1분기 EPS 1.50달러·전년비 15%↑..타코벨 8% 고성장",2026-04-29 20:06:24,real_assets
환율,"바슈롬, 1분기 매출 12억4천만 달러..전년비 9% 증가",2026-04-29 20:08:04,real_assets
환율,"헤이워드 홀딩스, 1분기 매출 2.6억 달러·EPS 83% 급등",2026-04-29 20:08:45,real_assets
환율,"오틀리 그룹, 1분기 매출 2.3억 달러로 15.6% 증가..영업손실 39% 개선",2026-04-29 20:10:15,real_assets
환율,"엣시, 1분기 매출 6억3127만 달러..전년비 7.6% 증가",2026-04-29 20:13:56,real_assets
환율,"캐내디언 내셔널 레일웨이, 1Q 매출 44억 캐나다달러..EPS는 1% 증가",2026-04-29 20:38:08,real_assets
환율,[대한민국 100대 CEO] 허인철 오리온그룹 부회장 | 30년 만에 해외 법인 매출 25조 금자탑,2026-04-29 21:34:15,real_assets
환율,월급 15만원인데 계란 9000원이라니…이란 서민층 생활고에 ‘허덕’,2026-04-29 22:30:29,real_assets
환율,"아시아 퍼시픽 와이어 & 케이블, 4분기 EPS 0.17달러..전년비 31% 증가",2026-04-29 23:12:11,real_assets
환율,"인포시스, 4분기 매출 50억4000만 달러..전년비 6.6%↑",2026-04-30 00:38:04,real_assets
환율,"에퀴닉스, 1분기 매출 24억 달러..전년비 10% 증가",2026-04-30 05:15:04,real_assets
환율,"글라우코스, 1분기 매출 1.5억 달러·41% 증가..연간 가이던스 상향",2026-04-30 05:24:17,real_assets
환율,"마텔, 1분기 매출 8억6200만 달러·흑자전환..관세에 총이익률 급락",2026-04-30 05:32:29,real_assets
환율,"콘메드, 1분기 EPS 0.45달러 흑자전환..2026년 가이던스 상향",2026-04-30 05:32:40,real_assets
환율,"캐내디언 퍼시픽 레일웨이, 1분기 매출 37억 달러·EPS 0.94달러 기록",2026-04-30 05:38:43,real_assets
환율,"아마존닷컴, 1분기 매출 1815억 달러..전년비 17% 증가",2026-04-30 05:45:36,real_assets
환율,"아플락, 1분기 순이익 10억 달러 돌파..매출 28% 급증",2026-04-30 05:48:26,real_assets
환율,"수자노 파펠 에 셀루로스, 1분기 매출 110억 헤알..전년비 5% 감소",2026-04-30 06:06:51,real_assets
환율,경제·금융 수장들 “경제 성장세는 확대…외환시장 변동성 지속돼”,2026-04-30 10:26:32,real_assets
환율,"미국투자이민, 이제는 ‘누가 끝까지 함께하는가’를 묻는다",2026-04-30 11:00:00,real_assets
환율,빅테크 잇단 스테이블코인 정산도입…구글 이어 메타 합류,2026-04-30 11:30:29,real_assets
환율,"“런치플레이션의 습격, ‘한 끼 1만 원 시대’ … 외식 물가 도미노 인상 가속화",2026-04-30 12:24:49,real_assets
환율,"몽키트래블, 여름휴가 맞이 ‘패밀리 페스타’ 프로모션 진행",2026-04-30 13:59:00,real_assets
환율,중소 수출기업 물류비 최대 29% 줄인다…경과원·경인지방우정청 ‘맞손’,2026-04-30 14:58:59,real_assets
환율,"청년 파산 경고음...20대 빚투, 1년 새 2.24배 폭증 [국회 방청석]",2026-04-30 15:45:41,real_assets
환율,포스코그룹 1Q 영업익 24.3%↑…철강 부진에도 2차전지 덕에 깜짝실적,2026-04-30 15:50:48,real_assets
환율,리튬광산 덕분에 … 되살아난 포스코홀딩스,2026-04-30 17:18:17,real_assets
환율,외국환율고시표,2026-04-30 17:45:34,real_assets
환율,"금리 환율 격변기, 돈 버는 제테크 포트폴리오",2026-04-30 18:00:53,real_assets
환율,"타이탄 인터내셔널, 1분기 매출 5억507만 달러..전년비 2.9% 증가",2026-04-30 19:06:10,real_assets
환율,"엑솔타 코팅 시스템즈, 1분기 매출 12억5400만 달러..전년比 0.6%↓",2026-04-30 19:20:12,real_assets
환율,"몰슨 쿠어스 브루잉, 1분기 EPS 0.80달러..전년비 35.6% 급증",2026-04-30 19:35:25,real_assets
환율,"CNH 인더스트리얼, 1분기 순이익 92% 급감..0.01달러",2026-04-30 19:36:05,real_assets
환율,"테크닙FMC, 1분기 매출 25억 달러·EPS 0.64달러 기록",2026-04-30 19:50:16,real_assets
환율,"몰슨쿠어스, 1분기 EPS 35.6% 급증…가격 인상·환율 효과도 '실적 서프라이즈'",2026-04-30 19:50:56,real_assets
환율,"랩코프 홀딩스, 1분기 EPS 3.35달러·32.8%↑..연간 가이던스 상향",2026-04-30 19:59:07,real_assets
환율,"가렛 모션, 1분기 매출 9.9억 달러·EPS 0.49달러 기록",2026-04-30 20:00:28,real_assets
환율,"브리스톨마이어스스큅, 1분기 매출 115억 달러..전년비 3% 증가",2026-04-30 20:05:29,real_assets
환율,"피니아, 1분기 매출 8억7800만 달러..전년비 10% 증가",2026-04-30 20:34:25,real_assets
환율,"바린투스 바이오테라퓨틱스, 1분기 순손실 550만 달러..전년비 72% 개선",2026-04-30 20:35:35,real_assets
환율,"알나일램 파마슈티컬스, 1분기 순제품 매출 10억 달러 돌파..전년비 121%↑",2026-04-30 21:09:49,real_assets
환율,"수자노 파펠 에 셀루로스, 1분기 조정 EBITDA 20억 달러..전년비 6% 증가",2026-04-30 21:44:03,real_assets
환율,"링컨 일렉트릭 홀딩스, 1분기 매출 11억2천만 달러..전년비 11.7% 증가",2026-04-30 22:21:14,real_assets
환율,"트리마스, 1분기 매출 1억6830만 달러..전년비 10% 증가",2026-04-30 22:31:14,real_assets
환율,"스탠다드 모터 프로덕츠, 1분기 매출 4억5120만 달러..전년比 9.1%↑",2026-04-30 22:40:15,real_assets
환율,“한국 환율은 양반이었네”…고유가에 통화가치 박살난 세 나라,2026-04-30 23:06:03,real_assets
환율,"세러스, 1분기 매출 5990만 달러..전년비 23% 증가",2026-05-01 05:07:35,real_assets
환율,"SPX, 1분기 매출 17% 증가한 5억6680만 달러..연간 가이던스 상향",2026-05-01 05:10:36,real_assets
환율,"스트라이커, 1분기 매출 60억 달러로 2.6% 증가..정형외과 사업부 신설",2026-05-01 05:12:07,real_assets
환율,"레즈메드, 3분기 매출 14억3천만 달러..전년비 11% 증가",2026-05-01 05:12:17,real_assets
환율,"머릿 메디컬 시스템즈, 1분기 매출 3.8억 달러..전년비 7% 증가",2026-05-01 05:22:31,real_assets
환율,"모호크 인더스트리즈, 1분기 순이익 1.2억 달러·전년비 61% 급증",2026-05-01 05:24:01,real_assets
환율,"바이오래드 래버러토리, 1분기 매출 5억9210만 달러..환율 제외 4.2% 감소",2026-05-01 05:28:33,real_assets
환율,"이스트만 케미컬, 1분기 매출 22억 달러·EPS 0.93달러..전년비 5%↓",2026-05-01 05:30:33,real_assets
환율,"퀘이커 케미컬, 1분기 순이익 52% 급증··아시아태평양 25% 성장 견인",2026-05-01 05:38:16,real_assets
환율,"바이오래드, 1분기 핵심 부문 역성장에 연간 가이던스까지 하향 조정",2026-05-01 05:42:57,real_assets
환율,"아코 브랜즈, 1분기 매출 3억4370만 달러·흑자전환 성공",2026-05-01 05:46:48,real_assets
환율,"압타르그룹, 1분기 매출 9.8억 달러..전년비 11% 증가",2026-05-01 06:30:12,real_assets
환율,"“웬만하면 가는데, 이번 연휴엔 일본도 쉽지 않아”…고유가에 해외여행 포기",2026-05-01 09:56:48,real_assets
환율,이 대통령 국정 지지율 64%로 3%p↓…민주 46%·국힘 21% [한국갤럽],2026-05-01 10:05:07,real_assets
환율,李대통령 지지율 64%…전주 대비 3%p↓,2026-05-01 14:15:47,real_assets
환율,[표] 외국환율고시표,2026-05-01 17:33:36,real_assets
환율,"에코페트롤, 2025년 연례보고서 제출..2026년 매출 337억 달러 전망",2026-05-01 22:26:01,real_assets
환율,"마그나 인터내셔널, 1분기 매출 104억 달러·조정 EPS 77% 급증",2026-05-01 22:26:11,real_assets
환율,"셰브론, 1분기 순이익 44.5% 급감에도 헤스 인수로 생산 24% 증가",2026-05-01 22:33:53,real_assets
환율,"린데, 1분기 EPS 4.33달러로 10% 증가..매출 88억 달러",2026-05-01 22:46:04,real_assets
환율,"퀴아젠, 1분기 매출 4억9200만 달러..연간 가이던스 하향",2026-05-01 22:50:15,real_assets
환율,"브룩필드 리뉴어블 파트너스, 1분기 FFO 3.75억 달러..전년비 19% 증가",2026-05-02 05:18:05,real_assets
환율,"베터웨어 드 멕시코, 2025년 순이익 10.6억 페소·2억 페소 배당 승인",2026-05-02 06:15:59,real_assets
환율,기내 방송에서 “엄마 아빠 사랑해요”…가정의 달 맞은 항공업계 [항공+],2026-05-02 13:31:57,real_assets
환율,LCC 항공편 취소 급증…고객 피해 눈덩이,2026-05-03 17:03:13,real_assets
환율,[표] 외국환율고시표,2026-05-03 17:18:44,real_assets
환율,결제 늦추려… 카드로 자재 구입하는 기업 급증,2026-05-03 17:18:45,real_assets
환율,"""수하물 하역비도 못내"" 고비용 늪에 빠진 LCC",2026-05-03 17:53:49,real_assets
환율,격려금·승진 미루더니 “무급휴직 하실 분?”…저비용항공사 보릿고개,2026-05-04 06:07:26,real_assets
환율,"매경이 전하는 세상의 지식 (매-세-지, 5월 4일)",2026-05-04 07:00:00,real_assets
환율,[속보] 이 대통령 지지율 59.5%…8주 만에 50%대 하락[리얼미터],2026-05-04 08:01:12,real_assets
환율,"“2%도 쉽지 않다더니, 앞다퉈 상승 버튼”…韓경제 눈높이 높이는 해외IB",2026-05-04 09:11:22,real_assets
환율,“환율 널뛰기 무서워서요”...기업들 2경 넘게 쏟아부은 안전장치의 정체는,2026-05-04 09:36:45,real_assets
환율,李 지지율 두달만에 60% 깨졌다…민생경제 부담·중도층 이탈 영향,2026-05-04 10:18:24,real_assets
환율,李 지지율 59.5%…두 달 만에 50%대로 하락,2026-05-04 10:44:52,real_assets
환율,"메모리 값 치솟는데 아이폰18 가격 그대로?…애플, 시작가격 동결로 승부수",2026-05-04 11:27:55,real_assets
환율,"“금리인하 사이클 종료, 인상 고민할 때”…한은 부총재 ‘금리인상’ 공식 언급",2026-05-04 12:15:52,real_assets
환율,"포스코홀딩스, 주가 10%대 급등... “리튬 회복에 영업이익 70% 오를 것”",2026-05-04 13:36:37,real_assets
환율,중동전쟁에 발등 찍힌 ‘달러 패권’…지난달 위안화 결제액 사상 최고치,2026-05-04 13:41:14,real_assets
환율,"소비 부진에도 ‘흑자 전환’…롯데칠성음료, 1Q 영업익 91% 오른 478억",2026-05-04 14:26:10,real_assets
환율,"에코프로비엠, `전방위적 수요 회복 확인` 증권사 발표에 강세",2026-05-04 17:00:35,real_assets
환율,“성과급 30%는 돼야지” vs “해킹 사태는?”…LG유플러스 노사 갈등에 ‘싸늘’,2026-05-04 17:26:59,real_assets
환율,中위안화 폭풍성장,2026-05-04 17:37:50,real_assets
환율,"韓銀 ""기준금리 인상 고민할때 됐다""",2026-05-04 17:38:26,real_assets
환율,[표] 외국환율고시표,2026-05-04 17:38:28,real_assets
환율,"타이드워터, 1분기 매출 3억2622만 달러..전년비 2.2% 감소",2026-05-05 05:29:57,real_assets
환율,"타이드워터, 1분기 매출 감소·환율 손실에 투자자 실망감 확산",2026-05-05 05:41:11,real_assets
환율,"JELD-WEN 홀딩, 1분기 매출 7.2억 달러·전년비 6.9%↓",2026-05-05 05:42:22,real_assets
환율,한국 성장률 전망 ‘쑥’…경기과열 조짐에 고개드는 금리 인상론,2026-05-05 05:49:32,real_assets
환율,"테넌트, 1분기 매출 2.7% 증가·조정 EPS 0.58달러 48% 급감",2026-05-05 06:00:13,real_assets
환율,주식·부동산부터 연금까지 … 재테크 고수의 꿀팁을 내 것으로,2026-05-05 16:05:23,real_assets
환율,"“1년만에 반토막 났다”…국내 가상자산, 60조 증발했다는데",2026-05-05 16:43:42,real_assets
환율,"""유가, 전쟁 이전으로 돌아가기 어렵다""",2026-05-05 17:08:54,real_assets
환율,고환율 등에 주춤한 中직구 1분기 증가율 6년만에 최저,2026-05-05 17:34:48,real_assets
환율,[표] 외국환율고시표,2026-05-05 17:51:58,real_assets
환율,“지금이 韓기업 황금기… 향후 10년 이상 지속될 것”,2026-05-05 18:26:46,real_assets
환율,"프레쉬 델 몬트 프로듀스, 1분기 매출 10억 달러..전년비 4.9% 감소",2026-05-05 19:08:57,real_assets
환율,"인그리디언, 1분기 조정 영업이익 2억1200만 달러·전년비 22%↓",2026-05-05 19:10:38,real_assets
환율,"프레제니우스 메디컬 케어, 1분기 매출 46억 유로..영업이익 10% 증가",2026-05-05 19:13:19,real_assets
환율,"워터스, 1분기 매출 13억 달러..전년비 91% 급증",2026-05-05 19:14:29,real_assets
환율,"아이덱스 래버러토리, 1분기 매출 11억 달러..전년비 14% 증가",2026-05-05 19:34:01,real_assets
환율,"앱티브, 1분기 매출 51억 달러..전년비 5% 증가",2026-05-05 19:52:06,real_assets
환율,"이튼, 1분기 매출 75억 달러..전년비 17% 증가·조정 EPS 사상 최고",2026-05-05 20:02:20,real_assets
환율,"화이자, 1분기 매출 145억 달러..전년비 5%↑",2026-05-05 20:03:30,real_assets
환율,"아이큐비아 홀딩스, 1분기 매출 42억 달러..전년비 8.4% 증가",2026-05-05 20:07:32,real_assets
환율,"락웰 오토메이션, 2Q 매출 22억 달러·자체성장률 9%..EPS 40% 급등",2026-05-05 20:08:43,real_assets
환율,"톰슨 로이터, 1분기 매출 21억 달러·10% 성장",2026-05-05 20:09:03,real_assets
환율,"소테라 헬스, 1분기 순매출 2억800만 달러..전년비 10% 증가",2026-05-05 20:15:04,real_assets
환율,"그래픽 패키징 홀딩, 1분기 매출 21억5600만 달러..전년비 2% 증가",2026-05-05 21:05:00,real_assets
환율,"AGCO, 1분기 매출 23억 달러·14% 증가..조정 EPS 0.94달러",2026-05-05 21:41:03,real_assets
환율,"“기름값, 이제 전쟁 이전으론 못 돌아가”...전 IMF 부국장의 경고",2026-05-05 21:58:30,real_assets
환율,"쿠팡, 1분기 매출 85억 달러 8% 성장에도 2억7000만 달러 순손실",2026-05-06 05:10:32,real_assets
환율,"버시전트, 1분기 매출 22억 달러..전년비 9% 증가",2026-05-06 05:11:32,real_assets
환율,"트리바고, 1분기 매출 1억4290만 유로·15% 성장",2026-05-06 05:17:07,real_assets
환율,"인터내셔널 플래이버스 & 프래그랜스, 1분기 매출 27억 달러·환율중립 성장률 3%",2026-05-06 05:21:19,real_assets
환율,"푸르덴셜 파이낸셜, 1분기 조정 EPS 3.61달러·전년비 10% 증가",2026-05-06 05:23:30,real_assets
환율,"라탐 에어라인스 그룹, 1분기 순이익 5억7600만 달러..전년비 62% 증가",2026-05-06 05:27:21,real_assets
환율,"라탐 에어라인스 그룹, 1분기 매출 25억 달러·전년비 659% 급증",2026-05-06 05:28:02,real_assets
환율,"유사나 헬스 사이언스, 1분기 매출 2억5000만 달러..순이익 20% 감소",2026-05-06 05:31:53,real_assets
환율,"덴츠플라이 시로나, 1분기 조정 EPS 0.27달러..전년비 39% 감소",2026-05-06 05:34:34,real_assets
환율,"유니시스, 1분기 매출 4억3760만 달러..총계약가치 45% 급증",2026-05-06 05:38:27,real_assets
환율,"[속보] 쿠팡, 1분기 영업손실 3500억 ‘쇼크’…4년3개월 만 최대 적자",2026-05-06 05:39:35,real_assets
환율,"알콘, 1분기 매출 27억 달러·전년비 10% 증가..핵심 EPS 0.85달러",2026-05-06 06:00:14,real_assets
환율,"쿠팡Inc, 1분기 영업손실 3545억원…매출 12조4000억원",2026-05-06 06:04:23,real_assets
환율,"인터 파퓸스, 1분기 매출 3억4500만 달러..전년비 2% 증가",2026-05-06 06:05:57,real_assets
환율,"“20만원 쿠폰, 10만원은 써야 주던데”…알테무에 질린 韓, 中직구 주춤",2026-05-06 06:12:33,real_assets
환율,"케무어스, 1분기 매출 14억 달러..TSS 사상 최대 실적에도 순손실 확대",2026-05-06 06:14:19,real_assets
환율,"IFF, 1분기 영업이익 흑자전환·헬스&바이오과학 7% 고성장으로 주목",2026-05-06 07:11:31,real_assets
환율,2030도 재테크 꽂혔다...SNS 체감 키워드는 주식과 전쟁 [알고리즘 Up&Down],2026-05-06 08:39:46,real_assets
환율,"[美공시]웨이코 그룹, 관세 문제와 전자상거래 성장 속에서 2026년 1분기 실적 발표",2026-05-06 08:46:30,real_assets
환율,개인정보 유출 직격탄 맞은 쿠팡…1분기 3500억원 적자,2026-05-06 10:51:29,real_assets
환율,구윤철 부총리 “중동전 종료까지 석유가격제 유지…물가 총력전”,2026-05-06 12:01:00,real_assets
환율,K아트 글로벌화에…달러·유로로 작품값 받는 한국 작가 늘어,2026-05-06 13:45:23,real_assets
환율,"부산시, 전국 최대 규모 중소기업 운전자금 1조3680억원 공급",2026-05-06 13:50:23,real_assets
환율,[표] 외국환율고시표,2026-05-06 17:19:57,real_assets
환율,"""그림값 달러로"" 달라진 화랑가",2026-05-06 17:45:07,real_assets
환율,"아쿠쉬네트 홀딩스, 1분기 매출 7억5300만 달러·7.1% 증가",2026-05-06 19:12:04,real_assets
환율,"페리고, 1분기 매출 9억6920만 달러..전년비 7.2% 감소",2026-05-06 19:35:27,real_assets
환율,"브루커, 1분기 매출 8억2340만 달러..자체성장률 4.4% 감소",2026-05-06 19:37:27,real_assets
환율,"케넴메탈, 3분기 매출 5억9300만 달러··전년비 22% 증가",2026-05-06 19:49:48,real_assets
환율,"우버 테크놀러지스, 1분기 매출 132억 달러·EPS 0.72달러 기록",2026-05-06 19:59:09,real_assets
환율,"크래프트 하인즈, 1Q 매출 60억 달러·유기적 성장률 마이너스 0.4%",2026-05-06 20:03:32,real_assets
환율,"브링스, 1분기 매출 14억 달러..비GAAP EPS 1.80달러 11% 증가",2026-05-06 20:04:52,real_assets
환율,"리틀퓨즈, 1분기 매출 6억5700만 달러·19% 성장",2026-05-06 20:06:53,real_assets
환율,"킨드릴 홀딩스, 2026회계연도 1분기 매출 38억 달러..전년비 1% 감소",2026-05-06 20:11:24,real_assets
환율,"인플라알엑스, 1분기 매출 0유로·순손실 559만유로 적자 지속",2026-05-06 21:19:28,real_assets
환율,"보그워너, 1분기 조정 EPS 1.24달러·전년비 12%↑",2026-05-06 21:20:58,real_assets
환율,"트윈 디스크, 3분기 매출 9670만 달러·19% 성장..흑자전환",2026-05-06 21:32:02,real_assets
환율,"토털에너지스, 2025년 순이익 156억 달러..주당배당 5.6% 증가",2026-05-06 21:47:54,real_assets
환율,"그루포 파이낸시에로 클리시아, 자회사 은행 신용카드 환율정보 부족 집단소송 통보",2026-05-07 04:29:03,real_assets
환율,"그루포 클리시아, 집단소송 우려 딛고 EPS 급증·고배당 기대감에 강세",2026-05-07 04:31:13,real_assets
환율,"크로노스 월드와이드, 1분기 480만 달러 순손실..적자전환",2026-05-07 05:30:12,real_assets
환율,"NL 인더스트리즈, 1분기 순이익 430만 달러..전년비 514% 증가",2026-05-07 05:35:35,real_assets
환율,"해이스터-예일 머티리얼스 핸드링, 1분기 매출 7억9500만 달러·13% 감소",2026-05-07 05:39:57,real_assets
환율,"비욘드 미트, 1분기 매출 5,820만 달러..전년比 15% 감소",2026-05-07 06:05:54,real_assets
환율,"허벌라이프, 1분기 매출 13억2000만 달러..전년비 7.8% 증가",2026-05-07 06:18:50,real_assets
환율,"스마트스톱 셀프 스토리지 REIT, 1분기 조정 FFO 주당 0.49달러..전년비 19% 증가",2026-05-07 06:22:00,real_assets
환율,"코그넥스, 1분기 매출 2억6800만 달러..전년비 24% 증가",2026-05-07 06:30:02,real_assets
환율,"오리온 엔지니어드 카본즈, 1분기 매출 4억6000만 달러..조정 EBITDA는 기대치 상회",2026-05-07 06:35:05,real_assets
환율,"트리플포인트 벤처 그로스, 1분기 순투자수익 주당 0.23달러 기록",2026-05-07 06:35:15,real_assets
환율,"와츠 워터 테크놀러지스, 1분기 매출 6억7730만 달러..전년비 21% 증가",2026-05-07 06:41:26,real_assets
환율,"NN, 1분기 매출 1억1850만 달러..전년비 12% 증가",2026-05-07 06:46:38,real_assets
환율,"갈라파고스, 1분기 1450만 유로 흑자전환..길리어드 협업 본격화",2026-05-07 06:51:19,real_assets
환율,"이지코프, 2026 회계연도 2분기 매출 4억4690만 달러·전년비 46%↑",2026-05-07 06:53:29,real_assets
환율,NH증권 “코스피 9000 갈 것”…전쟁 리스크 압도한 이익체력 [오늘 나온 보고서],2026-05-07 08:52:23,real_assets
환율,“9000피까지 쭉쭉~”…코스피 더 오른다는 증권가,2026-05-07 14:15:17,real_assets
환율,"“엔저 더이상 안돼”…美 재무, 日서 총리·재무상·일은 총재 회동",2026-05-07 15:48:29,real_assets
환율,[매일경제TV] 널뛰는 원화값 … 내 자산 지켜줄 투자전략은,2026-05-07 17:59:49,real_assets
환율,일본 가는 베선트 … 다카이치와 엔저 대책 세운다,2026-05-07 18:00:11,real_assets
환율,[표] 외국환율고시표,2026-05-07 18:07:45,real_assets
환율,"뉴트리엔, 7월 분기 배당 주당 0.55달러 선언",2026-05-07 19:04:06,real_assets
환율,"선 라이프 파이낸셜, 1분기 자체 순이익 11억 달러..주당순이익 4% 증가",2026-05-07 19:06:37,real_assets
환율,"베스타 리얼 에스테이트, 1Q26 순이익 574% 급증·부동산 재평가 이익 흑자 전환",2026-05-07 19:11:31,real_assets
환율,"아비언트, 1분기 매출 8억4740만 달러..전년비 3% 증가",2026-05-07 19:20:23,real_assets
환율,"라드웨어, 1분기 매출 7980만 달러..전년비 11% 증가",2026-05-07 19:21:55,real_assets
환율,"히말라야 시핑, 4월 TCE 수익 하루 4만1600달러·주당 0.15달러 배당",2026-05-07 19:24:26,real_assets
환율,"ESAB, 1분기 매출 7억4600만 달러..전년비 10% 증가",2026-05-07 19:34:59,real_assets
환율,"노마드푸즈, 1분기 매출 7억1520만 유로..전년비 5.9% 감소",2026-05-07 19:47:20,real_assets
환율,"아메리콜드 리얼티 트러스트, 1분기 조정 FFO 주당 0.29달러..전년비 14.7% 감소",2026-05-07 19:50:31,real_assets
환율,"지니어스 스포츠, 1분기 매출 1.9억 달러·31% 성장",2026-05-07 20:10:02,real_assets
환율,"맥도날드, 1분기 매출 65억 달러·EPS 2.78달러..전년비 각 9%·7% 증가",2026-05-07 20:12:55,real_assets
환율,"애로우 일렉트로닉스, 1분기 매출 95억 달러·EPS 4.55달러..전년비 39%·201% 급증",2026-05-07 20:15:46,real_assets
환율,"N-에이블, 1분기 매출 1억3370만 달러..전년비 13% 증가",2026-05-07 20:16:06,real_assets
환율,"벤틀리 시스템즈, 1분기 매출 4억2418만 달러..전년비 14.5% 증가",2026-05-07 20:18:27,real_assets
환율,"쿠퍼-스탠다드 홀딩스, 1분기 매출 6.9억 달러·적자전환",2026-05-07 20:20:58,real_assets
환율,"폴스타 오토모티브 홀딩, 1분기 매출 6억3300만 달러..순손실 3억8300만 달러로 적자 확대",2026-05-07 20:28:50,real_assets
환율,"찰스리버 래버러토리, 1분기 매출 10억 달러..사업 매각 손실로 적자 전환",2026-05-07 20:34:42,real_assets
환율,"커티스라이트, 1분기 매출 9억1400만 달러..전년비 13% 증가",2026-05-07 20:47:26,real_assets
환율,"ACI 월드와이드, 1Q26 매출 4억2600만 달러·EPS 0.61달러 기록",2026-05-07 21:04:00,real_assets
환율,"라이프타임 브랜즈, 1분기 매출 1억4350만 달러..전년비 2.4% 성장",2026-05-07 21:12:21,real_assets
환율,"폴스타, 1분기 순손실 3억8300만 달러…적자 대폭 확대",2026-05-07 21:24:33,real_assets
환율,"에코 웨이브 파워 글로벌, 1분기 순손실 70만 달러..AI 에너지 시장 진출 본격화",2026-05-07 21:32:04,real_assets
환율,“삼성전자 전부 판 이유”…김승호 회장이 직접 밝힌다,2026-05-08 04:00:00,real_assets
환율,"에어비앤비, 1분기 매출 27억 달러로 18% 증가",2026-05-08 05:03:42,real_assets
환율,"탠덤 다이어비츠 케어, 1분기 매출 2억4700만 달러·영업손실 86% 축소",2026-05-08 05:08:35,real_assets
환율,"스테바나토 그룹, 1분기 매출 2억7400만 유로..전년비 7% 증가",2026-05-08 05:15:59,real_assets
환율,"아티비언, 1분기 매출 1억1600만 달러..전년비 18% 증가",2026-05-08 05:24:52,real_assets
환율,"드롭박스, 1분기 매출 6억2950만 달러..전년비 0.8% 증가",2026-05-08 05:26:03,real_assets
환율,"이노겐, 1분기 매출 3.4% 증가한 8510만 달러..자사주 3000만 달러 매입 승인",2026-05-08 05:34:07,real_assets
환율,"암파스타 파마슈티컬스, 1분기 매출 1억7120만 달러..전년비 0.4%↑",2026-05-08 05:38:19,real_assets
환율,"허브스팟, 1분기 매출 8.8억 달러..전년비 23% 증가",2026-05-08 05:42:11,real_assets
환율,"ICU 메디컬, 1분기 조정 EPS 1.97달러..14% 증가",2026-05-08 05:44:02,real_assets
환율,"글로벌스타, 1분기 매출 7,010만 달러··전년비 17%↑ 영업흑자 전환",2026-05-08 05:52:25,real_assets
환율,"발히, 1분기 순이익 88% 급감..TiO2 가격 하락 직격탄",2026-05-08 06:14:10,real_assets
환율,"마그네라, 2분기 매출 3% 감소에도 영업익 흑자전환",2026-05-08 06:23:33,real_assets
환율,"머서 인터내셔널, 1분기 영업 EBITDA 780만 달러..전년비 83% 급감",2026-05-08 06:25:03,real_assets
환율,"머티리얼라이즈, 1분기 순이익 182만 유로 흑자전환..조정EBIT 247만 유로",2026-05-08 06:29:14,real_assets
환율,"포스트 홀딩스, 2분기 매출 20억달러·순이익 31% 급증",2026-05-08 06:43:38,real_assets
환율,"누스킨, 1분기 매출 3억2060만 달러..전년비 12% 감소",2026-05-08 06:44:59,real_assets
환율,"네이쳐스 선샤인 프로덕트, 1분기 매출액 1억2290만 달러..전년비 9% 증가",2026-05-08 06:46:19,real_assets
환율,"스트래텍 시큐리티, 3분기 매출 1억3763만 달러..전년비 4.5% 감소",2026-05-08 06:47:09,real_assets
환율,"“HD현대중공업, 데이터센터향 엔진 수주 중장기 성장 기대” 목표가↑",2026-05-08 07:29:20,real_assets
환율,고환율 타고 ‘K-가성비’에 눈뜨다…외국인 ‘쇼핑 관광’ [스페셜리포트],2026-05-08 10:45:29,real_assets
환율,재확인된 인천공항의 힘...3억 달러 외환채권 발행에 50억 달러 수요 몰려,2026-05-08 11:03:54,real_assets
환율,"경과원-김포시, 수출 중소기업 물류비 부담 낮춘다",2026-05-08 11:04:05,real_assets
환율,증시도 산업도 ‘K자’…대만 전철 밟나,2026-05-08 11:26:43,real_assets
환율,케빈 워시 연준 의장의 ‘워시노믹스’,2026-05-08 14:05:53,real_assets
환율,“코스피 7500 과열 아니다…일본 비하면 아직 덜 올랐다”,2026-05-08 15:55:10,real_assets
환율,"동원그룹, 고환율 등에도 전년대비 영업이익 17.1% 상승",2026-05-08 16:33:14,real_assets
환율,코스피 7000 찍은 날…美상장 한국 ETF서 6000억 빠졌다,2026-05-08 17:04:58,real_assets
환율,"기업들, 은행 파킹통장에 111조 뭉칫돈",2026-05-08 17:45:02,real_assets
환율,[표] 외국환율고시표,2026-05-08 17:45:07,real_assets
환율,제주항공 올 1분기 기대 이상 실적에도…이란 사태에 무급휴직 실시,2026-05-08 18:57:06,real_assets
환율,"퀴아젠, 1분기 매출 4억9232만 달러로 1.8% 증가..EPS는 0.33달러로 감소",2026-05-08 19:10:31,real_assets
환율,이란 의회 외교위원장 “한국 호르무즈 군사작전 불참 현명한 결정”,2026-05-08 19:49:11,real_assets
환율,"AMC 네트웍스, 1분기 매출 5억4200만 달러·조정 EPS 85% 급감",2026-05-08 20:06:46,real_assets
환율,"텔러스, 1Q 매출 50억 달러·영업익 29%↓··순부채비율 목표 초과",2026-05-08 20:11:30,real_assets
환율,"텔러스, 1분기 매출 50억 캐나다달러..EPS 57% 급감",2026-05-08 20:12:30,real_assets
환율,"오시코쉬, 1분기 매출 23억 달러·순이익 62% 급감",2026-05-08 21:02:54,real_assets
환율,방산·정유주만 사면 끝?…포성 뒤에 숨어있는 부의 질서,2026-05-09 04:00:00,real_assets
환율,“삼성전자 전부 판 이유” 김승호 회장이 직접 밝힌다,2026-05-09 13:27:41,real_assets
환율,"진옥동 신한금융 회장, 북중미 해외 투자자에게 ‘밸류업 2.0’ 알린다",2026-05-10 09:00:00,real_assets
환율,비트코인은 ‘실물자산’이다..화폐가 녹아내릴 때 가치 부상할 것,2026-05-10 16:02:57,real_assets
환율,"미래에셋자산운용, 美우량기업 발행 투자등급 회사채만 투자 신용리스크 낮춰",2026-05-10 16:05:40,real_assets
환율,[표] 외국환율고시표,2026-05-10 17:42:11,real_assets
환율,진옥동 신한 회장 북중미로…직접 기관투자설명회 나서,2026-05-10 17:42:12,real_assets
환율,코로나와 AI가 촉발한 新제국주의…첨단 하드웨어·전력인프라가 답이다,2026-05-11 04:00:00,real_assets
환율,“전쟁 끝나면 해결된다더니”…5월 14일 이후 환율이 더 위험한 이유,2026-05-11 04:00:00,real_assets
환율,"7500 찍은 코스피, 더 갈까 토해낼까",2026-05-11 04:00:00,real_assets
환율,금융 부담 못 견뎠나…아파트 경매건수 지난달 7.2% ‘껑충’,2026-05-11 09:41:17,real_assets
환율,"네오위즈, 1Q 매출 1014억·영업익 70억…“‘브라운더스트2’ 견인”",2026-05-11 11:25:58,real_assets
환율,"“안정적 전력공급 흔들림 없이 수행” 서부발전, 에너지안보 불확실성 극복 대응체계 강화",2026-05-11 11:50:33,real_assets
환율,구윤철 “올해 경제성장률 2% 웃돌 것…코스피 아직 낮은 수준”,2026-05-11 17:00:59,real_assets
환율,[표] 외국환율고시표,2026-05-11 17:53:07,real_assets
환율,AI 랠리에 6만3000 뚫은 일본 증시…이란 변수에 상승 반납,2026-05-11 17:55:56,real_assets
환율,"배브콕 앤 윌콕스, 1분기 매출 44% 증가·조정 EBITDA 296% 급증",2026-05-11 19:06:01,real_assets
환율,"돌(DOLE), 1분기 매출 23억 달러..전년비 11.6% 증가",2026-05-11 19:06:51,real_assets
환율,"올라 마이닝, 1분기 매출액 3억7900만 달러..전년비 170% 급증",2026-05-11 19:57:35,real_assets
환율,"헤인 셀레셜 그룹, 3분기 매출 3억3800만 달러..전년비 13%↓",2026-05-11 20:10:17,real_assets
환율,"세바, 1분기 라이선스 매출 18% 급증·3년 최고치 달성",2026-05-11 20:10:57,real_assets
환율,"“우린 너희와 달라”…인터넷 막힌 이란 국민, 특권층은 자유롭게 접속",2026-05-11 21:55:18,real_assets
환율,"이타우 유니방코 홀딩스, 1분기 순이익 10% 증가..효율성 비율 역대 최저",2026-05-12 00:48:36,real_assets
환율,"이타우 유니방코 홀딩스, 1분기 순이익 11.6% 증가·ROE 22.9% 달성",2026-05-12 00:51:07,real_assets
환율,"방코 산탄데르 칠레, 1분기 순이익 2805억 페소..전년비 1.3% 감소",2026-05-12 05:30:00,real_assets
환율,"콜리어스 인터내셔널 그룹, 반기 배당 주당 0.15달러 선언",2026-05-12 05:31:50,real_assets
환율,"셀렉티스, 1분기 매출액 578만 달러..전년비 46% 급감",2026-05-12 05:32:20,real_assets
환율,"에코페트롤, 주총 승인 정관 개정안 상업회의소 정식 등록 완료",2026-05-12 05:51:54,real_assets
환율,"수자노 파펠 에 셀루로스, 순부채 110억 달러 목표·레버리지 2.5배 이하 유지",2026-05-12 06:04:55,real_assets
환율,“이제 더 끌어올 영혼도 없습니다”…경기 아파트경매 한달새 30% 쑥,2026-05-12 08:11:56,real_assets
환율,"한은 비둘기파도 돌아섰다…연일 ‘물가 압력’ 경고, 금리인상 시작되나",2026-05-12 10:35:13,real_assets
환율,"“스튜어디스 합격했는데 출근을 못해요”…항공사, 입사지연·무급휴직까지",2026-05-12 11:27:08,real_assets
환율,"네이버웹툰 미국 본사, 1분기 영업적자만 100억 넘어",2026-05-12 14:25:27,real_assets
환율,"외국인 몰려오고 명품·미식도 통했다…신세계, 1분기 ‘사상 최대 실적’",2026-05-12 14:34:52,real_assets
환율,코스피 2% 내린 7643…원·달러 환율은 1489.9원 마감,2026-05-12 16:33:42,real_assets
환율,머니쇼 다시보기 오픈,2026-05-12 17:12:27,real_assets
환율,[표] 외국환율고시표,2026-05-12 17:42:19,real_assets
환율,공모펀드 설명서에 투자위험 한눈에,2026-05-12 17:46:35,real_assets
환율,"머리맞댄 美日 재무장관…""엔화값 급락 공동 대응""",2026-05-12 17:59:55,real_assets
환율,"코포라시온 아메리카 에어포츠, 1분기 순이익 1218억 페소..전년비 113% 급증",2026-05-12 19:08:47,real_assets
환율,"온 홀딩, 1분기 매출 8억3190만 프랑..순이익 82% 급증",2026-05-12 19:14:39,real_assets
환율,"아라마크, 2분기 매출 49억 달러·조정 EPS 0.49달러로 각각 15%·40% 급증",2026-05-12 19:36:01,real_assets
환율,"브라이트스타 로터리, 1분기 매출 5억8700만 달러·흑자전환",2026-05-12 19:44:11,real_assets
환율,"지브라 테크놀러지스, 1분기 매출 15억 달러..전년비 14% 성장",2026-05-12 20:29:16,real_assets
환율,"IHS 홀딩, 1분기 순이익 151% 급증·7700만 달러",2026-05-12 20:58:54,real_assets
환율,"아이스큐어 메디컬, 1분기 매출 91만1000달러..전년比 26%↑",2026-05-12 22:30:14,real_assets
환율,"더블다운 인터랙티브, 1분기 매출 9410만 달러·순이익 48% 급증",2026-05-13 05:11:00,real_assets
환율,"누보 몽드 그래파이트, 1분기 순손실 446만 달러..영업손실 24% 축소",2026-05-13 05:30:46,real_assets
환율,"시나이 이뮤노테라퓨틱스, 6월 16일 주총 개최··보통주 발행한도 16배 확대",2026-05-13 06:30:48,real_assets
환율,미국 개미도 삼전·하이닉스 직구한다…외국인통합계좌 본격 도입,2026-05-13 07:39:51,real_assets
환율,롤러코스터 탄 코스피…7844 마감하며 사상 최고치,2026-05-13 09:20:27,real_assets
환율,“파란 눈 서학개미 잡아라”…‘외인 통합계좌’ 서비스 확대하는 증권가,2026-05-13 09:24:21,real_assets
환율,"코스피 2% 넘게 급락, 7500선 붕괴…삼성전자 5% ‘뚝’",2026-05-13 09:42:25,real_assets
환율,덴티움 `얼마나 EPS가 더 오르려는 건지 감도 안 옴` 증권사 발표에 강세…5.74%,2026-05-13 14:23:32,real_assets
환율,온라인 플랫폼 분쟁 ‘폭발’… 지난해 조정접수 4726건 역대 최대,2026-05-13 14:56:56,real_assets
환율,"티엘비, 증권사 목표가 상향에 강세…5.5%",2026-05-13 15:01:12,real_assets
환율,일자리 위협보다 혁신 창출에 무게 … 'AI 창업리셋' 기획 돋보여,2026-05-13 16:34:38,real_assets
환율,"“불닭 신화 계속된다”…삼양식품, 1분기 역대 최대 실적, 영업익 32%↑",2026-05-13 16:39:29,real_assets
환율,'재고착시'로 정유 깜짝 실적 하반기엔 수익악화 우려 커,2026-05-13 17:57:54,real_assets
환율,'삼성전자에 갑질' 브로드컴 공정위 과징금 불복訴 패소,2026-05-13 18:02:39,real_assets
환율,[표] 외국환율고시표,2026-05-13 18:08:29,real_assets
환율,경동나비엔 1분기 영업익 638억 1000만원…61.7% 증가,2026-05-13 18:09:05,real_assets
환율,"버켄스탁 홀딩, 2분기 매출 6억1833만 유로·자체 성장률 14% 달성",2026-05-13 19:10:16,real_assets
환율,"버켄스탁, 매출 성장에도 환율·관세 직격탄…수익성 악화로 투자심리 위축",2026-05-13 19:10:36,real_assets
환율,"팜파 에너지아, 1분기 매출 62% 증가한 6억3300만 달러..흑자전환",2026-05-13 21:06:50,real_assets
환율,"블루미아 홀딩스, 3분기 매출 16% 증가에도 주당 0.43달러 적자",2026-05-13 21:07:50,real_assets
환율,"63억 적자→5조 흑자라고?…정유사 미친 실적, 실은 신기루라는데",2026-05-13 21:25:02,real_assets
환율,"코포라시온 아메리카 에어포츠, 1Q26 매출 5.4억 달러·순이익 122% 급증",2026-05-13 21:35:13,real_assets
환율,"보이드 그룹 서비스, 1분기 매출액 9.97억 달러·전년비 28% 증가",2026-05-13 21:49:54,real_assets
환율,"USA 레어 어스, SVRE 합병 다수 리스크 요인 공개..주가 변동성 확대 경고",2026-05-13 22:29:56,real_assets
환율,"파슬 그룹, 1분기 매출 2억2480만 달러·영업이익 1200만 달러 흑자전환",2026-05-14 05:10:02,real_assets
환율,"로지스틱 프로퍼티스 오브 더, 1분기 매출 1억4400만 달러·21.6% 증가",2026-05-14 05:35:48,real_assets
환율,"CTW 케이맨, 2분기 매출 4090만 달러..적자전환에 순손실 116만 달러",2026-05-14 05:36:39,real_assets
환율,"“갤럭시 못만들텐데?”…삼성에 갑질한 기업, 과징금 불복도 패소",2026-05-14 06:05:07,real_assets
환율,"연내 ‘1만500피’…KB증권, AI 수요에 반도체 실적전망 급상향",2026-05-14 10:47:17,real_assets
환율,"“반도체 아직 시작 단계”…증권가, 역대급 주가에도 ‘삼전닉스’ 목표가 또 올린다",2026-05-14 10:59:58,real_assets
환율,"“1490원 환율은 비정상”… 정부, 중동 전쟁 끝나면 원화 강세 전환",2026-05-14 11:24:27,real_assets
환율,오기형 “김용범 탓에 코스피 흔들렸다? ‘AI 세금 프레임’은 완전한 왜곡” [요즘여의섬],2026-05-14 14:10:44,real_assets
환율,"한국항공우주, `글로벌 수주 기반 성장 본격화` 증권사 발표에 강세",2026-05-14 15:17:48,real_assets
환율,"K-스타트업 ""AI 시대 일자리 해법은 창업""",2026-05-14 16:04:34,real_assets
환율,"이지혜 에임 대표, 불확실성의 시대, 달러 기반 자산관리가 해답",2026-05-14 16:23:34,real_assets
환율,1분기에 작년 절반 번 한투…순익 75% 급증,2026-05-14 17:58:48,real_assets
환율,[표] 외국환율고시표,2026-05-14 18:00:48,real_assets
환율,고유가 악재 뚫은 중국 여행…무비자·가성비에 수요 폭발,2026-05-14 18:01:01,real_assets
환율,"일렉트라 배터리 머티리얼즈, 1분기 순이익 2,814만 달러..흑자전환",2026-05-14 20:17:01,real_assets
환율,"JBS, 보통주당 1.00달러 배당 지급..5월 18일 배당락",2026-05-14 21:32:44,real_assets
환율,"블루 문 메탈스, 1분기 순손실 3,410만 달러..전년比 적자 확대",2026-05-14 21:37:55,real_assets
환율,"베온, 1분기 매출 12억 달러..전년비 17% 증가",2026-05-14 21:48:56,real_assets
환율,"매나테크, 1분기 매출 6.3% 감소했지만 흑자전환 성공",2026-05-15 05:18:52,real_assets
환율,"빈치 파트너스 인베스트먼트, 1Q26 FRE 9630만 헤알..전년비 47%↑",2026-05-15 05:26:25,real_assets
환율,"제미니 스페이스 스테이션, 비트코인으로 1억 달러 규모 지분 투자 유치",2026-05-15 05:36:50,real_assets
환율,"얼라이드 골드, 1분기 매출 3억9,411만 달러..금 생산 14% 증가",2026-05-15 05:57:03,real_assets
환율,“작년에 대박냈는데 올해는 그 두 배”…반도체 아닌데 불타는 이 기업,2026-05-15 06:24:35,real_assets
환율,"“삼전닉스, 언제까지 들고 있어야 하나요?”…증권가가 내놓은 답은",2026-05-15 08:53:18,real_assets
환율,[속보] 이 대통령 지지율 61%…민주 45%·국힘 23% [한국갤럽],2026-05-15 10:05:52,real_assets
환율,"11년 연속 적자이던 관광수지, 마침내 흑자 전환…그 비결 살펴보니",2026-05-15 10:11:48,real_assets
환율,[속보] 李대통령 지지율 3%P 떨어진 61%…“조작기소 특검법 여파”,2026-05-15 10:20:45,real_assets
환율,"[단독] 롯데그룹, 뉴욕팰리스호텔 부지 인수자금 3억달러 투자자 자금으로 전액 조달",2026-05-15 13:37:00,real_assets
환율,장중 4% 넘게 미끄러진 코스피 “매도 사이드카 발동”,2026-05-15 14:17:12,real_assets
환율,하늘길은 다시 대형사 중심으로?,2026-05-15 14:42:58,real_assets
환율,"원화값, 한 달여 만에 장중 1500원선 넘어…코스피 7%넘게 급락",2026-05-15 15:06:28,real_assets
환율,‘친환경 원료’ 한 우물…‘클린 뷰티’ 타고 好好 [K뷰티 숨은 거인],2026-05-15 15:08:43,real_assets
환율,김명수 매경AX 대표 “기술은 따라잡혀도 신뢰는 복제 못해”,2026-05-15 15:32:57,real_assets
환율,세아제강지주 1분기 매출 9919억…건설 부진에도 선방,2026-05-15 16:32:20,real_assets
환율,"코스피, ‘8천피’ 찍고 급변침…6.1% 급락한 7493 마감",2026-05-15 16:38:27,real_assets
환율,롯데손보 1분기 285억 영업손실…보험이익은 흑자 전환,2026-05-15 17:15:14,real_assets
환율,"""단기 급등에 파업 불안까지…1차 지지선은 7000""",2026-05-15 17:39:46,real_assets
환율,파랗게 질려버린 코스피 … LG그룹만 혼자 웃었다,2026-05-15 17:50:39,real_assets
환율,[표] 외국환율고시표,2026-05-15 17:51:36,real_assets
환율,"1분기 외국계銀 실적 희비…씨티은행 61%↑, SC제일은행 6.3%↓",2026-05-15 17:55:23,real_assets
환율,"KB금융그룹, 1분기 순이익 1조9165억 원..전년비 13% 증가",2026-05-15 19:16:45,real_assets
환율,"일렉트로바야, 1분기 매출 1805만 달러·전년비 20% 성장",2026-05-15 19:16:55,real_assets
환율,“LG전자 주주입니다. 이런 날이 있네요”…시퍼런 장에 홀로 불탔다,2026-05-15 19:52:45,real_assets
환율,"로그프로스타일, 주당 0.022달러 특별배당 발표..총 52만 달러 규모",2026-05-15 21:55:45,real_assets
환율,삼전닉스 팔아 ‘조선업 엔비디아’ 산다 … 파업조차 기회라는데,2026-05-16 04:00:00,real_assets
환율,"에코페트롤, 2026년 1분기 보고서 공개..중남미 에너지 시장 입지 강화",2026-05-16 05:20:45,real_assets
환율,"""원화표시제로 면세점 가격 신뢰 회복해야""",2026-05-17 17:24:03,real_assets
환율,AI 열풍 탄 HD현대重도 '노조 리스크'… 파고 넘어 순항할까,2026-05-17 17:28:24,real_assets
환율,[표] 외국환율고시표,2026-05-17 17:44:52,real_assets
환율,“코스피 아직 싸다” … 정부가 꺼내든 PBR 읽는 법 [주린이 ABC],2026-05-18 04:00:00,real_assets
환율,"“외국인은 공매도, 개미는 풀매수”…21일 젠슨황 입에 달린 코스피",2026-05-18 04:00:00,real_assets
환율,“영업익 30% 달라” K조선 번진 성과급 요구…오히려 좋다는 월가,2026-05-18 06:12:47,real_assets
환율,"증시, 피튀긴다…역대급 영업익 vs 국채금리발작·셀코리아 연합군 [오늘 나온 보고서]",2026-05-18 09:43:17,real_assets
환율,중동 위기 장기화 대응 나선 부산시… 지원 기업 대폭 늘려,2026-05-18 11:07:50,real_assets
환율,경기 불황에도 ‘폐점률 0%’…자영업자 곡소리 속 살아남는 메가 브랜드,2026-05-18 11:11:08,real_assets
환율,"일주일 새 70원 요동쳤지만…전문가 전망은 “원화값, 하반기에 안정될 듯”",2026-05-18 15:50:32,real_assets
환율,외국인 3.6조 팔았지만…28만 전자 앞세워 7500선 회복,2026-05-18 16:37:35,real_assets
환율,“하이닉스가 삼전 넘어서면 던져라”…하나증권이 말한 버블 붕괴의 순간,2026-05-18 16:59:31,real_assets
환율,[표] 외국환율고시표,2026-05-18 17:32:45,real_assets
환율,"李 ""노동권만큼 경영권도 존중돼야"", 이익 배분은 경영권 핵심 [사설]",2026-05-18 17:38:59,real_assets
환율,미·일 국채 금리 동반 폭등 … 신현송의 첫 금통위 주목한다 [사설],2026-05-18 17:38:59,real_assets
환율,“美국채 믿었다가 -14%” … 요즘 부자들 ‘브라질 달러채’ 담는 이유,2026-05-19 04:00:00,real_assets
환율,"엑스피, 주당 0.20달러 배당 결정·10억 헤알 규모 자사주 매입 승인",2026-05-19 05:20:21,real_assets
환율,“반도체 말고 뭐? 외국인 픽은 지주사”…한국주식 84조 팔면서도 SK·두산·한화 집중매수,2026-05-19 09:08:35,real_assets
환율,“기대에 부응하겠다”…주가 하락에 ‘주주님께 드리는 글’ 올린 이 회사,2026-05-19 10:06:59,real_assets
환율,"국민의힘, ‘공소취소’ 본격 공세…“與, 지선 직후 특검법 추진할 것”",2026-05-19 13:50:42,real_assets
환율,"“주식 만큼 역동적인 환율 등락, 숟가락 얹어볼까”…‘환테크’ 재시동",2026-05-19 13:59:19,real_assets
환율,"국제부동산정책학회, 글로벌자산 리포지셔닝 로드맵 세미나 개최",2026-05-19 13:59:29,real_assets
환율,“예금만으로는 더 이상 힘들다” 고환율·유가 쇼크가 바꾼 부의 포트폴리오,2026-05-19 15:01:45,real_assets
환율,머니쇼 다시 보기 오픈,2026-05-19 16:39:03,real_assets
환율,"코스피, 외국인 6조 팔자에 3%대 ‘뚝’…7300선도 내줬다",2026-05-19 16:39:24,real_assets
환율,보수표 결집 노리는 국민의힘…與 후보들 직격에 현안 대응까지,2026-05-19 16:44:30,real_assets
환율,다시 치솟는 원·달러 환율…1500원 ‘뉴노멀’ 굳어지나,2026-05-19 17:15:54,real_assets
환율,[표] 외국환율고시표,2026-05-19 17:28:34,real_assets
환율,반도체에 웃고 울고 … 극심한 변동성 장세,2026-05-19 17:43:53,real_assets
환율,"아머 스포츠, 1분기 매출 19억5000만 달러..전년비 32% 급증",2026-05-19 19:04:01,real_assets
환율,"믹웨어, 23회계연도 매출 222억 엔..영업익 14.7% 증가",2026-05-19 19:05:12,real_assets
환율,"홈디포, 1분기 매출 4.8% 증가한 418억 달러..EPS는 3.30달러",2026-05-19 19:09:13,real_assets
환율,"메이크마이트립, 4분기 영업익 29% 증가..버스 티켓팅 25% 급성장",2026-05-19 19:23:24,real_assets
환율,“주식 볼까봐 휴대폰 꺼놨습니다”…하루 300P씩 움직인 불지옥 증시,2026-05-19 20:33:21,real_assets
환율,"엘텍, 1분기 매출 18% 감소·290만 달러 순손실 기록",2026-05-19 20:37:58,real_assets
환율,"엘텍, 1분기 매출 18% 감소·290만 달러 순손실로 적자전환",2026-05-19 20:40:38,real_assets
환율,"시프리스 솔루션즈, 1분기 매출 2,581만 달러..적자폭 확대",2026-05-19 20:52:18,real_assets
환율,"세라곤 네트웍스, 1분기 매출 8500만 달러·영업이익 흑자전환",2026-05-19 21:01:49,real_assets
환율,"아머 스포츠, 1분기 매출 19억 달러·32% 성장..DTC 채널 45% 급증",2026-05-19 22:06:12,real_assets
환율,고물가 저성장 전쟁 후유증 겪는 일본 … 6월 기준금리 인상할 것,2026-05-20 04:00:00,real_assets
환율,“AI 랠리 고점 아니냐고요? … 지금은 밀리면 더 살 때”,2026-05-20 04:00:00,real_assets
환율,"로지스틱 프로퍼티스 오브 더, 1분기 매출 22% 증가에도 순손실 확대",2026-05-20 06:06:02,real_assets
환율,"아우나, 1분기 매출 13% 증가·11억7800만 솔..순이익 75% 급감",2026-05-20 06:14:03,real_assets
환율,"‘7천피’ 맞춘 족집게, 이번엔 버블붕괴 경고…“국채금리 급등 심상치 않다”",2026-05-20 09:09:07,real_assets
환율,외국인 10거래일 매도·미국 금리 여파…코스피 장 초반 7100선 약세,2026-05-20 09:45:28,real_assets
환율,"삼성자산운용, 한국 투자 특화 ‘삼성코리아EMP적격TDF2060’ 출시",2026-05-20 10:50:18,real_assets
환율,“중국도 일본도 미국국채 던진다”…중동전쟁 여파 ‘환율 방어’ 안간힘,2026-05-20 11:06:49,real_assets
환율,"배 만들다 데이터센터로 눈 돌린 HD현대중·한화엔진, “수익성 대박이네”",2026-05-20 15:27:36,real_assets
환율,“월급 1900% 올랐다고? 돈 얼마나 찍어냈으면”…북한 원·달러 환율 80% 폭등,2026-05-20 15:51:26,real_assets
환율,실속파 사로잡은 '히트상품' 올여름 무더위 날려버려요,2026-05-20 16:08:28,real_assets
환율,"‘3고’에 외국인 10거래일 연속 ‘팔자’까지…코스피, 7200선 턱걸이 하락 마감",2026-05-20 16:11:06,real_assets
환율,"미국보다 더 가파른 韓 국채금리 상승률, 초장기채 격차 5배",2026-05-20 16:11:28,real_assets
환율,'위기돌파의 아이콘' 도요타 … 비결은 낮은 손익분기점 [허대식 교수의 비즈니스 이노베이션],2026-05-20 16:13:51,real_assets
환율,"'가장 좋은 때, 가장 어려운' 반도체 슈퍼사이클의 역설",2026-05-20 16:13:51,real_assets
환율,"“비싼 빵 사먹은 나만 억울하네요”…밀가루값 담합 제분사, 역대 최대 과징금",2026-05-20 17:12:35,real_assets
환율,[표] 외국환율고시표,2026-05-20 17:49:44,real_assets
환율,세계 각국 美국채 투매 가속 … 中보유액 2008년 이후 최저,2026-05-20 17:51:34,real_assets
환율,'채권 포비아' 글로벌 확산,2026-05-20 17:55:08,real_assets
환율,"슈퍼 하이 인터내셔널 홀딩, 1분기 영업이익 71% 급증..매출 2억2600만 달러",2026-05-20 19:07:11,real_assets
환율,글로벌 금융위기 이후 최고…‘채권 포비아’ 글로벌 확산,2026-05-20 20:14:57,real_assets
환율,“달러당 1500원 뉴노멀 되나” … 서학개미도 동학개미도 환율이 중요한 이유,2026-05-21 04:00:00,real_assets
환율,“미쳤다고 할 때 샀다” … 십수 년째 시장을 이긴 알아주는 ‘선수’,2026-05-21 05:00:00,real_assets
환율,"이너시스, 4분기 매출 9억8800만 달러..전년비 1.3% 증가",2026-05-21 05:19:44,real_assets
환율,"노드슨, 2분기 조정 EPS 2.86달러로 18% 급등..분기 신기록",2026-05-21 05:36:06,real_assets
환율,“외국인이 개미 털어먹는 날 올 줄 알았다”…열흘간 44조 순매도,2026-05-21 06:12:42,real_assets
환율,"스트로베리 필즈 리츠, 2억6000만 셰켈 규모 채권 발행 추진",2026-05-21 06:19:48,real_assets
환율,"매경이 전하는 세상의 지식 (매-세-지, 5월 21일)",2026-05-21 07:00:00,real_assets
환율,"[속보] 코스피, 3.85% 급등 출발해 7400선 회복…매수 사이드카 발동",2026-05-21 09:03:32,real_assets
환율,"환율 1500원 시대의 역설, 재계 덮친 원가 쇼크에 곳곳에서 비상경영",2026-05-21 10:02:39,real_assets
환율,삼성그룹 상장사 시총 합계 2000조원 넘어…총파업 피한 삼성전자 급등 영향,2026-05-21 10:50:27,real_assets
환율,"롯데리아, 단품 버거류 22종 등 가격 평균 2.9% 인상",2026-05-21 11:27:04,real_assets
환율,“엔비디아 팔고 삼성전자 담았다”…RIA 통해 2조원 국내 복귀,2026-05-21 12:11:18,real_assets
환율,"셀트리온, 1092만주 무상증자 결정…자사주 1000억 추가 매입",2026-05-21 14:08:46,real_assets
환율,"“돈 벌려면 국장이라는데요”...서학개미, SOXL 팔고 삼전닉스 2조 샀다",2026-05-21 14:20:01,real_assets
환율,[속보] 코스피 8.42% 급등 마감…단숨에 7800선 회복,2026-05-21 15:36:54,real_assets
환율,김부겸 첫 유세서 만난 시민들...“샤이 김부겸 많을 것” “대구 경제 살리려면 추경호”,2026-05-21 16:48:55,real_assets
환율,단품 버거류 22종 판매가…롯데리아 평균 2.9% 인상,2026-05-21 17:46:04,real_assets
환율,[표] 외국환율고시표,2026-05-21 17:49:03,real_assets
환율,삼성 그룹株 시총 2347조 …'전자' 지분 품은 물산·생명도 웃었다,2026-05-21 18:03:06,real_assets
환율,"에퀴노르, 4분기 배당금 주당 0.39달러 확정..5월 27일 지급",2026-05-21 19:07:47,real_assets
환율,“지금 증시 닷컴버블과 다르다…미국 기본 깔고 코스피 더 늘릴 때”,2026-05-22 04:00:00,real_assets
환율,"줌 비디오 커뮤니케이션, 1분기 매출 12억 달러·EPS 1.42달러로 실적 호조",2026-05-22 05:14:10,real_assets
환율,[속보] 이 대통령 지지율 64%…민주 45%·국힘 22% [한국갤럽],2026-05-22 10:05:01,real_assets
환율,"“13년째 협력 이어져”…서부발전, IBK기업은행과 협력기업·지역 소상공인 금융지원 맞손",2026-05-22 10:10:27,real_assets
환율,삼성 노사 합의에…李대통령 지지율 64%로 ‘쑥’,2026-05-22 10:31:44,real_assets
환율,"덕산네오룩스, 증권사 목표가 상향에 강세…3.37%",2026-05-22 13:04:09,real_assets
환율,삼전닉스 담은 채권혼합형 ETF 봇물,2026-05-22 14:18:23,real_assets
환율,성장 전략 ‘결’ 다르지만…늘 신기록 경쟁 [맞수맞짱],2026-05-22 14:40:24,real_assets
환율,포스코·삼성물산은 믿는 게 있었네,2026-05-22 14:44:45,real_assets
환율,코스피 강보합 마감…코스닥 5% 급등 마감 “국민성장펀드 기대감”,2026-05-22 16:15:38,real_assets
환율,"SK하이닉스 미국 상장 카드, 반도체 자본시장 판 흔들 새 변수로",2026-05-22 16:26:10,real_assets
환율,[표] 외국환율고시표,2026-05-22 17:46:50,real_assets
환율,"“5년 묶여도, 베팅할만” 국민성장펀드 오픈런",2026-05-22 21:34:20,real_assets
환율,"코스모스 홀딩스, 1분기 매출 1793만 달러로 30.7%↑…분기 최대 실적",2026-05-22 22:31:51,real_assets
환율,국민성장펀드가 끌어올린 코스닥…5% 급등에 매수 사이드카까지,2026-05-23 06:00:03,real_assets
환율,지금 속초에 가면 볼 수 있는 ‘한국판 골드코스트 해변’ 성지,2026-05-23 18:27:13,real_assets
환율,"1500원대 ‘뉴노멀’ 굳어질까…“원화값 약세, 일시적 현상 아냐”",2026-05-24 10:14:56,real_assets
환율,1500원이 뉴노멀?…‘3高’ 시대 한국은행 금리 올릴까,2026-05-24 12:43:25,real_assets
환율,"오세훈 “정원오·李대통령, 적당히 하라…이 정도 때렸으면 됐다”",2026-05-24 14:40:16,real_assets
환율,“우크라 전쟁에도 서방 제재에도 안무너져”…푸틴 살린 4가지 무기 [이란전쟁이 살린 러 경제②],2026-05-24 14:45:10,real_assets
환율,[표] 외국환율고시표,2026-05-24 17:31:52,real_assets
환율,‘불확실성 파고’ 넘는다…베스트 자산컨설턴트 14人의 활약상,2026.01.01 07:53,real_assets
환율,"“작년 물가 안정됐다니, 말이 돼?”…소비자물가 뛰어넘은 체감물가 왜",2026.01.01 09:46,real_assets
환율,국민 절반 “코스피 5000 가능”…“올해 경기 더 어려울 것” 46% 응답 [리얼미터],2026.01.01 09:48,real_assets
환율,“9000원대 초가성비”… 롯데마트 PB ‘오늘좋은 엑스트라버진 올리브유’ 출시,2026.01.01 11:05,real_assets
환율,벌써 한숨만…1300원대 환율 다시 못 보나,2026.01.01 13:00,real_assets
환율,"소상공인 상환부담 덜어준다…서울시, 금융지원 2조4000억원 투입",2026.01.01 13:02,real_assets
환율,"“유튜브로 번 1억, 전액 기부”…‘기부 천사’ 션, 통 큰 새해 인사",2026.01.01 15:16,real_assets
환율,"션, 2025년 유튜브로 1억 벌었다…“전액 기부”",2026.01.01 15:19,real_assets
환율,성장률 반등 韓경제 뜨겁게 질주하라,2026.01.01 16:10,real_assets
환율,정부 개입에 잠시 고개 든 원화값 구조화된 원화 약세 극복이 관건,2026.01.01 16:11,real_assets
환율,올해 수도권 집값 2%대 완만한 상승…지역별 양극화 심화,2026.01.01 16:11,real_assets
환율,물가·환율·집값 금리 인하 막는 '3개의 벽',2026.01.01 16:11,real_assets
환율,각국 경기 부양땐 섬유수출 소폭 늘듯,2026.01.01 16:51,real_assets
환율,'통합 대한항공' 연내 출범 시너지 기대,2026.01.01 16:51,real_assets
환율,"국민 절반 ""새해 경기 어려울 것""… 수출성과 가린 내수 챙길 때 [사설]",2026.01.01 17:02,real_assets
환율,[단독] 삼성의 결단…갤럭시 S26 가격 동결한다,2026.01.01 17:26,real_assets
환율,[표] 외국환율고시표,2026.01.01 17:38,real_assets
환율,"“POSCO홀딩스, 4Q 컨센 하회 전망에도 ‘사라’”…이유는?",2026.01.02 07:54,real_assets
환율,신동빈 롯데 회장 “혁신 바탕으로 새 역사 만들자”,2026.01.02 09:37,real_assets
환율,“올해 성장률 1.8% 반도체 빼면 1.4%”...한은 총재 ‘체감경기와 괴리’ 우려,2026.01.02 09:59,real_assets
환율,[속보] 3월 소비자물가 상승률 2.2%…‘중동쇼크’에 석유류 급등,2026.04.02 08:03,real_assets
환율,[속보] ‘중동 전쟁 쇼크’ 3월 소비자물가 2.2% 상승…경유가격 17% 급등,2026.04.02 08:09,real_assets
환율,"“삼성바이오로직스, 목표주가 205만원 제시…매출 성장은 유지”",2026.04.02 08:41,real_assets
환율,“이 돈 언제 다 갚나”…역대급으로 불어나는 빚,2026.04.02 08:43,real_assets
환율,"삼성바이오, 미국 생산거점 품었다…“호실적 타고 205만원 진격”",2026.04.02 08:46,real_assets
환율,3월 소비자물가 상승률 2.2%…‘중동쇼크’에 석유류 급등,2026.04.02 09:00,real_assets
환율,김용범 “중동 전쟁에도 코스피 5000지켜…韓 시장 복원력 확인한 계기”,2026.04.02 09:23,real_assets
환율,알고보면 쓸모많은 은…어떤 ETF로 투자할까,2026.04.02 09:27,real_assets
환율,"롤러코스터 환율, 이란전쟁 끝날듯말듯 긴장감에…1510원대 반등",2026.04.02 09:41,real_assets
환율,"김용범 “환율, 안정구간 복귀할것…한국증시 복원력 확인한 시간”",2026.04.02 09:51,real_assets
환율,"삼성바이오로직스, `기대치 부합 전망. 불확실성 해소 기대` 증권사 발표에 강세",2026.04.02 09:57,real_assets
환율,"에어프레미아, 작년 최대 매출에도 영업손실 321억…내실없는 성장",2026.04.02 10:08,real_assets
환율,李대통령 “내일 전쟁 끝나도 에너지수급 오래 걸려…추경 속도전 필요”,2026.04.02 14:51,real_assets
환율,“요즘은 신제품도 세일해요”…불황에 가전 회사들 가격 낮추고 또 낮추고,2026.04.02 15:37,real_assets
환율,"“200만원 넘는다”...미국 공장 접수한 삼성바이오, 목표주가 상향 [오늘, 이 종목]",2026.04.02 15:39,real_assets
환율,“치킨 이미 3만원 아닌가요”…잇단 악재에 ‘더 오를라’ 노심초사,2026.04.02 16:08,real_assets
환율,[표] 외국환율고시표,2026.04.02 17:28,real_assets
환율,"'위기' 28번 외친 李 ""민생경제 전시상황…골든타임 놓치면 안돼""",2026.04.02 17:57,real_assets
환율,"""외국인 셀 코리아 장기화 공포 … 5천피가 1차 지지선""",2026.04.02 17:57,real_assets
환율,외환시장도 쇼크 … 원화값 장중 1523원,2026.04.02 17:57,real_assets
