date,usd_krw,us_10y,vix_close,kr_10y,rate_spread
2019-01-01,1112.5,2.6610000133514404,23.21999931335449,1.948,-0.7130000133514405
2019-01-02,1113.800048828125,2.6610000133514404,23.21999931335449,1.948,-0.7130000133514405
2019-01-03,1122.1800537109375,2.553999900817871,25.450000762939453,1.955,-0.598999900817871
2019-01-04,1124.1199951171875,2.6589999198913574,21.3799991607666,1.972,-0.6869999198913574
2019-01-07,1114.4000244140625,2.681999921798706,21.399999618530277,1.977,-0.704999921798706
2019-01-08,1116.4000244140625,2.7160000801086426,20.46999931335449,1.994,-0.7220000801086426
2019-01-09,1121.050048828125,2.7279999256134038,19.979999542236328,1.985,-0.7429999256134032
2019-01-10,1118.6700439453125,2.7309999465942383,19.5,1.964,-0.7669999465942383
2019-01-11,1116.550048828125,2.700999975204468,18.190000534057617,1.992,-0.7089999752044678
2019-01-14,1118.5999755859375,2.7100000381469727,19.06999969482422,1.973,-0.7370000381469726
2019-01-15,1122.0,2.7109999656677246,18.600000381469727,1.968,-0.7429999656677246
2019-01-16,1122.4000244140625,2.7309999465942383,19.040000915527344,1.982,-0.7489999465942383
2019-01-17,1118.77001953125,2.749000072479248,18.059999465942383,1.976,-0.7730000724792481
2019-01-18,1120.550048828125,2.7839999198913574,17.799999237060547,2.008,-0.7759999198913574
2019-01-21,1125.7900390625,2.7839999198913574,17.799999237060547,2.028,-0.7559999198913574
2019-01-22,1132.3699951171875,2.7300000190734863,20.799999237060547,1.997,-0.7330000190734862
2019-01-23,1130.1500244140625,2.755000114440918,19.520000457763672,1.984,-0.771000114440918
2019-01-24,1125.3299560546875,2.711999893188477,18.88999938964844,1.993,-0.7189998931884765
2019-01-25,1126.75,2.753000020980835,17.420000076293945,2.005,-0.7480000209808351
2019-01-28,1118.010009765625,2.74399995803833,18.8700008392334,2.019,-0.72499995803833
2019-01-29,1119.699951171875,2.711999893188477,19.1299991607666,2.035,-0.6769998931884764
2019-01-30,1117.8699951171875,2.694999933242798,17.65999984741211,2.051,-0.6439999332427977
2019-01-31,1109.0,2.634999990463257,16.56999969482422,2.001,-0.633999990463257
2019-02-01,1111.550048828125,2.690999984741211,16.139999389648438,1.983,-0.7079999847412108
2019-02-04,1118.300048828125,2.7239999771118164,15.729999542236328,1.983,-0.7409999771118163
2019-02-05,1121.0999755859375,2.70199990272522,15.56999969482422,1.983,-0.7189999027252196
2019-02-06,1118.699951171875,2.70199990272522,15.380000114440918,1.983,-0.7189999027252196
2019-02-07,1121.6300048828125,2.6519999504089355,16.3700008392334,1.995,-0.6569999504089354
2019-02-08,1123.75,2.631999969482422,15.720000267028809,1.965,-0.6669999694824218
2019-02-11,1122.8800048828125,2.6610000133514404,15.970000267028809,1.943,-0.7180000133514404
2019-02-12,1125.02001953125,2.684000015258789,15.43000030517578,1.978,-0.7060000152587891
2019-02-13,1120.300048828125,2.7079999446868896,15.649999618530272,1.987,-0.7209999446868895
2019-02-14,1123.719970703125,2.657000064849853,16.219999313354492,1.99,-0.6670000648498535
2019-02-15,1128.300048828125,2.6659998893737797,14.90999984741211,1.962,-0.7039998893737793
2019-02-18,1125.31005859375,2.6659998893737797,14.90999984741211,1.997,-0.6689998893737792
2019-02-19,1124.280029296875,2.6470000743865967,14.880000114440918,1.996,-0.6510000743865967
2019-02-20,1121.4200439453125,2.6540000438690186,14.020000457763672,1.992,-0.6620000438690186
2019-02-21,1121.719970703125,2.687999963760376,14.460000038146973,2.01,-0.6779999637603762
2019-02-22,1124.1500244140625,2.6549999713897705,13.510000228881836,2.008,-0.6469999713897705
2019-02-25,1122.31005859375,2.6730000972747803,14.850000381469728,2.012,-0.6610000972747803
2019-02-26,1117.199951171875,2.635999917984009,15.170000076293944,2.003,-0.6329999179840087
2019-02-27,1114.300048828125,2.693000078201294,14.699999809265137,1.985,-0.7080000782012938
2019-02-28,1115.0999755859375,2.7109999656677246,14.779999732971191,1.987,-0.7239999656677245
2019-03-01,1124.219970703125,2.755000114440918,13.56999969482422,1.987,-0.7680001144409179
2019-03-04,1126.81005859375,2.7219998836517334,14.630000114440918,2.027,-0.6949998836517333
2019-03-05,1128.1500244140625,2.7219998836517334,14.739999771118164,2.029,-0.6929998836517335
2019-03-06,1126.199951171875,2.691999912261963,15.739999771118164,2.021,-0.670999912261963
2019-03-07,1127.0,2.635999917984009,16.59000015258789,2.005,-0.6309999179840089
2019-03-08,1133.0699462890625,2.625,16.049999237060547,1.973,-0.6519999999999999
2019-03-11,1134.06005859375,2.6429998874664307,14.329999923706056,1.986,-0.6569998874664307
2019-03-12,1130.77001953125,2.6050000190734863,13.770000457763672,1.991,-0.6140000190734862
2019-03-13,1127.27001953125,2.611000061035156,13.40999984741211,1.966,-0.6450000610351563
2019-03-14,1129.5899658203125,2.630000114440918,13.5,1.978,-0.652000114440918
2019-03-15,1135.4200439453125,2.5929999351501465,12.880000114440918,1.989,-0.6039999351501464
2019-03-18,1132.72998046875,2.601999998092652,13.100000381469728,1.994,-0.6079999980926514
2019-03-19,1131.199951171875,2.614000082015991,13.5600004196167,1.979,-0.6350000820159911
2019-03-20,1129.719970703125,2.5350000858306885,13.90999984741211,1.981,-0.5540000858306884
2019-03-21,1125.0,2.5369999408721924,13.630000114440918,1.932,-0.6049999408721924
2019-03-22,1127.77001953125,2.4549999237060547,16.479999542236328,1.934,-0.5209999237060547
2019-03-25,1135.1400146484375,2.4200000762939453,16.329999923706055,1.888,-0.5320000762939454
2019-03-26,1133.8499755859375,2.4140000343322754,14.68000030517578,1.905,-0.5090000343322754
2019-03-27,1133.9300537109375,2.374000072479248,15.149999618530272,1.845,-0.5290000724792481
2019-03-28,1138.5,2.388999938964844,14.43000030517578,1.81,-0.5789999389648437
2019-03-29,1134.3199462890625,2.4140000343322754,13.710000038146973,1.833,-0.5810000343322754
2019-04-01,1136.699951171875,2.496999979019165,13.399999618530272,1.866,-0.6309999790191649
2019-04-02,1132.6700439453125,2.4809999465942383,13.359999656677246,1.856,-0.6249999465942382
2019-04-03,1136.3900146484375,2.5169999599456787,13.739999771118164,1.889,-0.6279999599456787
2019-04-04,1133.530029296875,2.51200008392334,13.579999923706056,1.877,-0.6350000839233398
2019-04-05,1134.300048828125,2.500999927520752,12.81999969482422,1.893,-0.6079999275207519
2019-04-08,1136.68994140625,2.5190000534057617,13.18000030517578,1.868,-0.6510000534057616
2019-04-09,1141.1099853515625,2.499000072479248,14.279999732971191,1.872,-0.6270000724792479
2019-04-10,1140.0999755859375,2.476999998092652,13.300000190734863,1.871,-0.6059999980926514
2019-04-11,1135.9000244140625,2.503999948501587,13.020000457763672,1.867,-0.6369999485015869
2019-04-12,1140.989990234375,2.559999942779541,12.010000228881836,1.881,-0.678999942779541
2019-04-15,1133.4300537109375,2.552999973297119,12.31999969482422,1.926,-0.6269999732971192
2019-04-16,1133.199951171875,2.5920000076293945,12.18000030517578,1.932,-0.6600000076293946
2019-04-17,1135.699951171875,2.5920000076293945,12.600000381469728,1.947,-0.6450000076293945
2019-04-18,1130.199951171875,2.559999942779541,12.09000015258789,1.893,-0.666999942779541
2019-04-19,1136.1099853515625,2.559999942779541,12.09000015258789,1.899,-0.660999942779541
2019-04-22,1134.5,2.5899999141693115,12.420000076293944,1.929,-0.6609999141693115
2019-04-23,1140.0400390625,2.569999933242798,12.279999732971191,1.923,-0.6469999332427978
2019-04-24,1142.0,2.5220000743865967,13.140000343322754,1.912,-0.6100000743865968
2019-04-25,1155.260009765625,2.5339999198913574,13.25,1.879,-0.6549999198913574
2019-04-26,1159.0,2.505000114440918,12.729999542236328,1.876,-0.6290001144409181
2019-04-29,1157.72998046875,2.5360000133514404,13.109999656677246,1.864,-0.6720000133514403
2019-04-30,1158.7900390625,2.509000062942505,13.119999885559082,1.845,-0.6640000629425049
2019-05-01,1163.260009765625,2.510999917984009,14.800000190734863,1.845,-0.6659999179840088
2019-05-02,1164.6700439453125,2.552000045776367,14.420000076293944,1.885,-0.6670000457763672
2019-05-03,1166.1099853515625,2.5309998989105225,12.869999885559082,1.9,-0.6309998989105225
2019-05-06,1163.3299560546875,2.5,15.4399995803833,1.9,-0.6000000000000001
2019-05-07,1168.050048828125,2.447999954223633,19.31999969482422,1.885,-0.5629999542236328
2019-05-08,1171.300048828125,2.4820001125335693,19.399999618530277,1.878,-0.6040001125335694
2019-05-09,1172.18994140625,2.4570000171661377,19.100000381469727,1.861,-0.5960000171661377
2019-05-10,1179.18994140625,2.4549999237060547,16.040000915527344,1.873,-0.5819999237060547
2019-05-13,1174.4200439453125,2.4049999713897705,20.549999237060547,1.874,-0.5309999713897704
2019-05-14,1187.1800537109375,2.4189999103546143,18.059999465942383,1.868,-0.5509999103546142
2019-05-15,1186.9300537109375,2.378999948501587,16.440000534057617,1.865,-0.5139999485015869
2019-05-16,1186.0400390625,2.4049999713897705,15.289999961853027,1.82,-0.5849999713897704
2019-05-17,1190.489990234375,2.3929998874664307,15.960000038146973,1.822,-0.5709998874664306
2019-05-20,1193.8299560546875,2.4159998893737797,16.309999465942383,1.847,-0.5689998893737793
2019-05-21,1193.3299560546875,2.4260001182556152,14.949999809265137,1.83,-0.5960001182556152
2019-05-22,1193.3299560546875,2.3929998874664307,14.75,1.828,-0.5649998874664306
2019-05-23,1188.800048828125,2.2960000038146973,16.920000076293945,1.808,-0.4880000038146972
2019-05-24,1188.800048828125,2.3239998817443848,15.850000381469728,1.792,-0.5319998817443847
2019-05-27,1185.0,2.3239998817443848,15.850000381469728,1.797,-0.5269998817443848
2019-05-28,1182.31005859375,2.2679998874664307,17.5,1.793,-0.4749998874664307
2019-05-29,1187.5799560546875,2.236000061035156,17.899999618530273,1.741,-0.4950000610351561
2019-05-30,1192.2099609375,2.226999998092652,17.299999237060547,1.741,-0.4859999980926512
2019-05-31,1188.3800048828125,2.1419999599456787,18.709999084472656,1.682,-0.4599999599456787
2019-06-03,1187.8699951171875,2.0810000896453857,18.86000061035156,1.691,-0.3900000896453857
2019-06-04,1178.3499755859375,2.11899995803833,16.969999313354492,1.684,-0.4349999580383301
2019-06-05,1176.050048828125,2.122999906539917,16.09000015258789,1.654,-0.4689999065399171
2019-06-06,1178.739990234375,2.124000072479248,15.93000030517578,1.654,-0.4700000724792481
2019-06-07,1177.0,2.0840001106262207,16.299999237060547,1.656,-0.4280001106262208
2019-06-10,1180.760009765625,2.1429998874664307,15.9399995803833,1.661,-0.4819998874664306
2019-06-11,1182.0999755859375,2.140000104904175,15.989999771118164,1.68,-0.4600001049041748
2019-06-12,1177.97998046875,2.127000093460083,15.90999984741211,1.6,-0.5270000934600829
2019-06-13,1183.4300537109375,2.0910000801086426,15.81999969482422,1.613,-0.4780000801086426
2019-06-14,1181.0799560546875,2.0929999351501465,15.279999732971191,1.591,-0.5019999351501465
2019-06-17,1185.8900146484375,2.0859999656677246,15.350000381469728,1.621,-0.4649999656677246
2019-06-18,1185.3499755859375,2.059999942779541,15.149999618530272,1.614,-0.4459999427795409
2019-06-19,1173.5799560546875,2.0290000438690186,14.329999923706056,1.601,-0.4280000438690186
2019-06-20,1170.300048828125,2.000999927520752,14.75,1.545,-0.455999927520752
2019-06-21,1157.2099609375,2.068000078201294,15.399999618530272,1.569,-0.499000078201294
2019-06-24,1158.31005859375,2.0209999084472656,15.260000228881836,1.563,-0.4579999084472657
2019-06-25,1152.469970703125,1.99399995803833,16.280000686645508,1.584,-0.40999995803833
2019-06-26,1155.7099609375,2.049000024795532,16.209999084472656,1.605,-0.4440000247955322
2019-06-27,1152.5,2.005000114440918,15.81999969482422,1.616,-0.3890001144409178
2019-06-28,1155.510009765625,2.0,15.079999923706056,1.596,-0.4039999999999999
2019-07-01,1155.5999755859375,2.0339999198913574,14.0600004196167,1.608,-0.4259999198913573
2019-07-02,1159.75,1.9759999513626096,12.93000030517578,1.586,-0.3899999513626098
2019-07-03,1165.5799560546875,1.9529999494552608,12.56999969482422,1.534,-0.4189999494552612
2019-07-04,1168.8699951171875,1.9529999494552608,12.56999969482422,1.523,-0.4299999494552613
2019-07-05,1167.1300048828125,2.0480000972747803,13.279999732971191,1.533,-0.5150000972747804
2019-07-08,1174.02001953125,2.0339999198913574,13.960000038146973,1.53,-0.5039999198913574
2019-07-09,1179.8499755859375,2.053999900817871,14.09000015258789,1.538,-0.5159999008178711
2019-07-10,1181.47998046875,2.061000108718872,13.029999732971191,1.562,-0.499000108718872
2019-07-11,1175.530029296875,2.119999885559082,12.93000030517578,1.547,-0.5729998855590821
2019-07-12,1174.0799560546875,2.1059999465942383,12.390000343322754,1.569,-0.5369999465942383
2019-07-15,1176.4100341796875,2.0920000076293945,12.68000030517578,1.582,-0.5100000076293945
2019-07-16,1178.4300537109375,2.121999979019165,12.859999656677246,1.573,-0.5489999790191651
2019-07-17,1177.8800048828125,2.061000108718872,13.970000267028809,1.546,-0.515000108718872
2019-07-18,1178.68994140625,2.0380001068115234,13.529999732971191,1.472,-0.5660001068115235
2019-07-19,1170.77001953125,2.0480000972747803,14.449999809265137,1.456,-0.5920000972747803
2019-07-22,1175.1099853515625,2.0429999828338623,13.529999732971191,1.465,-0.5779999828338622
2019-07-23,1174.760009765625,2.0739998817443848,12.609999656677246,1.472,-0.6019998817443848
2019-07-24,1176.800048828125,2.049999952316284,12.06999969482422,1.465,-0.5849999523162841
2019-07-25,1176.550048828125,2.0739998817443848,12.739999771118164,1.431,-0.6429998817443847
2019-07-26,1182.3900146484375,2.0810000896453857,12.15999984741211,1.426,-0.6550000896453858
2019-07-29,1183.3499755859375,2.055000066757202,12.829999923706056,1.412,-0.6430000667572022
2019-07-30,1181.8499755859375,2.061000108718872,13.9399995803833,1.409,-0.652000108718872
2019-07-31,1180.6500244140625,2.0209999084472656,16.1200008392334,1.39,-0.6309999084472657
2019-08-01,1186.31005859375,1.8940000534057615,17.8700008392334,1.41,-0.4840000534057618
2019-08-02,1194.75,1.8550000190734863,17.610000610351562,1.349,-0.5060000190734864
2019-08-05,1203.93994140625,1.7350000143051147,24.59000015258789,1.253,-0.4820000143051148
2019-08-06,1216.6500244140625,1.7389999628067017,20.170000076293945,1.256,-0.4829999628067016
2019-08-07,1212.530029296875,1.684000015258789,19.489999771118164,1.251,-0.4330000152587892
2019-08-08,1212.22998046875,1.715999960899353,16.90999984741211,1.27,-0.445999960899353
2019-08-09,1207.030029296875,1.7339999675750732,17.969999313354492,1.286,-0.4479999675750732
2019-08-12,1213.199951171875,1.6390000581741333,21.09000015258789,1.285,-0.3540000581741334
2019-08-13,1217.6300048828125,1.6799999475479126,17.520000457763672,1.229,-0.4509999475479125
2019-08-14,1204.72998046875,1.5809999704360962,22.100000381469727,1.231,-0.3499999704360961
2019-08-15,1215.6400146484375,1.5290000438690186,21.18000030517578,1.231,-0.2980000438690184
2019-08-16,1211.5,1.5390000343322754,18.46999931335449,1.172,-0.3670000343322754
2019-08-19,1207.489990234375,1.5980000495910645,16.8799991607666,1.184,-0.4140000495910645
2019-08-20,1210.530029296875,1.5609999895095823,17.5,1.198,-0.3629999895095825
2019-08-21,1205.280029296875,1.5770000219345093,15.800000190734863,1.277,-0.3000000219345093
2019-08-22,1201.3199462890625,1.6100000143051147,16.68000030517578,1.229,-0.3810000143051146
2019-08-23,1208.56005859375,1.527999997138977,19.8700008392334,1.261,-0.2669999971389771
2019-08-26,1212.6500244140625,1.5449999570846558,19.31999969482422,1.191,-0.3539999570846557
2019-08-27,1210.72998046875,1.4900000095367432,20.309999465942383,1.238,-0.2520000095367432
2019-08-28,1210.760009765625,1.465999960899353,19.350000381469727,1.244,-0.221999960899353
2019-08-29,1211.3699951171875,1.5160000324249268,17.8799991607666,1.248,-0.2680000324249267
2019-08-30,1207.1600341796875,1.50600004196167,18.979999542236328,1.276,-0.2300000419616699
2019-09-02,1209.1500244140625,1.50600004196167,18.979999542236328,1.344,-0.1620000419616698
2019-09-03,1212.77001953125,1.465999960899353,19.65999984741211,1.331,-0.134999960899353
2019-09-04,1210.47998046875,1.4589999914169312,17.329999923706055,1.344,-0.114999991416931
2019-09-05,1202.68994140625,1.565000057220459,16.270000457763672,1.367,-0.198000057220459
2019-09-06,1196.0,1.5499999523162842,15.0,1.381,-0.1689999523162841
2019-09-09,1191.6199951171875,1.621999979019165,15.270000457763672,1.353,-0.268999979019165
2019-09-10,1190.8599853515625,1.7020000219345093,15.199999809265137,1.37,-0.3320000219345091
2019-09-11,1189.5,1.7330000400543213,14.609999656677246,1.397,-0.3360000400543212
2019-09-12,1189.800048828125,1.7910000085830688,14.220000267028809,1.397,-0.3940000085830688
2019-09-13,1180.75,1.902999997138977,13.739999771118164,1.397,-0.505999997138977
2019-09-16,1178.719970703125,1.840999960899353,14.670000076293944,1.536,-0.304999960899353
2019-09-17,1183.2900390625,1.812000036239624,14.4399995803833,1.5,-0.312000036239624
2019-09-18,1185.6500244140625,1.7860000133514404,13.949999809265137,1.468,-0.3180000133514404
2019-09-19,1189.550048828125,1.77400004863739,14.050000190734863,1.463,-0.31100004863739
2019-09-20,1193.8599853515625,1.7549999952316284,15.31999969482422,1.455,-0.2999999952316283
2019-09-23,1193.1300048828125,1.7079999446868896,14.90999984741211,1.462,-0.2459999446868896
2019-09-24,1193.010009765625,1.6349999904632568,17.049999237060547,1.454,-0.1809999904632568
2019-09-25,1193.93994140625,1.7319999933242798,15.960000038146973,1.424,-0.3079999933242798
2019-09-26,1197.8900146484375,1.684999942779541,16.06999969482422,1.433,-0.2519999427795409
2019-09-27,1198.6300048828125,1.6749999523162842,17.219999313354492,1.438,-0.2369999523162842
2019-09-30,1201.9100341796875,1.6749999523162842,16.239999771118164,1.456,-0.2189999523162842
2019-10-01,1198.0,1.6440000534057615,18.559999465942383,1.498,-0.1460000534057617
2019-10-02,1201.68994140625,1.5959999561309814,20.559999465942383,1.497,-0.0989999561309813
2019-10-03,1203.5699462890625,1.5360000133514404,19.1200008392334,1.497,-0.0390000133514403
2019-10-04,1200.0799560546875,1.5149999856948853,17.040000915527344,1.373,-0.1419999856948852
2019-10-07,1191.3299560546875,1.5529999732971191,17.860000610351562,1.386,-0.1669999732971192
2019-10-08,1195.760009765625,1.5369999408721924,20.280000686645508,1.429,-0.1079999408721923
2019-10-09,1198.3699951171875,1.5889999866485596,18.63999938964844,1.429,-0.1599999866485595
2019-10-10,1196.780029296875,1.6579999923706057,17.56999969482422,1.459,-0.1989999923706054
2019-10-11,1188.81005859375,1.7519999742507937,15.579999923706056,1.488,-0.2639999742507934
2019-10-14,1182.489990234375,1.7330000400543213,14.56999969482422,1.488,-0.2450000400543213
2019-10-15,1182.300048828125,1.7710000276565552,13.539999961853027,1.499,-0.272000027656555
2019-10-16,1183.9300537109375,1.7480000257492063,13.68000030517578,1.53,-0.2180000257492065
2019-10-17,1184.8299560546875,1.756999969482422,13.789999961853027,1.578,-0.1789999694824218
2019-10-18,1177.27001953125,1.746999979019165,14.25,1.587,-0.159999979019165
2019-10-21,1178.0799560546875,1.7920000553131104,14.0,1.66,-0.1320000553131104
2019-10-22,1171.4000244140625,1.7680000066757202,14.460000038146973,1.655,-0.1130000066757201
2019-10-23,1171.260009765625,1.758999943733215,14.010000228881836,1.654,-0.1049999437332154
2019-10-24,1169.699951171875,1.7660000324249268,13.710000038146973,1.641,-0.1250000324249267
2019-10-25,1174.25,1.8009999990463257,12.649999618530272,1.677,-0.1239999990463256
2019-10-28,1170.8199462890625,1.8530000448226929,13.109999656677246,1.765,-0.0880000448226929
2019-10-29,1166.760009765625,1.8350000381469729,13.199999809265137,1.777,-0.0580000381469727
2019-10-30,1165.75,1.7979999780654907,12.329999923706056,1.753,-0.0449999780654908
2019-10-31,1163.699951171875,1.690999984741211,13.220000267028809,1.728,0.037000015258789
2019-11-01,1168.550048828125,1.7280000448226929,12.300000190734863,1.732,0.0039999551773071
2019-11-04,1163.800048828125,1.7860000133514404,12.829999923706056,1.827,0.0409999866485595
2019-11-05,1161.81005859375,1.866000056266785,13.100000381469728,1.817,-0.0490000562667847
2019-11-06,1155.199951171875,1.8140000104904173,12.619999885559082,1.82,0.0059999895095825
2019-11-07,1160.0799560546875,1.9259999990463257,12.729999542236328,1.822,-0.1039999990463256
2019-11-08,1158.5999755859375,1.932999968528748,12.06999969482422,1.803,-0.1299999685287476
2019-11-11,1158.5999755859375,1.9429999589920044,12.6899995803833,1.788,-0.1549999589920043
2019-11-12,1163.9000244140625,1.909000039100647,12.68000030517578,1.842,-0.0670000391006468
2019-11-13,1164.949951171875,1.870000004768372,13.0,1.787,-0.0830000047683716
2019-11-14,1169.8599853515625,1.815000057220459,13.050000190734863,1.785,-0.030000057220459
2019-11-15,1167.52001953125,1.8339999914169312,12.050000190734863,1.79,-0.0439999914169311
2019-11-18,1162.3299560546875,1.807999968528748,12.460000038146973,1.781,-0.0269999685287476
2019-11-19,1165.68994140625,1.7860000133514404,12.859999656677246,1.734,-0.0520000133514404
2019-11-20,1165.8199462890625,1.7380000352859497,12.779999732971191,1.671,-0.0670000352859496
2019-11-21,1168.260009765625,1.7719999551773071,13.130000114440918,1.672,-0.0999999551773072
2019-11-22,1175.22998046875,1.77400004863739,12.34000015258789,1.687,-0.08700004863739
2019-11-25,1179.489990234375,1.7640000581741333,11.869999885559082,1.725,-0.0390000581741332
2019-11-26,1172.4100341796875,1.7400000095367432,11.539999961853027,1.707,-0.033000009536743
2019-11-27,1172.5999755859375,1.7669999599456787,11.75,1.671,-0.0959999599456786
2019-11-28,1175.3599853515625,1.7669999599456787,11.75,1.667,-0.0999999599456786
2019-11-29,1177.010009765625,1.7760000228881836,12.619999885559082,1.63,-0.1460000228881837
2019-12-02,1181.469970703125,1.8359999656677248,14.90999984741211,1.688,-0.1479999656677246
2019-12-03,1183.7900390625,1.7089999914169312,15.960000038146973,1.736,0.0270000085830688
2019-12-04,1187.6300048828125,1.781000018119812,14.800000190734863,1.657,-0.1240000181198119
2019-12-05,1189.4599609375,1.7970000505447388,14.520000457763672,1.661,-0.1360000505447387
2019-12-06,1187.97998046875,1.8420000076293943,13.619999885559082,1.68,-0.1620000076293946
2019-12-09,1186.1099853515625,1.8289999961853027,15.859999656677246,1.664,-0.1649999961853028
2019-12-10,1188.6800537109375,1.8329999446868896,15.68000030517578,1.616,-0.2169999446868895
2019-12-11,1189.0699462890625,1.7899999618530271,14.989999771118164,1.621,-0.1689999618530273
2019-12-12,1187.9300537109375,1.8969999551773071,13.9399995803833,1.619,-0.2779999551773071
2019-12-13,1169.5899658203125,1.819000005722046,12.630000114440918,1.649,-0.1700000057220458
2019-12-16,1172.530029296875,1.8919999599456787,12.140000343322754,1.612,-0.2799999599456786
2019-12-17,1167.4599609375,1.8890000581741333,12.289999961853027,1.605,-0.2840000581741333
2019-12-18,1162.780029296875,1.924000024795532,12.579999923706056,1.606,-0.3180000247955321
2019-12-19,1164.3599853515625,1.9079999923706052,12.5,1.655,-0.2529999923706054
2019-12-20,1161.06005859375,1.9170000553131104,12.510000228881836,1.673,-0.2440000553131103
2019-12-23,1159.300048828125,1.934999942779541,12.609999656677246,1.642,-0.2929999427795411
2019-12-24,1161.5699462890625,1.909999966621399,12.670000076293944,1.631,-0.2789999666213989
2019-12-25,1162.22998046875,1.909999966621399,12.670000076293944,1.631,-0.2789999666213989
2019-12-26,1159.75,1.9049999713897705,12.649999618530272,1.641,-0.2639999713897705
2019-12-27,1161.199951171875,1.8739999532699585,13.43000030517578,1.683,-0.1909999532699584
2019-12-30,1160.6800537109375,1.8949999809265137,14.81999969482422,1.683,-0.2119999809265136
2019-12-31,1156.3499755859375,1.919000029563904,13.779999732971191,1.683,-0.2360000295639037
2020-01-01,1153.75,1.919000029563904,13.779999732971191,1.683,-0.2360000295639037
2020-01-02,1153.969970703125,1.8819999694824217,12.470000267028809,1.638,-0.2439999694824219
2020-01-03,1157.1500244140625,1.787999987602234,14.020000457763672,1.555,-0.2329999876022339
2020-01-06,1165.8499755859375,1.8109999895095823,13.850000381469728,1.541,-0.2699999895095826
2020-01-07,1167.4200439453125,1.8270000219345093,13.789999961853027,1.613,-0.2140000219345093
2020-01-08,1166.4599609375,1.8739999532699585,13.449999809265137,1.63,-0.2439999532699586
2020-01-09,1161.260009765625,1.8580000400543213,12.539999961853027,1.687,-0.1710000400543212
2020-01-10,1157.81005859375,1.825000047683716,12.5600004196167,1.706,-0.1190000476837158
2020-01-13,1156.9300537109375,1.8480000495910645,12.31999969482422,1.729,-0.1190000495910643
2020-01-14,1153.93994140625,1.8179999589920044,12.390000343322754,1.716,-0.1019999589920044
2020-01-15,1157.050048828125,1.787999987602234,12.420000076293944,1.695,-0.0929999876022338
2020-01-16,1156.780029296875,1.809000015258789,12.31999969482422,1.701,-0.108000015258789
2020-01-17,1158.77001953125,1.8359999656677248,12.100000381469728,1.741,-0.0949999656677245
2020-01-20,1160.3599853515625,1.8359999656677248,12.100000381469728,1.762,-0.0739999656677246
2020-01-21,1157.5699462890625,1.7690000534057615,12.850000381469728,1.689,-0.0800000534057616
2020-01-22,1168.739990234375,1.7690000534057615,12.90999984741211,1.723,-0.0460000534057616
2020-01-23,1163.72998046875,1.7400000095367432,12.979999542236328,1.704,-0.0360000095367432
2020-01-24,1167.5999755859375,1.680999994277954,14.5600004196167,1.704,0.0230000057220458
2020-01-27,1169.1500244140625,1.6050000190734863,18.229999542236328,1.704,0.0989999809265136
2020-01-28,1176.72998046875,1.6410000324249268,16.280000686645508,1.603,-0.0380000324249267
2020-01-29,1174.280029296875,1.593999981880188,16.389999389648438,1.582,-0.0119999818801879
2020-01-30,1178.0799560546875,1.5579999685287476,15.489999771118164,1.553,-0.0049999685287476
2020-01-31,1187.1199951171875,1.5199999809265137,18.84000015258789,1.558,0.0380000190734863
2020-02-03,1194.8699951171875,1.5199999809265137,17.969999313354492,1.547,0.0270000190734862
2020-02-04,1189.3599853515625,1.6030000448226929,16.049999237060547,1.628,0.024999955177307
2020-02-05,1182.47998046875,1.64900004863739,15.149999618530272,1.601,-0.0480000486373901
2020-02-06,1183.4599609375,1.6440000534057615,14.960000038146973,1.63,-0.0140000534057618
2020-02-07,1184.25,1.5779999494552612,15.470000267028809,1.601,0.0230000505447387
2020-02-10,1191.0899658203125,1.5470000505447388,15.039999961853027,1.603,0.0559999494552612
2020-02-11,1185.6300048828125,1.590000033378601,15.18000030517578,1.602,0.011999966621399
2020-02-12,1180.719970703125,1.6299999952316284,13.739999771118164,1.613,-0.0169999952316284
2020-02-13,1177.9599609375,1.6169999837875366,14.149999618530272,1.609,-0.0079999837875366
2020-02-14,1183.469970703125,1.5880000591278076,13.68000030517578,1.653,0.0649999408721924
2020-02-17,1182.1800537109375,1.5880000591278076,13.68000030517578,1.622,0.0339999408721924
2020-02-18,1183.81005859375,1.555999994277954,14.829999923706056,1.56,0.0040000057220459
2020-02-19,1189.9300537109375,1.5700000524520874,14.380000114440918,1.559,-0.0110000524520874
2020-02-20,1191.3699951171875,1.524999976158142,15.5600004196167,1.515,-0.0099999761581421
2020-02-21,1204.4000244140625,1.4709999561309814,17.079999923706055,1.443,-0.0279999561309813
2020-02-24,1205.77001953125,1.3769999742507937,25.030000686645508,1.416,0.0390000257492064
2020-02-25,1217.6500244140625,1.3300000429153442,27.850000381469727,1.429,0.0989999570846558
2020-02-26,1214.550048828125,1.309999942779541,27.559999465942383,1.395,0.085000057220459
2020-02-27,1211.3599853515625,1.2990000247955322,39.15999984741211,1.443,0.1439999752044678
2020-02-28,1211.31005859375,1.1269999742507937,40.11000061035156,1.333,0.2060000257492065
2020-03-02,1200.0999755859375,1.0880000591278076,33.41999816894531,1.372,0.2839999408721925
2020-03-03,1188.280029296875,1.0099999904632568,36.81999969482422,1.371,0.3610000095367431
2020-03-04,1186.3399658203125,0.9919999837875366,31.989999771118164,1.299,0.3070000162124633
2020-03-05,1183.6800537109375,0.9259999990463256,39.619998931884766,1.337,0.4110000009536743
2020-03-06,1187.469970703125,0.7059999704360962,41.93999862670898,1.37,0.6640000295639039
2020-03-09,1187.699951171875,0.4990000128746032,54.459999084472656,1.286,0.7869999871253968
2020-03-10,1199.9599609375,0.7480000257492065,47.29999923706055,1.355,0.6069999742507934
2020-03-11,1184.699951171875,0.8199999928474426,53.900001525878906,1.369,0.5490000071525574
2020-03-12,1189.3900146484375,0.8489999771118164,75.47000122070312,1.387,0.5380000228881836
2020-03-13,1209.969970703125,0.9509999752044678,57.83000183105469,1.57,0.6190000247955323
2020-03-16,1210.800048828125,0.7279999852180481,82.69000244140625,1.524,0.7960000147819519
2020-03-17,1232.0400390625,0.996999979019165,75.91000366210938,1.441,0.444000020980835
2020-03-18,1237.989990234375,1.2660000324249268,76.44999694824219,1.502,0.2359999675750732
2020-03-19,1255.3499755859375,1.11899995803833,72.0,1.657,0.53800004196167
2020-03-20,1256.8800048828125,0.9380000233650208,66.04000091552734,1.611,0.6729999766349792
2020-03-23,1253.949951171875,0.7639999985694885,61.59000015258789,1.718,0.9540000014305114
2020-03-24,1262.9300537109375,0.8159999847412109,61.66999816894531,1.708,0.892000015258789
2020-03-25,1228.5999755859375,0.8579999804496765,63.95000076293945,1.647,0.7890000195503235
2020-03-26,1231.0799560546875,0.8109999895095825,61.0,1.502,0.6910000104904175
2020-03-27,1212.18994140625,0.7490000128746033,65.54000091552734,1.532,0.7829999871253968
2020-03-30,1211.6300048828125,0.6700000166893005,57.08000183105469,1.562,0.8919999833106995
2020-03-31,1222.699951171875,0.6980000138282776,53.540000915527344,1.551,0.8529999861717223
2020-04-01,1216.6600341796875,0.6349999904632568,57.060001373291016,1.545,0.9100000095367432
2020-04-02,1234.72998046875,0.6269999742507935,50.90999984741211,1.518,0.8910000257492066
2020-04-03,1226.8499755859375,0.5870000123977661,46.79999923706055,1.548,0.960999987602234
2020-04-06,1235.800048828125,0.6759999990463257,45.2400016784668,1.543,0.8670000009536742
2020-04-07,1223.0999755859375,0.7360000014305115,46.70000076293945,1.58,0.8439999985694886
2020-04-08,1215.31005859375,0.7639999985694885,43.34999847412109,1.511,0.7470000014305114
2020-04-09,1214.75,0.7289999723434448,41.66999816894531,1.438,0.7090000276565551
2020-04-10,1209.510009765625,0.7289999723434448,41.66999816894531,1.444,0.7150000276565551
2020-04-13,1211.0400390625,0.7490000128746033,41.16999816894531,1.469,0.7199999871253968
2020-04-14,1213.9000244140625,0.7519999742507935,37.7599983215332,1.464,0.7120000257492065
2020-04-15,1212.3800048828125,0.6380000114440918,40.84000015258789,1.464,0.8259999885559082
2020-04-16,1222.550048828125,0.609000027179718,40.11000061035156,1.411,0.801999972820282
2020-04-17,1226.6400146484375,0.6539999842643738,38.150001525878906,1.438,0.7840000157356262
2020-04-20,1215.260009765625,0.6259999871253967,43.83000183105469,1.444,0.8180000128746032
2020-04-21,1218.0999755859375,0.5709999799728394,45.40999984741211,1.458,0.8870000200271606
2020-04-22,1230.8499755859375,0.6190000176429749,41.97999954223633,1.532,0.9129999823570252
2020-04-23,1231.3800048828125,0.6129999756813049,41.380001068115234,1.545,0.932000024318695
2020-04-24,1232.449951171875,0.5960000157356262,35.93000030517578,1.546,0.9499999842643738
2020-04-27,1229.5,0.656000018119812,33.290000915527344,1.576,0.919999981880188
2020-04-28,1220.8699951171875,0.6100000143051147,33.56999969482422,1.56,0.9499999856948852
2020-04-29,1220.4000244140625,0.6269999742507935,31.229999542236328,1.518,0.8910000257492066
2020-04-30,1210.7900390625,0.621999979019165,34.150001525878906,1.518,0.896000020980835
2020-05-01,1212.9599609375,0.6420000195503235,37.18999862670898,1.518,0.8759999804496765
2020-05-04,1223.780029296875,0.6370000243186951,35.970001220703125,1.499,0.861999975681305
2020-05-05,1222.449951171875,0.6570000052452087,33.61000061035156,1.499,0.8419999947547914
2020-05-06,1221.25,0.7110000252723694,34.119998931884766,1.508,0.7969999747276306
2020-05-07,1228.530029296875,0.6309999823570251,31.440000534057617,1.48,0.8490000176429748
2020-05-08,1218.6300048828125,0.6819999814033508,27.979999542236328,1.426,0.7440000185966491
2020-05-11,1218.699951171875,0.7260000109672546,27.56999969482422,1.462,0.7359999890327453
2020-05-12,1222.4000244140625,0.6779999732971191,33.040000915527344,1.424,0.7460000267028808
2020-05-13,1225.6500244140625,0.6489999890327454,35.279998779296875,1.392,0.7430000109672545
2020-05-14,1226.550048828125,0.6190000176429749,32.61000061035156,1.381,0.7619999823570252
2020-05-15,1225.4599609375,0.6399999856948853,31.88999938964844,1.383,0.7430000143051148
2020-05-18,1232.0899658203125,0.7440000176429749,29.299999237060547,1.394,0.649999982357025
2020-05-19,1224.199951171875,0.7110000252723694,30.530000686645508,1.391,0.6799999747276306
2020-05-20,1224.3199462890625,0.6800000071525574,27.989999771118164,1.358,0.6779999928474427
2020-05-21,1226.550048828125,0.6769999861717224,29.530000686645508,1.342,0.6650000138282777
2020-05-22,1233.3900146484375,0.6570000052452087,28.15999984741211,1.347,0.6899999947547912
2020-05-25,1239.550048828125,0.6570000052452087,28.15999984741211,1.316,0.6589999947547913
2020-05-26,1240.02001953125,0.6980000138282776,28.01000022888184,1.328,0.6299999861717225
2020-05-27,1230.8699951171875,0.6800000071525574,27.6200008392334,1.34,0.6599999928474427
2020-05-28,1238.300048828125,0.7049999833106995,28.59000015258789,1.343,0.6380000166893005
2020-05-29,1237.97998046875,0.6480000019073486,27.51000022888184,1.374,0.7259999980926515
2020-06-01,1230.469970703125,0.6620000004768372,28.229999542236328,1.395,0.7329999995231629
2020-06-02,1222.989990234375,0.6800000071525574,26.84000015258789,1.378,0.6979999928474425
2020-06-03,1219.1400146484375,0.7609999775886536,25.65999984741211,1.426,0.6650000224113464
2020-06-04,1215.8199462890625,0.8199999928474426,25.809999465942383,1.432,0.6120000071525573
2020-06-05,1215.3800048828125,0.9039999842643738,24.520000457763672,1.452,0.5480000157356262
2020-06-08,1201.1099853515625,0.8840000033378601,25.809999465942383,1.453,0.56899999666214
2020-06-09,1195.72998046875,0.8289999961853027,27.56999969482422,1.397,0.5680000038146973
2020-06-10,1197.300048828125,0.7480000257492065,27.56999969482422,1.398,0.6499999742507934
2020-06-11,1189.739990234375,0.652999997138977,40.790000915527344,1.383,0.730000002861023
2020-06-12,1204.760009765625,0.6990000009536743,36.09000015258789,1.388,0.6889999990463256
2020-06-15,1202.6099853515625,0.7020000219345093,34.400001525878906,1.424,0.7219999780654907
2020-06-16,1206.9000244140625,0.7559999823570251,33.66999816894531,1.402,0.6460000176429748
2020-06-17,1211.1500244140625,0.7329999804496765,33.470001220703125,1.409,0.6760000195503235
2020-06-18,1214.3499755859375,0.6940000057220459,32.939998626708984,1.37,0.6759999942779542
2020-06-19,1211.3599853515625,0.6970000267028809,35.119998931884766,1.38,0.682999973297119
2020-06-22,1210.8900146484375,0.7039999961853027,31.770000457763672,1.39,0.6860000038146972
2020-06-23,1208.0,0.7089999914169312,31.3700008392334,1.385,0.6760000085830689
2020-06-24,1207.949951171875,0.6840000152587891,33.84000015258789,1.363,0.6789999847412109
2020-06-25,1205.25,0.6740000247955322,32.220001220703125,1.344,0.6699999752044679
2020-06-26,1201.52001953125,0.6359999775886536,34.72999954223633,1.327,0.6910000224113464
2020-06-29,1202.6300048828125,0.6359999775886536,31.780000686645508,1.365,0.7290000224113464
2020-06-30,1198.489990234375,0.652999997138977,30.43000030517578,1.373,0.720000002861023
2020-07-01,1198.3900146484375,0.6819999814033508,28.6200008392334,1.402,0.7200000185966491
2020-07-02,1200.699951171875,0.6690000295639038,27.68000030517578,1.377,0.7079999704360962
2020-07-03,1198.1700439453125,0.6690000295639038,27.68000030517578,1.387,0.7179999704360962
2020-07-06,1198.5,0.6840000152587891,27.940000534057617,1.41,0.7259999847412109
2020-07-07,1190.9300537109375,0.6499999761581421,29.43000030517578,1.388,0.7380000238418578
2020-07-08,1195.699951171875,0.652999997138977,28.07999992370605,1.377,0.724000002861023
2020-07-09,1192.02001953125,0.6050000190734863,29.26000022888184,1.391,0.7859999809265137
2020-07-10,1195.77001953125,0.6330000162124634,27.290000915527344,1.397,0.7639999837875366
2020-07-13,1199.52001953125,0.6399999856948853,32.189998626708984,1.42,0.7800000143051147
2020-07-14,1203.780029296875,0.6150000095367432,29.520000457763672,1.418,0.8029999904632568
2020-07-15,1203.97998046875,0.6299999952316284,27.76000022888184,1.414,0.7840000047683715
2020-07-16,1200.469970703125,0.6119999885559082,28.0,1.378,0.7660000114440917
2020-07-17,1204.22998046875,0.628000020980835,25.68000030517578,1.348,0.7199999790191651
2020-07-20,1202.530029296875,0.6200000047683716,24.459999084472656,1.334,0.7139999952316285
2020-07-21,1200.030029296875,0.6069999933242798,24.84000015258789,1.356,0.7490000066757203
2020-07-22,1192.739990234375,0.5950000286102295,24.31999969482422,1.346,0.7509999713897706
2020-07-23,1197.22998046875,0.5820000171661377,26.07999992370605,1.318,0.7359999828338624
2020-07-24,1200.93994140625,0.5889999866485596,25.84000015258789,1.305,0.7160000133514404
2020-07-27,1200.489990234375,0.609000027179718,24.739999771118164,1.304,0.694999972820282
2020-07-28,1195.9200439453125,0.5809999704360962,25.440000534057617,1.329,0.7480000295639038
2020-07-29,1199.3699951171875,0.5789999961853027,24.100000381469727,1.309,0.7300000038146972
2020-07-30,1190.72998046875,0.5410000085830688,24.76000022888184,1.281,0.7399999914169311
2020-07-31,1189.56005859375,0.5360000133514404,24.459999084472656,1.296,0.7599999866485596
2020-08-03,1193.3900146484375,0.5630000233650208,24.280000686645508,1.306,0.7429999766349793
2020-08-04,1191.760009765625,0.5149999856948853,23.76000022888184,1.306,0.7910000143051148
2020-08-05,1192.25,0.5429999828338623,22.989999771118164,1.293,0.7500000171661376
2020-08-06,1185.1800537109375,0.5360000133514404,22.649999618530277,1.306,0.7699999866485596
2020-08-07,1183.1700439453125,0.5619999766349792,22.209999084472656,1.319,0.7570000233650207
2020-08-10,1188.1500244140625,0.5740000009536743,22.1299991607666,1.363,0.7889999990463257
2020-08-11,1185.18994140625,0.6579999923706055,24.030000686645508,1.345,0.6870000076293945
2020-08-12,1184.97998046875,0.6700000166893005,22.280000686645508,1.373,0.7029999833106995
2020-08-13,1182.75,0.7160000205039978,22.1299991607666,1.362,0.6459999794960023
2020-08-14,1184.1199951171875,0.7089999914169312,22.049999237060547,1.396,0.6870000085830688
2020-08-17,1186.0400390625,0.6830000281333923,21.350000381469727,1.396,0.7129999718666076
2020-08-18,1183.0999755859375,0.6690000295639038,21.51000022888184,1.357,0.6879999704360962
2020-08-19,1183.6400146484375,0.675000011920929,22.540000915527344,1.347,0.671999988079071
2020-08-20,1181.2099609375,0.6439999938011169,22.71999931335449,1.379,0.7350000061988831
2020-08-21,1184.2900390625,0.6399999856948853,22.540000915527344,1.41,0.7700000143051147
2020-08-24,1191.199951171875,0.6460000276565552,22.3700008392334,1.378,0.7319999723434447
2020-08-25,1188.25,0.6819999814033508,22.030000686645508,1.387,0.7050000185966492
2020-08-26,1186.4599609375,0.6869999766349792,23.270000457763672,1.404,0.7170000233650207
2020-08-27,1183.8499755859375,0.7459999918937683,24.46999931335449,1.421,0.6750000081062317
2020-08-28,1186.5799560546875,0.7289999723434448,22.959999084472656,1.486,0.7570000276565552
2020-08-31,1179.5899658203125,0.6930000185966492,26.40999984741211,1.516,0.8229999814033508
2020-09-01,1187.0400390625,0.671999990940094,26.1200008392334,1.582,0.910000009059906
2020-09-02,1184.9200439453125,0.6510000228881836,26.56999969482422,1.539,0.8879999771118163
2020-09-03,1188.6500244140625,0.621999979019165,33.599998474121094,1.524,0.902000020980835
2020-09-04,1190.780029296875,0.7210000157356262,30.75,1.527,0.8059999842643737
2020-09-07,1186.4200439453125,0.7210000157356262,30.75,1.572,0.8509999842643738
2020-09-08,1186.81005859375,0.6840000152587891,31.459999084472656,1.555,0.8709999847412109
2020-09-09,1189.239990234375,0.703000009059906,28.809999465942383,1.518,0.814999990940094
2020-09-10,1184.3800048828125,0.6850000023841858,29.709999084472656,1.517,0.8319999976158141
2020-09-11,1187.22998046875,0.6690000295639038,26.8700008392334,1.53,0.8609999704360962
2020-09-14,1186.969970703125,0.6710000038146973,25.850000381469727,1.517,0.8459999961853026
2020-09-15,1180.8399658203125,0.6790000200271606,25.59000015258789,1.503,0.8239999799728392
2020-09-16,1179.25,0.6869999766349792,26.040000915527344,1.485,0.7980000233650208
2020-09-17,1172.0699462890625,0.6840000152587891,26.459999084472656,1.508,0.823999984741211
2020-09-18,1168.6500244140625,0.6940000057220459,25.82999992370605,1.503,0.808999994277954
2020-09-21,1163.989990234375,0.6710000038146973,27.780000686645508,1.493,0.8219999961853028
2020-09-22,1163.8499755859375,0.6639999747276306,26.86000061035156,1.472,0.8080000252723694
2020-09-23,1162.5,0.6759999990463257,28.57999992370605,1.447,0.7710000009536744
2020-09-24,1169.72998046875,0.6660000085830688,28.51000022888184,1.437,0.7709999914169312
2020-09-25,1168.5,0.6589999794960022,26.3799991607666,1.424,0.7650000205039977
2020-09-28,1173.43994140625,0.6629999876022339,26.190000534057617,1.426,0.763000012397766
2020-09-29,1166.4100341796875,0.6449999809265137,26.270000457763672,1.43,0.7850000190734863
2020-09-30,1167.8599853515625,0.6769999861717224,26.3700008392334,1.43,0.7530000138282775
2020-10-01,1163.780029296875,0.6769999861717224,26.700000762939453,1.43,0.7530000138282775
2020-10-02,1161.97998046875,0.6959999799728394,27.6299991607666,1.43,0.7340000200271606
2020-10-05,1165.3599853515625,0.7620000243186951,27.959999084472656,1.479,0.716999975681305
2020-10-06,1156.0899658203125,0.7419999837875366,29.479999542236328,1.531,0.7890000162124633
2020-10-07,1163.8900146484375,0.7850000262260437,28.059999465942383,1.533,0.7479999737739562
2020-10-08,1156.5,0.7649999856948853,26.36000061035156,1.543,0.7780000143051147
2020-10-09,1150.3599853515625,0.7749999761581421,25.0,1.543,0.7680000238418578
2020-10-12,1142.6500244140625,0.7770000100135803,25.06999969482422,1.553,0.7759999899864196
2020-10-13,1146.4000244140625,0.7269999980926514,26.06999969482422,1.527,0.8000000019073485
2020-10-14,1147.8900146484375,0.722000002861023,26.399999618530277,1.513,0.790999997138977
2020-10-15,1146.31005859375,0.7310000061988831,26.96999931335449,1.478,0.7469999938011169
2020-10-16,1144.1300048828125,0.7440000176429749,27.40999984741211,1.493,0.7489999823570253
2020-10-19,1141.1800537109375,0.7609999775886536,29.18000030517578,1.441,0.6800000224113465
2020-10-20,1137.0,0.796999990940094,29.350000381469727,1.462,0.665000009059906
2020-10-21,1136.0,0.8159999847412109,28.649999618530277,1.522,0.7060000152587891
2020-10-22,1132.030029296875,0.8479999899864197,28.11000061035156,1.507,0.6590000100135802
2020-10-23,1134.1500244140625,0.8410000205039978,27.549999237060547,1.495,0.6539999794960023
2020-10-26,1127.760009765625,0.8009999990463257,32.459999084472656,1.482,0.6810000009536743
2020-10-27,1131.6400146484375,0.777999997138977,33.349998474121094,1.503,0.7250000028610228
2020-10-28,1128.22998046875,0.781000018119812,40.27999877929688,1.497,0.7159999818801881
2020-10-29,1134.1800537109375,0.8349999785423279,37.59000015258789,1.527,0.692000021457672
2020-10-30,1129.52001953125,0.8600000143051147,38.02000045776367,1.546,0.6859999856948853
2020-11-02,1135.6099853515625,0.8489999771118164,37.130001068115234,1.602,0.7530000228881837
2020-11-03,1132.1400146484375,0.8820000290870667,35.54999923706055,1.607,0.7249999709129333
2020-11-04,1130.3299560546875,0.7680000066757202,29.56999969482422,1.569,0.8009999933242797
2020-11-05,1129.739990234375,0.7760000228881836,27.57999992370605,1.527,0.7509999771118163
2020-11-06,1122.6300048828125,0.8199999928474426,24.86000061035156,1.559,0.7390000071525573
2020-11-09,1121.1500244140625,0.9580000042915344,25.75,1.568,0.6099999957084656
2020-11-10,1118.68994140625,0.972000002861023,24.799999237060547,1.624,0.6519999971389772
2020-11-11,1116.0799560546875,0.9580000042915344,23.450000762939453,1.662,0.7039999957084655
2020-11-12,1111.449951171875,0.8849999904632568,25.350000381469727,1.65,0.7650000095367431
2020-11-13,1114.9100341796875,0.8930000066757202,23.100000381469727,1.627,0.7339999933242798
2020-11-16,1107.760009765625,0.906000018119812,22.450000762939453,1.623,0.716999981880188
2020-11-17,1106.0899658203125,0.871999979019165,22.709999084472656,1.62,0.7480000209808351
2020-11-18,1104.949951171875,0.8820000290870667,23.84000015258789,1.602,0.7199999709129334
2020-11-19,1105.9000244140625,0.8539999723434448,23.11000061035156,1.608,0.7540000276565553
2020-11-20,1114.1400146484375,0.8289999961853027,23.700000762939453,1.607,0.7780000038146972
2020-11-23,1113.8299560546875,0.8569999933242798,22.65999984741211,1.581,0.7240000066757202
2020-11-24,1113.0799560546875,0.8820000290870667,21.63999938964844,1.598,0.7159999709129334
2020-11-25,1109.7099609375,0.878000020980835,21.25,1.629,0.750999979019165
2020-11-26,1104.489990234375,0.878000020980835,21.25,1.655,0.7769999790191651
2020-11-27,1105.56005859375,0.8420000076293945,20.84000015258789,1.641,0.7989999923706055
2020-11-30,1104.3299560546875,0.843999981880188,20.56999969482422,1.659,0.815000018119812
2020-12-01,1108.510009765625,0.9340000152587892,20.770000457763672,1.649,0.714999984741211
2020-12-02,1106.280029296875,0.9480000138282776,21.170000076293945,1.675,0.7269999861717225
2020-12-03,1099.3800048828125,0.9200000166893004,21.280000686645508,1.669,0.7489999833106995
2020-12-04,1091.3199462890625,0.968999981880188,20.790000915527344,1.655,0.686000018119812
2020-12-07,1083.780029296875,0.9279999732971193,21.299999237060547,1.646,0.7180000267028808
2020-12-08,1083.6800537109375,0.912999987602234,20.68000030517578,1.642,0.729000012397766
2020-12-09,1084.8599853515625,0.9409999847412108,22.270000457763672,1.656,0.715000015258789
2020-12-10,1086.3599853515625,0.9079999923706056,22.520000457763672,1.655,0.7470000076293946
2020-12-11,1086.3699951171875,0.8930000066757202,23.309999465942383,1.661,0.7679999933242798
2020-12-14,1091.5799560546875,0.8920000195503235,24.71999931335449,1.67,0.7779999804496764
2020-12-15,1092.06005859375,0.9229999780654908,22.88999938964844,1.671,0.7480000219345093
2020-12-16,1088.2099609375,0.9200000166893004,22.5,1.692,0.7719999833106994
2020-12-17,1091.6500244140625,0.9300000071525574,21.93000030517578,1.732,0.8019999928474426
2020-12-18,1092.1600341796875,0.9480000138282776,21.56999969482422,1.708,0.7599999861717224
2020-12-21,1098.97998046875,0.9409999847412108,25.15999984741211,1.679,0.7380000152587891
2020-12-22,1101.8599853515625,0.9179999828338624,24.229999542236328,1.657,0.7390000171661377
2020-12-23,1107.97998046875,0.9549999833106996,23.309999465942383,1.64,0.6850000166893004
2020-12-24,1104.800048828125,0.9279999732971193,21.530000686645508,1.682,0.7540000267028808
2020-12-25,1099.9100341796875,0.9279999732971193,21.530000686645508,1.682,0.7540000267028808
2020-12-28,1099.0899658203125,0.9330000281333924,21.700000762939453,1.681,0.7479999718666077
2020-12-29,1095.0,0.9350000023841858,23.07999992370605,1.698,0.7629999976158142
2020-12-30,1092.6199951171875,0.9259999990463256,22.770000457763672,1.713,0.7870000009536744
2020-12-31,1086.4200439453125,0.9169999957084656,22.75,1.713,0.7960000042915345
2021-01-01,1084.6500244140625,0.9169999957084656,22.75,1.713,0.7960000042915345
2021-01-04,1084.72998046875,0.9169999957084656,26.96999931335449,1.723,0.8060000042915345
2021-01-05,1086.6199951171875,0.9549999833106996,25.34000015258789,1.691,0.7360000166893006
2021-01-06,1086.449951171875,1.0420000553131104,25.06999969482422,1.731,0.6889999446868897
2021-01-07,1086.949951171875,1.0709999799728394,22.3700008392334,1.724,0.6530000200271606
2021-01-08,1093.0699462890625,1.1050000190734863,21.559999465942383,1.729,0.6239999809265138
2021-01-11,1092.8199462890625,1.131999969482422,24.07999992370605,1.692,0.5600000305175781
2021-01-12,1096.449951171875,1.1380000114440918,23.32999992370605,1.718,0.5799999885559082
2021-01-13,1093.5400390625,1.0880000591278076,22.209999084472656,1.719,0.6309999408721925
2021-01-14,1097.1099853515625,1.128999948501587,23.25,1.734,0.6050000514984131
2021-01-15,1094.9000244140625,1.097000002861023,24.34000015258789,1.731,0.6339999971389771
2021-01-18,1102.9599609375,1.097000002861023,24.34000015258789,1.714,0.616999997138977
2021-01-19,1103.0999755859375,1.0920000076293943,23.239999771118164,1.711,0.6189999923706055
2021-01-20,1100.989990234375,1.090000033378601,21.57999992370605,1.703,0.612999966621399
2021-01-21,1096.25,1.1089999675750732,21.31999969482422,1.706,0.5970000324249267
2021-01-22,1099.9000244140625,1.090999960899353,21.90999984741211,1.758,0.667000039100647
2021-01-25,1104.6400146484375,1.0399999618530271,23.190000534057617,1.78,0.7400000381469727
2021-01-26,1101.72998046875,1.0399999618530271,23.020000457763672,1.77,0.7300000381469727
2021-01-27,1101.0,1.0140000581741333,37.209999084472656,1.757,0.7429999418258666
2021-01-28,1107.5,1.0570000410079956,30.209999084472656,1.764,0.7069999589920044
2021-01-29,1112.2900390625,1.093000054359436,33.09000015258789,1.768,0.674999945640564
2021-02-01,1117.4300537109375,1.0770000219345093,30.239999771118164,1.803,0.7259999780654907
2021-02-02,1116.8800048828125,1.1050000190734863,25.559999465942383,1.758,0.6529999809265137
2021-02-03,1113.6099853515625,1.13100004196167,22.90999984741211,1.768,0.6369999580383301
2021-02-04,1113.1500244140625,1.1390000581741333,21.770000457763672,1.793,0.6539999418258666
2021-02-05,1119.1300048828125,1.1699999570846558,20.8700008392334,1.791,0.6210000429153442
2021-02-08,1116.8499755859375,1.159999966621399,21.239999771118164,1.822,0.6620000333786011
2021-02-09,1116.3299560546875,1.156999945640564,21.6299991607666,1.813,0.656000054359436
2021-02-10,1110.0,1.1330000162124634,21.989999771118164,1.831,0.6979999837875366
2021-02-11,1103.97998046875,1.1579999923706057,21.25,1.831,0.6730000076293945
2021-02-12,1102.219970703125,1.2000000476837158,19.96999931335449,1.831,0.6309999523162841
2021-02-15,1103.3699951171875,1.2000000476837158,19.96999931335449,1.871,0.6709999523162842
2021-02-16,1102.239990234375,1.2990000247955322,21.459999084472656,1.85,0.5509999752044679
2021-02-17,1106.4599609375,1.3009999990463257,21.5,1.862,0.5610000009536744
2021-02-18,1104.550048828125,1.2869999408721924,22.489999771118164,1.854,0.5670000591278077
2021-02-19,1106.219970703125,1.3450000286102295,22.049999237060547,1.875,0.5299999713897705
2021-02-22,1103.93994140625,1.3700000047683716,23.450000762939453,1.922,0.5519999952316283
2021-02-23,1110.6700439453125,1.3619999885559082,23.11000061035156,1.906,0.5440000114440917
2021-02-24,1109.31005859375,1.3890000581741333,21.34000015258789,1.851,0.4619999418258667
2021-02-25,1107.2099609375,1.5180000066757202,28.88999938964844,1.884,0.3659999933242797
2021-02-26,1119.1300048828125,1.4600000381469729,27.950000762939453,1.96,0.4999999618530273
2021-03-01,1123.3699951171875,1.4459999799728394,23.350000381469727,1.96,0.5140000200271606
2021-03-02,1101.8299560546875,1.4149999618530271,24.100000381469727,1.966,0.5510000381469726
2021-03-03,1124.3299560546875,1.4700000286102295,26.670000076293945,1.951,0.4809999713897706
2021-03-04,1129.5,1.5499999523162842,28.56999969482422,1.972,0.4220000476837158
2021-03-05,1133.3499755859375,1.5540000200271606,24.65999984741211,1.992,0.4379999799728393
2021-03-08,1127.489990234375,1.5959999561309814,25.46999931335449,2.028,0.4320000438690186
2021-03-09,1140.22998046875,1.5460000038146973,24.030000686645508,2.034,0.4879999961853025
2021-03-10,1134.9100341796875,1.5199999809265137,22.559999465942383,2.036,0.5160000190734864
2021-03-11,1136.010009765625,1.5269999504089355,21.90999984741211,2.027,0.5000000495910646
2021-03-12,1129.6400146484375,1.6349999904632568,20.690000534057617,2.092,0.4570000095367432
2021-03-15,1134.5,1.6069999933242798,20.030000686645508,2.152,0.5450000066757203
2021-03-16,1131.3900146484375,1.621000051498413,19.790000915527344,2.098,0.4769999485015868
2021-03-17,1129.8399658203125,1.6410000324249268,19.229999542236328,2.134,0.4929999675750731
2021-03-18,1121.1300048828125,1.7300000190734863,21.57999992370605,2.15,0.4199999809265136
2021-03-19,1126.1099853515625,1.7319999933242798,20.950000762939453,2.099,0.3670000066757204
2021-03-22,1127.47998046875,1.684000015258789,18.8799991607666,2.057,0.3729999847412109
2021-03-23,1125.1199951171875,1.6380000114440918,20.299999237060547,2.032,0.3939999885559082
2021-03-24,1133.199951171875,1.6139999628067017,21.200000762939453,1.992,0.3780000371932983
2021-03-25,1134.47998046875,1.6139999628067017,19.809999465942383,1.967,0.3530000371932984
2021-03-26,1134.2099609375,1.659999966621399,18.86000061035156,2.005,0.3450000333786009
2021-03-29,1127.9599609375,1.7209999561309814,20.739999771118164,1.98,0.2590000438690185
2021-03-30,1131.6500244140625,1.72599995136261,19.61000061035156,2.063,0.3370000486373903
2021-03-31,1132.3199462890625,1.746000051498413,19.399999618530277,2.057,0.3109999485015868
2021-04-01,1127.199951171875,1.6790000200271606,17.329999923706055,2.023,0.3439999799728395
2021-04-02,1128.06005859375,1.6790000200271606,17.329999923706055,2.049,0.3699999799728393
2021-04-05,1128.7900390625,1.7200000286102295,17.90999984741211,2.094,0.3739999713897703
2021-04-06,1124.1099853515625,1.656000018119812,18.1200008392334,2.069,0.4129999818801879
2021-04-07,1117.5,1.652999997138977,17.15999984741211,2.064,0.411000002861023
2021-04-08,1117.8599853515625,1.631999969482422,16.950000762939453,2.012,0.3800000305175781
2021-04-09,1115.8399658203125,1.6660000085830688,16.690000534057617,2.029,0.362999991416931
2021-04-12,1122.06005859375,1.6749999523162842,16.90999984741211,2.003,0.3280000476837159
2021-04-13,1124.449951171875,1.6230000257492063,16.649999618530273,2.027,0.4039999742507936
2021-04-14,1120.68994140625,1.6380000114440918,16.989999771118164,1.99,0.3519999885559082
2021-04-15,1116.1099853515625,1.5299999713897705,16.56999969482422,2.02,0.4900000286102295
2021-04-16,1115.6700439453125,1.5729999542236328,16.25,2.023,0.4500000457763673
2021-04-19,1115.6500244140625,1.60099995136261,17.290000915527344,1.981,0.3800000486373902
2021-04-20,1114.469970703125,1.562000036239624,18.68000030517578,2.003,0.4409999637603761
2021-04-21,1116.1099853515625,1.5640000104904177,17.5,2.005,0.4409999895095824
2021-04-22,1115.6600341796875,1.5540000200271606,18.709999084472656,1.989,0.4349999799728394
2021-04-23,1118.5899658203125,1.5670000314712524,17.329999923706055,2.043,0.4759999685287477
2021-04-26,1114.1300048828125,1.5700000524520874,17.639999389648438,2.089,0.5189999475479126
2021-04-27,1109.22998046875,1.621999979019165,17.559999465942383,2.071,0.4490000209808351
2021-04-28,1112.1500244140625,1.6200000047683716,17.280000686645508,2.082,0.4619999952316282
2021-04-29,1108.6600341796875,1.6399999856948853,17.610000610351562,2.098,0.4580000143051146
2021-04-30,1106.6300048828125,1.63100004196167,18.61000061035156,2.128,0.4969999580383302
2021-05-03,1116.760009765625,1.6069999933242798,18.309999465942383,2.124,0.5170000066757203
2021-05-04,1120.4000244140625,1.5920000076293943,19.479999542236328,2.13,0.5379999923706054
2021-05-05,1124.9100341796875,1.5839999914169312,19.149999618530277,2.13,0.5460000085830687
2021-05-06,1123.989990234375,1.5609999895095823,18.38999938964844,2.102,0.5410000104904173
2021-05-07,1119.3900146484375,1.5770000219345093,16.690000534057617,2.123,0.5459999780654909
2021-05-10,1111.969970703125,1.6019999980926514,19.65999984741211,2.134,0.5320000019073485
2021-05-11,1115.5400390625,1.6239999532699585,21.84000015258789,2.139,0.5150000467300413
2021-05-12,1118.22998046875,1.6950000524520874,27.59000015258789,2.125,0.4299999475479126
2021-05-13,1131.5999755859375,1.6679999828338623,23.1299991607666,2.156,0.4880000171661378
2021-05-14,1125.699951171875,1.6349999904632568,18.809999465942383,2.158,0.5230000095367431
2021-05-17,1125.530029296875,1.6399999856948853,19.71999931335449,2.117,0.4770000143051147
2021-05-18,1135.510009765625,1.6419999599456787,21.34000015258789,2.118,0.4760000400543211
2021-05-19,1127.1400146484375,1.6829999685287476,22.18000030517578,2.118,0.4350000314712523
2021-05-20,1130.3699951171875,1.633999943733215,20.670000076293945,2.135,0.5010000562667845
2021-05-21,1127.050048828125,1.631999969482422,20.149999618530277,2.123,0.4910000305175783
2021-05-24,1126.7900390625,1.6080000400543213,18.399999618530277,2.12,0.5119999599456788
2021-05-25,1122.18994140625,1.5640000104904177,18.84000015258789,2.129,0.5649999895095825
2021-05-26,1121.3800048828125,1.5740000009536743,17.360000610351562,2.128,0.5539999990463258
2021-05-27,1115.52001953125,1.6100000143051147,16.739999771118164,2.111,0.5009999856948855
2021-05-28,1117.300048828125,1.5809999704360962,16.760000228881836,2.132,0.5510000295639039
2021-05-31,1112.8499755859375,1.5809999704360962,16.760000228881836,2.179,0.5980000295639036
2021-06-01,1106.97998046875,1.6150000095367432,17.899999618530273,2.186,0.5709999904632568
2021-06-02,1107.2099609375,1.590999960899353,17.479999542236328,2.202,0.6110000391006469
2021-06-03,1109.8800048828125,1.625,18.040000915527344,2.195,0.5699999999999998
2021-06-04,1115.43994140625,1.559999942779541,16.420000076293945,2.173,0.613000057220459
2021-06-07,1109.6800537109375,1.569000005722046,16.420000076293945,2.156,0.5869999942779542
2021-06-08,1109.3199462890625,1.527999997138977,17.06999969482422,2.116,0.588000002861023
2021-06-09,1116.8900146484375,1.4889999628067017,17.889999389648438,2.103,0.6140000371932985
2021-06-10,1116.4100341796875,1.4589999914169312,16.100000381469727,2.085,0.6260000085830688
2021-06-11,1111.260009765625,1.462000012397766,15.649999618530272,2.101,0.6389999876022339
2021-06-14,1115.550048828125,1.5010000467300415,16.389999389648438,2.096,0.5949999532699586
2021-06-15,1116.3199462890625,1.4989999532699585,17.020000457763672,2.071,0.5720000467300417
2021-06-16,1116.030029296875,1.569000005722046,18.149999618530277,2.07,0.5009999942779539
2021-06-17,1131.949951171875,1.5110000371932983,17.75,2.079,0.5679999628067018
2021-06-18,1133.5400390625,1.4500000476837158,20.700000762939453,2.041,0.5909999523162841
2021-06-21,1134.25,1.4839999675750732,17.889999389648438,2.006,0.5220000324249265
2021-06-22,1130.3399658203125,1.472000002861023,16.65999984741211,2.05,0.5779999971389769
2021-06-23,1132.510009765625,1.4869999885559082,16.31999969482422,2.041,0.5540000114440917
2021-06-24,1132.6099853515625,1.4869999885559082,15.970000267028809,2.06,0.5730000114440919
2021-06-25,1130.800048828125,1.5360000133514404,15.619999885559082,2.1,0.5639999866485597
2021-06-28,1125.3399658203125,1.4780000448226929,15.760000228881836,2.137,0.6589999551773071
2021-06-29,1129.0400390625,1.4800000190734863,16.020000457763672,2.109,0.6289999809265137
2021-06-30,1130.510009765625,1.4429999589920044,15.829999923706056,2.092,0.6490000410079957
2021-07-01,1129.5999755859375,1.4800000190734863,15.479999542236328,2.09,0.6099999809265135
2021-07-02,1132.4100341796875,1.430999994277954,15.06999969482422,2.101,0.6700000057220459
2021-07-05,1129.77001953125,1.430999994277954,15.06999969482422,2.089,0.6580000057220459
2021-07-06,1129.43994140625,1.3700000047683716,16.440000534057617,2.119,0.7489999952316286
2021-07-07,1135.47998046875,1.3209999799728394,16.200000762939453,2.039,0.7180000200271608
2021-07-08,1140.52001953125,1.287999987602234,19.0,2.002,0.7140000123977659
2021-07-09,1146.280029296875,1.3559999465942385,16.18000030517578,2.033,0.6770000534057616
2021-07-12,1144.31005859375,1.3630000352859497,16.170000076293945,2.022,0.6589999647140501
2021-07-13,1141.0999755859375,1.4149999618530271,17.1200008392334,2.035,0.6200000381469728
2021-07-14,1148.699951171875,1.3559999465942385,16.329999923706055,2.008,0.6520000534057617
2021-07-15,1143.4100341796875,1.2970000505447388,17.010000228881836,2.024,0.7269999494552613
2021-07-16,1140.1199951171875,1.2999999523162842,18.450000762939453,2.008,0.7080000476837158
2021-07-19,1141.5,1.180999994277954,22.5,1.972,0.7910000057220459
2021-07-20,1150.0699462890625,1.2089999914169312,19.729999542236328,1.893,0.6840000085830689
2021-07-21,1147.47998046875,1.2799999713897705,17.90999984741211,1.878,0.5980000286102294
2021-07-22,1148.68994140625,1.2649999856948853,17.690000534057617,1.921,0.6560000143051148
2021-07-23,1149.9100341796875,1.2860000133514404,17.200000762939453,1.888,0.6019999866485595
2021-07-26,1151.1199951171875,1.2760000228881836,17.579999923706055,1.863,0.5869999771118164
2021-07-27,1151.760009765625,1.2339999675750732,19.36000061035156,1.868,0.6340000324249269
2021-07-28,1153.56005859375,1.2610000371932983,18.309999465942383,1.862,0.6009999628067018
2021-07-29,1149.4100341796875,1.2690000534057615,17.700000762939453,1.889,0.6199999465942383
2021-07-30,1142.1199951171875,1.2389999628067017,18.239999771118164,1.874,0.6350000371932984
2021-08-02,1150.9300537109375,1.1740000247955322,19.459999084472656,1.907,0.7329999752044678
2021-08-03,1149.56005859375,1.1759999990463257,18.040000915527344,1.89,0.7140000009536742
2021-08-04,1148.5799560546875,1.184000015258789,17.969999313354492,1.866,0.681999984741211
2021-08-05,1144.06005859375,1.2170000076293943,17.280000686645508,1.878,0.6609999923706054
2021-08-06,1143.1199951171875,1.2899999618530271,16.149999618530273,1.9,0.6100000381469726
2021-08-09,1144.9200439453125,1.3170000314712524,16.719999313354492,1.914,0.5969999685287475
2021-08-10,1145.8900146484375,1.3420000076293943,16.790000915527344,1.916,0.5739999923706054
2021-08-11,1152.47998046875,1.3289999961853027,16.170000076293945,1.934,0.6050000038146972
2021-08-12,1152.8499755859375,1.3669999837875366,15.59000015258789,1.922,0.5550000162124633
2021-08-13,1162.06005859375,1.2970000505447388,15.449999809265137,1.924,0.6269999494552612
2021-08-16,1161.3800048828125,1.256999969482422,16.1200008392334,1.924,0.6670000305175781
2021-08-17,1164.5,1.2580000162124634,17.90999984741211,1.886,0.6279999837875365
2021-08-18,1176.449951171875,1.2730000019073486,21.56999969482422,1.881,0.6079999980926514
2021-08-19,1169.6800537109375,1.2419999837875366,21.670000076293945,1.868,0.6260000162124635
2021-08-20,1175.3900146484375,1.2599999904632568,18.559999465942383,1.853,0.5930000095367431
2021-08-23,1174.239990234375,1.2549999952316284,17.149999618530273,1.889,0.6340000047683716
2021-08-24,1167.6099853515625,1.2899999618530271,17.219999313354492,1.939,0.6490000381469727
2021-08-25,1163.469970703125,1.3420000076293943,16.790000915527344,1.936,0.5939999923706054
2021-08-26,1163.3299560546875,1.3420000076293943,18.84000015258789,1.928,0.5859999923706054
2021-08-27,1170.0,1.312000036239624,16.389999389648438,1.939,0.626999963760376
2021-08-30,1161.3299560546875,1.284999966621399,16.190000534057617,1.913,0.6280000333786011
2021-08-31,1165.510009765625,1.3040000200271606,16.479999542236328,1.912,0.6079999799728393
2021-09-01,1158.4100341796875,1.3020000457763672,16.110000610351562,1.942,0.6399999542236328
2021-09-02,1155.280029296875,1.2940000295639038,16.40999984741211,1.941,0.6469999704360963
2021-09-03,1157.1300048828125,1.3220000267028809,16.40999984741211,1.943,0.6209999732971192
2021-09-06,1154.75,1.3220000267028809,16.40999984741211,1.97,0.6479999732971191
2021-09-07,1155.5400390625,1.3700000047683716,18.13999938964844,1.975,0.6049999952316285
2021-09-08,1161.0,1.3339999914169312,17.959999084472656,2.016,0.6820000085830689
2021-09-09,1166.489990234375,1.2990000247955322,18.799999237060547,2.0,0.7009999752044678
2021-09-10,1169.1300048828125,1.340999960899353,20.950000762939453,2.006,0.6650000391006468
2021-09-13,1169.3800048828125,1.3240000009536743,19.3700008392334,2.037,0.7129999990463256
2021-09-14,1171.1099853515625,1.2769999504089355,19.459999084472656,2.06,0.7830000495910645
2021-09-15,1170.800048828125,1.3040000200271606,18.18000030517578,2.025,0.7209999799728393
2021-09-16,1165.219970703125,1.3309999704360962,18.690000534057617,2.043,0.712000029563904
2021-09-17,1174.4200439453125,1.3700000047683716,20.809999465942383,2.068,0.6979999952316285
2021-09-20,1181.1099853515625,1.309000015258789,25.709999084472656,2.068,0.758999984741211
2021-09-21,1186.3199462890625,1.3240000009536743,24.36000061035156,2.068,0.7439999990463257
2021-09-22,1182.9200439453125,1.3359999656677246,20.8700008392334,2.068,0.7320000343322755
2021-09-23,1181.030029296875,1.409999966621399,18.6299991607666,2.099,0.6890000333786013
2021-09-24,1174.699951171875,1.4600000381469729,17.75,2.152,0.6919999618530275
2021-09-27,1179.199951171875,1.4839999675750732,18.76000022888184,2.168,0.6840000324249269
2021-09-28,1176.9599609375,1.534000039100647,23.25,2.256,0.7219999608993528
2021-09-29,1186.8900146484375,1.5410000085830688,22.559999465942383,2.223,0.681999991416931
2021-09-30,1187.4300537109375,1.5290000438690186,23.13999938964844,2.237,0.7079999561309815
2021-10-01,1183.719970703125,1.4789999723434448,21.100000381469727,2.258,0.7790000276565552
2021-10-04,1180.0,1.4809999465942385,22.959999084472656,2.258,0.7770000534057617
2021-10-05,1183.780029296875,1.5290000438690186,21.299999237060547,2.291,0.7619999561309814
2021-10-06,1187.1700439453125,1.52400004863739,21.0,2.399,0.8749999513626099
2021-10-07,1191.3800048828125,1.5709999799728394,19.540000915527344,2.387,0.8160000200271607
2021-10-08,1191.1500244140625,1.6050000190734863,18.770000457763672,2.374,0.7689999809265138
2021-10-11,1195.5799560546875,1.6139999628067017,20.0,2.374,0.7600000371932984
2021-10-12,1195.800048828125,1.5800000429153442,19.850000381469727,2.447,0.8669999570846558
2021-10-13,1196.8900146484375,1.5490000247955322,18.63999938964844,2.401,0.8519999752044676
2021-10-14,1186.7099609375,1.5190000534057615,16.860000610351562,2.351,0.8319999465942383
2021-10-15,1182.1300048828125,1.5759999752044678,16.299999237060547,2.356,0.7800000247955321
2021-10-18,1181.7900390625,1.5839999914169312,16.309999465942383,2.4,0.8160000085830688
2021-10-19,1185.6800537109375,1.6349999904632568,15.699999809265137,2.379,0.7440000095367432
2021-10-20,1175.6500244140625,1.6360000371932983,15.489999771118164,2.392,0.7559999628067016
2021-10-21,1174.5899658203125,1.6759999990463257,15.010000228881836,2.388,0.7120000009536742
2021-10-22,1176.550048828125,1.6549999713897705,15.43000030517578,2.411,0.7560000286102295
2021-10-25,1176.5400390625,1.6349999904632568,15.239999771118164,2.426,0.7910000095367433
2021-10-26,1167.06005859375,1.61899995803833,15.979999542236328,2.457,0.8380000419616698
2021-10-27,1167.3299560546875,1.5290000438690186,16.979999542236328,2.487,0.9579999561309815
2021-10-28,1172.1700439453125,1.5679999589920044,16.530000686645508,2.397,0.8290000410079954
2021-10-29,1167.3699951171875,1.5570000410079956,16.260000228881836,2.575,1.0179999589920046
2021-11-01,1174.3800048828125,1.5750000476837158,16.40999984741211,2.506,0.930999952316284
2021-11-02,1176.5699462890625,1.5490000247955322,16.030000686645508,2.48,0.9309999752044678
2021-11-03,1178.0400390625,1.5789999961853027,15.100000381469728,2.47,0.8910000038146975
2021-11-04,1179.3399658203125,1.52400004863739,15.4399995803833,2.428,0.9039999513626098
2021-11-05,1185.8299560546875,1.4529999494552612,16.479999542236328,2.35,0.8970000505447389
2021-11-08,1180.5,1.496999979019165,17.219999313354492,2.329,0.8320000209808351
2021-11-09,1199.8599853515625,1.4320000410079956,17.780000686645508,2.293,0.8609999589920045
2021-11-10,1177.5,1.559999942779541,18.729999542236328,2.309,0.7490000572204591
2021-11-11,1184.1400146484375,1.559999942779541,17.65999984741211,2.341,0.7810000572204592
2021-11-12,1183.1099853515625,1.5820000171661377,16.290000915527344,2.344,0.7619999828338622
2021-11-15,1179.1099853515625,1.6230000257492063,16.489999771118164,2.298,0.6749999742507935
2021-11-16,1183.510009765625,1.633999943733215,16.3700008392334,2.333,0.6990000562667849
2021-11-17,1184.050048828125,1.6039999723434448,17.110000610351562,2.359,0.7550000276565552
2021-11-18,1181.22998046875,1.5889999866485596,17.59000015258789,2.338,0.7490000133514405
2021-11-19,1182.9000244140625,1.5360000133514404,17.90999984741211,2.372,0.8359999866485595
2021-11-22,1191.6300048828125,1.625,19.170000076293945,2.386,0.7610000000000001
2021-11-23,1189.5,1.6670000553131104,19.3799991607666,2.4,0.7329999446868896
2021-11-24,1189.949951171875,1.6449999809265137,18.57999992370605,2.394,0.7490000190734865
2021-11-25,1187.8800048828125,1.6449999809265137,18.57999992370605,2.348,0.7030000190734862
2021-11-26,1190.219970703125,1.4819999933242798,28.6200008392334,2.255,0.7730000066757201
2021-11-29,1194.6099853515625,1.5299999713897705,22.959999084472656,2.266,0.7360000286102295
2021-11-30,1190.739990234375,1.4429999589920044,27.190000534057617,2.213,0.7700000410079957
2021-12-01,1182.8599853515625,1.434000015258789,31.1200008392334,2.182,0.7479999847412109
2021-12-02,1177.1099853515625,1.4479999542236328,27.950000762939453,2.198,0.7500000457763671
2021-12-03,1176.77001953125,1.343000054359436,30.670000076293945,2.234,0.890999945640564
2021-12-06,1183.1400146484375,1.434000015258789,27.18000030517578,2.213,0.778999984741211
2021-12-07,1180.56005859375,1.4800000190734863,21.88999938964844,2.24,0.7599999809265139
2021-12-08,1176.8399658203125,1.508999943733215,19.899999618530277,2.185,0.6760000562667847
2021-12-09,1172.56005859375,1.4869999885559082,21.57999992370605,2.188,0.701000011444092
2021-12-10,1177.3299560546875,1.4889999628067017,18.690000534057617,2.201,0.7120000371932984
2021-12-13,1178.969970703125,1.4240000247955322,20.309999465942383,2.169,0.7449999752044678
2021-12-14,1185.0999755859375,1.437999963760376,21.88999938964844,2.169,0.7310000362396241
2021-12-15,1184.22998046875,1.4630000591278076,19.290000915527344,2.166,0.7029999408721923
2021-12-16,1184.4000244140625,1.4220000505447388,20.56999969482422,2.147,0.724999949455261
2021-12-17,1186.1500244140625,1.4019999504089355,21.56999969482422,2.153,0.7510000495910645
2021-12-20,1186.3900146484375,1.4190000295639038,22.8700008392334,2.107,0.6879999704360964
2021-12-21,1190.1199951171875,1.4869999885559082,21.01000022888184,2.099,0.612000011444092
2021-12-22,1191.27001953125,1.4570000171661377,18.6299991607666,2.147,0.6899999828338621
2021-12-23,1187.77001953125,1.493000030517578,17.959999084472656,2.212,0.7189999694824221
2021-12-24,1185.5,1.493000030517578,17.959999084472656,2.206,0.7129999694824218
2021-12-27,1185.9200439453125,1.4809999465942385,17.68000030517578,2.211,0.7300000534057616
2021-12-28,1185.6500244140625,1.4809999465942385,17.540000915527344,2.198,0.7170000534057617
2021-12-29,1187.8499755859375,1.5429999828338623,16.950000762939453,2.18,0.6370000171661379
2021-12-30,1183.6700439453125,1.5149999856948853,17.329999923706055,2.248,0.733000014305115
2021-12-31,1189.8900146484375,1.5119999647140503,17.219999313354492,2.25,0.7380000352859497
2022-01-03,1187.780029296875,1.628000020980835,16.600000381469727,2.325,0.6969999790191652
2022-01-04,1194.6800537109375,1.6679999828338623,16.90999984741211,2.32,0.6520000171661375
2022-01-05,1196.5,1.7050000429153442,19.729999542236328,2.375,0.6699999570846558
2022-01-06,1199.25,1.7330000400543213,19.61000061035156,2.481,0.7479999599456786
2022-01-07,1205.780029296875,1.7710000276565552,18.76000022888184,2.458,0.686999972343445
2022-01-10,1196.8800048828125,1.7799999713897705,19.399999618530277,2.484,0.7040000286102295
2022-01-11,1198.0899658203125,1.746000051498413,18.40999984741211,2.485,0.7389999485015868
2022-01-12,1189.4300537109375,1.725000023841858,17.6200008392334,2.428,0.702999976158142
2022-01-13,1185.8800048828125,1.7109999656677246,20.309999465942383,2.397,0.6860000343322752
2022-01-14,1186.6099853515625,1.7719999551773071,19.190000534057617,2.453,0.6810000448226927
2022-01-17,1188.9599609375,1.7719999551773071,19.190000534057617,2.568,0.7960000448226929
2022-01-18,1190.06005859375,1.8650000095367432,22.790000915527344,2.553,0.6879999904632568
2022-01-19,1192.97998046875,1.8270000219345093,23.850000381469727,2.537,0.7099999780654906
2022-01-20,1188.1600341796875,1.8329999446868896,25.59000015258789,2.558,0.7250000553131102
2022-01-21,1192.4300537109375,1.746999979019165,28.850000381469727,2.54,0.793000020980835
2022-01-24,1191.5,1.7350000143051147,29.899999618530277,2.54,0.8049999856948853
2022-01-25,1195.6600341796875,1.7829999923706057,31.15999984741211,2.576,0.7930000076293946
2022-01-26,1196.0999755859375,1.8480000495910645,31.959999084472656,2.573,0.7249999504089355
2022-01-27,1200.6300048828125,1.807000041007996,30.489999771118164,2.612,0.8049999589920045
2022-01-28,1203.4599609375,1.781999945640564,27.65999984741211,2.586,0.8040000543594359
2022-01-31,1207.7099609375,1.781999945640564,24.82999992370605,2.586,0.8040000543594359
2022-02-01,1205.1199951171875,1.7999999523162842,21.959999084472656,2.586,0.7860000476837157
2022-02-02,1202.5,1.7660000324249268,22.09000015258789,2.586,0.8199999675750731
2022-02-03,1199.9599609375,1.8270000219345093,24.350000381469727,2.566,0.7389999780654906
2022-02-04,1200.3299560546875,1.9299999475479128,23.21999931335449,2.619,0.6890000524520876
2022-02-07,1197.0899658203125,1.9160000085830688,22.86000061035156,2.638,0.721999991416931
2022-02-08,1196.8499755859375,1.9539999961853027,21.440000534057617,2.733,0.7790000038146974
2022-02-09,1196.3599853515625,1.9290000200271609,19.959999084472656,2.691,0.7619999799728392
2022-02-10,1194.030029296875,2.0309998989105225,23.90999984741211,2.686,0.6550001010894775
2022-02-11,1199.3499755859375,1.955000042915344,27.36000061035156,2.747,0.7919999570846556
2022-02-14,1199.239990234375,1.996000051498413,28.32999992370605,2.714,0.7179999485015869
2022-02-15,1197.3599853515625,2.0450000762939453,25.700000762939453,2.71,0.6649999237060547
2022-02-16,1196.8299560546875,2.046999931335449,24.290000915527344,2.702,0.6550000686645507
2022-02-17,1196.75,1.972000002861023,28.11000061035156,2.708,0.7359999971389772
2022-02-18,1198.6600341796875,1.932000041007996,27.75,2.728,0.7959999589920046
2022-02-21,1195.0699462890625,1.932000041007996,27.75,2.77,0.8379999589920044
2022-02-22,1194.6800537109375,1.9479999542236328,28.809999465942383,2.717,0.7690000457763673
2022-02-23,1192.6800537109375,1.9769999980926516,31.020000457763672,2.722,0.7450000019073486
2022-02-24,1192.4000244140625,1.968999981880188,30.31999969482422,2.624,0.6550000181198121
2022-02-25,1206.0,1.9859999418258667,27.59000015258789,2.671,0.6850000581741331
2022-02-28,1197.5899658203125,1.83899998664856,30.149999618530277,2.675,0.8360000133514403
2022-03-01,1200.9300537109375,1.7070000171661377,33.31999969482422,2.675,0.967999982833862
2022-03-02,1205.3699951171875,1.8650000095367432,30.739999771118164,2.613,0.7479999904632568
2022-03-03,1203.1500244140625,1.843999981880188,30.479999542236328,2.648,0.8040000181198121
2022-03-04,1205.989990234375,1.7239999771118164,31.979999542236328,2.658,0.9340000228881836
2022-03-07,1216.7099609375,1.7510000467300415,36.45000076293945,2.707,0.9559999532699583
2022-03-08,1232.300048828125,1.871999979019165,35.130001068115234,2.722,0.8500000209808349
2022-03-09,1233.1099853515625,1.9479999542236328,32.45000076293945,2.722,0.7740000457763672
2022-03-10,1223.22998046875,2.010999917984009,30.229999542236328,2.726,0.7150000820159912
2022-03-11,1228.5999755859375,2.003999948501587,30.75,2.7,0.6960000514984133
2022-03-14,1236.8900146484375,2.140000104904175,31.770000457763672,2.739,0.5989998950958251
2022-03-15,1242.050048828125,2.1600000858306885,29.82999992370605,2.753,0.5929999141693116
2022-03-16,1241.6800537109375,2.187999963760376,26.670000076293945,2.768,0.5800000362396238
2022-03-17,1223.0,2.191999912261963,25.670000076293945,2.704,0.5120000877380373
2022-03-18,1210.3299560546875,2.1480000019073486,23.8700008392334,2.737,0.5889999980926515
2022-03-21,1210.3699951171875,2.315000057220459,23.530000686645508,2.741,0.4259999427795411
2022-03-22,1219.780029296875,2.372999906539917,22.940000534057617,2.832,0.4590000934600828
2022-03-23,1214.949951171875,2.321000099182129,23.56999969482422,2.828,0.5069999008178709
2022-03-24,1218.010009765625,2.3410000801086426,21.670000076293945,2.856,0.5149999198913573
2022-03-25,1217.550048828125,2.492000102996826,20.809999465942383,2.871,0.3789998970031738
2022-03-28,1224.3800048828125,2.476999998092652,19.6299991607666,3.031,0.5540000019073488
2022-03-29,1223.6600341796875,2.400000095367432,18.899999618530277,2.972,0.5719999046325683
2022-03-30,1209.1300048828125,2.3580000400543213,19.32999992370605,2.885,0.5269999599456785
2022-03-31,1210.43994140625,2.32699990272522,20.559999465942383,2.969,0.6420000972747801
2022-04-01,1214.5,2.377000093460083,19.6299991607666,3.007,0.6299999065399171
2022-04-04,1218.780029296875,2.4119999408721924,18.56999969482422,3.065,0.6530000591278076
2022-04-05,1213.9000244140625,2.555999994277954,21.030000686645508,3.08,0.524000005722046
2022-04-06,1218.75,2.608999967575073,22.100000381469727,3.129,0.5200000324249268
2022-04-07,1217.5999755859375,2.6519999504089355,21.549999237060547,3.128,0.4760000495910645
2022-04-08,1222.6600341796875,2.713000059127808,21.15999984741211,3.169,0.4559999408721924
2022-04-11,1228.239990234375,2.7799999713897705,24.3700008392334,3.305,0.5250000286102297
2022-04-12,1235.050048828125,2.7249999046325684,24.26000022888184,3.313,0.5880000953674318
2022-04-13,1228.5999755859375,2.687000036239624,21.81999969482422,3.287,0.5999999637603759
2022-04-14,1223.1199951171875,2.828000068664551,22.700000762939453,3.22,0.3919999313354494
2022-04-15,1230.0999755859375,2.828000068664551,22.700000762939453,3.301,0.4729999313354494
2022-04-18,1228.0899658203125,2.861999988555908,22.170000076293945,3.355,0.4930000114440918
2022-04-19,1235.3499755859375,2.9130001068115234,21.3700008392334,3.35,0.4369998931884766
2022-04-20,1239.5999755859375,2.8399999141693115,20.31999969482422,3.313,0.4730000858306886
2022-04-21,1234.0899658203125,2.9170000553131104,22.68000030517578,3.296,0.3789999446868894
2022-04-22,1242.489990234375,2.9059998989105225,28.209999084472656,3.314,0.4080001010894776
2022-04-25,1243.1600341796875,2.825999975204468,27.020000457763672,3.188,0.3620000247955324
2022-04-26,1249.2099609375,2.7720000743865967,33.52000045776367,3.19,0.4179999256134032
2022-04-27,1260.7099609375,2.818000078201294,31.600000381469727,3.185,0.3669999217987061
2022-04-28,1266.280029296875,2.86299991607666,29.989999771118164,3.166,0.3030000839233397
2022-04-29,1272.2900390625,2.88700008392334,33.400001525878906,3.242,0.3549999160766601
2022-05-02,1262.530029296875,2.996000051498413,32.34000015258789,3.38,0.3839999485015868
2022-05-03,1266.75,2.9600000381469727,29.25,3.406,0.4459999618530275
2022-05-04,1261.06005859375,2.9170000553131104,25.420000076293945,3.434,0.5169999446868898
2022-05-05,1251.5,3.065999984741211,31.200000762939453,3.434,0.3680000152587892
2022-05-06,1268.699951171875,3.122999906539917,30.190000534057617,3.431,0.308000093460083
2022-05-09,1270.1300048828125,3.0789999961853027,34.75,3.414,0.3350000038146974
2022-05-10,1274.8599853515625,2.993000030517578,32.9900016784668,3.403,0.4099999694824219
2022-05-11,1276.550048828125,2.9210000038146973,32.560001373291016,3.269,0.3479999961853028
2022-05-12,1278.1500244140625,2.816999912261963,31.770000457763672,3.169,0.3520000877380371
2022-05-13,1290.75,2.934999942779541,28.8700008392334,3.221,0.286000057220459
2022-05-16,1277.5699462890625,2.877000093460083,27.46999931335449,3.277,0.3999999065399171
2022-05-17,1279.8499755859375,2.9679999351501465,26.100000381469727,3.287,0.3190000648498534
2022-05-18,1266.6600341796875,2.885999917984009,30.959999084472656,3.32,0.434000082015991
2022-05-19,1275.5799560546875,2.8550000190734863,29.350000381469727,3.307,0.4519999809265136
2022-05-20,1263.550048828125,2.7869999408721924,29.43000030517578,3.245,0.4580000591278077
2022-05-23,1273.2099609375,2.858999967575073,28.479999542236328,3.258,0.3990000324249267
2022-05-24,1258.8199462890625,2.759999990463257,29.450000762939453,3.214,0.4540000095367431
2022-05-25,1260.989990234375,2.749000072479248,28.3700008392334,3.177,0.427999927520752
2022-05-26,1266.5999755859375,2.75600004196167,27.5,3.238,0.48199995803833
2022-05-27,1258.8900146484375,2.743000030517578,25.71999931335449,3.212,0.468999969482422
2022-05-30,1251.5899658203125,2.743000030517578,25.71999931335449,3.211,0.4679999694824217
2022-05-31,1236.1700439453125,2.844000101089477,26.190000534057617,3.326,0.4819998989105225
2022-06-01,1241.739990234375,2.930999994277954,25.690000534057617,3.326,0.3950000057220459
2022-06-02,1246.949951171875,2.9130001068115234,24.71999931335449,3.421,0.5079998931884764
2022-06-03,1240.8399658203125,2.9570000171661377,24.790000915527344,3.405,0.4479999828338621
2022-06-06,1250.530029296875,3.0380001068115234,25.06999969482422,3.405,0.3669998931884763
2022-06-07,1254.47998046875,2.9719998836517334,24.020000457763672,3.538,0.5660001163482664
2022-06-08,1254.5799560546875,3.0290000438690186,23.959999084472656,3.472,0.4429999561309814
2022-06-09,1256.739990234375,3.0439999103546143,26.09000015258789,3.471,0.4270000896453858
2022-06-10,1264.02001953125,3.1559998989105225,27.75,3.495,0.3390001010894776
2022-06-13,1278.280029296875,3.365999937057495,34.02000045776367,3.654,0.2880000629425048
2022-06-14,1291.800048828125,3.4830000400543213,32.689998626708984,3.691,0.2079999599456785
2022-06-15,1289.47998046875,3.3949999809265137,29.6200008392334,3.795,0.4000000190734862
2022-06-16,1278.1600341796875,3.306999921798706,32.95000076293945,3.767,0.4600000782012938
2022-06-17,1288.1800537109375,3.239000082015991,31.1299991607666,3.795,0.5559999179840087
2022-06-20,1290.5,3.239000082015991,31.1299991607666,3.784,0.5449999179840086
2022-06-21,1292.3800048828125,3.306999921798706,30.190000534057617,3.775,0.4680000782012938
2022-06-22,1291.5999755859375,3.1559998989105225,28.950000762939453,3.682,0.5260001010894775
2022-06-23,1297.6800537109375,3.068000078201294,29.049999237060547,3.726,0.657999921798706
2022-06-24,1299.81005859375,3.125,27.229999542236328,3.635,0.5099999999999998
2022-06-27,1288.2900390625,3.194000005722046,26.950000762939453,3.72,0.5259999942779543
2022-06-28,1286.199951171875,3.2060000896453857,28.36000061035156,3.68,0.4739999103546144
2022-06-29,1292.030029296875,3.0929999351501465,28.15999984741211,3.667,0.5740000648498533
2022-06-30,1301.72998046875,2.9719998836517334,28.709999084472656,3.636,0.6640001163482667
2022-07-01,1287.7099609375,2.888999938964844,26.700000762939453,3.49,0.6010000610351565
2022-07-04,1297.8900146484375,2.888999938964844,26.700000762939453,3.489,0.6000000610351561
2022-07-05,1295.6800537109375,2.809000015258789,27.540000915527344,3.379,0.5699999847412109
2022-07-06,1308.6600341796875,2.9130001068115234,26.729999542236328,3.295,0.3819998931884765
2022-07-07,1304.8499755859375,3.007999897003174,26.07999992370605,3.307,0.2990001029968261
2022-07-08,1297.6500244140625,3.1010000705718994,24.63999938964844,3.36,0.2589999294281004
2022-07-11,1293.7900390625,2.990999937057495,26.170000076293945,3.385,0.3940000629425046
2022-07-12,1310.8599853515625,2.9579999446868896,27.290000915527344,3.349,0.3910000553131105
2022-07-13,1305.8299560546875,2.9040000438690186,26.81999969482422,3.301,0.3969999561309816
2022-07-14,1304.8499755859375,2.9600000381469727,26.399999618530277,3.295,0.3349999618530273
2022-07-15,1316.1800537109375,2.930000066757202,24.229999542236328,3.242,0.3119999332427978
2022-07-18,1318.1199951171875,2.9600000381469727,25.299999237060547,3.27,0.3099999618530273
2022-07-19,1318.9100341796875,3.0190000534057617,24.5,3.253,0.2339999465942384
2022-07-20,1305.5,3.0360000133514404,23.8799991607666,3.36,0.3239999866485594
2022-07-21,1312.8699951171875,2.9100000858306885,23.11000061035156,3.374,0.4639999141693116
2022-07-22,1306.8499755859375,2.782999992370605,23.030000686645508,3.302,0.5190000076293946
2022-07-25,1309.3199462890625,2.819999933242798,23.36000061035156,3.211,0.391000066757202
2022-07-26,1310.4000244140625,2.7869999408721924,24.690000534057617,3.183,0.3960000591278074
2022-07-27,1310.9000244140625,2.733999967575073,23.239999771118164,3.121,0.3870000324249267
2022-07-28,1305.949951171875,2.680999994277954,22.32999992370605,3.201,0.520000005722046
2022-07-29,1295.1500244140625,2.6419999599456787,21.32999992370605,3.127,0.485000040054321
2022-08-01,1302.280029296875,2.6059999465942383,22.84000015258789,3.184,0.5780000534057619
2022-08-02,1306.75,2.740999937057495,23.93000030517578,3.088,0.3470000629425049
2022-08-03,1314.6300048828125,2.747999906539917,21.950000762939453,3.131,0.3830000934600828
2022-08-04,1307.3800048828125,2.6760001182556152,21.440000534057617,3.152,0.4759998817443849
2022-08-05,1302.0799560546875,2.8399999141693115,21.149999618530277,3.124,0.2840000858306886
2022-08-08,1302.739990234375,2.765000104904175,21.290000915527344,3.177,0.4119998950958252
2022-08-09,1299.030029296875,2.796999931335449,21.770000457763672,3.166,0.3690000686645507
2022-08-10,1307.56005859375,2.7860000133514404,19.739999771118164,3.207,0.4209999866485594
2022-08-11,1296.699951171875,2.888000011444092,20.200000762939453,3.219,0.330999988555908
2022-08-12,1306.8299560546875,2.8489999771118164,19.530000686645508,3.282,0.4330000228881836
2022-08-15,1301.3800048828125,2.7909998893737797,19.950000762939453,3.282,0.4910001106262207
2022-08-16,1313.1800537109375,2.8239998817443848,19.690000534057617,3.156,0.3320001182556154
2022-08-17,1311.0,2.8929998874664307,19.899999618530277,3.188,0.2950001125335695
2022-08-18,1314.8299560546875,2.880000114440918,19.559999465942383,3.221,0.3409998855590821
2022-08-19,1326.9100341796875,2.989000082015991,20.600000381469727,3.31,0.3209999179840088
2022-08-22,1334.8599853515625,3.0369999408721924,23.799999237060547,3.342,0.3050000591278077
2022-08-23,1343.3599853515625,3.053999900817871,24.11000061035156,3.361,0.3070000991821291
2022-08-24,1339.0799560546875,3.1059999465942383,22.81999969482422,3.433,0.3270000534057615
2022-08-25,1340.0,3.026000022888184,21.780000686645508,3.593,0.5669999771118164
2022-08-26,1334.43994140625,3.0350000858306885,25.559999465942383,3.616,0.5809999141693116
2022-08-29,1341.1800537109375,3.109999895095825,26.209999084472656,3.715,0.6050001049041747
2022-08-30,1345.72998046875,3.109999895095825,26.209999084472656,3.695,0.5850001049041746
2022-08-31,1350.18994140625,3.132999897003174,25.8700008392334,3.721,0.5880001029968263
2022-09-01,1342.260009765625,3.265000104904175,25.559999465942383,3.805,0.5399998950958254
2022-09-02,1355.0999755859375,3.193000078201294,25.46999931335449,3.738,0.544999921798706
2022-09-05,1361.510009765625,3.193000078201294,25.46999931335449,3.67,0.476999921798706
2022-09-06,1361.81005859375,3.3399999141693115,26.90999984741211,3.712,0.3720000858306886
2022-09-07,1378.1099853515625,3.265000104904175,24.63999938964844,3.736,0.4709998950958254
2022-09-08,1374.31005859375,3.2920000553131104,23.61000061035156,3.622,0.3299999446868895
2022-09-09,1383.0,3.321000099182129,22.790000915527344,3.622,0.300999900817871
2022-09-12,1379.06005859375,3.361999988555908,23.8700008392334,3.622,0.2600000114440917
2022-09-13,1375.81005859375,3.421999931335449,27.270000457763672,3.62,0.1980000686645509
2022-09-14,1393.469970703125,3.4119999408721924,26.15999984741211,3.651,0.2390000591278074
2022-09-15,1391.1800537109375,3.4590001106262207,26.270000457763672,3.791,0.3319998893737792
2022-09-16,1398.6300048828125,3.447999954223633,26.299999237060547,3.772,0.324000045776367
2022-09-19,1385.22998046875,3.490000009536743,25.76000022888184,3.794,0.3039999904632569
2022-09-20,1390.1099853515625,3.571000099182129,27.15999984741211,3.836,0.2649999008178709
2022-09-21,1392.510009765625,3.509999990463257,27.989999771118164,3.891,0.3810000095367432
2022-09-22,1397.56005859375,3.7079999446868896,27.350000381469727,3.997,0.2890000553131102
2022-09-23,1403.6600341796875,3.697000026702881,29.920000076293945,4.112,0.4149999732971192
2022-09-26,1421.81005859375,3.878000020980835,32.2599983215332,4.335,0.456999979019165
2022-09-27,1429.77001953125,3.96399998664856,32.599998474121094,4.208,0.2440000133514406
2022-09-28,1426.260009765625,3.704999923706055,30.18000030517578,4.332,0.6270000762939452
2022-09-29,1421.949951171875,3.746999979019165,31.84000015258789,4.229,0.482000020980835
2022-09-30,1430.1700439453125,3.803999900817871,31.6200008392334,4.096,0.292000099182129
2022-10-03,1439.22998046875,3.651000022888184,30.100000381469727,4.096,0.4449999771118165
2022-10-04,1433.3399658203125,3.617000102996826,29.06999969482422,4.006,0.388999897003174
2022-10-05,1416.530029296875,3.759000062942505,28.549999237060547,4.102,0.3429999370574954
2022-10-06,1416.760009765625,3.825999975204468,30.520000457763672,4.102,0.2760000247955325
2022-10-07,1408.449951171875,3.882999897003174,31.36000061035156,4.214,0.3310001029968266
2022-10-10,1415.97998046875,3.888000011444092,32.45000076293945,4.214,0.3259999885559086
2022-10-11,1428.3499755859375,3.938999891281128,33.630001068115234,4.306,0.3670001087188721
2022-10-12,1430.800048828125,3.901999950408936,33.56999969482422,4.11,0.2080000495910647
2022-10-13,1423.9000244140625,3.95199990272522,31.940000534057617,4.239,0.2870000972747801
2022-10-14,1430.300048828125,4.010000228881836,32.02000045776367,4.181,0.1709997711181641
2022-10-17,1440.760009765625,4.014999866485596,31.3700008392334,4.215,0.2000001335144041
2022-10-18,1430.1500244140625,3.997999906539917,30.5,4.277,0.2790000934600831
2022-10-19,1425.02001953125,4.126999855041504,30.76000022888184,4.396,0.269000144958496
2022-10-20,1435.010009765625,4.22599983215332,29.979999542236328,4.439,0.2130001678466797
2022-10-21,1430.31005859375,4.2129998207092285,29.690000534057617,4.632,0.4190001792907711
2022-10-24,1428.1099853515625,4.234000205993652,29.850000381469727,4.503,0.2689997940063477
2022-10-25,1443.9599609375,4.107999801635742,28.459999084472656,4.346,0.2380001983642579
2022-10-26,1426.9300537109375,4.014999866485596,27.280000686645508,4.279,0.2640001335144042
2022-10-27,1412.68994140625,3.937000036239624,27.38999938964844,4.313,0.3759999637603757
2022-10-28,1420.6500244140625,4.010000228881836,25.75,4.167,0.1569997711181638
2022-10-31,1421.6500244140625,4.077000141143799,25.8799991607666,4.242,0.1649998588562011
2022-11-01,1424.6700439453125,4.052000045776367,25.809999465942383,4.135,0.0829999542236326
2022-11-02,1416.5999755859375,4.059000015258789,25.86000061035156,4.143,0.0839999847412107
2022-11-03,1423.0999755859375,4.124000072479248,25.299999237060547,4.197,0.072999927520752
2022-11-04,1423.6500244140625,4.156000137329102,24.549999237060547,4.182,0.0259998626708988
2022-11-07,1402.1099853515625,4.214000225067139,24.350000381469727,4.258,0.0439997749328613
2022-11-08,1392.699951171875,4.125999927520752,25.540000915527344,4.236,0.1100000724792478
2022-11-09,1374.1500244140625,4.151000022888184,26.09000015258789,4.177,0.025999977111816
2022-11-10,1370.550048828125,3.828999996185303,23.530000686645508,4.07,0.2410000038146975
2022-11-11,1349.3699951171875,3.812999963760376,22.520000457763672,3.894,0.0810000362396241
2022-11-14,1313.030029296875,3.865000009536743,23.729999542236328,3.928,0.0629999904632567
2022-11-15,1324.0799560546875,3.799000024795532,24.540000915527344,3.861,0.0619999752044679
2022-11-16,1316.260009765625,3.691999912261963,24.11000061035156,3.896,0.204000087738037
2022-11-17,1336.4300537109375,3.775000095367432,23.93000030517578,3.853,0.0779999046325685
2022-11-18,1342.75,3.818000078201294,23.1200008392334,3.801,-0.0170000782012937
2022-11-21,1339.030029296875,3.825000047683716,22.36000061035156,3.764,-0.061000047683716
2022-11-22,1359.75,3.757999897003174,21.290000915527344,3.773,0.0150001029968263
2022-11-23,1352.68994140625,3.7060000896453857,20.350000381469727,3.774,0.0679999103546142
2022-11-24,1336.81005859375,3.7060000896453857,20.350000381469727,3.622,-0.0840000896453858
2022-11-25,1317.8900146484375,3.690999984741211,20.5,3.623,-0.0679999847412107
2022-11-28,1334.56005859375,3.703000068664551,22.209999084472656,3.606,-0.0970000686645509
2022-11-29,1340.1199951171875,3.747999906539917,21.88999938964844,3.673,-0.0749999065399169
2022-11-30,1325.3699951171875,3.703000068664551,20.57999992370605,3.667,-0.0360000686645509
2022-12-01,1279.800048828125,3.5290000438690186,19.84000015258789,3.663,0.1339999561309812
2022-12-02,1303.25,3.50600004196167,19.059999465942383,3.583,0.0769999580383302
2022-12-05,1299.1700439453125,3.5989999771118164,20.75,3.549,-0.0499999771118164
2022-12-06,1304.3699951171875,3.513000011444092,22.170000076293945,3.504,-0.0090000114440917
2022-12-07,1319.7099609375,3.407999992370605,22.68000030517578,3.523,0.1150000076293946
2022-12-08,1314.0999755859375,3.490999937057495,22.290000915527344,3.53,0.0390000629425046
2022-12-09,1316.6300048828125,3.566999912261963,22.82999992370605,3.491,-0.0759999122619627
2022-12-12,1303.1700439453125,3.611000061035156,25.0,3.448,-0.1630000610351563
2022-12-13,1305.9200439453125,3.500999927520752,22.549999237060547,3.469,-0.031999927520752
2022-12-14,1288.97998046875,3.503000020980835,21.13999938964844,3.406,-0.0970000209808348
2022-12-15,1295.6800537109375,3.450000047683716,22.82999992370605,3.38,-0.0700000476837159
2022-12-16,1317.0999755859375,3.4820001125335693,22.6200008392334,3.36,-0.1220001125335694
2022-12-19,1308.8599853515625,3.5810000896453857,22.420000076293945,3.395,-0.1860000896453857
2022-12-20,1301.3299560546875,3.684000015258789,21.479999542236328,3.603,-0.0810000152587888
2022-12-21,1283.6400146484375,3.684000015258789,20.06999969482422,3.566,-0.1180000152587892
2022-12-22,1280.77001953125,3.6689999103546143,21.96999931335449,3.495,-0.1739999103546141
2022-12-23,1290.199951171875,3.750999927520752,20.8700008392334,3.552,-0.1989999275207519
2022-12-26,1279.239990234375,3.750999927520752,20.8700008392334,3.639,-0.1119999275207521
2022-12-27,1275.1300048828125,3.859999895095825,21.649999618530277,3.611,-0.2489998950958249
2022-12-28,1272.280029296875,3.88700008392334,22.13999938964844,3.673,-0.2140000839233398
2022-12-29,1274.3199462890625,3.8350000381469727,21.440000534057617,3.726,-0.1090000381469726
2022-12-30,1260.260009765625,3.878999948501587,21.670000076293945,3.73,-0.1489999485015869
2023-01-02,1260.9100341796875,3.878999948501587,21.670000076293945,3.811,-0.0679999485015869
2023-01-03,1270.0999755859375,3.7929999828338623,22.899999618530277,3.661,-0.1319999828338622
2023-01-04,1279.0799560546875,3.7090001106262207,22.01000022888184,3.597,-0.1120001106262207
2023-01-05,1271.0799560546875,3.7200000286102295,22.459999084472656,3.571,-0.1490000286102293
2023-01-06,1274.1800537109375,3.569000005722046,21.1299991607666,3.573,0.003999994277954
2023-01-09,1252.8800048828125,3.5169999599456787,21.96999931335449,3.477,-0.0399999599456788
2023-01-10,1239.280029296875,3.621000051498413,20.57999992370605,3.462,-0.1590000514984129
2023-01-11,1240.1600341796875,3.553999900817871,21.09000015258789,3.417,-0.1369999008178712
2023-01-12,1241.5999755859375,3.4489998817443848,18.82999992370605,3.412,-0.0369998817443848
2023-01-13,1239.1300048828125,3.510999917984009,18.350000381469727,3.3,-0.2109999179840089
2023-01-16,1236.5899658203125,3.510999917984009,18.350000381469727,3.383,-0.1279999179840087
2023-01-17,1240.7099609375,3.5350000858306885,19.36000061035156,3.444,-0.0910000858306885
2023-01-18,1237.0,3.375,20.34000015258789,3.337,-0.0379999999999998
2023-01-19,1237.8800048828125,3.3970000743865967,20.520000457763672,3.222,-0.1750000743865967
2023-01-20,1232.1800537109375,3.483999967575073,19.850000381469727,3.279,-0.2049999675750733
2023-01-23,1230.030029296875,3.525000095367432,19.809999465942383,3.279,-0.2460000953674317
2023-01-24,1229.280029296875,3.469000101089477,19.200000762939453,3.279,-0.1900001010894776
2023-01-25,1232.6600341796875,3.461999893188477,19.07999992370605,3.229,-0.2329998931884764
2023-01-26,1232.5899658203125,3.493000030517578,18.729999542236328,3.231,-0.2620000305175782
2023-01-27,1231.8499755859375,3.5179998874664307,18.51000022888184,3.283,-0.2349998874664307
2023-01-30,1228.949951171875,3.5510001182556152,19.940000534057617,3.238,-0.3130001182556152
2023-01-31,1231.5,3.5290000438690186,19.399999618530277,3.297,-0.2320000438690184
2023-02-01,1232.1500244140625,3.3970000743865967,17.8700008392334,3.239,-0.1580000743865968
2023-02-02,1221.949951171875,3.3959999084472656,18.729999542236328,3.207,-0.1889999084472657
2023-02-03,1224.9000244140625,3.532000064849853,18.32999992370605,3.148,-0.3840000648498534
2023-02-06,1246.75,3.634000062942505,19.43000030517578,3.283,-0.3510000629425049
2023-02-07,1261.22998046875,3.674000024795532,18.65999984741211,3.297,-0.3770000247955321
2023-02-08,1255.3499755859375,3.6530001163482666,19.6299991607666,3.32,-0.3330001163482667
2023-02-09,1260.469970703125,3.683000087738037,20.709999084472656,3.362,-0.321000087738037
2023-02-10,1264.550048828125,3.74399995803833,20.530000686645508,3.365,-0.3789999580383298
2023-02-13,1266.8699951171875,3.7170000076293945,20.34000015258789,3.43,-0.2870000076293943
2023-02-14,1272.93994140625,3.760999917984009,18.90999984741211,3.398,-0.3629999179840086
2023-02-15,1272.25,3.809000015258789,18.229999542236328,3.471,-0.338000015258789
2023-02-16,1283.719970703125,3.8429999351501465,20.170000076293945,3.476,-0.3669999351501465
2023-02-17,1288.9599609375,3.828000068664551,20.020000457763672,3.626,-0.2020000686645509
2023-02-20,1293.9200439453125,3.828000068664551,20.020000457763672,3.641,-0.1870000686645507
2023-02-21,1296.1099853515625,3.954999923706055,22.8700008392334,3.6,-0.3549999237060546
2023-02-22,1305.8299560546875,3.92300009727478,22.290000915527344,3.639,-0.2840000972747805
2023-02-23,1302.8299560546875,3.878999948501587,21.13999938964844,3.595,-0.2839999485015867
2023-02-24,1298.0799560546875,3.9489998817443848,21.670000076293945,3.525,-0.4239998817443848
2023-02-27,1313.699951171875,3.921999931335449,20.950000762939453,3.619,-0.302999931335449
2023-02-28,1318.3499755859375,3.9159998893737793,20.700000762939453,3.753,-0.1629998893737791
2023-03-01,1321.5999755859375,3.99399995803833,20.57999992370605,3.753,-0.2409999580383299
2023-03-02,1305.72998046875,4.072999954223633,19.59000015258789,3.84,-0.2329999542236329
2023-03-03,1311.06005859375,3.96399998664856,18.489999771118164,3.776,-0.1879999866485597
2023-03-06,1294.780029296875,3.983000040054321,18.61000061035156,3.731,-0.2520000400543214
2023-03-07,1299.0,3.974999904632568,19.59000015258789,3.661,-0.3139999046325683
2023-03-08,1317.9000244140625,3.9760000705718994,19.11000061035156,3.72,-0.2560000705718992
2023-03-09,1316.449951171875,3.924999952316284,22.61000061035156,3.739,-0.1859999523162843
2023-03-10,1325.550048828125,3.694999933242798,24.799999237060547,3.584,-0.1109999332427977
2023-03-13,1319.5400390625,3.515000104904175,26.520000457763672,3.405,-0.110000104904175
2023-03-14,1296.3800048828125,3.638000011444092,23.729999542236328,3.337,-0.3010000114440916
2023-03-15,1304.5799560546875,3.492000102996826,26.13999938964844,3.418,-0.074000102996826
2023-03-16,1311.739990234375,3.5850000381469727,22.989999771118164,3.394,-0.1910000381469725
2023-03-17,1301.6199951171875,3.3949999809265137,25.51000022888184,3.406,0.0110000190734864
2023-03-20,1307.6500244140625,3.4809999465942383,24.149999618530277,3.304,-0.1769999465942384
2023-03-21,1304.93994140625,3.6059999465942383,21.3799991607666,3.304,-0.3019999465942384
2023-03-22,1303.43994140625,3.5,22.26000022888184,3.287,-0.213
2023-03-23,1298.25,3.4059998989105225,22.61000061035156,3.266,-0.1399998989105224
2023-03-24,1286.2900390625,3.380000114440918,21.739999771118164,3.21,-0.170000114440918
2023-03-27,1294.8299560546875,3.5280001163482666,20.600000381469727,3.258,-0.2700001163482666
2023-03-28,1297.800048828125,3.563999891281128,19.96999931335449,3.281,-0.2829998912811278
2023-03-29,1296.97998046875,3.565999984741211,19.1200008392334,3.28,-0.2859999847412111
2023-03-30,1307.1300048828125,3.5510001182556152,19.020000457763672,3.305,-0.246000118255615
2023-03-31,1296.5,3.49399995803833,18.700000762939453,3.34,-0.1539999580383302
2023-04-03,1305.47998046875,3.430000066757202,18.549999237060547,3.389,-0.0410000667572023
2023-04-04,1308.050048828125,3.336999893188477,19.0,3.316,-0.0209998931884767
2023-04-05,1312.4100341796875,3.2869999408721924,19.07999992370605,3.326,0.0390000591278076
2023-04-06,1316.2099609375,3.2880001068115234,18.399999618530277,3.278,-0.0100001068115234
2023-04-07,1317.93994140625,3.2880001068115234,18.399999618530277,3.289,0.0009998931884767
2023-04-10,1315.449951171875,3.414999961853028,18.96999931335449,3.236,-0.1789999618530271
2023-04-11,1320.8800048828125,3.434000015258789,19.100000381469727,3.255,-0.1790000152587891
2023-04-12,1322.0899658203125,3.4210000038146973,19.09000015258789,3.262,-0.1590000038146972
2023-04-13,1322.8299560546875,3.45199990272522,17.799999237060547,3.273,-0.1789999027252196
2023-04-14,1301.4300537109375,3.5220000743865967,17.06999969482422,3.286,-0.2360000743865966
2023-04-17,1303.3800048828125,3.5910000801086426,16.950000762939453,3.349,-0.2420000801086423
2023-04-18,1316.0699462890625,3.572000026702881,16.829999923706055,3.352,-0.220000026702881
2023-04-19,1315.9000244140625,3.601999998092652,16.459999084472656,3.37,-0.2319999980926512
2023-04-20,1326.760009765625,3.5450000762939453,17.170000076293945,3.409,-0.1360000762939455
2023-04-21,1323.5999755859375,3.569999933242798,16.770000457763672,3.343,-0.2269999332427978
2023-04-24,1329.3800048828125,3.515000104904175,16.889999389648438,3.306,-0.2090001049041747
2023-04-25,1332.800048828125,3.3959999084472656,18.76000022888184,3.323,-0.0729999084472656
2023-04-26,1341.0,3.431999921798706,18.84000015258789,3.309,-0.1229999217987058
2023-04-27,1337.8299560546875,3.5280001163482666,17.030000686645508,3.342,-0.1860001163482665
2023-04-28,1339.3900146484375,3.45199990272522,15.779999732971191,3.36,-0.0919999027252198
2023-05-01,1337.1700439453125,3.5739998817443848,16.079999923706055,3.36,-0.2139998817443849
2023-05-02,1342.7900390625,3.438999891281128,17.780000686645508,3.372,-0.066999891281128
2023-05-03,1342.300048828125,3.4030001163482666,18.34000015258789,3.324,-0.0790001163482667
2023-05-04,1335.22998046875,3.3510000705718994,20.09000015258789,3.278,-0.0730000705718993
2023-05-05,1320.1500244140625,3.446000099182129,17.190000534057617,3.278,-0.1680000991821288
2023-05-08,1316.9599609375,3.5209999084472656,16.979999542236328,3.31,-0.2109999084472655
2023-05-09,1322.4100341796875,3.5209999084472656,17.709999084472656,3.318,-0.2029999084472655
2023-05-10,1326.050048828125,3.438999891281128,16.940000534057617,3.341,-0.0979998912811277
2023-05-11,1318.050048828125,3.3970000743865967,16.93000030517578,3.292,-0.1050000743865968
2023-05-12,1329.8800048828125,3.463000059127808,17.030000686645508,3.274,-0.1890000591278076
2023-05-15,1341.52001953125,3.507999897003174,17.1200008392334,3.332,-0.1759998970031739
2023-05-16,1335.4000244140625,3.549000024795532,17.989999771118164,3.303,-0.2460000247955323
2023-05-17,1342.4300537109375,3.5810000896453857,16.8700008392334,3.319,-0.2620000896453858
2023-05-18,1334.1500244140625,3.6480000019073486,16.049999237060547,3.367,-0.2810000019073486
2023-05-19,1334.739990234375,3.691999912261963,16.809999465942383,3.419,-0.2729999122619628
2023-05-22,1324.2099609375,3.7190001010894775,17.209999084472656,3.398,-0.3210001010894774
2023-05-23,1313.8299560546875,3.697999954223633,18.530000686645508,3.473,-0.2249999542236329
2023-05-24,1319.8399658203125,3.7190001010894775,20.030000686645508,3.502,-0.2170001010894777
2023-05-25,1318.52001953125,3.813999891281128,19.13999938964844,3.597,-0.2169998912811279
2023-05-26,1330.8900146484375,3.809999942779541,17.950000762939453,3.639,-0.1709999427795412
2023-05-29,1322.4300537109375,3.809999942779541,17.950000762939453,3.639,-0.1709999427795412
2023-05-30,1324.5899658203125,3.700000047683716,17.459999084472656,3.651,-0.049000047683716
2023-05-31,1319.7900390625,3.63700008392334,17.940000534057617,3.532,-0.1050000839233398
2023-06-01,1321.739990234375,3.608000040054321,15.649999618530272,3.549,-0.0590000400543213
2023-06-02,1312.8499755859375,3.690999984741211,14.600000381469728,3.495,-0.1959999847412108
2023-06-05,1305.1400146484375,3.693000078201294,14.729999542236328,3.561,-0.132000078201294
2023-06-06,1299.7900390625,3.6989998817443848,13.960000038146973,3.561,-0.1379998817443848
2023-06-07,1299.199951171875,3.783999919891357,13.9399995803833,3.522,-0.2619999198913576
2023-06-08,1308.3399658203125,3.71399998664856,13.649999618530272,3.632,-0.0819999866485594
2023-06-09,1296.3299560546875,3.744999885559082,13.829999923706056,3.613,-0.131999885559082
2023-06-12,1286.68994140625,3.765000104904175,15.010000228881836,3.576,-0.1890001049041747
2023-06-13,1284.5799560546875,3.83899998664856,14.609999656677246,3.578,-0.2609999866485597
2023-06-14,1267.6199951171875,3.796000003814697,13.880000114440918,3.635,-0.1610000038146974
2023-06-15,1273.989990234375,3.7279999256134033,14.5,3.685,-0.0429999256134032
2023-06-16,1270.050048828125,3.7690000534057617,13.539999961853027,3.657,-0.1120000534057616
2023-06-19,1276.31005859375,3.7690000534057617,13.539999961853027,3.633,-0.1360000534057617
2023-06-20,1283.239990234375,3.7290000915527344,13.880000114440918,3.642,-0.0870000915527344
2023-06-21,1287.5400390625,3.723000049591065,13.199999809265137,3.621,-0.1020000495910644
2023-06-22,1288.3800048828125,3.799000024795532,12.90999984741211,3.647,-0.1520000247955324
2023-06-23,1298.2099609375,3.739000082015991,13.4399995803833,3.663,-0.0760000820159914
2023-06-26,1307.6700439453125,3.7190001010894775,14.25,3.611,-0.1080001010894773
2023-06-27,1302.6600341796875,3.767999887466431,13.739999771118164,3.603,-0.1649998874664304
2023-06-28,1296.5999755859375,3.7100000381469727,13.43000030517578,3.611,-0.0990000381469724
2023-06-29,1309.010009765625,3.8540000915527344,13.539999961853027,3.626,-0.2280000915527344
2023-06-30,1323.0699462890625,3.819000005722046,13.59000015258789,3.675,-0.144000005722046
2023-07-03,1315.300048828125,3.858000040054321,13.56999969482422,3.607,-0.2510000400543211
2023-07-04,1306.0999755859375,3.858000040054321,13.56999969482422,3.623,-0.235000040054321
2023-07-05,1295.5,3.944999933242798,14.18000030517578,3.644,-0.3009999332427977
2023-07-06,1302.969970703125,4.040999889373779,15.4399995803833,3.713,-0.3279998893737792
2023-07-07,1309.219970703125,4.050000190734863,14.829999923706056,3.761,-0.2890001907348631
2023-07-10,1297.3699951171875,4.00600004196167,15.06999969482422,3.863,-0.1430000419616699
2023-07-11,1299.5400390625,3.9800000190734863,14.84000015258789,3.758,-0.2220000190734863
2023-07-12,1291.510009765625,3.861000061035156,13.539999961853027,3.756,-0.1050000610351564
2023-07-13,1274.699951171875,3.760999917984009,13.609999656677246,3.657,-0.1039999179840087
2023-07-14,1266.8299560546875,3.819000005722046,13.34000015258789,3.685,-0.1340000057220458
2023-07-17,1268.3399658203125,3.796999931335449,13.479999542236328,3.66,-0.136999931335449
2023-07-18,1265.449951171875,3.7890000343322754,13.300000190734863,3.651,-0.1380000343322756
2023-07-19,1264.93994140625,3.742000102996826,13.760000228881836,3.575,-0.167000102996826
2023-07-20,1265.0899658203125,3.8540000915527344,13.989999771118164,3.606,-0.2480000915527345
2023-07-21,1278.4000244140625,3.836999893188477,13.600000381469728,3.636,-0.2009998931884764
2023-07-24,1285.6500244140625,3.857000112533569,13.90999984741211,3.64,-0.2170001125335692
2023-07-25,1280.530029296875,3.911999940872192,13.859999656677246,3.684,-0.2279999408721922
2023-07-26,1274.1199951171875,3.8510000705718994,13.1899995803833,3.658,-0.1930000705718995
2023-07-27,1275.1700439453125,4.01200008392334,14.40999984741211,3.637,-0.3750000839233398
2023-07-28,1283.8800048828125,3.9690001010894775,13.329999923706056,3.728,-0.2410001010894773
2023-07-31,1272.3900146484375,3.9590001106262207,13.630000114440918,3.761,-0.1980001106262205
2023-08-01,1277.9300537109375,4.051000118255615,13.93000030517578,3.727,-0.3240001182556153
2023-08-02,1289.050048828125,4.078000068664551,16.09000015258789,3.793,-0.2850000686645506
2023-08-03,1295.3699951171875,4.189000129699707,15.920000076293944,3.861,-0.3280001296997068
2023-08-04,1296.4000244140625,4.059999942779541,17.100000381469727,3.876,-0.1839999427795411
2023-08-07,1303.050048828125,4.078000068664551,15.770000457763672,3.814,-0.2640000686645507
2023-08-08,1307.75,4.026000022888184,15.989999771118164,3.74,-0.2860000228881834
2023-08-09,1316.6700439453125,4.01200008392334,15.960000038146973,3.774,-0.2380000839233398
2023-08-10,1313.6400146484375,4.079999923706055,15.850000381469728,3.786,-0.2939999237060546
2023-08-11,1318.3299560546875,4.168000221252441,14.84000015258789,3.824,-0.3440002212524415
2023-08-14,1329.6099853515625,4.184000015258789,14.81999969482422,3.889,-0.2950000152587892
2023-08-15,1334.739990234375,4.2210001945495605,16.459999084472656,3.889,-0.3320001945495607
2023-08-16,1338.739990234375,4.257999897003174,16.780000686645508,3.867,-0.3909998970031738
2023-08-17,1343.3299560546875,4.308000087738037,17.889999389648438,3.976,-0.3320000877380371
2023-08-18,1339.0799560546875,4.250999927520752,17.299999237060547,3.914,-0.3369999275207518
2023-08-21,1339.1700439453125,4.3420000076293945,17.1299991607666,3.973,-0.3690000076293946
2023-08-22,1339.739990234375,4.328000068664551,16.969999313354492,3.986,-0.3420000686645505
2023-08-23,1339.68994140625,4.197999954223633,15.979999542236328,3.92,-0.2779999542236329
2023-08-24,1327.780029296875,4.235000133514404,17.200000762939453,3.878,-0.3570001335144042
2023-08-25,1326.6199951171875,4.238999843597412,15.68000030517578,3.935,-0.303999843597412
2023-08-28,1323.6099853515625,4.211999893188477,15.079999923706056,3.872,-0.3399998931884767
2023-08-29,1322.8199462890625,4.122000217437744,14.449999809265137,3.844,-0.2780002174377443
2023-08-30,1321.0699462890625,4.118000030517578,13.880000114440918,3.85,-0.268000030517578
2023-08-31,1323.030029296875,4.0929999351501465,13.56999969482422,3.821,-0.2719999351501463
2023-09-01,1324.6400146484375,4.172999858856201,13.09000015258789,3.778,-0.3949998588562011
2023-09-04,1317.4599609375,4.172999858856201,13.09000015258789,3.856,-0.3169998588562013
2023-09-05,1317.949951171875,4.26800012588501,14.010000228881836,3.886,-0.3820001258850096
2023-09-06,1331.72998046875,4.289999961853027,14.449999809265137,3.893,-0.3969999618530275
2023-09-07,1333.4599609375,4.260000228881836,14.399999618530272,3.969,-0.2910002288818361
2023-09-08,1334.02001953125,4.257999897003174,13.84000015258789,3.895,-0.3629998970031738
2023-09-11,1335.3199462890625,4.288000106811523,13.800000190734863,3.961,-0.3270001068115236
2023-09-12,1320.43994140625,4.263999938964844,14.229999542236328,3.965,-0.2989999389648439
2023-09-13,1324.0999755859375,4.249000072479248,13.479999542236328,3.949,-0.3000000724792482
2023-09-14,1329.77001953125,4.288000106811523,12.81999969482422,3.917,-0.3710001068115236
2023-09-15,1327.06005859375,4.322000026702881,13.789999961853027,3.928,-0.3940000267028809
2023-09-18,1328.4200439453125,4.318999767303467,14.0,3.982,-0.3369997673034666
2023-09-19,1329.6600341796875,4.364999771118164,14.109999656677246,3.952,-0.4129997711181641
2023-09-20,1328.530029296875,4.348999977111816,15.140000343322754,3.963,-0.3859999771118163
2023-09-21,1332.3399658203125,4.480000019073486,17.540000915527344,4.031,-0.4490000190734866
2023-09-22,1341.1700439453125,4.438000202178955,17.200000762939453,4.001,-0.4370002021789547
2023-09-25,1334.6600341796875,4.541999816894531,16.899999618530273,4.012,-0.5299998168945317
2023-09-26,1338.449951171875,4.558000087738037,18.940000534057617,4.054,-0.5040000877380368
2023-09-27,1353.75,4.625999927520752,18.21999931335449,4.03,-0.5959999275207517
2023-09-28,1352.8199462890625,4.5970001220703125,17.34000015258789,4.03,-0.5670001220703123
2023-09-29,1347.8499755859375,4.572999954223633,17.520000457763672,4.03,-0.5429999542236326
2023-10-02,1351.93994140625,4.683000087738037,17.610000610351562,4.03,-0.6530000877380369
2023-10-03,1354.18994140625,4.802000045776367,19.780000686645508,4.03,-0.7720000457763669
2023-10-04,1359.219970703125,4.735000133514404,18.57999992370605,4.351,-0.3840001335144043
2023-10-05,1351.1600341796875,4.7170000076293945,18.489999771118164,4.322,-0.3950000076293944
2023-10-06,1346.06005859375,4.783999919891357,17.450000762939453,4.24,-0.5439999198913572
2023-10-09,1343.3599853515625,4.796999931335449,17.700000762939453,4.24,-0.556999931335449
2023-10-10,1346.8900146484375,4.65500020980835,17.030000686645508,4.219,-0.4360002098083493
2023-10-11,1341.8900146484375,4.59499979019165,16.09000015258789,4.142,-0.45299979019165
2023-10-12,1338.260009765625,4.711999893188477,16.690000534057617,4.101,-0.6109998931884766
2023-10-13,1348.3399658203125,4.629000186920166,19.31999969482422,4.169,-0.4600001869201664
2023-10-16,1352.0699462890625,4.711999893188477,17.209999084472656,4.191,-0.5209998931884767
2023-10-17,1347.760009765625,4.8470001220703125,17.8799991607666,4.224,-0.6230001220703123
2023-10-18,1352.989990234375,4.90399980545044,19.21999931335449,4.287,-0.6169998054504395
2023-10-19,1354.56005859375,4.98799991607666,21.399999618530277,4.362,-0.6259999160766601
2023-10-20,1356.22998046875,4.923999786376953,21.709999084472656,4.327,-0.5969997863769532
2023-10-23,1349.3399658203125,4.8379998207092285,20.3700008392334,4.374,-0.4639998207092288
2023-10-24,1334.43994140625,4.840000152587891,18.96999931335449,4.269,-0.5710001525878905
2023-10-25,1343.6400146484375,4.953000068664551,20.190000534057617,4.281,-0.6720000686645511
2023-10-26,1352.6800537109375,4.84499979019165,20.68000030517578,4.392,-0.45299979019165
2023-10-27,1350.3399658203125,4.84499979019165,21.270000457763672,4.28,-0.5649997901916501
2023-10-30,1355.219970703125,4.875,19.75,4.312,-0.5629999999999997
2023-10-31,1348.0699462890625,4.875,18.13999938964844,4.325,-0.5499999999999998
2023-11-01,1350.1600341796875,4.789000034332275,16.8700008392334,4.288,-0.5010000343322751
2023-11-02,1347.8399658203125,4.669000148773193,15.65999984741211,4.168,-0.5010001487731932
2023-11-03,1333.6800537109375,4.558000087738037,14.90999984741211,4.105,-0.4530000877380367
2023-11-06,1307.8399658203125,4.662000179290772,14.890000343322754,4.056,-0.6060001792907714
2023-11-07,1297.1099853515625,4.571000099182129,14.8100004196167,4.055,-0.5160000991821292
2023-11-08,1304.550048828125,4.5229997634887695,14.449999809265137,4.022,-0.5009997634887693
2023-11-09,1308.1199951171875,4.630000114440918,15.289999961853027,3.945,-0.6850001144409181
2023-11-10,1315.199951171875,4.627999782562256,14.170000076293944,3.969,-0.658999782562256
2023-11-13,1319.6199951171875,4.631999969482422,14.760000228881836,4.005,-0.626999969482422
2023-11-14,1319.0699462890625,4.440999984741211,14.15999984741211,3.98,-0.4609999847412109
2023-11-15,1304.239990234375,4.534999847412109,14.18000030517578,3.815,-0.7199998474121094
2023-11-16,1301.8599853515625,4.445000171661377,14.31999969482422,3.799,-0.646000171661377
2023-11-17,1292.449951171875,4.440999984741211,13.800000190734863,3.796,-0.6449999847412111
2023-11-20,1294.5,4.421999931335449,13.40999984741211,3.755,-0.6669999313354493
2023-11-21,1288.1500244140625,4.418000221252441,13.350000381469728,3.726,-0.6920002212524414
2023-11-22,1295.18994140625,4.415999889373779,12.850000381469728,3.762,-0.6539998893737793
2023-11-23,1298.7900390625,4.415999889373779,12.850000381469728,3.712,-0.7039998893737791
2023-11-24,1300.1800537109375,4.4720001220703125,12.460000038146973,3.779,-0.6930001220703126
2023-11-27,1289.7900390625,4.388999938964844,12.6899995803833,3.767,-0.6219999389648438
2023-11-28,1302.530029296875,4.335999965667725,12.6899995803833,3.726,-0.6099999656677246
2023-11-29,1287.530029296875,4.270999908447266,12.979999542236328,3.641,-0.6299999084472656
2023-11-30,1288.3599853515625,4.352000236511231,12.920000076293944,3.699,-0.6530002365112306
2023-12-01,1296.6600341796875,4.22599983215332,12.630000114440918,3.699,-0.5269998321533205
2023-12-04,1299.18994140625,4.288000106811523,13.079999923706056,3.626,-0.6620001068115235
2023-12-05,1307.800048828125,4.171000003814697,12.850000381469728,3.579,-0.5920000038146971
2023-12-06,1313.3699951171875,4.120999813079834,12.970000267028809,3.533,-0.5879998130798341
2023-12-07,1313.719970703125,4.129000186920166,13.0600004196167,3.576,-0.553000186920166
2023-12-08,1312.760009765625,4.244999885559082,12.350000381469728,3.534,-0.7109998855590822
2023-12-11,1316.510009765625,4.238999843597412,12.630000114440918,3.566,-0.6729998435974123
2023-12-12,1313.6199951171875,4.205999851226807,12.06999969482422,3.527,-0.6789998512268065
2023-12-13,1310.1400146484375,4.0329999923706055,12.1899995803833,3.525,-0.5079999923706056
2023-12-14,1292.010009765625,3.930000066757202,12.479999542236328,3.332,-0.5980000667572023
2023-12-15,1291.9200439453125,3.927999973297119,12.279999732971191,3.358,-0.569999973297119
2023-12-18,1276.469970703125,3.953999996185303,12.5600004196167,3.336,-0.6179999961853029
2023-12-19,1302.9300537109375,3.921999931335449,12.529999732971191,3.328,-0.5939999313354494
2023-12-20,1297.760009765625,3.877000093460083,13.670000076293944,3.28,-0.5970000934600832
2023-12-21,1296.97998046875,3.8940000534057617,13.649999618530272,3.297,-0.5970000534057616
2023-12-22,1291.7099609375,3.901000022888184,13.029999732971191,3.301,-0.6000000228881834
2023-12-25,1297.3599853515625,3.901000022888184,13.029999732971191,3.301,-0.6000000228881834
2023-12-26,1294.5799560546875,3.885999917984009,12.989999771118164,3.271,-0.6149999179840089
2023-12-27,1293.9200439453125,3.7890000343322754,12.43000030517578,3.26,-0.5290000343322756
2023-12-28,1294.760009765625,3.849999904632568,12.470000267028809,3.183,-0.6669999046325685
2023-12-29,1277.8399658203125,3.865999937057495,12.449999809265137,3.183,-0.6829999370574953
2024-01-01,1293.530029296875,3.865999937057495,12.449999809265137,3.183,-0.6829999370574953
2024-01-02,1293.5400390625,3.946000099182129,13.199999809265137,3.306,-0.6400000991821289
2024-01-03,1307.6199951171875,3.9070000648498535,14.039999961853027,3.338,-0.5690000648498534
2024-01-04,1309.530029296875,3.990999937057495,14.130000114440918,3.288,-0.7029999370574953
2024-01-05,1311.25,4.041999816894531,13.350000381469728,3.344,-0.6979998168945314
2024-01-08,1313.1300048828125,4.001999855041504,13.079999923706056,3.344,-0.657999855041504
2024-01-09,1311.800048828125,4.019000053405762,12.760000228881836,3.323,-0.6960000534057618
2024-01-10,1319.7900390625,4.03000020980835,12.6899995803833,3.346,-0.6840002098083495
2024-01-11,1317.5,3.9769999980926514,12.4399995803833,3.307,-0.6699999980926514
2024-01-12,1311.989990234375,3.950000047683716,12.699999809265137,3.306,-0.6440000476837158
2024-01-15,1312.8499755859375,3.950000047683716,12.699999809265137,3.293,-0.6570000476837157
2024-01-16,1319.7099609375,4.065999984741211,13.84000015258789,3.322,-0.7439999847412109
2024-01-17,1337.7900390625,4.105999946594238,14.789999961853027,3.369,-0.7369999465942381
2024-01-18,1344.050048828125,4.144000053405762,14.130000114440918,3.38,-0.7640000534057618
2024-01-19,1337.6600341796875,4.145999908447266,13.300000190734863,3.422,-0.7239999084472655
2024-01-22,1333.2099609375,4.093999862670898,13.1899995803833,3.372,-0.7219998626708986
2024-01-23,1338.739990234375,4.142000198364258,12.550000190734863,3.372,-0.7700001983642579
2024-01-24,1336.780029296875,4.177999973297119,13.140000343322754,3.4,-0.7779999732971192
2024-01-25,1329.8900146484375,4.131999969482422,13.449999809265137,3.419,-0.7129999694824218
2024-01-26,1336.030029296875,4.159999847412109,13.260000228881836,3.386,-0.7739998474121093
2024-01-29,1336.760009765625,4.091000080108643,13.600000381469728,3.436,-0.6550000801086426
2024-01-30,1333.2099609375,4.059000015258789,13.3100004196167,3.35,-0.709000015258789
2024-01-31,1326.6199951171875,3.9670000076293945,14.350000381469728,3.345,-0.6220000076293943
2024-02-01,1333.9100341796875,3.86299991607666,13.880000114440918,3.339,-0.5239999160766602
2024-02-02,1328.949951171875,4.0329999923706055,13.850000381469728,3.287,-0.7459999923706055
2024-02-05,1337.72998046875,4.164000034332275,13.670000076293944,3.374,-0.7900000343322753
2024-02-06,1333.3900146484375,4.090000152587891,13.0600004196167,3.382,-0.7080001525878905
2024-02-07,1326.7900390625,4.110000133514404,12.829999923706056,3.378,-0.7320001335144042
2024-02-08,1327.6199951171875,4.170000076293945,12.789999961853027,3.4,-0.7700000762939454
2024-02-09,1331.469970703125,4.186999797821045,12.93000030517578,3.4,-0.786999797821045
2024-02-12,1330.06005859375,4.171999931335449,13.93000030517578,3.4,-0.7719999313354493
2024-02-13,1328.5,4.315999984741211,15.850000381469728,3.453,-0.8629999847412111
2024-02-14,1340.7900390625,4.267000198364258,14.380000114440918,3.502,-0.765000198364258
2024-02-15,1326.0,4.239999771118164,14.010000228881836,3.477,-0.7629997711181642
2024-02-16,1327.6600341796875,4.295000076293945,14.239999771118164,3.482,-0.8130000762939451
2024-02-19,1331.5799560546875,4.295000076293945,14.239999771118164,3.467,-0.8280000762939452
2024-02-20,1333.3399658203125,4.275000095367432,15.420000076293944,3.489,-0.7860000953674318
2024-02-21,1333.75,4.324999809265137,15.34000015258789,3.474,-0.8509998092651365
2024-02-22,1332.8699951171875,4.327000141143799,14.539999961853027,3.424,-0.9030001411437988
2024-02-23,1327.1700439453125,4.260000228881836,13.75,3.468,-0.792000228881836
2024-02-26,1330.0,4.298999786376953,13.739999771118164,3.402,-0.896999786376953
2024-02-27,1331.719970703125,4.315000057220459,13.43000030517578,3.43,-0.8850000572204588
2024-02-28,1331.7900390625,4.27400016784668,13.84000015258789,3.442,-0.8320001678466795
2024-02-29,1333.3800048828125,4.251999855041504,13.399999618530272,3.475,-0.7769998550415038
2024-03-01,1335.199951171875,4.179999828338623,13.109999656677246,3.475,-0.704999828338623
2024-03-04,1330.9000244140625,4.218999862670898,13.489999771118164,3.434,-0.7849998626708983
2024-03-05,1328.93994140625,4.13700008392334,14.460000038146973,3.409,-0.72800008392334
2024-03-06,1333.4300537109375,4.104000091552734,14.5,3.381,-0.7230000915527346
2024-03-07,1327.0899658203125,4.0920000076293945,14.4399995803833,3.399,-0.6930000076293945
2024-03-08,1321.1800537109375,4.089000225067139,14.739999771118164,3.334,-0.7550002250671386
2024-03-11,1315.97998046875,4.104000091552734,15.220000267028809,3.342,-0.7620000915527343
2024-03-12,1310.5400390625,4.15500020980835,13.84000015258789,3.335,-0.8200002098083496
2024-03-13,1311.1500244140625,4.191999912261963,13.75,3.331,-0.8609999122619629
2024-03-14,1313.6500244140625,4.297999858856201,14.399999618530272,3.354,-0.9439998588562012
2024-03-15,1321.9200439453125,4.303999900817871,14.40999984741211,3.41,-0.893999900817871
2024-03-18,1329.3399658203125,4.340000152587891,14.329999923706056,3.435,-0.9050001525878906
2024-03-19,1336.0899658203125,4.296999931335449,13.81999969482422,3.472,-0.8249999313354492
2024-03-20,1337.02001953125,4.2729997634887695,13.039999961853027,3.451,-0.8219997634887695
2024-03-21,1330.1099853515625,4.270999908447266,12.920000076293944,3.411,-0.8599999084472656
2024-03-22,1334.6800537109375,4.2179999351501465,13.0600004196167,3.362,-0.8559999351501464
2024-03-25,1343.5999755859375,4.252999782562256,13.1899995803833,3.37,-0.8829997825622558
2024-03-26,1339.1300048828125,4.234000205993652,13.239999771118164,3.397,-0.8370002059936525
2024-03-27,1343.06005859375,4.196000099182129,12.779999732971191,3.373,-0.8230000991821287
2024-03-28,1349.800048828125,4.205999851226807,13.010000228881836,3.377,-0.8289998512268069
2024-03-29,1349.800048828125,4.205999851226807,13.010000228881836,3.413,-0.7929998512268068
2024-04-01,1345.31005859375,4.328999996185303,13.649999618530272,3.381,-0.947999996185303
2024-04-02,1355.530029296875,4.364999771118164,14.609999656677246,3.425,-0.9399997711181642
2024-04-03,1350.72998046875,4.355000019073486,14.329999923706056,3.452,-0.9030000190734864
2024-04-04,1344.8399658203125,4.309000015258789,16.350000381469727,3.457,-0.8520000152587892
2024-04-05,1351.3599853515625,4.377999782562256,16.030000686645508,3.433,-0.944999782562256
2024-04-08,1350.27001953125,4.423999786376953,15.1899995803833,3.488,-0.9359997863769532
2024-04-09,1354.219970703125,4.366000175476074,14.979999542236328,3.503,-0.8630001754760741
2024-04-10,1348.5400390625,4.559999942779541,15.800000190734863,3.503,-1.056999942779541
2024-04-11,1363.760009765625,4.576000213623047,14.90999984741211,3.585,-0.9910002136230468
2024-04-12,1367.8399658203125,4.499000072479248,17.309999465942383,3.538,-0.9610000724792482
2024-04-15,1379.6099853515625,4.627999782562256,19.229999542236328,3.561,-1.066999782562256
2024-04-16,1387.6700439453125,4.658999919891357,18.399999618530277,3.618,-1.0409999198913575
2024-04-17,1387.3399658203125,4.585000038146973,18.209999084472656,3.632,-0.9530000381469724
2024-04-18,1379.5400390625,4.646999835968018,18.0,3.562,-1.0849998359680175
2024-04-19,1379.4000244140625,4.614999771118164,18.709999084472656,3.583,-1.031999771118164
2024-04-22,1373.9300537109375,4.623000144958496,16.940000534057617,3.65,-0.9730001449584962
2024-04-23,1378.8399658203125,4.5980000495910645,15.6899995803833,3.625,-0.9730000495910645
2024-04-24,1370.47998046875,4.651999950408936,15.970000267028809,3.645,-1.0069999504089355
2024-04-25,1376.969970703125,4.705999851226807,15.369999885559082,3.707,-0.9989998512268068
2024-04-26,1371.699951171875,4.669000148773193,15.029999732971191,3.694,-0.9750001487731934
2024-04-29,1377.0899658203125,4.613999843597412,14.670000076293944,3.704,-0.909999843597412
2024-04-30,1374.6400146484375,4.685999870300293,15.649999618530272,3.656,-1.0299998703002928
2024-05-01,1385.4599609375,4.59499979019165,15.390000343322754,3.656,-0.9389997901916504
2024-05-02,1375.0,4.571000099182129,14.68000030517578,3.638,-0.933000099182129
2024-05-03,1364.6400146484375,4.5,13.489999771118164,3.614,-0.8860000000000001
2024-05-06,1355.050048828125,4.488999843597412,13.489999771118164,3.614,-0.8749998435974122
2024-05-07,1352.1700439453125,4.4629998207092285,13.229999542236328,3.536,-0.9269998207092284
2024-05-08,1357.72998046875,4.492000102996826,13.0,3.53,-0.9620001029968264
2024-05-09,1361.93994140625,4.448999881744385,12.6899995803833,3.556,-0.8929998817443847
2024-05-10,1365.4000244140625,4.504000186920166,12.550000190734863,3.538,-0.9660001869201662
2024-05-13,1370.1099853515625,4.480999946594238,13.600000381469728,3.554,-0.9269999465942385
2024-05-14,1363.7900390625,4.445000171661377,13.420000076293944,3.546,-0.8990001716613771
2024-05-15,1362.550048828125,4.355999946594238,12.449999809265137,3.546,-0.8099999465942385
2024-05-16,1353.5999755859375,4.376999855041504,12.420000076293944,3.458,-0.9189998550415036
2024-05-17,1346.0400390625,4.420000076293945,11.989999771118164,3.454,-0.9660000762939452
2024-05-20,1353.3900146484375,4.436999797821045,12.149999618530272,3.497,-0.939999797821045
2024-05-21,1360.1600341796875,4.414000034332275,11.859999656677246,3.491,-0.9230000343322752
2024-05-22,1363.4200439453125,4.434000015258789,12.289999961853027,3.478,-0.9560000152587887
2024-05-23,1365.81005859375,4.474999904632568,12.770000457763672,3.472,-1.0029999046325684
2024-05-24,1367.6199951171875,4.4670000076293945,11.93000030517578,3.515,-0.9520000076293944
2024-05-27,1365.7099609375,4.4670000076293945,11.93000030517578,3.498,-0.9690000076293944
2024-05-28,1360.9300537109375,4.541999816894531,12.920000076293944,3.481,-1.0609998168945314
2024-05-29,1362.760009765625,4.624000072479248,14.279999732971191,3.536,-1.088000072479248
2024-05-30,1370.550048828125,4.553999900817871,14.470000267028809,3.564,-0.989999900817871
2024-05-31,1375.6199951171875,4.513999938964844,12.920000076293944,3.578,-0.935999938964844
2024-06-03,1382.0999755859375,4.401999950408936,13.109999656677246,3.532,-0.8699999504089355
2024-06-04,1370.7900390625,4.335999965667725,13.15999984741211,3.47,-0.8659999656677244
2024-06-05,1373.719970703125,4.289000034332275,12.630000114440918,3.43,-0.8590000343322752
2024-06-06,1368.739990234375,4.281000137329102,12.579999923706056,3.43,-0.8510001373291014
2024-06-07,1365.25,4.429999828338623,12.220000267028809,3.385,-1.0449998283386233
2024-06-10,1379.050048828125,4.468999862670898,12.739999771118164,3.433,-1.0359998626708986
2024-06-11,1373.9599609375,4.40399980545044,12.850000381469728,3.425,-0.9789998054504396
2024-06-12,1377.3599853515625,4.295000076293945,12.039999961853027,3.382,-0.9130000762939452
2024-06-13,1370.4100341796875,4.23799991607666,11.9399995803833,3.345,-0.89299991607666
2024-06-14,1373.739990234375,4.2129998207092285,12.65999984741211,3.302,-0.9109998207092284
2024-06-17,1382.280029296875,4.27899980545044,12.75,3.283,-0.9959998054504396
2024-06-18,1379.06005859375,4.2170000076293945,12.300000190734863,3.279,-0.9380000076293946
2024-06-19,1378.6099853515625,4.2170000076293945,12.300000190734863,3.231,-0.9860000076293948
2024-06-20,1381.1500244140625,4.254000186920166,13.279999732971191,3.269,-0.985000186920166
2024-06-21,1391.8199462890625,4.256999969482422,13.199999809265137,3.255,-1.001999969482422
2024-06-24,1388.3900146484375,4.248000144958496,13.329999923706056,3.264,-0.9840001449584964
2024-06-25,1386.1099853515625,4.23799991607666,12.84000015258789,3.271,-0.9669999160766602
2024-06-26,1390.8900146484375,4.315999984741211,12.550000190734863,3.278,-1.037999984741211
2024-06-27,1393.3800048828125,4.288000106811523,12.239999771118164,3.3,-0.9880001068115236
2024-06-28,1386.949951171875,4.3429999351501465,12.4399995803833,3.266,-1.0769999351501465
2024-07-01,1380.2900390625,4.479000091552734,12.220000267028809,3.312,-1.1670000915527343
2024-07-02,1383.4200439453125,4.435999870300293,12.029999732971191,3.289,-1.1469998703002928
2024-07-03,1383.4200439453125,4.355000019073486,12.09000015258789,3.274,-1.0810000190734863
2024-07-04,1385.77001953125,4.355000019073486,12.09000015258789,3.234,-1.1210000190734863
2024-07-05,1380.25,4.271999835968018,12.479999542236328,3.227,-1.0449998359680177
2024-07-08,1376.5699462890625,4.269000053405762,12.369999885559082,3.212,-1.0570000534057615
2024-07-09,1382.75,4.300000190734863,12.510000228881836,3.191,-1.1090001907348634
2024-07-10,1382.4200439453125,4.28000020980835,12.850000381469728,3.198,-1.0820002098083497
2024-07-11,1382.989990234375,4.192999839782715,12.920000076293944,3.234,-0.9589998397827147
2024-07-12,1371.27001953125,4.189000129699707,12.460000038146973,3.177,-1.012000129699707
2024-07-15,1374.1099853515625,4.229000091552734,13.119999885559082,3.177,-1.0520000915527343
2024-07-16,1383.68994140625,4.166999816894531,13.1899995803833,3.137,-1.0299998168945312
2024-07-17,1382.6400146484375,4.145999908447266,14.479999542236328,3.139,-1.0069999084472658
2024-07-18,1378.6500244140625,4.189000129699707,15.93000030517578,3.138,-1.0510001296997071
2024-07-19,1385.239990234375,4.238999843597412,16.520000457763672,3.156,-1.082999843597412
2024-07-22,1388.81005859375,4.260000228881836,14.90999984741211,3.145,-1.115000228881836
2024-07-23,1387.0999755859375,4.238999843597412,14.720000267028809,3.171,-1.0679998435974123
2024-07-24,1384.5699462890625,4.285999774932861,18.040000915527344,3.131,-1.1549997749328615
2024-07-25,1382.6500244140625,4.25600004196167,18.459999084472656,3.128,-1.1280000419616698
2024-07-26,1381.4300537109375,4.199999809265137,16.389999389648438,3.108,-1.0919998092651366
2024-07-29,1382.0899658203125,4.177999973297119,16.600000381469727,3.046,-1.131999973297119
2024-07-30,1381.3599853515625,4.14300012588501,17.690000534057617,3.052,-1.0910001258850095
2024-07-31,1383.5,4.109000205993652,16.360000610351562,3.064,-1.0450002059936525
2024-08-01,1367.9200439453125,3.9760000705718994,18.59000015258789,3.01,-0.9660000705718996
2024-08-02,1368.969970703125,3.7920000553131104,23.38999938964844,2.976,-0.8160000553131104
2024-08-05,1357.1700439453125,3.785000085830689,38.56999969482422,2.878,-0.9070000858306884
2024-08-06,1367.4000244140625,3.888000011444092,27.709999084472656,2.993,-0.8950000114440919
2024-08-07,1370.31005859375,3.9679999351501465,27.850000381469727,3.001,-0.9669999351501466
2024-08-08,1375.3299560546875,3.996999979019165,23.790000915527344,2.997,-0.9999999790191652
2024-08-09,1373.760009765625,3.941999912261963,20.3700008392334,3.012,-0.9299999122619628
2024-08-12,1363.8399658203125,3.908999919891357,20.709999084472656,3.0,-0.9089999198913574
2024-08-13,1369.5400390625,3.8519999980926514,18.1200008392334,2.974,-0.8779999980926512
2024-08-14,1362.1700439453125,3.819999933242798,16.190000534057617,2.945,-0.874999933242798
2024-08-15,1355.7099609375,3.9260001182556152,15.229999542236328,2.945,-0.9810001182556154
2024-08-16,1363.510009765625,3.891999959945679,14.800000190734863,2.973,-0.9189999599456788
2024-08-19,1348.97998046875,3.867000102996826,14.649999618530272,2.985,-0.8820001029968263
2024-08-20,1330.8800048828125,3.818000078201294,15.880000114440918,2.999,-0.8190000782012938
2024-08-21,1327.5799560546875,3.7780001163482666,16.270000457763672,2.997,-0.7810001163482667
2024-08-22,1333.6600341796875,3.861999988555908,17.549999237060547,2.98,-0.8819999885559082
2024-08-23,1339.5400390625,3.806999921798706,15.859999656677246,3.005,-0.8019999217987062
2024-08-26,1323.8800048828125,3.818000078201294,16.149999618530273,2.974,-0.8440000782012937
2024-08-27,1326.6400146484375,3.8329999446868896,15.43000030517578,3.073,-0.7599999446868897
2024-08-28,1326.3599853515625,3.8410000801086426,17.110000610351562,3.054,-0.7870000801086428
2024-08-29,1336.68994140625,3.867000102996826,15.649999618530272,3.075,-0.792000102996826
2024-08-30,1332.8800048828125,3.91100001335144,15.0,3.088,-0.8230000133514404
2024-09-02,1336.5799560546875,3.91100001335144,15.0,3.121,-0.7900000133514404
2024-09-03,1337.550048828125,3.8440001010894775,20.71999931335449,3.12,-0.7240001010894774
2024-09-04,1340.4100341796875,3.767999887466431,21.31999969482422,3.052,-0.7159998874664306
2024-09-05,1331.010009765625,3.7309999465942383,19.899999618530277,3.03,-0.7009999465942385
2024-09-06,1332.7900390625,3.7100000381469727,22.3799991607666,2.99,-0.7200000381469724
2024-09-09,1337.77001953125,3.697000026702881,19.450000762939453,3.032,-0.6650000267028808
2024-09-10,1341.27001953125,3.6459999084472656,19.07999992370605,3.01,-0.6359999084472658
2024-09-11,1343.3399658203125,3.6530001163482666,17.690000534057617,2.943,-0.7100001163482665
2024-09-12,1339.1800537109375,3.680000066757202,17.06999969482422,2.97,-0.710000066757202
2024-09-13,1335.68994140625,3.650000095367432,16.559999465942383,2.928,-0.7220000953674317
2024-09-16,1329.510009765625,3.621000051498413,17.139999389648438,2.928,-0.6930000514984131
2024-09-17,1319.1099853515625,3.641999959945679,17.610000610351562,2.928,-0.7139999599456788
2024-09-18,1322.9300537109375,3.684999942779541,18.229999542236328,2.928,-0.7569999427795411
2024-09-19,1322.260009765625,3.740000009536743,16.329999923706055,2.979,-0.7610000095367431
2024-09-20,1327.6099853515625,3.7279999256134033,16.149999618530273,2.989,-0.7389999256134034
2024-09-23,1331.5,3.739000082015991,15.890000343322754,3.022,-0.7170000820159914
2024-09-24,1333.6199951171875,3.736000061035156,15.390000343322754,3.026,-0.7100000610351564
2024-09-25,1324.8900146484375,3.7809998989105225,15.40999984741211,2.997,-0.7839998989105226
2024-09-26,1335.050048828125,3.7909998893737793,15.369999885559082,3.001,-0.7899998893737794
2024-09-27,1313.300048828125,3.749000072479248,16.959999084472656,3.0,-0.749000072479248
2024-09-30,1309.300048828125,3.802000045776367,16.729999542236328,2.992,-0.8100000457763672
2024-10-01,1315.3299560546875,3.743000030517578,19.26000022888184,2.992,-0.7510000305175781
2024-10-02,1324.8399658203125,3.785000085830689,18.899999618530277,2.932,-0.8530000858306885
2024-10-03,1324.030029296875,3.849999904632568,20.489999771118164,2.932,-0.9179999046325684
2024-10-04,1334.4100341796875,3.9809999465942383,19.209999084472656,2.996,-0.9849999465942384
2024-10-07,1345.8800048828125,4.026000022888184,22.63999938964844,3.101,-0.9250000228881836
2024-10-08,1342.3699951171875,4.0329999923706055,21.420000076293945,3.077,-0.9559999923706056
2024-10-09,1341.31005859375,4.066999912261963,20.86000061035156,3.077,-0.9899999122619628
2024-10-10,1343.02001953125,4.0960001945495605,20.93000030517578,3.088,-1.0080001945495605
2024-10-11,1349.739990234375,4.072999954223633,20.459999084472656,3.085,-0.9879999542236328
2024-10-14,1348.3299560546875,4.0980000495910645,19.700000762939453,3.087,-1.0110000495910645
2024-10-15,1357.27001953125,4.038000106811523,20.63999938964844,3.05,-0.9880001068115236
2024-10-16,1363.1800537109375,4.015999794006348,19.57999992370605,3.008,-1.0079997940063476
2024-10-17,1364.199951171875,4.0960001945495605,19.11000061035156,3.028,-1.0680001945495603
2024-10-18,1370.050048828125,4.072999954223633,18.030000686645508,3.072,-1.0009999542236327
2024-10-21,1369.010009765625,4.182000160217285,18.3700008392334,3.054,-1.128000160217285
2024-10-22,1376.5,4.203999996185303,18.200000762939453,3.13,-1.0739999961853028
2024-10-23,1376.6300048828125,4.242000102996826,19.239999771118164,3.128,-1.114000102996826
2024-10-24,1377.3399658203125,4.199999809265137,19.07999992370605,3.074,-1.1259998092651369
2024-10-25,1376.3199462890625,4.23199987411499,20.32999992370605,3.054,-1.1779998741149904
2024-10-28,1387.6600341796875,4.277999877929688,19.799999237060547,3.117,-1.1609998779296875
2024-10-29,1381.969970703125,4.27400016784668,19.34000015258789,3.118,-1.1560001678466798
2024-10-30,1383.1800537109375,4.265999794006348,20.350000381469727,3.105,-1.1609997940063477
2024-10-31,1378.5699462890625,4.283999919891357,23.15999984741211,3.1,-1.183999919891357
2024-11-01,1372.9300537109375,4.361000061035156,21.8799991607666,3.09,-1.2710000610351564
2024-11-04,1379.3399658203125,4.309000015258789,21.979999542236328,3.096,-1.213000015258789
2024-11-05,1372.8599853515625,4.289000034332275,20.489999771118164,3.073,-1.2160000343322754
2024-11-06,1378.0,4.426000118255615,16.270000457763672,3.134,-1.2920001182556151
2024-11-07,1399.800048828125,4.341000080108643,15.199999809265137,3.098,-1.2430000801086427
2024-11-08,1372.0799560546875,4.306000232696533,14.9399995803833,3.049,-1.2570002326965333
2024-11-11,1397.199951171875,4.308000087738037,14.970000267028809,3.038,-1.2700000877380373
2024-11-12,1400.550048828125,4.432000160217285,14.710000038146973,3.014,-1.4180001602172854
2024-11-13,1406.6500244140625,4.451000213623047,14.020000457763672,3.067,-1.3840002136230467
2024-11-14,1399.0,4.418000221252441,14.3100004196167,3.074,-1.3440002212524416
2024-11-15,1400.8299560546875,4.427999973297119,16.139999389648438,3.084,-1.343999973297119
2024-11-18,1394.3499755859375,4.414000034332275,15.579999923706056,3.063,-1.3510000343322752
2024-11-19,1389.5,4.379000186920166,16.350000381469727,3.036,-1.343000186920166
2024-11-20,1392.1600341796875,4.406000137329102,17.15999984741211,3.017,-1.3890001373291017
2024-11-21,1397.6199951171875,4.432000160217285,16.8700008392334,2.978,-1.454000160217285
2024-11-22,1399.5999755859375,4.409999847412109,15.239999771118164,2.976,-1.4339998474121094
2024-11-25,1403.510009765625,4.264999866485596,14.600000381469728,2.92,-1.3449998664855958
2024-11-26,1395.56005859375,4.302000045776367,14.100000381469728,2.903,-1.3990000457763672
2024-11-27,1395.27001953125,4.242000102996826,14.100000381469728,2.88,-1.3620001029968265
2024-11-28,1388.469970703125,4.242000102996826,14.100000381469728,2.788,-1.4540001029968264
2024-11-29,1393.300048828125,4.177999973297119,13.510000228881836,2.751,-1.4269999732971193
2024-12-02,1399.8599853515625,4.196000099182129,13.34000015258789,2.697,-1.4990000991821288
2024-12-03,1401.06005859375,4.2230000495910645,13.300000190734863,2.713,-1.5100000495910644
2024-12-04,1411.6700439453125,4.179999828338623,13.449999809265137,2.765,-1.414999828338623
2024-12-05,1410.800048828125,4.179999828338623,13.539999961853027,2.738,-1.441999828338623
2024-12-06,1399.989990234375,4.151000022888184,12.770000457763672,2.744,-1.4070000228881834
2024-12-09,1424.219970703125,4.198999881744385,14.1899995803833,2.677,-1.5219998817443847
2024-12-10,1426.5999755859375,4.2210001945495605,14.18000030517578,2.645,-1.5760001945495603
2024-12-11,1433.949951171875,4.270999908447266,13.579999923706056,2.692,-1.5789999084472657
2024-12-12,1429.1500244140625,4.323999881744385,13.920000076293944,2.7,-1.6239998817443846
2024-12-13,1427.8599853515625,4.39900016784668,13.8100004196167,2.676,-1.7230001678466795
2024-12-16,1434.449951171875,4.396999835968018,14.6899995803833,2.721,-1.6759998359680175
2024-12-17,1431.3499755859375,4.385000228881836,15.869999885559082,2.79,-1.595000228881836
2024-12-18,1436.4200439453125,4.49399995803833,27.6200008392334,2.738,-1.75599995803833
2024-12-19,1451.5,4.570000171661377,24.09000015258789,2.814,-1.756000171661377
2024-12-20,1437.449951171875,4.52400016784668,18.36000061035156,2.873,-1.6510001678466797
2024-12-23,1445.4200439453125,4.598999977111816,16.780000686645508,2.844,-1.7549999771118163
2024-12-24,1442.699951171875,4.591000080108643,14.270000457763672,2.876,-1.715000080108643
2024-12-25,1453.4200439453125,4.591000080108643,14.270000457763672,2.876,-1.715000080108643
2024-12-26,1457.6099853515625,4.578999996185303,14.729999542236328,2.904,-1.6749999961853028
2024-12-27,1466.989990234375,4.61899995803833,15.949999809265137,2.876,-1.7429999580383302
2024-12-30,1472.800048828125,4.545000076293945,17.399999618530273,2.855,-1.690000076293945
2024-12-31,1467.3900146484375,4.572999954223633,17.350000381469727,2.855,-1.7179999542236328
2025-01-01,1467.3900146484375,4.572999954223633,17.350000381469727,2.855,-1.7179999542236328
2025-01-02,1473.52001953125,4.574999809265137,17.93000030517578,2.749,-1.8259998092651368
2025-01-03,1471.6500244140625,4.5960001945495605,16.1299991607666,2.754,-1.8420001945495603
2025-01-06,1465.530029296875,4.618000030517578,16.040000915527344,2.817,-1.801000030517578
2025-01-07,1459.449951171875,4.683000087738037,17.81999969482422,2.794,-1.889000087738037
2025-01-08,1451.8800048828125,4.692999839782715,17.700000762939453,2.796,-1.896999839782715
2025-01-09,1457.969970703125,4.692999839782715,17.700000762939453,2.778,-1.9149998397827148
2025-01-10,1455.22998046875,4.776000022888184,19.540000915527344,2.837,-1.9390000228881836
2025-01-13,1472.25,4.802999973297119,19.190000534057617,2.871,-1.9319999732971191
2025-01-14,1458.8900146484375,4.788000106811523,18.709999084472656,2.841,-1.9470001068115232
2025-01-15,1460.43994140625,4.652999877929688,16.1200008392334,2.86,-1.7929998779296876
2025-01-16,1437.219970703125,4.605999946594238,16.600000381469727,2.802,-1.8039999465942385
2025-01-17,1453.3199462890625,4.609000205993652,15.970000267028809,2.813,-1.7960002059936522
2025-01-20,1457.3800048828125,4.609000205993652,15.970000267028809,2.868,-1.7410002059936525
2025-01-21,1435.530029296875,4.573999881744385,15.0600004196167,2.818,-1.7559998817443847
2025-01-22,1425.7900390625,4.598999977111816,15.100000381469728,2.827,-1.7719999771118164
2025-01-23,1434.3399658203125,4.638000011444092,15.020000457763672,2.837,-1.8010000114440916
2025-01-24,1433.9300537109375,4.625999927520752,14.850000381469728,2.859,-1.766999927520752
2025-01-27,1427.6300048828125,4.527999877929688,17.899999618530273,2.859,-1.6689998779296875
2025-01-28,1417.9200439453125,4.551000118255615,16.40999984741211,2.859,-1.6920001182556152
2025-01-29,1443.260009765625,4.554999828338623,16.559999465942383,2.859,-1.695999828338623
2025-01-30,1443.3199462890625,4.51200008392334,15.84000015258789,2.859,-1.65300008392334
2025-01-31,1441.6600341796875,4.568999767303467,16.43000030517578,2.859,-1.7099997673034668
2025-02-03,1456.780029296875,4.543000221252441,18.6200008392334,2.835,-1.7080002212524414
2025-02-04,1459.050048828125,4.513000011444092,17.209999084472656,2.844,-1.669000011444092
2025-02-05,1450.1600341796875,4.421999931335449,15.770000457763672,2.818,-1.6039999313354492
2025-02-06,1443.8900146484375,4.440000057220459,15.5,2.796,-1.6440000572204592
2025-02-07,1442.1500244140625,4.486999988555908,16.540000915527344,2.836,-1.6509999885559083
2025-02-10,1450.6199951171875,4.493000030517578,15.8100004196167,2.83,-1.663000030517578
2025-02-11,1453.2099609375,4.537000179290772,16.020000457763672,2.849,-1.6880001792907713
2025-02-12,1450.75,4.63700008392334,15.890000343322754,2.879,-1.7580000839233398
2025-02-13,1452.1199951171875,4.525000095367432,15.100000381469728,2.872,-1.6530000953674318
2025-02-14,1438.739990234375,4.4720001220703125,14.770000457763672,2.846,-1.6260001220703124
2025-02-17,1432.5999755859375,4.4720001220703125,14.770000457763672,2.869,-1.6030001220703125
2025-02-18,1441.2900390625,4.544000148773193,15.350000381469728,2.878,-1.6660001487731932
2025-02-19,1440.0799560546875,4.534999847412109,15.270000457763672,2.873,-1.6619998474121092
2025-02-20,1439.97998046875,4.5,15.65999984741211,2.888,-1.612
2025-02-21,1431.699951171875,4.420000076293945,18.209999084472656,2.856,-1.5640000762939454
2025-02-24,1434.2900390625,4.39300012588501,18.979999542236328,2.825,-1.5680001258850096
2025-02-25,1428.6500244140625,4.297999858856201,19.43000030517578,2.797,-1.500999858856201
2025-02-26,1429.5,4.249000072479248,19.100000381469727,2.752,-1.4970000724792485
2025-02-27,1434.4200439453125,4.284999847412109,21.1299991607666,2.754,-1.5309998474121094
2025-02-28,1449.8599853515625,4.230999946594238,19.6299991607666,2.706,-1.5249999465942383
2025-03-03,1459.800048828125,4.179999828338623,22.780000686645508,2.706,-1.473999828338623
2025-03-04,1457.9300537109375,4.210000038146973,23.51000022888184,2.703,-1.5070000381469728
2025-03-05,1452.8499755859375,4.264999866485596,21.93000030517578,2.773,-1.4919998664855956
2025-03-06,1443.030029296875,4.285999774932861,24.8700008392334,2.806,-1.4799997749328613
2025-03-07,1446.5,4.316999912261963,23.3700008392334,2.773,-1.5439999122619628
2025-03-10,1446.260009765625,4.2129998207092285,27.86000061035156,2.801,-1.4119998207092284
2025-03-11,1457.030029296875,4.288000106811523,26.920000076293945,2.76,-1.5280001068115237
2025-03-12,1451.02001953125,4.317999839782715,24.229999542236328,2.763,-1.554999839782715
2025-03-13,1448.75,4.27400016784668,24.65999984741211,2.77,-1.5040001678466797
2025-03-14,1453.22998046875,4.308000087738037,21.770000457763672,2.813,-1.495000087738037
2025-03-17,1449.050048828125,4.306000232696533,20.51000022888184,2.805,-1.501000232696533
2025-03-18,1442.489990234375,4.281000137329102,21.700000762939453,2.788,-1.4930001373291018
2025-03-19,1448.93994140625,4.25600004196167,19.899999618530277,2.811,-1.44500004196167
2025-03-20,1443.3900146484375,4.232999801635742,19.799999237060547,2.792,-1.4409998016357424
2025-03-21,1465.8199462890625,4.251999855041504,19.280000686645508,2.805,-1.4469998550415035
2025-03-24,1464.780029296875,4.330999851226807,17.479999542236328,2.816,-1.5149998512268068
2025-03-25,1466.27001953125,4.307000160217285,17.149999618530273,2.821,-1.486000160217285
2025-03-26,1462.0899658203125,4.3379998207092285,18.32999992370605,2.839,-1.4989998207092283
2025-03-27,1465.6800537109375,4.36899995803833,18.690000534057617,2.838,-1.53099995803833
2025-03-28,1461.8900146484375,4.255000114440918,21.649999618530277,2.842,-1.413000114440918
2025-03-31,1469.4100341796875,4.245999813079834,22.280000686645508,2.771,-1.474999813079834
2025-04-01,1471.9599609375,4.156000137329102,21.770000457763672,2.787,-1.3690001373291016
2025-04-02,1469.969970703125,4.196000099182129,21.51000022888184,2.767,-1.429000099182129
2025-04-03,1466.0400390625,4.054999828338623,30.020000457763672,2.738,-1.316999828338623
2025-04-04,1450.6800537109375,3.984999895095825,45.310001373291016,2.692,-1.292999895095825
2025-04-07,1458.52001953125,4.15500020980835,46.97999954223633,2.648,-1.5070002098083497
2025-04-08,1469.949951171875,4.26200008392334,52.33000183105469,2.686,-1.57600008392334
2025-04-09,1486.1300048828125,4.400000095367432,33.619998931884766,2.732,-1.6680000953674314
2025-04-10,1443.949951171875,4.394000053405762,40.720001220703125,2.702,-1.6920000534057618
2025-04-11,1452.0400390625,4.493000030517578,37.560001373291016,2.696,-1.797000030517578
2025-04-14,1419.050048828125,4.363999843597412,30.88999938964844,2.691,-1.6729998435974125
2025-04-15,1419.4200439453125,4.322999954223633,30.1200008392334,2.664,-1.6589999542236329
2025-04-16,1427.02001953125,4.27899980545044,32.63999938964844,2.629,-1.6499998054504394
2025-04-17,1414.22998046875,4.333000183105469,29.649999618530277,2.645,-1.6880001831054687
2025-04-18,1414.22998046875,4.333000183105469,29.649999618530277,2.645,-1.6880001831054687
2025-04-21,1414.22998046875,4.40500020980835,33.81999969482422,2.602,-1.8030002098083495
2025-04-22,1421.6400146484375,4.388999938964844,30.56999969482422,2.621,-1.7679999389648438
2025-04-23,1429.219970703125,4.38700008392334,28.450000762939453,2.598,-1.78900008392334
2025-04-24,1426.449951171875,4.304999828338623,26.46999931335449,2.623,-1.6819998283386228
2025-04-25,1430.06005859375,4.265999794006348,24.84000015258789,2.576,-1.6899997940063476
2025-04-28,1437.3599853515625,4.216000080108643,25.149999618530277,2.588,-1.6280000801086425
2025-04-29,1435.8800048828125,4.172999858856201,24.170000076293945,2.603,-1.569999858856201
2025-04-30,1431.1600341796875,4.177000045776367,24.700000762939453,2.563,-1.614000045776367
2025-05-01,1423.75,4.230999946594238,24.600000381469727,2.563,-1.667999946594238
2025-05-02,1435.0999755859375,4.322000026702881,22.68000030517578,2.593,-1.7290000267028809
2025-05-05,1398.9000244140625,4.3429999351501465,23.63999938964844,2.593,-1.7499999351501463
2025-05-06,1374.3699951171875,4.308000087738037,24.76000022888184,2.593,-1.7150000877380371
2025-05-07,1374.77001953125,4.275000095367432,23.549999237060547,2.603,-1.6720000953674314
2025-05-08,1397.2900390625,4.373000144958496,22.479999542236328,2.622,-1.7510001449584962
2025-05-09,1403.8499755859375,4.375,21.899999618530277,2.67,-1.705
2025-05-12,1395.1700439453125,4.456999778747559,18.38999938964844,2.685,-1.7719997787475583
2025-05-13,1416.030029296875,4.499000072479248,18.21999931335449,2.722,-1.777000072479248
2025-05-14,1416.0,4.527999877929688,18.6200008392334,2.718,-1.8099998779296875
2025-05-15,1407.3299560546875,4.454999923706055,17.829999923706055,2.727,-1.7279999237060548
2025-05-16,1397.02001953125,4.440999984741211,17.239999771118164,2.676,-1.7649999847412108
2025-05-19,1398.1300048828125,4.474999904632568,18.13999938964844,2.747,-1.7279999046325685
2025-05-20,1388.550048828125,4.480999946594238,18.09000015258789,2.713,-1.7679999465942382
2025-05-21,1392.72998046875,4.5960001945495605,20.8700008392334,2.76,-1.8360001945495608
2025-05-22,1373.8599853515625,4.552999973297119,20.280000686645508,2.755,-1.7979999732971192
2025-05-23,1381.3399658203125,4.508999824523926,22.290000915527344,2.766,-1.7429998245239258
2025-05-26,1364.72998046875,4.508999824523926,22.290000915527344,2.766,-1.7429998245239258
2025-05-27,1368.0999755859375,4.434000015258789,18.959999084472656,2.709,-1.725000015258789
2025-05-28,1374.800048828125,4.477000236511231,19.309999465942383,2.706,-1.7710002365112305
2025-05-29,1373.5999755859375,4.423999786376953,19.18000030517578,2.76,-1.6639997863769531
2025-05-30,1370.4100341796875,4.415999889373779,18.56999969482422,2.786,-1.6299998893737793
2025-06-02,1381.989990234375,4.461999893188477,18.36000061035156,2.793,-1.6689998931884764
2025-06-03,1376.0699462890625,4.460000038146973,17.690000534057617,2.793,-1.6670000381469725
2025-06-04,1377.719970703125,4.364999771118164,17.610000610351562,2.894,-1.470999771118164
2025-06-05,1361.0899658203125,4.394000053405762,18.479999542236328,2.891,-1.5030000534057617
2025-06-06,1354.550048828125,4.510000228881836,16.770000457763672,2.891,-1.619000228881836
2025-06-09,1359.18994140625,4.48199987411499,17.15999984741211,2.867,-1.6149998741149902
2025-06-10,1353.8499755859375,4.473999977111816,16.950000762939453,2.831,-1.6429999771118164
2025-06-11,1363.8800048828125,4.412000179290772,17.260000228881836,2.837,-1.5750001792907713
2025-06-12,1365.68994140625,4.35699987411499,18.020000457763672,2.827,-1.5299998741149905
2025-06-13,1349.7900390625,4.423999786376953,20.81999969482422,2.819,-1.6049997863769532
2025-06-16,1365.1400146484375,4.452000141143799,19.11000061035156,2.864,-1.588000141143799
2025-06-17,1357.780029296875,4.39300012588501,21.600000381469727,2.868,-1.52500012588501
2025-06-18,1380.5,4.396999835968018,20.13999938964844,2.876,-1.5209998359680177
2025-06-19,1370.75,4.396999835968018,20.13999938964844,2.874,-1.5229998359680177
2025-06-20,1374.8900146484375,4.375,20.6200008392334,2.867,-1.508
2025-06-23,1369.469970703125,4.320000171661377,19.82999992370605,2.873,-1.4470001716613767
2025-06-24,1361.93994140625,4.293000221252441,17.479999542236328,2.823,-1.4700002212524417
2025-06-25,1353.780029296875,4.293000221252441,16.760000228881836,2.82,-1.4730002212524416
2025-06-26,1357.030029296875,4.252999782562256,16.59000015258789,2.788,-1.464999782562256
2025-06-27,1352.760009765625,4.2829999923706055,16.31999969482422,2.785,-1.497999992370605
2025-06-30,1363.5899658203125,4.230000019073486,16.729999542236328,2.805,-1.4250000190734862
2025-07-01,1348.5,4.250999927520752,16.829999923706055,2.784,-1.466999927520752
2025-07-02,1355.5899658203125,4.293000221252441,16.639999389648438,2.832,-1.4610002212524416
2025-07-03,1354.75,4.3480000495910645,16.3799991607666,2.814,-1.5340000495910644
2025-07-04,1357.0999755859375,4.3480000495910645,16.3799991607666,2.828,-1.5200000495910646
2025-07-07,1362.199951171875,4.394999980926514,17.790000915527344,2.84,-1.5549999809265138
2025-07-08,1374.6400146484375,4.414999961853027,16.809999465942383,2.847,-1.5679999618530274
2025-07-09,1370.300048828125,4.3420000076293945,15.9399995803833,2.854,-1.4880000076293944
2025-07-10,1373.0,4.3460001945495605,15.779999732971191,2.814,-1.5320001945495605
2025-07-11,1372.6400146484375,4.422999858856201,16.399999618530273,2.823,-1.5999998588562012
2025-07-14,1378.1700439453125,4.427000045776367,17.200000762939453,2.886,-1.541000045776367
2025-07-15,1382.010009765625,4.488999843597412,17.3799991607666,2.877,-1.6119998435974123
2025-07-16,1386.449951171875,4.454999923706055,17.15999984741211,2.877,-1.577999923706055
2025-07-17,1384.9200439453125,4.4629998207092285,16.520000457763672,2.905,-1.5579998207092287
2025-07-18,1391.5799560546875,4.432000160217285,16.40999984741211,2.873,-1.559000160217285
2025-07-21,1390.5699462890625,4.372000217437744,16.649999618530273,2.855,-1.5170002174377442
2025-07-22,1381.8199462890625,4.335999965667725,16.5,2.839,-1.4969999656677246
2025-07-23,1379.780029296875,4.388000011444092,15.369999885559082,2.83,-1.5580000114440915
2025-07-24,1373.719970703125,4.4079999923706055,15.390000343322754,2.849,-1.5589999923706053
2025-07-25,1372.0,4.386000156402588,14.93000030517578,2.855,-1.531000156402588
2025-07-28,1382.780029296875,4.420000076293945,15.029999732971191,2.829,-1.5910000762939451
2025-07-29,1388.2900390625,4.329999923706055,15.979999542236328,2.823,-1.5069999237060547
2025-07-30,1388.8599853515625,4.375999927520752,15.479999542236328,2.797,-1.5789999275207518
2025-07-31,1392.52001953125,4.360000133514404,16.719999313354492,2.785,-1.5750001335144042
2025-08-01,1391.510009765625,4.21999979019165,20.3799991607666,2.832,-1.3879997901916503
2025-08-04,1390.1800537109375,4.199999809265137,17.520000457763672,2.778,-1.4219998092651367
2025-08-05,1383.5899658203125,4.196000099182129,17.850000381469727,2.766,-1.430000099182129
2025-08-06,1386.5799560546875,4.21999979019165,16.770000457763672,2.779,-1.4409997901916505
2025-08-07,1384.3900146484375,4.24399995803833,16.56999969482422,2.772,-1.4719999580383305
2025-08-08,1384.969970703125,4.284999847412109,15.149999618530272,2.776,-1.5089998474121096
2025-08-11,1387.81005859375,4.2729997634887695,16.25,2.781,-1.4919997634887694
2025-08-12,1389.7900390625,4.293000221252441,14.729999542236328,2.801,-1.4920002212524412
2025-08-13,1383.0899658203125,4.23799991607666,14.489999771118164,2.809,-1.42899991607666
2025-08-14,1378.780029296875,4.293000221252441,14.829999923706056,2.787,-1.5060002212524417
2025-08-15,1387.8699951171875,4.328000068664551,15.09000015258789,2.787,-1.5410000686645509
2025-08-18,1387.97998046875,4.341000080108643,14.989999771118164,2.837,-1.5040000801086424
2025-08-19,1386.9100341796875,4.302000045776367,15.56999969482422,2.858,-1.444000045776367
2025-08-20,1391.3399658203125,4.296000003814697,15.6899995803833,2.853,-1.443000003814697
2025-08-21,1396.9100341796875,4.329999923706055,16.600000381469727,2.845,-1.4849999237060545
2025-08-22,1399.6099853515625,4.260000228881836,14.220000267028809,2.86,-1.400000228881836
2025-08-25,1382.8900146484375,4.275000095367432,14.789999961853027,2.852,-1.4230000953674318
2025-08-26,1389.050048828125,4.257999897003174,14.619999885559082,2.86,-1.397999897003174
2025-08-27,1393.949951171875,4.23799991607666,14.850000381469728,2.825,-1.41299991607666
2025-08-28,1392.75,4.206999778747559,14.43000030517578,2.815,-1.3919997787475586
2025-08-29,1384.4100341796875,4.227000236511231,15.359999656677246,2.815,-1.4120002365112303
2025-09-01,1388.8399658203125,4.227000236511231,15.359999656677246,2.847,-1.3800002365112305
2025-09-02,1392.93994140625,4.276999950408936,17.170000076293945,2.87,-1.4069999504089354
2025-09-03,1394.5699462890625,4.210999965667725,16.350000381469727,2.913,-1.2979999656677248
2025-09-04,1389.6300048828125,4.176000118255615,15.300000190734863,2.883,-1.2930001182556152
2025-09-05,1392.06005859375,4.085999965667725,15.18000030517578,2.855,-1.2309999656677246
2025-09-08,1385.510009765625,4.046000003814697,15.109999656677246,2.848,-1.1980000038146974
2025-09-09,1385.719970703125,4.073999881744385,15.039999961853027,2.818,-1.2559998817443847
2025-09-10,1387.25,4.0320000648498535,15.350000381469728,2.833,-1.199000064849853
2025-09-11,1387.199951171875,4.011000156402588,14.710000038146973,2.813,-1.1980001564025875
2025-09-12,1389.5,4.060999870300293,14.760000228881836,2.813,-1.2479998703002928
2025-09-15,1393.699951171875,4.033999919891357,15.6899995803833,2.821,-1.2129999198913572
2025-09-16,1385.010009765625,4.026000022888184,16.360000610351562,2.804,-1.2220000228881838
2025-09-17,1377.6400146484375,4.076000213623047,15.720000267028809,2.787,-1.289000213623047
2025-09-18,1378.68994140625,4.104000091552734,15.699999809265137,2.756,-1.3480000915527346
2025-09-19,1386.75,4.138999938964844,15.449999809265137,2.815,-1.3239999389648438
2025-09-22,1396.22998046875,4.14300012588501,16.100000381469727,2.833,-1.3100001258850096
2025-09-23,1389.3900146484375,4.119999885559082,16.639999389648438,2.813,-1.306999885559082
2025-09-24,1391.8499755859375,4.146999835968018,16.18000030517578,2.848,-1.2989998359680175
2025-09-25,1403.6500244140625,4.171999931335449,16.739999771118164,2.885,-1.2869999313354494
2025-09-26,1408.9200439453125,4.186999797821045,15.289999961853027,2.943,-1.2439997978210449
2025-09-29,1408.7099609375,4.140999794006348,16.1200008392334,2.939,-1.2019997940063476
2025-09-30,1399.3299560546875,4.1479997634887695,16.280000686645508,2.951,-1.1969997634887697
2025-10-01,1403.1500244140625,4.105999946594238,16.290000915527344,2.96,-1.1459999465942383
2025-10-02,1401.8199462890625,4.0879998207092285,16.6299991607666,2.959,-1.1289998207092284
2025-10-03,1405.6300048828125,4.11899995803833,16.649999618530273,2.959,-1.15999995803833
2025-10-06,1406.06005859375,4.162000179290772,16.3700008392334,2.959,-1.2030001792907714
2025-10-07,1409.9200439453125,4.126999855041504,17.239999771118164,2.959,-1.1679998550415038
2025-10-08,1414.5699462890625,4.129000186920166,16.299999237060547,2.959,-1.170000186920166
2025-10-09,1422.52001953125,4.1479997634887695,16.43000030517578,2.959,-1.1889997634887697
2025-10-10,1421.510009765625,4.051000118255615,21.65999984741211,2.964,-1.0870001182556153
2025-10-13,1429.030029296875,4.051000118255615,19.030000686645508,2.904,-1.147000118255615
2025-10-14,1426.0699462890625,4.021999835968018,20.809999465942383,2.871,-1.1509998359680176
2025-10-15,1429.4300537109375,4.046000003814697,20.63999938964844,2.856,-1.1900000038146974
2025-10-16,1420.0899658203125,3.9760000705718994,25.309999465942383,2.908,-1.0680000705718995
2025-10-17,1415.719970703125,4.006999969482422,20.780000686645508,2.885,-1.121999969482422
2025-10-20,1419.739990234375,3.986000061035156,18.229999542236328,2.892,-1.0940000610351563
2025-10-21,1419.739990234375,3.963000059127808,17.8700008392334,2.904,-1.0590000591278077
2025-10-22,1430.739990234375,3.953000068664551,18.600000381469727,2.869,-1.0840000686645506
2025-10-23,1430.4000244140625,3.990999937057495,17.299999237060547,2.912,-1.0789999370574952
2025-10-24,1435.8399658203125,3.996999979019165,16.3700008392334,2.913,-1.0839999790191652
2025-10-27,1436.969970703125,3.996999979019165,15.789999961853027,2.959,-1.037999979019165
2025-10-28,1430.969970703125,3.983000040054321,16.420000076293945,2.935,-1.0480000400543212
2025-10-29,1425.969970703125,4.058000087738037,16.920000076293945,2.984,-1.0740000877380371
2025-10-30,1424.010009765625,4.0929999351501465,16.90999984741211,3.05,-1.0429999351501469
2025-10-31,1424.02001953125,4.10099983215332,17.440000534057617,3.061,-1.0399998321533204
2025-11-03,1427.1700439453125,4.105999946594238,17.170000076293945,3.086,-1.0199999465942384
2025-11-04,1428.969970703125,4.089000225067139,19.0,3.082,-1.0070002250671388
2025-11-05,1439.81005859375,4.1570000648498535,18.010000228881836,3.125,-1.0320000648498535
2025-11-06,1439.739990234375,4.0929999351501465,19.5,3.203,-0.8899999351501466
2025-11-07,1447.9000244140625,4.0929999351501465,19.07999992370605,3.226,-0.8669999351501465
2025-11-10,1454.0,4.110000133514404,17.600000381469727,3.23,-0.8800001335144043
2025-11-11,1456.0899658203125,4.119999885559082,17.280000686645508,3.201,-0.918999885559082
2025-11-12,1459.8399658203125,4.065000057220459,17.510000228881836,3.282,-0.783000057220459
2025-11-13,1468.02001953125,4.111999988555908,20.0,3.267,-0.8449999885559083
2025-11-14,1468.7099609375,4.1479997634887695,19.82999992370605,3.317,-0.8309997634887694
2025-11-17,1446.530029296875,4.132999897003174,22.3799991607666,3.301,-0.8319998970031737
2025-11-18,1461.68994140625,4.123000144958496,24.690000534057617,3.268,-0.8550001449584963
2025-11-19,1456.550048828125,4.132999897003174,23.65999984741211,3.281,-0.8519998970031737
2025-11-20,1466.1300048828125,4.105999946594238,26.420000076293945,3.325,-0.7809999465942381
2025-11-21,1473.25,4.063000202178955,23.43000030517578,3.271,-0.7920002021789552
2025-11-24,1467.72998046875,4.038000106811523,20.520000457763672,3.289,-0.7490001068115233
2025-11-25,1474.8599853515625,4.001999855041504,18.559999465942383,3.264,-0.7379998550415041
2025-11-26,1464.9200439453125,3.997999906539917,17.190000534057617,3.251,-0.7469999065399171
2025-11-27,1470.5899658203125,3.997999906539917,17.190000534057617,3.351,-0.646999906539917
2025-11-28,1461.4000244140625,4.017000198364258,16.350000381469727,3.344,-0.673000198364258
2025-12-01,1465.6199951171875,4.0960001945495605,17.239999771118164,3.387,-0.7090001945495605
2025-12-02,1470.1700439453125,4.085999965667725,16.59000015258789,3.346,-0.7399999656677245
2025-12-03,1467.3599853515625,4.057000160217285,16.079999923706055,3.368,-0.6890001602172853
2025-12-04,1465.030029296875,4.107999801635742,15.779999732971191,3.376,-0.7319998016357423
2025-12-05,1472.3800048828125,4.138999938964844,15.40999984741211,3.358,-0.7809999389648437
2025-12-08,1471.81005859375,4.171999931335449,16.65999984741211,3.401,-0.7709999313354494
2025-12-09,1468.510009765625,4.185999870300293,16.93000030517578,3.453,-0.7329998703002931
2025-12-10,1467.9300537109375,4.164000034332275,15.770000457763672,3.371,-0.7930000343322754
2025-12-11,1469.0400390625,4.140999794006348,14.850000381469728,3.378,-0.7629997940063475
2025-12-12,1470.8499755859375,4.193999767303467,15.739999771118164,3.409,-0.784999767303467
2025-12-15,1472.9100341796875,4.182000160217285,16.5,3.325,-0.857000160217285
2025-12-16,1467.47998046875,4.14900016784668,16.479999542236328,3.313,-0.8360001678466795
2025-12-17,1471.739990234375,4.151000022888184,17.6200008392334,3.324,-0.8270000228881838
2025-12-18,1474.0,4.116000175476074,16.8700008392334,3.312,-0.8040001754760744
2025-12-19,1474.3599853515625,4.151000022888184,14.90999984741211,3.342,-0.8090000228881835
2025-12-22,1473.719970703125,4.169000148773193,14.079999923706056,3.359,-0.8100001487731934
2025-12-23,1476.8399658203125,4.169000148773193,14.0,3.379,-0.7900001487731934
2025-12-24,1478.6700439453125,4.136000156402588,13.470000267028809,3.345,-0.7910001564025877
2025-12-25,1478.6700439453125,4.136000156402588,13.470000267028809,3.345,-0.7910001564025877
2025-12-26,1446.52001953125,4.136000156402588,13.600000381469728,3.374,-0.7620001564025878
2025-12-29,1441.3299560546875,4.116000175476074,14.199999809265137,3.354,-0.7620001754760741
2025-12-30,1434.7099609375,4.130000114440918,14.329999923706056,3.385,-0.7450001144409182
2025-12-31,1437.9100341796875,4.163000106811523,14.949999809265137,3.385,-0.7780001068115237
2026-01-01,1437.9100341796875,4.163000106811523,14.949999809265137,3.385,-0.7780001068115237
2026-01-02,1443.6400146484375,4.186999797821045,14.510000228881836,3.386,-0.8009997978210448
2026-01-05,1440.47998046875,4.164999961853027,14.899999618530272,3.396,-0.7689999618530274
2026-01-06,1445.56005859375,4.178999900817871,14.75,3.398,-0.780999900817871
2026-01-07,1444.9599609375,4.138000011444092,15.380000114440918,3.354,-0.7840000114440917
2026-01-08,1446.1400146484375,4.183000087738037,15.449999809265137,3.341,-0.8420000877380369
2026-01-09,1450.0799560546875,4.171000003814697,14.489999771118164,3.386,-0.7850000038146971
2026-01-12,1455.239990234375,4.186999797821045,15.119999885559082,3.392,-0.794999797821045
2026-01-13,1464.9300537109375,4.171000003814697,15.979999542236328,3.412,-0.7590000038146973
2026-01-14,1473.010009765625,4.139999866485596,16.75,3.418,-0.7219998664855956
2026-01-15,1462.9000244140625,4.159999847412109,15.84000015258789,3.493,-0.6669998474121095
2026-01-16,1468.8399658203125,4.230999946594238,15.859999656677246,3.488,-0.7429999465942383
2026-01-19,1471.5799560546875,4.230999946594238,15.859999656677246,3.565,-0.6659999465942383
2026-01-20,1471.52001953125,4.295000076293945,20.09000015258789,3.653,-0.6420000762939453
2026-01-21,1477.780029296875,4.252999782562256,16.899999618530273,3.602,-0.650999782562256
2026-01-22,1464.8299560546875,4.249000072479248,15.640000343322754,3.558,-0.6910000724792482
2026-01-23,1463.260009765625,4.238999843597412,16.09000015258789,3.59,-0.6489998435974123
2026-01-26,1444.81005859375,4.2129998207092285,16.149999618530273,3.544,-0.6689998207092285
2026-01-27,1440.97998046875,4.2230000495910645,16.350000381469727,3.53,-0.6930000495910646
2026-01-28,1432.510009765625,4.250999927520752,16.350000381469727,3.518,-0.7329999275207522
2026-01-29,1429.27001953125,4.227000236511231,16.8799991607666,3.557,-0.6700002365112305
2026-01-30,1428.760009765625,4.241000175476074,17.440000534057617,3.607,-0.634000175476074
2026-02-02,1448.800048828125,4.275000095367432,16.34000015258789,3.603,-0.6720000953674314
2026-02-03,1452.5400390625,4.27400016784668,18.0,3.661,-0.6130001678466797
2026-02-04,1446.6800537109375,4.275000095367432,18.63999938964844,3.712,-0.5630000953674315
2026-02-05,1460.1099853515625,4.210000038146973,21.770000457763672,3.687,-0.5230000381469728
2026-02-06,1470.6800537109375,4.205999851226807,20.3700008392334,3.71,-0.4959998512268067
2026-02-09,1462.4000244140625,4.197999954223633,17.360000610351562,3.754,-0.4439999542236328
2026-02-10,1458.5400390625,4.146999835968018,17.790000915527344,3.681,-0.4659998359680175
2026-02-11,1455.3299560546875,4.171999931335449,17.649999618530273,3.639,-0.5329999313354494
2026-02-12,1444.18994140625,4.104000091552734,20.81999969482422,3.618,-0.4860000915527345
2026-02-13,1440.9000244140625,4.056000232696533,20.600000381469727,3.571,-0.485000232696533
2026-02-16,1439.52001953125,4.056000232696533,20.600000381469727,3.571,-0.485000232696533
2026-02-17,1440.22998046875,4.052000045776367,20.290000915527344,3.571,-0.481000045776367
2026-02-18,1439.969970703125,4.078999996185303,19.6200008392334,3.571,-0.5079999961853026
2026-02-19,1440.1600341796875,4.074999809265137,20.229999542236328,3.588,-0.4869998092651366
2026-02-20,1447.75,4.085999965667725,19.09000015258789,3.54,-0.5459999656677246
2026-02-23,1443.43994140625,4.02899980545044,21.01000022888184,3.578,-0.4509998054504396
2026-02-24,1442.199951171875,4.0329999923706055,19.549999237060547,3.593,-0.4399999923706055
2026-02-25,1439.989990234375,4.047999858856201,17.93000030517578,3.556,-0.4919998588562011
2026-02-26,1426.9300537109375,4.017000198364258,18.6299991607666,3.47,-0.5470001983642576
2026-02-27,1432.3199462890625,3.961999893188477,19.86000061035156,3.446,-0.5159998931884764
2026-03-02,1438.5,4.047999858856201,21.440000534057617,3.446,-0.601999858856201
2026-03-03,1452.27001953125,4.056000232696533,23.56999969482422,3.594,-0.4620002326965333
2026-03-04,1483.0699462890625,4.079999923706055,21.149999618530277,3.632,-0.4479999237060545
2026-03-05,1460.75,4.145999908447266,23.75,3.589,-0.5569999084472657
2026-03-06,1479.510009765625,4.132999897003174,29.489999771118164,3.616,-0.5169998970031737
2026-03-09,1483.8900146484375,4.136000156402588,25.5,3.739,-0.397000156402588
2026-03-10,1464.469970703125,4.136000156402588,24.93000030517578,3.629,-0.5070001564025879
2026-03-11,1472.780029296875,4.208000183105469,24.229999542236328,3.608,-0.6000001831054687
2026-03-12,1475.3399658203125,4.2729997634887695,27.290000915527344,3.649,-0.6239997634887695
2026-03-13,1470.5799560546875,4.284999847412109,27.190000534057617,3.701,-0.5839998474121093
2026-03-16,1501.75,4.21999979019165,23.51000022888184,3.68,-0.5399997901916502
2026-03-17,1488.9100341796875,4.202000141143799,22.3700008392334,3.692,-0.5100001411437987
2026-03-18,1484.8699951171875,4.258999824523926,25.09000015258789,3.606,-0.6529998245239259
2026-03-19,1505.25,4.281000137329102,24.059999465942383,3.693,-0.5880001373291015
2026-03-20,1489.8399658203125,4.390999794006348,26.780000686645508,3.736,-0.6549997940063474
2026-03-23,1504.2099609375,4.334000110626221,26.149999618530277,3.879,-0.4550001106262207
2026-03-24,1485.3599853515625,4.392000198364258,26.950000762939453,3.835,-0.5570001983642578
2026-03-25,1497.31005859375,4.328000068664551,25.32999992370605,3.859,-0.4690000686645508
2026-03-26,1500.969970703125,4.415999889373779,27.440000534057617,3.865,-0.5509998893737791
2026-03-27,1508.3599853515625,4.440000057220459,31.049999237060547,3.915,-0.525000057220459
2026-03-30,1507.02001953125,4.3420000076293945,30.61000061035156,3.891,-0.4510000076293945
2026-03-31,1516.1300048828125,4.310999870300293,25.25,3.879,-0.4319998703002929
2026-04-01,1503.3299560546875,4.318999767303467,24.540000915527344,3.689,-0.6299997673034667
2026-04-02,1512.0899658203125,4.313000202178955,23.8700008392334,3.804,-0.5090002021789553
2026-04-03,1509.219970703125,4.313000202178955,23.8700008392334,3.747,-0.5660002021789552
2026-04-06,1509.260009765625,4.335000038146973,24.170000076293945,3.725,-0.6100000381469726
2026-04-07,1507.8499755859375,4.3429999351501465,25.780000686645508,3.754,-0.5889999351501465
2026-04-08,1499.1300048828125,4.290999889373779,21.040000915527344,3.628,-0.6629998893737792
2026-04-09,1477.5999755859375,4.293000221252441,19.489999771118164,3.66,-0.6330002212524413
2026-04-10,1473.280029296875,4.316999912261963,19.229999542236328,3.686,-0.630999912261963
2026-04-13,1482.1800537109375,4.296999931335449,19.1200008392334,3.715,-0.5819999313354494
2026-04-14,1476.8399658203125,4.25600004196167,18.36000061035156,3.658,-0.59800004196167
2026-04-15,1469.4200439453125,4.2820000648498535,18.170000076293945,3.655,-0.6270000648498537
2026-04-16,1474.06005859375,4.309000015258789,17.940000534057617,3.675,-0.6340000152587892
2026-04-17,1477.9200439453125,4.245999813079834,17.479999542236328,3.717,-0.5289998130798339
2026-04-20,1465.1500244140625,4.25,18.8700008392334,3.688,-0.5619999999999998
2026-04-21,1469.260009765625,4.291999816894531,19.5,3.655,-0.6369998168945314
2026-04-22,1485.800048828125,4.294000148773193,18.920000076293945,3.697,-0.5970001487731933
2026-04-23,1477.9599609375,4.322999954223633,19.309999465942383,3.791,-0.5319999542236329
2026-04-24,1479.949951171875,4.309999942779541,18.709999084472656,3.817,-0.4929999427795408
2026-04-27,1474.68994140625,4.335999965667725,18.020000457763672,3.82,-0.5159999656677248
2026-04-28,1473.0,4.354000091552734,17.829999923706055,3.861,-0.4930000915527341
2026-04-29,1471.989990234375,4.418000221252441,18.809999465942383,3.843,-0.5750002212524414
2026-04-30,1487.3800048828125,4.389999866485596,16.889999389648438,3.923,-0.4669998664855956
2026-05-01,1474.010009765625,4.377999782562256,16.989999771118164,3.923,-0.4549997825622558
2026-05-04,1471.72998046875,4.446000099182129,18.290000915527344,3.932,-0.514000099182129
2026-05-05,1476.050048828125,4.415999889373779,17.3799991607666,3.932,-0.4839998893737793
2026-05-06,1473.9599609375,4.355999946594238,17.389999389648438,3.932,-0.4239999465942383
2026-05-07,1444.449951171875,4.392000198364258,17.079999923706055,3.888,-0.5040001983642579
2026-05-08,1454.7900390625,4.363999843597412,17.190000534057617,3.909,-0.4549998435974123
2026-05-11,1460.550048828125,4.409999847412109,18.3799991607666,3.95,-0.4599998474121092
2026-05-12,1474.449951171875,4.4629998207092285,17.989999771118164,4.056,-0.4069998207092284
2026-05-13,1492.989990234375,4.480999946594238,17.8700008392334,4.044,-0.4369999465942387
2026-05-14,1489.8399658203125,4.460999965667725,17.260000228881836,4.085,-0.3759999656677246
2026-05-15,1493.3399658203125,4.59499979019165,18.43000030517578,4.217,-0.3779997901916507
2026-05-18,1497.1500244140625,4.623000144958496,17.81999969482422,4.239,-0.3840001449584962
2026-05-19,1492.3199462890625,4.666999816894531,18.059999465942383,4.21,-0.4569998168945313
2026-05-20,1507.8499755859375,4.572000026702881,17.440000534057617,4.198,-0.3740000267028804
2026-05-21,1499.77001953125,4.585999965667725,16.760000228881836,4.174,-0.4119999656677242
2026-05-22,1504.4000244140625,4.558000087738037,16.700000762939453,4.128,-0.430000087738037
2026-05-25,1512.8299560546875,4.558000087738037,16.59000015258789,4.128,-0.430000087738037
2026-05-26,1514.7900390625,4.493000030517578,17.010000228881836,4.073,-0.4200000305175777
2026-05-27,1505.43994140625,4.480999946594238,16.290000915527344,4.102,-0.37899994659423797
2026-05-28,1503.1099853515625,4.454999923706055,15.739999771118164,4.147,-0.30799992370605445
2026-05-29,1495.2900390625,4.453000068664551,15.319999694824219,4.068,-0.38500006866455116
2026-06-01,1506.8399658203125,4.474999904632568,16.049999237060547,4.174,-0.300999904632568
2026-06-02,1511.27001953125,4.454999923706055,15.770000457763672,4.135,-0.3199999237060549
2026-06-03,1516.5999755859375,4.491000175476074,16.059999465942383,4.135,-0.35600017547607443
2026-06-04,1530.1099853515625,4.4770002365112305,15.399999618530273,4.229,-0.24800023651123038
2026-06-05,1533.0699462890625,4.535999774932861,21.510000228881836,4.254,-0.28199977493286177
2026-06-08,1554.47998046875,4.552000045776367,18.920000076293945,4.348,-0.20400004577636732
2026-06-09,1528.8800048828125,4.5279998779296875,19.8700008392334,4.273,-0.2549998779296878
2026-06-10,1525.81005859375,4.541999816894531,22.219999313354492,4.273,-0.26899981689453156
2026-06-11,1525.050048828125,4.4629998207092285,19.440000534057617,4.3,-0.1629998207092287
2026-06-12,1517.3800048828125,4.486999988555908,17.68000030517578,4.195,-0.2919999885559079
2026-06-15,1509.5,4.468999862670898,16.200000762939453,4.118,-0.3509998626708981
2026-06-16,1513.31005859375,4.427999973297119,16.40999984741211,4.11,-0.3179999732971188
2026-06-17,1510.9599609375,4.4629998207092285,18.440000534057617,4.071,-0.3919998207092288
2026-06-18,1525.4200439453125,4.451000213623047,16.399999618530273,4.118,-0.33300021362304655
2026-06-19,1537.56005859375,4.451000213623047,16.399999618530273,4.171,-0.2800002136230466
2026-06-22,1531.3299560546875,4.508999824523926,17.280000686645508,4.195,-0.3139998245239255
2026-06-23,1539.050048828125,4.493000030517578,19.489999771118164,4.171,-0.32200003051757786
2026-06-24,1535.25,4.4019999504089355,18.6299991607666,4.171,-0.23099995040893528
2026-06-25,1542.760009765625,4.392000198364258,18.889999389648438,4.144,-0.24800019836425768
2026-06-26,1535.0,4.372000217437744,18.40999984741211,4.117,-0.25500021743774415
