keyword,제목,날짜,sector,date
밸류업,영업이익 71% 급증도 놀라운데…유니클로 부활에 롯데쇼핑 ‘배당 잭팟’ 기대,2026.06.05 12:38,defensive,2026-06-05
밸류업,개인 자금 모아 초대형 IB 실탄으로,2026.06.05 10:31,defensive,2026-06-05
밸류업,“코스피 1만2000”…골드만삭스 “단기 조정은 매수 기회”,2026.06.04 10:26,defensive,2026-06-04
밸류업,“시장 조정은 매수 기회”…코스피 목표치 ‘1만 피’ 훌쩍 뛰어넘는 전망 잇따라,2026.06.04 09:24,defensive,2026-06-04
밸류업,"""코스피 1만2000까지 상승할것"" 한달만에 또 올린 골드만삭스",2026.06.03 20:30,defensive,2026-06-03
밸류업,‘만이천피’ 예언한 골드만삭스…“이것도 보수적 전망”이라는데,2026.06.03 15:56,defensive,2026-06-03
밸류업,"“韓 자본시장 밸류업, 공시 신뢰에 달렸다”",2026.06.01 18:25,defensive,2026-06-01
밸류업,"""韓 자본시장 밸류업, 공시 신뢰에 달렸다""",2026.06.01 17:55,defensive,2026-06-01
밸류업,[Part 1] 증시 어디까지 | 8천피 고지 찍고 급등락 1만피 전망 두고 ‘同床異夢’,2026.06.01 17:16,defensive,2026-06-01
PBR,“젠슨황 새 찐친 소개합니다”…1주일새 50% 뛴 두산로보틱스 [이주의 Bull기둥],2026.06.06 10:04,defensive,2026-06-06
PBR,“9천피 눈앞인데 내 계좌는 미지근” … 선거후 봐야 할 ‘증시 3대 변수’,2026.06.04 05:00,defensive,2026-06-04
PBR,"[Part 2] 반도체 쏠림 韓 증시, 버블인가 | ‘삼전닉스’가 코스피 절반을 차지 반도체 투톱에 기댄 랠리 어디까지?",2026.06.02 14:27,defensive,2026-06-02
배당,“브라질은 우승 후보 아냐”…역사가 말해주는 월드컵 우승 후보 5개국은,17시간 전,defensive,2026-06-26
배당,"“너만 혼자 거지될래?”…예금 깨고 나온 돈, 우주항공·AI ETF로 향한다",2026.06.06 15:26,defensive,2026-06-06
배당,"실버코프 메탈스, 2026 회계연도 매출 4억3800만 달러..전년비 46.6% 증가",2026.06.06 06:31,defensive,2026-06-06
배당,"유니티 그룹, 11억 달러 규모 광섬유 담보 ABS 채권 발행",2026.06.06 06:24,defensive,2026-06-06
배당,"고릴라 테크놀러지, 1억700만 달러 전환사채 발행 계약 체결",2026.06.06 06:11,defensive,2026-06-06
배당,"브룩필드 리인슈어런스, 7월 16일 연례 주주총회 개최..이사 선임·배당 안건 처리",2026.06.06 06:02,defensive,2026-06-06
배당,"브룩필드, 7월 16일 연례 주주총회 개최..이사 선임 및 임원 보상안 표결",2026.06.06 06:01,defensive,2026-06-06
배당,"아르코사, 2026년 가이던스 상향..조정 EBITDA 5.5~5.9억 달러",2026.06.06 05:49,defensive,2026-06-06
배당,"허니웰 인터내셔널, 에어로스페이스 부문 분사·2대1 역병합 단행",2026.06.06 05:36,defensive,2026-06-06
배당,"스테바나토 그룹, 2025회계연도 배당 주당 0.054유로 확정",2026.06.06 05:35,defensive,2026-06-06
배당,"비트마인 이머전 테크놀로지스, 9.5% 배당률 우선주 발행으로 2.7억 달러 조달",2026.06.06 05:32,defensive,2026-06-06
배당,"센스타 테크놀러지스, 6월 29일 연례 주주총회 개최..이사 4명 재선임",2026.06.06 03:57,defensive,2026-06-06
배당,"매뉴라이프 파이낸셜, 시리즈3 우선주 800만주 발행..연 4.64% 배당",2026.06.06 01:13,defensive,2026-06-06
배당,"마이크로스트래티지, 비트코인 ETF서 40억 달러 유출…배당 재원 마련 위해 비트코인 매도",2026.06.05 23:23,defensive,2026-06-05
배당,"토로, 주당 0.90달러 특별배당 지급..현금·자사주 병행",2026.06.05 22:19,defensive,2026-06-05
배당,"글로벌십리즈, 신조선 10척 9억2천만 달러 계약..2028년부터 인도",2026.06.05 21:59,defensive,2026-06-05
배당,"화이트 마운틴스 인슈어런스 그룹, 1분기 주당 장부가치 2170달러 기록",2026.06.05 21:20,defensive,2026-06-05
배당,"로그프로스타일, 2026년 3월기 매출 29% 감소·순이익 99% 급감",2026.06.05 21:17,defensive,2026-06-05
배당,"USA 레어 어스, 1분기 762억 달러 순손실·주당 0.23달러 적자 기록",2026.06.05 20:53,defensive,2026-06-05
배당,"지-쓰리 어패럴 그룹, 1분기 주당순이익 1.50달러..흑자전환 성공",2026.06.05 20:34,defensive,2026-06-05
배당,"케이이 홀딩스, 5월 자본구조 안정 유지..3,336만주 자사주 매입",2026-06-05 20:17:53,defensive,2026-06-05
배당,"ABM 인더스트리즈, 2분기 매출 23억 달러..전년비 8.4% 증가",2026-06-05 20:08:03,defensive,2026-06-05
배당,"에퀴닉스, REIT 공급 부족 수혜 속 AI 인프라 수요 확대로 급등",2026-06-05 19:50:52,defensive,2026-06-05
배당,"노바 미네랄스, 호주서 미국 본사 이전..NYSE 아메리칸 재상장 추진",2026-06-05 19:47:02,defensive,2026-06-05
배당,"PLDT, Radius Telecoms 지분 65.1% 인수..완전 자회사 편입",2026-06-05 19:24:41,defensive,2026-06-05
배당,"드림랜드, 나스닥 거버넌스 규정 완화 승인..케이맨 본국 관행 적용",2026-06-05 19:17:11,defensive,2026-06-05
배당,"노아 홀딩스, 938만주 자사주 매입 완료..배당률 11% 유지",2026-06-05 19:06:50,defensive,2026-06-05
배당,"뉴스 코퍼레이션, 최대 10억 달러 자사주 매입 프로그램 승인",2026-06-05 19:04:00,defensive,2026-06-05
배당,"하이 타이드, 주주총회 일정 공지..실적 정보 미포함",2026-06-05 19:02:39,defensive,2026-06-05
배당,"코나아이, 50억원 규모 자기주식 취득 결정...“실적 바탕 주주 환원”",2026-06-05 15:18:07,defensive,2026-06-05
배당,2030 관심사는 ‘반도체·주식’…고공행진 코스피 탄 트렌드 [알고리즘 Up&Down],2026-06-05 14:41:20,defensive,2026-06-05
배당,"자사주 소각·고배당…신영증권, 급락장서 강세 [오늘, 이 종목]",2026-06-05 10:57:56,defensive,2026-06-05
배당,[속보] 4월 경상수지 282.9억 달러 ‘흑자’…반도체 호조에 36개월 연속 흑자,2026-06-05 08:01:08,defensive,2026-06-05
배당,"제이드 바이오사이언스, 공모 유상증자 추진..임상 및 R&D 자금 확보",2026-06-05 06:10:54,defensive,2026-06-05
배당,"알파벳A(구글), 800억 달러 자본 조달..AI 인프라 투자 확대",2026-06-05 06:09:04,defensive,2026-06-05
배당,"B&G 푸즈, 4억7500만 달러 규모 11% 선순위 담보부 채권 발행",2026-06-05 06:01:53,defensive,2026-06-05
배당,"코너스톤 빌딩 브랜즈, 1분기 매출 11억 달러·순이익 2100만 달러 기록",2026-06-05 05:49:53,defensive,2026-06-05
배당,"사쳄 캐피탈, 보통주·우선주 분배당 결정..우선주 시가배당률 16.81%",2026-06-05 05:19:47,defensive,2026-06-05
배당,"주미에즈, 1분기 매출 1억9330만 달러..전년비 4.9% 증가",2026-06-05 05:17:47,defensive,2026-06-05
배당,"오퍼패드 솔루션즈, 1대10 액면병합 단행..NYSE 상장요건 충족 목적",2026-06-05 05:14:06,defensive,2026-06-05
배당,"클라임 글로벌 솔루션스, 7월 7일 나스닥서 투자자 데이 개최",2026-06-05 05:07:56,defensive,2026-06-05
배당,"비트마인이머전, 3억 달러 우선주 발행으로 이더리움 매입·스테이킹 인프라 확장 선언",2026-06-05 04:30:54,defensive,2026-06-05
배당,"멕스코 에너지, 주당 0.10달러 연간 배당 선언..6월 30일 지급",2026-06-05 03:21:43,defensive,2026-06-05
배당,"캔터베리 파크 홀딩스, 2026년 시가배당률 1.79%·주당 0.28달러 배당 전망",2026-06-05 00:01:41,defensive,2026-06-05
배당,"아르다 메탈 패키징, 2026년 주총서 전 안건 통과·10.05% 배당률 유지",2026-06-04 23:57:50,defensive,2026-06-04
배당,"패트파인더 뱅코프, 1분기 조정 EBITDA 2797만 달러..순이자마진 36bp 확대",2026-06-04 22:22:18,defensive,2026-06-04
배당,"올라 마이닝, 카미노 로호 광산 불법 폐쇄 해제..정상 운영 재개",2026-06-04 21:43:55,defensive,2026-06-04
배당,"넷캐피탈, 레즈맥 모기지 자산 500만 달러 인수 추진",2026-06-04 21:38:55,defensive,2026-06-04
배당,"토로, 2026년 2분기 매출 14억 달러·EPS 1.60달러 기록",2026-06-04 21:35:55,defensive,2026-06-04
배당,"브라운 포맨, 4분기 매출 9억1200만 달러·영업익 53% 급감",2026-06-04 21:05:03,defensive,2026-06-04
배당,"아틀란틱 유니언 뱅크셰어스, 모건스탠리 미국 금융 콘퍼런스 참여",2026-06-04 20:02:41,defensive,2026-06-04
배당,"뉴스 코퍼레이션, 최대 10억 달러 자사주 매입 프로그램 공시",2026-06-04 19:02:59,defensive,2026-06-04
배당,"스미스 미들랜드, 1분기 보고서 제출 지연으로 나스닥 비준수 통지",2026-06-04 19:02:59,defensive,2026-06-04
배당,"50% 수준만 인쇄…‘사상초유’ 투표용지 부족 사태, 서울청 광역수사대가 수사",2026-06-04 18:11:42,defensive,2026-06-04
배당,신영證 주주환원 속도 … 1조 자사주 소각 결정,2026-06-04 18:05:28,defensive,2026-06-04
배당,[매경의 창] 이재용 회장이 사과할 일이었나?,2026-06-04 16:49:17,defensive,2026-06-04
배당,"주주환원나선 신영증권, 1조 자사주 소각하고 배당도 확대",2026-06-04 16:45:50,defensive,2026-06-04
배당,"상속 설계, 재산 규모보다 중요한 건 '가용현금' [보험 200% 활용법]",2026-06-04 16:07:02,defensive,2026-06-04
배당,ETF 샀는데 왜 불안할까…답은 '현금흐름'에 있다 [지갑을 불려드립니다],2026-06-04 16:07:01,defensive,2026-06-04
배당,"삼성물산, 증권사 목표가 상향에 강세…3.6%",2026-06-04 13:05:52,defensive,2026-06-04
배당,“오세훈에 걸어 2억5천 먹었다”…바다 건너에서 벌어진 ‘역대급 베팅’,2026-06-04 10:26:39,defensive,2026-06-04
배당,"[美공시]브로드컴, 2026 회계연도 2분기 매출 48% 증가로 사상 최대 실적 달성 및 분기 배당금 발표",2026-06-04 08:37:44,defensive,2026-06-04
배당,"“삼성물산, 지분가치 상승·주주환원 확대” 목표가 48만→59만원",2026-06-04 08:10:43,defensive,2026-06-04
배당,"아웃프론트 미디어, 5억 달러 규모 2034년 만기 채권 발행",2026-06-04 06:23:52,defensive,2026-06-04
배당,"키코프, 2026회계연도 1분기 매출 10억 달러·EPS 0.37달러 기록",2026-06-04 06:14:52,defensive,2026-06-04
배당,"밀러놀, 안디 오언 CEO 퇴임..제프 스투츠 임시 수장 선임",2026-06-04 05:34:40,defensive,2026-06-04
배당,"IDT, 3분기 매출 3억1570만 달러..전년비 5%↑",2026-06-04 05:34:10,defensive,2026-06-04
배당,"페더럴 애그리컬처럴 모기지, 시리즈 I 우선주 배당 주당 0.28달러 발표",2026-06-04 05:28:49,defensive,2026-06-04
배당,"브로드컴, 2분기 매출 222억 달러·전년비 48% 증가",2026-06-04 05:22:49,defensive,2026-06-04
배당,"엑스포, 5월 LTL 운송 톤수 0.5% 증가..선적 건수는 3.3% 늘어",2026-06-04 05:15:48,defensive,2026-06-04
배당,"J. 질, 분기 배당 0.09달러 선언..7월 8일 지급",2026-06-04 05:12:38,defensive,2026-06-04
배당,"매나테크, 주주총회서 이사 선임·감사인 재선임 완료",2026-06-04 05:10:18,defensive,2026-06-04
배당,"알리바바그룹, 5월 발행주식 67만주 증가..RSU 발행 영향",2026-06-04 05:09:58,defensive,2026-06-04
배당,"핀워드 뱅코프, 주당 0.12달러 배당 결정..6월 29일 지급",2026-06-04 05:05:47,defensive,2026-06-04
배당,“삼전닉스 놓쳤다면 이 종목” … 1년새 180% 뛴 ‘반도체 설거지’ 기업,2026-06-04 05:00:00,defensive,2026-06-04
배당,"아르셀로미탈, 2026년 매출 667억 달러 전망..EPS 22% 성장",2026-06-04 04:15:47,defensive,2026-06-04
배당,"ATN인터내셔널, 타워 사업 매각 후 실적 전망 하향에 급락",2026-06-04 04:10:56,defensive,2026-06-04
배당,"ATN 인터내셔널, 타워 사업 매각으로 2억6800만 달러 확보",2026-06-04 04:00:46,defensive,2026-06-04
배당,"일본도 “반도체 가즈아”…시총 169위였던 키옥시아, 1년만에 2위로",2026-06-04 03:54:34,defensive,2026-06-04
배당,"버코 매뉴팩처링, 1분기 매출 9% 감소·순손실 280만 달러",2026-06-04 02:35:05,defensive,2026-06-04
배당,"페라리, 35억 유로 자사주 매입 계획 일환 62만 주 추가 매입",2026-06-04 00:26:53,defensive,2026-06-04
배당,"시바니 스틸워터, 2026년 매출 114억 달러·EPS 4.12달러 흑자전환 전망",2026-06-03 23:11:41,defensive,2026-06-03
배당,"아이콘 에너지, 7개월 고정임대로 370만 달러 확보",2026-06-03 22:31:50,defensive,2026-06-03
배당,"에베레스트 그룹, 2026년 EPS 52.05달러..전년비 37.7% 증가 전망",2026-06-03 22:18:50,defensive,2026-06-03
배당,"릴라이언스 글로벌 그룹, 나스닥 상장 적격성 회복..10거래일 연속 1달러 이상 유지",2026-06-03 22:16:49,defensive,2026-06-03
배당,"메드트로닉, 심장절제솔루션 급성장에 49년 연속 배당 인상까지… 투자자 기대감 고조",2026-06-03 22:11:29,defensive,2026-06-03
배당,"ATI, 7년 만기 선순위 채권 발행..2027년 만기 채권 조기 상환",2026-06-03 21:48:48,defensive,2026-06-03
배당,"버사뱅크, 2026년 매출 112억 달러 전망..전년비 30% 성장",2026-06-03 20:12:43,defensive,2026-06-03
배당,"BW LPG, 인도 CPIL 지분 8.5% 완전 매각..인프라 투자 철수",2026-06-03 20:09:53,defensive,2026-06-03
배당,"에이컴, 분기 배당 주당 0.31달러 유지..7월 17일 지급",2026-06-03 20:04:42,defensive,2026-06-03
배당,"아틀란틱 유니언 뱅크셰어스, 최고 신용 책임자 은퇴 발표",2026-06-03 20:02:52,defensive,2026-06-03
배당,"메이시스, 1분기 매출 47억 달러·EPS 0.23달러 기록",2026-06-03 20:00:52,defensive,2026-06-03
배당,"메드트로닉, 4분기 매출 98억 달러..전년비 6.6% 증가",2026-06-03 19:49:02,defensive,2026-06-03
배당,"버티브 홀딩스, 주당 0.0625달러 분기 배당 결정",2026-06-03 19:37:41,defensive,2026-06-03
배당,"소어 인더스트리즈, 3분기 매출 28억 달러·순이익 27% 감소",2026-06-03 19:37:11,defensive,2026-06-03
배당,"하프니아, 주당 0.29달러 분기 배당 지급..배당락 거래 시작",2026-06-03 19:16:51,defensive,2026-06-03
배당,"케논 홀딩스, 자회사 OPC 하데라 발전소 확장에 17억 달러 금융·EPC 계약",2026-06-03 19:08:20,defensive,2026-06-03
배당,"젠 레스토랑 그룹, 멀티채널 확장 위해 루크 휴코 CFO 선임",2026-06-03 19:07:40,defensive,2026-06-03
배당,"뉴스 코퍼레이션, 10억 달러 자사주 매입 프로그램 진행..1.8억 달러 집행",2026-06-03 19:03:29,defensive,2026-06-03
배당,"BW LPG, 1분기 순이익 1억6400만 달러..주당 0.67달러 배당",2026-06-03 19:03:29,defensive,2026-06-03
배당,"브룩필드 리뉴어블 파트너스, 1억5000만 캐나다달러 규모 우선주 발행",2026-06-03 06:13:33,defensive,2026-06-03
배당,"TORM, RSU 행사로 2만8144주 신규 발행",2026-06-03 06:13:03,defensive,2026-06-03
배당,"브룩필드 리뉴어블, 1억5000만 캐나다달러 규모 우선주 발행",2026-06-03 06:12:53,defensive,2026-06-03
배당,"맥유언 마이닝, 6월 4일 연례주총 및 Bullpen Q&A 개최",2026-06-03 05:46:51,defensive,2026-06-03
배당,"에너지 서비시스 오브 아메리카, 6월 11일 East Coast IDEAS 컨퍼런스서 발표",2026-06-03 05:32:50,defensive,2026-06-03
배당,"마스터카드, CFO 교체 등 대규모 임원 개편 단행",2026-06-03 05:17:09,defensive,2026-06-03
배당,"펜넷파크 인베스트먼트, 6월 배당 주당 0.08달러 확정..기본+추가 구성",2026-06-03 05:14:18,defensive,2026-06-03
배당,"페넌트파크 플로팅 레이트 캐피탈, 6월 배당금 0.0833달러 확정",2026-06-03 05:08:38,defensive,2026-06-03
배당,"버클, 주당 0.35달러 분기 배당 결정..7월 29일 지급",2026-06-03 03:43:56,defensive,2026-06-03
배당,"어플라이드머티리얼스, 2026년 EPS 50% 급증 전망에 주목",2026-06-03 03:10:53,defensive,2026-06-03
배당,"퍼스트서비스, 자사주 매입한도 10%로 확대..411만주 매입 가능",2026-06-03 01:02:01,defensive,2026-06-03
배당,"뮬러인더스트리즈, 2대1 주식분할 단행..7월1일부터 거래 시작",2026-06-02 23:49:00,defensive,2026-06-02
배당,"시바니 스틸워터, 2026년 매출 114억 달러 전망..46% 급증",2026-06-02 22:28:57,defensive,2026-06-02
배당,"이스턴, 785만 달러에 선기어·크라운정밀 인수..항공우주 시장 진출",2026-06-02 22:10:06,defensive,2026-06-02
배당,"바오준, 5월 자본구조 변동 없이 안정 유지",2026-06-02 21:49:55,defensive,2026-06-02
배당,"글래드스톤 랜드, 조지 스텔지스 신임 이사 선임",2026-06-02 21:47:34,defensive,2026-06-02
배당,"글래드스톤 캐피탈, 조지 스텔지스 3세 이사 선임..이사회 8명으로 확대",2026-06-02 21:46:54,defensive,2026-06-02
배당,"글래드스톤 커머셜, 사모펀드 전문가 스텔제스 신임 이사 선임",2026-06-02 21:46:44,defensive,2026-06-02
배당,"나노바이오틱스, 유로넥스트 테크 리더스 지수 편입",2026-06-02 21:34:43,defensive,2026-06-02
배당,"존 윌리 앤 손, 에메랄드 퍼블리싱 4억5200만 달러에 인수",2026-06-02 21:34:13,defensive,2026-06-02
배당,"버라이즌, 11종 사채 교환 제안 조기 참여 기간 6월 16일까지 연장",2026-06-02 21:17:52,defensive,2026-06-02
배당,"헬로 그룹, 1분기 매출 3억4600만 달러·영업익 4490만 달러",2026-06-02 20:35:10,defensive,2026-06-02
배당,"노스웨스턴, 2026년 EPS 3.68~3.83달러 전망··블랙힐스 합병 시너지 기대",2026-06-02 20:15:59,defensive,2026-06-02
배당,"시그넷 쥬얼러스, 1분기 조정 EPS 1.56달러·32% 증가",2026-06-02 19:55:48,defensive,2026-06-02
배당,"FS KKR 캐피탈, 9억 달러 무담보채권 발행..2031년 만기·7.5% 이자율",2026-06-02 19:38:58,defensive,2026-06-02
배당,"필립 모리스 인터내셔널, 2026년 조정 EPS 8.31~8.46달러 제시..전년비 최대 12% 증가",2026-06-02 19:12:07,defensive,2026-06-02
배당,"엠파이어 스테이트 리얼티, 1분기 조정 EBITDA 8천만 달러..전년比 2.5% 증가",2026-06-02 19:11:07,defensive,2026-06-02
배당,"엠파이어 스테이트 리얼티 트러트스, 1분기 EBITDA 8029만 달러..전년비 2.5%↑",2026-06-02 19:10:36,defensive,2026-06-02
배당,"허니웰 인터내셔널, 질리언 에반코 신임 독립이사 선임",2026-06-02 19:08:06,defensive,2026-06-02
배당,"U.S. 글로벌 인베스터스, 1분기 EPS 0.21달러로 하향 재표기",2026-06-02 19:06:56,defensive,2026-06-02
배당,"브룩필드, 시리즈24 우선주 배당률 5.432%로 재설정",2026-06-02 19:03:35,defensive,2026-06-02
배당,영농형 태양광 논에서 모내기...“쌀도 수확하고 전기도 팔고”,2026-06-02 18:32:26,defensive,2026-06-02
배당,스트레티지가 팔자…비트코인 7만불 붕괴,2026-06-02 17:51:13,defensive,2026-06-02
배당,[기자24시] 형평성 잃은 '코인 과세',2026-06-02 17:36:29,defensive,2026-06-02
배당,"BW LPG, 현대중공업과 9억4000만 달러 판맥스급 신조선 8척 계약 체결",2026-06-02 17:21:24,defensive,2026-06-02
배당,거버넌스포럼 “삼성전자 반도체 성과급 주주가치 훼손 소지있어”,2026-06-02 16:44:57,defensive,2026-06-02
배당,고배당주에 삼전닉스까지 담은 ‘커버드콜’…ACE 고배당주Plus커버드콜액티브 상장,2026-06-02 14:56:33,defensive,2026-06-02
배당,“빚투로 물타기 더는 못하겠다”…비트코인 7만불 붕괴,2026-06-02 14:55:04,defensive,2026-06-02
배당,초과세수 어찌할꼬…‘재투자 vs 재분배’ 이견 확산,2026-06-02 10:59:41,defensive,2026-06-02
배당,［기고］지정학적 리스크 프리미엄/문정빈 고려대 경영대학 교수,2026-06-02 10:50:25,defensive,2026-06-02
배당,삼성전자 6억원 성과급이 공정해지려면 [매경포럼],2026-06-02 10:29:35,defensive,2026-06-02
배당,스트레티지 매각 소식에 비트코인 한 때 7만불선 하락 [매일코인],2026-06-02 10:17:45,defensive,2026-06-02
배당,"[美공시]센터스페이스, 대차대조표 강화 및 주주 가치 증대를 위한 2억 4,500만 달러 규모 자산 매각 및 포트폴리오 최적화 계획 발표",2026-06-02 08:44:05,defensive,2026-06-02
배당,"센터스페이스, 자산 매각 불확실성과 단기 실적 악화 우려에 투자자 이탈",2026-06-02 06:40:40,defensive,2026-06-02
배당,"TPG RE 파이낸스 트러스트, 1분기 EPS 0.25달러·전년比 5.3% 증가",2026-06-02 06:25:39,defensive,2026-06-02
배당,"에센셜 프로퍼티즈 리얼티 트러스트, 2분기 배당 주당 0.32달러..전분기比 3%↑",2026-06-02 06:23:59,defensive,2026-06-02
배당,"오션퍼스트 파이낸셜, 플러싱파이낸셜과 합병 완료..1분기 EPS 0.30달러",2026-06-02 06:20:59,defensive,2026-06-02
배당,"코벨, 사라 스콧 신임 CEO 선임..7월 1일 취임",2026-06-02 06:06:58,defensive,2026-06-02
배당,"시비스타 뱅크쉐어스, 1분기 순이익 1500만 달러..전년비 47% 증가",2026-06-02 06:01:58,defensive,2026-06-02
배당,"리버티 라틴 아메리카, 9% 고정금리 우선주 특별배당 실시",2026-06-02 05:52:27,defensive,2026-06-02
배당,"PICS, 6월 30일 연례 주총 개최..2025년 배당 없이 전액 유보",2026-06-02 05:46:57,defensive,2026-06-02
배당,"에로우 파이낸셜, Adirondack Bancorp 합병 OCC 승인..54억 달러 자산규모",2026-06-02 05:37:56,defensive,2026-06-02
배당,"스타 이쿼티 홀딩스, 1분기 조정 EBITDA 1220만 달러..흑자전환 성공",2026-06-02 05:37:46,defensive,2026-06-02
배당,"스튜어트 인포메이션 서비스, 2분기 배당금 0.525달러 결정",2026-06-02 05:36:46,defensive,2026-06-02
배당,"루이지애나-퍼시픽, 알란 호기 CFO 은퇴..아론 하월드 9월 승계",2026-06-02 05:36:26,defensive,2026-06-02
배당,"센터스페이스, 2억4500만 달러 자산 매각·주당 0.77달러 배당 확정",2026-06-02 05:34:35,defensive,2026-06-02
배당,"큐브스마트, 1분기 FFO 주당 0.68달러..전년비 소폭 상승",2026-06-02 05:25:05,defensive,2026-06-02
배당,"미드 아메리카 아파트 커뮤니티, 1분기 핵심 FFO 주당 2.13달러..임대료 2년 내 최고치",2026-06-02 05:22:05,defensive,2026-06-02
배당,"WEC 에너지, 2026년 EPS 5.59달러 전망..375억 달러 대규모 투자 계획",2026-06-02 05:21:25,defensive,2026-06-02
배당,"어레이 디지털 인프라스트럭처, 버라이즌에 스펙트럼 자산 매각..주당 11달러 특별배당",2026-06-02 05:19:24,defensive,2026-06-02
배당,"랜트로닉, 3,000만 달러 규모 유상증자 단행..주당 7.20달러 확정",2026-06-02 05:18:24,defensive,2026-06-02
배당,"브레마 호텔&리조트, 파크 하얏트 비버크릭 리조트 1.76억 달러 매각 완료",2026-06-02 05:14:23,defensive,2026-06-02
배당,"젠커 인더스트리즈, NYSE 상장기준 위반 통보..1분기 보고서 미제출",2026-06-02 05:11:33,defensive,2026-06-02
배당,"인더스트리얼 로지스틱스, 1분기 조정 EBITDAre 8,699만 달러..전년비 2.0% 증가",2026-06-02 05:09:52,defensive,2026-06-02
배당,"아르마다 호플러 프로퍼티스, 1분기 매출 1억3090만 달러..전년비 26% 감소",2026-06-02 05:08:02,defensive,2026-06-02
배당,"뉴저지 리소시즈, 26~27년 겨울 요금 8.9% 인하..고객당 연 158달러 절감",2026-06-02 05:07:02,defensive,2026-06-02
배당,"엡실론 에너지, 2분기 배당 0.0625달러 결정·신용한도 9000만 달러 확대",2026-06-02 05:02:51,defensive,2026-06-02
배당,"유니레버, 자사주 328만주 매입..재무구조 강화",2026-06-02 04:18:51,defensive,2026-06-02
배당,"페이첵스, 2026년 매출 65억 달러·3년간 두 자릿수 성장 전망 제시",2026-06-02 04:00:50,defensive,2026-06-02
배당,"리오틴토, 6월 1일 기준 총 발행주식 12억5600만주 공시",2026-06-02 03:53:50,defensive,2026-06-02
배당,"액센츄어, 2026 회계연도 매출 741억 달러·EPS 13.46달러 전망…배당 확대까지",2026-06-02 03:01:20,defensive,2026-06-02
배당,"원 리버티 프로퍼티즈, 2억4600만 달러 산업용 부동산 추가 매입",2026-06-02 01:52:09,defensive,2026-06-02
배당,"올라 마이닝, 멕시코 카미노 로호 광산 불법 파업으로 생산 중단",2026-06-02 01:00:58,defensive,2026-06-02
배당,"B&G 푸즈, 4억7500만 달러 채권 발행..기존 부채 조기상환",2026-06-02 00:56:48,defensive,2026-06-02
배당,"FS 뱅코프, 매튜 D. 뮬렛 신임 CEO 선임..조 애덤스 은퇴",2026-06-02 00:33:47,defensive,2026-06-02
배당,"마이크로스트레티지, 41개월 만에 비트코인 매각…전략 기조 변화에 투자 심리 흔들려",2026-06-02 00:30:47,defensive,2026-06-02
배당,"팬 아메리칸 실버, 캐나다 팀민스 광산 확장에 1억4600만 달러 투자",2026-06-02 00:01:26,defensive,2026-06-02
배당,"비트코인 절대 팔지말라던 MSTR, 32개 매각",2026-06-01 22:36:25,defensive,2026-06-01
배당,"로키 마운틴 쵸콜릿 팩토리, 2026년 4분기 매출 6.4억~7.4억 달러..전년비 22%↓",2026-06-01 22:16:51,defensive,2026-06-01
배당,"유니티 그룹, 11억 달러 규모 광섬유 네트워크 담보부 채권 발행",2026-06-01 22:06:00,defensive,2026-06-01
배당,"인터내셔널 플래이버스 & 프래그랜스, 식품재료 사업부 43억 달러 매각..CVC와 계약",2026-06-01 22:02:00,defensive,2026-06-01
배당,"비트마인 이머전 테크놀로지스, ETH 보유량 542만개..전세계 공급량의 4.49%",2026-06-01 21:46:59,defensive,2026-06-01
배당,"아디텍스트, 제프리 부시 임시 CEO 선임..정밀종양진단 사업 가속",2026-06-01 21:32:18,defensive,2026-06-01
배당,"웰타워, 2분기부터 배당 15% 인상..주당 0.85달러",2026-06-01 21:16:47,defensive,2026-06-01
배당,"텔레플렉스, 5억 달러 규모 2032년 만기 선순위 채권 발행",2026-06-01 21:05:26,defensive,2026-06-01
배당,"미니소 그룹 홀딩, 5월 37만주 자사주 매입..118만 달러 규모",2026-06-01 21:03:25,defensive,2026-06-01
배당,"퍼스트에너지, 2026년 EPS 가이던스 2.62~2.82달러 재확인..전년比 8.8%↑",2026-06-01 20:57:35,defensive,2026-06-01
배당,"선스톤 호텔 인베스터스, 1분기 조정 FFO 29% 급증..연간 가이던스 상향",2026-06-01 20:32:54,defensive,2026-06-01
배당,"메이서리치, 2026년 매출 9억4천만 달러 전망..부채비율 개선 추진",2026-06-01 20:03:42,defensive,2026-06-01
배당,"커뮤니티 뱅크 시스템, 클리어포인트 연방은행 3천900만 달러 인수 완료",2026-06-01 20:02:42,defensive,2026-06-01
배당,"카마다, FDA 승인 광견병 검사실 개소..운영 효율성 강화",2026-06-01 20:02:02,defensive,2026-06-01
배당,"사이언스 어플리케이션스, 조정 EPS 68% 급증·자유현금흐름 368% 폭증에 시장 환호",2026-06-01 20:00:42,defensive,2026-06-01
배당,"사이언스 어플리케이션스 인터내셔널, 1분기 매출 19억 달러·조정 EPS 68% 급증",2026-06-01 19:57:11,defensive,2026-06-01
배당,"RELX, 2025 회계연도 최종 배당 주당 48펜스 확정..6월 18일 지급",2026-06-01 19:52:51,defensive,2026-06-01
배당,"이렌다이, 2026년 회계감사인 마컴아시아로 교체",2026-06-01 19:48:41,defensive,2026-06-01
배당,"페덱스, FedEx Freight 스핀오프 완료..80.1% 지분 주주 배분",2026-06-01 19:44:51,defensive,2026-06-01
배당,"아비노 실버앤골드 마인스, 2026년 매출 44억 달러·EPS 22.66달러 전망",2026-06-01 19:34:50,defensive,2026-06-01
배당,"뉴스 코퍼레이션, 10억 달러 규모 자사주 매입 프로그램 발표",2026-06-01 19:33:50,defensive,2026-06-01
배당,"알리바바그룹, 6,172만주 규모 직원 주식보상 부여..발행주식 0.32%",2026-06-01 19:28:50,defensive,2026-06-01
배당,"BW LPG, 현대중공업과 9억4000만 달러 규모 판맥스급 신조선 8척 계약",2026-06-01 19:11:59,defensive,2026-06-01
배당,"케논 홀딩스, 1Q26 매출 3억1700만 달러..전년비 73% 급증",2026-06-01 19:08:29,defensive,2026-06-01
배당,"씨엘피에스, 나스닥 최소 입찰가 규정 위반 통보..11월까지 회복 필요",2026-06-01 19:07:28,defensive,2026-06-01
배당,배당금 25배 올린 엔비디아 미국 증시 배당 지형 바꿨다,2026-06-01 17:55:25,defensive,2026-06-01
배당,[기자24시] '성과급 논쟁' 속 주주의 권리,2026-06-01 17:46:26,defensive,2026-06-01
배당,"휴렛패커드엔터프라이즈, 2026년 매출 408억 달러·EPS 51% 급증 전망",2026-06-01 17:30:55,defensive,2026-06-01
배당,[매경이코노미스트] 반도체 초호황의 역설,2026-06-01 17:16:36,defensive,2026-06-01
배당,타임폴리오 액티브 ETF의 질주…5년 만에 운용자산 9조원 넘었다,2026-06-01 14:39:39,defensive,2026-06-01
배당,화웨이 1년 R&D 예산을 내부 성과급으로 쓰는 삼성 [논설실 Pick],2026-06-01 12:41:36,defensive,2026-06-01
배당,"iM증권, 주식대여서비스 신규가입 이벤트 진행",2026-06-01 09:19:56,defensive,2026-06-01
리츠,‘신속착공’ 오세훈 당선에…재건축·재개발 사업 힘 실린다,2026.06.05 06:06,defensive,2026-06-05
리츠,'신속착공' 오세훈 당선…민간 재건축 속도,2026.06.04 17:47,defensive,2026-06-04
리츠,"코스피 마감, 8,639.41P (-1.84%↓) 삼성생명, 삼성전기등 하락세",2026.06.04 15:38,defensive,2026-06-04
리츠,“삼전닉스 지금 들어가기엔 늦었죠”…전력·네트워크·로봇 돈 몰린다,2026.06.04 05:23,defensive,2026-06-04
리츠,"전력으로, 로봇으로 … AI 투자 전방위 확산",2026.06.03 20:31,defensive,2026-06-03
리츠,"코스피 마감, 8,801.49P (0.15%↑) 삼성생명, SK스퀘어등 상승세",2026.06.02 15:38,defensive,2026-06-02
리츠,"LXP 인더스트리얼 트러스트, 2026년 FFO 가이던스 상향..주당 3.30~3.40달러",2026.06.02 06:01,defensive,2026-06-02
리츠,"에센셜 프로퍼티즈 리얼티 트러스트, 1분기 AFFO 주당 0.50달러..전년비 10% 증가",2026.06.02 05:20,defensive,2026-06-02
리츠,매물 1만개 사라진 서울 … 압구정 110억·흑석 49억 신고가 쏟아져,2026.06.02 04:00,defensive,2026-06-02
리츠,"AMTD 아이디어, 퍼스 리츠칼튼 호텔 50% 지분 7,200만 달러 인수 완료",2026.06.01 23:03,defensive,2026-06-01
리츠,"AMTD디지털, 7200만 달러 규모 호주 리츠칼튼 퍼스 지분 인수 완료",2026.06.01 22:52,defensive,2026-06-01
안전자산,"리스키파이드, 7500만 달러 자사주 매입 프로그램 추가 승인",2026.06.06 05:05,defensive,2026-06-06
안전자산,"드래곤플라이, 2026년 주총 앞두고 신규 이사 후보 공개",2026.06.06 03:35,defensive,2026-06-06
안전자산,브레인 롯·가계부실위험지수·CMMC [This Week 경제용어],2026.06.05 16:59,defensive,2026-06-05
안전자산,美 국채보다 金…전 세계 중앙은행 쓸어 담는다,2026.06.05 16:00,defensive,2026-06-05
안전자산,팔 생각하고 온라인 쇼핑몰 만든다?,2026.06.05 14:39,defensive,2026-06-05
안전자산,‘官 그림자’ 없었다…뛰어난 멀티플레이어 [CEO LOUNGE],2026.06.05 14:17,defensive,2026-06-05
안전자산,삼성물산·도로교통공단행 잇단 제동…퇴직공직자 24명 취업 제한·불승인,2026.06.05 13:39,defensive,2026-06-05
안전자산,이란 “호르무즈 요금 받겠다”…통행료 아닌 서비스 비용 내라는데,2026.06.05 11:25,defensive,2026-06-05
안전자산,머니무브 가속…모험자본 마중물로,2026.06.05 10:35,defensive,2026-06-05
안전자산,달러당 원화값 장중 1540원대 돌파…금융위기 이후 최초,2026.06.05 10:21,defensive,2026-06-05
안전자산,"템피스트 테라퓨틱스, 재무·의료 전문가 2명 독립이사 선임",2026.06.05 06:01,defensive,2026-06-05
안전자산,"데카르트 시스템스 그룹, 1분기 매출 1억9360만 달러·EPS 34% 급증",2026.06.04 21:07,defensive,2026-06-04
안전자산,"코그니션 테라퓨틱스, 레비소체 치매 임상 2상서 증상 악화 86% 지연",2026.06.04 21:03,defensive,2026-06-04
안전자산,"실버 보우 마이닝, 뷰트 광산 탐사 강화..은 4,920만 온스 자원 확보",2026.06.04 19:03,defensive,2026-06-04
안전자산,[Part 4] 부동산시장 자금 흐름은 | 꽁꽁 묶인 규제와 줄어든 공급 부동산시장 ‘초양극화’ 오나,2026.06.04 15:39,defensive,2026-06-04
안전자산,"트럼프 ‘무대포 낙하산’…부동산업자 출신 나팔수, 국가정보국장 임명",2026.06.04 08:05,defensive,2026-06-04
안전자산,"DISCIPLINED GROWTH ACQUISITION CORP, 1억5075만 달러 공모자금 확보 완료",2026.06.04 06:01,defensive,2026-06-04
안전자산,"“같이 퇴사한 동기와 연금 격차 심해”… 월 수십만원 차이, 이유는",2026.06.04 05:00,defensive,2026-06-04
안전자산,"에로우 파이낸셜, 1분기 순이익 1350만 달러·EPS 0.82달러 기록",2026.06.03 23:01,defensive,2026-06-03
안전자산,"'정적 저격수' 주택청장에 … 트럼프, 정보수장 맡겼다",2026-06-03 20:49:05,defensive,2026-06-03
안전자산,"아발린 파마, 1분기 순손실 2,687만 달러..R&D 비용 증가",2026-06-03 20:27:04,defensive,2026-06-03
안전자산,[기고] SMR 선박을 '해상 에너지 허브'로,2026-06-03 20:19:38,defensive,2026-06-03
안전자산,읍소 대신 숫자로 설득하니 '보험왕',2026-06-03 20:11:00,defensive,2026-06-03
안전자산,"코그나이트 소프트웨어, 1분기 매출 1억5540만 달러..전년비 10% 증가",2026-06-03 20:09:03,defensive,2026-06-03
안전자산,"나노바이오틱스, 1분기 현금 4,210만 유로 보유..공모로 8,610만 유로 추가 조달",2026-06-03 05:34:00,defensive,2026-06-03
안전자산,"IRON HORSE ACQUISITION II CORP, 일렉트라AI 인수 통해 배터리관리 플랫폼 확장",2026-06-02 22:33:07,defensive,2026-06-02
안전자산,"LQR 하우스, AI 중개사 퓨전파이브 추가 30% 지분 3900만 달러 인수",2026-06-02 22:14:06,defensive,2026-06-02
안전자산,[Part 3] 실물자산 투자 로드맵 | 성장세 여전한 금·반등 나선 은 장신구서 투자 자산으로,2026-06-02 16:33:56,defensive,2026-06-02
안전자산,한국은행이 CBDC·예금토큰 결합 ‘프로젝트 한강’을 택한 이유,2026-06-02 11:27:49,defensive,2026-06-02
안전자산,"나노캠텍, 임시주총서 ‘LSK아이로봇’ 사명 변경안 가결… AI·로봇 사업 재편",2026-06-02 11:25:23,defensive,2026-06-02
안전자산,"펄크럼 테라퓨틱스, 핵심 파이프라인 포시레디르 개발 중단",2026-06-02 05:10:33,defensive,2026-06-02
안전자산,"어타이어 파마, 에프조피티모드 폐사르코이도시스 3상 2026년 6월 IND 제출",2026-06-02 05:07:32,defensive,2026-06-02
안전자산,알면 조용히 돌려받는다 … 퇴로 막힌 다주택자의 절세 노하우,2026-06-02 04:00:00,defensive,2026-06-02
안전자산,"노포크서던, 브라이언 배어 최고운영책임자 선임",2026-06-01 22:17:01,defensive,2026-06-01
안전자산,"제이드 바이오사이언스, JADE101 1상 임상서 IgA 70% 감소 입증",2026-06-01 20:56:44,defensive,2026-06-01
안전자산,"오큘리스 홀딩, DME 치료제 3상 주요지표 미달·FDA 승인 철회",2026-06-01 19:03:08,defensive,2026-06-01
안전자산,AI시대 비즈니스 성과 내려면 … 흩어진 데이터 통합이 우선,2026-06-01 16:04:37,defensive,2026-06-01
안전자산,증시 활황에 머니무브,2026-06-01 15:59:09,defensive,2026-06-01
안전자산,스페이스X 상장 코앞… 국내외 주식시장도 들썩,2026-06-01 15:00:15,defensive,2026-06-01
안전자산,"차지호 “AI 쓰나미 온다…청년 실업, 부동산보다 더 큰 문제 될 것” [요즘여의섬]",2026-06-01 14:37:56,defensive,2026-06-01
안전자산,"SBS 드라마의 무서운 질주, 주중 드라마 부활과 장르 다변화로 ‘안방 정조준’ (종합) [MK★현장]",2026-06-01 13:56:00,defensive,2026-06-01
안전자산,"한국투자증권, 일본 엔화 RP 투자 서비스 출시",2026-06-01 10:45:49,defensive,2026-06-01
안전자산,“없으면 호르무즈 못 지나가” … 비트코인이 종전 합의안을 주목하는 이유,2026-06-01 04:00:00,defensive,2026-06-01
자사주,"지니어스 그룹, 7월 정기주총서 자사주 매입·주식병합 권한 부여 논의",2026.06.06 05:32,defensive,2026-06-06
자사주,"나노바이오틱스, 5월말 기준 총 5081만주 발행..의결권 5428만주",2026.06.06 05:17,defensive,2026-06-06
자사주,"투뉴, 1분기 매출 12.8% 성장에 5분기 연속 흑자 달성",2026.06.05 20:41,defensive,2026-06-05
자사주,"FTI 컨설팅, 자사주 매입에 3억7000만 달러 추가 배정",2026.06.05 20:37,defensive,2026-06-05
자사주,"투뉴, 1분기 매출 1920만 달러·전년비 12.8% 증가",2026.06.05 20:31,defensive,2026-06-05
자사주,"칸준, 자사주 84만주 600만 달러 규모 매입·소각",2026.06.05 20:03,defensive,2026-06-05
자사주,ADR 뭐기에…‘美 상장 티켓’ 떠오르나,2026.06.05 15:10,defensive,2026-06-05
자사주,집안싸움에 무너진 삼전 최대노조…‘과반 노조’ 지위 상실,2026.06.05 14:49,defensive,2026-06-05
자사주,"쿠퍼, 2분기 매출 11억 달러·비GAAP EPS 1.21달러 기록",2026.06.05 05:28,defensive,2026-06-05
자사주,"퀘넥스 빌딩 프로덕트, 2분기 매출 4.6억 달러·2.2%↑...영업익 54%↓",2026.06.05 05:18,defensive,2026-06-05
자사주,"룰루레몬, 1분기 매출 25억 달러..EPS 35% 급감",2026-06-05 05:10:56,defensive,2026-06-05
자사주,"가이드와이어 소프트웨어, 3분기 매출 3억7천만 달러·전년비 27%↑",2026-06-05 05:09:36,defensive,2026-06-05
자사주,"캐나디안 임페리얼 뱅크 오브 커머스, 3천만주 자사주 매입 계획 승인",2026-06-05 03:51:54,defensive,2026-06-05
자사주,"노르웨이크루즈라인, 이사 2,500만 달러 자사주 대량 매입으로 급등",2026-06-04 23:11:00,defensive,2026-06-04
자사주,"글로벌-이온라인, 이사회 5억 달러 자사주 매입 프로그램 승인…주주가치 제고 기대",2026-06-04 22:52:39,defensive,2026-06-04
자사주,"트랜스알타, 10억 달러 가스발전소 인수 자금 조달 위한 대규모 공모 단행",2026-06-04 22:30:58,defensive,2026-06-04
자사주,"킹소프트 클라우드 홀딩스, 5월 발행주식 45억주 유지..변동 없음",2026-06-04 22:19:58,defensive,2026-06-04
자사주,"글로벌-이 온라인, 5억 달러 자사주 매입 프로그램 승인",2026-06-04 22:02:16,defensive,2026-06-04
자사주,"위라이드, 5월 1,109만주 자사주 매입 완료..총 5,930만 달러 규모",2026-06-04 21:28:54,defensive,2026-06-04
자사주,"칸준, 자사주 84만주 600만달러 매입·소각 단행",2026-06-04 21:17:54,defensive,2026-06-04
자사주,"미니소 그룹 홀딩, 68만주 자사주 매입..1817만 홍콩달러 투입",2026-06-04 21:01:52,defensive,2026-06-04
자사주,"트랜스알타, 10억 달러에 318MW 가스발전소 인수..3.5억 달러 자사주 공모",2026-06-04 19:04:39,defensive,2026-06-04
자사주,성과급 갈등에 1만8천여명 ‘우르르’…과반 무너진 삼성 초기업노조,2026-06-04 17:52:08,defensive,2026-06-04
자사주,"칸준, 누적 2,670만 주 자사주 매입 완료…EPS 성장 전망까지 주목",2026-06-04 17:20:38,defensive,2026-06-04
자사주,"“그러게, 욕심이 과했어”…메모리 독식 성과급에 삼전 최대 노조 과반지위 상실",2026-06-04 16:50:00,defensive,2026-06-04
자사주,"셀트리온, 1천억원 규모 자사주 소각 완료… “연내 누적 2조원 주주환원 추진”",2026-06-04 16:04:43,defensive,2026-06-04
자사주,“미래 성장·수주 경쟁력 자신감”…현대건설 대표이사 자사주 매수 행렬,2026-06-04 14:06:17,defensive,2026-06-04
자사주,"LS, `LS전선 실적 성장과 지주회사 재평가` 증권사 발표에 강세",2026-06-04 13:05:52,defensive,2026-06-04
자사주,"인터피드 포테쉬, 자사주 매입 한도 5000만 달러로 확대",2026-06-04 05:34:50,defensive,2026-06-04
자사주,"C3에이아이, 2026년 4분기 매출 5160만 달러..연간 매출 36% 급감",2026-06-04 05:10:48,defensive,2026-06-04
자사주,"즈후, 1분기 매출 18% 감소에도 순이익 147% 급증",2026-06-03 22:25:00,defensive,2026-06-03
자사주,"위라이드, 자사주 95만주 매입..발행주식 0.1% 규모",2026-06-03 21:35:17,defensive,2026-06-03
자사주,"칸준, 자사주 8,200주 매입·소각..옵션 행사로 신주 3.5만주 발행",2026-06-03 20:21:54,defensive,2026-06-03
자사주,"골드필드, 비경영진 이사 McGill 자사주 1.89만 달러 매수",2026-06-03 20:14:53,defensive,2026-06-03
자사주,"노아 홀딩스, RSU 보상 17만주 발행·자사주 179만주 매입 완료",2026-06-03 19:06:59,defensive,2026-06-03
자사주,"쇼피파이, 자사주 매입 한도 50억 달러로 30억 달러 증액",2026-06-03 06:04:02,defensive,2026-06-03
자사주,"게임스탑, 1분기 순이익 사상 최고치 경신…20억 달러 자사주 매입도 승인",2026-06-03 06:00:32,defensive,2026-06-03
자사주,"게임스탑, 1분기 순이익 3억9천만 달러..사상 최고치 경신",2026-06-03 05:45:11,defensive,2026-06-03
자사주,"얼타뷰티, 1분기 매출·EPS 두 자릿수 성장에 연간 가이던스 상향 조정",2026-06-03 05:41:11,defensive,2026-06-03
자사주,"깃랩, 1분기 매출 2억6420만 달러..전년비 23% 증가",2026-06-03 05:20:09,defensive,2026-06-03
자사주,"엑스트, 1분기 EPS 0.02달러 흑자전환·자사주 1억4000만 달러 매입",2026-06-03 05:09:28,defensive,2026-06-03
자사주,"얼타 뷰티, 1분기 매출 32억 달러·EPS 7.74달러 기록",2026-06-03 05:08:58,defensive,2026-06-03
자사주,"헬로그룹, 중국 핵심 사업 부진·2분기 매출 감소 가이던스에 하락 압력",2026-06-03 01:30:42,defensive,2026-06-03
자사주,"UP핀테크홀딩, 중국 당국 대규모 벌금 부과로 순손실 전환",2026-06-02 22:43:27,defensive,2026-06-02
자사주,"오니티그룹, 리버스 모기지 사업 매각 완료…자사주 매입까지 주주환원 강화",2026-06-02 22:43:07,defensive,2026-06-02
자사주,"위라이드, 자사주 20만주 매입..총 427만 홍콩달러 규모",2026-06-02 22:10:56,defensive,2026-06-02
자사주,"가오투테크에듀, 매출 성장에도 영업이익 80% 급감…수익성 악화 직격탄",2026-06-02 21:41:24,defensive,2026-06-02
자사주,"미니소 그룹 홀딩, 자사주 116만주 매입..발행주식 0.09% 규모",2026-06-02 21:01:51,defensive,2026-06-02
자사주,"칸준, 6월 1일 자사주 578주 매입·신주 2.7만주 발행",2026-06-02 20:31:50,defensive,2026-06-02
자사주,"ZTO 익스프레스, 5월 자사주 146만주 매입..2026년 EPS 22% 증가 전망",2026-06-02 20:31:30,defensive,2026-06-02
자사주,"시그넷쥬얼러스, 1분기 조정 EPS 32% 증가·연간 가이던스 상향으로 주목",2026-06-02 20:21:09,defensive,2026-06-02
자사주,"오디티 테크, 1분기 매출 1억9790만 달러..전년비 26% 감소",2026-06-02 20:11:39,defensive,2026-06-02
자사주,"빅토리아 시크릿 & 코, 1분기 매출 15억6천만 달러..15% 급증",2026-06-02 20:03:58,defensive,2026-06-02
자사주,"오니티 그룹, 리버스 모기지 사업 매각 완료..2000만 달러 자사주 매입",2026-06-02 19:47:48,defensive,2026-06-02
자사주,"ING 그룹, 자사주 10억 유로 매입 프로그램 19% 진행",2026-06-02 19:12:17,defensive,2026-06-02
자사주,"UP 핀테크 홀딩, 1분기 매출 26% 증가에도 5970만 달러 벌금으로 적자 전환",2026-06-02 19:10:26,defensive,2026-06-02
자사주,"가오투 테크에듀, 1분기 매출 13% 증가에도 영업익 80% 급감",2026-06-02 19:10:06,defensive,2026-06-02
자사주,"뉴스 코퍼레이션, 최대 10억 달러 규모 자사주 매입 프로그램 승인",2026-06-02 19:08:36,defensive,2026-06-02
자사주,"판 커지는 AI 베팅 … 4대 빅테크, 올 '1천조원' 쏟아붓는다",2026-06-02 17:53:10,defensive,2026-06-02
자사주,"동양, 719억원 규모 자사주 소각… 2:1 주식병합도 추진",2026-06-02 17:17:54,defensive,2026-06-02
자사주,"“삼성전자 성과급 6억 어떻게 생각?”…젠슨황, 깜짝 놀랄 대답은",2026-06-02 14:48:10,defensive,2026-06-02
자사주,"[美공시]""Summit Midstream Corp, 첫 3,500만 달러 규모의 자사주 매입 프로그램 발표""",2026-06-02 08:44:15,defensive,2026-06-02
자사주,"서밋미드스트림, 사상 첫 3,500만 달러 자사주 매입 프로그램 승인",2026-06-02 06:50:40,defensive,2026-06-02
자사주,"스테이크홀더 푸즈, 워런트 행사로 110만 달러 확보..추가 220만 달러 조달 가능성",2026-06-02 05:59:47,defensive,2026-06-02
자사주,"서밋 미드스트림, 3,500만 달러 규모 첫 자사주 매입 프로그램 승인",2026-06-02 05:35:46,defensive,2026-06-02
자사주,"위라이드, 자사주 192만주 매입..발행주식 0.2% 규모",2026-06-02 05:11:13,defensive,2026-06-02
자사주,"머티리얼라이즈, 자사주 매입 지속..누적 81만주 확보",2026-06-02 05:07:52,defensive,2026-06-02
자사주,"케이이 홀딩스, 1,000만 달러 규모 자사주 매입..주당 5.47달러",2026-06-02 05:06:52,defensive,2026-06-02
자사주,"브리티시 아메리칸 타바코, 발행주식 21억7천만주·자사주 1억3천만주 보유",2026-06-02 01:05:08,defensive,2026-06-02
자사주,"드롭박스, 9억 달러 자사주 매입·4억 달러 신용대출 확보로 주목",2026-06-02 00:11:27,defensive,2026-06-02
자사주,"콘스텔레이션, 1100만주 대규모 2차 공모 발표에 주가 급락",2026-06-01 23:11:54,defensive,2026-06-01
자사주,"아고라 CEO, 최대 2,000만 달러 자사주 직접 매입 선언…투자자 신뢰 급부상",2026-06-01 22:21:11,defensive,2026-06-01
자사주,"드롭박스, 4억 달러 신용대출 확보·9억 달러 자사주 매입 승인",2026-06-01 22:08:50,defensive,2026-06-01
자사주,"아고라, CEO 토니 자오 최대 2,000만 달러 자사주 매입 계획",2026-06-01 21:06:06,defensive,2026-06-01
자사주,"슈퍼 하이 인터내셔널 홀딩, 5월말 발행주식 6.5억주 유지..신주발행 無",2026-06-01 20:25:13,defensive,2026-06-01
자사주,"리 오토, 자사주 130만주 매입..총 1,026만 달러 규모",2026-06-01 20:15:43,defensive,2026-06-01
자사주,"뉴스코퍼레이션, 10억 달러 자사주 매입 프로그램 발표로 주목",2026-06-01 19:40:51,defensive,2026-06-01
자사주,"토털에너지스, 3거래일간 3,313만 유로 규모 자사주 매입",2026-06-01 19:07:59,defensive,2026-06-01
자사주,"칸준, 600만 달러 규모 자사주 매입 완료",2026-06-01 19:07:49,defensive,2026-06-01
자사주,"플러터 엔터테인먼트, 2026년 정기주총 주요 안건 가결..우선주 발행권한은 부결",2026-06-01 19:01:48,defensive,2026-06-01
자사주,"빈대인 회장 등 BNK금융 고위 임원진, 자사주 대거 매입",2026-06-01 10:43:35,defensive,2026-06-01
지배구조,"버크스 그룹, 3,250만 캐나다달러 신규 대출 및 리볼버 확대 완료",2026.06.06 06:16,defensive,2026-06-06
지배구조,"“코스피 로봇 대장주, 다들 아시죠?”...‘현대차 이름표’ 단 ETF 봇물",2026.06.06 06:14,defensive,2026-06-06
지배구조,"에이티에이 크리에이티비티 글로벌, 임시주총서 자회사 처분·사모발행 승인",2026.06.06 05:16,defensive,2026-06-06
지배구조,"데이터볼트AI, 20억 달러 금융 계약에도 지배구조 불안이 발목",2026.06.05 22:53,defensive,2026-06-05
지배구조,"텔레셋, 2026년 주총서 이사진 전원 선임·감사인 재선임 승인",2026.06.05 22:11,defensive,2026-06-05
지배구조,"아덱스 테라퓨틱스, 6월 29일 연례 주총 개최..이사진 재선임 및 자본 증대 심의",2026.06.05 19:06,defensive,2026-06-05
지배구조,현대차 '이름표' 달린 ETF도 쏟아진다,2026.06.05 17:51,defensive,2026-06-05
지배구조,클릭의 종말? 검색창이 ‘명령창’ 됐다 [AI 딥다이브],2026.06.05 15:13,defensive,2026-06-05
지배구조,성적표 어떻길래…첩첩산중 신한라이프,2026.06.05 15:09,defensive,2026-06-05
지배구조,"실적 좋은데 카카오는 날 수 없다, 왜?",2026.06.05 15:04,defensive,2026-06-05
지배구조,"삼일PwC, 신임 대표·부대표 인사...AI·글로벌 전문가 전진배치",2026.06.05 13:50,defensive,2026-06-05
지배구조,신임 금융협회 수장은 ‘KB 천하’?...금융권 수군수군 [재계톡톡],2026.06.05 11:24,defensive,2026-06-05
지배구조,고려아연 새 사외이사 선임 공방전…“공개추천 받아라” vs “추천자격 제한해야”,2026.06.05 11:23,defensive,2026-06-05
지배구조,"해외봉사·자선공연…대한항공, 지역사회 위한 따뜻한 나눔 활동",2026.06.05 11:02,defensive,2026-06-05
지배구조,미국식 장기 자본이냐 핫머니냐,2026.06.05 10:29,defensive,2026-06-05
지배구조,"“바자회 열고 이메일 지우고”…환경의 날 맞은 유통업계, ESG 확대",2026.06.05 10:22,defensive,2026-06-05
지배구조,"하루에 420억원, 100년을 써야 재산탕진…조만장자 앞둔 머스크",2026-06-05 09:48:12,defensive,2026-06-05
지배구조,사상최대 실적인데 주가는 너무 짜네…모두가 반등 외치는 키움증권,2026-06-05 09:18:59,defensive,2026-06-05
지배구조,"리젠티스 바이오머티리얼즈, 7월 2일 주총 개최..이사 재선임·보상정책 승인",2026-06-05 05:32:58,defensive,2026-06-05
지배구조,"아야 골드 앤 실버, 2025년 지속가능성 보고서 발표..물 사용량 50% 절감",2026-06-05 01:31:02,defensive,2026-06-05
지배구조,"파크 하 바이오로지컬 테크놀로지, 나스닥 본국관행 면제 공식 확인",2026-06-04 21:49:45,defensive,2026-06-04
지배구조,"프레네틱스 글로벌, DTC 전문가 허드슨 레오그란데 이사 선임",2026-06-04 21:33:54,defensive,2026-06-04
지배구조,증권·테크·게임社까지 … 가상자산 '4자 동맹' 탄생,2026-06-04 18:05:30,defensive,2026-06-04
지배구조,[알립니다] 이사회의 책임과 전략,2026-06-04 17:57:04,defensive,2026-06-04
지배구조,‘이사회의 책임과 전략: 변화하는 경영 환경의 대응’ 세미나 개최,2026-06-04 17:06:18,defensive,2026-06-04
지배구조,"“상장하자마자 시총이 무려”…스페이스X, IPO 기업가치 2680조원으로",2026-06-04 15:11:53,defensive,2026-06-04
지배구조,“日 자동차 7개 다 합해도 삼전닉스 10분의 1”…韓기업 순익 18년만에 日 추월,2026-06-04 11:45:06,defensive,2026-06-04
지배구조,한투·코인원·OKX·컴투스 ‘4자 연합’ 출범…“글로벌 종합 금융 플랫폼될 것”,2026-06-04 11:42:13,defensive,2026-06-04
지배구조,진양화학 왜 난리났다 했더니…오세훈 테마주 ‘요동’,2026-06-04 11:17:18,defensive,2026-06-04
지배구조,기업가치 더 높여잡았다…1조7800억달러 스페이스X,2026-06-04 11:04:18,defensive,2026-06-04
지배구조,"로터스 테크놀로지, 지리홀딩 CFO 조 쿼안장 신임 이사회 의장 선임",2026-06-04 06:26:53,defensive,2026-06-04
지배구조,"인벤티바, 2026년 정기 주총 개최..재무제표 승인·이사 선임 안건 상정",2026-06-03 22:22:50,defensive,2026-06-03
지배구조,"갈리아노 골드, ISS·Glass Lewis로부터 주총 전 안건 찬성 권고 획득",2026-06-03 05:46:01,defensive,2026-06-03
지배구조,"자이온스 뱅코프, 전 PwC 파트너 다니엘 라이언 신규 이사 선임",2026-06-03 05:04:07,defensive,2026-06-03
지배구조,"글래드스톤 인베스트먼트, 전 CIO 스텔제스 이사 선임..이사회 8명 확대",2026-06-02 21:47:04,defensive,2026-06-02
지배구조,"KB금융, 차기 회장 후보군 12명 압축…9월 11일 최종 확정할 듯",2026-06-02 18:06:48,defensive,2026-06-02
지배구조,KB 차기회장 선임 돌입…양종희 연임 여부 촉각,2026-06-02 17:47:15,defensive,2026-06-02
지배구조,[Part 2 | INTERVIEW] 주식 투자 늘린 슈퍼리치들 “반도체·AI 다음 투자처 어디?”,2026-06-02 15:36:13,defensive,2026-06-02
지배구조,[李정부 1년] 방송미디어 새 판 짜기…방미통위 출범·공영방송 개편 착수,2026-06-02 11:29:40,defensive,2026-06-02
지배구조,"빈치 파트너스 인베스트먼트, 7월 1일 정기 주총 개최..신임 이사 선임 예정",2026-06-02 05:29:15,defensive,2026-06-02
지배구조,"위스키 인터내셔널 홀딩, 6월 29일 주총서 본사 BVI 이전 추진",2026-06-02 05:18:54,defensive,2026-06-02
지배구조,"메가 매트릭스, 6월 22일 주총서 3~20대1 주식병합 승인 추진",2026-06-02 05:08:52,defensive,2026-06-02
지배구조,"월든캐스트, 오바지 메디컬 4억6000만 달러 매각..밀크 메이크업 집중",2026-06-01 22:55:53,defensive,2026-06-01
지배구조,"이노베이트, 방송부문 지분 75% 매각·1억500만 달러 재융자 완료",2026-06-01 21:48:19,defensive,2026-06-01
지배구조,"옵티멈 커뮤니케이션즈, 5억 달러 자금 조달·자본구조 재편 단행",2026-06-01 21:17:47,defensive,2026-06-01
지배구조,"앰버 내셔널 홀딩, 주요 주주 AGL 보유 지분 기존 주주에 비례 배분 완료",2026-06-01 21:01:55,defensive,2026-06-01
지배구조,"누사트립, 연차보고서 제출지연으로 나스닥 규정위반 통보",2026-06-01 20:16:13,defensive,2026-06-01
지배구조,"에퀴노르, 자를 로스 신임 이사회 의장 선임 추천",2026-06-01 19:07:49,defensive,2026-06-01
지배구조,"“기업가치 제대로 평가받겠다”…이도, 인적분할 승부수",2026-06-01 18:52:24,defensive,2026-06-01
지배구조,홈플러스 ‘추가 휴점설’ 흉흉…직원 불안 고조,2026-06-01 12:51:45,defensive,2026-06-01
지배구조,삼성전자 퇴사 후 만든 선스틱...남미에서 1위 휩쓴 토코보,2026-06-01 09:31:51,defensive,2026-06-01
지배구조,800% 올랐는데 3배 더? … 마이크론 진격에 코스피 웃는 까닭,2026-06-01 04:00:00,defensive,2026-06-01
지배구조,분기 손실만 7조 내는 기업이 … 2600조짜리로 평가받는 이유,2026-06-01 04:00:00,defensive,2026-06-01
현금흐름,전부 반도체에 올인할 때 … 버핏 후계자는 ‘여기’ 베팅했다,2026.06.06 05:00,defensive,2026-06-06
현금흐름,"하이퍼파인, 매출 83% 급증에도 현금흐름 급감·수익성 불확실로 급락",2026.06.06 04:51,defensive,2026-06-06
현금흐름,"ABM인더스트리즈, 2분기 분기 최고 매출 달성…자유현금흐름 전년 대비 2배 급증",2026.06.05 22:44,defensive,2026-06-05
현금흐름,"빌리지 팜스 인터내셔널, 1500만 달러 유상증자 완료..기관 투자자 참여",2026.06.05 21:01,defensive,2026-06-05
현금흐름,"다케다 파마슈티컬스, 4분기 코어 EPS 60% 급증..영업익 15% 증가",2026.06.05 19:30,defensive,2026-06-05
현금흐름,"TRX 골드, 3분기 금 생산 58% 급증·7,426온스 달성",2026.06.05 19:17,defensive,2026-06-05
현금흐름,"이네오바 홀딩스, 1분기 총자산 5026만 달러..전년비 21% 증가",2026.06.05 19:16,defensive,2026-06-05
현금흐름,"유나이티드 마이크로일렉트로닉스, 5월 매출 229억 대만달러..전년비 18% 증가",2026.06.05 19:10,defensive,2026-06-05
현금흐름,EU '탈중국 공급망' 에 … K배터리株 반사이익,2026.06.05 17:51,defensive,2026-06-05
현금흐름,닥터·컬렉터·큐레이터…‘3색’ 인생 [김지은의 아트 레이더],2026.06.05 16:40,defensive,2026-06-05
현금흐름,‘압여목성’ 80조 시공권…첫 깃발은 누구 [감평사의 부동산 현장진단],2026.06.05 14:36,defensive,2026-06-05
현금흐름,삼성전자 박차고 나오더니 ... 英 심장부 피카딜리에 K컬처 공간 열어 ‘대박’,2026.06.05 11:08,defensive,2026-06-05
현금흐름,“중국산 배터리 빈자리는 한국이”…부활 날갯짓하는 K배터리,2026.06.05 09:19,defensive,2026-06-05
현금흐름,"토리드홀딩스, 1분기 매출 가이던스 상회…영업현금흐름도 흑자 전환",2026-06-05 05:32:08,defensive,2026-06-05
현금흐름,"토리드 홀딩스, 1분기 매출 2억4580만 달러..가이던스 상회",2026-06-05 05:14:47,defensive,2026-06-05
현금흐름,"삼사라, 1분기 매출 4억7880만 달러·31% 증가..흑자전환",2026-06-05 05:13:46,defensive,2026-06-05
현금흐름,"루브릭, 1분기 매출 3억8710만 달러..전년비 39%↑",2026-06-05 05:12:26,defensive,2026-06-05
현금흐름,"플래닛 랩스, 1분기 매출 9420만 달러..전년비 42%↑ 분기 최대",2026-06-05 05:12:16,defensive,2026-06-05
현금흐름,"도큐사인, 1분기 매출 8억3020만 달러..전년비 9% 증가",2026-06-05 05:10:16,defensive,2026-06-05
현금흐름,"엔브이니 그룹, 라틴아메리카 AI 권위자 카라마스치 전략고문 영입",2026-06-05 05:07:45,defensive,2026-06-05
현금흐름,"“자동차 만든 남자, 시장을 만든 아내” … ‘벤츠 신화’ 탄생시킨 100km 질주",2026-06-05 05:00:00,defensive,2026-06-05
현금흐름,“삼성역 30분 신축 아파트 선점할까” … 임장러 몰리는 ‘불대갈’ 투자지도,2026-06-05 04:00:00,defensive,2026-06-05
현금흐름,"헛 8, Beacon Point AI 데이터센터 사업 재무계획 공개..2042년까지 98억 달러 수익 전망",2026-06-04 23:30:00,defensive,2026-06-04
현금흐름,"토로, 2분기 실적 호조에 연간 가이던스까지 상향…투자 매력 부각",2026-06-04 21:51:16,defensive,2026-06-04
현금흐름,"U.S. 에너지, 빅스카이인더스트리얼로 사명 변경..헬륨·탄소관리 집중",2026-06-04 20:02:11,defensive,2026-06-04
현금흐름,"오리온 에너지 시스템즈, 4분기 매출 2570만 달러·전년比 23%↑",2026-06-04 20:02:00,defensive,2026-06-04
현금흐름,"이페리온엑스, Titan 프로젝트 DFS 완료..세후 NPV 8억달러·IRR 39%",2026-06-04 19:05:09,defensive,2026-06-04
현금흐름,"‘스타벅스 불매’ 가시화?…‘탱크데이’ 후폭풍, 결제액 130억 넘게 줄었다",2026-06-04 16:46:01,defensive,2026-06-04
현금흐름,"TTM 테크놀러지스, 10억 달러 회전신용 및 4억 달러 TLB 재가격 완료",2026-06-04 06:01:51,defensive,2026-06-04
현금흐름,"넷스코프, 1분기 매출 2억160만 달러..전년비 28% 증가",2026-06-04 05:13:08,defensive,2026-06-04
현금흐름,"펫코 헬스&웰니스 컴퍼니, 1Q26 매출 15억 달러·영업익 50% 증가",2026-06-04 05:12:58,defensive,2026-06-04
현금흐름,"크라우드스트라이크 홀딩스, 1분기 매출 14억 달러..전년비 26% 증가",2026-06-04 05:08:37,defensive,2026-06-04
현금흐름,"틸리스, 1분기 매출 16% 증가·1억2470만 달러..적자 44% 축소",2026-06-04 05:07:57,defensive,2026-06-04
현금흐름,"옵시디안 에너지, 벨리리버 라이트오일 자산 9,600만 달러 인수",2026-06-03 23:43:02,defensive,2026-06-03
현금흐름,"렌트 더 런웨이, 1분기 매출 8990만 달러·전년비 29% 증가",2026-06-03 21:10:15,defensive,2026-06-03
현금흐름,"i3 버티컬스, 2026회계연도 2분기 매출 5,750만 달러..전년비 6%↑",2026-06-03 06:29:54,defensive,2026-06-03
현금흐름,"KLX 에너지 서비스즈 홀딩스, 울프팩 렌탈스 1,700만 달러 인수",2026-06-03 06:16:23,defensive,2026-06-03
현금흐름,"허브 그룹, CFO·COO 동시 교체..재무제표 재작성 착수",2026-06-03 05:58:02,defensive,2026-06-03
현금흐름,"팔로알토네트웍스, 3분기 매출 30억 달러·차세대 보안 ARR 60% 성장으로 시장 기대 충족",2026-06-03 05:31:00,defensive,2026-06-03
현금흐름,"깃랩, 1분기 매출 23% 성장…영업이익률 개선·현금흐름 강화로 주목",2026-06-03 05:20:49,defensive,2026-06-03
현금흐름,"스포츠맨스 웨어하우스 홀딩스, 1분기 매출 2.6억 달러로 2.8% 증가..조정 EBITDA 적자폭 축소",2026-06-03 05:11:58,defensive,2026-06-03
현금흐름,"팔로알토 네트웍스, 3분기 매출 30억 달러..전년비 31% 증가",2026-06-03 05:09:58,defensive,2026-06-03
현금흐름,"옵시디안에너지, 2027년 생산량 15% 성장 목표…자본 투자 대폭 확대",2026-06-02 23:33:19,defensive,2026-06-02
현금흐름,"블룸에너지, 오라클과 대규모 연료전지 공급계약 체결…AI 데이터센터 수요 본격 수혜",2026-06-02 22:52:58,defensive,2026-06-02
현금흐름,"예스웨이, 1분기 흑자전환·조정 EBITDA 113% 급증으로 시장 주목",2026-06-02 22:21:16,defensive,2026-06-02
현금흐름,"웨더포드, NCS멀티스테이지 인수합병 발표…프리미엄 가격에 주식 교환",2026-06-02 21:10:42,defensive,2026-06-02
현금흐름,"유니시스, 2026년 매출 19억 달러 전망..AI 통합 중장기 성장 전략 제시",2026-06-02 21:07:01,defensive,2026-06-02
현금흐름,"“명예 걸고 1000억 손배소”…MC몽·차가원, ‘PD수첩’에 초강경 대응",2026-06-02 21:02:42,defensive,2026-06-02
현금흐름,"넷스트리츠, 1분기 AFFO 9.5% 증가·3,322만 달러 기록",2026-06-02 20:53:01,defensive,2026-06-02
현금흐름,"예스웨이, 1분기 순이익 3020만 달러 흑자전환··조정 EBITDA 113%↑",2026-06-02 20:38:00,defensive,2026-06-02
현금흐름,"코스타마레 벌커스 홀딩스, 1분기 매출액 1억1150만 달러 기록",2026-06-02 19:47:48,defensive,2026-06-02
현금흐름,"브링스, 1분기 매출 54억 달러..AMS/DRS 부문 15% 성장",2026-06-02 19:21:57,defensive,2026-06-02
현금흐름,"캉고, 1분기 비트코인 채굴 매출 9840만 달러..감가상각 영향 순손실 2억6105만 달러",2026-06-02 19:11:17,defensive,2026-06-02
현금흐름,"NCS 멀티스테이지 홀딩스, 웨더포드에 인수 합병..주당 0.463주 교환",2026-06-02 19:09:06,defensive,2026-06-02
현금흐름,"옵티미헬스, 1분기 매출 9만9500달러..순손실 315만 달러로 확대",2026-06-02 19:02:55,defensive,2026-06-02
현금흐름,메사비 철광석 로열티권 인수에 따른 주식 희석 우려로 메탈스로열티 약세,2026-06-02 18:10:44,defensive,2026-06-02
현금흐름,"[Part 3 | INTERVIEW] “자산이 된 보석, 희소성에 무게 둬야”",2026-06-02 17:25:34,defensive,2026-06-02
현금흐름,"옵시디안 에너지, 2026년 자본 투자 100억 달러 증액..2027년 생산량 15% 성장 목표",2026-06-02 06:07:28,defensive,2026-06-02
현금흐름,"메탈스 로열티, 메사비 철광석 프로젝트 로열티권 1억3250만 달러 인수",2026-06-02 06:06:58,defensive,2026-06-02
현금흐름,"GMR 솔루션스, 1분기 순이익 180% 급증..매출 15억 달러 돌파",2026-06-02 05:48:07,defensive,2026-06-02
현금흐름,"리페이 홀딩스, 쿠브라 인수 완료..2026년 매출 전망 5억 달러로 상향",2026-06-02 05:16:04,defensive,2026-06-02
현금흐름,"서비스 프로퍼티즈 트러스트, 1분기 조정 EBITDAre 5.4억 달러..전년비 6.4% 감소",2026-06-02 05:14:13,defensive,2026-06-02
현금흐름,"휴렛 패커드 엔터프라이즈, 2분기 매출 107억 달러..전년비 40% 급증",2026-06-02 05:12:23,defensive,2026-06-02
현금흐름,"리버티 글로벌, 지그고 그룹 CEO에 스티븐 반 루옌 임명..2027년 상장 추진",2026-06-02 05:10:53,defensive,2026-06-02
현금흐름,"포 코너스 프로퍼티 트러스트, 2억6800만 달러 수의학 부동산 102개 인수",2026-06-01 22:22:22,defensive,2026-06-01
현금흐름,"프론트뷰 REIT, 1190만 달러 규모 4개 부동산 인수..캡율 7.5%",2026-06-01 20:06:52,defensive,2026-06-01
현금흐름,"골드만삭스, ‘웨스트 스트리트 인프라스트럭처 파트너스 5호’ 1차 클로징",2026-06-01 20:01:00,defensive,2026-06-01
현금흐름,"인비테이션 홈즈, 2026년 EPS 0.76달러 전망..전년비 20.9%↓",2026-06-01 19:47:01,defensive,2026-06-01
현금흐름,"세이블 오프쇼어, 생산 재개로 2027년 EPS 2.99달러 전망",2026-06-01 19:39:51,defensive,2026-06-01
현금흐름,"ZIM 인티그레이티드 시핑 서, 첸 리히텐슈타인 박사 신임 CEO 임명",2026-06-01 19:08:59,defensive,2026-06-01
현금흐름,반도체 호황에…은행 기업예금 37조 급증,2026-06-01 17:54:43,defensive,2026-06-01
현금흐름,"[단독] 불장에 불어난 현금, 은행에 넣는다…기업 뭉칫돈 한달새 37조 몰려",2026-06-01 17:23:14,defensive,2026-06-01
현금흐름,170개국 잇는다…실리콘투가 그리는 ‘K뷰티 실크로드’ [글로벌 K뷰티 콘퍼런스],2026-06-01 11:25:25,defensive,2026-06-01
저평가,“여기까지 올라오니 1만피가 저기 보이네”…6월 쉬어가도 천장 열려있다,2026.06.06 07:24,defensive,2026-06-06
저평가,“삼성역 30분 신축 아파트 선점할까” … 임장러 몰리는 ‘불대갈’ 투자지도 [부동산 손품노트],2026.06.05 18:08,defensive,2026-06-05
저평가,만년 저평가 뚫고 불기둥…LG의 시간이 왔다 [스페셜 리포트],2026.06.05 11:03,defensive,2026-06-05
저평가,K증시 뉴웨이브…기세등등 ‘리테일 머니’,2026.06.05 10:46,defensive,2026-06-05
저평가,"[MK시그널] 한솔테크닉스, 반도체 부품 시장 진출 및 중장기 실적 성장 기대감 등에 주가 상승세, MK시그널 추천 후 상승률 15.18%",2026.06.05 10:16,defensive,2026-06-05
저평가,강남급 입지인데 너무 싸다 … ‘미니신도시’ 시동 거는 여의도,2026.06.05 09:13,defensive,2026-06-05
저평가,"금리인상이 호재?…13% 급등에 신고가 ‘삼성화재’[오늘, 이 종목]",2026.06.04 10:40,defensive,2026-06-04
저평가,"[MK시그널] 퍼스트 캐시 매도신호 포착, 수익률 35.3% 달성",2026.06.04 10:08,defensive,2026-06-04
저평가,"[MK시그널] ISC, AI 반도체 테스트 소켓 및 HBM 시장 성장 기대감 등에 주가 상승세... MK시그널 추천 후 상승률 25.75% 기록",2026.06.04 09:42,defensive,2026-06-04
저평가,"李정부 2년차, 리콴유의 예언 [김세형칼럼]",2026-06-04 09:01:52,defensive,2026-06-04
저평가,"[김세형칼럼] 李정부 2년차, 리콴유의 예언",2026-06-03 20:19:39,defensive,2026-06-03
저평가,李대통령 “정치 포기하면 저질스런 인간에게 지배 당해”,2026-06-03 17:16:34,defensive,2026-06-03
저평가,"“대한민국, 반드시 부동산투기공화국 탈출”…이 대통령, 투표참가 거듭 독려",2026-06-03 15:35:44,defensive,2026-06-03
저평가,"[MK시그널] 선코에너지 매도신호 포착, 수익률 45.1% 달성",2026-06-02 10:08:14,defensive,2026-06-02
저평가,"인터랙티브, MGM리조트 주당 48.30달러에 인수 제안",2026-06-01 22:43:02,defensive,2026-06-01
저평가,"삼성전자·우선주 하루만에 두자릿수 급등 … 일각선 ""변동성 주의""",2026-06-01 18:03:18,defensive,2026-06-01
저평가,"정원오 “서울디스카운트 끝내야”, 오세훈 “鄭, 부동산 참사에도 본인 입장 못밝혀”",2026-06-01 15:58:56,defensive,2026-06-01
저평가,"삼성전자, `플러스 알파: 대규모 주주환원` 증권사 발표에 강세",2026-06-01 14:00:47,defensive,2026-06-01
저평가,[속보] 삼성전자 시총 2000조 첫 돌파…35만전자 향해 진격,2026-06-01 11:11:11,defensive,2026-06-01
저평가,"[MK시그널] 아크록 매도신호 포착, 수익률 38.4% 달성",2026-06-01 10:04:52,defensive,2026-06-01
주주환원,"시너지이노베이션, 45.5억 규모 전환사채 콜옵션 전량 소각…“주주가치 제고”",2026.06.05 13:43,defensive,2026-06-05
주주환원,"코스피 하락하는데 웃는 이곳…KB금융, 역사적 신고가 돌파 [매경 자이앤트]",2026.06.05 09:44,defensive,2026-06-05
주주환원,"K 웨이브 미디어, 솔레어 파트너스 95% 지분 인수 계약 전면 취소",2026-06-04 22:07:27,defensive,2026-06-04
주주환원,“올해만 583% 급등”…일학개미 1픽은 ‘키옥시아’,2026-06-04 13:52:32,defensive,2026-06-04
주주환원,"日도 AI 열풍 … 키옥시아 시총, 한때 도요타 제쳐",2026-06-03 20:49:04,defensive,2026-06-03
주주환원,"올리즈 바겐 아울렛 홀딩스, 1분기 매출 6.6억 달러·EPS 0.92달러 기록",2026-06-03 20:08:13,defensive,2026-06-03
주주환원,"하트퍼드파이낸셜서비시스, 웰링턴에 펀드사업 19억 달러 매각",2026-06-03 20:05:53,defensive,2026-06-03
주주환원,"캘러웨이골프, Term Loan B 1억6300만 달러 전액 상환 완료",2026-06-02 05:35:56,defensive,2026-06-02
주주환원,"삼전닉스, 이젠 진짜 늦은거죠?”… 가격 보단 ‘칩 사이클’ 알아야",2026-06-01 05:00:00,defensive,2026-06-01
자산가치,"“금값 좀 덜 올랐으면 좋겠다”…전세계 채굴 1위 기업, 인상 찌푸리는 이유는",7시간 전,defensive,2026-06-26
자산가치,"하워드 휴즈, 밴티지 그룹 21억 달러 인수 완료..다각화 지주사 전환",2026.06.06 06:03,defensive,2026-06-06
자산가치,"퍼스트선 캐피탈 뱅코프, 브룩필드에 8억9천만 달러 규모 다가구 대출 매각 완료",2026.06.06 05:54,defensive,2026-06-06
자산가치,"아티잔 파트너스 에셋 매니지먼트, 5월 말 AUM 1860억 달러 기록",2026.06.06 05:26,defensive,2026-06-06
자산가치,"AMPERCAP ACQUISITION CO, 1억2500만 달러 IPO 완료..나스닥 상장",2026.06.06 05:07,defensive,2026-06-06
자산가치,"""스페이스X 상장땐 빅테크서 950억弗 이탈""…K반도체株도 비상",2026.06.05 17:45,defensive,2026-06-05
자산가치,"한솔테크닉스, 오창공장 640억에 매각",2026.06.05 17:36,defensive,2026-06-05
자산가치,"""영구임대 30%는 있어야 … 주택기금·세제구조 개편도 절실""",2026.06.05 17:34,defensive,2026-06-05
자산가치,[백영옥의 밑줄 사용법] 왜 나만 손해보는 느낌일까,2026.06.05 17:32,defensive,2026-06-05
자산가치,"세상에 없던 '조만장자' 머스크, 첫 주인공 된다",2026.06.05 17:15,defensive,2026-06-05
자산가치,코인 폭락에 상폐 칼바람까지…코인주 ‘와르르’,2026.06.05 16:02,defensive,2026-06-05
자산가치,"한솔테크닉스 오창공장, 코스메카코리아에 매각",2026.06.05 15:00,defensive,2026-06-05
자산가치,"LG생건은 안 판다는데…여전한 코카콜라 매각설, 왜? [재계톡톡]",2026-06-05 14:10:35,defensive,2026-06-05
자산가치,"프리딕션, 전기차 운용 AI 플랫폼 ‘EView’ 베타 서비스 출시",2026-06-05 14:05:46,defensive,2026-06-05
자산가치,"“2670조 스페이스X 상장, 어디서 사냐고요?” … 우주 ETF 3종 투자법",2026-06-05 13:40:37,defensive,2026-06-05
자산가치,"“다이어트 약, 코인으로 샀다더니”…중국 펜타닐 공장, 펩타이드 도매상으로 변신",2026-06-05 11:19:26,defensive,2026-06-05
자산가치,"[100세시대 생애설계] AI 문명의 전환기, 4050세대 다시 그려보는 생애설계",2026-06-05 10:11:23,defensive,2026-06-05
자산가치,"스텔로직, 30년 경력 윌리엄슨 예비역 중장 독립이사 영입",2026-06-05 06:17:54,defensive,2026-06-05
자산가치,"핑거모션, 캐나다 서부 AI 컴퓨트 인프라 개발 위해 BFE솔루션과 MOU 체결",2026-06-05 06:03:53,defensive,2026-06-05
자산가치,"에이트코홀딩스, 총자산 4.4억 달러 공개…오픈AI 지분 9천만 달러 보유 확인",2026-06-05 00:31:12,defensive,2026-06-05
자산가치,"프로비덴트 파이낸셜 서비스, 아나마리아 비텔리 최고부유책임자 신규 선임",2026-06-04 22:35:48,defensive,2026-06-04
자산가치,"아이파워, AI 인프라 투자 위해 USDai 100만 달러 매입",2026-06-04 22:21:48,defensive,2026-06-04
자산가치,"시브릿지 골드, 밸러 골드 분사 완료..커리지어스 레이크 프로젝트 이전",2026-06-04 22:18:57,defensive,2026-06-04
자산가치,"인터랙티브, 'People Incorporated'로 사명 변경·티커 PPLI 출범",2026-06-04 22:07:57,defensive,2026-06-04
자산가치,"에이트코 홀딩스, 총자산 4.4억 달러..오픈AI 지분 9천만 달러 보유",2026-06-04 21:47:05,defensive,2026-06-04
자산가치,"칼레러스, 1분기 조정 EPS 0.38달러..시장 전망치 상회",2026-06-04 21:39:05,defensive,2026-06-04
자산가치,NYSE 손잡고 코인원에 800억 투자…스타 쉬 OKX 창업자 “韓 가장 성숙한 디지털자산시장”,2026-06-04 20:09:00,defensive,2026-06-04
자산가치,"에이버리 데니슨, 매터리얼 그룹 대표에 대니 알루시 임명",2026-06-04 19:45:50,defensive,2026-06-04
자산가치,"콜롬버스 맥키넌, 2026회계연도 매출 24% 증가·2억3천만 달러 순손실",2026-06-04 19:45:00,defensive,2026-06-04
자산가치,"""더존·리멤버, AI發 산업재편 승자될 것""",2026-06-04 17:29:13,defensive,2026-06-04
자산가치,‘쪼개기 상장’ 주주행동 나선 액트…다산네트웍스·휴온스글로벌 의결권 확보 나서,2026-06-04 15:19:56,defensive,2026-06-04
자산가치,"스톤릿지, 스콧 험프리 신임 CFO 선임..25년 경력 재무전문가",2026-06-04 06:11:32,defensive,2026-06-04
자산가치,"스피어 3D, 카테드라 비트코인 인수 완료..53MW 데이터 인프라 확보",2026-06-04 06:11:02,defensive,2026-06-04
자산가치,"CDT인바이런멘탈테크놀러, 전략적 대안 평가 위해 Cohen & Company 선정",2026-06-04 05:46:41,defensive,2026-06-04
자산가치,“AI데이터센터 우리 없으면 못짓습니다”…전기차 갈아타는 이 업종,2026-06-04 05:45:48,defensive,2026-06-04
자산가치,"TRIBECA STRATEGIC ACQUISITION CORP, 1억4000만 달러 IPO 성공적 완료",2026-06-04 05:17:49,defensive,2026-06-04
자산가치,"타오위브, 물리AI 마나코에 100만달러 투자..북미 상용화 권리 확보",2026-06-04 05:12:58,defensive,2026-06-04
자산가치,“이란 물가상승률 200% 넘고 통화가치도 폭락”…美재무의 경고,2026-06-04 01:45:55,defensive,2026-06-04
자산가치,"스프링클러, 1분기 매출 2억2000만 달러..EPS 흑자 전환",2026-06-03 20:17:03,defensive,2026-06-03
자산가치,저층건물에도 내진 1등급 설계 … 기초가 달라야 '하이엔드건축',2026-06-03 20:10:58,defensive,2026-06-03
자산가치,"""AI 데이터센터 잡아라""… 동박3사 속도전",2026-06-03 19:50:21,defensive,2026-06-03
자산가치,"베터웨어 드 멕시코, 터퍼웨어 라틴아메리카 자산 2.5억 달러 인수 완료",2026-06-03 19:01:58,defensive,2026-06-03
자산가치,"“테슬라 긴장해”…삼성전자, 메타 제치고 세계 시총 10위",2026-06-03 10:38:05,defensive,2026-06-03
자산가치,"워딩턴 스틸, 7억 달러 채권 발행..Kloeckner 인수 자금 조달",2026-06-03 06:09:02,defensive,2026-06-03
자산가치,"STARLINK AI ACQUISITION CORP, IPO 후 오버얼로트먼트 행사로 1억560만 달러 추가 조달",2026-06-03 05:08:07,defensive,2026-06-03
자산가치,"AMTD 아이디어 그룹, 런던 호텔·역사건물 인수..총 6,300만 달러 투입",2026-06-03 05:07:37,defensive,2026-06-03
자산가치,"VCI 글로벌, 인도네시아 24만 헥타르 산림자산 지배지분 인수",2026-06-03 01:40:52,defensive,2026-06-03
자산가치,"카지아 테라퓨틱스, 제임스 레빈 CFO 선임..20년 경력 재무 전문가 영입",2026-06-02 22:01:55,defensive,2026-06-02
자산가치,"클래스오버 홀딩스, 디지털 자산 국고전략 하이퍼리퀴드 중심으로 전환",2026-06-02 21:16:42,defensive,2026-06-02
자산가치,"오시스코 디벨롭먼트, 3억 달러 전환사채 발행 완료",2026-06-02 19:07:06,defensive,2026-06-02
자산가치,'원화 약세=경제 위기' 공식 흔들린 3가지 이유,2026-06-02 17:46:27,defensive,2026-06-02
자산가치,"클린테크·AI 통합 인프라·부동산…이도, 3개사 인적분할해 역량 강화",2026-06-02 17:29:33,defensive,2026-06-02
자산가치,원화값 1510원에도 정부가 느긋한 이유… “반도체 호황이 환율 공포 눌렀다?”,2026-06-02 16:35:07,defensive,2026-06-02
자산가치,"올릭스, 로레알·와이스서 1100억 투자 유치…글로벌 공룡들 ‘베팅’",2026-06-02 09:58:05,defensive,2026-06-02
자산가치,"타이탄 애퀴지션, 오픈페이드와 11억 달러 규모 합병",2026-06-02 06:17:59,defensive,2026-06-02
자산가치,"PEACE ACQUISITION CORP, 총자산 6096만 달러 확보·사업결합 추진",2026-06-02 06:17:49,defensive,2026-06-02
자산가치,"솔AI, 싱가포르 AI노드 기업 네우랄랜드 지분 51% 인수",2026-06-02 05:18:14,defensive,2026-06-02
자산가치,"보고타 파이낸셜, GSL 세이빙스 은행 합병..총자산 10억 달러 돌파",2026-06-01 22:14:01,defensive,2026-06-01
자산가치,"SKYAI INC, 사명 변경·홍콩 거점으로 신흥시장 금융 플랫폼 본격화",2026-06-01 21:17:27,defensive,2026-06-01
자산가치,"오시스코 디벨롭먼트, 3억 달러 전환사채 발행 완료..캐리부 골드 프로젝트 개발 가속",2026-06-01 21:17:17,defensive,2026-06-01
자산가치,"재스퍼 테라퓨틱스, 전략적 대안 검토 착수..매각·합병 등 전방위 옵션 평가",2026-06-01 21:04:56,defensive,2026-06-01
자산가치,"솔라뱅크, AI 컴퓨트 인프라·모듈러 데이터센터로 사업 확장",2026-06-01 20:17:03,defensive,2026-06-01
자산가치,"하드론에너지, 1분기 순이익 1311만 달러..흑자전환",2026-06-01 19:06:48,defensive,2026-06-01
자산가치,국내 석화 구조조정 1호 롯데대산석화 공식 출범,2026-06-01 17:37:53,defensive,2026-06-01
자산가치,"AI가 바꾸는 산업지도…기업들, 에너지 찾아 ‘골드러시’",2026-06-01 14:42:44,defensive,2026-06-01
자산가치,"“젠슨 황 덕분에 또?”…LG전자 상한가 ‘불기둥’ [오늘, 이 종목]",2026-06-01 14:18:24,defensive,2026-06-01
자산가치,"마스턴운용, 한국외대 국제관계연구회와 ‘글로벌 자본’ 탐구",2026-06-01 14:10:13,defensive,2026-06-01
자산가치,부산 명문향토기업 33개사 선정… 세무 검사 3년 유예 파격 대우,2026-06-01 11:16:47,defensive,2026-06-01
자산가치,"“AI·로봇 가치 재평가”…키움증권, LG 목표가 20만원으로 상향",2026-06-01 08:28:26,defensive,2026-06-01
자산가치,"신성장 사업 M&A ‘언아웃(Earn-out)’, 독(毒)이 되지 않으려면 [바른 컴플라이언스리포트]",2026-06-01 07:00:00,defensive,2026-06-01
필수소비재,"“세수한 남자친구, 얼굴이 다른데요?”...사기템으로 인기끄는 ‘이 아이템’",2026.06.01 23:55,defensive,2026-06-01
밸류업,“반도체發 호황 내년 말까지 간다”… 코스피 1만500P 부른 글로벌 IB 명가,2026.06.25 18:42,defensive,2026-06-25
밸류업,美 M7 시총 올해 300조 증발할때 … 亞 A7 시총은 5200조 늘었다,2026.06.25 17:48,defensive,2026-06-25
밸류업,"한양증권, 최대주주 KCGI 대상 500억 유상증자…장외파생 신사업 추진",2026.06.25 16:43,defensive,2026-06-25
밸류업,"종근당, 차세대 모달리티 ADC·CGT로 '밸류업' 속도",2026.06.23 16:27,defensive,2026-06-23
밸류업,[단독] ‘코스닥 밸류업 공시’ 가이드라인 7월 나온다…특례상장 유지와 연동,2026.06.22 17:54,defensive,2026-06-22
밸류업,코스닥 특례상장 유지하려면 기업가치 제고 공시 이행해야,2026.06.22 17:46,defensive,2026-06-22
밸류업,"6만전자 쓸어담은 한국의 버핏 …""향후 10년은 금·반·지""",2026.06.22 17:04,defensive,2026-06-22
밸류업,“3000억 화끈하게 태웁니다” … 방화범에 박수치는 개미들,2026.06.22 05:00,defensive,2026-06-22
밸류업,“단일종목 투자는 카지노”…‘TDF 원조’ 올스프링의 한국 증시 진단,2026.06.18 14:07,defensive,2026-06-18
밸류업,‘형보다 나은 아우’ SK스퀘어…하이닉스보다 주가 더 뛴 이유는 [오늘 나온 보고서],2026.06.18 08:45,defensive,2026-06-18
밸류업,“결국 반도체가 끌어올렸다” … 밸류업 효과는 환상? 하반기 진짜 확인할 팩트는 [자이앤트 썰],2026.06.17 17:05,defensive,2026-06-17
밸류업,"“전쟁 끝, 1만피 도전 시작” … 종전 이후 판 바뀌는 투자 지도",2026.06.17 14:51,defensive,2026-06-17
밸류업,6만전자 쓸어담은 ‘한국의 버핏’…향후 10년은 금반지 시대 [한국의 위대한 투자자],2026.06.16 17:58,defensive,2026-06-16
밸류업,6만전자 쓸어담은 ‘한국의 버핏’ … 향후 10년은 금반지 시대,2026.06.16 04:00,defensive,2026-06-16
밸류업,8천피 넘어도 … 상승종목 42% 그쳐,2026.06.15 17:35,defensive,2026-06-15
밸류업,"특징주, 포스코퓨처엠-밸류업(24년 기업가치 제고계획 발표) 테마 상승세에 5.07% ↑",2026.06.15 09:46,defensive,2026-06-15
밸류업,"특징주, LG-밸류업(24년 기업가치 제고계획 발표) 테마 상승세에 6.85% ↑",2026.06.15 09:46,defensive,2026-06-15
밸류업,"“신한지주, 자본비율 개선에 수익성까지”…목표가↑",2026.06.15 07:34,defensive,2026-06-15
밸류업,"한국타이어앤테크놀로지, `명확한 방향성` 증권사 발표에 강세",2026.06.12 11:15,defensive,2026-06-12
밸류업,"특징주, JW중외제약-코리아 밸류업 지수(Korea Value-up In 테마 상승세에 1.85% ↑",2026.06.12 09:47,defensive,2026-06-12
밸류업,"특징주, 유한양행-밸류업(24년 기업가치 제고계획 발표) 테마 상승세에 1.67% ↑",2026-06-12 09:46:04,defensive,2026-06-12
밸류업,"""메모리株 건재…만스피 여력있다""",2026-06-11 17:55:44,defensive,2026-06-11
밸류업,기업 성장 담보돼야 머니무브 지속,2026-06-11 17:49:08,defensive,2026-06-11
밸류업,"AI 슈퍼사이클 수혜 … 韓, 글로벌IB 격전지로",2026-06-11 17:32:22,defensive,2026-06-11
밸류업,세아홀딩스 300억 공개매수 ‘2.7대 1’ 흥행,2026-06-10 14:22:31,defensive,2026-06-10
밸류업,"“케이카, KG그룹 미래 결정”…‘원소스 멀티유즈’로 통합모빌리티 생태계 구축",2026-06-10 13:23:07,defensive,2026-06-10
밸류업,"“개미가 사면 오른다, 단 레버리지는 예외”…요즘 ETF 투자 가이드라는데",2026-06-10 11:42:21,defensive,2026-06-10
밸류업,"밸류업 정책 기대…외국인, 지주사株 매집",2026-06-09 17:51:37,defensive,2026-06-09
밸류업,KKR 한·일 탱크터미널 매각…토종 VS 글로벌 PE 대전 성사되나,2026-06-09 15:26:44,defensive,2026-06-09
밸류업,"‘케이카’ 품은 KG그룹, 제조·유통·금융 아우르는 모빌리티 전략 공유",2026-06-09 15:12:26,defensive,2026-06-09
밸류업,KG그룹 “5년간 6개 상장사 순이익 50% 주주 환원”,2026-06-09 14:41:24,defensive,2026-06-09
밸류업,"특징주, 대신증권-밸류업(25년 기업가치 제고계획 발표) 테마 상승세에 5.04% ↑",2026-06-09 10:17:16,defensive,2026-06-09
밸류업,"특징주, 유화증권-증권 테마 상승세에 5.39% ↑",2026-06-09 10:17:16,defensive,2026-06-09
밸류업,"특징주, 삼양식품-코리아 밸류업 지수(Korea Value-up In 테마 상승세에 6.08% ↑",2026-06-09 10:16:55,defensive,2026-06-09
밸류업,"특징주, 흥국화재-손해보험 테마 상승세에 5.56% ↑",2026-06-09 10:15:12,defensive,2026-06-09
밸류업,하락장에도 미래에셋생명 13% 급등…호재 맞물려 역사적 신고가 [매경 자이앤트],2026-06-08 15:52:55,defensive,2026-06-08
밸류업,"“이런 것이 주가 조작 아닌가”…이 대통령, 코스닥 공매도 건 공개 지적",2026-06-08 08:27:32,defensive,2026-06-08
밸류업,밸류업지수 질주에도 … 코스피 3곳 중 2곳 PBR 1배 미만,2026-06-07 17:42:47,defensive,2026-06-07
밸류업,리테일 머니發 자본 시장 신풍속도,2026-06-05 10:31:48,defensive,2026-06-05
PBR,"“NH증권, 견조한 실적에 고배당…증권주 부진 속 투자매력 상승”",2026.06.23 08:11,defensive,2026-06-23
PBR,목표 PER 12배 상향! 하반기 돋보일 백화점 ‘최선호주’는,2026.06.22 20:25,defensive,2026-06-22
PBR,“FOMC 앞두고 전쟁 끝”…주목할 수혜주·피해주는?,2026.06.15 14:57,defensive,2026-06-15
PBR,"KB금융, 증권사 목표가 상향에 강세…6.27%",2026.06.12 10:02,defensive,2026-06-12
PBR,"“KB금융, 홍콩 ELS 악재 걷히고 실적은 역대 최대 예상”…목표가↑",2026.06.12 08:27,defensive,2026-06-12
PBR,“8천피라는데 내 계좌 왜 파랗죠”…상장사 68%는 아직 저평가,2026.06.11 18:00,defensive,2026-06-11
PBR,"""상장사 68% 아직도 저평가 … 배당 늘려 장기투자 유도해야""",2026.06.11 17:49,defensive,2026-06-11
PBR,"“삼천리, 연간 최대 이익 달성 가능성…재무구조도 안정적”",2026.06.11 07:42,defensive,2026-06-11
PBR,롯데쇼핑 `리테일 리레이팅에 롯데쇼핑이 빠질 수 없지` 증권사 발표에 강세…6.38%,2026.06.09 11:34,defensive,2026-06-09
PBR,이억원 위원장 “스튜어드십코드 10년만에 업그레이드…기관 책임 강화”,2026.06.08 18:08,defensive,2026-06-08
PBR,"“삼성물산, PBR 0.7배 저렴한 주가…4분기 루마니아 대형원전 수주 기대” 목표가↑",2026.06.08 07:28,defensive,2026-06-08
배당,"복스 로열티, i-80 골드 스트림 자산 4,800만 달러 매각..장부가 2배 수익 실현",2026.06.26 23:10,defensive,2026-06-26
배당,"서던 코퍼, 티아 마리아 광산 개발 위해 12억5000만 달러 채권 발행",2026.06.26 22:10,defensive,2026-06-26
배당,"애포지 엔터프라이즈, 1분기 순이익 흑자전환·EPS 0.54달러",2026.06.26 22:05,defensive,2026-06-26
배당,"다케다 파마슈티컬스, 주당 100엔 기말배당 승인..제150차 정기주총 완료",2026.06.26 19:34,defensive,2026-06-26
배당,"스타우드 프로퍼티 트러스트, 5억 달러 규모 무담보 선순위 채권 발행",2026.06.26 19:04,defensive,2026-06-26
배당,"퍼스트 마제스틱 실버, 산타 엘레나 광산 개발에 1,200만 달러 투자",2026.06.26 19:04,defensive,2026-06-26
배당,“‘연 30%’ 역대급 수익률” … 연금 ‘노후 격차’ 막는 5가지 방법,2026.06.26 17:57,defensive,2026-06-26
배당,"엠게임, 20억 규모 자기주식 취득 결정…5월 이어 두 번째",2026.06.26 15:49,defensive,2026-06-26
배당,"엠게임 권이형 대표·조인한 부사장, 자사주 취득 “책임경영 강화”",2026.06.26 10:59,defensive,2026-06-26
배당,[MK부동산 교육] 왕초보 경·공매 ‘심화’ 과정 2기 ‘왕초보’ 경·공매 ‘입문’과정 이어 ‘심화’ 과정 열린다,2026.06.26 08:50,defensive,2026-06-26
배당,"릴라이언스 글로벌 그룹, AI 전략 강화 위한 CTO·COO 임명",2026.06.26 06:26,defensive,2026-06-26
배당,"에퀴녹스 골드, 로스 필로스 광산 20년 토지계약 체결..재가동 본격화",2026.06.26 06:20,defensive,2026-06-26
배당,"AZZ, 분기 배당금 20% 인상·주당 0.24달러 지급",2026.06.26 06:18,defensive,2026-06-26
배당,"우드워드, 분기 배당금 주당 0.32달러 결정..9월 3일 지급",2026.06.26 06:02,defensive,2026-06-26
배당,"넥사 리소시즈, 주주총회서 주당 0.13달러 배당 승인..총 1,750만 달러 환급",2026.06.26 06:00,defensive,2026-06-26
배당,“이쯤되면 진심” “개미 털어먹기”…1만5천피 부르짖는 모건 왜,2026.06.26 05:56,defensive,2026-06-26
배당,"코어앤메인, 7억5000만 달러 선순위 채권 발행..기존 부채 상환 및 성장 투자",2026.06.26 05:53,defensive,2026-06-26
배당,"마벨 테크놀러지 그룹, 분기 배당 주당 0.06달러 지급",2026.06.26 05:45,defensive,2026-06-26
배당,"오리온 엔지니어드 카본즈, 2026년 매출 18억 달러·EPS -0.32달러 적자 전망",2026.06.26 05:41,defensive,2026-06-26
배당,"클라임 글로벌 솔루션스, 35년 경력 벤처캐피털 전문가 피터 벨 이사 선임",2026.06.26 05:35,defensive,2026-06-26
배당,"다임 커뮤니티 뱅크셰어스, 분기 배당 주당 0.25달러 선언",2026-06-26 05:33:43,defensive,2026-06-26
배당,"와이어하우저, 2030년까지 EBITDA 15억달러 추가 목표 제시",2026-06-26 05:23:42,defensive,2026-06-26
배당,"아메리칸 익스프레스, 스트레스 테스트 통과·배당 16% 인상",2026-06-26 05:22:32,defensive,2026-06-26
배당,"엘링턴 파이낸셜, 5월말 장부가치 13.49달러..월 배당 0.13달러 지급",2026-06-26 05:21:52,defensive,2026-06-26
배당,"퍼스트 뱅코프(ME), 2분기 배당 38센트로 인상..12년 연속 증액",2026-06-26 05:18:42,defensive,2026-06-26
배당,"헌팅턴 뱅크셰어스, 시리즈I 우선주 주당 0.36달러 배당 결정",2026-06-26 05:17:31,defensive,2026-06-26
배당,"에너플렉스, 8억 달러 신용시설 만기 2029년까지 연장",2026-06-26 05:16:51,defensive,2026-06-26
배당,"ICF 인터내셔널, 자사주 매입 한도 1억 달러 증액..총 1.7억 달러 규모",2026-06-26 05:12:51,defensive,2026-06-26
배당,"실버코프 메탈스, 금 프로젝트 기술보고서 은 등급 오타 수정",2026-06-26 03:15:48,defensive,2026-06-26
배당,스포츠토토 프로토 승부식 월드컵 배당률 3.9만배 적중 화제…3.9억원 받아,2026-06-26 00:58:46,defensive,2026-06-26
배당,"서던 코퍼, 12억5000만 달러 규모 2036년 만기 채권 발행 완료",2026-06-25 23:54:46,defensive,2026-06-25
배당,"재규어 헬스, Series O 우선주 보통주 전환 완료..1주당 3.209주 비율",2026-06-25 22:18:02,defensive,2026-06-25
배당,"스타우드 프로퍼티 트러스트, 5억 달러 규모 2029년 만기 선순위 채권 사모 발행",2026-06-25 22:16:52,defensive,2026-06-25
배당,"존 윌리 앤 손, 33년 연속 배당 인상..분기배당 0.36달러",2026-06-25 22:00:52,defensive,2026-06-25
배당,"인포시스, 2026 회계연도 1분기 매출 50억 달러·EPS 0.20달러 전망",2026-06-25 21:46:41,defensive,2026-06-25
배당,"페덱스, 최대 42억 달러 규모 사채 공개매수 시작",2026-06-25 21:39:51,defensive,2026-06-25
배당,"커머셜 메탈스, 3분기 순이익 1억7302만 달러..전년비 108% 급증",2026-06-25 21:20:59,defensive,2026-06-25
배당,"라마코 리소시즈, 법률자문 포레스트 존스 별세",2026-06-25 21:06:58,defensive,2026-06-25
배당,"위니바고 인더스트리즈, 3분기 매출 6억9900만 달러로 9.9% 감소",2026-06-25 20:55:58,defensive,2026-06-25
배당,"TD시넥스, 2분기 매출·순이익 동반 급증…배당금도 9% 인상",2026-06-25 20:21:26,defensive,2026-06-25
배당,"트리플 플래그 프레셔스 메탈스, 4.4억 달러 규모 호주 금광 스트리밍 계약 완료",2026-06-25 20:09:36,defensive,2026-06-25
배당,"다든 레스토랑, 4분기 매출 37억 달러·EPS 3.66달러 기록",2026-06-25 20:07:25,defensive,2026-06-25
배당,"로이즈 뱅킹 그룹, 20억 달러 선순위 채권 조기 상환",2026-06-25 20:05:55,defensive,2026-06-25
배당,"TD 시넥스, 2분기 매출 196억 달러·31% 증가",2026-06-25 20:04:05,defensive,2026-06-25
배당,"아이투란 로케이션 앤 컨트롤, 주당 0.50달러 배당..7월 8일 지급",2026-06-25 20:02:35,defensive,2026-06-25
배당,"지에프엘 인바이런멘탈, 러셀 1000·3000 지수 편입..기관 투자자 접근성 확대",2026-06-25 19:39:54,defensive,2026-06-25
배당,"워딩턴 스틸, 4분기 매출 9억2920만 달러..전년비 12%↑ 영업손실 5760만 달러 전환",2026-06-25 19:33:24,defensive,2026-06-25
배당,"실버코프 메탈스, 가오청 프로젝트 기술보고서 및 자원 추정치 정정 공시",2026-06-25 19:16:23,defensive,2026-06-25
배당,"엘리멘털 알투스 로열티즈, 연간 배당 0.12달러 선언..테더골드 선택권 추가",2026-06-25 19:15:43,defensive,2026-06-25
배당,"실버코프 메탈스, 고청 광산 3827만온스 은 보유·18년 가동 계획",2026-06-25 19:04:32,defensive,2026-06-25
배당,신입 월급 450만원·이직률 0.5%…SK하이닉스 ‘꿈의 직장’ 입증,2026-06-25 18:23:47,defensive,2026-06-25
배당,"""반도체 초과세수 100조로 AI국부펀드 조성을""",2026-06-25 17:58:52,defensive,2026-06-25
배당,삼전닉스 올라탄 지주·계열사…덩달아 랠리,2026-06-25 17:50:09,defensive,2026-06-25
배당,“국부펀드로 月 62만원 배당”…반도체 초과세수 이렇게?,2026-06-25 16:57:08,defensive,2026-06-25
배당,"민주, 반도체 초과세수 활용 토론회…“AI투자하는 국민배당형 국부펀드 만들자” 제안도",2026-06-25 16:10:37,defensive,2026-06-25
배당,9년만에 컴백하는 '빅뱅 효과'…엔터주 관심권 [한국주식 원포인트 레슨],2026-06-25 16:10:02,defensive,2026-06-25
배당,"고물가 시대, 종신보험도 '실속' 있게 준비 [보험 200% 활용법]",2026-06-25 16:08:40,defensive,2026-06-25
배당,"“과거 주가상승 탄력, 이때 가장 크게 나타나”…연준 매파적 동결에 은행주 기대감 ‘쑥’",2026-06-25 15:57:59,defensive,2026-06-25
배당,"티쓰리, 40억원 규모 자사주 매입 결정…“주주가치 제고”",2026-06-25 15:52:50,defensive,2026-06-25
배당,비트코인 6만달러 지킬 수 있을까…‘디지털 金’ 명성 어디로,2026-06-25 14:17:59,defensive,2026-06-25
배당,"미국투자이민 EB-5, 9월 30일 전 가장 먼저 봐야 할 ‘자금 출처’",2026-06-25 11:11:00,defensive,2026-06-25
배당,삼성전자 `재평가 국면의 시작` 증권사 발표에 강세…5.14%,2026-06-25 09:23:41,defensive,2026-06-25
배당,“금리 앞에선 금도 못버텨”…4천달러 붕괴하며 3년 강세장 마감,2026-06-25 08:57:44,defensive,2026-06-25
배당,“삼성전자 재평가는 이제 시작…2분기 영업익 90조 추정” 목표가↑,2026-06-25 08:21:02,defensive,2026-06-25
배당,"브룩필드 인프라스트럭쳐, 주주총회서 9명 이사 전원 선출..최고 99.88% 찬성",2026-06-25 06:03:46,defensive,2026-06-25
배당,"콜로니 뱅코프, 퍼스트 릴라이언스 1억6300만 달러에 인수",2026-06-25 06:03:06,defensive,2026-06-25
배당,“디지털 금이라 부르기도 민망”…주요 투자자산 중 성적 압도적 꼴찌,2026-06-25 06:02:15,defensive,2026-06-25
배당,"반즈앤노블에듀케이션, 2026년 흑자전환·부채 감축 등 재무구조 개선 기대감 상승",2026-06-25 06:00:45,defensive,2026-06-25
배당,"모건스탠리, 배당 15% 인상·200억 달러 자사주 매입 승인",2026-06-25 05:54:45,defensive,2026-06-25
배당,"글로벌 십 리즈, 4억1300만 달러 규모 신조선 5척 계약 체결",2026-06-25 05:36:54,defensive,2026-06-25
배당,"E-홈 하우스홀드 서비스 홀딩스, 주식액면 12만5000분의1 분할·주식보상 1500배 확대 추진",2026-06-25 05:35:04,defensive,2026-06-25
배당,"TORM, 오크트리 캐피탈 19.86% 지분 보유 공시",2026-06-25 05:33:44,defensive,2026-06-25
배당,"골드만삭스 그룹, 주당 배당금 5달러로 11% 인상",2026-06-25 05:29:43,defensive,2026-06-25
배당,"반즈 앤 노블 에듀케이션, 2026년 매출 17억 달러·흑자전환 전망",2026-06-25 05:26:53,defensive,2026-06-25
배당,"아머 레지던셜 REIT, 7월 보통주 배당금 주당 0.24달러 확정",2026-06-25 05:21:03,defensive,2026-06-25
배당,"방코 산탄데르 칠레, 정관 개정 공시..지배구조 투명성 강화",2026-06-25 05:20:53,defensive,2026-06-25
배당,"파머 스퀘어 캐피탈 BDC, 2분기 보통배당 0.36달러+보충배당 0.03달러 결정",2026-06-25 05:17:52,defensive,2026-06-25
배당,"밀러놀, 2026년 4분기 매출 10억4200만 달러..전년비 4.4% 증가",2026-06-25 05:15:12,defensive,2026-06-25
배당,"ICF 인터내셔널, 2분기 실적발표 8월 6일 개최",2026-06-25 05:11:42,defensive,2026-06-25
배당,"제이피모간체이스, 2026년 스트레스 테스트 통과..CET1 비율 14.4% 유지",2026-06-25 05:10:02,defensive,2026-06-25
배당,"제이피모간체이스, 분기 배당 10% 인상·500억 달러 자사주 매입 승인",2026-06-25 05:07:52,defensive,2026-06-25
배당,"아레스매니지먼트, SEC 연속펀드 조사 대상 포함으로 규제 리스크 부각",2026-06-25 04:51:01,defensive,2026-06-25
배당,“AI 버블? 아직 시작도 안 했다” … 주식·부동산 고수들이 찍은 하반기 승부처,2026-06-25 04:00:00,defensive,2026-06-25
배당,"인포시스, 45번째 주주총회서 주요 안건 승인..거버넌스 강화",2026-06-25 01:34:48,defensive,2026-06-25
배당,"레나, 美 주택공급 확대 법안 진전에 업황 개선 기대감 급부상",2026-06-24 23:01:55,defensive,2026-06-24
배당,"케이시스 제너럴 스토어스, 향후 3년간 8~10% EBITDA 성장 목표 제시",2026-06-24 22:24:03,defensive,2026-06-24
배당,"마시모 그룹, FST 인수 철회·최대 400만 달러 자체 기술 개발 집중",2026-06-24 22:21:53,defensive,2026-06-24
배당,"커머셜 메탈스, 247번째 연속 분기 배당 0.20달러 결정",2026-06-24 21:42:01,defensive,2026-06-24
배당,"에메랄드 익스포지션 이벤트, Questex와 합병 후 폴 밀러 신임 CEO 선임",2026-06-24 21:11:00,defensive,2026-06-24
배당,"크라운 크래프트, 4분기 흑자전환·매출총이익률 22.9%로 개선",2026-06-24 20:07:57,defensive,2026-06-24
배당,"“반도체마저 정치 제물로”…국힘, ‘삼전닉스’ 호남 투자설 직격",2026-06-24 19:29:26,defensive,2026-06-24
배당,"텔러스, 청년 지원 갈라 행사서 역대 최대 300만 달러 모금",2026-06-24 19:05:06,defensive,2026-06-24
배당,"사우스이스트 에어포트 그룹, 기술서비스 내재화·특별배당 주총 상정",2026-06-24 19:03:25,defensive,2026-06-24
배당,"에퀴녹스 골드, 오를라마이닝 합병 승인 주총 7월 22일 개최",2026-06-24 19:03:05,defensive,2026-06-24
배당,"뉴스 코퍼레이션, 10억 달러 규모 자사주 매입 프로그램 승인",2026-06-24 19:02:55,defensive,2026-06-24
배당,"에퀴녹스 골드, 오를라 마이닝 합병 주총 7월 22일 개최..연 110만온스 생산 목표",2026-06-24 19:02:35,defensive,2026-06-24
배당,"실버코프 메탈스, GC 광산 자원량 59% 증가..1828만톤 확보",2026-06-24 19:02:05,defensive,2026-06-24
배당,"알고마 스틸 그룹, 9명 이사진 전원 선임..Deloitte 감사인 지정",2026-06-24 19:01:44,defensive,2026-06-24
배당,"금융 일상 바꿔놓을 두 축, CBDC와 스테이블코인은 어떻게 다를까?[엠블록레터]",2026-06-24 18:03:22,defensive,2026-06-24
배당,금보다 못한 '디지털 金'… 비트코인 수익률 꼴찌,2026-06-24 17:52:50,defensive,2026-06-24
배당,"“증시폭락 징징대긴, 우린 어쩌라고”…수익률 꼴찌 기록한 비트코인",2026-06-24 14:43:59,defensive,2026-06-24
배당,"한투운용 ‘고배당주Plus커버드콜액티브’, 상장 후 첫 분배금 지급",2026-06-24 14:31:16,defensive,2026-06-24
배당,"유로씨, 7월 23일 주주총회 개최..2026년 배당 19% 증가",2026-06-24 06:19:59,defensive,2026-06-24
배당,"유로드라이, 2026년 매출 7005만 달러 전망..전년비 34% 증가",2026-06-24 06:16:59,defensive,2026-06-24
배당,"옵시디안 에너지, 신디케이트 신용공여 한도 2억7500만 달러로 확대",2026-06-24 06:06:46,defensive,2026-06-24
배당,"RPC, 벤 팔머 CEO 2026년 말 은퇴..후임 선임 착수",2026-06-24 05:34:04,defensive,2026-06-24
배당,"게임스탑, CEO 성과보상 철회..이베이 인수 집중",2026-06-24 05:25:24,defensive,2026-06-24
배당,"밀로즈 프로퍼티스, 분기 배당 1억2790만 달러 지급",2026-06-24 05:22:53,defensive,2026-06-24
배당,"워딩턴 엔터프라이즈, 4분기 매출 3억7150만 달러..전년비 17% 증가",2026-06-24 05:20:03,defensive,2026-06-24
배당,"텍사스 퍼시픽 랜드 트러스트, 셰브런과 대규모 토지·염수 공급 계약 체결",2026-06-24 05:17:53,defensive,2026-06-24
배당,"투 하버스 인베스터즈, 주당 12달러 인수안 승인 권고..주총 7월 2일 개최",2026-06-24 05:12:52,defensive,2026-06-24
배당,"페덱스, 4분기 매출액 250억 달러..전년비 13% 증가",2026-06-24 05:09:42,defensive,2026-06-24
배당,"워터스톤 파이낸셜, 분기 배당 주당 0.17달러 지급 결정",2026-06-24 05:01:51,defensive,2026-06-24
배당,"페라리, 마케팅·상업 총괄에 BMW 이탈리아 출신 실베스트레 선임",2026-06-24 02:12:49,defensive,2026-06-24
배당,"복스 로열티, 헤라 광산 로열티 800만 호주달러 매각..투자 대비 16배 수익",2026-06-24 01:16:08,defensive,2026-06-24
배당,"리튬 아르헨티나, 2026년 주총서 이사진 전원 재선임..주식 인센티브 플랜 승인",2026-06-24 00:31:48,defensive,2026-06-24
배당,"카니발, 2026년 2분기 매출 67억 달러·EPS 0.41달러 기록",2026-06-23 22:19:15,defensive,2026-06-23
배당,"킴벨 로열티 파트너스, 퍼미안 분지 광물권 1억4590만 달러 인수",2026-06-23 22:18:05,defensive,2026-06-23
배당,"시바니 스틸워터, 2026년 매출 42% 급증 전망·EPS 흑자전환",2026-06-23 21:40:14,defensive,2026-06-23
배당,"바운드리스 바이오, Serapha Bio와 합병·2.3억 달러 투자 유치",2026-06-23 21:32:13,defensive,2026-06-23
배당,주식 샀더니 무료맥주·항공권 할인까지…주주 챙겨주는 日 [특파원 인사이트],2026-06-23 20:54:44,defensive,2026-06-23
배당,"PLDT, 자회사 VITRO REIT 필리핀증권거래소 상장 신청",2026-06-23 20:33:01,defensive,2026-06-23
배당,"선벨트 렌털스 홀딩스, 4분기 매출 27억5400만 달러..전년비 8.9% 증가",2026-06-23 20:08:20,defensive,2026-06-23
배당,"액센츄어, 자사주 매입 20억 달러 증액..총 75억 달러 규모",2026-06-23 20:06:49,defensive,2026-06-23
배당,"퍼스트 캐시, 英 램스덴스홀딩스 2억730만 파운드 인수 합의",2026-06-23 20:01:49,defensive,2026-06-23
배당,"지에프엘 인바이런멘탈, 7억5000만 달러 선순위 담보부 채권 발행",2026-06-23 19:54:59,defensive,2026-06-23
배당,"파라마운트 골드 네바다, 슬리퍼 골드 프로젝트 NPV 4억 달러·IRR 45% 평가",2026-06-23 19:39:59,defensive,2026-06-23
배당,"씨엘피에스, 상반기 매출 8510만 달러..영업익 301% 급증",2026-06-23 19:15:08,defensive,2026-06-23
배당,"자인 그룹, 1분기 순매출 57% 급감·적자 전환",2026-06-23 19:12:58,defensive,2026-06-23
배당,"유나이티드 마이크로일렉트로닉스, 1분기 순이익 108% 급증..610억 대만달러 매출",2026-06-23 19:05:57,defensive,2026-06-23
배당,"뉴스 코퍼레이션, 10억 달러 규모 자사주 매입 프로그램 공시",2026-06-23 19:03:27,defensive,2026-06-23
배당,"CVR 파트너스, Dane Neumann 신임 대표 선임",2026-06-23 19:02:17,defensive,2026-06-23
배당,"아우라 미네랄스, 2억 달러 규모 자사주 매입 프로그램 승인",2026-06-23 19:02:07,defensive,2026-06-23
배당,"""실물자산에 뭉칫돈 … 변동성 방어 매력적""",2026-06-23 17:25:53,defensive,2026-06-23
배당,"""가족기업 내부갈등은 글로벌 난제 …'가족헌장' 만들어 방지해야""",2026-06-23 16:02:50,defensive,2026-06-23
배당,"DL에너지, 국내외 발전사업 호조에 신용등급 ‘A+’ 상향",2026-06-23 14:12:47,defensive,2026-06-23
배당,"‘친명’ 이건태, 한찬식 임명 與일각 반발에 “대단히 부적절”",2026-06-23 11:16:48,defensive,2026-06-23
배당,"현대지에프홀딩스 `거버넌스 선진화, 재평가로 귀결` 증권사 발표에 강세…4.68%",2026-06-23 10:48:02,defensive,2026-06-23
배당,타임폴리오 ‘TIME 액티브 ETF’ 순자산 10조 돌파…독립 운용사 최초,2026-06-23 10:27:56,defensive,2026-06-23
배당,"한화자산운용, ‘PLUS 200커버드콜액티브’ 상장",2026-06-23 09:36:22,defensive,2026-06-23
배당,"브룩필드, 시리즈 24 우선주 전환 무산..최소요건 미달",2026-06-23 06:01:50,defensive,2026-06-23
배당,"오키드 아일랜드 캐피탈, 자사주 매입 한도 2,661만주로 확대..발행주식 13.3%",2026-06-23 06:00:00,defensive,2026-06-23
배당,삼전닉스 언제 팔까요 묻거든…“내년 12월 달력을 보게하라”는데,2026-06-23 05:58:22,defensive,2026-06-23
배당,"에퀴녹스 골드, 2025년 ESG 보고서 발표..탄소배출 6.1만톤 감축",2026-06-23 05:41:00,defensive,2026-06-23
배당,"콘 페리, 주당 0.55달러 분기 배당 결정..7월 31일 지급",2026-06-23 05:29:49,defensive,2026-06-23
배당,"리지포스트 캐피털, 스텔루스 캐피털 40억 달러 규모 인수 완료",2026-06-23 05:24:59,defensive,2026-06-23
배당,"아퍄, 2025 회계연도 재무제표 승인..2026년 매출 7.8억 달러 전망",2026-06-23 05:20:08,defensive,2026-06-23
배당,"브레마 호텔&리조트, 6월 우선주 배당 결정..시리즈별 차등 지급",2026-06-23 05:15:08,defensive,2026-06-23
배당,"서보메드, 1000만 달러 규모 유상증자 완료",2026-06-23 05:14:58,defensive,2026-06-23
배당,"NVE, 베이커 대표 은퇴·이임스 신임 CEO 선임",2026-06-23 05:09:57,defensive,2026-06-23
배당,"도미노피자, 조 조던 COO 10월 신임 CEO 취임..러셀 와이너 의장 전환",2026-06-23 05:07:07,defensive,2026-06-23
배당,삼전보다 더 올랐다 … 앞으로 더 간다는 ‘제2의 반도체’,2026-06-23 05:00:00,defensive,2026-06-23
배당,"그린 카운티 뱅코프, 1분기 순이익 1050만 달러..17개 분기 중 16회 최고치 경신",2026-06-23 04:45:56,defensive,2026-06-23
배당,주식 샀더니 무료맥주·항공권 할인까지 … 주주 챙겨주는 日,2026-06-23 04:00:00,defensive,2026-06-23
배당,"실버코프 메탈스, 키르기스스탄 광산 개발에 1억9630만 달러 투자",2026-06-23 02:09:14,defensive,2026-06-23
배당,"에니스, 1분기 매출 9860만 달러..전년비 1.4% 증가",2026-06-22 23:07:52,defensive,2026-06-22
배당,"퍼스트 마제스틱 실버, 델 토로 은광산 인수 완료..최대 6천만 달러 추가 지급 조건",2026-06-22 23:05:02,defensive,2026-06-22
배당,"TPG, 악셀 안드레 CFO 선임..글로벌 웰스 솔루션 성장 가속",2026-06-22 22:22:49,defensive,2026-06-22
배당,"비트마인 이머전 테크놀로지, ETH 567만개 보유..전체 공급량 4.7%",2026-06-22 21:47:07,defensive,2026-06-22
배당,"지에프엘 인바이런멘탈, 7억5000만 달러 선순위 채권 발행",2026-06-22 21:35:47,defensive,2026-06-22
배당,"미들바이, 식품가공 사업부 미데라 분사 승인··7월 정식 출범",2026-06-22 21:17:06,defensive,2026-06-22
배당,"라이프타임 브랜즈, 주당 0.0425달러 분기 배당 결의",2026-06-22 21:11:46,defensive,2026-06-22
배당,"스페이스X, 선순위 무보증채권 발행..교량대출 상환용",2026-06-22 21:07:55,defensive,2026-06-22
배당,"폴라리스 인더스트리즈, 실드 에어 CEO 더스틴 세마치 이사 선임",2026-06-22 21:03:35,defensive,2026-06-22
배당,"닥터 레디스 연구소, 6월 20일 정기주주총회 개최..최종 배당 안내",2026-06-22 19:28:40,defensive,2026-06-22
배당,"케논 홀딩스, 850MW 하데라 발전소 확장 전기요금 승인",2026-06-22 19:17:59,defensive,2026-06-22
배당,"HDFC 은행, 주당 13루피 배당 결정··8월 6일 이후 지급",2026-06-22 19:16:29,defensive,2026-06-22
배당,"엘리멘털 알투스 로열티즈, 분기 배당 0.03달러 선언..골드토큰 선택 가능",2026-06-22 19:04:08,defensive,2026-06-22
배당,"리드 리얼 이스테이트, 상반기 매출 20.7% 감소·45억 엔 적자 지속",2026-06-22 19:03:58,defensive,2026-06-22
배당,"퍼스트 유나이티드, 3분기 배당금 주당 0.26달러 확정",2026-06-22 19:03:48,defensive,2026-06-22
배당,1만피 수문장 MSCI…韓 증시 신흥시장 취급 벗어날까 [동여의도 위클리],2026-06-22 18:30:36,defensive,2026-06-22
배당,"한국GM, 지난해 미국 관세 전액 부담...“내부 합의”",2026-06-22 17:40:16,defensive,2026-06-22
배당,‘삼전 우’ 묻어뒀더니 20억 잭팟…30대 월급쟁이 부부교사의 장기투자 기적,2026-06-22 16:34:50,defensive,2026-06-22
배당,"‘시총 1위’ 등에 업었다…SK스퀘어 200만원 눈앞 [오늘, 이 종목]",2026-06-22 16:15:55,defensive,2026-06-22
배당,"[美공시]노우드 파이낸셜, 2026년 8월 3일 지급 예정인 주당 0.32달러 현금 배당금 발표",2026-06-22 08:45:58,defensive,2026-06-22
배당,1만피 수문장 MSCI … 韓 증시 신흥시장 취급 벗어날까,2026-06-22 04:00:00,defensive,2026-06-22
배당,소액 소조합 스포츠토토 프로토 승부식 월드컵 재미 높여,2026-06-21 18:34:13,defensive,2026-06-21
배당,"수기 처리하던 공익 사건… 대검, 내년부턴 전산 관리",2026-06-21 17:52:11,defensive,2026-06-21
배당,"대검, 공익사건에 ‘해산·공익’ 번호 부여…전산관리 추진",2026-06-21 16:09:48,defensive,2026-06-21
배당,"김용범 “반도체로 번 돈, 부동산 흡수 안 돼...보유·양도세 조정 필요”",2026-06-21 13:21:11,defensive,2026-06-21
배당,"“선거 끝나자마자 증세 예고”…국민의힘, 김용범 정책실장 사퇴 공세",2026-06-21 11:33:02,defensive,2026-06-21
배당,"“하이닉스 슬슬 꼭지 아니야?”…걱정하는 개미들, 이 주식 갈아탔다 [이주의 불기둥]",2026-06-21 09:32:40,defensive,2026-06-21
배당,김용범 “호황에 부동산 심리 꿈틀할 수도…보유·양도세 조정 필요”,2026-06-20 14:04:58,defensive,2026-06-20
배당,"“송파서 무기고 털고 민주화 유공자 되자”…협박글 작성자, 경찰 자수",2026-06-19 17:48:23,defensive,2026-06-19
배당,'비실비실' 비트코인 … SK하이닉스에 시총 역전당하기도,2026-06-19 17:46:37,defensive,2026-06-19
배당,SEC 혁신 면제 임박...토큰화 주식 시대 본격 열린다[엠블록레터],2026-06-19 15:34:03,defensive,2026-06-19
배당,[MK부동산 교육] 왕초보 경·공매 ‘심화’ 과정 2기,2026-06-19 10:01:33,defensive,2026-06-19
배당,"“눈에 보이지 않아도 다 계산되네”…SK, 지난해 사회적가치 32조2000억원 창출",2026-06-19 09:43:46,defensive,2026-06-19
배당,외국인이 더 담는 KT&G…외인 지분율 51% 돌파,2026-06-19 09:14:52,defensive,2026-06-19
배당,"[美공시]**Community Bancorp Inc Vermont, 주당 0.25달러의 분기 배당금 발표**",2026-06-19 08:42:39,defensive,2026-06-19
배당,"이타우 유니방코 홀딩스, ESC 리스크 통합관리 체계 강화..배당률 14%",2026-06-19 06:31:55,defensive,2026-06-19
배당,"브룩필드 비즈니스, 7명 이사 만장일치 선출..98% 이상 찬성",2026-06-19 06:25:44,defensive,2026-06-19
배당,"비트마인 이머전 테크놀로지스, 우선주 주당 0.11달러 배당 결정",2026-06-19 06:00:03,defensive,2026-06-19
배당,믿었던 자산배분이 같은 방향으로 쏠렸다면 … 지도를 바꿔보자,2026-06-19 06:00:00,defensive,2026-06-19
배당,"BCB 뱅코프, 보통주·우선주 분기 배당 전면 중단",2026-06-19 05:59:03,defensive,2026-06-19
배당,"서드 코스트 뱅크셰어스, 시리즈A 전환우선주 분기 배당 17.06달러 지급",2026-06-19 05:50:32,defensive,2026-06-19
배당,"나이키, 존 로저스 이사 퇴임·전략고문 전환..2026년 9월 주총 후",2026-06-19 05:49:32,defensive,2026-06-19
배당,"그레이스톤 하우징 임팩트 인베스터, 2025년 스케줄 K-3 공개",2026-06-19 05:35:11,defensive,2026-06-19
배당,"스콜피오 탱커스, 2분기 LR2 일평균 TCE 8만달러..전년비 큰폭 개선",2026-06-19 05:21:31,defensive,2026-06-19
배당,"모닝스타, 분기 배당 0.5달러 유지..7월 31일 지급",2026-06-19 05:20:51,defensive,2026-06-19
배당,"아메리칸 헬스케어 REIT, 2026회계연도 2분기 배당 주당 0.25달러 결정",2026-06-19 05:17:40,defensive,2026-06-19
배당,"인디펜던트 뱅크, 2분기 배당 주당 0.64달러 발표",2026-06-19 05:14:50,defensive,2026-06-19
배당,"커뮤니티 뱅코프, 주당 0.25달러 분기 배당 발표..8월 지급",2026-06-19 05:13:40,defensive,2026-06-19
배당,"파크 시티 그룹, 분기 배당 주당 0.02달러 지급 결정",2026-06-19 05:08:59,defensive,2026-06-19
배당,"스탠텍, 수잔 레이스보드 신임 CEO 선임..10월 취임 예정",2026-06-19 03:01:47,defensive,2026-06-19
배당,"히말라야 시핑, 이사회 의장 20만 주 선매수 계약 체결",2026-06-19 00:15:35,defensive,2026-06-19
배당,"페르미안 베이슨 로열티 트러스트, 6월 배당 단위당 0.025달러 발표",2026-06-18 23:53:14,defensive,2026-06-18
배당,"SR 뱅코프, 분기 배당금 20% 인상..주당 0.06달러",2026-06-18 23:04:43,defensive,2026-06-18
배당,"파케 뱅코프, 주당 0.20달러 현금배당 발표..7월 17일 지급",2026-06-18 21:46:41,defensive,2026-06-18
배당,"야누스 헨더슨 그룹, 비상장 전환 규제 승인 완료..주당 52달러에 매각",2026-06-18 21:45:51,defensive,2026-06-18
배당,"글로벌십리즈, 2026년 주총서 이사 선임 및 정관 변경 승인",2026-06-18 21:42:51,defensive,2026-06-18
배당,"네비게이터 홀딩스, 신규 LNG선 2척 건조에 2억580만 달러 금융 계약 체결",2026-06-18 21:40:00,defensive,2026-06-18
배당,"프레시디오 프로덕션, 배당수익률 10.9% 유지..AI로 생산성 3~5% 향상 목표",2026-06-18 21:20:19,defensive,2026-06-18
배당,"다나오스, 7월 31일 연례 주주총회 개최..이사 재선임 및 감사인 승인",2026-06-18 21:15:09,defensive,2026-06-18
배당,"얼라이트, 1대 20 액면병합 단행..NYSE 상장 요건 충족 목적",2026-06-18 21:07:48,defensive,2026-06-18
배당,"올스테이트, 5월 재난손실 2억8900만 달러..4~5월 누적 11억6000만 달러",2026-06-18 20:46:08,defensive,2026-06-18
배당,"노우드 파이낸셜, 주당 0.32달러 배당 결정..8월 3일 지급",2026-06-18 20:45:47,defensive,2026-06-18
배당,"디럭스, 셀레로 커머스 6억2500만 달러 인수..페이먼트 부문 확대",2026-06-18 20:14:06,defensive,2026-06-18
배당,"엘리멘털 알투스 로열티즈, 2026 로열티 자산 핸드북 발간·웹사이트 개편",2026-06-18 20:13:26,defensive,2026-06-18
배당,"카마다, 8월 5일 주총서 이사 재선임·스톡옵션 부여안 상정",2026-06-18 20:02:15,defensive,2026-06-18
배당,"액센츄어, 연간 매출 가이던스 하향 조정에 투자자 실망 매물 쏟아져",2026-06-18 20:00:45,defensive,2026-06-18
배당,"액센츄어, 3분기 매출 187억 달러·6% 성장..EPS 3.80달러",2026-06-18 19:43:05,defensive,2026-06-18
배당,"글로벌 넷 리스, 4개 우선주 시리즈 분기 배당 발표..7월 15일 지급",2026-06-18 19:21:54,defensive,2026-06-18
배당,"토요타 모터, 아키오 토요다 이사회 의장 선임..경영진 개편 완료",2026-06-18 19:06:24,defensive,2026-06-18
배당,"""해외투자 3% 늘어날 때, 원화값은 0.7% 떨어져""",2026-06-18 17:58:25,defensive,2026-06-18
배당,"100세 시대 투자법…AI·반도체주로 '공격', 고배당주로 '방어' [지갑을 불려드립니다]",2026-06-18 16:07:48,defensive,2026-06-18
배당,"유병자보험, 보장은 넓히고 부담은 낮춘다 [보험 200% 활용법]",2026-06-18 16:07:48,defensive,2026-06-18
배당,"“삼전 계속 들고 계세요”…‘48만전자’ 간다는데 [오늘, 이 종목]",2026-06-18 16:03:07,defensive,2026-06-18
배당,'왕초보' 경·공매 '입문'과정 이어 '심화' 과정 열린다,2026-06-18 16:03:06,defensive,2026-06-18
배당,SK스퀘어 `닉스 보다 빠른 상승` 증권사 발표에 강세…6.45%,2026-06-18 09:44:39,defensive,2026-06-18
배당,"[美공시]스미스 앤드 웨슨 브랜드, 2026 회계연도 4분기 및 연간 실적을 발표하며 매출 성장과 전략적 성과를 강조",2026-06-18 08:48:58,defensive,2026-06-18
배당,“성과급 줬어? 더 벌면 되잖아”…삼성전자 목표가 43만→48만원 [오늘 나온 보고서],2026-06-18 08:29:34,defensive,2026-06-18
배당,"“저평가 받을 이유 없다”…삼성전자, 메모리 시장 훈풍에 목표가↑",2026-06-18 07:54:27,defensive,2026-06-18
배당,"브룩필드 리뉴어블, 주주총회서 8명 이사진 전원 선임 완료",2026-06-18 06:08:57,defensive,2026-06-18
배당,"트리넷 그룹, 2분기 배당 주당 0.29달러 지급 결정",2026-06-18 05:51:46,defensive,2026-06-18
배당,"치롄 인터내셔널 홀딩 그룹, 7월 9일 임시주총서 주식병합·자본재편 결의",2026-06-18 05:31:55,defensive,2026-06-18
배당,"스미스앤웨슨, 4분기 EPS 89% 급증하며 시장 기대 상회",2026-06-18 05:31:15,defensive,2026-06-18
배당,"클로락스, 크리스 하이더 COO 신규 임명..조직 개편 단행",2026-06-18 05:17:54,defensive,2026-06-18
배당,"스미스 & 웨슨 브랜즈, 4분기 순매출 1억7840만 달러·27% 급증",2026-06-18 05:12:24,defensive,2026-06-18
배당,"그레이트 서던 뱅코프, 2분기 배당금 0.43달러 발표..146분기 연속",2026-06-18 05:05:53,defensive,2026-06-18
배당,"이쿼티 뱅크셰어스, 1분기 EPS 0.80달러..흑자 전환",2026-06-18 02:48:02,defensive,2026-06-18
배당,"헬리오스 테크놀로지스, 주당 0.12달러 배당..118회 연속 지급",2026-06-18 01:51:01,defensive,2026-06-18
배당,"퍼스트 파이낸셜 인디아, 2분기 배당 0.56달러 결정..7월 15일 지급",2026-06-17 23:07:49,defensive,2026-06-17
배당,"보이드 그룹 서비스, 2분기 배당 주당 0.156 캐나다달러 결정",2026-06-17 23:01:59,defensive,2026-06-17
배당,"프랑코 네바다, 카르마 광산 계약 무효 판결에 강력 이의제기",2026-06-17 22:35:58,defensive,2026-06-17
배당,"하트랜드 익스프레스, 주당 0.02달러 분기 배당 지급",2026-06-17 22:32:57,defensive,2026-06-17
배당,"“그때 안 사길 잘했다”…고점서 미끄러진 金값, 골드바도 인기 급감",2026-06-17 22:18:50,defensive,2026-06-17
배당,"버라이즌, 사모채 교환 완료..재무구조 유연성 강화",2026-06-17 21:09:04,defensive,2026-06-17
배당,"제지, 1분기 매출 7.6억 달러·EPS 0.9달러..흑자 전환",2026-06-17 21:02:53,defensive,2026-06-17
배당,"엘리멘털 알투스 로열티즈, 러셀 2000·3000 및 S&P/TSX 골드지수 편입",2026-06-17 20:11:52,defensive,2026-06-17
배당,"토요타 모터, 이사회 재편·신임 대표이사 선임 단행",2026-06-17 19:48:51,defensive,2026-06-17
배당,"OCEAN CAPITAL ACQUISITION CORP, 총자산 1.15억 달러..사업결합 시한 임박",2026-06-17 19:05:50,defensive,2026-06-17
배당,"에코페트롤, S&P 신용등급 BB- 유지..안정적 전망 확인",2026-06-17 19:05:20,defensive,2026-06-17
배당,"X 파이낸셜, CRO 유판 장 사임..캔 리 임시 CRO 임명",2026-06-17 19:05:20,defensive,2026-06-17
배당,"선 라이프 파이낸셜, 7억5000만 달러 규모 후순위채권 발행",2026-06-17 19:04:30,defensive,2026-06-17
배당,"올라 마이닝, 연례 주총서 이사 선임·보상안 등 99% 찬성 승인",2026-06-17 19:04:00,defensive,2026-06-17
배당,"올라 마이닝, 연례 총회서 전 안건 승인..경영진 보상 97% 찬성",2026-06-17 19:03:30,defensive,2026-06-17
배당,"뉴스 코퍼레이션, 10억 달러 자사주 매입 프로그램 승인",2026-06-17 19:02:49,defensive,2026-06-17
배당,잘나가는 자회사 덕 … SK스퀘어 파죽지세,2026-06-17 17:43:49,defensive,2026-06-17
배당,金값 하락에 투심도 꺾여…골드바 판매 반토막,2026-06-17 17:38:25,defensive,2026-06-17
배당,“젠슨 황이 61조 들고도 못 산 회사” … ‘AI 월드컵 4강’ 뚫고 우승할 승자,2026-06-17 17:31:25,defensive,2026-06-17
배당,"하이닉스 덕분…SK스퀘어, 주주환원 수혜 기대감에 ‘불기둥’ [오늘, 이 종목]",2026-06-17 16:17:45,defensive,2026-06-17
배당,스포츠토토 한국 북중미월드컵 우승 확률 0.5→1.2%,2026-06-17 15:41:11,defensive,2026-06-17
배당,"경찰, ‘탱크데이’ 신세계 관계자 첫 조사…임직원 휴대전화 압색도",2026-06-17 15:36:26,defensive,2026-06-17
배당,외국인 지분율 두 배 뛴 네오팜…글로벌 성장·주주환원 ‘주목’,2026-06-17 11:32:01,defensive,2026-06-17
배당,"주총 이사보수한도 안건 재점화...VIP운용, 월덱스 안건에 반대 권유",2026-06-17 09:06:00,defensive,2026-06-17
배당,“지분가치+배당수익 쌍끌이”…삼성물산 목표주가 35만→62만원 [오늘 나온 보고서],2026-06-17 08:54:11,defensive,2026-06-17
배당,"“땡큐 하이닉스”…SK스퀘어, 반도체 훈풍 수혜에 ‘목표가 185만원’",2026-06-17 08:13:26,defensive,2026-06-17
배당,"내셔널 헬스케어 프로퍼티스, 맥켄지 미니 공개매수 제안에 중립 입장",2026-06-17 06:28:03,defensive,2026-06-17
배당,"월풀, 9억 달러 규모 채권 조기 매수..재무구조 개선 추진",2026-06-17 06:27:53,defensive,2026-06-17
배당,"올린, 헌트맨 인수 위해 주주 의결권 확보..합병 절차 본궤도",2026-06-17 06:15:53,defensive,2026-06-17
배당,"캘리포니아 리소시즈, 5억5천만 달러 채권 발행..금리 부담 1%p 경감",2026-06-17 06:14:52,defensive,2026-06-17
배당,"페니맥 모기지 인베스트먼트 트러스트, 30년 경력 스콧 사우어 신규 이사 선임",2026-06-17 06:13:02,defensive,2026-06-17
배당,"헌츠맨, 오린과 합병 위한 투표·지지 합의 체결",2026-06-17 06:12:42,defensive,2026-06-17
배당,"MSC 인더스트리얼 다이렉트, 분기 배당 주당 0.87달러 결정",2026-06-17 06:07:42,defensive,2026-06-17
배당,"비보스 테라퓨틱스, 권리부증권 공모 등록신고서 SEC 제출 예정",2026-06-17 06:05:02,defensive,2026-06-17
배당,"캔달 M 벤처, 16대1 주식병합 추진..나스닥 상장유지 사수",2026-06-17 05:32:50,defensive,2026-06-17
배당,"그레이스톤 하우징 임팩트 인베스터스, 분기 배당 주당 0.14달러 결정",2026-06-17 05:31:50,defensive,2026-06-17
배당,"다이넥스 캐피탈, 20년 경력 더글라스 닐 사외이사 선임",2026-06-17 05:18:50,defensive,2026-06-17
배당,"앨리슨 트랜스미션 홀딩스, 5억 달러 대출 금리 0.25%p 인하",2026-06-17 05:16:10,defensive,2026-06-17
배당,"인디펜던트 뱅크, 1분기 EPS 1.68달러·순이익 7990만 달러..전년比 각각 61%, 80% 급증",2026-06-17 05:09:09,defensive,2026-06-17
배당,"내셔널 프레스토 인더스트리즈, 탄약 생산시설에 9천만 달러 투자",2026-06-17 05:06:29,defensive,2026-06-17
배당,"에듀케이셔널 디벨롭먼트, 27회계연도 1분기 실적 콘퍼런스콜 7월 9일 개최",2026-06-17 05:01:49,defensive,2026-06-17
배당,"젠맙, 직원 워런트 행사로 185주 신규 발행",2026-06-17 04:38:48,defensive,2026-06-17
배당,"소어 인더스트리즈, 3분기 배당 주당 0.52달러 결정",2026-06-17 04:35:48,defensive,2026-06-17
배당,"넥스타 미디어 그룹, 2026년 주주총회서 이사 선임·보상안 등 전 안건 가결",2026-06-17 04:34:48,defensive,2026-06-17
배당,"컴스톡 리소스, 피나클 가스 27% 지분 6억 달러 매각..재무구조 개선",2026-06-16 23:56:01,defensive,2026-06-16
배당,12조원 손실에도 ‘마이웨이’…비트코인 32개 팔고 1587개 사들인 ‘이 기업’,2026-06-16 23:04:33,defensive,2026-06-16
배당,"존 윌리 앤 손, 4분기 EPS 2.61달러..전년비 109% 급증",2026-06-16 22:59:49,defensive,2026-06-16
배당,"신시네티 파이낸셜, CIO 켈링턴 퇴임·오스본 후임 선임",2026-06-16 22:10:17,defensive,2026-06-16
배당,"얌브랜드, 피자헛 사업부 27억 달러 매각..40억 달러 자사주 매입",2026-06-16 22:04:07,defensive,2026-06-16
배당,"시뮬레이션 플러스, 알타리스에 3억7500만 달러 인수 합의",2026-06-16 22:01:47,defensive,2026-06-16
배당,"케네디 윌슨 홀딩스, 페어팩스 주도 인수 완료..주당 10.9달러 현금화",2026-06-16 21:58:46,defensive,2026-06-16
배당,"캘리포니아 리소시즈, 5.5억 달러 규모 2035년 만기 선순위채 발행",2026-06-16 21:26:45,defensive,2026-06-16
배당,"존 마샬 뱅코프, 1분기 순이익 610만 달러..7분기 연속 성장",2026-06-16 21:04:04,defensive,2026-06-16
배당,"칸준, 자사주 65만주 매입·소각..총 459만 달러 규모",2026-06-16 20:54:53,defensive,2026-06-16
배당,"몬로, 2026 회계연도 ESG 보고서 공개..온실가스 배출량 첫 측정",2026-06-16 20:43:03,defensive,2026-06-16
배당,"올린, 헌츠맨과 동등 합병..북미 최대 120억 달러 화학기업 탄생",2026-06-16 19:48:01,defensive,2026-06-16
배당,"밸몬트 인더스트리즈, 2026년 매출 44억 달러·EPS 22.74달러 전망",2026-06-16 19:05:59,defensive,2026-06-16
배당,"아폴로 커머셜 리얼이스테이트 파이낸스, 주당 3.75달러 배당 선언·청산 절차 돌입",2026-06-16 19:03:57,defensive,2026-06-16
배당,"웨스턴 코퍼 & 골드, 미쓰비시와 파트너십 2028년까지 연장",2026-06-16 19:01:57,defensive,2026-06-16
배당,"리제네론파마, CMS 약가협상 대상 제외…경쟁사 대비 유리한 입지 확보",2026-06-16 17:31:06,defensive,2026-06-16
배당,"오리온그룹, 자사주 675억원 전량 소각…“주주환원 강화 차원”",2026-06-16 14:48:11,defensive,2026-06-16
배당,“수십억 걸었는데 비기면 어쩌라고”...스포츠토토 개미들 ‘공포의 화요일’,2026-06-16 10:47:27,defensive,2026-06-16
배당,"트랜스알타, 에너지부 긴급 가동 명령에 2026년 매출 감소·적자 전환 우려 부각",2026-06-16 07:20:32,defensive,2026-06-16
배당,"시비스타 뱅크쉐어스, 2분기 실적발표 7월 23일 예정",2026-06-16 06:03:10,defensive,2026-06-16
배당,"넥스트에라 에너지, 도미니언과 합병 반영 1분기 매출 114억 달러",2026-06-16 06:03:00,defensive,2026-06-16
배당,"OGE 에너지, 6억5000만 달러 규모 신용계약 갱신",2026-06-16 05:34:49,defensive,2026-06-16
배당,"애플 호스피탈리티 리츠, 1분기 매출 3억3700만 달러..전년비 4.3% 증가",2026-06-16 05:18:58,defensive,2026-06-16
배당,"티에프아이 인터내셔널, 분기 배당 주당 0.47달러 결정",2026-06-16 05:16:57,defensive,2026-06-16
배당,"서비스퍼스트 뱅크쉐어스, 2분기 배당 주당 0.38달러 결정..7월 10일 지급",2026-06-16 05:11:47,defensive,2026-06-16
배당,"CVB 파이낸셜, 최대 1500만주 규모 신규 자사주 매입 프로그램 승인",2026-06-16 05:07:26,defensive,2026-06-16
배당,챗GPT·제미나이 싸움 구경하는 애플 … 진짜 노림수는 ‘AI 통행세’,2026-06-16 05:00:00,defensive,2026-06-16
배당,"비트마인, 이더리움 전체 공급량 4.66% 보유…스테이킹으로 안정적 수익 기반 마련",2026-06-16 01:20:43,defensive,2026-06-16
배당,KKR·브룩필드 인수 협상 중단…SBA커뮤니케이션 주가 급락,2026-06-16 00:21:02,defensive,2026-06-16
배당,"비트마인 이머전 테크놀로지스, 이더리움 보유 562만개..전체 공급량 4.66%",2026-06-15 21:47:18,defensive,2026-06-15
배당,"페블브룩 호텔 트러스트, 2분기 보통주 배당 주당 0.01달러 선언",2026-06-15 21:09:56,defensive,2026-06-15
배당,"라마코 리소시즈, 2분기 주당 배당 0.1369달러 주식배당 결정",2026-06-15 21:02:06,defensive,2026-06-15
배당,"로쿠, FOX에 220억 달러에 인수..주당 160달러 프리미엄 제시",2026-06-15 20:50:25,defensive,2026-06-15
배당,"포뮬라 시스템즈 (1985), 7월 20일 연례 주주총회 개최..이사 재선임 안건 상정",2026-06-15 20:32:24,defensive,2026-06-15
배당,"트랜스알타, 美 에너지부 명령에 센트랄리아 2호기 90일 추가 가동",2026-06-15 20:13:54,defensive,2026-06-15
배당,"허니웰 인터내셔널, 항공우주 부문 분사 6월 29일 완료",2026-06-15 20:05:53,defensive,2026-06-15
배당,"밴드위스, 2억7500만 달러 규모 2032년 만기 전환사채 발행",2026-06-15 19:47:02,defensive,2026-06-15
배당,"우드사이드 에너지 그룹, 엑손모빌 인수설 공식 부인",2026-06-15 19:11:21,defensive,2026-06-15
배당,"케이이 홀딩스, 자사주 3,133만주 소각..발행주식 33억주로 감소",2026-06-15 19:11:00,defensive,2026-06-15
배당,"실버코프 메탈스, 은 매장량 20% 증가..1억온스 확보",2026-06-15 19:07:18,defensive,2026-06-15
배당,"206억 못 갚더니…JTBC 디폴트, 홍정도 사과 “끝까지 최선 다할 것”",2026-06-15 17:30:50,defensive,2026-06-15
배당,"미래에셋 스페이스X 논란, 문제는 배정 실패보다 ‘과장광고’",2026-06-15 16:38:13,defensive,2026-06-15
배당,"삼성전자 오르면 삼성생명도 간다…8%대 ‘불기둥’ [오늘, 이 종목]",2026-06-15 15:09:19,defensive,2026-06-15
배당,"[속보] ‘유동성 위기’ JTBC, 법원에 회생절차 개시 신청",2026-06-15 14:42:27,defensive,2026-06-15
배당,"라이나생명, 뇌질환 진단부터 요양까지 보장",2026-06-15 13:58:43,defensive,2026-06-15
배당,"“완판돼 아쉬웠는데”…국민성장펀드, 3분기 중 재출시",2026-06-15 10:29:31,defensive,2026-06-15
배당,신한지주 `CET 1 비율 상승은 RWA 재배분을 통해 ROE와 주주환원율 개선에 기여` 증권사 발표에 강세…3.92%,2026-06-15 10:18:33,defensive,2026-06-15
배당,"불스원, 1분기 사상 ‘최대 실적’ 달성…“올해 목표는 두 자릿수 성장”",2026-06-15 10:10:44,defensive,2026-06-15
배당,"[美공시]인베스코 모기지 캐피털, 2026년 6월 배당금 확정 및 5월 잠정 재무 실적 발표",2026-06-15 08:43:18,defensive,2026-06-15
배당,"[美공시]조마, 리간드 파마슈티컬스(Ligand Pharmaceuticals)와의 합병을 앞두고 분기별 우선주 배당금 지급 및 영구 우선주 상환 발표",2026-06-15 08:42:38,defensive,2026-06-15
배당,"“아차한 사이 완판, 두번째엔 제발”…2차 국민성장펀드, 3분기 출시",2026-06-14 19:29:37,defensive,2026-06-14
배당,500조 ETF 시장 해외까지…코스콤 ETF CHECK 영문서비스 추진,2026-06-14 18:26:34,defensive,2026-06-14
배당,2차 국민성장펀드 3분기 출시… 1차때와 같은 6000억원 규모,2026-06-14 17:45:52,defensive,2026-06-14
배당,500조 ETF 시장 외국인도 투자 쉽게,2026-06-14 17:37:14,defensive,2026-06-14
배당,HBM 특수에 '귀하신 몸' … 하닉보다 뜨거운 장비株,2026-06-14 17:18:00,defensive,2026-06-14
배당,"체그, 2분기 매출 20% 급증에 3분기 가이던스까지 상향… 시장 기대 뛰어넘다",2026-06-13 06:41:04,defensive,2026-06-13
배당,"소마, 우선주 분기 배당 및 상환 발표..7월 14일 주당 25달러 상환",2026-06-13 06:23:43,defensive,2026-06-13
배당,"리졸브 AI, 6월 30일 연례주총 개최..4억8천만파운드 자본감소안 상정",2026-06-13 06:21:53,defensive,2026-06-13
배당,"뉴욕멜론은행, 시리즈H 우선주 5.8억달러 전액 상환",2026-06-13 05:50:52,defensive,2026-06-13
배당,"비트마인 이머전 테크놀로지스, 9.5% 시리즈A 우선주 배당 개시",2026-06-13 05:47:22,defensive,2026-06-13
배당,"커피 홀딩, 2분기 순매출 5.1% 감소..생두 가격 급락 영향",2026-06-13 05:22:01,defensive,2026-06-13
배당,"아머 레지던셜 REIT, 포트폴리오 222억 달러·배당수익률 16.8% 공개",2026-06-13 05:20:01,defensive,2026-06-13
배당,"인베스코 모기지 캐피탈, 6월 배당 주당 0.12달러 결정..7월 15일 지급",2026-06-13 05:19:51,defensive,2026-06-13
배당,"넷 리즈 오피스 프로퍼티스, 연례 주주총회 6월 25일로 연기",2026-06-13 05:17:51,defensive,2026-06-13
배당,"도쿄 라이프스타일, 20기 매출 388억 엔·59% 증가…흑자 전환 성공",2026-06-13 05:07:20,defensive,2026-06-13
배당,"모노리틱 파워 시스템즈, 주당 2달러 배당 발표..7월 15일 지급",2026-06-13 05:04:00,defensive,2026-06-13
배당,광적으로 벌고 쏘고 쓴다 … 인류멸종 막겠다는 스페이스X,2026-06-13 05:00:00,defensive,2026-06-13
배당,"빌리지 슈퍼 마켓, 분기 배당 클래스A 주당 0.25달러 결정",2026-06-13 04:55:50,defensive,2026-06-13
배당,"웨스턴 가스 파트너스, 브라조스 딜라웨어 II 16억 달러 인수 완료",2026-06-13 03:44:59,defensive,2026-06-13
배당,"사노피, 7만5천명 대상 글로벌 임직원 주식매입 프로그램 개시",2026-06-13 00:44:07,defensive,2026-06-13
배당,"폰스 파이낸셜 그룹, 2025년 EPS 1.21달러..전년비 163% 급증",2026-06-13 00:28:56,defensive,2026-06-13
배당,"제지, 3분기 순이익 401% 급증…디지털 구독 성장·배당 인상까지 '3박자' 호재",2026-06-12 23:00:55,defensive,2026-06-12
배당,"퍼스트 뱅코프, 주당 0.24달러 배당 결정..7월 24일 지급",2026-06-12 22:06:53,defensive,2026-06-12
배당,"뉴텍 비즈니스 서비스, 분기 배당 주당 0.19달러 결정",2026-06-12 22:04:03,defensive,2026-06-12
배당,"유나이티드 커뮤니티 뱅크스, 장비금융 사업부 19억 달러 매각",2026-06-12 20:37:11,defensive,2026-06-12
배당,"칸준, 자사주 28만주 매입 완료..192만 달러 규모",2026-06-12 20:25:41,defensive,2026-06-12
배당,"칼레도니아 마이닝, ATM 주식매도 계약서 신규 발행 없이 400만주 발행 여력 보유",2026-06-12 20:21:51,defensive,2026-06-12
배당,"카스피KZ, 1분기 실적 배당 주당 850텡게 승인..배당률 4.37% 전망",2026-06-12 20:02:30,defensive,2026-06-12
배당,"빌드 어 베어 워크숍, 크리스 허트 신임 CEO 취임..COO 출신 내부 승계",2026-06-12 20:02:00,defensive,2026-06-12
리츠,"‘이럴 수가’ 희망 잃은 홍명보호, 하늘도 안 도와준다…‘32강 확정’ 무패의 일본, 스웨덴과 1-1 무 → 삼바군단 브라질과 격돌",2026.06.26 11:59,defensive,2026-06-26
리츠,"퍼블릭 스토리지, 30억 달러 신용한도 확보..재무 유연성 대폭 강화",2026.06.26 05:07,defensive,2026-06-26
리츠,대구 수성알파시티 8000억 AI데이터센터 ‘좌초 위기’,2026.06.24 14:36,defensive,2026-06-24
리츠,"코람코, 운용자산 60조 넘었다",2026.06.23 17:25,defensive,2026-06-23
리츠,"한국부동산개발산업연구원, 창립 기념 심포지엄 개최",2026.06.22 10:57,defensive,2026-06-22
리츠,“축구협회 돈으로 내연녀 해외여행?”…월드컵 도중 터진 브라질협회장 의혹,2026.06.21 19:02,defensive,2026-06-21
리츠,"몬델리즈 인터내셔널, 아밋 바나티 2026년 7월 신임 CFO 임명",2026.06.19 05:51,defensive,2026-06-19
리츠,‘쿠보 부상’ 일본의 대안은 ‘튀니지 킬러’ 이토 “공격 포인트로 결과물 가져올 것”,2026.06.18 20:00,defensive,2026-06-18
리츠,부동산 출자 늘리는 연기금…저평가 상업용 부동산 노려,2026.06.18 17:45,defensive,2026-06-18
리츠,고금리 회사채값 급락 … 겁 먹은 '채권 개미',2026.06.17 17:53,defensive,2026-06-17
리츠,국토부 'PF 마중물' 1조원 푼다,2026.06.17 17:23,defensive,2026-06-17
리츠,[MK 골든크로스 돌파종목 : 한국자산신탁(123890) & 진양홀딩스(100250)],2026.06.17 10:08,defensive,2026-06-17
리츠,"217조원 거부 젠슨 황, 내년엔 불에 녹는 運이라고?",2026.06.17 05:05,defensive,2026-06-17
리츠,"‘반 다이크 뚫은 동점골’ 일본, 난타전 미쳤다…오렌지군단 네덜란드와 2-2 무",2026.06.15 07:54,defensive,2026-06-15
리츠,“1조원 받아도 명함 못 내민다” … 천조국 연봉킹들의 세계,2026-06-13 04:00:00,defensive,2026-06-13
리츠,지수ETF 축으로 AI·반도체ETF 더하면 '주린이 황금밸런스',2026-06-12 17:03:51,defensive,2026-06-12
리츠,"코스피 마감, 8,123.62P (4.63%↑) SK스퀘어, 삼성전자등 상승세",2026-06-12 15:37:31,defensive,2026-06-12
리츠,정비사업 탄력…4년간 31만가구 착공,2026-06-12 11:11:10,defensive,2026-06-12
리츠,"코람코, 강남역 1조 원 규모 초대형 오피스 개발… GBD 랜드마크 공급 나서",2026-06-12 10:34:38,defensive,2026-06-12
리츠,"코스피 하락 마감, 7,730.82P (-4.52%↓) KRX SK하이닉스 TR 지수, 코스피 전기·전자 등 하락 주도",2026-06-10 15:37:04,defensive,2026-06-10
리츠,"[MK시그널] 글로벌 물류창고 리츠 프로로지스, 매수신호 발생",2026-06-10 10:20:48,defensive,2026-06-10
리츠,"코스피 마감, 8,096.93P (8.18%↑) 삼성전기, SK하이닉스등 상승세",2026-06-09 15:37:20,defensive,2026-06-09
리츠,"“결승전 3100만원, 돈에 미친 나라”…축구팬들 등돌린 미국 상황",2026-06-09 10:31:36,defensive,2026-06-09
리츠,“비행 짧고 만족도 높다” 짧게 쉬다 오기 좋다는 여행지 ‘이곳’,2026-06-09 08:15:18,defensive,2026-06-09
리츠,"엘링턴 레지덴셜 모기지 리츠, 6월 배당 주당 0.08달러 선언",2026-06-09 05:55:55,defensive,2026-06-09
리츠,"그레이스톤 하우징 임팩트, CFO 제시 코리 퇴임..에릭 닐센 임시 선임",2026-06-09 05:32:03,defensive,2026-06-09
리츠,"로지스틱 프로퍼티스 오브 더 아메리카스, 뉴욕 스몰캡 컨퍼런스서 투자자 미팅 진행",2026-06-08 21:49:52,defensive,2026-06-08
리츠,"코비스엔터프라이즈, K소주로 캐나다 입맛 점령 … 加 최고 주류 수입사 목표",2026-06-08 16:05:58,defensive,2026-06-08
리츠,"코스피 하락 마감, 7,484.41P (-8.29%↓) 코스피 증권, KRX 삼성전자 TR 지수 등 하락 주도",2026-06-08 15:37:14,defensive,2026-06-08
리츠,"“재건축·재개발 삽 뜨면 재산이 달라지니까”…서울시장, 부동산 민심이 갈랐다",2026-06-07 18:54:51,defensive,2026-06-07
리츠,신통기획 추진 지역서 吳 강세 … 서울시장 당락 가른 '개발이슈',2026-06-07 17:33:06,defensive,2026-06-07
안전자산,주거복지 강화·야간경제 활력…'주복야경' 오세훈표 서울 재시동,2026.06.26 17:37,defensive,2026-06-26
안전자산,신간 다이제스트,2026.06.26 16:35,defensive,2026-06-26
안전자산,"디지털 커런시 엑스 테크놀로지, 7억 달러 유상증자..비트코인·이더리움으로 납입",2026.06.26 05:32,defensive,2026-06-26
안전자산,"인카넥스 헬스케어, 수면무호흡 치료제 IHL-42X 미국 특허 획득",2026.06.25 20:32,defensive,2026-06-25
안전자산,"블랙베리, 1분기 매출 1억5290만 달러..전년비 26% 증가",2026.06.25 20:14,defensive,2026-06-25
안전자산,美 금리인상 가능성에 금값 4000달러선 붕괴,2026.06.25 17:55,defensive,2026-06-25
안전자산,"""콧대 높은 사모대출 문턱, 토큰화로 낮출 것""",2026.06.25 17:21,defensive,2026-06-25
안전자산,단일종목 레버리지의 유혹…계좌는 소리없이 녹아내린다 [지갑을 불려드립니다],2026.06.25 16:08,defensive,2026-06-25
안전자산,"‘24시간 잠들지 않는 고객센터’ 빗썸, 2026 KSQI 가상자산 부문 1위 선정",2026.06.25 15:57,defensive,2026-06-25
안전자산,"피규어 “메가뱅크가 독식하던 대출시장, 블록체인으로 전과정 민주화할 것” [매일코인]",2026.06.25 15:23,defensive,2026-06-25
안전자산,"‘자율비행 드론’ 니어스랩, 코스닥 상장예비심사 승인",2026.06.25 14:34,defensive,2026-06-25
안전자산,“낡은 강남 대신 여기”…자산가들 발길 이어진 강북 주거시설 보니,2026.06.25 10:59,defensive,2026-06-25
안전자산,"베스핀글로벌, 보안기업 위즈와 파트너십… AI 통합 보안 라인업 완성",2026.06.25 08:59,defensive,2026-06-25
안전자산,키신저 재소환한 미국 … 이란과 합의한 건 ‘평화’가 아니다,2026.06.25 05:00,defensive,2026-06-25
안전자산,"""휴머노이드 1만대 4년내 제조현장에… 부품 국산화가 필수""",2026.06.24 18:03,defensive,2026-06-24
안전자산,“정말 드러누워서라도 말려야 했어”…하락 쇼크 더큰 삼전닉스 ‘나락 베팅’,2026.06.24 08:27,defensive,2026-06-24
안전자산,“농사 안 짓는 농지 매각해야” … 비거주 농업인은 어떡하나요?,2026.06.24 04:10,defensive,2026-06-24
안전자산,"국내 은행권 연합체 ‘유니카’, 유럽 금융권과 스테이블코인 국제거래 검증 착수",2026-06-24 04:00:00,defensive,2026-06-24
안전자산,"엘도라도 골드, 캐나다 Best 50 기업 선정..ESG 우수성 인정",2026-06-24 02:46:10,defensive,2026-06-24
안전자산,"BTQ TECHNOLOGIES CORP, 포스트 양자 암호화 분야 미국 전략 고문 임명",2026-06-24 00:35:58,defensive,2026-06-24
안전자산,"오디세이 테라퓨틱스, 3개 파이프라인 임상 진행·4.6억달러 현금 보유",2026-06-23 21:48:14,defensive,2026-06-23
안전자산,삼전닉스 레버리지 16조가 불질러 … 코스피 시총 744조 증발,2026-06-23 18:00:32,defensive,2026-06-23
안전자산,“항암제 맞으러 중국 원정 갈판”… 세계 첫 고형암 CAR-T 등 혁신신약 무더기 허가,2026-06-23 14:22:50,defensive,2026-06-23
안전자산,"스카이 쿼리, 네바다주 포어랜드 정유공장 7월 재가동..서부 공급망 핵심 자산화",2026-06-23 06:16:11,defensive,2026-06-23
안전자산,"아르셀로미탈, AWS와 AI·클라우드 기반 글로벌 제조 혁신 협력",2026-06-23 03:37:45,defensive,2026-06-23
안전자산,"레이오니어 어드밴스드 머티리얼스, 다니엘 크라우치크 신임 CEO 선임",2026-06-22 20:57:14,defensive,2026-06-22
안전자산,"이찬진 ""삼전닉스 레버리지 ETF 막았어야""",2026-06-22 17:30:21,defensive,2026-06-22
안전자산,“금값 떨어진 지금이 사모을 때”…부자아빠도 증권가도 찬스라는데,2026-06-22 14:34:48,defensive,2026-06-22
안전자산,“최대 19.4% 이자 상품” … 35세 알바생도 국세청 소득 잡히면 신청해야,2026-06-22 05:00:00,defensive,2026-06-22
안전자산,공사비 1600만원 육박 … 분양가 도미노 인상 예고,2026-06-21 17:51:34,defensive,2026-06-21
안전자산,[단독] 평당 1600만원 ‘역대 최고’ 공사비…여의도부터 줄줄이 인상 예고,2026-06-21 17:28:53,defensive,2026-06-21
안전자산,"LG엔솔, 특허 출원 10만건 넘겼다....전 세계 배터리 기업 중 처음",2026-06-21 11:06:22,defensive,2026-06-21
안전자산,“미장 50%·국장 30%가 실패 없는 공식”…나머지 20%는 어디에 넣죠? [여의도란도란],2026-06-21 09:41:57,defensive,2026-06-21
안전자산,물려만 주면 끝일까? 자산승계의 마지막 단추 ‘임의후견’ [바른 상속·기업승계 리포트],2026-06-19 07:00:00,defensive,2026-06-19
안전자산,"인도네시아 에너지, 크루 블록 첫 우물 시추 착수..6월 말 본격 가동",2026-06-19 05:08:59,defensive,2026-06-19
안전자산,“강남 20분인데 재개발 빌라가 3억대?” … 1만가구 뉴타운 꿈꾸는 신림동,2026-06-19 04:00:00,defensive,2026-06-19
안전자산,"그레이스 테라퓨틱스, 2026 회계연도 순손실 779만 달러..전년비 19% 감소",2026-06-18 21:03:08,defensive,2026-06-18
안전자산,"김태년 경기도지사직 준비위원장 “반도체는 속도전, 생태계 구축 중요”",2026-06-18 17:11:22,defensive,2026-06-18
안전자산,빠르게 줄고있는 전세…중산층 '자산축적 사다리'도 흔들 [이인화의 건축 길라잡이],2026-06-18 16:10:55,defensive,2026-06-18
안전자산,“AX 제대로 하면 제조업에 ‘바이브 코딩’같은 시대 열릴 것”,2026-06-18 15:16:38,defensive,2026-06-18
안전자산,대한항공·삼성금융 맞손…항공·금융 결합 신사업 발굴,2026-06-18 14:54:49,defensive,2026-06-18
안전자산,KB자산운용 ‘삼성전자SK하이닉스채권혼합50 ETF’ 순자산 4조 돌파,2026-06-18 14:22:52,defensive,2026-06-18
안전자산,“호르무즈만 열고 457조 받는다”…종전 MOU 공개에 ‘이란 완승론’,2026-06-18 12:55:00,defensive,2026-06-18
안전자산,극단적 공포심리에 난리난 ‘비트코인’…美 금리인상 신호에 2% 하락,2026-06-18 11:11:19,defensive,2026-06-18
안전자산,주식투자 달인도 “이것만은 피해라”…아찔한 레버리지 베팅 [황인혁칼럼],2026-06-18 08:43:41,defensive,2026-06-18
안전자산,"백악관 당국자 “트럼프, 이란과의 종전 MOU 서명했다”<로이터>",2026-06-18 06:56:58,defensive,2026-06-18
안전자산,"美 종전 MOU 전문 공개…‘호르무즈, 60일간만 통행료 면제’ 논란 예상",2026-06-18 06:55:28,defensive,2026-06-18
안전자산,"오디세이 테라퓨틱스, 1분기 순손실 3830만 달러..OD-001 임상서 27% 관해율 달성",2026-06-18 05:47:16,defensive,2026-06-18
안전자산,"위에다 디지털 홀딩, AI 에이전트 온체인 결제 거버넌스 플랫폼 '솔론' 출시",2026-06-18 05:32:45,defensive,2026-06-18
안전자산,"캔파이트 바이오파마, BIO 2026 참가..후기 임상 파이프라인 파트너링 나서",2026-06-17 20:04:02,defensive,2026-06-17
안전자산,"엘도라도 골드, 6월 23일 연례 주주총회 개최..포란 마이닝 인수 후 첫 총회",2026-06-17 19:03:09,defensive,2026-06-17
안전자산,핵동결·이스라엘·레바논 … 종전 후 투자자가 챙겨 볼 세가지,2026-06-17 18:38:14,defensive,2026-06-17
안전자산,"[황인혁칼럼] 레버리지 충격, 버틸 자신 있는가",2026-06-17 17:43:18,defensive,2026-06-17
안전자산,[기자24시] 교육교부금 수술의 '골든타임',2026-06-17 17:43:17,defensive,2026-06-17
안전자산,국힘 김종양 “추경 등 통화량 확대가 집값 올리는 마귀…유동성 팽창 억제정책 시급”,2026-06-17 15:20:51,defensive,2026-06-17
안전자산,투자의 경계를 넓히는 STO와 조각투자의 미래[엠블록레터],2026-06-17 14:38:42,defensive,2026-06-17
안전자산,핀테크가 바꾼 지급결제 세상: 전자금융거래법을 중심으로 [김앤장 핀테크·가상자산 인사이트],2026-06-17 07:00:00,defensive,2026-06-17
안전자산,"애스트로테크, 자회사 1st Detect 매각 추진..달 채굴 사업 자금 확보",2026-06-16 21:34:56,defensive,2026-06-16
안전자산,"“듀얼 라이프 설계 적용”…IPARK현대산업개발, ‘파크로쉬 서울원’ 이달 공개",2026-06-16 11:59:06,defensive,2026-06-16
안전자산,"한국투자증권, 국태해통증권과 ‘한·중 투자 포럼’ 개최… 자본시장 가교 본격화",2026-06-16 11:31:09,defensive,2026-06-16
안전자산,"“무너진 이란 인프라, 싹 뜯어고친다”…450조 시장, 국내 최대 수혜주는",2026-06-16 08:55:03,defensive,2026-06-16
안전자산,"비스타젠 테라퓨틱스, 2026회계연도 매출 162% 급증..핵심 3상 임상 결과 6월 공개",2026-06-16 05:36:59,defensive,2026-06-16
안전자산,"엘리시오 테라퓨틱스, 췌장암 2상 임상서 R0 환자군 DFS 35% 개선",2026-06-15 22:23:10,defensive,2026-06-15
안전자산,"엔진 홀딩스, 2분기 순손실 3023만 달러..주력 파이프라인 54% 완전반응률 달성",2026-06-15 22:17:09,defensive,2026-06-15
안전자산,"샤론AI 홀딩스, VAST Data와 600PB 규모 AI 인프라 구축",2026-06-15 22:02:29,defensive,2026-06-15
안전자산,"컴테크 커뮤니케이션, 위성통신 사업부 1억5750만 달러 매각..공공안전 사업 집중",2026-06-15 21:54:18,defensive,2026-06-15
안전자산,"내츄럴 가스 서비스, 플랫록 1억2000만 달러 인수..텍사스 거점 확장",2026-06-15 21:52:58,defensive,2026-06-15
안전자산,"뉴모라 테라퓨틱스, 우울증 치료제 3상 실패로 개발 중단",2026-06-15 21:16:57,defensive,2026-06-15
안전자산,"컴테크 커뮤니케이션, 3분기 매출 1억600만 달러..S&S 사업 1억5750만 달러 매각",2026-06-15 21:04:36,defensive,2026-06-15
안전자산,"어센티지 파마 그룹 인터내셔널, EHA2026서 핵심 신약 임상 17건 공개",2026-06-15 20:12:03,defensive,2026-06-15
안전자산,"지슨, 글로벌 반도체 대기업과 ‘무선 백도어 해킹 탐지 시스템’ 공급 계약",2026-06-15 11:09:55,defensive,2026-06-15
안전자산,어르신도 로펌도 “치매머니 못잃어”…노후돌봄 뛰어든 법무법인,2026-06-15 07:41:19,defensive,2026-06-15
안전자산,"금융사 이어 로펌까지 …""치매머니 반드시 사수""",2026-06-14 17:23:31,defensive,2026-06-14
안전자산,'구원투수' ESS·휴머노이드 등판 … K배터리株 다시 뛴다,2026-06-14 17:17:59,defensive,2026-06-14
안전자산,자식 신세지긴 싫고 요양원도 싫고 … 그럼 어디 가지,2026-06-14 05:00:00,defensive,2026-06-14
안전자산,"“공격 말아달라, 대신 가스 끊겠다”…카타르, 이란과 ‘뒷거래’ 의혹",2026-06-13 13:30:43,defensive,2026-06-13
안전자산,종전 기대에 스페이스X 흥행까지…뉴욕증시 동반 상승,2026-06-13 09:52:30,defensive,2026-06-13
안전자산,"FUTURECORP SPACE ACQUISITION 1, 2억3천만 달러 IPO 완료..24개월내 인수합병 목표",2026-06-13 06:28:54,defensive,2026-06-13
안전자산,"로켓 파마슈티컬스, PRV 1억8000만 달러 매각..현금 3억2260만 달러 확보",2026-06-12 20:13:00,defensive,2026-06-12
안전자산,배터리ETF 은근슬쩍 50% 쑥 … AI발 훈풍 계속 받을까,2026-06-12 17:27:46,defensive,2026-06-12
안전자산,오해 뒤에 가려진 ‘ELS’ 다시 읽기 [신간],2026-06-12 16:08:49,defensive,2026-06-12
안전자산,체코전 역전승에 광화문서 함성이…북중미 월드컵 제대로 즐기는 방법,2026-06-12 15:06:56,defensive,2026-06-12
안전자산,‘금 불패’ 믿음 흔들...“눈높이 낮춰라”,2026-06-12 14:18:53,defensive,2026-06-12
안전자산,안전자산 금의 굴욕…스페이스X·오픈AI에 밀렸다,2026-06-12 14:08:26,defensive,2026-06-12
안전자산,"TRIBECA STRATEGIC ACQUISITION CORP, 신탁자산 1억4천만 달러 보유..운영자금 부족 우려",2026-06-12 05:28:49,defensive,2026-06-12
안전자산,"위스키 인터내셔널 홀딩, 자회사 SEALCOIN 400만 달러 투자 유치",2026-06-12 05:17:49,defensive,2026-06-12
안전자산,삼전닉스 폭락장에도 웃었다…‘이것’ 섞었더니 방어 제대로네,2026-06-11 19:03:19,defensive,2026-06-11
안전자산,“역대급 수출로 달러 벌어놓고 왜?” … 원화값 추락 진짜 이유 [이슈 플러스],2026-06-11 18:19:57,defensive,2026-06-11
안전자산,"“미술품만 있는 줄 알았는데, 이번엔 돼지” … 석달에 13% ‘한돈 재테크’ 비밀",2026-06-11 16:48:29,defensive,2026-06-11
안전자산,[AI Trend Map] 오픈클로에서 ‘츠위안’까지 중국 AI 에이전트 생태계의 명과 암,2026-06-11 16:04:49,defensive,2026-06-11
안전자산,"“달러 사둘걸, 후회했는데…지금이라도 들어가면 늦을까”",2026-06-11 15:44:42,defensive,2026-06-11
안전자산,"체인링크 “韓 블록체인 산업, 규제 마련되는 순간 크게 도약할 것”[매일코인]",2026-06-11 11:29:36,defensive,2026-06-11
안전자산,[AI Trend Map] IPO ‘챗GPT vs 클로드’ 하반기 상장 채비,2026-06-11 11:21:12,defensive,2026-06-11
안전자산,[매경경영지원본부 칼럼] 디지털 트윈∙예지보전과 안전,2026-06-11 10:44:30,defensive,2026-06-11
안전자산,월드컵 트로피에 순금 4.93kg…금값 급등에 트로피 가치 카타르 때보다 157% 늘어,2026-06-11 10:27:20,defensive,2026-06-11
안전자산,"KEYSTONE ACQUISITION CORP, IPO로 2.9억 달러 조달·사업결합 추진",2026-06-11 04:09:55,defensive,2026-06-11
안전자산,"마이크로비젼, 세계 최대 건설장비사와 자율운송 라이다 개발협약 체결",2026-06-10 22:31:59,defensive,2026-06-10
안전자산,"“AI 3대 강국, 통신망에 달렸다”...산학 전문가들, 주파수 추가 공급·차세대 망 투자 촉구",2026-06-10 17:44:21,defensive,2026-06-10
안전자산,자세교정 신발·다이어트 유산균 … 나를 가꾸는 '셀프케어' 소비 뜬다,2026-06-10 16:06:29,defensive,2026-06-10
안전자산,한성숙 중기부 장관 “식품 제조기업 중 스마트공장 16% 불과...제조데이터 구축에 집중지원”,2026-06-10 15:27:34,defensive,2026-06-10
안전자산,“역대급 수출로 달러 벌어놓고 왜?” … 원화값 추락 진짜 이유 [고환율 긴급 점검①],2026-06-10 14:15:51,defensive,2026-06-10
안전자산,[단독] 인구감소지역 98%서 점포 유지한 새마을금고…수익성 확보는 숙제,2026-06-10 11:06:39,defensive,2026-06-10
안전자산,“우리도 AI 에이전트 도입” … 이런 회사 10곳 중 1곳만 제대로 쓴다,2026-06-10 05:00:00,defensive,2026-06-10
안전자산,"에이피아이 그룹, 온닉스 파이어 인수 완료..2026년 가이던스 상향",2026-06-10 01:22:54,defensive,2026-06-10
안전자산,40만원으로 100만원어치 지르는 개미들…조정장엔 계좌 녹아내린다,2026-06-09 20:04:39,defensive,2026-06-09
안전자산,"이항 홀딩스, 1분기 매출 370만 달러·주당순손실 0.24달러",2026-06-09 19:07:42,defensive,2026-06-09
안전자산,레버리지 투자에 악용되는 반도체 ETF,2026-06-09 17:57:53,defensive,2026-06-09
안전자산,"""100세人 운명 가르는 '웰에이징' … 노화, 국가가 나서 관리해야""",2026-06-09 16:03:13,defensive,2026-06-09
안전자산,"주택도시보증공사, 캠코와 손잡고 공매 시작…전세난 해결 기대",2026-06-09 13:42:05,defensive,2026-06-09
안전자산,"페르세우스, 160억 규모 시리즈B 투자 유치…누적 300억",2026-06-09 13:30:33,defensive,2026-06-09
안전자산,국내 최대 시니어타운 ‘백운호수 푸르지오’ 가보니 ‘호텔급 식사·서비스’에 50대도 입주,2026-06-09 10:52:10,defensive,2026-06-09
안전자산,"“AI 투자도 인플레 자극, 내년 금리인상 가능” … 월가 채권 거물의 경고",2026-06-09 04:00:00,defensive,2026-06-09
안전자산,“北 경제 초호황”…러시아 무기수출·중국 전방위 지원,2026-06-08 15:51:52,defensive,2026-06-08
안전자산,광주 ‘양극화’ 시장에도 신고가 거래 행진·입주 활기 단지 보니,2026-06-08 10:31:05,defensive,2026-06-08
안전자산,"“연일 시퍼런 장, 절반은 이것 때문?”…국민연금도 기다린다는 초대형 IPO",2026-06-08 06:25:02,defensive,2026-06-08
안전자산,금리인상론 고개 들자 회사채 발행액 반토막,2026-06-07 17:42:47,defensive,2026-06-07
안전자산,환율 1560원도 넘어 … “금융위기도 아닌데 도대체 왜 이래”,2026-06-07 15:08:58,defensive,2026-06-07
안전자산,쇼핑몰 키워서 파는 ‘엑싯 창업’,2026-06-05 14:39:43,defensive,2026-06-05
안전자산,‘官 그림자’ 없었다…뛰어난 멀티플레이어 김기환 한국화재보험협회 이사장 [CEO 라운지],2026-06-05 14:17:01,defensive,2026-06-05
안전자산,"위풍당당 리테일 머니, 빛과 그림자",2026-06-05 10:35:01,defensive,2026-06-05
자사주,"달러트리, 5억 달러 자사주 재매입에 중장기 성장 전망까지 제시",2026.06.26 23:23,defensive,2026-06-26
자사주,"ICF인터내셔널, 자사주 매입 한도 대폭 확대…강력한 주주환원 의지 표명",2026.06.26 22:43,defensive,2026-06-26
자사주,"쉰레이, 2천만 달러 규모 자사주 매입 프로그램 승인으로 급등",2026.06.26 22:42,defensive,2026-06-26
자사주,"헤사이 그룹, 주식 8대1 액면분할·자사주 매입 권한 승인",2026.06.26 21:31,defensive,2026-06-26
자사주,"아이콘, 7월 31일 주총 개최…이사 10명 선임 및 20% 신주발행 의결",2026.06.26 21:09,defensive,2026-06-26
자사주,"쉰레이, 2천만 달러 규모 자사주 매입 프로그램 승인",2026.06.26 21:09,defensive,2026-06-26
자사주,"칸준, 자사주 77만주 500만 달러 매입..주주가치 제고",2026.06.26 20:33,defensive,2026-06-26
자사주,"로빈후드 마켓츠, 22억 달러 전환사채 발행 완료..성장 투자 본격화",2026.06.26 06:27,defensive,2026-06-26
자사주,"리갠드 파머슈티컬스, 6억2500만 달러 전환사채 발행..XOMA 인수 재원 확보",2026.06.26 06:02,defensive,2026-06-26
자사주,"셀렉티스, 2025 회계연도 재무제표 승인·자사주 매입 등 전 안건 가결",2026.06.26 05:31,defensive,2026-06-26
자사주,"와이즈그룹, 매출 19% 성장·자사주 매입 발표에 강세",2026.06.26 05:30,defensive,2026-06-26
자사주,"와이즈그룹, 2026 회계연도 매출 19% 증가한 25억 달러 기록",2026.06.26 05:10,defensive,2026-06-26
자사주,"칸준, 주주총회서 자사주 매입 권한 승인..이사진 재선임",2026.06.26 05:03,defensive,2026-06-26
자사주,"칸준, 자사주 45만주 300만 달러 규모 추가 매입",2026-06-25 20:48:47,defensive,2026-06-25
자사주,"기가미디어, 주총서 신주발행·자사주매입 권한 승인",2026-06-25 19:15:33,defensive,2026-06-25
자사주,"아덱스 테라퓨틱스, 1분기 순손실 171만 스위스프랑..7월말까지 자금 충분",2026-06-25 19:14:43,defensive,2026-06-25
자사주,"즈후, 자사주 11만주 매입..총 881만주 소각 진행 중",2026-06-25 19:02:52,defensive,2026-06-25
자사주,"뉴스 코퍼레이션, 10억 달러 규모 자사주 매입 프로그램 진행 중",2026-06-25 19:02:02,defensive,2026-06-25
자사주,변동성 장세 엇갈린 행보…BUY 삼성 SELL SK [주식 초고수는 지금],2026-06-25 10:49:33,defensive,2026-06-25
자사주,"“KCC, 실적·자산가치·주주환원 대비 저평가”",2026-06-25 08:22:39,defensive,2026-06-25
자사주,AI 거품론 잠재운 마이크론 ‘역대급 실적’…삼전·닉스 실적 기대감 ‘쑥’,2026-06-25 08:20:02,defensive,2026-06-25
자사주,"로빈후드, 20억달러 전환사채 발행 추진…주식 희석 우려로 투자자 부담 확대",2026-06-25 02:31:19,defensive,2026-06-25
자사주,경영진 자사주 매입에도 2026년 매출 급감 전망…가나안 주가 약세,2026-06-25 01:50:58,defensive,2026-06-25
자사주,"어댑티브 바이오테크, 3억 달러 전환사채 발행 및 자사주 매입으로 주주가치 방어 나서",2026-06-24 22:54:45,defensive,2026-06-24
자사주,"골드필드, 이사회 의장 JF 맥켄지 자사주 27만 랜드 매입",2026-06-24 22:50:44,defensive,2026-06-24
자사주,"머티리얼라이즈, 자사주 매입 지속 및 2026년 EPS 대폭 성장 전망에 강세",2026-06-24 22:44:24,defensive,2026-06-24
자사주,"비리비리, 3억 달러 규모 자사주 매입 프로그램 승인으로 주목",2026-06-24 22:42:44,defensive,2026-06-24
자사주,"가나안, 경영진 자사주 106만주 매입..평균 0.35달러",2026-06-24 22:17:53,defensive,2026-06-24
자사주,"YY그룹홀딩, 30대1 주식병합으로 나스닥 상장 유지 나섰지만 시장 반응은 냉랭",2026-06-24 22:10:42,defensive,2026-06-24
자사주,"라이브원, 조정 EBITDA 흑자 전환에도 연간 매출 급감·순손실 지속으로 급락",2026-06-24 21:41:01,defensive,2026-06-24
자사주,"닥트로닉스, 4분기 EPS 0.17달러 흑자전환··연간 매출 11% 성장",2026-06-24 20:45:59,defensive,2026-06-24
자사주,"칸준, 자사주 67만주 44억 달러 매입..발행주식 0.08%",2026-06-24 20:18:48,defensive,2026-06-24
자사주,"비리비리, 24개월간 3억 달러 규모 자사주 매입 프로그램 승인",2026-06-24 19:50:47,defensive,2026-06-24
자사주,"레이크프론트 바이오테라퓨틱스, 자사주 7만7667주 191만유로 매입",2026-06-24 19:06:56,defensive,2026-06-24
자사주,"YY 그룹 홀딩, 30대1 주식병합 단행..나스닥 상장 요건 충족",2026-06-24 19:01:55,defensive,2026-06-24
자사주,“무서워서 계좌 안봤는데 삼전 10% 뭐예요?”…마이크론 우려도 이긴 호재,2026-06-24 18:32:23,defensive,2026-06-24
자사주,"""마이크론 실적 확인부터""…코스피 3% 반등",2026-06-24 17:56:38,defensive,2026-06-24
자사주,"삼성전자, 3년간 자사주 90조원 사들인다…‘역대 최대’",2026-06-24 17:23:42,defensive,2026-06-24
자사주,"CEA 인더스트리즈, 2026회계연도 순이익 1억1520만 달러 기록",2026-06-24 05:41:55,defensive,2026-06-24
자사주,"KB 홈, 2분기 매출 11억 달러..전년비 27% 감소",2026-06-24 05:19:03,defensive,2026-06-24
자사주,"메탈라 로열티 & 스트리밍, 주주총회서 이사진 재선임 및 신임 이사 선임 완료",2026-06-24 05:07:02,defensive,2026-06-24
자사주,"알라모스 골드, 2분기 생산량 13만 온스로 12% 하향..지진·정전 영향",2026-06-23 22:13:55,defensive,2026-06-23
자사주,"퀀텀 컴퓨팅, NHanced 인수 완료..7,310만 달러 투입해 제조역량 확대",2026-06-23 21:58:04,defensive,2026-06-23
자사주,"코세라, 우데미 인수 후 2027년 매출 14.9억~15.2억 달러 전망",2026-06-23 21:05:02,defensive,2026-06-23
자사주,"임페리얼 오일, 자사주 2,417만주 재매입 프로그램 승인..31.8억 달러 규모",2026-06-23 21:03:12,defensive,2026-06-23
자사주,"선스톤 호텔 인베스터스, 샌프란시스코 하얏트 리젠시 2억7900만 달러 매각",2026-06-23 20:38:01,defensive,2026-06-23
자사주,"칸준, 하루 만에 1,943만 달러 자사주 매입 단행",2026-06-23 20:12:50,defensive,2026-06-23
자사주,"어로트 커뮤니케이션, 4000만 달러 자사주 매입 승인…주주환원 강화 나서",2026-06-23 20:10:40,defensive,2026-06-23
자사주,"ING 그룹, 10억 유로 자사주 매입 31.5% 진행..주주환원 강화",2026-06-23 19:06:57,defensive,2026-06-23
자사주,"로빈후드 마켓츠, 20억 달러 전환사채 발행·3억 달러 자사주 매입",2026-06-23 19:06:57,defensive,2026-06-23
자사주,"어로트 커뮤니케이션, 최대 4000만 달러 자사주 매입 프로그램 승인",2026-06-23 19:06:27,defensive,2026-06-23
자사주,"올해 자사주 소각 5개월새 43조…금융위, 모든 보유 상장사 공시 강화",2026-06-23 18:27:49,defensive,2026-06-23
자사주,"로빈후드, 20억 달러 전환사채 발행 추진…주식 희석 우려에 투자자 이탈",2026-06-23 17:33:46,defensive,2026-06-23
자사주,"[美공시]애모 뮤니션스, 4분기 및 2026 회계연도 견실한 실적 발표… 상당한 성장과 수익성 개선 강조",2026-06-23 08:44:50,defensive,2026-06-23
자사주,"씨드릴, 자사주 매입 프로그램 연말까지 연장..2억8000만 달러 여력",2026-06-23 05:43:50,defensive,2026-06-23
자사주,"프라이모리스서비스, 재생에너지 6개 프로젝트 비용 초과로 실적 가이던스 대폭 하향 조정",2026-06-23 05:40:30,defensive,2026-06-23
자사주,"프라이모리스 서비스, 2026년 순이익 7,100만~1억100만 달러로 하향",2026-06-23 05:30:19,defensive,2026-06-23
자사주,"사요나 마이닝, 대표이사 자사주 1,230주 매입..내부자 신뢰 신호",2026-06-23 05:12:07,defensive,2026-06-23
자사주,"어댑티브 바이오테크놀로지스, 3억 달러 전환사채 발행..희석 방어 위해 1,450만주 자사주 매입",2026-06-23 05:08:57,defensive,2026-06-23
자사주,"머티리얼라이즈, 6월 셋째주 자사주 4.6만주 매입..총 매입액 478만유로",2026-06-23 05:03:57,defensive,2026-06-23
자사주,"에릭슨, 자사주 480만주 매입..150억 SEK 환원 프로그램 진행",2026-06-22 23:25:42,defensive,2026-06-22
자사주,"비트푸푸, 500만 달러 자사주 매입 프로그램 승인…주주가치 제고 기대",2026-06-22 22:51:51,defensive,2026-06-22
자사주,"리갠드, 대규모 전환사채 발행으로 주식 희석 우려 부각",2026-06-22 22:41:59,defensive,2026-06-22
자사주,"ZTO 익스프레스, 자사주 21.9만주 추가 매입..총 500만 달러 규모",2026-06-22 22:25:49,defensive,2026-06-22
자사주,"페라리, 자사주 매입 2차 트랜치 완료..5억3240만 유로 규모",2026-06-22 22:08:58,defensive,2026-06-22
자사주,"지니어스 그룹, 8일간 3,260만 주 자사주 매입·소각..유통주식 27% 감소",2026-06-22 21:44:47,defensive,2026-06-22
자사주,"비트푸푸, 최대 500만 달러 자사주 매입 프로그램 승인",2026-06-22 21:17:16,defensive,2026-06-22
자사주,"애모, 4분기 매출 1390만 달러..조정 EBITDA 167% 급증",2026-06-22 21:02:54,defensive,2026-06-22
자사주,"리갠드 파머슈티컬스, 5억5천만 달러 규모 전환사채 발행",2026-06-22 20:14:13,defensive,2026-06-22
자사주,"칸준, 2분기 자사주 79만주 매입..533만 달러 집행",2026-06-22 19:19:30,defensive,2026-06-22
자사주,"케이이 홀딩스, 자사주 55만주 매입·소각…주당 5.38달러",2026-06-22 19:17:39,defensive,2026-06-22
자사주,"리 오토, 자사주 149만주 매입..8420만 홍콩달러 규모",2026-06-22 19:04:58,defensive,2026-06-22
자사주,삼전닉스 성과급·사내대출 ‘53조원’ 풀린다고?…‘셔세권’ 집값 비상,2026-06-22 14:54:37,defensive,2026-06-22
자사주,50조 풀린다는데…부동산 흔드는 반도체 호황,2026-06-21 13:08:21,defensive,2026-06-21
자사주,성과급 불만에 더 쪼개진 삼성노조… 세력 불린 동행노조 'DX과반' 확보,2026-06-19 17:44:26,defensive,2026-06-19
자사주,6억 vs 600만원…삼성 非반도체 직원들 ‘검은 옷 출근’,2026-06-19 15:16:26,defensive,2026-06-19
자사주,"알라모스 골드, 2분기 금 생산량 12% 하향..지진·정전 영향",2026-06-19 06:10:54,defensive,2026-06-19
자사주,“중국판 하이닉스가 온다” … 675조원 中 메모리 공룡의 야심,2026-06-19 04:00:00,defensive,2026-06-19
자사주,"루다테크놀로지, AI 데이터센터 기업 지분 인수로 사업 다각화 본격화",2026-06-19 00:01:44,defensive,2026-06-19
자사주,"톨그래스에너지, 1천만 달러 자사주 매입·최대주주 2년 매도금지 약정으로 주목",2026-06-18 23:30:43,defensive,2026-06-18
자사주,"옥신, CEO 다이 쿤의 500만 달러 자사주 매입 계획으로 시장 주목",2026-06-18 22:51:53,defensive,2026-06-18
자사주,"스틸 다이나믹스, 2분기 EPS 3.51~3.55달러 전망..전년比 75%↑",2026-06-18 22:24:22,defensive,2026-06-18
자사주,"옥신, CEO 다이 쿤 최대 500만 달러 자사주 매입 계획",2026-06-18 22:01:51,defensive,2026-06-18
자사주,"AMTD 아이디어 그룹, 자회사 TGE 최대 1,000만 달러 자사주 매입 승인",2026-06-18 21:37:50,defensive,2026-06-18
자사주,"AMTD 디지털, 자회사 TGE 최대 1000만 달러 자사주 매입 승인",2026-06-18 21:32:30,defensive,2026-06-18
자사주,"톨그래스 에너지, 1천만 달러 자사주 매입 승인..최대주주 2년 매도금지 약정",2026-06-18 20:47:48,defensive,2026-06-18
자사주,"시카고 아틀란틱 리얼 이스테이트 파이낸스, 시카고 아틀란틱 BDC와 합병 계약 체결",2026-06-18 20:33:07,defensive,2026-06-18
자사주,"칸준, 자사주 59만주 매입 완료..400만 달러 규모",2026-06-18 20:16:47,defensive,2026-06-18
자사주,"크로거, 1분기 매출 461억 달러·EPS 1.46달러로 두 자릿수 성장",2026-06-18 19:55:05,defensive,2026-06-18
자사주,삼성전자 수원 사업장에 ‘검은 옷’ 사람들이 떼지어…성과급 불만에 집단 캠페인,2026-06-18 19:18:05,defensive,2026-06-18
자사주,[단독] 삼성 DX 직원들 “반도체 후배가 조롱하며 퇴사 종용”…노동부 장관에 민원 릴레이,2026-06-18 08:21:17,defensive,2026-06-18
자사주,"비리비리, 주총서 이사 재선임·자사주 매입 승인",2026-06-18 05:05:43,defensive,2026-06-18
자사주,"칸준, 2분기 자사주 600만주 매입..주당 6.9달러에 소각",2026-06-18 05:04:43,defensive,2026-06-18
자사주,"지니어스그룹, 2,660만주 자사주 소각…유통주식 22% 줄여 주주가치 제고",2026-06-17 22:31:17,defensive,2026-06-17
자사주,"지니어스 그룹, 자사주 2,660만주 소각..유통주식 22% 축소",2026-06-17 22:16:47,defensive,2026-06-17
자사주,"비트고홀딩스, 시총 8% 규모 자사주 매입 프로그램 승인…경영진 저평가 판단 반영",2026-06-17 21:40:35,defensive,2026-06-17
자사주,"비트고 홀딩스, 최대 5000만 달러 규모 자사주 매입 프로그램 승인",2026-06-17 21:04:24,defensive,2026-06-17
자사주,"미래에셋證, 3천억 자사주 매입후 전량소각",2026-06-17 19:56:52,defensive,2026-06-17
자사주,"네오제노믹스, 2억7500만 달러 전환사채 발행..기존 채무 상환",2026-06-17 19:07:41,defensive,2026-06-17
자사주,"[美공시]“레이지보이, 소매 매출 성장과 마진 개선에 힘입어 견조한 4분기 실적 발표”",2026-06-17 09:15:44,defensive,2026-06-17
자사주,"오토존, 15억 달러 자사주 매입 승인..누적 422억 달러 규모",2026-06-17 06:02:32,defensive,2026-06-17
자사주,"레이지보이, 영업이익률 개선·3억 달러 자사주 매입으로 주목",2026-06-17 05:40:31,defensive,2026-06-17
자사주,"레이크프론트 바이오테라퓨틱스, 자사주 3만9천주 955만 유로 매입",2026-06-17 05:29:00,defensive,2026-06-17
자사주,"레이지보이, 2026회계연도 4분기 영업이익률 7.2%..전년비 2.0%p 개선",2026-06-17 05:18:20,defensive,2026-06-17
자사주,"ZTO 익스프레스, 2026년 주총서 이사 재선임·자사주 매입 권한 승인",2026-06-17 05:03:49,defensive,2026-06-17
자사주,"버켄스탁 홀딩, 9억 유로 규모 채권 발행..금리 부담 0.75%p 경감",2026-06-17 01:25:52,defensive,2026-06-17
자사주,"아야 골드 앤 실버, VanEck 금광업주 ETF 편입..글로벌 투자자 유입 기대",2026-06-16 22:47:48,defensive,2026-06-16
자사주,"칸톤스트래티직홀딩스, 최대 5천만 달러 자사주 매입 프로그램 전격 승인",2026-06-16 22:42:38,defensive,2026-06-16
자사주,"칸톤 스트래티직 홀딩스, 최대 5천만 달러 자사주 매입 프로그램 승인",2026-06-16 21:32:15,defensive,2026-06-16
자사주,"미니소 그룹 홀딩, 65만주 자사주 매입 완료..215만 달러 규모",2026-06-16 21:04:24,defensive,2026-06-16
자사주,"밴드위스, 2억7500만 달러 규모 전환사채 발행..2032년 만기",2026-06-16 19:52:11,defensive,2026-06-16
자사주,"ING 그룹, 자사주 175만주 445억원 매입..10억유로 프로그램 27% 달성",2026-06-16 19:06:59,defensive,2026-06-16
자사주,"네오제노믹스, 전환사채 발행 발표 후 주식 희석 우려 확산",2026-06-16 06:40:52,defensive,2026-06-16
자사주,"어댑티브 바이오테크놀로지스, 2억5000만 달러 전환사채 발행 추진",2026-06-16 05:17:47,defensive,2026-06-16
자사주,"엔사인 그룹, 자사주 매입 규모 1억 달러로 확대..6천만 달러 추가 승인",2026-06-16 05:07:56,defensive,2026-06-16
자사주,"머티리얼라이즈, 자사주 9.5만주 추가 매입..발행주식 1.6% 회수",2026-06-16 05:03:45,defensive,2026-06-16
자사주,"RBB 뱅코프, 2500만 달러 자사주 매입 및 4000만 달러 후순위채 상환",2026-06-16 01:39:53,defensive,2026-06-16
자사주,"ZTO 익스프레스, 자사주 500만 달러 추가 매입..누적 1,888만주",2026-06-15 22:00:49,defensive,2026-06-15
자사주,"지니어스 그룹, 660만주 자사주 매입 완료..NAVPS 개선 본격화",2026-06-15 21:47:58,defensive,2026-06-15
자사주,"티지아나라이프사이언시즈, 창립자 체로네 1만5000주 추가 매입..지분율 34.89%로 확대",2026-06-15 20:01:53,defensive,2026-06-15
자사주,"칸준, 자사주 2,433만주 소각..발행주식 2.5% 감소",2026-06-15 19:55:43,defensive,2026-06-15
자사주,"ZKH 그룹, 자사주 매입 프로그램 1년 연장..2027년 6월까지",2026-06-15 19:12:51,defensive,2026-06-15
자사주,"케이이 홀딩스, 정관 개정·이사 재선임·자사주 매입 권한 승인",2026-06-15 19:12:11,defensive,2026-06-15
자사주,"토요타 모터, 자회사 주식 매각 이익 1조2천억 엔 발생",2026-06-15 19:11:31,defensive,2026-06-15
자사주,"리 오토, 1.5억 홍콩달러 규모 자사주 매입..주가 부양 시도",2026-06-15 19:11:00,defensive,2026-06-15
자사주,"버켄스탁 홀딩, 9억 유로 규모 2033년 만기 선순위 채권 발행",2026-06-15 19:09:50,defensive,2026-06-15
자사주,"“2달러 때 받은 주식, 지금은”…스페이스X 상장에 웃은 사람들 따로 있다",2026-06-15 08:32:46,defensive,2026-06-15
자사주,“머스크만 돈 버는 줄 알았는데”…스페이스X 상장 수혜자들 보니,2026-06-15 06:30:03,defensive,2026-06-15
자사주,"FB 뱅코프, 3번째 자사주 매입 프로그램 승인..발행주식 10% 규모",2026-06-13 05:15:51,defensive,2026-06-13
자사주,"서비스코퍼레이션, 자사주 매입 한도 6억 달러 확대로 주주환원 강화",2026-06-13 02:30:38,defensive,2026-06-13
자사주,"디지털 브랜즈 그룹, CEO 70만 달러 추가 자사주 매입",2026-06-13 01:55:48,defensive,2026-06-13
자사주,"레나, 2026년 단기 실적 감소 전망에 투자자 우려 확산",2026-06-13 00:41:27,defensive,2026-06-13
자사주,"웨스턴디지털, 샌디스크 지분 교환과 폭발적 실적 전망에 급부상",2026-06-12 23:21:15,defensive,2026-06-12
자사주,"ING 그룹, TTB 지분 23.1%→19.5% 축소..2억4300만유로 회수",2026-06-12 22:02:53,defensive,2026-06-12
자사주,"레나, 자산 경량화 모델 완성..토지 통제 비중 98% 확대",2026-06-12 22:02:23,defensive,2026-06-12
자사주,"슈퍼 하이 인터내셔널 홀딩, 정관 4차 개정..지배구조 투명성 강화",2026-06-12 20:17:51,defensive,2026-06-12
자사주,"슈퍼 하이 인터내셔널 홀딩, 주총서 자사주 매입·신주발행 권한 승인",2026-06-12 19:45:59,defensive,2026-06-12
자사주,"인벤티바, 2025년 2.8억 유로 순손실 재무제표 승인 예정",2026-06-12 19:24:59,defensive,2026-06-12
자사주,"어센티지 파마 그룹 인터내셔널, RSU 제도 이행 위해 11만주 자사주 매입",2026-06-12 19:02:57,defensive,2026-06-12
자사주,"서비스 코퍼레이션 인터내셔널, 자사주 매입 한도 6억 달러로 확대",2026-06-12 19:02:47,defensive,2026-06-12
자사주,조마조마한 빅테크 ‘레드퀸’ 레이스,2026-06-12 15:25:36,defensive,2026-06-12
자사주,"CJ올리브영, 상장 대신 지주사 합병설 확산되는 이유 [재계톡톡]",2026-06-12 14:21:50,defensive,2026-06-12
자사주,"엠게임 홍등호 부사장·이재창 이사, 자사주 매입…“책임경영 강화”",2026-06-12 12:03:00,defensive,2026-06-12
자사주,“역대급 돈잔치 시작됐다”…분기 순익 2조 전망에 주주환원 ‘끝판왕’ 등극한 금융주는 [오늘 나온 보고서],2026-06-12 09:32:24,defensive,2026-06-12
자사주,"이노베이티브 인더스트리얼 프로퍼티즈, 2.5억 달러 규모 2029년 만기 교환사채 발행",2026-06-12 06:18:42,defensive,2026-06-12
자사주,"레나, 2분기 순이익 3억500만 달러..EPS 1.24달러 기록",2026-06-12 05:50:51,defensive,2026-06-12
자사주,"레인저 에너지 서비스, 1분기 조정 EBITDA 2330만 달러..전년비 38% 급증",2026-06-12 05:32:30,defensive,2026-06-12
자사주,"시에나, 25억 달러 규모 전환사채 발행..2031년 만기",2026-06-12 05:23:49,defensive,2026-06-12
자사주,"제지, 3분기 순이익 401% 급증..디지털 구독 32% 성장",2026-06-12 05:18:59,defensive,2026-06-12
자사주,"어도비, 2026회계연도 2Q 매출 66억달러..전년비 13%↑",2026-06-12 05:10:48,defensive,2026-06-12
자사주,"캐터필러, 분기 배당 12센트 인상..주당 1.63달러",2026-06-12 05:07:58,defensive,2026-06-12
자사주,"엘리멘털알투스로열티즈, 자사주 최대 5% 매입·소각 계획 승인으로 주목",2026-06-12 04:50:48,defensive,2026-06-12
자사주,"페라리, 3.9억 유로 자사주 매입 단행…주주가치 제고 기대",2026-06-12 04:42:47,defensive,2026-06-12
자사주,"페라리, 자사주 14만주 추가 매입..3.9억 유로 투입",2026-06-12 04:02:56,defensive,2026-06-12
자사주,"페로비알, 중간배당 4억 유로 지급..주당 0.56유로",2026-06-12 01:08:02,defensive,2026-06-12
자사주,매출 20% 성장에도 낮은 이익률·가이던스 불확실성에 발목 잡힌 츄이,2026-06-12 00:12:01,defensive,2026-06-12
자사주,"트랜스알타, 318MW 천연가스 발전소 인수로 중장기 성장 기대감 부각",2026-06-11 23:31:50,defensive,2026-06-11
자사주,"포치 그룹, 자사주 210만주 1,700만 달러 매입 완료",2026-06-11 22:26:49,defensive,2026-06-11
자사주,"킴코 리얼티, 5억 달러 규모 교환가능 채권 발행",2026-06-11 21:42:37,defensive,2026-06-11
자사주,"카인들리MD, 4500만 달러 부채 상환 및 2500만 달러 자사주 매입 승인으로 주목받다",2026-06-11 21:20:55,defensive,2026-06-11
자사주,"카인들리 MD, 4500만 달러 부채 상환..2500만 달러 자사주 매입 승인",2026-06-11 21:15:35,defensive,2026-06-11
자사주,"미니소 그룹 홀딩, 자사주 157만주 추가 매입..누적 2,160만주",2026-06-11 21:02:04,defensive,2026-06-11
자사주,"제리스 파마슈티컬스, 전환사채 2300만 달러 조기상환..연 200만 달러 이자 절감",2026-06-11 20:18:03,defensive,2026-06-11
자사주,"칸준, 자사주 59만주 매입 완료..총 400만 달러 규모",2026-06-11 20:14:42,defensive,2026-06-11
자사주,"엘리멘털 알투스 로열티즈, 최대 5% 자사주 매입 계획 승인",2026-06-11 20:11:52,defensive,2026-06-11
자사주,"뉴스 코퍼레이션, 자사주 768만주 매입..1억9200만 달러 집행",2026-06-11 19:44:51,defensive,2026-06-11
자사주,"호커 퍼니쳐, 1분기 영업이익 160만 달러 흑자전환..매출총이익률 29.6%",2026-06-11 19:07:20,defensive,2026-06-11
자사주,"‘롬앤’ 아이패밀리에스씨, 자사주 90억원 규모 소각",2026-06-11 15:52:56,defensive,2026-06-11
자사주,하이닉스 목표가 ‘껑충’ 왜?…8월 美 증시 상장 기대감 ‘솔솔’,2026-06-11 11:20:52,defensive,2026-06-11
자사주,“머스크 사장님 땡큐!”…스페이스X 직원 400명 1000억대 ‘잭팟’,2026-06-11 10:38:58,defensive,2026-06-11
자사주,"안테릭스, 4분기 매출 19억6000만 달러..전년비 41% 급증",2026-06-11 05:48:10,defensive,2026-06-11
자사주,"어센티지 파마 그룹 인터내셔널, RSU 제도 위해 자사주 19만주 매입",2026-06-11 05:17:47,defensive,2026-06-11
자사주,"스티치 픽스, 3분기 매출 3억4030만 달러·전년비 4.7% 증가",2026-06-11 05:09:07,defensive,2026-06-11
자사주,"로열 뱅크 오브 캐나다, 최대 4,500만주 자사주 매입 승인..발행주식의 3.24%",2026-06-11 00:18:52,defensive,2026-06-11
자사주,"데번에너지, 코테라 인수로 2026년 생산량 138만boe 달성 전망",2026-06-10 23:51:51,defensive,2026-06-10
자사주,"인카넥스 헬스케어, 호주 R&D 세금 환급으로 1,110만 호주달러 무희석 자본 확보",2026-06-10 22:53:40,defensive,2026-06-10
자사주,"프레네틱스 글로벌, 1분기 매출 3600만 달러..전년비 335% 급증",2026-06-10 21:39:57,defensive,2026-06-10
자사주,"인카넥스 헬스케어, 호주 R&D 세금 인센티브로 604만 호주달러 환급",2026-06-10 20:32:55,defensive,2026-06-10
자사주,"코어앤메인, 2026 회계연도 1분기 주당순이익 0.72달러..전년비 5.9%↑",2026-06-10 20:28:55,defensive,2026-06-10
자사주,"위안바오, 1분기 매출 35.6% 증가·AI 성장 동력 부각",2026-06-10 20:11:04,defensive,2026-06-10
자사주,"칸준, 자사주 45만주 매입·소각..주주환원 강화",2026-06-10 20:08:53,defensive,2026-06-10
자사주,"오페라, 반기 배당 주당 0.40달러 지급..총 3,580만 달러 규모",2026-06-10 20:03:42,defensive,2026-06-10
자사주,"위안바오, 1분기 매출 1억9,080만 달러..35.6% 증가",2026-06-10 20:02:02,defensive,2026-06-10
자사주,"DDC 엔터프라이즈, 클래스B 의결권 10배 확대..창업자 지배력 강화",2026-06-10 19:07:01,defensive,2026-06-10
자사주,"바크, 4분기 매출 25% 급감…보수적 가이던스에 투자 심리 위축",2026-06-10 18:10:39,defensive,2026-06-10
자사주,하이닉스 美ADR 8월 상장 전망 … 마이크론 대비 저평가 해소되나,2026-06-10 17:50:34,defensive,2026-06-10
자사주,"웹젠, 109억 규모 자사주 매입…주가도 반등",2026-06-10 16:49:51,defensive,2026-06-10
자사주,삼성전자 ‘성과급 협약’에 칼 빼든 소액주주…주주명부 소송 돌입,2026-06-10 16:20:47,defensive,2026-06-10
자사주,다산네트웍스 “DTS 쪼개기 상장 아냐… 재평가 추진”,2026-06-10 14:47:37,defensive,2026-06-10
자사주,"“하이닉스, 미국 ADR 8월 상장 전망”…증권가, 주가 재평가 기대감",2026-06-10 14:44:40,defensive,2026-06-10
자사주,보유 삼전지분 가치보다 시총 작은 삼성생명…리레이팅 찾아올까,2026-06-10 10:07:54,defensive,2026-06-10
자사주,"레이크프론트 바이오테라퓨틱스, 5천만 유로 규모 자사주 매입 프로그램 개시",2026-06-10 05:56:52,defensive,2026-06-10
자사주,"바크, 4분기 매출 8660만 달러..전년비 25% 감소",2026-06-10 05:13:29,defensive,2026-06-10
자사주,"위프로, 자사주 60억주 매입 계획 발표..1조5000억 루피 투입",2026-06-10 05:02:47,defensive,2026-06-10
자사주,"트랜스알타, 3억5000만 달러 자사주 공모 완료..천연가스 발전소 인수 추진",2026-06-10 05:01:57,defensive,2026-06-10
자사주,"디지털 브랜즈 그룹, CEO 힐 데이비스 공개시장서 자사주 매입",2026-06-10 01:00:54,defensive,2026-06-10
자사주,"아카데미 스포츠, 1분기 어닝서프라이즈에 연간 가이던스까지 상향",2026-06-09 22:42:31,defensive,2026-06-09
자사주,"워크스포트, CEO 보수 7만9618주 주식 수령..현금흐름 개선 자신감",2026-06-09 22:12:00,defensive,2026-06-09
자사주,"K 웨이브 미디어, 자사주 980만주 소각..유통주식 13% 감소",2026-06-09 22:06:50,defensive,2026-06-09
자사주,"엔터프라이즈 파이낸셜 서비스, 1분기 순이익 4940만 달러·EPS 1.30달러 기록",2026-06-09 22:00:10,defensive,2026-06-09
자사주,"아카데미 스포츠 & 아웃도어, 1분기 매출 14억4200만 달러·6.7% 성장",2026-06-09 21:10:08,defensive,2026-06-09
자사주,"미니소 그룹 홀딩, 115만주 3천만 홍콩달러 규모 자사주 매입",2026-06-09 21:03:27,defensive,2026-06-09
자사주,"RELX, 2억 파운드 규모 자사주 매입 프로그램 시행",2026-06-09 20:32:56,defensive,2026-06-09
자사주,기관투자자 의결권 판단자료 조회 쉬워진다,2026-06-09 19:46:41,defensive,2026-06-09
자사주,"ING 그룹, 자사주 매입 23% 완료..총 2억3013만 유로 집행",2026-06-09 19:07:02,defensive,2026-06-09
자사주,주가 저평가 돼있단 ‘한샘’...분기배당·500억 자사주 매입 등 주주환원 강화키로,2026-06-09 19:05:53,defensive,2026-06-09
자사주,"뉴스 코퍼레이션, 10억 달러 자사주 매입 프로그램 갱신",2026-06-09 19:04:52,defensive,2026-06-09
자사주,"펄어비스, 기업가치 제고 계획 공개…배당에 자사주 소각·매입까지",2026-06-09 16:34:34,defensive,2026-06-09
자사주,"펄어비스, 내년부터 배당 시작...연간 100억원 이상",2026-06-09 16:24:23,defensive,2026-06-09
자사주,"피너클 파이낸셜 파트너스, 2분기 조정 매출 12억4천만 달러 전망",2026-06-09 05:33:04,defensive,2026-06-09
자사주,"머티리얼라이즈, 자사주 88.7만주 매입 완료..발행주식 1.5% 규모",2026-06-09 05:25:33,defensive,2026-06-09
자사주,"미션 프로듀스, 2분기 매출 2억9090만 달러..전년比 24% 감소",2026-06-09 05:11:12,defensive,2026-06-09
자사주,"페가시스템즈, 1분기 ACV 14% 증가..15억7800만 달러 달성",2026-06-09 05:09:02,defensive,2026-06-09
자사주,"iQS텔, 최대 100만주 자사주 매입 승인..저평가 시정",2026-06-09 02:12:49,defensive,2026-06-09
자사주,"U.S. 글로벌 인베스터스, 2026년 1분기 EPS 0.21달러로 정정",2026-06-09 00:49:47,defensive,2026-06-09
자사주,"페어아이작, 20억 달러 자사주 매입 프로그램 발표…주주가치 제고 기대",2026-06-08 23:21:15,defensive,2026-06-08
자사주,"디지마크 코퍼레이션, 폴 카레이로 신임 CEO 선임..7월 6일 공식 취임",2026-06-08 23:07:55,defensive,2026-06-08
자사주,"페어 아이작, 20억 달러 자사주 매입 프로그램 승인",2026-06-08 22:22:03,defensive,2026-06-08
자사주,"마이크로스트래티지, 비트코인 84만 코인 돌파…공격적 매수 전략 지속",2026-06-08 22:11:33,defensive,2026-06-08
자사주,"이항홀딩스, 3천만 달러 자사주 매입 프로그램 이사회 승인",2026-06-08 21:21:00,defensive,2026-06-08
자사주,"이항 홀딩스, 3천만 달러 자사주 매입 프로그램 승인",2026-06-08 21:19:00,defensive,2026-06-08
자사주,"바이오엔텍, 10억 달러 규모 자사주 매입 프로그램 발표",2026-06-08 21:02:49,defensive,2026-06-08
자사주,"모토카 파트 오브 아메리카, 4분기 매출 2억1230만 달러·9.9%↑..순익 흑자전환",2026-06-08 21:00:09,defensive,2026-06-08
자사주,"클릭 홀딩스, 3분기 매출 73% 급증..CEO 자사주 5만주 매입",2026-06-08 20:32:28,defensive,2026-06-08
자사주,"ZTO 익스프레스, 6월 1일 자사주 22만주 매입..500만 달러 규모",2026-06-08 20:31:48,defensive,2026-06-08
자사주,"시에나, 20억 달러 전환사채 발행..기존 대출 상환 및 자사주 매입",2026-06-08 20:09:46,defensive,2026-06-08
자사주,"즈후, 5월 자사주 매입 없이 발행주식 2억5090만주 유지",2026-06-08 19:24:45,defensive,2026-06-08
자사주,"리 오토, 자사주 222만주 매입··총 1억3620만 홍콩달러 규모",2026-06-08 19:23:45,defensive,2026-06-08
자사주,"포니 AI, 주주총회서 8개 의안 전부 통과..자사주 매입권한 99.98% 승인",2026-06-08 19:15:44,defensive,2026-06-08
자사주,"케이이 홀딩스, 자사주 72만주 추가 매입..총 1억5862만주 보유",2026-06-08 19:11:44,defensive,2026-06-08
자사주,"칸준, 자사주 84만주 매입·전량 소각..600만 달러 규모",2026-06-08 19:04:53,defensive,2026-06-08
자사주,"BGSF, 1분기 매출 2090만 달러..조정 EPS 0.03달러 기록",2026-06-08 19:02:03,defensive,2026-06-08
자사주,"휴온스글로벌, 주주환원 카드...합병신주 26만주 일반주주에 현물배당",2026-06-08 14:57:24,defensive,2026-06-08
자사주,"현대백화점, 증권사 목표가 상향에 강세…3.14%",2026-06-08 14:41:34,defensive,2026-06-08
자사주,"[美공시]FTI 컨설팅, 3억 7천만 달러 규모의 추가 주식 매입 승인 발표 및 주식 매입 현황 업데이트",2026-06-08 09:02:01,defensive,2026-06-08
지배구조,"카메코, 2025 지속가능성 보고서 발표..원주민 고용 49% 달성",2026.06.26 23:11,defensive,2026-06-26
지배구조,"포르투나 실버 마인스, 연례 주주총회서 8명 이사진 선임..99% 이상 찬성",2026.06.26 19:07,defensive,2026-06-26
지배구조,"카카오게임즈, 4번째 ESG 보고서 발간…지속가능경영 성과 정리",2026.06.26 15:45,defensive,2026-06-26
지배구조,"광동제약, 창사 첫 지속가능경영보고서 발간...“기후변화 대응”",2026.06.26 15:27,defensive,2026-06-26
지배구조,"포스코홀딩스, 그룹 통합 ESG 공시 체계 도입…지속가능경영보고서 발간",2026.06.26 14:04,defensive,2026-06-26
지배구조,"“스페이스X 급락에 IPO시장 신뢰 바닥”...‘1조달러’ 외친 오픈AI, 상장 미루나",2026.06.26 09:21,defensive,2026-06-26
지배구조,"ASP 아이소토프, 복수의결권 주식구조 명문화한 정관 개정안 발표",2026.06.26 06:27,defensive,2026-06-26
지배구조,"뉴 파운드 골드, 주주총회서 이사 6명 선출·마켓메이커 계약 체결",2026.06.26 06:08,defensive,2026-06-26
지배구조,"메이페어 골드, 주주총회서 5명 이사 재선임·감사인 임명",2026.06.26 05:49,defensive,2026-06-26
지배구조,"셀렉티스, 주주총회서 30개 안건 중 29개 채택",2026.06.26 05:36,defensive,2026-06-26
지배구조,"넷이즈, 홍콩 이중주식상장 전환..규제 완화 승인",2026.06.26 05:02,defensive,2026-06-26
지배구조,"발네바, 제틀마이슬 박사 신임 이사회 의장 선임",2026.06.26 00:58,defensive,2026-06-26
지배구조,"지보 홀딩스, 4차 정관 개정 완료..이중 의결권 구조 명문화",2026.06.26 00:28,defensive,2026-06-26
지배구조,"비전 마린 테크놀러지스, 노티컬 벤처스 창립자 로저 무어 은퇴..통합 완료",2026.06.25 22:39,defensive,2026-06-25
지배구조,"JP모건 “코스피, 강세장서 1만5000 간다...조정 때마다 주워 담으라”",2026.06.25 21:29,defensive,2026-06-25
지배구조,"NIP 그룹, 2025년 지속가능성 보고서 발표..AI 도입으로 효율 80% 증대",2026.06.25 19:15,defensive,2026-06-25
지배구조,"460억원 벌고 세금 안낸다...‘LG家 사위’ 투자회사, 법인세 소송 승소",2026.06.25 17:58,defensive,2026-06-25
지배구조,"[기고] 외식업 위기, 배달수수료 탓만 아니다",2026-06-25 17:21:08,defensive,2026-06-25
지배구조,“1만5천피’ 간다”…조정 때 주워담으라는 JP모건,2026-06-25 17:00:39,defensive,2026-06-25
지배구조,유휴 공간이 갤러리로 변했네…개관 1주년 맞은 호텔 이곳의 변화,2026-06-25 15:43:35,defensive,2026-06-25
지배구조,MBK·영풍 “고려아연 감사위원 공개추천 10인 이상 접수”,2026-06-25 14:18:50,defensive,2026-06-25
지배구조,"에이프릴바이오, TKG태광·IMM인베서 3468억 투자 유치",2026-06-25 10:53:16,defensive,2026-06-25
지배구조,"엔씨, 성장 방향성 반영 6번째 지속가능경영보고서 발간",2026-06-25 10:03:45,defensive,2026-06-25
지배구조,"엔씨, 성장·경영 전략 담은 ‘ESG 플레이북 2025’ 발간",2026-06-25 09:46:24,defensive,2026-06-25
지배구조,“추억팔이인가 시장재편인가”..아이오아이·시크릿·씨야 재결합의 두 얼굴 [MK★초점],2026-06-25 06:00:00,defensive,2026-06-25
지배구조,"게임하우스 홀딩스, 클래스B 주식 의결권 15표→50표 확대 안건 상정",2026-06-25 00:14:47,defensive,2026-06-25
지배구조,"니오, 2026년 연례 주주총회 전 안건 통과",2026-06-24 22:03:32,defensive,2026-06-24
지배구조,"젯AI, flyExclusive 인수 승인 위해 주총 7월 2일 재연기",2026-06-24 21:42:32,defensive,2026-06-24
지배구조,"오시스코 디벨롭먼트, 이사진 전원 선임·사명 변경 승인",2026-06-24 21:15:50,defensive,2026-06-24
지배구조,"에너지스 그룹, 케빈 콕스·마이클 라우 포함 5인 이사 선임",2026-06-24 19:17:06,defensive,2026-06-24
지배구조,"다케다 파마슈티컬스, 줄리 김 신임 CEO 선임..이사회 대폭 개편",2026-06-24 19:07:56,defensive,2026-06-24
지배구조,"올라 마이닝, 이큅녹스와 합병 주총 7월 22일 개최..연 190만온스 금 생산 기대",2026-06-24 19:03:15,defensive,2026-06-24
지배구조,"엘도라도 골드, 연례 주총서 이사진 선임 완료..감사인 KPMG 승인",2026-06-24 19:02:15,defensive,2026-06-24
지배구조,"온실가스 줄이고 AI안전은 강화···카카오, 지속가능성 보고서 발간",2026-06-24 14:48:51,defensive,2026-06-24
지배구조,"로코모티브, 행동주의 대응 실전지침서 출간",2026-06-24 12:35:51,defensive,2026-06-24
지배구조,“어? 애플 주가 왜이래?”… 영국서 6조짜리 집단소송 당했다는데,2026-06-24 09:54:37,defensive,2026-06-24
지배구조,"레가토 머저 3, 재무전문가 R. Lynn Atchison 이사회 선임",2026-06-24 06:02:56,defensive,2026-06-24
지배구조,"휘턴 프레셔스 메탈스, 캐나다 최고 지속가능 기업 13위 선정",2026-06-24 00:00:57,defensive,2026-06-24
지배구조,"로마 그린 파이낸스, NXTGrid에 1500만 달러 투자..AI 전력 인프라 확보",2026-06-23 22:46:56,defensive,2026-06-23
지배구조,"워터드롭, 독립이사에 챙치앤페이 선임..감사위원장 겸임",2026-06-23 20:22:00,defensive,2026-06-23
지배구조,한컴인스페이스 ‘인스페이스’로 사명 변경...상장 재추진한다,2026-06-23 16:11:39,defensive,2026-06-23
지배구조,美빅테크 연봉·日철밥통 고용 다달라고?…양손에 떡 쥐려다 다놓친다 [매경포럼],2026-06-23 09:41:05,defensive,2026-06-23
지배구조,"ZTO 익스프레스, TUXI TECH 완전자회사 편입..1,800억원 투입",2026-06-23 06:14:01,defensive,2026-06-23
지배구조,"A.O. 스미스, 스티븐 셰이퍼 신임 이사회 의장 선임",2026-06-23 06:03:01,defensive,2026-06-23
지배구조,"스마트 로지스틱스 글로벌, 7월 주총서 주식 재분류·병합 안건 상정",2026-06-23 05:32:59,defensive,2026-06-23
지배구조,"리토 에코 솔루션즈, 2025년 매출 2.2억 달러·영업손실 2.7억 달러 기록",2026-06-23 05:32:59,defensive,2026-06-23
지배구조,"피플, 딜러 그룹과 의결권 행사 협약 체결..경영권 안정 강화",2026-06-23 05:07:57,defensive,2026-06-23
지배구조,"라이온 그룹 홀딩, 7월 13일 주총 개최..의결권 10배 확대 추진",2026-06-23 05:02:56,defensive,2026-06-23
지배구조,"소피아 제네틱스, 정관 개정으로 자본 유연성 확대 및 지배구조 개선",2026-06-22 21:08:25,defensive,2026-06-22
지배구조,"미니소 그룹 홀딩, 연례 주주총회 전 의안 만장일치 통과",2026-06-22 21:02:44,defensive,2026-06-22
지배구조,"DHT 홀딩스, 2026년 주총서 신임 이사 선임·감사인 재선임 승인",2026-06-22 20:46:54,defensive,2026-06-22
지배구조,"씨알에이치, 아코사 85억 달러 인수..북미 최대 인프라 기업 도약",2026-06-22 20:04:52,defensive,2026-06-22
지배구조,“사내대출도 DSR적용 필요”…대출 우회로까지 막겠다는 금감원장,2026-06-22 19:34:48,defensive,2026-06-22
지배구조,"HF 푸드 그룹, 테일러 브라운 독립이사 선임..이사회 5명 확대",2026-06-22 19:02:58,defensive,2026-06-22
지배구조,하이닉스 합병 뉴스에도 급락…널뛰는 주가 대신 봐야 할 지표는? [너드의 투자법],2026-06-22 18:31:49,defensive,2026-06-22
지배구조,"노동委 원청 판정 '고무줄 잣대' … 기업들, 재심·소송청구 잇따라",2026-06-22 17:47:03,defensive,2026-06-22
지배구조,"모건스탠리 ""반도체發 수출 호황, 내년말까지 간다""",2026-06-22 17:46:14,defensive,2026-06-22
지배구조,[충무로에서] 반복된 금융사 회장 연임…당국 압박만으론 못 바꿔,2026-06-22 17:38:20,defensive,2026-06-22
지배구조,"""사내대출도 DSR 적용 필요""",2026-06-22 17:30:21,defensive,2026-06-22
지배구조,[매경포럼] 양손에 떡을 쥘 순 없다,2026-06-22 16:59:22,defensive,2026-06-22
지배구조,환경보건기술연구원 ‘매체접촉형 재활용환경성평가’ 승인 획득,2026-06-22 16:27:15,defensive,2026-06-22
지배구조,“회사 비전부터 추천 맛집까지”…직원 소통 나선 진승욱 대신證 대표,2026-06-22 15:47:53,defensive,2026-06-22
지배구조,"창립 64주년 맞은 대신증권…진승욱 대표, 임직원과 첫 소통 행보",2026-06-22 13:59:28,defensive,2026-06-22
지배구조,하이닉스 합병 뉴스에도 급락 … 널뛰는 주가 대신 봐야 할 지표는?,2026-06-22 05:00:00,defensive,2026-06-22
지배구조,“코인 거래소에서 주식을”…800억 베팅받은 ‘4자 연합’ 청사진,2026-06-21 18:00:40,defensive,2026-06-21
지배구조,"""AI로 행정을 혁신한다""…행정학회 학술대회 부산서 개최",2026-06-21 17:31:29,defensive,2026-06-21
지배구조,"""코스닥 1부 리그 기준에 '성장성'도 반영""",2026-06-21 17:25:58,defensive,2026-06-21
지배구조,"""반갑다, 금리 상승"" 보험株 역대급 랠리",2026-06-21 17:25:02,defensive,2026-06-21
지배구조,[단독] “우량·부실 섞인 코스닥 수술”…1부 승격에 ‘실적 성장세’ 도입 검토,2026-06-21 15:58:26,defensive,2026-06-21
지배구조,갑자기 법인 계좌 동결? — 트럼프가 한국 기업에 던지는 경고 [김앤배의 X파일 - 미국법 이기는 법],2026-06-20 13:32:57,defensive,2026-06-20
지배구조,"딜로이트ㆍ지평ㆍ유니코써치, ‘이사회의 책임과 전략: 변화하는 경영 환경의 대응’ 세미나 성료",2026-06-19 18:58:36,defensive,2026-06-19
지배구조,"[단독] ""술마시면 현장 출입금지""가 사용자 판정 근거라니…",2026-06-19 17:52:49,defensive,2026-06-19
지배구조,[단독] 보스턴다이내믹스 100% 현대車 품에,2026-06-19 17:52:48,defensive,2026-06-19
지배구조,"[단독] 현대차, 피지컬AI 완전독립 … 그룹 지배구조 개편도 '드라이브'",2026-06-19 17:46:30,defensive,2026-06-19
지배구조,"산재예방 위해 폭염휴게소 지었더니 … 노동위 ""원청 지배력 인정""",2026-06-19 17:41:00,defensive,2026-06-19
지배구조,"[단독] 현대車, 보스턴다이내믹스 100% 품다…美증시 상장 속도낼듯",2026-06-19 17:33:36,defensive,2026-06-19
지배구조,"이영표 “실점 제외 ,모든 게 좋아 아쉬운 경기”...이제 ‘운명의 남아공전’으로",2026-06-19 14:21:30,defensive,2026-06-19
지배구조,외래관광객 소비 2조원 시대…AI가 관리하는 ‘탄소중립 숙소’ 뜬다,2026-06-19 13:00:00,defensive,2026-06-19
지배구조,"한투운용 ‘글로벌반도체TOP4Plus’, 첫 10만원 돌파…국내 반도체 ETF 중 최단기",2026-06-19 10:12:05,defensive,2026-06-19
지배구조,"[단독] 현대차그룹, 보스턴다이내믹스 지분 더 산다…100% 소유 자회사로",2026-06-19 09:47:15,defensive,2026-06-19
지배구조,"콘탱고 오어, 2027년 임기 신임 이사진 7명 선임",2026-06-19 06:01:53,defensive,2026-06-19
지배구조,"브로드웨이 파이낸셜, 티나 케어우 CLO 겸 기업비서 신규 임명",2026-06-19 05:50:22,defensive,2026-06-19
지배구조,"레드와이어, 주주 파생소송 합의..지배구조 개혁 5년 이행",2026-06-19 05:21:01,defensive,2026-06-19
지배구조,정부 환율대책 ‘약발’이 안 먹히는 까닭,2026-06-19 05:00:00,defensive,2026-06-19
지배구조,“스페이스X? 너무 비싸 한 주도 안 산다” … 가치평가 대가의 일침,2026-06-19 04:05:00,defensive,2026-06-19
지배구조,"IM 카나비스, 유럽 사업부 매각으로 1050만 캐나다달러 부채 경감",2026-06-18 20:58:58,defensive,2026-06-18
지배구조,"사텔로스 바이오사이언스, 주총서 이사진 전원 재선임",2026-06-18 19:02:53,defensive,2026-06-18
지배구조,중복투자 차단 위해 발전공기업 통합 … 공공기관 통폐합 '신호탄',2026-06-18 17:53:01,defensive,2026-06-18
지배구조,"""삼전닉스 열풍 덕에 금융선진화""",2026-06-18 17:05:48,defensive,2026-06-18
지배구조,얼라인 “해외 의결권 자문사 韓 권고 기준 내실화 필요”,2026-06-18 15:43:55,defensive,2026-06-18
지배구조,엇갈린 반도체 투심…초고수는 하이닉스 팔고 삼성전자 샀다 [주식 초고수],2026-06-18 15:18:13,defensive,2026-06-18
지배구조,"장애인 고용·창작 지원…세종텔레콤·세종네트웍스, ‘홍익인간’ 가치 확산",2026-06-18 14:29:02,defensive,2026-06-18
지배구조,배민·쿠팡 ‘3000억 상생안’ 내놨지만…공정위 동의의결 ‘기각’,2026-06-18 12:53:58,defensive,2026-06-18
지배구조,"디지털 브랜즈 그룹, 710만주 워런트 취소..주주 권익 보호 조치",2026-06-18 06:29:58,defensive,2026-06-18
지배구조,"사텔로스 바이오사이언스, 주총서 이사 10명 선임..PwC 감사 재선임",2026-06-18 06:02:57,defensive,2026-06-18
지배구조,"바이오덱사 파마슈티컬스, 정기주주총회 의결정족수 미달로 6월 30일 연기",2026-06-18 05:52:47,defensive,2026-06-18
지배구조,"세멘토스 파카스마요, 모회사 자회사 통한 공개매수 면제 요청",2026-06-18 05:37:56,defensive,2026-06-18
지배구조,"삼정KPMG, 신임 파트너 18명 승진 인사 발표",2026-06-18 00:08:24,defensive,2026-06-18
지배구조,"라르고 리소시즈, 5명 이사회 구성 완료..주식보상계획 개정 승인",2026-06-17 22:05:56,defensive,2026-06-17
지배구조,"웰체인지 홀딩스, 7월 6일 주총서 클래스B 의결권 35표→100표 확대",2026-06-17 20:36:53,defensive,2026-06-17
지배구조,"빅 디지털 에너지, 나스닥 상장유지 확정..자기자본 요건 충족",2026-06-17 20:06:52,defensive,2026-06-17
지배구조,"토요타 모터, 2026년 거버넌스 보고서 공개..감사위원회 신설",2026-06-17 19:06:30,defensive,2026-06-17
지배구조,"아우라 미네랄스, 주총서 이사진 재선임·정관 개정 승인",2026-06-17 19:03:50,defensive,2026-06-17
지배구조,"與, 국민연금 기금운용 분리 논의",2026-06-17 17:45:42,defensive,2026-06-17
지배구조,[기고] 163개국과 공조 …'탈세 성역' 더이상 없다,2026-06-17 17:43:18,defensive,2026-06-17
지배구조,美비자벽에 좌절한 해외인재…100명만 데려와도 K과학 살아난다,2026-06-17 16:56:52,defensive,2026-06-17
지배구조,"與, 국민연금 지배구조 개혁 공론화…기금운용 기능 분리 등 방안 제시",2026-06-17 16:28:15,defensive,2026-06-17
지배구조,252만원 뚫은 SK하이닉스…SK스퀘어도 함께 날았다 [매경 자이앤트],2026-06-17 16:23:07,defensive,2026-06-17
지배구조,"타임폴리오자산운용, 차문현 각자대표 선임...ETF 3개 본부 재편",2026-06-17 10:52:32,defensive,2026-06-17
지배구조,"퍼펙트 모먼트, 팀 닉스도르프 이사 경영전략 이견으로 사임",2026-06-17 06:21:43,defensive,2026-06-17
지배구조,“총수는 김범석인가 법인인가”…쿠팡-공정위 법정 공방 본격화,2026-06-16 22:45:53,defensive,2026-06-16
지배구조,"프레이트카 아메리카, 브래들리 픽카드 독립이사 선임",2026-06-16 20:33:53,defensive,2026-06-16
지배구조,"주롱 홀딩, 신임 독립이사 선샨 쑨 선임..거버넌스 강화",2026-06-16 20:31:52,defensive,2026-06-16
지배구조,"비트벤처스, 2026 회계연도 상반기 474만 달러 흑자전환..전자상거래 및 암호화폐 채굴 본격화",2026-06-16 19:09:59,defensive,2026-06-16
지배구조,"에이지아이, 자회사 에이지아은행 무디스 신용등급 AA.br로 상향",2026-06-16 19:03:47,defensive,2026-06-16
지배구조,"콜렉티브 마이닝, 경영진 추천 이사 5명 99.4% 찬성률로 선임",2026-06-16 19:02:57,defensive,2026-06-16
지배구조,"콘트롤라도라 부엘라 콤파니아 지 아비아시옹, 이사 앤드류 브로더릭 사임 발표",2026-06-16 19:02:27,defensive,2026-06-16
지배구조,"[오상준의 GOLF & CULTURE] MBTI로 풀어본 골프 코스, 내 성향과 궁합이 맞는 코스는 어디일까",2026-06-16 18:35:55,defensive,2026-06-16
지배구조,내달 중복상장 금지 앞두고 알짜 품은 지주사에 '눈길',2026-06-16 17:48:06,defensive,2026-06-16
지배구조,“이번 FOMC서 금리인하 언급 사라질 것 … 연내 인상 가능성 커져”,2026-06-16 16:19:07,defensive,2026-06-16
지배구조,“별점 인질 잡혀 탈퇴도 못한다”…배달앱 노예 된 동네식당 속사정,2026-06-16 13:44:05,defensive,2026-06-16
지배구조,중노위 “급식 하청과도 교섭해야”…한화오션 사용자성 인정,2026-06-16 13:33:21,defensive,2026-06-16
지배구조,7월부터 ‘중복상장’ 금지…알짜 자회사 품은 지주사 재평가 본격화 기대,2026-06-16 09:39:14,defensive,2026-06-16
지배구조,"콜렉티브 마이닝, 주주총회서 5인 이사진 선임..보상체계 개편안 승인",2026-06-16 05:17:47,defensive,2026-06-16
지배구조,"포어사이트 오토노머스 홀딩스, 7월 23일 주총 개최..VisionWave와 전략적 지분 거래 승인 예정",2026-06-16 05:03:25,defensive,2026-06-16
지배구조,"제타 네트워크 그룹, 나스닥 자국법 준수 선택으로 지배구조 규정 면제 승인",2026-06-16 05:02:45,defensive,2026-06-16
지배구조,"캐나디안 임페리얼 뱅크 오브 커머스, 이사회 권한·책임 명문화한 보드 매니데이트 공개",2026-06-16 01:55:03,defensive,2026-06-16
지배구조,김종철 방미통위원장 “구글·애플 인앱결제 과징금 조만간 공식화”,2026-06-15 15:49:22,defensive,2026-06-15
지배구조,"타임폴리오, 차문현 부사장 대표 승진…각자대표 체제 구축",2026-06-15 10:02:27,defensive,2026-06-15
지배구조,“삼성전자가 성장을 지원합니다”…‘C랩 아웃사이드’ 9기 스타트업 모집,2026-06-15 09:00:00,defensive,2026-06-15
지배구조,"중복상장 ‘원칙 금지’ 시대, 무거워진 이사회의 책임 [바른 컴플라이언스리포트]",2026-06-15 07:00:00,defensive,2026-06-15
지배구조,"아야 골드 앤 실버, 연례 주총서 이사진 선임 및 경영진 보상안 승인",2026-06-13 00:30:57,defensive,2026-06-13
지배구조,"에바 라이브, 스파이로 시니어리빙 51% 지분 확보..시니어 헬스케어 시장 본격 진출",2026-06-12 22:37:04,defensive,2026-06-12
지배구조,"인터그레이티드 미디어 테크놀러지, 주총서 이사 선임·스톡옵션 안건 승인",2026-06-12 21:36:53,defensive,2026-06-12
지배구조,"아칸다, 나스닥 상장 규정 준수 회복..연례보고서 제출 완료",2026-06-12 21:08:02,defensive,2026-06-12
지배구조,"큐엑스오, TopBuild 인수 위해 12억5000만 달러 채권 조기 매입",2026-06-12 20:06:10,defensive,2026-06-12
지배구조,"브레마 호텔&리조트, 자문계약 종료·자체경영 전환..연 2,500만 달러 비용 절감",2026-06-12 19:07:58,defensive,2026-06-12
지배구조,"데카르트 시스템스 그룹, 연례 주총서 이사진 전원 선임..86% 참여율",2026-06-12 19:01:57,defensive,2026-06-12
지배구조,“우주 로켓 회사인줄 알았더니 AI 제국” … 스페이스X의 진짜 정체,2026-06-12 19:01:20,defensive,2026-06-12
지배구조,中 하청 공장의 기적…매출 15조 훌쩍 [케이스스터디],2026-06-12 15:31:58,defensive,2026-06-12
지배구조,"대한항공·아시아나, 함께 도심 숲 가꿨다",2026-06-12 14:23:54,defensive,2026-06-12
지배구조,"실적 부진 SSG닷컴 지분, 신세계·이마트가 되산다 [재계톡톡]",2026-06-12 14:20:34,defensive,2026-06-12
지배구조,[Book] 오늘과 똑 닮은 100여 년 전… 역사의 경고,2026-06-12 11:29:51,defensive,2026-06-12
지배구조,"나노 디멘션, 7월 31일 임시주총 개최..경영권 방어 본격화",2026-06-12 05:24:09,defensive,2026-06-12
지배구조,"플래그스타 파이낸셜, 2026년 주총서 4개 안건 전부 가결",2026-06-12 05:05:48,defensive,2026-06-12
지배구조,"비트제로 홀딩스, 이사회 개편..바카쉬와인 신임 의장 선임",2026-06-12 01:43:43,defensive,2026-06-12
지배구조,"웰체인지 홀딩스, 클래스B 의결권 100배·주식 400대1 병합 추진",2026-06-11 20:02:02,defensive,2026-06-11
지배구조,"이튼, 모빌리티 그룹 다나와 합병 분사··11억 달러 현금 확보",2026-06-11 19:41:51,defensive,2026-06-11
지배구조,[매경춘추] 팬덤 리더십,2026-06-11 17:21:21,defensive,2026-06-11
지배구조,스페이스X 상장 카운트다운…오후에도 미래에셋증권 매수 ‘올인’ [주식 초고수는 지금],2026-06-11 15:36:13,defensive,2026-06-11
지배구조,KKR “韓 아시아 최고 저평가 투자처…추가 상승여력 충분”,2026-06-11 14:33:02,defensive,2026-06-11
지배구조,"㈜엠에스씨, 글로벌 ESG 평가 ‘에코바디스 골드 메달’ 획득…메달 전달식 개최",2026-06-11 11:22:23,defensive,2026-06-11
지배구조,CXMT 상장에도 끄떡없다는데…‘53만전자’ 간다고?,2026-06-11 10:52:26,defensive,2026-06-11
지배구조,"[美공시]Equipmentshare.Com Inc, 상장 기업으로서의 성장을 뒷받침하기 위해 데미안 지안자코모와 할리 밀러를 이사회 이사로 선임",2026-06-11 08:40:20,defensive,2026-06-11
지배구조,“中굴기 끝나간다…미국 추월은커녕 격차 벌어질것” 미래학자의 예언,2026-06-11 06:06:44,defensive,2026-06-11
지배구조,"도세보, 이사 7명 선임 및 KPMG LLP 감사인 선정",2026-06-11 05:11:47,defensive,2026-06-11
지배구조,하락장서 수익률 300% … 코스닥에 이만한 독점 기업이,2026-06-11 04:00:00,defensive,2026-06-11
지배구조,"메달리온 파이낸셜, 이사진 재선임으로 경영 안정성 확보",2026-06-10 21:48:17,defensive,2026-06-10
지배구조,"오션골드, 2026년 주주총회서 임원진 선임 완료..온라인 총회 도입",2026-06-10 19:04:40,defensive,2026-06-10
지배구조,[매경이코노미스트] '중복상장' 규제보다 시장에 맡겨라,2026-06-10 17:53:03,defensive,2026-06-10
지배구조,"""中메모리 CXMT 상장땐 오히려 삼전 돋보일것""",2026-06-10 17:50:33,defensive,2026-06-10
지배구조,中굴기 끝나가 … 美와 격차 더 벌어질것,2026-06-10 17:23:17,defensive,2026-06-10
지배구조,[美공시]슈퍼 마이크로 컴퓨터: 관련자 거래의 위험 요인 및 이해 상충,2026-06-10 08:49:57,defensive,2026-06-10
지배구조,“중국 라이벌 상장은 오히려 삼전 돋보일 기회…영업익 100조 간다” [오늘 나온 보고서],2026-06-10 08:46:45,defensive,2026-06-10
지배구조,"브룩필드 애셋 매니지먼트, 미쓰비시와 4억 유로 규모 재생에너지 합작법인 설립",2026-06-10 05:32:00,defensive,2026-06-10
지배구조,"한미약품 모녀 백기사 라데팡스, 오스코텍 지배구조 개선 참여",2026-06-09 18:26:22,defensive,2026-06-09
지배구조,"[기고] 통화주권 지킬 골든타임, 끝나가고 있다",2026-06-09 17:29:57,defensive,2026-06-09
지배구조,성과급 분쟁의 본질: 무엇이 공정한 잣대인가 [광장 노동산책],2026-06-09 07:00:00,defensive,2026-06-09
지배구조,"케이시스 제너럴 스토어스, 콜게이트 CFO 수툴라 신규 이사 선임",2026-06-09 05:29:53,defensive,2026-06-09
지배구조,"제임스 리버 그룹 홀딩스, 라지브 바수 독립이사 선임·감사위원장 임명",2026-06-09 05:07:01,defensive,2026-06-09
지배구조,"아메리칸 뱅가드, 2026년 주총서 이사 7명 선임·회계법인 재선임 승인",2026-06-09 05:05:31,defensive,2026-06-09
지배구조,"폴리라이즌, 7월 정기주총 개최..이사 재선임·보상정책 개정 안건 상정",2026-06-09 05:01:50,defensive,2026-06-09
지배구조,"“로봇, 이미 깊숙히 들어왔다” … 휴머노이드시장 지배자는?",2026-06-09 04:00:00,defensive,2026-06-09
지배구조,"시브릿지 골드, 2025년 지속가능성 보고서 발표..안전·ESG 목표 달성",2026-06-08 23:53:56,defensive,2026-06-08
지배구조,"인터콘트 (CAYMAN), 클래스B 신주 195만 달러 발행..의결권 100배로 확대",2026-06-08 22:03:02,defensive,2026-06-08
지배구조,"포어사이트 오토노머스 홀딩스, VisionWave로부터 1750만 달러 전략적 투자 유치",2026-06-08 22:01:52,defensive,2026-06-08
지배구조,"비트마인 이머전 테크놀로지, ETH 554만 토큰 보유..총 자산 96억 달러",2026-06-08 21:47:02,defensive,2026-06-08
지배구조,"이렌다이, 닝 탕 대표 지분율 82%로 확대··지배구조 강화",2026-06-08 21:07:50,defensive,2026-06-08
지배구조,"트웬티원 캐피털, 폴 랄리 독립이사 선임..감사위원회 재구성 완료",2026-06-08 19:24:15,defensive,2026-06-08
지배구조,심사 문턱 높이고 포상은 늘리고… 국민체육진흥공단 ‘체육시설 안전 인증’ 공모 시작,2026-06-08 15:36:31,defensive,2026-06-08
지배구조,"“보여주기식 봉사는 그만”…하이트진로 환경정화활동, ‘ESG 모범사례’로 거듭나",2026-06-08 15:00:36,defensive,2026-06-08
지배구조,[Issue Pick]‘UFO’는 존재하는가? 100년 동안 외계의 답을 기다려온 인류,2026-06-08 11:31:37,defensive,2026-06-08
지배구조,"롯데스카이힐CC 부여-한국주니어골프협회, 한국 골프 미래 위한 업무협약 체결",2026-06-08 09:55:05,defensive,2026-06-08
지배구조,"PEF 칼라일, 청호나이스 인수계약 체결",2026-06-07 20:04:48,defensive,2026-06-07
지배구조,개인 주도 ‘리테일 머니’ 미래는,2026-06-05 10:29:24,defensive,2026-06-05
현금흐름,"워크스포트, 나스닥 최저가 요건 충족으로 상장폐지 위기 해소",2026.06.26 22:51,defensive,2026-06-26
현금흐름,"롄허 소웰 인터내셔널 그룹, 16대1 주식병합 단행..나스닥 상장 유지 전략",2026.06.26 20:06,defensive,2026-06-26
현금흐름,"이렌다이, 1분기 순손실 7170만 달러..매출 41% 급감",2026.06.26 20:02,defensive,2026-06-26
현금흐름,"OMS 에너지 테크놀로지스, 2026년 영업현금흐름 5410만 달러로 역대 최대",2026.06.26 06:18,defensive,2026-06-26
현금흐름,"메이페어 골드, 주총서 이사진 재선임·47만5000주 스톡옵션 부여",2026.06.26 06:11,defensive,2026-06-26
현금흐름,"밀레니엄 그룹 인터내셔널 홀딩스, 상반기 매출 23% 감소·330만 달러 적자",2026.06.26 05:31,defensive,2026-06-26
현금흐름,"페덱스 프레이트 홀딩, 4분기 매출 24억 달러..영업이익 67% 급감",2026.06.26 05:17,defensive,2026-06-26
현금흐름,재개발 입주권이 17억 … 이문동 재개발 지금 사도 남는게 있을까,2026.06.26 04:05,defensive,2026-06-26
현금흐름,"인테그라 리소시즈, 플로리다 캐년 금광 매장량 74%↑·생산 2033년까지 연장",2026.06.26 00:28,defensive,2026-06-26
현금흐름,"하트테스트래버러토리즈, 포티튜드 마이닝과 합병 계약 체결로 급등",2026.06.25 23:12,defensive,2026-06-25
현금흐름,"사이토소벤츠, 1분기 매출 890만 달러..전년비 2% 증가",2026.06.25 22:28,defensive,2026-06-25
현금흐름,"H.B. 풀러, 2분기 조정 EPS 1.41달러..전년비 19%↑",2026-06-25 21:32:40,defensive,2026-06-25
현금흐름,"피트니 보우스, 3억5000만 달러 선순위 채권 전액 상환..재무구조 개선",2026-06-25 21:13:49,defensive,2026-06-25
현금흐름,"워크스포트, 나스닥 최저가 요건 충족..5월 매출총이익률 35%로 급등",2026-06-25 21:03:58,defensive,2026-06-25
현금흐름,"어큐어티 브랜즈, 3분기 순매출 12억 달러·EPS 4.56달러로 46% 급증",2026-06-25 20:30:47,defensive,2026-06-25
현금흐름,"블랙베리, 9년 만에 영업 현금흐름 플러스 전환…매출·EBITDA 동반 급증",2026-06-25 20:21:06,defensive,2026-06-25
현금흐름,"하이브 블록체인 테크놀러지스, 스웨덴 기업과 25MW HPC 시설 10년 임대 계약 체결",2026-06-25 20:20:46,defensive,2026-06-25
현금흐름,"하이랜더 실버, 코라니 은 프로젝트서 대규모 광물 시스템 확인",2026-06-25 20:02:05,defensive,2026-06-25
현금흐름,"유펙시, 1,950만 달러 부채 전액 상환…재무 건전성 강화",2026-06-25 17:40:41,defensive,2026-06-25
현금흐름,반도체 특수로 미술시장도 훈풍 부나…‘화랑미술제 in 수원’ 가 보니,2026-06-25 15:48:44,defensive,2026-06-25
현금흐름,“AI 크레딧 시장 위험 누적… 옥석가리기 필수”,2026-06-25 13:05:45,defensive,2026-06-25
현금흐름,"“업계 최고 재무안정성 입증”…DL이앤씨, 8년 연속 ‘AA-’",2026-06-25 09:55:04,defensive,2026-06-25
현금흐름,"[美공시]메소드 일렉트로닉스, 2026 회계연도 호실적 발표 및 2027년 지속적 성장에 대한 낙관적인 전망 제시",2026-06-25 08:39:28,defensive,2026-06-25
현금흐름,"워크스포트, 주당 1.20달러 직접투자 유치..최근가 대비 100% 프리미엄",2026-06-25 06:22:06,defensive,2026-06-25
현금흐름,"메소드일렉트로닉스, 4분기 흑자전환 성공…2027년 매출 가이던스도 상향",2026-06-25 05:20:43,defensive,2026-06-25
현금흐름,"메소드 일렉트로닉스, 4분기 매출 2억9800만 달러..전년비 15.9% 증가",2026-06-25 05:19:13,defensive,2026-06-25
현금흐름,"마이크론 테크놀러지, 3분기 매출 415억 달러..전년비 346% 급증",2026-06-25 05:05:42,defensive,2026-06-25
현금흐름,"타이탄마이닝, 4위 아연 생산업체 목표 발표에도 수치 가이던스 부재로 시장 외면",2026-06-24 23:02:35,defensive,2026-06-24
현금흐름,"허드베이 미네랄스, 아리조나 소노란 인수 완료..2030년 구리 생산 2배 확대",2026-06-24 22:49:04,defensive,2026-06-24
현금흐름,"페이첵스, 4분기 EPS 1.17달러..전년비 43% 급증",2026-06-24 21:41:21,defensive,2026-06-24
현금흐름,"코트사이드 그룹, 4분기 매출 1570만 달러..조정EBITDA 109% 급증",2026-06-24 21:32:51,defensive,2026-06-24
현금흐름,"오리온 디지털, 연례 주총서 이사 전원·감사 재임 승인",2026-06-24 19:05:56,defensive,2026-06-24
현금흐름,"엘도라도 골드, 주총서 전 이사진 선임·스쿠리 금광 생산 임박",2026-06-24 19:04:35,defensive,2026-06-24
현금흐름,"[美공시]ASP 아이소토프, 남아프리카공화국 버지니아 가스 프로젝트의 헬륨 공급에 관한 첫 번째 ‘테이크-오어-페이(Take-or-Pay)’ 계약 체결 발표",2026-06-24 08:25:41,defensive,2026-06-24
현금흐름,"[美공시]워딩턴 인더스트리, 2026 회계연도 4분기 및 연간 실적 호조 발표…상당한 성장과 전략적 인수합병 성과 부각",2026-06-24 08:22:01,defensive,2026-06-24
현금흐름,"형식적 RBA를 넘어, 설명 가능한 위험평가로 [화우 자금세탁방지인사이트]",2026-06-24 07:00:00,defensive,2026-06-24
현금흐름,"하트 테스트 래버러토리즈, 포티튜드와 합병 계약 체결",2026-06-24 06:17:49,defensive,2026-06-24
현금흐름,"아이콘, 1분기 매출 20억3000만 달러..전년비 0.9% 증가",2026-06-24 05:24:04,defensive,2026-06-24
현금흐름,"퀴델, 미카 영 신임 CFO 선임..재무 건전성 강화 본격화",2026-06-24 05:05:52,defensive,2026-06-24
현금흐름,"실버코프메탈스, 키르기스스탄 광산 2억 달러 투자 발표…단기 현금 부담 우려",2026-06-23 22:44:06,defensive,2026-06-23
현금흐름,"ESS 테크, 나트륨이온 배터리 개발 가속화..10억달러 규모 초기 수요 확보",2026-06-23 21:38:53,defensive,2026-06-23
현금흐름,"메탈라 로열티 & 스트리밍, 2026 자산 핸드북 공개..100개 로열티 포트폴리오 강조",2026-06-23 20:02:59,defensive,2026-06-23
현금흐름,"스키나 리소시스, 주총서 이사 재선임·인센티브 플랜 99% 찬성 승인",2026-06-23 19:31:59,defensive,2026-06-23
현금흐름,"단 하루에 610조 증발했다…‘자금 블랙홀’ 스페이스X, 무슨 발표했길래",2026-06-23 18:53:15,defensive,2026-06-23
현금흐름,대규모 회사채 발행에…스페이스X 16% 급락,2026-06-23 17:53:48,defensive,2026-06-23
현금흐름,반도체 극한 쏠림의 결말? … 닷컴버블 돌아보면 미래가 보인다,2026-06-23 15:06:28,defensive,2026-06-23
현금흐름,"KB국민은행, 주담대 한도 줄인다…모기지 신용보증·보험 가입 중단",2026-06-23 13:37:30,defensive,2026-06-23
현금흐름,"C3IS, 1대1000 역주식병합 승인 안건 상정",2026-06-23 06:01:51,defensive,2026-06-23
현금흐름,"퍼블릭 스토리지, 캐나다 자회사 12억 달러에 인수..2026년 하반기 완료",2026-06-23 05:36:39,defensive,2026-06-23
현금흐름,"코스모스 에너지, 1분기 매출 3.5억 달러·손실 1.6억 달러..손실폭 29% 축소",2026-06-23 05:34:59,defensive,2026-06-23
현금흐름,“길음동 월세 맞아?” … 국평 보증금 5억에 180만원 찍었다,2026-06-23 04:10:00,defensive,2026-06-23
현금흐름,"워크스포트, 매출총이익률 2년새 24%p 개선…마이어 디스트리뷰팅 파트너십으로 성장 가속",2026-06-22 21:30:47,defensive,2026-06-22
현금흐름,"워크스포트, 5월 매출총이익률 35% 달성..2년새 24%p 개선",2026-06-22 21:04:05,defensive,2026-06-22
현금흐름,"아르코사, CRH에 85억 달러 인수 합의..주당 150달러",2026-06-22 20:23:03,defensive,2026-06-22
현금흐름,"호크아이360, 1분기 매출 4980만 달러..전년비 117% 급증",2026-06-22 20:09:52,defensive,2026-06-22
현금흐름,"노보닉스, 유상증자로 1억2933만주 발행..총 발행주식 9억9156만주로 확대",2026-06-22 19:57:51,defensive,2026-06-22
현금흐름,"실버코프 메탈스, 중국 허난성 잉 광산 NI 43-101 기술보고서 제출",2026-06-22 19:41:01,defensive,2026-06-22
현금흐름,“무릎에서 사야 하는데 나는 왜 상투만 잡지?” … AI가 내놓은 해법은,2026-06-21 11:24:24,defensive,2026-06-21
현금흐름,“2030년 가장 매력적인 완성차로”…폭스바겐그룹 8대 전략 제시,2026-06-19 12:30:14,defensive,2026-06-19
현금흐름,"롯데건설, 1분기 영업익 13배 증가…재무 안정 속도",2026-06-19 10:43:45,defensive,2026-06-19
현금흐름,"메이페어 골드, 페인-깁 프로젝트 시추 결과 예상보다 2% 많은 금속 확인",2026-06-19 06:11:54,defensive,2026-06-19
현금흐름,"트리니티 바이오테크, 1분기 매출 1080만 달러..전년비 43%↑",2026-06-19 03:22:18,defensive,2026-06-19
현금흐름,"제타 네트워크 그룹, 2025년 하반기 매출 1,690만 달러·주당 170달러 적자",2026-06-19 00:14:55,defensive,2026-06-19
현금흐름,"오디오아이, 20년 경력 재무전문가 매튜 도마이어 CFO 임명",2026-06-18 21:52:51,defensive,2026-06-18
현금흐름,"그레이엄, 2027 회계연도 매출 17.9% 증가·2억8900만 달러 전망",2026-06-18 21:02:18,defensive,2026-06-18
현금흐름,"앤필드 에너지, 우라늄·밴듐 생산 PEA 발표..세전 NPV 6억달러",2026-06-18 20:38:07,defensive,2026-06-18
현금흐름,"""스태그플레이션 국면선 인프라 투자 빛 발해""",2026-06-18 17:45:00,defensive,2026-06-18
현금흐름,2조원대 골프존카운티부터 잭니클라우스·우정힐스 등… 골프장 M&A 시장 활기,2026-06-18 09:40:04,defensive,2026-06-18
현금흐름,"로지스틱 프로퍼티스 오브 더 아메리카스, 페루 물류단지 1.45억 달러 매각..멕시코 투자 재배분",2026-06-18 05:15:14,defensive,2026-06-18
현금흐름,“끝까지 버티면 38% 더 받는다” … 계모임 닮은 ‘톤틴연금’의 비밀,2026-06-18 05:00:00,defensive,2026-06-18
현금흐름,"앱셀레라, 재즈파마와 최대 7.9억 달러 항체 개발 계약 체결",2026-06-18 01:40:41,defensive,2026-06-18
현금흐름,"앱셀레라 바이오로직스, 재즈파마와 7.9억 달러 규모 항체 개발 계약 체결",2026-06-18 01:39:51,defensive,2026-06-18
현금흐름,"자빌, 3분기 매출 88억 달러·EPS 2.59달러..전년비 12%·28%↑",2026-06-17 20:36:13,defensive,2026-06-17
현금흐름,1주택자로 살아남기…단 한 번 갈아탄다면 ‘여기’[박합수의 부동산 끝판],2026-06-17 20:16:26,defensive,2026-06-17
현금흐름,"내츄럴 가스 서비스, 플랫록 컴프레션 1.2억 달러 인수..압축기 용량 13% 확대",2026-06-17 19:02:09,defensive,2026-06-17
현금흐름,"한양證 ""재무건전성 문제없어""",2026-06-17 17:53:27,defensive,2026-06-17
현금흐름,한양증권 “JTBC 관련 채권 내년 2월까지 전액 회수”,2026-06-17 16:22:46,defensive,2026-06-17
현금흐름,"트랜스오션, 노르웨이·호주서 1억8500만 달러 시추계약 수주",2026-06-17 06:08:52,defensive,2026-06-17
현금흐름,1주택자로 살아남기 … 단 한 번 갈아탄다면 ‘여기’,2026-06-17 04:00:00,defensive,2026-06-17
현금흐름,"넷스트리츠, 1분기 순이익 235% 급증·571만 달러 기록",2026-06-16 23:34:51,defensive,2026-06-16
현금흐름,"탈렌에너지, 3개 발전소 인수 완료…주당 현금흐름 즉시 15% 증가",2026-06-16 23:13:40,defensive,2026-06-16
현금흐름,"알타 글로벌 그룹, 2000만 달러 신용한도 미사용 종료..자본구조 단순화",2026-06-16 21:31:55,defensive,2026-06-16
현금흐름,"옵파이, 2025년 조정순이익 1억4000만 달러..전년비 69% 급증",2026-06-16 20:15:52,defensive,2026-06-16
현금흐름,"비보스 테라퓨틱스, 플로리다 심장과 그룹과 수면장애 진료 협력..연 600만 달러 목표",2026-06-16 19:05:07,defensive,2026-06-16
현금흐름,생활비 고민 주부도·인생 2막 60대도 … 창업 나선다,2026-06-16 17:08:43,defensive,2026-06-16
현금흐름,"칩플레이션 직격탄 맞은 셋톱박스…KT, 협력사에 145억 긴급 지원",2026-06-16 15:17:24,defensive,2026-06-16
현금흐름,빅테크 독립선언에도 ‘엔비디아 독재’ 끄덕없다…추론칩서도 넘사벽,2026-06-16 13:22:23,defensive,2026-06-16
현금흐름,"골드 로열티, 네바다 REN 프로젝트 로열티 지분 확대..625만 달러 투입",2026-06-16 06:15:01,defensive,2026-06-16
현금흐름,"하이 타이드, 2분기 매출 1억7,930만 달러..전년비 30% 증가",2026-06-16 05:48:09,defensive,2026-06-16
현금흐름,"데이브&버스터스, EPS 74% 급감…1분기 실적 부진에 투자심리 위축",2026-06-16 05:21:18,defensive,2026-06-16
현금흐름,"탈렌 에너지, 3개 발전소 인수 완료..주당 현금흐름 15% 증가",2026-06-16 05:11:07,defensive,2026-06-16
현금흐름,"데이브&버스터스 엔터테인먼트, 1분기 매출 5.6억 달러·EPS 0.16달러",2026-06-16 05:09:56,defensive,2026-06-16
현금흐름,"젠커 인더스트리즈, 2분기 매출 34억달러·전년비 11.6%↓",2026-06-16 05:06:56,defensive,2026-06-16
현금흐름,"하이 타이드, 온타리오 소매점 4곳 774만 달러 인수",2026-06-15 22:10:59,defensive,2026-06-15
현금흐름,"잭 인 더 박스, 5억 달러 규모 7.62% 선순위채권 발행..고금리 부채 차환",2026-06-15 20:35:35,defensive,2026-06-15
현금흐름,"폭스, 로쿠 220억 달러 인수..미국 3위 TV 사업자 도약",2026-06-15 20:15:04,defensive,2026-06-15
현금흐름,"파워플리트, 4분기 매출 두 자릿수 성장에 영업이익 흑자전환 성공",2026-06-15 19:51:13,defensive,2026-06-15
현금흐름,"파워플리트, 4분기 매출 1억1450만 달러..전년비 11% 증가",2026-06-15 19:29:02,defensive,2026-06-15
현금흐름,"트리플플래그프레셔스메탈스, 레이븐스우드 금광 스트림 인수로 주목",2026-06-15 19:21:52,defensive,2026-06-15
현금흐름,"한국전력공사, 괌 에너지 전환 이끈다…25년간 3조2천억 안정적 수익도 챙겨",2026-06-15 15:59:15,defensive,2026-06-15
현금흐름,"한투그룹, 글로벌자산담보부금융 시장 진출…‘캐년 ABF 파트너스’ 지분 투자",2026-06-15 11:15:15,defensive,2026-06-15
현금흐름,대형IPO 뜻밖의 수혜…“자선단체로 수백억달러 흘러”,2026-06-15 10:31:53,defensive,2026-06-15
현금흐름,"“LG트윈타워 관리하는 그 회사”…맥쿼리, 5000억 매각 시동 [M&A복덕방]",2026-06-14 09:06:54,defensive,2026-06-14
현금흐름,미국 안방 사로잡은 ‘댕댕이 월드컵’…LG전자가 ‘TV 플랫폼’에 사활 거는 이유,2026-06-13 23:02:12,defensive,2026-06-13
현금흐름,"DHT 홀딩스, 한화오션과 VLCC 신조선 계약 체결.. 2028년 인도",2026-06-13 05:09:50,defensive,2026-06-13
현금흐름,"스페이스X, 상장 첫날 30% 급등…기업가치 2조달러 돌파",2026-06-13 02:53:36,defensive,2026-06-13
현금흐름,"어스파이어 바이오파마 홀딩스, 듀라 DCS 3천만 달러 인수..연매출 2억 달러 규모",2026-06-12 23:28:15,defensive,2026-06-12
현금흐름,"트리플 플래그 프레셔스 메탈스, 4억4000만 달러 금 스트림 계약 체결",2026-06-12 22:16:24,defensive,2026-06-12
현금흐름,"서밋 호텔 프로퍼티즈, CFO 윌리엄 콘클링 6월 15일 퇴임",2026-06-12 19:37:59,defensive,2026-06-12
현금흐름,"우드사이드 에너지 그룹, 브라우즈 지분 10.67% 취득..2.25억 달러 투자",2026-06-12 19:05:18,defensive,2026-06-12
현금흐름,넓어지는 노후우산 월 519만원 벌어도 국민연금 안깎인다,2026-06-12 17:09:02,defensive,2026-06-12
현금흐름,코치백의 귀환…Z세대가 만든 역주행 [미장 보석주],2026-06-12 15:17:17,defensive,2026-06-12
현금흐름,"고금리·공실 직격탄…하정우 손절, 이해인 “삼성전자 살걸” [스테크]",2026-06-12 14:06:20,defensive,2026-06-12
현금흐름,"레드우드 트러스트, 2분기 배당 주당 0.18달러 유지..108분기 연속",2026-06-12 06:14:52,defensive,2026-06-12
현금흐름,"빌드 어 베어 워크숍, 분기 배당 주당 0.23달러 지급 결정",2026-06-12 05:17:59,defensive,2026-06-12
현금흐름,"키메라 인베스트먼트, 2분기 배당 주당 0.45달러 유지..연 배당률 13.62%",2026-06-12 05:11:48,defensive,2026-06-12
현금흐름,"“정말 부럽다, 이런 부부” ... 국민연금 年6648만원, 우리도 가능?",2026-06-12 04:00:00,defensive,2026-06-12
현금흐름,"서울 내 집, 아직 10억으로 됩니다 … 임장러들 몰리는 ‘불대갈’",2026-06-12 04:00:00,defensive,2026-06-12
현금흐름,"트리플 플래그 프레셔스 메탈스, 2026년 골드 생산 가이던스 상향..10만~11만 GEOs",2026-06-11 23:07:10,defensive,2026-06-11
현금흐름,"브로드컴, 25억 달러 규모 채권 조기 상환 입찰 개시",2026-06-11 22:08:48,defensive,2026-06-11
현금흐름,"NXP 세미컨덕터, 2분기 중간배당 주당 1.014달러 지급",2026-06-11 21:18:55,defensive,2026-06-11
현금흐름,"베라 브래들리, 1분기 매출 7.8% 증가·영업손실 74% 축소",2026-06-11 21:04:54,defensive,2026-06-11
현금흐름,"드리븐 브랜즈 홀딩스, 1분기 매출 4억8440만 달러…전년비 8% 성장",2026-06-11 20:19:53,defensive,2026-06-11
현금흐름,"러브색, 1Q 매출 1억3820만 달러..전년비 0.1% 감소",2026-06-11 20:03:02,defensive,2026-06-11
현금흐름,"얼라이드 골드, 코트디부아르 광산 수명 2036년까지 연장",2026-06-11 19:36:00,defensive,2026-06-11
현금흐름,"아메리카스 실버, 은·금 인도 의무 주식 발행으로 종료..1,060만주 발행",2026-06-11 19:34:50,defensive,2026-06-11
현금흐름,"슈 카니발, 사명 변경·티커 SHOE 전환, 57분기 연속 배당 지속",2026-06-11 19:16:50,defensive,2026-06-11
현금흐름,"필립 모리스 인터내셔널, 주당 1.47달러 분기배당 선언..7월 20일 지급",2026-06-11 19:06:49,defensive,2026-06-11
현금흐름,"프레시디오 프로덕션, 3.5억 달러 ABS 재융자로 금리 1.84%p 인하",2026-06-11 19:03:59,defensive,2026-06-11
현금흐름,미국 스페이스X보다 영국 ‘스페이스X 레버리지’가 먼저 상장…사상 초유 사태,2026-06-11 14:39:27,defensive,2026-06-11
현금흐름,"미래에셋, ‘반도체TOP10커버드콜액티브’ 6월 분배금 주당 215원 지급",2026-06-11 14:23:48,defensive,2026-06-11
현금흐름,"스페이스X, 투자적격 신용등급 확보…개인투자자들 ‘머스크 베팅’ 광풍",2026-06-11 13:50:13,defensive,2026-06-11
현금흐름,"[MK시그널] 옵시디안 에너지 매도신호 포착, 수익률 76.3% 달성",2026-06-11 10:42:13,defensive,2026-06-11
현금흐름,"“AI투자 감당할 수 있겠어?”…오라클, 깜짝 실적에도 주가 7% 급락",2026-06-11 07:20:33,defensive,2026-06-11
현금흐름,"FACTORIAL ENERGY INC, 1분기 순손실 858만 달러..전년비 85.7% 개선",2026-06-11 06:31:11,defensive,2026-06-11
현금흐름,"이볼루션페트롤리엄, 3분기 EBITDA 310만 달러 달성·로열티 인수 전략 호평",2026-06-11 06:30:51,defensive,2026-06-11
현금흐름,"서밋 미드스트림, 더블 E 파이프라인 용량 50% 확대..2.4Bcf/d로 증설",2026-06-11 06:08:10,defensive,2026-06-11
현금흐름,"이페리온엑스, 타이탄 프로젝트 NPV 8억달러·IRR 39% 확정",2026-06-11 05:48:10,defensive,2026-06-11
현금흐름,"FTAC에메랄드, 비트코인 매각으로 부채 전액 상환·2천5백만 달러 현금 확보",2026-06-10 21:50:37,defensive,2026-06-10
현금흐름,"FTAC 에메랄드 애퀴지션, 2천만 달러 부채 상환·2천5백만 달러 현금 확보",2026-06-10 21:26:56,defensive,2026-06-10
현금흐름,고려아연·영풍 회계위반 중징계…감사인지정 3년·임원 해임권고,2026-06-10 20:35:56,defensive,2026-06-10
현금흐름,"코어몰딩테크놀러지스, 볼보 신규 계약·멕시코 공장 확장으로 급등",2026-06-10 20:11:44,defensive,2026-06-10
현금흐름,"테크노글래스, 2분기 배당 주당 0.15달러 선언",2026-06-10 20:07:52,defensive,2026-06-10
현금흐름,"츄이, 1분기 매출 34억 달러·주당순이익 0.23달러..전년비 각각 8%·53% 증가",2026-06-10 20:05:52,defensive,2026-06-10
현금흐름,"J. 질, 1분기 순매출 6% 감소..관세 비용에 수익성 악화",2026-06-10 19:47:02,defensive,2026-06-10
현금흐름,"치타 모바일, 1분기 로보틱스 매출 176% 급증..AI 전환 가속",2026-06-10 19:24:01,defensive,2026-06-10
현금흐름,"브룩필드 리뉴어블 파트너스, 우선주 시리즈 19·20 신설..배당률 최대 5.75%",2026-06-10 19:08:01,defensive,2026-06-10
현금흐름,"토요타 모터, 2027년 매출 3300억 달러 전망··EPS 5% 감소 예상",2026-06-10 19:06:21,defensive,2026-06-10
현금흐름,“돈 많은 사람들 넘치네” 올해 백화점 결제액 19조원 추정…전년비 11% 껑충,2026-06-10 14:03:06,defensive,2026-06-10
현금흐름,급락이 기회?…코스피 롤러코스터에 마통 잔액 이틀새 6000억↑,2026-06-10 10:42:45,defensive,2026-06-10
현금흐름,"GSK의 16조원 베팅…미국 암 치료제 개발사 뉴베일런트, 사상 최고가",2026-06-10 10:08:44,defensive,2026-06-10
현금흐름,이익은 TSMC 압도하는데…“삼전닉스 주가 여전히 4배 저평가”,2026-06-10 10:06:22,defensive,2026-06-10
현금흐름,"어플라이드 디지털, 210MW AI 팩토리 계약 체결..15년간 52억 달러 수익",2026-06-10 06:33:03,defensive,2026-06-10
현금흐름,"아이콘 에너지, 1Q26 매출 139% 급증·영업익 흑자전환",2026-06-10 06:02:32,defensive,2026-06-10
현금흐름,"엑스 컴퓨트, GPU 인프라 자체 보유 전환..자본집약 모델 리스크 공시",2026-06-10 05:43:51,defensive,2026-06-10
현금흐름,"O-I 글래스, 2분기 적자전환 전망..aEPS 1.00~1.50달러 가이던스 제시",2026-06-10 05:33:41,defensive,2026-06-10
현금흐름,"레이크랜드 인더스트리즈, 1분기 매출 4740만 달러·영업이익 흑자전환",2026-06-10 05:24:29,defensive,2026-06-10
현금흐름,"울프스피드, 2026회계연도 9개월 순손실 5억3060만 달러..파산 재조직 후 첫 실적",2026-06-10 05:23:09,defensive,2026-06-10
현금흐름,"스킬소프트, 1분기 매출 9450만 달러·영업손실 37% 개선",2026-06-10 05:07:58,defensive,2026-06-10
현금흐름,"스머커, 4분기 조정 EPS 20% 급증·배당 인상으로 주목",2026-06-09 21:50:39,defensive,2026-06-09
현금흐름,"세일포인트 테크놀러지스 홀딩스, 1분기 매출 2억8천만 달러..전년비 22% 증가",2026-06-09 20:20:05,defensive,2026-06-09
현금흐름,"J.M. 스머커, 4분기 매출 23억 달러·조정 EPS 2.77달러..전년비 6%·20% 증가",2026-06-09 20:08:04,defensive,2026-06-09
현금흐름,"유나이티드 내추럴 푸즈, 3Q 매출 77억 달러·EPS 0.52달러 흑자전환",2026-06-09 20:06:14,defensive,2026-06-09
현금흐름,"노반타, 리버포인트메디컬 12억 달러 인수..의료소모품 매출 2배 확대",2026-06-09 19:11:03,defensive,2026-06-09
현금흐름,"버닝 록 바이오텍, 1분기 매출 1,560만 달러..전년비 18.9% 감소",2026-06-09 19:08:02,defensive,2026-06-09
현금흐름,"코어 몰딩 테크놀러지스, 1분기 조정 EBITDA 3,087만 달러 기록",2026-06-09 06:12:56,defensive,2026-06-09
현금흐름,"가민, 주당 4.20달러 배당 승인..분기당 1.05달러 지급",2026-06-09 06:01:45,defensive,2026-06-09
현금흐름,"엘링턴 파이낸셜, 보통주 및 우선주 배당 선언..보통주 주당 0.13달러",2026-06-09 05:53:55,defensive,2026-06-09
현금흐름,"오일-드라이 코퍼레이션 오브 아메리카, 3분기 매출 1억2600만 달러·전년비 9%↑",2026-06-09 05:12:32,defensive,2026-06-09
현금흐름,"밴치마크 일렉트로닉스, 2분기 배당 주당 0.17달러 결정",2026-06-09 05:10:52,defensive,2026-06-09
현금흐름,"엘도라도 골드, 맥일베나 베이 첫 구리 농축물 생산 성공",2026-06-09 01:42:58,defensive,2026-06-09
현금흐름,"덜루스 홀딩스, 1분기 조정 EBITDA 260만 달러 흑자전환",2026-06-08 23:46:46,defensive,2026-06-08
현금흐름,"얼라이언스 리소스 파트너스, 2억620만 달러에 AllDale 지분 인수",2026-06-08 21:50:02,defensive,2026-06-08
현금흐름,"비보스 테라퓨틱스, 최대 450만 달러 채무 지분전환 계약 체결",2026-06-08 21:31:51,defensive,2026-06-08
현금흐름,"콜럼버스 맥키넌, 2025년 순이익 1450만 달러..전년비 17% 감소",2026-06-08 21:09:00,defensive,2026-06-08
현금흐름,"캠벨 수프, 3분기 매출 4% 감소·24억 달러..조정 EPS 32% 감소",2026-06-08 20:20:07,defensive,2026-06-08
현금흐름,"그레이엄, 2026 회계연도 매출 17% 증가·2억4530만 달러 달성",2026-06-08 20:14:27,defensive,2026-06-08
현금흐름,"아스트로노바, 1분기 매출 3,936만 달러·영업익 174% 급증",2026-06-08 20:12:56,defensive,2026-06-08
현금흐름,"에어리스 테크놀러지, 2026회계연도 매출 7000만 달러·흑자전환 성공",2026-06-08 19:52:56,defensive,2026-06-08
현금흐름,"스튜디오 시티 인터내셔널 홀딩스, 7% 선순위 담보부 채권 1억5400만 달러 조기 상환 완료",2026-06-08 19:03:53,defensive,2026-06-08
현금흐름,"금리쇼크·外人이탈 '패닉'… 실적이 버팀목, 대형주 분할매수를",2026-06-08 17:50:24,defensive,2026-06-08
현금흐름,"“전세 소멸이 정상화인가”…오세훈 서울시장, 李 대통령 직격",2026-06-08 15:23:51,defensive,2026-06-08
현금흐름,“강남불패 흔들리나”…수도권 아파트 신고가 비중 올해 첫 10%↓,2026-06-08 10:26:12,defensive,2026-06-08
현금흐름,“한국 반도체 문의가 너무 많이와요”...캐나다에서도 ‘삼전닉스’ 붐,2026-06-08 06:25:44,defensive,2026-06-08
현금흐름,전부 반도체에 올인할 때…버핏 후계자는 ‘여기’ 베팅했다 [오찬종의 매일뉴욕],2026-06-07 18:11:58,defensive,2026-06-07
현금흐름,"""캐나다서도 삼전닉스 붐… ETF 곧 출시""",2026-06-07 17:42:48,defensive,2026-06-07
현금흐름,[미국 주식 돋보기] 'M&A 본능' 일라이릴리…시총 1조달러 탈환,2026-06-07 17:30:30,defensive,2026-06-07
저평가,"[MK시그널] 세렌스 매도신호 포착, 수익률 16.2% 달성",2026.06.26 10:10,defensive,2026-06-26
저평가,삼전닉스 몰빵에서 전력·엔터·배터리로 분산투자 전환[주식 초고수는 지금],2026.06.25 15:32,defensive,2026-06-25
저평가,"[MK시그널] 주롱 홀딩 매도신호 포착, 수익률 225% 달성",2026.06.25 10:04,defensive,2026-06-25
저평가,"[MK시그널] 파마리서치, 리쥬란 브랜드 기반 화장품 부문의 가파른 성장세 부각 등에 주가 상승세... MK시그널 추천 후 상승률 11.28%",2026.06.25 09:37,defensive,2026-06-25
저평가,하이닉스 나스닥 ADR 45조규모로 내달 상장,2026.06.24 17:56,defensive,2026-06-24
저평가,“7월부터 매도 시작”…리밸런싱 유예 만료 앞둔 국민연금,2026.06.24 17:07,defensive,2026-06-24
저평가,다음은 팹리스와 전력주다…AI 밸류체인 주목 [주식 초고수는 지금],2026.06.24 15:13,defensive,2026-06-24
저평가,"한화운용, ‘PLUS 글로벌HBM반도체’ 순자산 2조 돌파",2026.06.24 14:23,defensive,2026-06-24
저평가,"아모레퍼시픽 목표가 하향…수급 언제 돌아올까 [오늘, 이 종목]",2026.06.24 13:38,defensive,2026-06-24
저평가,전닉 팔고 난 뒤 뭐 살까 살펴보니…‘글로벌 K콘텐츠’ 중심 종목 줍줍 [주식 초고수는 지금],2026.06.24 10:41,defensive,2026-06-24
저평가,"[MK시그널] 이베이 매도신호 포착, 수익률 15.2% 달성",2026.06.24 10:04,defensive,2026-06-24
저평가,"[MK시그널] ISC, AI 반도체 시장 성장에 따른 테스트 소켓 수요 확대 등에 주가 상승세... MK시그널 추천 후 상승률 25.75% 기록",2026-06-24 09:44:38,defensive,2026-06-24
저평가,“삼전닉스 물 탈 돈도 없는데”…숨죽인 K뷰티 맏형 아모레퍼시픽 [오늘 나온 보고서],2026-06-24 08:54:29,defensive,2026-06-24
저평가,"엔리벡스 테라퓨틱스, RAIN 토큰 11억 달러 보유…주당 NAV 4.67달러 공개",2026-06-23 17:21:35,defensive,2026-06-23
저평가,"[MK시그널] 토요 매도신호 포착, 수익률 24.6% 달성",2026-06-23 10:13:14,defensive,2026-06-23
저평가,"[MK시그널] 두산, AI 반도체 소재 및 에너지 사업 가치 부각 등에 주가 상승세... MK시그널 추천 후 상승률 9.34% 기록",2026-06-23 09:41:35,defensive,2026-06-23
저평가,"뉴젠IVF 그룹, K25.ai 지분 10% 인수·신주 367만주 발행",2026-06-22 22:44:00,defensive,2026-06-22
저평가,[부동산 손자병법] 릴레이 재건축에 셔세권 효과…'제2의 올파포' 시동거는 강동,2026-06-22 16:33:59,defensive,2026-06-22
저평가,"[MK시그널] TTM 테크놀러지스, 수익률 130.3% 돌파",2026-06-22 10:03:23,defensive,2026-06-22
저평가,"[MK시그널] SK스퀘어, 하이닉스 대체 투자 및 NAV 할인율 축소 등에 주가 상승세... MK시그널 추천 후 상승률 23.84% 기록",2026-06-22 09:44:16,defensive,2026-06-22
저평가,"“하이닉스 근거없는 저평가, 430만닉스까지 간다”…목표가 상향 [오늘 나온 보고서]",2026-06-22 08:47:12,defensive,2026-06-22
저평가,“반도체 불장 2라운드 이미 시작”…돈 냄새 맡은 개미들 소부장 ETF로,2026-06-21 07:43:42,defensive,2026-06-21
저평가,“이 회사 발표 기다리며 조마조마”…마이크론 실적 앞두고 ‘삼전닉스’ 시험대,2026-06-21 06:10:22,defensive,2026-06-21
저평가,"[MK시그널] 인라이트 리뉴어블 에너지 매도신호 포착, 수익률 391.9% 달성",2026-06-19 10:03:13,defensive,2026-06-19
저평가,"[MK시그널] 현대위아, 전동화 및 로봇 사업 체질 개선 기대감 등에 주가 상승세... MK시그널 추천 후 상승률 25.14% 기록",2026-06-19 09:38:34,defensive,2026-06-19
저평가,"하이퍼스케일 데이터, 최대 3억 달러 규모 수시공모 프로그램 개시",2026-06-19 05:48:42,defensive,2026-06-19
저평가,릴레이 재건축에 ‘셔세권’ 효과까지 … ‘제2의 올파포’ 시동 거는 강동,2026-06-19 05:10:00,defensive,2026-06-19
저평가,"동점골 PK 유도한 남아공 마세코 “한국, 잘 모르는 상대...우리 준비부터 집중할 것” [WC 현장인터뷰]",2026-06-19 03:57:40,defensive,2026-06-19
저평가,"삼전닉스 다음은?…소부장, AI투자 사이클 2차수혜주 '찜'",2026-06-18 16:11:45,defensive,2026-06-18
저평가,동탄 뛰자 수지·병점도 ‘들썩’…수도권 남부 매수세 확산,2026-06-18 14:19:02,defensive,2026-06-18
저평가,"[MK시그널] 네이보스 인더스트리즈 매도신호 포착, 수익률 92.4% 달성",2026-06-18 10:12:02,defensive,2026-06-18
저평가,하이닉스 美 ADR 상장땐 외국인자금 밀물 … 실적·수급 양날개,2026-06-17 17:43:50,defensive,2026-06-17
저평가,"“146만원에 들어갔다”…신기루, SK 하이닉스로 70% 수익",2026-06-17 14:31:51,defensive,2026-06-17
저평가,"[MK시그널] 사솔 매도신호 포착, 수익률 79% 달성",2026-06-17 10:13:53,defensive,2026-06-17
저평가,"[MK시그널] 달바글로벌, 해외 고성장에 따른 실적 서프라이즈 등에 주가 상승세... MK시그널 추천 후 상승률 15.89% 기록",2026-06-17 10:10:47,defensive,2026-06-17
저평가,“2부리그 낙인 찍힐라”…코스닥승강제 유예 요구한 벤처업계,2026-06-16 08:03:43,defensive,2026-06-16
저평가,코스닥 시장 나누는 '세그먼트' 유예를,2026-06-15 17:13:56,defensive,2026-06-15
저평가,"[MK시그널] ST 마이크로일렉트로닉스, 수익률 170% 돌파",2026-06-15 10:11:05,defensive,2026-06-15
저평가,룰루레몬 주가 반 토막에도 산다…마이클 버리의 역발상,2026-06-12 17:06:57,defensive,2026-06-12
저평가,“바닥 아니다” vs “연말 10만달러”…비트코인 저점은 어디?,2026-06-12 15:21:08,defensive,2026-06-12
저평가,"[MK시그널] 에너플렉스 매도신호 포착, 수익률 219.2% 달성",2026-06-12 10:21:39,defensive,2026-06-12
저평가,"하이퍼스케일 데이터, 요크빌과 1,596만 달러 선지급 계약 체결",2026-06-12 05:32:00,defensive,2026-06-12
저평가,"[MK시그널] 이수화학, 전고체 배터리 소재 가치와 본업 턴어라운드 기대감 등에 주가 상승세... MK시그널 추천 후 상승률 33.33% 기록",2026-06-11 09:22:36,defensive,2026-06-11
저평가,"VIP자산운용, 롯데관광개발 지분 추가매입",2026-06-10 18:58:16,defensive,2026-06-10
저평가,폭락장 속 나홀로 상승세 ‘이 종목’ 산다 [주식 초고수는 지금],2026-06-10 15:22:45,defensive,2026-06-10
저평가,3분기 100조원 번다는 삼전 샀지만…하이닉스는 팔아 [주식 초고수는 지금],2026-06-10 11:25:41,defensive,2026-06-10
저평가,"[MK시그널] 달바글로벌, 북미·유럽 등 해외 오프라인 채널 확장 가속화 등에 주가 상승세... MK시그널 추천 후 상승률 7.29% 기록",2026-06-10 10:20:49,defensive,2026-06-10
저평가,"“中 CXMT 상장, 삼성전자엔 악재 아닌 호재…재평가 신호탄”",2026-06-10 08:32:19,defensive,2026-06-10
저평가,"네이버 주주 드디어 빛보나...엔비디아 손 잡자 목표가 45만원 [오늘, 이 종목]",2026-06-09 13:42:47,defensive,2026-06-09
저평가,"[MK시그널] 스프랏 매도신호 포착, 수익률 88.7% 달성",2026-06-09 10:06:05,defensive,2026-06-09
저평가,"""코스피 조정은 리밸런싱 때문 … 아직 저평가""",2026-06-08 18:00:29,defensive,2026-06-08
저평가,이 대통령 “주가는 출렁출렁하는 것…아직도 약간 저평가됐다고 생각”,2026-06-08 12:02:42,defensive,2026-06-08
저평가,"“이번주 주식창, 나는 안볼란다”…고환율·스페이스X 상장·네 마녀의 날 겹쳐",2026-06-08 08:37:09,defensive,2026-06-08
저평가,[부동산 손자병법] 여의도 재건축 잰걸음 … 한강뷰 1.3만가구 미니 신도시로,2026-06-07 17:31:50,defensive,2026-06-07
저평가,만년 저평가 뚫고 불기둥…LG의 시간이 왔다 [스페셜리포트],2026-06-05 11:03:05,defensive,2026-06-05
주주환원,"현대지에프홀딩스, 증권사 목표가 상향에 강세…4.18%",2026.06.26 13:01,defensive,2026-06-26
주주환원,"시냅틱스, 온세미에 70억 달러 규모 인수..물리적 AI 시장 확대",2026.06.26 06:22,defensive,2026-06-26
주주환원,"SK하이닉스, `ADR(American Depositary Receipts) 발행을 위한 유상 증자` 증권사 발표에 강세",2026-06-25 10:31:06,defensive,2026-06-25
주주환원,"라이브원, 4분기 매출 1890만 달러..조정 EBITDA 흑자 전환",2026-06-24 21:33:21,defensive,2026-06-24
주주환원,"캉고, 최대 10대1 주식병합 승인..구체 비율·시기 미정",2026-06-24 19:24:57,defensive,2026-06-24
주주환원,"“KOSPO형 바람연금 성과”…남부발전, 한국행정학회 ‘공공기관 혁신 우수사례 경진대회’ 최우수상",2026-06-24 17:02:04,defensive,2026-06-24
주주환원,"CVR 에너지, 데인 누만 CFO를 신임 대표로 선임",2026-06-23 19:01:56,defensive,2026-06-23
주주환원,"갤럭시 S26 살까, S27 기다릴까…가격 인상 우려 속 셈법 복잡해진 소비자들",2026-06-22 17:07:03,defensive,2026-06-22
주주환원,"라인야후에 인수된 카카오게임즈 “라인게임즈와 합병, 결정된 바 없다”",2026-06-22 13:45:48,defensive,2026-06-22
주주환원,"삼성물산, 증권사 목표가 상향에 강세…4.78%",2026-06-22 09:34:19,defensive,2026-06-22
주주환원,"얌 차이나 홀딩스, 피자헛 중국 브랜드 12억 달러 인수",2026-06-16 21:22:55,defensive,2026-06-16
주주환원,"""금리 오르고 환율도 안정""…금융株 신고가",2026-06-16 17:48:14,defensive,2026-06-16
주주환원,"블루 골드, 7월 주주총회서 보몽 이사 재선임 안건 상정",2026-06-16 05:44:49,defensive,2026-06-16
주주환원,"SM그룹, 울산방송 신사옥 개발이익 500억 지역 환원",2026-06-14 17:16:00,defensive,2026-06-14
주주환원,"노아 홀딩스, 2025 회계연도 최종 배당 주당 0.933위안 확정",2026-06-12 19:19:49,defensive,2026-06-12
주주환원,"징코솔라 홀딩 컴퍼니, ADS당 1.5달러 배당 지급..총 7,850만 달러 규모",2026-06-12 19:17:49,defensive,2026-06-12
주주환원,"노아 홀딩스, 주당 0.933위안 최종배당·특별배당 각각 승인",2026-06-12 19:14:48,defensive,2026-06-12
주주환원,글로벌 큰손 몰린다…블랙록 지분 확대,2026-06-12 16:10:32,defensive,2026-06-12
주주환원,"오메가 플렉스, 2분기 배당 주당 0.34달러 지급 결정",2026-06-12 05:32:50,defensive,2026-06-12
주주환원,"사우스웨스트항공, 2026년 EPS 251% 급증·매출 두 자릿수 성장 전망",2026-06-12 04:43:57,defensive,2026-06-12
주주환원,"컴퍼스 디버시파이드 홀딩스, 자크 사우텔 COO를 차기 CEO로 선임",2026-06-11 19:33:50,defensive,2026-06-11
주주환원,"퍼스트 마제스틱 실버, 2026년 주총서 전 안건 가결..LTIP 97% 찬성",2026-06-11 19:06:19,defensive,2026-06-11
주주환원,"BW LPG, 분기 배당금 0.67달러 지급..시가배당률 10.49%",2026-06-11 19:05:39,defensive,2026-06-11
주주환원,엔화 약세에 휩쓸린 원화값 … 환율 1500원 시대 만든 두 가지 [고환율 긴급 점검②],2026-06-11 18:24:20,defensive,2026-06-11
주주환원,AI가 메모리 산업 체질 바꿔 … 사이클 휘둘리지 않아,2026-06-11 17:49:07,defensive,2026-06-11
주주환원,"""日에 차세대 AI팩토리 … 한일 경제협력 새모델""",2026-06-11 17:27:21,defensive,2026-06-11
주주환원,"웨스트 프레이저 팀버, 주당 0.32달러 배당 선언..7월 13일 지급",2026-06-11 06:15:51,defensive,2026-06-11
주주환원,"옥스포드 인더스트리즈, 1분기 EPS 1.39달러·전년비 23% 감소",2026-06-11 05:11:07,defensive,2026-06-11
주주환원,"최태원 ""신규 반도체 공장, 전력·용수·인재 갖춘 곳 최우선 검토""",2026-06-10 17:53:31,defensive,2026-06-10
주주환원,"최태원 “지방·해외 신규공장 검토…이익배분, 이해관계자 전체 고려”",2026-06-10 12:02:44,defensive,2026-06-10
주주환원,"호커 퍼니쳐, 주당 0.115달러 분기 배당 결의..6월 30일 지급",2026-06-10 05:32:51,defensive,2026-06-10
주주환원,"크래커 배럴, EBITDA 가이던스 대폭 상향 조정으로 시장 주목",2026-06-10 05:30:50,defensive,2026-06-10
주주환원,"PLDT, 우선주 분기 배당 2437만 페소 선언",2026-06-09 22:19:50,defensive,2026-06-09
주주환원,"히말라야 시핑, 5월 평균 TCE 5만7200달러 기록..주당 0.22달러 배당 승인",2026-06-09 19:38:44,defensive,2026-06-09
주주환원,"캐피탈그룹, SK하이닉스는 팔고 KT&G는 샀다",2026-06-09 10:44:51,defensive,2026-06-09
주주환원,"럭키 스트라이크 엔터테인먼트, 바비 라반 CFO 대표 승진..AI 혁신 가속",2026-06-09 06:24:06,defensive,2026-06-09
주주환원,"사우스이스트 에어포트 그룹, 5월 여객 1.6% 감소·연간 누적 0.7% 증가",2026-06-09 05:52:05,defensive,2026-06-09
주주환원,"FS KKR 캐피탈, 7.5% 무보증채권 9억 달러 공모 완료",2026-06-09 05:33:34,defensive,2026-06-09
주주환원,"아레스 캐피탈, 10억 달러 규모 기업어음 프로그램 신설",2026-06-08 19:02:53,defensive,2026-06-08
자산가치,주식·원자재·비상장주까지 무기한 선물의 무한 확장...한국은?[엠블록레터],2026.06.26 22:11,defensive,2026-06-26
자산가치,"Z 스퀘어드, 500만 달러 규모 파라독스 데이터 인수..150MW급 AI 데이터센터 확보",2026.06.26 19:06,defensive,2026-06-26
자산가치,AI투자 감소 우려 … 코스피 이번엔 '냉탕',2026.06.26 17:46,defensive,2026-06-26
자산가치,"李 ""드론·로봇이 안보 열쇠""… 최정예 방산벤처 50개 키운다",2026.06.26 17:24,defensive,2026-06-26
자산가치,"동양, 글로벌 VC 펀드 투자 성과…스페이스X·오픈AI 효과에 평가차익 확대",2026.06.26 10:00,defensive,2026-06-26
자산가치,"[美공시]퀀텀, 2026 회계연도 4분기 매출이 27% 증가해 7,800만 달러를 기록했다고 발표",2026.06.26 08:41,defensive,2026-06-26
자산가치,하이닉스·이노베이션 이어 SK텔레콤까지…이곳에 무려 7400억 베팅했다,2026.06.26 07:31,defensive,2026-06-26
자산가치,"제네시스 따위가 포람페급? 비웃다 감격…국뽕 아닌 국력, 기적 아닌 실력 [세상만車]",2026.06.26 06:45,defensive,2026-06-26
자산가치,"AEON ACQUISITION I CORP, 순자산 적자 380만 달러..12개월 내 사업 결합 필수",2026.06.26 06:22,defensive,2026-06-26
자산가치,"가소스AI, 게임자산 175만 달러 매각..AI 사업 집중",2026.06.26 05:18,defensive,2026-06-26
자산가치,"스티펠 파이낸셜, 5월 고객자산 18% 증가..5,796억 달러 돌파",2026.06.26 05:17,defensive,2026-06-26
자산가치,"알바리움 티데만 홀딩스, 패트릭 케넌 CFO 내부 승진 임명",2026.06.26 05:04,defensive,2026-06-26
자산가치,"iQS텔, 아프리카 ULTRANET 51% 인수로 순이익 4배 확대",2026.06.26 04:35,defensive,2026-06-26
자산가치,"ASP 아이소토프, 자회사 나스닥 상장 추진..5천만 달러 조달",2026.06.25 23:16,defensive,2026-06-25
자산가치,"워딩턴스틸, 자산 손상차손 9450만 달러로 영업손실 전환",2026-06-25 22:52:14,defensive,2026-06-25
자산가치,"코스타그룹, 주주총회서 전 이사진 재선임..경영진 보수안 71% 승인",2026-06-25 22:02:12,defensive,2026-06-25
자산가치,"에이트코 홀딩스, 총 4억3600만 달러 규모 자산 포트폴리오 공개",2026-06-25 21:47:51,defensive,2026-06-25
자산가치,"트릴러 그룹, SpaceX 지분 할인가 인수..전략적 재무자산 확보",2026-06-25 21:32:10,defensive,2026-06-25
자산가치,‘총수 일가 골프장만 이용 원칙’ 미래에셋 계열사들 무죄 확정,2026-06-25 20:54:00,defensive,2026-06-25
자산가치,"넥스메탈스 마이닝, 셀커크 프로젝트 구리 자원량 63% 증가한 11억파운드 확보",2026-06-25 20:49:48,defensive,2026-06-25
자산가치,"골드마이닝, 무부채에 현금 1.9억 달러 보유..주요 프로젝트 경제성 입증",2026-06-25 20:03:55,defensive,2026-06-25
자산가치,"기그캐피털8, 5억7500만 달러 규모 양자기술 플랫폼 합병 추진",2026-06-25 19:14:03,defensive,2026-06-25
자산가치,'부산 핀테크 허브' 입주기업 초고속 성장,2026-06-25 17:50:32,defensive,2026-06-25
자산가치,이상훈 에이비엘바이오 대표 “위암 신약 연내 3상…美 자회사 가치 키워 빅딜 노린다”,2026-06-25 17:50:09,defensive,2026-06-25
자산가치,"[매경춘추] 비틀스, 다시 부른 노래",2026-06-25 17:31:05,defensive,2026-06-25
자산가치,“금은 안전” 이젠 옛말?…1월 고점 대비 28% 떨어져,2026-06-25 14:15:41,defensive,2026-06-25
자산가치,환율 ‘1550원 헬게이트’ 열리나…당국개입도 안먹히는 까닭,2026-06-25 13:44:51,defensive,2026-06-25
자산가치,"다시 억만장자 추락...세계 최초 ‘조만장자’ 머스크, 왜?",2026-06-25 10:35:21,defensive,2026-06-25
자산가치,"“1년 만에 198만원 떨어질수도”…‘잿빛 전망’ 아이폰 폴더블 중고, 왜?",2026-06-25 10:16:32,defensive,2026-06-25
자산가치,"테더, 코인시장 급락속 이더리움 턱밑 추격 [매일코인]",2026-06-25 10:09:23,defensive,2026-06-25
자산가치,스페이스X 가치는 돈보다 혁신...왜 우리는 ‘머스크 보유국’이 못되나 [이은아 칼럼],2026-06-25 09:22:52,defensive,2026-06-25
자산가치,"CEA 인더스트리즈, YZi Labs와 협력..이사 3명 신규 선임",2026-06-25 06:32:27,defensive,2026-06-25
자산가치,“인류최초 ‘조만장자’ 타이틀 반납”…스페이스X 급락에 머스크 자산 가치도↓,2026-06-25 06:30:18,defensive,2026-06-25
자산가치,"SRx 헬스 솔루션스, 60대1 주식병합 7월 6일 시행",2026-06-25 06:24:56,defensive,2026-06-25
자산가치,가로수길 꼬마빌딩 ‘공실지옥’ 탈출하나…평당 2억대 거래 속속 체결,2026-06-25 06:01:12,defensive,2026-06-25
자산가치,"머스크, 2주 만에 ‘조만장자’ 타이틀 반납",2026-06-25 05:56:28,defensive,2026-06-25
자산가치,"하이퍼스케일 데이터, 20MW 규모 AI 컴퓨팅 계약 체결..최대 30억달러",2026-06-25 05:33:14,defensive,2026-06-25
자산가치,"컴퍼스 디버시파이드 홀딩스, 루가노 파산 절차 합의로 현금 회수 가속화",2026-06-25 05:18:53,defensive,2026-06-25
자산가치,"넥스트보트, APEX 인수 후 60일 만에 15척 판매·월 9만달러 비용절감",2026-06-24 22:19:53,defensive,2026-06-24
자산가치,“삼전닉스 샀나요? 절대 팔지 마세요”…1.8조 자산운용가의 뼈 있는 한마디,2026-06-24 21:19:06,defensive,2026-06-24
자산가치,"엔리벡스 테라퓨틱스, RAIN 토큰 게이트 거래소 상장",2026-06-24 21:04:10,defensive,2026-06-24
자산가치,"콤스톡 마이닝, 레거시 광산 자산 4500만 달러에 매각",2026-06-24 19:04:56,defensive,2026-06-24
자산가치,"손정의 ""소뱅이 AI로봇 세계 1위될 것""",2026-06-24 18:04:41,defensive,2026-06-24
자산가치,"'상장 도우미' IR큐더스 ""저희도 상장합니다""",2026-06-24 17:57:32,defensive,2026-06-24
자산가치,죽었다던 가로수길…꼬마빌딩은 살아나네,2026-06-24 17:43:23,defensive,2026-06-24
자산가치,"CEA인더스트리즈, 2026회계연도 순이익 흑자전환·매출 649% 급증 발표",2026-06-24 17:21:14,defensive,2026-06-24
자산가치,"이영애·옥주현→이병헌 감독…KHS에이전시, 할리우드식 모델 승부수",2026-06-24 14:46:49,defensive,2026-06-24
자산가치,"“더 부자 된 서울 부자들”…460억 자산가 6220명, 증가율 세계 1위",2026-06-24 14:29:23,defensive,2026-06-24
자산가치,명동 눈스퀘어에 日 캡슐호텔 ‘퍼스트 캐빈’ 7월 오픈,2026-06-24 13:50:59,defensive,2026-06-24
자산가치,"KB운용, 서울 방화동서 영세 소상공인 지원",2026-06-24 11:34:05,defensive,2026-06-24
자산가치,"“지방채, 美월드컵 인프라 움직여…유망 투자처로”",2026-06-24 10:39:33,defensive,2026-06-24
자산가치,"“윤리·인권경영 확산 협력”…남부발전, 부산지역 공공기관 합동 권익위 ‘청렴라이브’ 개최",2026-06-24 09:17:48,defensive,2026-06-24
자산가치,"[美공시]샤프링크 게이밍, 최근 종가 대비 41% 프리미엄을 적용한 7,500만 달러 규모의 등록 직접 공모 발표",2026-06-24 08:20:41,defensive,2026-06-24
자산가치,"프로비덴트 파이낸셜 서비스, 아드리아노 두아르테 CFO 신규 임명",2026-06-24 06:13:26,defensive,2026-06-24
자산가치,"윌리스 리스 파이낸셜, 3대1 주식분할 주총 승인..7월 20일 효력 발생",2026-06-24 06:09:56,defensive,2026-06-24
자산가치,“들어갈 집 아니면 팔라” … 세금 엄포로 집값이 잡힐까,2026-06-24 05:20:00,defensive,2026-06-24
자산가치,"브로드웨이 파이낸셜, 1Q 순이익 110만 달러 흑자전환",2026-06-24 05:00:01,defensive,2026-06-24
자산가치,"하트 테스트 래버러토리즈, 디지털 자산 채굴기업 포티튜드와 합병 발표",2026-06-23 21:35:53,defensive,2026-06-23
자산가치,바이낸스 이사 “게임과 블록체인 두 번째 결합은 스테이블코인과 RWA”,2026-06-23 17:40:26,defensive,2026-06-23
자산가치,[김선걸칼럼] 신기루 같은 지표가 쏟아질 때,2026-06-23 17:25:31,defensive,2026-06-23
자산가치,김민승 코빗리서치센터장 “다가오는 온체인 금융 시대 대비해야”,2026-06-23 16:05:08,defensive,2026-06-23
자산가치,"[G-브리핑] ‘마이리틀셰프’, ‘연어 하우스’ 업데이트",2026-06-23 12:15:00,defensive,2026-06-23
자산가치,신축 클럽하우스로 새 100년 연다 한국 골프의 역사를 품은 서울한양CC,2026-06-23 09:47:48,defensive,2026-06-23
자산가치,송파구 종합 1위·수영구 매력도 1위…관광도시 경쟁력 순위 보니,2026-06-23 08:33:09,defensive,2026-06-23
자산가치,"법무법인 화우, “가상자산 제도화 앞서 ‘발행사협의회’ 구성해야”",2026-06-23 08:30:00,defensive,2026-06-23
자산가치,“개미 자금 블랙홀처럼 다 빨아들였는데”...사흘동안 24% 급락한 공룡기업,2026-06-23 07:44:00,defensive,2026-06-23
자산가치,"獨기업 인수, 허페이시 결단 ... 창신메모리를 만든 역사적 순간들",2026-06-23 05:00:00,defensive,2026-06-23
자산가치,"인보 퍼틸리티, 1분기 매출 20억 달러..전년비 23% 증가",2026-06-22 22:06:58,defensive,2026-06-22
자산가치,"리인슈어런스 그룹 오브 아메리카, 25년 경력 라우라 콕릴 신임 CFO 임명",2026-06-22 22:04:58,defensive,2026-06-22
자산가치,"NN, 2026년 매출 4억6330만 달러 전망..전년비 9.7%↑",2026-06-22 22:02:58,defensive,2026-06-22
자산가치,"엔리벡스 테라퓨틱스, RAIN 토큰 11억4천만 달러 보유..주당 NAV 4.67달러",2026-06-22 21:51:57,defensive,2026-06-22
자산가치,"CH4 내추럴 솔루션스, 22일 보통주·워런트 분리 거래 개시",2026-06-22 21:04:45,defensive,2026-06-22
자산가치,"퀀텀 이모션, 연례 주총서 전 안건 승인..양자보안 상업화 가속",2026-06-22 21:01:44,defensive,2026-06-22
자산가치,"아포지 테라퓨틱스, AbbVie에 109억 달러 인수..주당 135.11달러",2026-06-22 20:47:04,defensive,2026-06-22
자산가치,"파워뱅크, 뉴욕주 태양광 발전소 3곳 4.48MW 상업 가동",2026-06-22 20:12:02,defensive,2026-06-22
자산가치,"갈메드 파마슈티컬스, 콜로스판 인수 완료..총 대금 최대 530만 달러",2026-06-22 20:02:11,defensive,2026-06-22
자산가치,"MDA 스페이스, 블루캐년테크놀로지 6억2000만 달러 인수",2026-06-22 19:18:59,defensive,2026-06-22
자산가치,"PLDT, 자회사 디지털인프라 REIT 242억페소 규모 IPO 추진",2026-06-22 19:18:19,defensive,2026-06-22
자산가치,"바이오세레스 크롭 솔루션즈, 3분기 매출 3940만 달러..전년비 23% 감소",2026-06-22 19:17:09,defensive,2026-06-22
자산가치,“비트코인 믿고 있었다구”…부자아빠 기요사키가 함께 꼽은 투자처는?,2026-06-22 19:02:03,defensive,2026-06-22
자산가치,“이 불장에 운용사가 적자?”…10곳중 4곳은 고개 못든다는데,2026-06-22 19:00:00,defensive,2026-06-22
자산가치,"민선 9기 강원도정 구호 ‘강원을 특별하게, 도민을 행복하게’",2026-06-22 17:02:11,defensive,2026-06-22
자산가치,"“국평 27억에도 청약 마감”…동문건설, 노량진뉴타운 옆 ‘동작 센트럴 동문 디 이스트’ 7월 공급",2026-06-22 16:15:02,defensive,2026-06-22
자산가치,"아산나눔재단, ‘아산 유스프러너’ 데모데이 연다",2026-06-22 11:16:58,defensive,2026-06-22
자산가치,"이도에스테이트, ‘제4회 클럽디 아마추어 에코 챔피언십’ 23일 개최",2026-06-22 10:41:08,defensive,2026-06-22
자산가치,지방에선 중대형 아파트가 대세,2026-06-22 10:40:25,defensive,2026-06-22
자산가치,"“실패도 괜찮아!” 청소년 기업가정신 축제, ‘아산 유스프러너’ 데모데이가 주목받는 이유",2026-06-22 10:32:02,defensive,2026-06-22
자산가치,"에스엘플랫폼, 사명 ‘신영에스엘피’로…AI 부동산 운영 전문기업 도약",2026-06-22 09:49:05,defensive,2026-06-22
자산가치,"SK스퀘어, 증권사 목표가 상향에 강세…5.08%",2026-06-22 09:34:29,defensive,2026-06-22
자산가치,"[美공시]Chicago Atlantic BDC Inc, 시카고 애틀랜틱 리얼 에스테이트 파이낸스(Chicago Atlantic Real Estate Finance)와 최종 합병 계약 체결 발표… 성장을 위한 기반을 갖춘 대규모 BDC 출범",2026-06-22 08:45:58,defensive,2026-06-22
자산가치,“이 회사는 더 오를 호감도가 없다”…역대급 국민정서 보유한 국내기업,2026-06-22 06:00:15,defensive,2026-06-22
자산가치,“신축은 집 안 보고 산다”…고도제한 풀리는 ‘서울의 룰’,2026-06-22 04:00:00,defensive,2026-06-22
자산가치,"투자부동산 잘못 쓰면 회계위반…금감원, 중점심사 예고",2026-06-21 21:48:03,defensive,2026-06-21
자산가치,강남 테헤란로 사거리에 프라임 오피스 매물로,2026-06-21 18:06:04,defensive,2026-06-21
자산가치,강남 테헤란로 사거리에 대형 오피스빌딩 매물로,2026-06-21 17:51:35,defensive,2026-06-21
자산가치,"""주식·코인 투자 경계 허무는 서비스 선뵐 것""",2026-06-21 17:25:01,defensive,2026-06-21
자산가치,안티푸라민서 렉라자까지 '유한양행의 백년',2026-06-21 17:03:28,defensive,2026-06-21
자산가치,머스크 스페이스X 화려한 나스닥 데뷔…M7 대신 망고스·팹10 시대로,2026-06-20 10:36:11,defensive,2026-06-20
자산가치,“내 집값 올리는데 안 찍나” … 서울시장 만드는 결정적 변수,2026-06-20 05:00:00,defensive,2026-06-20
자산가치,"“유럽 상권서 배우자” 소진공, 공실상가 활용 방안 벤치마킹",2026-06-19 17:40:29,defensive,2026-06-19
자산가치,"사흘간 판교 달군 ‘NDC’, 강연과 대담은 물론 전시까지 ‘호응’",2026-06-19 15:30:10,defensive,2026-06-19
자산가치,"[단독] “조감도랑 너무 딴판” 조롱받던 디아드 청담, 1121억에 팔렸다",2026-06-19 14:53:34,defensive,2026-06-19
자산가치,"하우스사라, 업계 최초 ‘녹색금융’ 인정… AI 객실로 ‘탄소중립’ 도전",2026-06-19 13:03:00,defensive,2026-06-19
자산가치,조성익 텔레픽스 대표 | 우주 AI 혁명과 산업의 미래,2026-06-19 11:08:42,defensive,2026-06-19
자산가치,"신영증권, 신임 대표이사에 김대일 사장 선임… 각자 대표 체제로",2026-06-19 09:59:51,defensive,2026-06-19
자산가치,"신영證, 신임 대표에 ‘WM 전문가’ 김대일 사장 선임",2026-06-19 09:49:24,defensive,2026-06-19
자산가치,"오션팔, 사명 'SVRN, Inc.'로 변경..클래스 II 이사 2명 재선임",2026-06-19 06:27:45,defensive,2026-06-19
자산가치,"콤스톡 홀딩, 전 블랙스톤 부동산 전문가 허쉬 이사 선임",2026-06-19 06:10:44,defensive,2026-06-19
자산가치,"비바코, 바켄 원유 공급계약 체결..연 1억1500만 달러 매출 확보",2026-06-19 06:09:24,defensive,2026-06-19
자산가치,"센트러스 에너지, 세금자산 보호 위한 섹션 382 권리 협약 2029년까지 연장",2026-06-19 05:58:33,defensive,2026-06-19
자산가치,"SRx 헬스 솔루션스, EMJ 크립토 인수 완료..AI 기반 투자 플랫폼으로 전환",2026-06-19 02:50:57,defensive,2026-06-19
자산가치,달러 비싸 미국 주식 못 산다고?…환율 1500원시대 달라진 투자셈법 [데이터로 읽는 자산시장],2026-06-18 20:13:35,defensive,2026-06-18
자산가치,"솔AI, ADS 비율 1대100→1대700 변경..7월 6일 시행",2026-06-18 19:44:45,defensive,2026-06-18
자산가치,"타이탄 마이닝, 리차드 포제본 신임 CFO 선임..자원업계 23년 경력",2026-06-18 19:06:54,defensive,2026-06-18
자산가치,"장현국의 넥써쓰, 626억원에 토종 앱 마켓 ‘원스토어’ 품었다",2026-06-18 19:00:11,defensive,2026-06-18
자산가치,"금감원, 단일종목 레버리지 소비자경보…“하루 최대 60% 손실”",2026-06-18 18:40:33,defensive,2026-06-18
자산가치,"""스페이스X, 우주투자 대중화 문 열었다""",2026-06-18 17:42:18,defensive,2026-06-18
자산가치,넷마블 구로사옥 ‘지타워’ 7000억원에 매각 완료,2026-06-18 15:43:45,defensive,2026-06-18
자산가치,"블록체인 웹3 게임 컨퍼런스, RWA에서 스테이블코인까지 ‘한자리’",2026-06-18 12:49:39,defensive,2026-06-18
자산가치,"약 먹었더니 위암 확률 ‘절반’으로 뚝…한미, AI 지도로 암세포 전 단계서 막는다",2026-06-18 12:43:31,defensive,2026-06-18
자산가치,국경에 가로막힌 IT 자산 가격 불균형을 해킹하다,2026-06-18 10:49:01,defensive,2026-06-18
자산가치,"로지스틱 프로퍼티스, 페루 물류단지 매각으로 8,500만 달러 순자본 확보…멕시코 고수익 자산 재투자 기대",2026-06-18 05:30:55,defensive,2026-06-18
자산가치,달러 비싸서 미국 주식 못 산다고? … 환율 1500원 시대 달라진 투자 셈법,2026-06-18 04:00:00,defensive,2026-06-18
자산가치,"위샵홀딩스, 마리아 위버 신임 CEO 선임..미국 시장 확장 본격화",2026-06-17 22:16:46,defensive,2026-06-17
자산가치,[정지열의 스테이블코인 돌아보기] (9) 외환 감시망에 들어온 스테이블코인 ‘국경 없는 부의 이동’에 제동 걸리나,2026-06-17 17:40:14,defensive,2026-06-17
자산가치,공실 건물 호스텔로 리모델링 … '죽은 건물 살리기' 세미나,2026-06-17 17:23:47,defensive,2026-06-17
자산가치,"[매경춘추] 골목 서사, 세계를 품다",2026-06-17 17:20:13,defensive,2026-06-17
자산가치,빅테크가 점령한 한국 AI시장 … 인프라 자립에 국가경쟁력 달려,2026-06-17 16:12:42,defensive,2026-06-17
자산가치,“금리 올리면 제 주식은요?” 금융사 면접 단골 질문의 정답은 [경제교육 현장르포],2026-06-17 14:46:13,defensive,2026-06-17
자산가치,“예전엔 1억 있으면 먹고 산다 했는데”…요즘 물가론 얼마면 될까요? [경제교육 현장르포],2026-06-17 14:42:44,defensive,2026-06-17
자산가치,‘AI발 M&A 슈퍼사이클’…올해만 벌써 3900조 넘어,2026-06-17 10:29:47,defensive,2026-06-17
자산가치,출범 10주년 맞은 한국성장금융… “민간·정책·산업 잇는 파트너로”,2026-06-17 08:58:12,defensive,2026-06-17
자산가치,"콘두잇 파마슈티컬스, 630만 달러 기존 부채 전액 상환..신규 대출 146만 달러 체결",2026-06-17 06:01:51,defensive,2026-06-17
자산가치,"어반 그로, 말레이시아 T20 크리켓 리그 2026년 9월 출범",2026-06-17 05:41:01,defensive,2026-06-17
자산가치,"뉴젠IVF 그룹, 전환사채·워런트 전량 매입..희석 리스크 제거",2026-06-16 21:32:26,defensive,2026-06-16
자산가치,"싱귤레이트, ADHD 치료제 CTx-1301 첫 미국 특허 취득",2026-06-16 21:12:04,defensive,2026-06-16
자산가치,"F&G 어뉴어티스 앤 라이프, 코너 머피 신임 CEO 선임..크리스 블런트 은퇴",2026-06-16 20:05:01,defensive,2026-06-16
자산가치,"빈스 홀딩, 1분기 매출 6400만 달러·전년비 10.5% 성장",2026-06-16 20:04:51,defensive,2026-06-16
자산가치,"기가미디어, 에올루스 로보틱스 지분 33% 확대..AI 로봇 시장 진출 본격화",2026-06-16 19:06:39,defensive,2026-06-16
자산가치,"포워드 인더스트리즈, 스카이AI에 20% 프리미엄 인수 제안",2026-06-16 19:04:17,defensive,2026-06-16
자산가치,물류센터 공급 과잉에 … 선매입 계약 '1조 펑크',2026-06-16 17:32:09,defensive,2026-06-16
자산가치,"[단독] 수조원씩 부르던 물류센터, 거품 터졌다…선매입 계약 ‘1조 펑크’",2026-06-16 17:26:56,defensive,2026-06-16
자산가치,소버 큐리어스한 세상 주류 된 제로 알코올 이코노미,2026-06-16 15:06:07,defensive,2026-06-16
자산가치,"호주 광산재벌, 스페이스X에 10억달러 베팅",2026-06-16 14:54:07,defensive,2026-06-16
자산가치,시세이도 넘어선 에이피알…글로벌 톱티어에 도전장,2026-06-16 13:41:23,defensive,2026-06-16
자산가치,中배터리 공급망 장악 속 고려아연 ‘콕 집은’ 美싱크탱크 보고서,2026-06-16 11:30:48,defensive,2026-06-16
자산가치,"인사동 한옥 정비 쉬워진다...서울시, 용적률·건폐율 규제 대폭 완화",2026-06-16 11:20:00,defensive,2026-06-16
자산가치,‘형님’ 118% 오를 때 ‘동생’은 38% 상승…기아차 주주는 속 탄다,2026-06-16 11:17:40,defensive,2026-06-16
자산가치,"스페이스X, 상장 이틀 만에 시총 2.5조달러…IPO 조달액도 857억 달러로",2026-06-16 07:36:59,defensive,2026-06-16
자산가치,"뉴몬트 골드코프, CFO·COO·CTO 등 경영진 개편 단행",2026-06-16 06:23:01,defensive,2026-06-16
자산가치,“비싸게 사고 싸게 팔고 있었다”...하루 50건씩 터지는 ETF ‘괴리율 공포’,2026-06-16 06:09:20,defensive,2026-06-16
자산가치,"렌엑스 엔터프라이즈, 700만 달러 부채 우선주 전환..보통주 희석 없이 재무구조 개선",2026-06-16 06:02:00,defensive,2026-06-16
자산가치,"하이퍼스케일 데이터, 미시간 AI 컴퓨트 20MW 서비스 계약 협상 진행",2026-06-16 05:31:48,defensive,2026-06-16
자산가치,"도모, 1분기 매출 7,940만 달러..전략적 인수 협상 진행 중",2026-06-16 05:13:57,defensive,2026-06-16
자산가치,"처칠캐피털12, 17일부터 보통주·워런트 분리 거래 개시",2026-06-16 05:08:06,defensive,2026-06-16
자산가치,"젠맵, 오르비스 인베스트먼트 5% 주요주주 등극",2026-06-16 01:10:53,defensive,2026-06-16
자산가치,"B.라일리파이낸셜, SpaceX 간접지분 가치 7040만 달러로 평가받으며 시장의 주목을 받다",2026-06-15 22:32:00,defensive,2026-06-15
자산가치,"뉴셀엑스, AstroRx 다발성경화증 치료 효능 입증 논문 발표",2026-06-15 21:43:58,defensive,2026-06-15
자산가치,"트루이스트 파이낸셜, 마이클 라이언스 신임 CEO 선임..9월 취임",2026-06-15 21:09:46,defensive,2026-06-15
자산가치,"나노 디멘션, 인피니트 에피제네틱스 인수..기업가치 9억 달러",2026-06-15 20:49:55,defensive,2026-06-15
자산가치,"시나이 이뮤노테라퓨틱스, 1분기 357만 달러 흑자전환..Recipharm 인수효과",2026-06-15 19:50:03,defensive,2026-06-15
자산가치,변동성 장세에 ETF 괴리율 공시 급증,2026-06-15 17:54:33,defensive,2026-06-15
자산가치,"소기업 돈줄 막는 좀비기업 … 한은 ""25% 퇴출땐 생산성 개선""",2026-06-15 17:43:20,defensive,2026-06-15
자산가치,"[기고] 피지컬 AI 시대, 한국에 열린 기회",2026-06-15 17:12:13,defensive,2026-06-15
자산가치,와이시티서 몬드리안호텔까지…진격의 요진건설,2026-06-15 17:10:45,defensive,2026-06-15
자산가치,[정승환의 재계프리즘] '삼쏘 회동' 젠슨 황이 보여준 리더의 조건,2026-06-15 16:32:59,defensive,2026-06-15
자산가치,"24시간 버텨낸 제네시스, ‘르망’ 데뷔전서 고성능 잠재력 증명",2026-06-15 11:43:23,defensive,2026-06-15
자산가치,"아보랩스, AI로 언어 교육의 판을 뒤집다",2026-06-15 11:35:17,defensive,2026-06-15
자산가치,"“내년 최저시급 1만2000원 달라”…노동계, 16.3% 인상 요구",2026-06-15 10:36:31,defensive,2026-06-15
자산가치,중동 리스크 해소에 원화값 ‘껑충’…장중 1504원까지 뛰었다,2026-06-15 10:27:58,defensive,2026-06-15
자산가치,"키움운용, ‘미국우주데이터센터인프라’ 상장…스페이스X 최대 25% 투자",2026-06-15 10:25:06,defensive,2026-06-15
자산가치,"“기대했지만 설마했는데 해냈다”…‘무한도전’ 제네시스, ‘르망 24시 완주’ 대기록 달성",2026-06-15 09:39:17,defensive,2026-06-15
자산가치,"“외국인 국장 탈출, 이제 힘들 것”…돌아올 수 밖에 없는 강력 시그널은 [오늘 나온 보고서]",2026-06-15 08:59:08,defensive,2026-06-15
자산가치,“삼전닉스 담았다가 심장병 걸릴뻔”…중형주 대신 담으니 ‘안심’,2026-06-15 07:20:15,defensive,2026-06-15
자산가치,‘양날의 검’ 레버리지 ... 투자 전 이것부터 반드시 확인해야,2026-06-15 04:00:00,defensive,2026-06-15
자산가치,빌려서 살 땐 몰랐다 … 반대매매 폭탄 맞기 전 해야할 일,2026-06-15 04:00:00,defensive,2026-06-15
자산가치,"일본은행 31년 만의 기준금리 1%, 이번 주 엔화를 봐야 하는 이유",2026-06-15 04:00:00,defensive,2026-06-15
자산가치,"[Cover Story] 즐기고, 느끼고, 소비하라…‘경험’, 그 자체가 콘텐츠가 되는 시대",2026-06-14 22:36:36,defensive,2026-06-14
자산가치,"AI·디지털트윈 에너지 관리 … 킨텍스, 국책과제 사업 선정",2026-06-14 17:51:53,defensive,2026-06-14
자산가치,AI株 요동치자 … 유통·방산株로 '방어벽',2026-06-14 17:36:46,defensive,2026-06-14
자산가치,[뉴스&분석] 스페이스X 축포 쐈지만…'한국은 0주' 후폭풍,2026-06-14 17:26:57,defensive,2026-06-14
자산가치,변동장 이길 피난처 … '위대한 투자자' 특별강연서 한눈에,2026-06-14 17:17:59,defensive,2026-06-14
자산가치,"""ESG 금융, 에너지 산업에 초점 … 기업 해외진출 동반자 될것""",2026-06-14 16:14:16,defensive,2026-06-14
자산가치,“삼전닉스 양손에 쥐고…숨은 진주 ‘소부장’은 ETF로 담아라” [여의도란도란],2026-06-14 09:05:22,defensive,2026-06-14
자산가치,"서울자가 김부장, 무주택으로 돌아왔다…소설 탈을 쓴 부동산 과외 [Book]",2026-06-14 06:25:51,defensive,2026-06-14
자산가치,"“K팝, 음악 축제는 일본보다 뒤처진다?” 글로벌 축제 매력도 지수 보니[제철축제]",2026-06-13 20:56:40,defensive,2026-06-13
자산가치,"“기다린 보람 있었다”…스페이스X, 나스닥 데뷔 첫날 19%↑",2026-06-13 06:30:27,defensive,2026-06-13
자산가치,"스페이스X 19% 급등 데뷔…머스크, 첫 ‘1조달러 부자’ 등극",2026-06-13 05:52:31,defensive,2026-06-13
자산가치,"애쉬포드 호스피탈러티 트러스트, 1분기 순손실 7,050만 달러..호텔 매각으로 재무구조 개선",2026-06-13 05:20:31,defensive,2026-06-13
자산가치,쓰레기 넣으면 쓰레기 나올뿐 … 비즈니스 AI 본질은 데이터,2026-06-13 05:00:00,defensive,2026-06-13
자산가치,"스페이스X 상장 첫날…일부 플랫폼 마비, 경쟁사 주가는 줄줄이 하락",2026-06-13 03:31:17,defensive,2026-06-13
자산가치,"슬립 넘버, 캐나다 슬립컨트리와 합병..Chapter 11 절차 개시",2026-06-12 23:29:15,defensive,2026-06-12
자산가치,"이자벨라 뱅크, 그랜드 리버 커머스 5,460만 달러에 인수",2026-06-12 22:19:04,defensive,2026-06-12
자산가치,고환율에 인기 끈 달러보험… 금감원 자제령에 판매 축소,2026-06-12 18:02:37,defensive,2026-06-12
자산가치,"싱가포르 CBC그룹 ""제2의 휴젤 찾습니다""",2026-06-12 17:53:10,defensive,2026-06-12
자산가치,"코인시장, 스페이스X 성공 예상 … 공모가 대비 25% '웃돈' 거래",2026-06-12 17:53:09,defensive,2026-06-12
자산가치,큰손도 개미도 스페이스X로 몰려 … 美국채·금값까지 흔들렸다,2026-06-12 17:46:42,defensive,2026-06-12
자산가치,전력 확보가 AI 승패 가른다...데이터센터 초양극화,2026-06-12 17:11:07,defensive,2026-06-12
자산가치,"""GTX만 믿다간 후회"" 소설로 듣는 부동산과외",2026-06-12 17:03:52,defensive,2026-06-12
자산가치,[김의석의 슬기로운 AI생활],2026-06-12 16:51:14,defensive,2026-06-12
자산가치,"10개 호텔로 시작해 36개로… PHR 코리아, 창립 20주년 기념행사 개최",2026-06-12 16:34:45,defensive,2026-06-12
자산가치,"월가 품에 안긴 비트코인, 왜 더 흔들리나 [홍익희의 비트코인 이야기]",2026-06-12 16:05:36,defensive,2026-06-12
필수소비재,"“중국 패널 쓴 건 軍납품 받지마”…美정부 불호령, K디스플레이엔 청신호",2026.06.24 20:08,defensive,2026-06-24
필수소비재,"""中패널 쓰면 美군사용 납품불가""…K디스플레이 특수",2026.06.24 18:04,defensive,2026-06-24
필수소비재,"“MSCI 편입, 다들 호재라 믿지만”…외국인 자금 오히려 8조 빠진다는데",2026.06.17 09:25,defensive,2026-06-17
