keyword,제목,날짜,sector,date
금리,"금감원, 경기도 특사경과 불법사금융 점검 나선 이유는",1시간 전,rate_cash,2026-06-26
금리,"“밑도 끝도 없이 가격이 오르네”…뿔난 美 소비자들, 새 차 안 사고 만다",2시간 전,rate_cash,2026-06-26
금리,"“이번 월요일엔 계좌 못 볼 것 같네요”…美 반도체 폭락, 코스피에도 ‘전운’",5시간 전,rate_cash,2026-06-26
금리,"“더 간다” VS “조정장 온다”…“코스피 만이천피 간다” 파격 전망도, 변수는",6시간 전,rate_cash,2026-06-26
금리,美반도체 지수 5일 하루에만 10% 폭락.. 삼전닉스 괜찮을까,23시간 전,rate_cash,2026-06-26
금리,"“너만 혼자 거지될래?”…예금 깨고 나온 돈, 우주항공·AI ETF로 향한다",2026.06.06 15:26,rate_cash,2026-06-06
금리,"“돈 퍼부어 코스피만 올리면 되나”…안철수, 이 대통령에 ‘환율 대책 TF’ 요구",2026.06.06 15:01,rate_cash,2026-06-06
금리,“여기까지 올라오니 1만피가 저기 보이네”…6월 쉬어가도 천장 열려있다,2026.06.06 07:24,rate_cash,2026-06-06
금리,"유니티 그룹, 11억 달러 규모 광섬유 담보 ABS 채권 발행",2026.06.06 06:24,rate_cash,2026-06-06
금리,"버크스 그룹, 3,250만 캐나다달러 신규 대출 및 리볼버 확대 완료",2026.06.06 06:16,rate_cash,2026-06-06
금리,"피나클 웨스트 캐피탈, 5억 달러 선순위 채권 발행비용 130만 달러 소요",2026.06.06 05:04,rate_cash,2026-06-06
금리,전부 반도체에 올인할 때 … 버핏 후계자는 ‘여기’ 베팅했다,2026.06.06 05:00,rate_cash,2026-06-06
금리,"매뉴라이프 파이낸셜, 시리즈3 우선주 800만주 발행..연 4.64% 배당",2026.06.06 01:13,rate_cash,2026-06-06
금리,“외국인 연일 조 단위로 던지더니”…환율 ‘초비상’ 1550원선도 돌파,2026.06.05 23:11,rate_cash,2026-06-05
금리,美 신규고용 예상치 2배 상회 … 기준금리 인상론에 힘 실린다,2026.06.05 23:01,rate_cash,2026-06-05
금리,"헛8, 43억 달러 채권 발행에 2028년까지 적자 지속 전망 부각",2026.06.05 22:43,rate_cash,2026-06-05
금리,[속보] 미국 ‘깜짝 고용수치’에 美국채금리 급등…30년물 5.0% 돌파,2026.06.05 21:44,rate_cash,2026-06-05
금리,"로그프로스타일, 2026년 3월기 매출 29% 감소·순이익 99% 급감",2026.06.05 21:17,rate_cash,2026-06-05
금리,"헛 8, 352MW 데이터센터 건설에 43억 달러 채권 발행",2026.06.05 20:37,rate_cash,2026-06-05
금리,"유나이티드 마이크로일렉트로닉스, 5월 매출 229억 대만달러..전년비 18% 증가",2026.06.05 19:10,rate_cash,2026-06-05
금리,"토론토 도미니언 뱅크, 12억5000만 캐나다달러 규모 AT1 자본증권 발행",2026-06-05 19:03:50,rate_cash,2026-06-05
금리,NH투자증권 회사채 수요예측서 2.1조 몰려,2026-06-05 18:12:21,rate_cash,2026-06-05
금리,원화값 1555원까지 밀려 … 외국인 주식 팔고 수출기업은 환전 늦춰,2026-06-05 17:58:22,rate_cash,2026-06-05
금리,美 테크기업 JX 가속에 … 일자리 감축 2년來 최대,2026-06-05 17:54:55,rate_cash,2026-06-05
금리,본업보다 투자로 돈번 저축銀 유가증권 보유액 35% 늘어,2026-06-05 17:46:17,rate_cash,2026-06-05
금리,[필동정담] K자 양극화,2026-06-05 17:24:09,rate_cash,2026-06-05
금리,계속되는 고금리에 ‘깡통대출’ 급증세 [데이터로 보는 세상],2026-06-05 16:43:26,rate_cash,2026-06-05
금리,성적표 어떻길래…첩첩산중 신한라이프,2026-06-05 15:09:15,rate_cash,2026-06-05
금리,"“숨 구멍은 여기뿐”…인뱅, ‘개인사업자 대출’에 사활",2026-06-05 14:40:35,rate_cash,2026-06-05
금리,배터리 반등은 전기차 덕분?…나도 있다,2026-06-05 14:28:07,rate_cash,2026-06-05
금리,‘금리 인상’ 정해진 미래…영끌·빚투족 비상,2026-06-05 14:12:23,rate_cash,2026-06-05
금리,K증시 뉴웨이브…기세등등 ‘리테일 머니’,2026-06-05 10:46:52,rate_cash,2026-06-05
금리,"“국장에서 던지고 달러 쓸어담는다”...환율 발작, 달러당 1550원 눈앞",2026-06-05 10:37:47,rate_cash,2026-06-05
금리,머니무브 가속…모험자본 마중물로,2026-06-05 10:35:01,rate_cash,2026-06-05
금리,달러당 원화값 장중 1540원대 돌파…금융위기 이후 최초,2026-06-05 10:21:46,rate_cash,2026-06-05
금리,"“휴전도 했는데 왜?” … 1550원 뛰어넘은 환율, 공포 키우는 3가지 변수",2026-06-05 09:52:46,rate_cash,2026-06-05
금리,"B&G 푸즈, 4억7500만 달러 규모 11% 선순위 담보부 채권 발행",2026-06-05 06:01:53,rate_cash,2026-06-05
금리,"LifeGoal Wealth Builder ETF, 2027 회계연도 1분기 매출 9050만 달러..7% 증가·EPS 61% 감소",2026-06-05 05:18:47,rate_cash,2026-06-05
금리,정부 구두개입에도…원화값 1540원대 급락,2026-06-04 23:17:38,rate_cash,2026-06-04
금리,"“언제 반등할 수 있을까”…비트코인, 시가 총액 5위→14위로 추락",2026-06-04 22:41:22,rate_cash,2026-06-04
금리,"굿이어 타이어 & 러버, 10억5000만 달러 규모 선순위 채권 발행",2026-06-04 21:30:54,rate_cash,2026-06-04
금리,"신닥스 파마슈티컬스, 2억5000만 달러 규모 전환사채 발행",2026-06-04 20:17:51,rate_cash,2026-06-04
금리,사회복지인 지원 강화…‘한국사회복지공제회-우리은행’ 업무협약 체결,2026-06-04 19:23:08,rate_cash,2026-06-04
금리,"큐엑스오, 톱빌드 인수 위해 30억 달러 선순위 채권 발행",2026-06-04 19:03:59,rate_cash,2026-06-04
금리,"SK브로드밴드, 회사채 1100억발행 추진…수요예측서 주문 5900억 몰려",2026-06-04 18:11:31,rate_cash,2026-06-04
금리,2천억 모집 신한은행 후순위채…수요예측서 4300억 주문 확보,2026-06-04 18:10:50,rate_cash,2026-06-04
금리,"정부, 환율 구두개입에도 … 원화값 1540원대로 밀려",2026-06-04 18:06:48,rate_cash,2026-06-04
금리,환율 어느새 1540원대까지 …'성공의 비용' 인식 안이하다 [사설],2026-06-04 17:36:04,rate_cash,2026-06-04
금리,‘경제부총리’에서 ‘대구시장’으로…추경호 당선인 “대구 경제 대혁신 추진”,2026-06-04 17:12:51,rate_cash,2026-06-04
금리,“침체 길어지면서 장기 투자자도 팔았다”…앞으로도 계속?,2026-06-04 15:55:35,rate_cash,2026-06-04
금리,[Part 4] 부동산시장 자금 흐름은 | 꽁꽁 묶인 규제와 줄어든 공급 부동산시장 ‘초양극화’ 오나,2026-06-04 15:39:37,rate_cash,2026-06-04
금리,“구포터널·서부산 AI 밸리 공약 가시화”…부산 수혜 예상 단지 어딘가 보니,2026-06-04 14:34:09,rate_cash,2026-06-04
금리,[홍장원 특파원의 월스트리트 인사이트] 장기금리 상승의 역습에도 시장 관심이 여전히 반도체·AI인 이유,2026-06-04 14:18:08,rate_cash,2026-06-04
금리,선거 끝나자 환율 1530원 직행…“1500원대 뉴노멀 될라” 우려,2026-06-04 14:06:58,rate_cash,2026-06-04
금리,‘경제검찰’ 공정위 과징금 1.7조 역대 최고...“물가 잡는 효자” vs “과도한 규제”,2026-06-04 11:39:21,rate_cash,2026-06-04
금리,"금리인상이 호재?…13% 급등에 신고가 ‘삼성화재’[오늘, 이 종목]",2026-06-04 10:40:46,rate_cash,2026-06-04
금리,“시장 조정은 매수 기회”…코스피 목표치 ‘1만 피’ 훌쩍 뛰어넘는 전망 잇따라,2026-06-04 09:24:34,rate_cash,2026-06-04
금리,"아웃프론트 미디어, 5억 달러 규모 2034년 만기 채권 발행",2026-06-04 06:23:52,rate_cash,2026-06-04
금리,"ATI, 4억5000만 달러 선순위 채권 발행..2027년 만기 채권 조기 상환",2026-06-04 06:13:42,rate_cash,2026-06-04
금리,"TTM 테크놀러지스, 10억 달러 회전신용 및 4억 달러 TLB 재가격 완료",2026-06-04 06:01:51,rate_cash,2026-06-04
금리,"“같이 퇴사한 동기와 연금 격차 심해”… 월 수십만원 차이, 이유는",2026-06-04 05:00:00,rate_cash,2026-06-04
금리,"일본도 “반도체 가즈아”…시총 169위였던 키옥시아, 1년만에 2위로",2026-06-04 03:54:34,rate_cash,2026-06-04
금리,“아리팍·원베일리 성공 전에 사실은”…‘재건축의 신’ 만든 두 번의 실패,2026-06-04 00:12:55,rate_cash,2026-06-04
금리,"폴스타 오토모티브, 대출 만기 연장에도 3년 연속 적자 전망 부담",2026-06-03 23:40:42,rate_cash,2026-06-03
금리,“환율 13거래일째 1500원대”…2009년 금융위기 기록 넘었다,2026-06-03 22:19:25,rate_cash,2026-06-03
금리,"폴스타 오토모티브 홀딩, 대출 만기 2027년까지 연장·금리 3.2%로 조정",2026-06-03 22:17:40,rate_cash,2026-06-03
금리,"ATI, 7년 만기 선순위 채권 발행..2027년 만기 채권 조기 상환",2026-06-03 21:48:48,rate_cash,2026-06-03
금리,"컴캐스트, 41억 달러 규모 선순위 채권 공개매수 완료",2026-06-03 21:42:58,rate_cash,2026-06-03
금리,"日도 AI 열풍 … 키옥시아 시총, 한때 도요타 제쳐",2026-06-03 20:49:04,rate_cash,2026-06-03
금리,"""코스피 1만2000까지 상승할것"" 한달만에 또 올린 골드만삭스",2026-06-03 20:30:14,rate_cash,2026-06-03
금리,"케논 홀딩스, 자회사 OPC 하데라 발전소 확장에 17억 달러 금융·EPC 계약",2026-06-03 19:08:20,rate_cash,2026-06-03
금리,"아치 캐피탈 그룹, 20억 달러 선순위 채권 공모..기존 채무 차환",2026-06-03 19:07:50,rate_cash,2026-06-03
금리,"유나이티드 마이크로일렉트로닉스, 160억 대만달러 규모 무보증 전환사채 발행 결의",2026-06-03 19:07:10,rate_cash,2026-06-03
금리,"나경원 “이 대통령, 거울치료 시급…국민의힘에 견제할 힘 달라”",2026-06-03 16:10:14,rate_cash,2026-06-03
금리,증권맨 억대 성과급 받을때…‘억대 퇴직금’ 들고 나간 은행원 2500명,2026-06-03 15:21:14,rate_cash,2026-06-03
금리,"“그 동네 셔틀 가나요?”…‘반도체 머니’ 넘치는 동탄, 부동산 실검도 싹쓸이",2026-06-03 15:00:48,rate_cash,2026-06-03
금리,코스피 랠리 속 증권주 뒷걸음질…주도주 쏠림·금리 변동성 탓,2026-06-03 10:01:26,rate_cash,2026-06-03
금리,"매경이 전하는 세상의 지식 (매-세-지, 6월 3일)",2026-06-03 07:00:00,rate_cash,2026-06-03
금리,"월풀, 20억 달러 후순위채권 발행..기존 채무 조기상환",2026-06-03 06:27:03,rate_cash,2026-06-03
금리,"브룩필드 리뉴어블 파트너스, 1억5000만 캐나다달러 규모 우선주 발행",2026-06-03 06:13:33,rate_cash,2026-06-03
금리,"브룩필드 리뉴어블, 1억5000만 캐나다달러 규모 우선주 발행",2026-06-03 06:12:53,rate_cash,2026-06-03
금리,"페넌트파크 플로팅 레이트 캐피탈, 6월 배당금 0.0833달러 확정",2026-06-03 05:08:38,rate_cash,2026-06-03
금리,“아리팍·원베일리 성공 전에 사실은” … ‘재건축의 신’ 만든 두 번의 실패,2026-06-03 04:00:00,rate_cash,2026-06-03
금리,"아치 캐피탈 그룹, 자회사 부채 증권 3억5000만 달러 공개 매입 입찰 발표",2026-06-02 21:57:55,rate_cash,2026-06-02
금리,"애비애나 헬스케어 홀딩스, Family First 인수 완료..2026년 매출 26억달러 상향",2026-06-02 20:32:30,rate_cash,2026-06-02
금리,"엠파이어 스테이트 리얼티, 1분기 조정 EBITDA 8천만 달러..전년比 2.5% 증가",2026-06-02 19:11:07,rate_cash,2026-06-02
금리,"엠파이어 스테이트 리얼티 트러트스, 1분기 EBITDA 8029만 달러..전년비 2.5%↑",2026-06-02 19:10:36,rate_cash,2026-06-02
금리,"오시스코 디벨롭먼트, 3억 달러 전환사채 발행 완료",2026-06-02 19:07:06,rate_cash,2026-06-02
금리,"텔레플렉스, 5억 달러 선순위채권 발행..2027년 만기채 조기상환",2026-06-02 19:05:45,rate_cash,2026-06-02
금리,"브룩필드, 시리즈24 우선주 배당률 5.432%로 재설정",2026-06-02 19:03:35,rate_cash,2026-06-02
금리,"벤처 글로벌, 22억5000만 달러 선순위 담보부 채권 발행 추진",2026-06-02 19:02:55,rate_cash,2026-06-02
금리,“중동전쟁 때문에 더 팍팍”…고물가·고금리·고환율 ‘삼중고’ 오나,2026-06-02 18:37:27,rate_cash,2026-06-02
금리,[뉴스&분석] 8천피 환호 속 불안 … 환율·물가·금리 '3高',2026-06-02 17:53:41,rate_cash,2026-06-02
금리,코스피 매도 쏟아낸 외국인…거래대금 비중 되레 늘었네,2026-06-02 17:51:16,rate_cash,2026-06-02
금리,'원화 약세=경제 위기' 공식 흔들린 3가지 이유,2026-06-02 17:46:27,rate_cash,2026-06-02
금리,"“수상한 숫자 20, 닷컴버블과 닮았네”…월가가 주목한 거품 붕괴 신호",2026-06-02 16:49:29,rate_cash,2026-06-02
금리,원화값 1510원에도 정부가 느긋한 이유… “반도체 호황이 환율 공포 눌렀다?”,2026-06-02 16:35:07,rate_cash,2026-06-02
금리,3%대 올라선 물가…최고가격제 착시 걷으면 더 심각 [사설],2026-06-02 16:34:24,rate_cash,2026-06-02
금리,[Part 3] 실물자산 투자 로드맵 | 성장세 여전한 금·반등 나선 은 장신구서 투자 자산으로,2026-06-02 16:33:56,rate_cash,2026-06-02
금리,일타 PB의 금융상품 뜯어보기 [금리 전망과 투자 전략],2026-06-02 16:29:55,rate_cash,2026-06-02
금리,"경과원, ‘2026 중소기업 동향 보고서’ 발간…“양적 성장 넘어 질적 전환 필요”",2026-06-02 15:59:38,rate_cash,2026-06-02
금리,“오르는 종목만 오르네”…코스피 9000 바라보고 있지만 쏠림은 심해져,2026-06-02 15:48:01,rate_cash,2026-06-02
금리,"블루코브, 세계 5대 연기금 CPPIB와 국내 호텔 투자 법인 설립",2026-06-02 14:00:03,rate_cash,2026-06-02
금리,“내 주식 떨어진 이유 있었네”...대형주 33% 뛸 때 중소형주 하락,2026-06-02 11:12:10,rate_cash,2026-06-02
금리,［기고］지정학적 리스크 프리미엄/문정빈 고려대 경영대학 교수,2026-06-02 10:50:25,rate_cash,2026-06-02
금리,“집 경매 넘어가면 보증금 어쩌나요”…금리인상 땐 단독·다가구 세입자 ‘최종피해’,2026-06-02 10:45:11,rate_cash,2026-06-02
금리,바다·산·강… 자연환경 조망 아파트 인기 많네,2026-06-02 10:30:28,rate_cash,2026-06-02
금리,"경매 넘겨져 주인 바뀐 부동산, 서울서 1년 새 25.2%↑…강남은 ‘최소’",2026-06-02 10:06:30,rate_cash,2026-06-02
금리,“수억 보너스 받아서 차 사고 여행 가는데”…집세·밥값 허덕이는 저소득층,2026-06-02 09:55:01,rate_cash,2026-06-02
금리,"“최대 250만원 할인”…쉐보레, 6월 ‘홈커밍 페스티벌’ 혜택 강화",2026-06-02 09:13:19,rate_cash,2026-06-02
금리,대국민 호소 나선 장동혁…“투표만이 내 재산과 후손 미래 지켜”,2026-06-02 09:06:20,rate_cash,2026-06-02
금리,“한은 금리인상론 힘 실리나”…기름값 24% 뛰더니 물가 다시 3% 뚫어,2026-06-02 08:20:07,rate_cash,2026-06-02
금리,‘대마불사 소마필사’ 국장1원칙 됐다…이 불장에 14% 떨군 소형주,2026-06-02 06:44:48,rate_cash,2026-06-02
금리,"TPG RE 파이낸스 트러스트, 1분기 EPS 0.25달러·전년比 5.3% 증가",2026-06-02 06:25:39,rate_cash,2026-06-02
금리,"노블, 8억 달러 선순위 채권 발행..고금리 부채 상환 추진",2026-06-02 06:09:48,rate_cash,2026-06-02
금리,"리버티 라틴 아메리카, 9% 고정금리 우선주 특별배당 실시",2026-06-02 05:52:27,rate_cash,2026-06-02
금리,"브레마 호텔&리조트, 파크 하얏트 비버크릭 리조트 1.76억 달러 매각 완료",2026-06-02 05:14:23,rate_cash,2026-06-02
금리,"인더스트리얼 로지스틱스, 1분기 조정 EBITDAre 8,699만 달러..전년비 2.0% 증가",2026-06-02 05:09:52,rate_cash,2026-06-02
금리,매물 1만개 사라진 서울 … 압구정 110억·흑석 49억 신고가 쏟아져,2026-06-02 04:00:00,rate_cash,2026-06-02
금리,중국판 삼전닉스 등판 예고 … 창신·양쯔메모리 올해 상장,2026-06-02 04:00:00,rate_cash,2026-06-02
금리,"원 리버티 프로퍼티즈, 2억4600만 달러 산업용 부동산 추가 매입",2026-06-02 01:52:09,rate_cash,2026-06-02
금리,"B&G 푸즈, 4억7500만 달러 채권 발행..기존 부채 조기상환",2026-06-02 00:56:48,rate_cash,2026-06-02
금리,"이노베이트, 방송부문 지분 매각과 1억500만 달러 재융자로 재무구조 개선",2026-06-01 23:41:06,rate_cash,2026-06-01
금리,"오시스코 디벨롭먼트, 3억 달러 전환사채 발행 완료..캐리부 골드 프로젝트 개발 가속",2026-06-01 21:17:17,rate_cash,2026-06-01
금리,"노블, 5억 달러 무담보 선순위 채권 발행..8.5% 담보부 채권 조기 상환",2026-06-01 21:06:26,rate_cash,2026-06-01
금리,"텔레플렉스, 5억 달러 규모 2032년 만기 선순위 채권 발행",2026-06-01 21:05:26,rate_cash,2026-06-01
금리,"선스톤 호텔 인베스터스, 1분기 조정 FFO 29% 급증..연간 가이던스 상향",2026-06-01 20:32:54,rate_cash,2026-06-01
금리,"인비테이션 홈즈, 2026년 EPS 0.76달러 전망..전년비 20.9%↓",2026-06-01 19:47:01,rate_cash,2026-06-01
금리,“버텨봤자 빚만 늘어나겠죠”...이자 못 갚아 파산하는 중소기업 폭증,2026-06-01 18:47:15,rate_cash,2026-06-01
금리,"대한항공, 회사채 수요예측서 목표액 5배 자금 확보",2026-06-01 18:26:19,rate_cash,2026-06-01
금리,2천억 회사채 발행 롯데쇼핑…수요예측서 1조원 주문받아,2026-06-01 18:25:56,rate_cash,2026-06-01
금리,"삼성전자·우선주 하루만에 두자릿수 급등 … 일각선 ""변동성 주의""",2026-06-01 18:03:18,rate_cash,2026-06-01
금리,"""韓 반도체 슈퍼사이클에 통화정책 운용 여력 충분""",2026-06-01 17:58:36,rate_cash,2026-06-01
금리,中企는 고금리·불황에 신음 … 법인파산 3년새 2.3배 급증,2026-06-01 17:54:44,rate_cash,2026-06-01
금리,반도체 호황에…은행 기업예금 37조 급증,2026-06-01 17:54:43,rate_cash,2026-06-01
금리,"버핏 후계자의 첫 빅딜 버크셔, 美건설사 인수",2026-06-01 17:48:35,rate_cash,2026-06-01
금리,"""큰놈만 오른다""…대형주 33% 뛸때 소형주 14% 하락",2026-06-01 17:48:02,rate_cash,2026-06-01
금리,메모리값 폭등에 TV·스마트폰 원가 껑충,2026-06-01 17:37:52,rate_cash,2026-06-01
금리,[노영우의 스톡피시] 신현송·김용범의 엇갈린 성장률 해석,2026-06-01 17:33:54,rate_cash,2026-06-01
금리,[특파원칼럼] 일본에 날아든 '재정 중독' 청구서,2026-06-01 17:33:54,rate_cash,2026-06-01
금리,"한은총재, 마이크 잡을 때마다 그 소리…“성장 강력하다” 또 금리인상 시사",2026-06-01 17:30:42,rate_cash,2026-06-01
금리,"[단독] 불장에 불어난 현금, 은행에 넣는다…기업 뭉칫돈 한달새 37조 몰려",2026-06-01 17:23:14,rate_cash,2026-06-01
금리,[Part 1] 증시 어디까지 | 8천피 고지 찍고 급등락 1만피 전망 두고 ‘同床異夢’,2026-06-01 17:16:52,rate_cash,2026-06-01
금리,증시 활황에 머니무브,2026-06-01 15:59:09,rate_cash,2026-06-01
금리,“삼전처럼 5억 대출해달라”…SK하이닉스 임협 ‘전운’,2026-06-01 13:55:00,rate_cash,2026-06-01
금리,“통장에 10억 없으면 경비 일 알아봐야”...4900조 ‘연금천국’에 무슨 일이,2026-06-01 13:19:10,rate_cash,2026-06-01
금리,송언석 “권력의 맛에 도취한 집권 세력…최소한 견제 해야”,2026-06-01 13:12:17,rate_cash,2026-06-01
금리,“대표팀 4강 가면 연 11%” 하나은행 축구 응원 적금,2026-06-01 11:03:33,rate_cash,2026-06-01
금리,"한국투자증권, 일본 엔화 RP 투자 서비스 출시",2026-06-01 10:45:49,rate_cash,2026-06-01
금리,버핏 후계자 ‘10조 현찰박치기’ 베팅…반도체도 AI도 아니라는데,2026-06-01 10:31:30,rate_cash,2026-06-01
금리,"[美공시]""퍼스트 커뮤니티: 전략적 성장과 조지아 시그니처 은행 인수를 반영한 개요 및 2026년 1분기 주요 실적""",2026-06-01 08:47:00,rate_cash,2026-06-01
금리,메모리 가격 2배 폭등…삼성·LG 전자제품 원가부담 껑충,2026-06-01 06:54:05,rate_cash,2026-06-01
금리,"“삼전닉스 더 담을까?” … 액셀 밟은 코스피, 브레이크 시점은",2026-06-01 04:00:00,rate_cash,2026-06-01
금리,[매일경제TV] 지방선거 이후 주도주는,3분 전,rate_cash,2026-06-26
현금확보,"고릴라 테크놀러지, 1억700만 달러 전환사채 발행 계약 체결",2026.06.06 06:11,rate_cash,2026-06-06
현금확보,"하워드 휴즈, 밴티지 그룹 21억 달러 인수 완료..다각화 지주사 전환",2026.06.06 06:03,rate_cash,2026-06-06
현금확보,"아르코사, 2026년 가이던스 상향..조정 EBITDA 5.5~5.9억 달러",2026.06.06 05:49,rate_cash,2026-06-06
현금확보,"뉴셀엑스, 2026년 6월 30일 연례 주주총회 개최..자본확대 안건 상정",2026.06.06 05:34,rate_cash,2026-06-06
현금확보,"리스키파이드, 7500만 달러 자사주 매입 프로그램 추가 승인",2026.06.06 05:05,rate_cash,2026-06-06
현금확보,"키엘 인프라스트럭처, 4억 달러 전환사채 발행..데이터센터 확장 자금 확보",2026.06.05 21:44,rate_cash,2026-06-05
현금확보,"USA 레어 어스, 1분기 762억 달러 순손실·주당 0.23달러 적자 기록",2026.06.05 20:53,rate_cash,2026-06-05
현금확보,"[속보] 검찰, ‘관봉권 띠지 폐기’ 의혹 무혐의 처분 “증거 없어”",2026.06.05 20:13,rate_cash,2026-06-05
현금확보,"ABM 인더스트리즈, 2분기 매출 23억 달러..전년비 8.4% 증가",2026.06.05 20:08,rate_cash,2026-06-05
현금확보,"세레즈 테라퓨틱스, 네슬레와 2,500만 달러 계약·운영 자금 2027년 1분기까지 확보",2026.06.05 20:06,rate_cash,2026-06-05
현금확보,"알몬티 인더스트리스, 7억 달러 규모 전환사채 발행 완료",2026.06.05 19:21,rate_cash,2026-06-05
현금확보,"TRX 골드, 3분기 금 생산 58% 급증·7,426온스 달성",2026.06.05 19:17,rate_cash,2026-06-05
현금확보,"레이크프론트 바이오테라퓨틱스, 길리어드와 오우로 메디신스 16.8억 달러 인수 완료",2026.06.05 19:10,rate_cash,2026-06-05
현금확보,ADR 뭐기에…‘美 상장 티켓’ 떠오르나,2026.06.05 15:10,rate_cash,2026-06-05
현금확보,"실적 좋은데 카카오는 날 수 없다, 왜?",2026.06.05 15:04,rate_cash,2026-06-05
현금확보,‘압여목성’ 80조 시공권…첫 깃발은 누구 [감평사의 부동산 현장진단],2026.06.05 14:36,rate_cash,2026-06-05
현금확보,"LG생건은 안 판다는데…여전한 코카콜라 매각설, 왜? [재계톡톡]",2026.06.05 14:10,rate_cash,2026-06-05
현금확보,"가상자산 1천만원 이상 이전거래 ‘일괄보고’ 안 한다…FIU, 업계 자율관리로 선회",2026.06.05 13:45,rate_cash,2026-06-05
현금확보,영업이익 71% 급증도 놀라운데…유니클로 부활에 롯데쇼핑 ‘배당 잭팟’ 기대,2026.06.05 12:38,rate_cash,2026-06-05
현금확보,삼성전자 박차고 나오더니 ... 英 심장부 피카딜리에 K컬처 공간 열어 ‘대박’,2026-06-05 11:08:17,rate_cash,2026-06-05
현금확보,개인 자금 모아 초대형 IB 실탄으로,2026-06-05 10:31:48,rate_cash,2026-06-05
현금확보,“중국산 배터리 빈자리는 한국이”…부활 날갯짓하는 K배터리,2026-06-05 09:19:10,rate_cash,2026-06-05
현금확보,"키엘 인프라스트럭처, 3.5억 달러 규모 전환사채 발행 추진",2026-06-05 06:13:04,rate_cash,2026-06-05
현금확보,"데이터볼트 AI, 20억 달러 규모 구조화 금융 계약 체결",2026-06-05 06:08:04,rate_cash,2026-06-05
현금확보,"탑빌드, QXO 인수합병 대금 선택 마감 6월 29일..주당 505달러 또는 QXO 주식 20.2주",2026-06-05 05:45:49,rate_cash,2026-06-05
현금확보,"페이트 테라퓨틱스, 1분기 운영비 20% 절감..루푸스 신염 2상 하반기 개시",2026-06-05 05:39:09,rate_cash,2026-06-05
현금확보,"쿠퍼, 2분기 매출 11억 달러·비GAAP EPS 1.21달러 기록",2026-06-05 05:28:48,rate_cash,2026-06-05
현금확보,"애쉬포드 호스피탈러티 트러스트, 시카고 호텔 매각..1,590만 달러 현금 확보",2026-06-05 05:15:07,rate_cash,2026-06-05
현금확보,"토리드 홀딩스, 1분기 매출 2억4580만 달러..가이던스 상회",2026-06-05 05:14:47,rate_cash,2026-06-05
현금확보,"도큐사인, 1분기 매출 8억3020만 달러..전년비 9% 증가",2026-06-05 05:10:16,rate_cash,2026-06-05
현금확보,"엔브이니 그룹, 라틴아메리카 AI 권위자 카라마스치 전략고문 영입",2026-06-05 05:07:45,rate_cash,2026-06-05
현금확보,"“자동차 만든 남자, 시장을 만든 아내” … ‘벤츠 신화’ 탄생시킨 100km 질주",2026-06-05 05:00:00,rate_cash,2026-06-05
현금확보,“삼성역 30분 신축 아파트 선점할까” … 임장러 몰리는 ‘불대갈’ 투자지도,2026-06-05 04:00:00,rate_cash,2026-06-05
현금확보,"캔터베리 파크 홀딩스, 2026년 시가배당률 1.79%·주당 0.28달러 배당 전망",2026-06-05 00:01:41,rate_cash,2026-06-05
현금확보,"헬스 캐털리스트, 바이탈웨어 1억4700만 달러에 매각..부채 상환 추진",2026-06-04 22:11:57,rate_cash,2026-06-04
현금확보,"OCEANHAWK ACQUISITION CORP, IPO 오버알로트먼트 행사로 2,400만 달러 추가 조달",2026-06-04 21:53:56,rate_cash,2026-06-04
현금확보,"에이트코 홀딩스, 총자산 4.4억 달러..오픈AI 지분 9천만 달러 보유",2026-06-04 21:47:05,rate_cash,2026-06-04
현금확보,"뉴젠IVF 그룹, K25.ai 지분 6%로 확대..디지털 자산 전략 본격화",2026-06-04 21:32:24,rate_cash,2026-06-04
현금확보,"U.S. 에너지, 빅스카이인더스트리얼로 사명 변경..헬륨·탄소관리 집중",2026-06-04 20:02:11,rate_cash,2026-06-04
현금확보,"콜롬버스 맥키넌, 2026회계연도 매출 24% 증가·2억3천만 달러 순손실",2026-06-04 19:45:00,rate_cash,2026-06-04
현금확보,"엑스에너지, 1분기 매출 4,340만 달러..전년비 109% 급증",2026-06-04 19:07:30,rate_cash,2026-06-04
현금확보,"이페리온엑스, Titan 프로젝트 DFS 완료..세후 NPV 8억달러·IRR 39%",2026-06-04 19:05:09,rate_cash,2026-06-04
현금확보,"페이페이, 일본 T&D생명 70% 지분 1조8천억원에 인수",2026-06-04 19:04:59,rate_cash,2026-06-04
현금확보,"트랜스알타, 10억 달러에 318MW 가스발전소 인수..3.5억 달러 자사주 공모",2026-06-04 19:04:39,rate_cash,2026-06-04
현금확보,"넷마블, 구로 지타워 6977억에 매각",2026-06-04 17:51:55,rate_cash,2026-06-04
현금확보,[매경데스크] 청년을 중소기업 'AI 전사'로,2026-06-04 17:36:02,rate_cash,2026-06-04
현금확보,"넷마블, 구로동 사옥 ‘지타워’ 6977억원에 매각",2026-06-04 16:28:24,rate_cash,2026-06-04
현금확보,"상속 설계, 재산 규모보다 중요한 건 '가용현금' [보험 200% 활용법]",2026-06-04 16:07:02,rate_cash,2026-06-04
현금확보,"리미나투스 파마, 워런트 행사로 190만 달러 조달",2026-06-04 06:15:42,rate_cash,2026-06-04
현금확보,"DISCIPLINED GROWTH ACQUISITION CORP, 1억5075만 달러 공모자금 확보 완료",2026-06-04 06:01:41,rate_cash,2026-06-04
현금확보,"플래티넘 그룹 메탈스, 주식 보상 계획 개정..발행한도 10% 제한",2026-06-04 05:33:20,rate_cash,2026-06-04
현금확보,"크라우드스트라이크 홀딩스, 1분기 매출 14억 달러..전년비 26% 증가",2026-06-04 05:08:37,rate_cash,2026-06-04
현금확보,"틸리스, 1분기 매출 16% 증가·1억2470만 달러..적자 44% 축소",2026-06-04 05:07:57,rate_cash,2026-06-04
현금확보,“삼전닉스 놓쳤다면 이 종목” … 1년새 180% 뛴 ‘반도체 설거지’ 기업,2026-06-04 05:00:00,rate_cash,2026-06-04
현금확보,"ATN인터내셔널, 타워 사업 매각 후 실적 전망 하향에 급락",2026-06-04 04:10:56,rate_cash,2026-06-04
현금확보,"ATN 인터내셔널, 타워 사업 매각으로 2억6800만 달러 확보",2026-06-04 04:00:46,rate_cash,2026-06-04
현금확보,"민주 이원택, 무소속 김관영 바람 잠재워 … 與 표밭서 진땀승",2026-06-04 01:59:13,rate_cash,2026-06-04
현금확보,"옵시디안 에너지, 벨리리버 라이트오일 자산 9,600만 달러 인수",2026-06-03 23:43:02,rate_cash,2026-06-03
현금확보,"아발린파마, 1분기 순손실 전년 대비 53% 확대…R&D 비용 급증",2026-06-03 22:51:51,rate_cash,2026-06-03
현금확보,"아이콘 에너지, 7개월 고정임대로 370만 달러 확보",2026-06-03 22:31:50,rate_cash,2026-06-03
현금확보,"솔 스트래티지스, 후디니 스왑 1,800만 달러 인수 완료",2026-06-03 21:34:57,rate_cash,2026-06-03
현금확보,"마라바이 라이프사이언스 홀딩스, 부채 38% 감축하고 만기 2032년 연장",2026-06-03 21:33:47,rate_cash,2026-06-03
현금확보,"디지 파워 X, 엔비디아 차세대 베라 루빈 플랫폼에 3500만 달러 투자",2026-06-03 21:02:05,rate_cash,2026-06-03
현금확보,"아발린 파마, 1분기 순손실 2,687만 달러..R&D 비용 증가",2026-06-03 20:27:04,rate_cash,2026-06-03
현금확보,"코그나이트 소프트웨어, 1분기 매출 1억5540만 달러..전년비 10% 증가",2026-06-03 20:09:03,rate_cash,2026-06-03
현금확보,"워딩턴 스틸, 클레크너 62% 지분 확보..상장폐지 추진",2026-06-03 19:49:52,rate_cash,2026-06-03
현금확보,"FORTUNEX ACQUISITION CORP, 1분기 순손실 27만 달러 기록",2026-06-03 19:32:51,rate_cash,2026-06-03
현금확보,"턴 테라퓨틱스, 아토피 피부염 치료제 2상서 79% 개선률 달성",2026-06-03 19:15:20,rate_cash,2026-06-03
현금확보,“스페이스X 사려고 삼전닉스 던졌다고?”…외국인 매도폭탄 한 발 더 남았다,2026-06-03 10:58:00,rate_cash,2026-06-03
현금확보,"선파워, 현금 유동성 확보와 2027년 흑자전환 전망에 시장 주목",2026-06-03 06:50:54,rate_cash,2026-06-03
현금확보,"i3 버티컬스, 2026회계연도 2분기 매출 5,750만 달러..전년비 6%↑",2026-06-03 06:29:54,rate_cash,2026-06-03
현금확보,"캑터스, 2026년 1분기 매출 16억 달러..전년비 47% 급증",2026-06-03 06:17:53,rate_cash,2026-06-03
현금확보,"선파워, 전환사채 이자 현금 대신 주식 지급 협상 추진",2026-06-03 06:12:52,rate_cash,2026-06-03
현금확보,"쇼피파이, 자사주 매입 한도 50억 달러로 30억 달러 증액",2026-06-03 06:04:02,rate_cash,2026-06-03
현금확보,"나노바이오틱스, 1분기 현금 4,210만 유로 보유..공모로 8,610만 유로 추가 조달",2026-06-03 05:34:00,rate_cash,2026-06-03
현금확보,"펫메드 엑스프레스, 2026년 4분기 매출 4,280만 달러·전년比 15.6%↓",2026-06-03 05:18:19,rate_cash,2026-06-03
현금확보,"마스터카드, CFO 교체 등 대규모 임원 개편 단행",2026-06-03 05:17:09,rate_cash,2026-06-03
현금확보,"REAL ASSET ACQUISITION CORP, IQM 합병 PIPE 투자 1억4600만 달러로 확대",2026-06-03 05:13:48,rate_cash,2026-06-03
현금확보,"엑스트, 1분기 EPS 0.02달러 흑자전환·자사주 1억4000만 달러 매입",2026-06-03 05:09:28,rate_cash,2026-06-03
현금확보,"STARLINK AI ACQUISITION CORP, IPO 후 오버얼로트먼트 행사로 1억560만 달러 추가 조달",2026-06-03 05:08:07,rate_cash,2026-06-03
현금확보,"스테이크홀더 푸즈, 워런트 행사로 110만 달러 즉각 확보…추가 자금 조달 기대감 부각",2026-06-03 00:01:00,rate_cash,2026-06-03
현금확보,"캐스톨마리타임, 1분기 흑자전환에 일일 운임 56% 급등으로 시장 주목",2026-06-02 23:32:29,rate_cash,2026-06-02
현금확보,"오니티그룹, 리버스 모기지 사업 매각 완료…자사주 매입까지 주주환원 강화",2026-06-02 22:43:07,rate_cash,2026-06-02
현금확보,"캐스톨 마리타임, 1분기 순이익 6920만 달러..흑자전환",2026-06-02 22:12:46,rate_cash,2026-06-02
현금확보,"이스턴, 785만 달러에 선기어·크라운정밀 인수..항공우주 시장 진출",2026-06-02 22:10:06,rate_cash,2026-06-02
현금확보,"존 윌리 앤 손, 에메랄드 퍼블리싱 4억5200만 달러에 인수",2026-06-02 21:34:13,rate_cash,2026-06-02
현금확보,"싱귤레이트, ADHD 치료제 FDA 완전응답서 수령..임상 안전성·효능 우려 없어",2026-06-02 21:12:02,rate_cash,2026-06-02
현금확보,"넷스트리츠, 1분기 AFFO 9.5% 증가·3,322만 달러 기록",2026-06-02 20:53:01,rate_cash,2026-06-02
현금확보,"오디티 테크, 1분기 매출 1억9790만 달러..전년비 26% 감소",2026-06-02 20:11:39,rate_cash,2026-06-02
현금확보,"아르크시스, 옴네틱스·맥카니카 8.9억달러 인수",2026-06-02 20:01:58,rate_cash,2026-06-02
현금확보,"캉고, 1분기 비트코인 채굴 매출 9840만 달러..감가상각 영향 순손실 2억6105만 달러",2026-06-02 19:11:17,rate_cash,2026-06-02
현금확보,"UP 핀테크 홀딩, 1분기 매출 26% 증가에도 5970만 달러 벌금으로 적자 전환",2026-06-02 19:10:26,rate_cash,2026-06-02
현금확보,"가오투 테크에듀, 1분기 매출 13% 증가에도 영업익 80% 급감",2026-06-02 19:10:06,rate_cash,2026-06-02
현금확보,"BREEZE ACQUISITION CORP II, 스팩 IPO로 1억2,900만 달러 조달..2027년까지 인수 목표",2026-06-02 19:04:25,rate_cash,2026-06-02
현금확보,"도날슨 컴퍼니, 3분기 매출 9억9510만 달러·영업이익률 15.6% 달성",2026-06-02 19:03:05,rate_cash,2026-06-02
현금확보,"옵티미헬스, 1분기 매출 9만9500달러..순손실 315만 달러로 확대",2026-06-02 19:02:55,rate_cash,2026-06-02
현금확보,"버텍 애퀴지션, 신탁계정 8040만 달러 보유..사업결합 미완료시 해산",2026-06-02 19:01:55,rate_cash,2026-06-02
현금확보,"구글, 120조원 유상증자 … AI '쩐의 전쟁' 계속된다",2026-06-02 17:53:43,rate_cash,2026-06-02
현금확보,"판 커지는 AI 베팅 … 4대 빅테크, 올 '1천조원' 쏟아붓는다",2026-06-02 17:53:10,rate_cash,2026-06-02
현금확보,한국은행이 CBDC·예금토큰 결합 ‘프로젝트 한강’을 택한 이유,2026-06-02 11:27:49,rate_cash,2026-06-02
현금확보,"나노캠텍, 임시주총서 ‘LSK아이로봇’ 사명 변경안 가결… AI·로봇 사업 재편",2026-06-02 11:25:23,rate_cash,2026-06-02
현금확보,"“MBC에선 보기 힘든 돈”…김대호, 프리 반 년 만에 1억 벌었다",2026-06-02 08:14:23,rate_cash,2026-06-02
현금확보,"“당분간 서학개미로 살아야”…전세계 돈 빨아들일 세 공룡, 릴레이 상장",2026-06-02 07:51:54,rate_cash,2026-06-02
현금확보,"PEACE ACQUISITION CORP, 총자산 6096만 달러 확보·사업결합 추진",2026-06-02 06:17:49,rate_cash,2026-06-02
현금확보,"옵시디안 에너지, 2026년 자본 투자 100억 달러 증액..2027년 생산량 15% 성장 목표",2026-06-02 06:07:28,rate_cash,2026-06-02
현금확보,"메탈스 로열티, 메사비 철광석 프로젝트 로열티권 1억3250만 달러 인수",2026-06-02 06:06:58,rate_cash,2026-06-02
현금확보,"LXP 인더스트리얼 트러스트, 2026년 FFO 가이던스 상향..주당 3.30~3.40달러",2026-06-02 06:01:08,rate_cash,2026-06-02
현금확보,"스테이크홀더 푸즈, 워런트 행사로 110만 달러 확보..추가 220만 달러 조달 가능성",2026-06-02 05:59:47,rate_cash,2026-06-02
현금확보,"GMR 솔루션스, 1분기 순이익 180% 급증..매출 15억 달러 돌파",2026-06-02 05:48:07,rate_cash,2026-06-02
현금확보,"루이지애나-퍼시픽, 알란 호기 CFO 은퇴..아론 하월드 9월 승계",2026-06-02 05:36:26,rate_cash,2026-06-02
현금확보,"캘러웨이골프, Term Loan B 1억6300만 달러 전액 상환 완료",2026-06-02 05:35:56,rate_cash,2026-06-02
현금확보,"어레이 디지털 인프라스트럭처, 버라이즌에 스펙트럼 자산 매각..주당 11달러 특별배당",2026-06-02 05:19:24,rate_cash,2026-06-02
현금확보,"리페이 홀딩스, 쿠브라 인수 완료..2026년 매출 전망 5억 달러로 상향",2026-06-02 05:16:04,rate_cash,2026-06-02
현금확보,"휴렛 패커드 엔터프라이즈, 2분기 매출 107억 달러..전년비 40% 급증",2026-06-02 05:12:23,rate_cash,2026-06-02
현금확보,"크레도 테크놀러지, 4분기 매출 4억3700만 달러·전년비 157% 급증",2026-06-02 05:11:03,rate_cash,2026-06-02
현금확보,"어타이어 파마, 에프조피티모드 폐사르코이도시스 3상 2026년 6월 IND 제출",2026-06-02 05:07:32,rate_cash,2026-06-02
현금확보,"HALL CHADWICK ACQUISITION CORP, 희귀금속 재활용 REEcycle과 4억 달러 합병",2026-06-02 02:11:59,rate_cash,2026-06-02
현금확보,"팬 아메리칸 실버, 캐나다 팀민스 광산 확장에 1억4600만 달러 투자",2026-06-02 00:01:26,rate_cash,2026-06-02
현금확보,"월든캐스트, 오바지 메디컬 4억6000만 달러 매각…밀크 메이크업 집중 전략 주목",2026-06-01 23:02:44,rate_cash,2026-06-01
현금확보,"인터랙티브, MGM리조트 주당 48.30달러에 인수 제안",2026-06-01 22:43:02,rate_cash,2026-06-01
현금확보,"포 코너스 프로퍼티 트러스트, 2억6800만 달러 수의학 부동산 102개 인수",2026-06-01 22:22:22,rate_cash,2026-06-01
현금확보,"CECO 인바이론멘탈, Thermon 인수 완료..프로세스 히팅 영역 진출",2026-06-01 22:18:01,rate_cash,2026-06-01
현금확보,"인터내셔널 플래이버스 & 프래그랜스, 식품재료 사업부 43억 달러 매각..CVC와 계약",2026-06-01 22:02:00,rate_cash,2026-06-01
현금확보,"랠리바이오, 아벤조 합병 완료와 2억1500만 달러 대규모 증자로 시장 주목",2026-06-01 22:01:10,rate_cash,2026-06-01
현금확보,"엣지와이즈테라퓨틱스, 세바셈텐 사업 매각으로 심혈관 신약 개발에 집중",2026-06-01 22:00:50,rate_cash,2026-06-01
현금확보,"엣지와이즈 테라퓨틱스, 세바셈텐 사업 16억 달러에 매각",2026-06-01 21:53:19,rate_cash,2026-06-01
현금확보,"이노베이트, 방송부문 지분 75% 매각·1억500만 달러 재융자 완료",2026-06-01 21:48:19,rate_cash,2026-06-01
현금확보,"비트마인 이머전 테크놀로지스, ETH 보유량 542만개..전세계 공급량의 4.49%",2026-06-01 21:46:59,rate_cash,2026-06-01
현금확보,"누카나, 이언 웹스터 정식 CFO 선임..2029년까지 현금 유동성 확보",2026-06-01 21:14:47,rate_cash,2026-06-01
현금확보,"랠리바이오, 아벤조와 합병·2억1500만 달러 증자 완료",2026-06-01 21:09:56,rate_cash,2026-06-01
현금확보,"제이드바이오사이언스, JADE101 1상 임상서 경쟁약 대비 최대 379배 효능 입증",2026-06-01 21:00:35,rate_cash,2026-06-01
현금확보,"제이드 바이오사이언스, JADE101 1상 임상서 IgA 70% 감소 입증",2026-06-01 20:56:44,rate_cash,2026-06-01
현금확보,"버크셔 해서웨이, 테일러모리슨 홈 85억 달러에 인수 합의",2026-06-01 20:10:33,rate_cash,2026-06-01
현금확보,"SPACSPHERE ACQUISITION CORP, 모바일와라와 2.5억 달러 규모 합병 계약 체결",2026-06-01 20:07:13,rate_cash,2026-06-01
현금확보,"프론트뷰 REIT, 1190만 달러 규모 4개 부동산 인수..캡율 7.5%",2026-06-01 20:06:52,rate_cash,2026-06-01
현금확보,"메이서리치, 2026년 매출 9억4천만 달러 전망..부채비율 개선 추진",2026-06-01 20:03:42,rate_cash,2026-06-01
현금확보,"테일러 모리슨 홈 코퍼레이션, 버크셔 해서웨이에 85억 달러 인수 합의",2026-06-01 20:02:32,rate_cash,2026-06-01
현금확보,"골드만삭스, ‘웨스트 스트리트 인프라스트럭처 파트너스 5호’ 1차 클로징",2026-06-01 20:01:00,rate_cash,2026-06-01
현금확보,"사이언스 어플리케이션스 인터내셔널, 1분기 매출 19억 달러·조정 EPS 68% 급증",2026-06-01 19:57:11,rate_cash,2026-06-01
현금확보,"알리바바그룹, 6,172만주 규모 직원 주식보상 부여..발행주식 0.32%",2026-06-01 19:28:50,rate_cash,2026-06-01
현금확보,"하드론에너지, 1분기 순이익 1311만 달러 흑자전환 성공",2026-06-01 19:10:49,rate_cash,2026-06-01
현금확보,"케논 홀딩스, 1Q26 매출 3억1700만 달러..전년비 73% 급증",2026-06-01 19:08:29,rate_cash,2026-06-01
현금확보,"하드론에너지, 1분기 순이익 1311만 달러..흑자전환",2026-06-01 19:06:48,rate_cash,2026-06-01
현금확보,카드 결제 비중 3년째 75%대 정체…성장 한계 맞은 카드업계,2026-06-01 14:34:54,rate_cash,2026-06-01
현금확보,170개국 잇는다…실리콘투가 그리는 ‘K뷰티 실크로드’ [글로벌 K뷰티 콘퍼런스],2026-06-01 11:25:25,rate_cash,2026-06-01
현금확보,삼성전자 퇴사 후 만든 선스틱...남미에서 1위 휩쓴 토코보,2026-06-01 09:31:51,rate_cash,2026-06-01
현금확보,"“AI·로봇 가치 재평가”…키움증권, LG 목표가 20만원으로 상향",2026-06-01 08:28:26,rate_cash,2026-06-01
현금확보,분기 손실만 7조 내는 기업이 … 2600조짜리로 평가받는 이유,2026-06-01 04:00:00,rate_cash,2026-06-01
유동성,"2030 ‘영끌’ 동탄으로 몰렸다…삼전닉스 성과급에 늘어난 유동성, 부동산으로",3시간 전,rate_cash,2026-06-26
유동성,"“외상값 떼였는데 빚까지 갚으라고?”…금융당국, 중기 외담대 관행 손본다",19시간 전,rate_cash,2026-06-26
유동성,월가 퀀트 출신이 만든 RWA 플랫폼 ‘베리에이셔널’…“올 여름 일반 공개”,2026.06.06 12:14,rate_cash,2026-06-06
유동성,“젠슨황 새 찐친 소개합니다”…1주일새 50% 뛴 두산로보틱스 [이주의 Bull기둥],2026.06.06 10:04,rate_cash,2026-06-06
유동성,"허니웰 인터내셔널, 에어로스페이스 부문 분사·2대1 역병합 단행",2026.06.06 05:36,rate_cash,2026-06-06
유동성,"지니어스 그룹, 7월 정기주총서 자사주 매입·주식병합 권한 부여 논의",2026.06.06 05:32,rate_cash,2026-06-06
유동성,"코너스톤빌딩브랜즈, 매출 성장에도 2026년 EPS 적자전환 전망에 투자심리 위축",2026.06.06 03:20,rate_cash,2026-06-06
유동성,"헤사이 그룹, 5월 주식 발행 변동 없음..옵션 행사 9만주 소폭 증가",2026.06.05 22:05,rate_cash,2026-06-05
유동성,"지-쓰리 어패럴 그룹, 1분기 주당순이익 1.50달러..흑자전환 성공",2026.06.05 20:34,rate_cash,2026-06-05
유동성,"세레즈테라퓨틱스, 네슬레와 2,500만 달러 계약 체결로 운영 자금 숨통 트여",2026.06.05 20:20,rate_cash,2026-06-05
유동성,"케이이 홀딩스, 5월 자본구조 안정 유지..3,336만주 자사주 매입",2026.06.05 20:17,rate_cash,2026-06-05
유동성,"노바 미네랄스, 호주서 미국 본사 이전..NYSE 아메리칸 재상장 추진",2026.06.05 19:47,rate_cash,2026-06-05
유동성,"이네오바 홀딩스, 1분기 총자산 5026만 달러..전년비 21% 증가",2026.06.05 19:16,rate_cash,2026-06-05
유동성,"한솔테크닉스, 오창공장 640억에 매각",2026.06.05 17:36,rate_cash,2026-06-05
유동성,닥터·컬렉터·큐레이터…‘3색’ 인생 [김지은의 아트 레이더],2026-06-05 16:40:51,rate_cash,2026-06-05
유동성,美 국채보다 金…전 세계 중앙은행 쓸어 담는다,2026-06-05 16:00:09,rate_cash,2026-06-05
유동성,"한솔테크닉스 오창공장, 코스메카코리아에 매각",2026-06-05 15:00:26,rate_cash,2026-06-05
유동성,"코너스톤 빌딩 브랜즈, 1분기 매출 11억 달러·순이익 2100만 달러 기록",2026-06-05 05:49:53,rate_cash,2026-06-05
유동성,"퀘넥스 빌딩 프로덕트, 2분기 매출 4.6억 달러·2.2%↑...영업익 54%↓",2026-06-05 05:18:57,rate_cash,2026-06-05
유동성,"아르간, 1Q 매출 2억9095만 달러로 50% 급증..EPS 3.24달러",2026-06-05 05:13:36,rate_cash,2026-06-05
유동성,"정예 바이오테크놀로지 홀딩, 나스닥 최소 입찰가 미달 통보..11월까지 회복 과제",2026-06-05 05:06:45,rate_cash,2026-06-05
유동성,"Z 스퀘어드, AI 인프라 확장 위해 5000만 달러 에쿼티 계약 체결",2026-06-05 05:03:45,rate_cash,2026-06-05
유동성,"멕스코 에너지, 주당 0.10달러 연간 배당 선언..6월 30일 지급",2026-06-05 03:21:43,rate_cash,2026-06-05
유동성,"블랙스톤, 150억 달러 유동성·EPS 54% 성장 전망에 시장 주목",2026-06-05 00:22:32,rate_cash,2026-06-05
유동성,"패트파인더 뱅코프, 1분기 조정 EBITDA 2797만 달러..순이자마진 36bp 확대",2026-06-04 22:22:18,rate_cash,2026-06-04
유동성,"글로벌-이 온라인, 5억 달러 자사주 매입 프로그램 승인",2026-06-04 22:02:16,rate_cash,2026-06-04
유동성,"얼터리티 테라퓨틱스, 1대50 주식병합 단행..6월 12일부터 정상거래",2026-06-04 21:51:56,rate_cash,2026-06-04
유동성,"칼레러스, 1분기 조정 EPS 0.38달러..시장 전망치 상회",2026-06-04 21:39:05,rate_cash,2026-06-04
유동성,"넷캐피탈, 레즈맥 모기지 자산 500만 달러 인수 추진",2026-06-04 21:38:55,rate_cash,2026-06-04
유동성,NYSE 손잡고 코인원에 800억 투자…스타 쉬 OKX 창업자 “韓 가장 성숙한 디지털자산시장”,2026-06-04 20:09:00,rate_cash,2026-06-04
유동성,“주식으로 좀 벌어서 하나 샀어”…명품 매장 불티나자 백화점주 ‘신고가’,2026-06-04 17:29:49,rate_cash,2026-06-04
유동성,한투·코인원·OKX·컴투스 ‘4자 연합’ 출범…“글로벌 종합 금융 플랫폼될 것”,2026-06-04 11:42:13,rate_cash,2026-06-04
유동성,무너지는 비트코인…6월에만 14% 폭락 [매일코인],2026-06-04 10:47:10,rate_cash,2026-06-04
유동성,"“비 내린다, 주식 들어가세요”…이 나라에선 미신 아닌 공식입니다 [오늘 나온 보고서]",2026-06-04 08:45:37,rate_cash,2026-06-04
유동성,리모델링 규제 확 풀었다…조합원도 신축세대 입주·단지 통합도 허용,2026-06-04 08:06:01,rate_cash,2026-06-04
유동성,"지엔쯔 에듀케이션 테크놀러지 그룹, 500만 달러 규모 공모 가격 확정",2026-06-04 05:47:41,rate_cash,2026-06-04
유동성,"인터피드 포테쉬, 자사주 매입 한도 5000만 달러로 확대",2026-06-04 05:34:50,rate_cash,2026-06-04
유동성,"IM 카나비스, 22만5천 달러 전환사채 조달 완료",2026-06-04 05:33:00,rate_cash,2026-06-04
유동성,"페더럴 애그리컬처럴 모기지, 시리즈 I 우선주 배당 주당 0.28달러 발표",2026-06-04 05:28:49,rate_cash,2026-06-04
유동성,"리즈, NYSE American 상장유지 기준 미달 통지..2027년 11월까지 회복 필요",2026-06-04 05:20:49,rate_cash,2026-06-04
유동성,“코스닥 죽쑨다? 하반기에 봅시다”…ETF들의 ‘근거있는 자신감’,2026-06-04 05:20:39,rate_cash,2026-06-04
유동성,"브로드웨이 파이낸셜, 1분기 순이익 110만 달러..흑자전환 성공",2026-06-04 05:17:49,rate_cash,2026-06-04
유동성,"미네랄리스 테라퓨틱스, 1억5000만 달러 공모로 로열티 상환 추진",2026-06-04 05:08:48,rate_cash,2026-06-04
유동성,"피프스 써드 뱅코프, 나스닥서 뉴욕증권거래소로 이전",2026-06-04 05:07:47,rate_cash,2026-06-04
유동성,“9천피 눈앞인데 내 계좌는 미지근” … 선거후 봐야 할 ‘증시 3대 변수’,2026-06-04 05:00:00,rate_cash,2026-06-04
유동성,“젠슨 황 물들어오는데 파업”…레미콘 멈추면 삼전닉스 공장도 차질,2026-06-04 03:54:56,rate_cash,2026-06-04
유동성,"키어니 파이낸셜, 3분기 순이익 1010만 달러·EPS 0.16달러 기록",2026-06-04 02:27:55,rate_cash,2026-06-04
유동성,"샤오아이, 나스닥 상장 기준 완전 회복..퇴출 위기 해소",2026-06-04 00:01:53,rate_cash,2026-06-04
유동성,"어보브 푸드 인그리디언츠, 나스닥 상장폐지로 OTC 이전…유동성 급감 우려",2026-06-03 22:52:11,rate_cash,2026-06-03
유동성,"TJGC 그룹, 나스닥 거래 재개..1대3 액면병합 완료",2026-06-03 22:25:40,rate_cash,2026-06-03
유동성,"포니 AI, 상하이-홍콩 주식연계 포함..중국 본토 투자자 거래 개시",2026-06-03 21:25:56,rate_cash,2026-06-03
유동성,"아레스매니지먼트, 2분기 연속 환매 제한 조치…유동성 리스크 부각",2026-06-03 21:20:56,rate_cash,2026-06-03
유동성,"KKR앤코, 사모대출 펀드 환매 압력 지속…2분기 연속 제한 조치",2026-06-03 20:30:54,rate_cash,2026-06-03
유동성,"""하반기엔 훈풍 분다""… 코스닥ETF 봇물",2026-06-03 20:30:14,rate_cash,2026-06-03
유동성,레미콘 운송조합 8일 파업 … 수도권 반도체팹 공사 비상,2026-06-03 20:12:39,rate_cash,2026-06-03
유동성,"노바 미네랄스, 미국 지주사 전환 완료..ASX 거래 종료",2026-06-03 19:47:01,rate_cash,2026-06-03
유동성,"소어 인더스트리즈, 3분기 매출 28억 달러·순이익 27% 감소",2026-06-03 19:37:11,rate_cash,2026-06-03
유동성,"BW LPG, 1분기 순이익 1억6400만 달러..주당 0.67달러 배당",2026-06-03 19:03:29,rate_cash,2026-06-03
유동성,"스포츠맨스 웨어하우스 홀딩스, 1분기 매출 2.6억 달러로 2.8% 증가..조정 EBITDA 적자폭 축소",2026-06-03 05:11:58,rate_cash,2026-06-03
유동성,"어보브 푸드 인그리디언츠, 나스닥 상장폐지..OTC로 이전",2026-06-03 05:01:57,rate_cash,2026-06-03
유동성,"뮬러인더스트리즈, 2대1 주식분할 단행..7월1일부터 거래 시작",2026-06-02 23:49:00,rate_cash,2026-06-02
유동성,"나노바이오틱스, 유로넥스트 테크 리더스 지수 편입",2026-06-02 21:34:43,rate_cash,2026-06-02
유동성,"트릴러 그룹, 나스닥 상장 유지 6월 30일까지 최종 유예",2026-06-02 21:28:52,rate_cash,2026-06-02
유동성,"클래스오버 홀딩스, 디지털 자산 국고전략 하이퍼리퀴드 중심으로 전환",2026-06-02 21:16:42,rate_cash,2026-06-02
유동성,"지아드, 864만 달러 추가 유상증자 완료..총 1,200만 달러 조달",2026-06-02 19:05:45,rate_cash,2026-06-02
유동성,"'반도체 셔세권' 집값 뛰자 與후보도 ""재산세 완화""",2026-06-02 17:29:32,rate_cash,2026-06-02
유동성,‘반도체 쏠림’ 우려에도…증권가 “코스피 상승세 이어질 것”,2026-06-02 16:24:07,rate_cash,2026-06-02
유동성,[Part 2 | INTERVIEW] 주식 투자 늘린 슈퍼리치들 “반도체·AI 다음 투자처 어디?”,2026-06-02 15:36:13,rate_cash,2026-06-02
유동성,"제너레이션 인컴 프로퍼티스, 500만 달러 규모 공모 실시",2026-06-02 06:29:59,rate_cash,2026-06-02
유동성,"센터스페이스, 2억4500만 달러 자산 매각·주당 0.77달러 배당 확정",2026-06-02 05:34:35,rate_cash,2026-06-02
유동성,"에센셜 프로퍼티즈 리얼티 트러스트, 1분기 AFFO 주당 0.50달러..전년비 10% 증가",2026-06-02 05:20:44,rate_cash,2026-06-02
유동성,"서비스 프로퍼티즈 트러스트, 1분기 조정 EBITDAre 5.4억 달러..전년비 6.4% 감소",2026-06-02 05:14:13,rate_cash,2026-06-02
유동성,"젠커 인더스트리즈, NYSE 상장기준 위반 통보..1분기 보고서 미제출",2026-06-02 05:11:33,rate_cash,2026-06-02
유동성,"시스템1, 3.5억 달러 부채 재조정…만기 2031년 연장·총 부채 1.6억 달러 감축",2026-06-02 01:40:58,rate_cash,2026-06-02
유동성,"모멘터스, 기존 기관 투자자 참여 2,500만 달러 사모 조달로 유동성 대폭 강화",2026-06-01 22:44:02,rate_cash,2026-06-01
유동성,"유니티 그룹, 11억 달러 규모 광섬유 네트워크 담보부 채권 발행",2026-06-01 22:06:00,rate_cash,2026-06-01
유동성,"시스템1, 3.5억 달러 부채 재조정..만기 2031년 연장·총 부채 1.6억 달러 감축",2026-06-01 22:03:00,rate_cash,2026-06-01
유동성,"리버티 디펜스 홀딩스, 1분기 매출 919만 달러·전년비 13% 감소",2026-06-01 21:26:07,rate_cash,2026-06-01
유동성,"이유다 헬스 홀딩스, 나스닥 상장 유지 요건 회복..시가총액 3500만 달러 재달성",2026-06-01 20:31:44,rate_cash,2026-06-01
유동성,"누사트립, 연차보고서 제출지연으로 나스닥 규정위반 통보",2026-06-01 20:16:13,rate_cash,2026-06-01
유동성,"노바 미네랄스, 미국 지주회사 전환 승인..6월 16일 NYSE 상장",2026-06-01 19:46:51,rate_cash,2026-06-01
유동성,"씨엘피에스, 나스닥 최소 입찰가 규정 위반 통보..11월까지 회복 필요",2026-06-01 19:07:28,rate_cash,2026-06-01
유동성,"피트니스 챔프스 홀딩스, 나스닥 자본총계 미달로 상장적격성 경고",2026-06-01 19:05:58,rate_cash,2026-06-01
유동성,"“韓 자본시장 밸류업, 공시 신뢰에 달렸다”",2026-06-01 18:25:10,rate_cash,2026-06-01
유동성,"""韓 자본시장 밸류업, 공시 신뢰에 달렸다""",2026-06-01 17:55:26,rate_cash,2026-06-01
유동성,50 넘으면 ‘극단적 공포구간’인데…코스피 올해 공포지수 평균 53.24,2026-06-01 07:11:47,rate_cash,2026-06-01
예금,“AI가 달려들면 피하기 어렵다”…FBI가 경고한 온라인 범죄 4대 특징,17시간 전,rate_cash,2026-06-26
예금,"퍼스트선 캐피탈 뱅코프, 브룩필드에 8억9천만 달러 규모 다가구 대출 매각 완료",2026.06.06 05:54,rate_cash,2026-06-06
예금,[김세완의 주말경제산책] 불장의 온기가 고루 퍼지려면…,2026.06.05 17:32,rate_cash,2026-06-05
예금,점포 못줄이는데 고객은 이탈…지방은행 효율성 딜레마,2026.06.05 11:22,rate_cash,2026-06-05
예금,"하노버 뱅코프, 1분기 조정 EPS 0.54달러..흑자전환 성공",2026.06.04 21:33,rate_cash,2026-06-04
예금,"BCB 뱅코프, 신임 CEO 주도 신용리스크 개선·자본구조 단순화 전략 발표",2026.06.04 04:00,rate_cash,2026-06-04
예금,"에로우 파이낸셜, 1분기 순이익 1350만 달러·EPS 0.82달러 기록",2026.06.03 23:01,rate_cash,2026-06-03
예금,"버사뱅크, SEC에 지주회사 재편 신고서 제출..미국 표준 은행구조로 전환",2026.06.03 20:25,rate_cash,2026-06-03
예금,"퍼스트 웨스턴 파이낸셜, 2026년 1분기 EPS 1.74달러..전년비 43% 증가",2026.06.03 05:30,rate_cash,2026-06-03
예금,"테크크리에이트 그룹, 이사회 개편 단행..CTO 사내이사 승진",2026.06.02 19:12,rate_cash,2026-06-02
예금,"시비스타 뱅크쉐어스, 1분기 순이익 1500만 달러..전년비 47% 증가",2026.06.02 06:01,rate_cash,2026-06-02
예금,"에로우 파이낸셜, Adirondack Bancorp 합병 OCC 승인..54억 달러 자산규모",2026.06.02 05:37,rate_cash,2026-06-02
예금,"FS 뱅코프, 매튜 D. 뮬렛 신임 CEO 선임..조 애덤스 은퇴",2026-06-02 00:33:47,rate_cash,2026-06-02
예금,“아내가 투자를 싫어해서”…주식으로 1억 번 남편의 고민,2026-06-01 22:56:17,rate_cash,2026-06-01
예금,"보고타 파이낸셜, GSL 세이빙스 은행 합병..총자산 10억 달러 돌파",2026-06-01 22:14:01,rate_cash,2026-06-01
mmf,증권·테크·게임社까지 … 가상자산 '4자 동맹' 탄생,2026.06.04 18:05,rate_cash,2026-06-04
mmf,"[단독] 한국투자증권, 자체 토큰증권 플랫폼 구축 나선다",2026.06.04 11:17,rate_cash,2026-06-04
cp,"AI 에이전트 경쟁, 성능에서 신뢰로[시스코 라이브 2026]",2026.06.04 14:21,rate_cash,2026-06-04
cp,"뜨거운 K푸드, 방콕서 제대로 먹혔네",2026.06.03 16:27,rate_cash,2026-06-03
cp,"국대 은퇴도 번복했지만...루이스 수아레즈, 우루과이 대표팀 승선 불발",2026.06.01 04:07,rate_cash,2026-06-01
금리,대기업 부실비율 확 줄었지만…중소기업·자영업자는 ‘고사 직전’,2026.06.26 22:23,rate_cash,2026-06-26
금리,"스타우드 프로퍼티 트러스트, 5억 달러 규모 무담보 선순위 채권 발행",2026.06.26 19:04,rate_cash,2026-06-26
금리,'年19% 수익' 청년미래적금 닷새만에 100만명 가입,2026.06.26 19:03,rate_cash,2026-06-26
금리,"오션니어링 인터내셔널, 5억 달러 선순위 채권 발행..2028년 만기 채권 조기 상환",2026.06.26 19:03,rate_cash,2026-06-26
금리,일한의원연맹 회장 만난 李 “가깝고도 가까운 사이 되길”,2026.06.26 18:19,rate_cash,2026-06-26
금리,軍생활관까지 침투한 '빚투',2026.06.26 17:45,rate_cash,2026-06-26
금리,대기업서 중기·자영업자로… 5년새 바뀐 국책銀 부실 주범,2026.06.26 17:44,rate_cash,2026-06-26
금리,"""온실가스 줄이면 우대금리"" 우리銀, 中企 녹색금융 지원",2026.06.26 17:44,rate_cash,2026-06-26
금리,"OK저축銀, 예금금리 인상, 머니무브 대응…연 4.5%로",2026.06.26 17:44,rate_cash,2026-06-26
금리,"정부, 석유 최고가격 ℓ당 150원 인하 … 물가안정에 1조 투입",2026.06.26 17:39,rate_cash,2026-06-26
금리,"빚부담에 軍사고 늘어날까 … 국방부·금감원, 장병들 금융교육 강화나서",2026.06.26 17:29,rate_cash,2026-06-26
금리,스마트폰 허용에 월급 오르자 … 군장병 온라인도박·빚투 노출,2026.06.26 17:29,rate_cash,2026-06-26
금리,금리 오르면 어쩌려고…5월 신규 주담대 60%가 변동금리,2026.06.26 17:15,rate_cash,2026-06-26
금리,[경제실록] 환율 1500원이 소환한 IMF의 기억 … 경제위기 경로가 달라졌다,2026.06.26 16:38,rate_cash,2026-06-26
금리,"“차라리 반도체 주식 살걸”…비트코인, 9000만원도 위태",2026.06.26 16:03,rate_cash,2026-06-26
금리,"‘삼전닉스 레버리지’ 열풍에…감사원, 금융위·금감원 감사",2026.06.26 15:12,rate_cash,2026-06-26
금리,"“이자장사 한계 왔다”…인뱅, 자동차금융부터 코인까지 눈독",2026.06.26 14:33,rate_cash,2026-06-26
금리,[속보] 李대통령 지지율 취임 후 최저…고물가·고금리·고환율에 ‘휘청’,2026.06.26 10:20,rate_cash,2026-06-26
금리,"OK저축은행, 예금금리 연 4.5%로 인상",2026.06.26 10:03,rate_cash,2026-06-26
금리,"구천피 코앞 코스피, 1만5천 파격 전망 나오는데…코스닥은 900선 아래로",2026.06.26 08:19,rate_cash,2026-06-26
금리,"로빈후드 마켓츠, 22억 달러 전환사채 발행 완료..성장 투자 본격화",2026-06-26 06:27:57,rate_cash,2026-06-26
금리,"퍼스트 뱅코프(ME), 2분기 배당 38센트로 인상..12년 연속 증액",2026-06-26 05:18:42,rate_cash,2026-06-26
금리,"엑스트라 스페이스 스토리지, 5억5000만 달러 선순위 담보부 채권 발행",2026-06-26 05:12:01,rate_cash,2026-06-26
금리,"와이즈그룹, 2026 회계연도 매출 19% 증가한 25억 달러 기록",2026-06-26 05:10:00,rate_cash,2026-06-26
금리,美 물가지수 4% 돌파 … 금리인상 가능성 커지나,2026-06-25 23:09:11,rate_cash,2026-06-25
금리,"페덱스, 최대 42억 달러 규모 사채 공개매수 시작",2026-06-25 21:39:51,rate_cash,2026-06-25
금리,"로이즈 뱅킹 그룹, 20억 달러 선순위 채권 조기 상환",2026-06-25 20:05:55,rate_cash,2026-06-25
금리,"메소블라스트, 5천만 달러 장기 대출 확보..고비용 단기 부채 상환",2026-06-25 19:15:13,rate_cash,2026-06-25
금리,“반도체發 호황 내년 말까지 간다”… 코스피 1만500P 부른 글로벌 IB 명가,2026-06-25 18:42:47,rate_cash,2026-06-25
금리,"“재생에너지 인프라 구축” 국민성장펀드, 풍력발전 등 3700억 투자",2026-06-25 18:28:08,rate_cash,2026-06-25
금리,美 금리인상 가능성에 금값 4000달러선 붕괴,2026-06-25 17:55:20,rate_cash,2026-06-25
금리,'닥치고 공급' 靑 정책실장 … 재건축·재개발 활성화 약속 지켜야 [사설],2026-06-25 17:37:11,rate_cash,2026-06-25
금리,"[단독] 정부 확대압박에도, 은행 중금리대출 제자리",2026-06-25 17:33:37,rate_cash,2026-06-25
금리,“서울은 부자의 도시?”…AI 열풍에 불어난 ‘460억 부자’,2026-06-25 16:33:55,rate_cash,2026-06-25
금리,"“과거 주가상승 탄력, 이때 가장 크게 나타나”…연준 매파적 동결에 은행주 기대감 ‘쑥’",2026-06-25 15:57:59,rate_cash,2026-06-25
금리,“금은 안전” 이젠 옛말?…1월 고점 대비 28% 떨어져,2026-06-25 14:15:41,rate_cash,2026-06-25
금리,환율 ‘1550원 헬게이트’ 열리나…당국개입도 안먹히는 까닭,2026-06-25 13:44:51,rate_cash,2026-06-25
금리,주담대 금리 7%대 시대… 연 1.3% 고정금리 신혼희망타운 눈길,2026-06-25 10:39:25,rate_cash,2026-06-25
금리,"테더, 코인시장 급락속 이더리움 턱밑 추격 [매일코인]",2026-06-25 10:09:23,rate_cash,2026-06-25
금리,“코스피서 이 주식은 피해라”…‘1만5천피’ 부른 JP모건도 경고한 종목은,2026-06-25 10:09:12,rate_cash,2026-06-25
금리,[속보] 마이크론 훈풍에 ‘삼전닉스’ 질주…코스피 5% 급등에 매수 사이드카,2026-06-25 09:19:36,rate_cash,2026-06-25
금리,기술주 약세에 숨 고르기…3대 지수 혼조 마감 [뉴욕증시],2026-06-25 09:07:07,rate_cash,2026-06-25
금리,“금리 앞에선 금도 못버텨”…4천달러 붕괴하며 3년 강세장 마감,2026-06-25 08:57:44,rate_cash,2026-06-25
금리,"“아들아, 그 차 맡기지 마라”…변종 차량 대출, ‘229% 폭리’ 수법 보니",2026-06-25 08:42:19,rate_cash,2026-06-25
금리,"머스크, 2주 만에 ‘조만장자’ 타이틀 반납",2026-06-25 05:56:28,rate_cash,2026-06-25
금리,"아머 레지던셜 REIT, 7월 보통주 배당금 주당 0.24달러 확정",2026-06-25 05:21:03,rate_cash,2026-06-25
금리,키신저 재소환한 미국 … 이란과 합의한 건 ‘평화’가 아니다,2026-06-25 05:00:00,rate_cash,2026-06-25
금리,"아이엠골드, 신용한도 8.5억 달러로 증액·만기 4년 연장",2026-06-25 03:50:00,rate_cash,2026-06-25
금리,"오션니어링 인터내셔널, 5억 달러 2034년 만기 선순위 채권 발행",2026-06-24 20:41:49,rate_cash,2026-06-24
금리,“팔 줄 몰라 못 판다더니”…김문수 SK하이닉스 주식 100배 오른 사연,2026-06-24 20:04:38,rate_cash,2026-06-24
금리,반도체 극한 쏠림의 결말?…닷컴버블 돌아보면 미래가 보인다[머니닥터 긴급 진단],2026-06-24 18:34:47,rate_cash,2026-06-24
금리,"2000억 회사채 발행하는 한투지주, 수요예측에 5300억 몰려",2026-06-24 18:12:29,rate_cash,2026-06-24
금리,"김용범 ""닥치고 아파트 지어야…주택공급 특단 방안 논의할 때""",2026-06-24 18:07:08,rate_cash,2026-06-24
금리,"한은 ""韓 가계 부채 GDP 대비 88% … 선진국 평균 웃돌아""",2026-06-24 18:02:59,rate_cash,2026-06-24
금리,"하닉 시총 역전 후 코스피 폭락…“버블 초입 아냐, 단기 패닉셀일 뿐”",2026-06-24 17:21:03,rate_cash,2026-06-24
금리,현기증 나는 증시 변동성…비이성적 과열 점검할 때다 [사설],2026-06-24 17:06:54,rate_cash,2026-06-24
금리,"“50만원 빌려줄게, 다음주에 75만원 갚아”…연 1만8000% 뜯어낸 상품권 사채",2026-06-24 16:46:23,rate_cash,2026-06-24
금리,중기·소상공인 “최저임금 인상에 벼랑 끝 내몰려...내년도 최저임금 동결을”,2026-06-24 16:13:30,rate_cash,2026-06-24
금리,김용범 “닥치고 부동산 공급...다 반대하면 청년 어디 사나”,2026-06-24 16:09:04,rate_cash,2026-06-24
금리,홈플러스 납품 소상공인 77% “대금 정산 어려움 겪고 있다”,2026-06-24 16:06:12,rate_cash,2026-06-24
금리,“마통 뚫어 주식 샀다가 깜짝”…고신용자 금리도 5% 넘었다,2026-06-24 15:43:28,rate_cash,2026-06-24
금리,“강남 아파트? 그냥 현금으로 삽니다”…강남·성동·용산 대출지수 서울 ‘하위’,2026-06-24 15:35:28,rate_cash,2026-06-24
금리,"“용돈으로 튼 첫 거래가 평생 간다”…인뱅, 미래 큰손 모시기 사활",2026-06-24 15:31:19,rate_cash,2026-06-24
금리,역대급 신용융자 조이기 나선 금감원…증권사 소집해 “기계적 리스크관리서 탈피를”,2026-06-24 15:06:07,rate_cash,2026-06-24
금리,‘노량진 27억·장위 17억’…치솟는 서울 아파트 분양가,2026-06-24 14:01:33,rate_cash,2026-06-24
금리,“집이 크면 클수록 좋다”는 이제 옛말…아파트 거래 10건 중 9건이 85㎡ 이하,2026-06-24 09:49:31,rate_cash,2026-06-24
금리,반도체주 매도세에 동반 하락…나스닥 2.2%↓[뉴욕증시],2026-06-24 09:00:33,rate_cash,2026-06-24
금리,이 나라 ‘몰빵’도 한국 못지 않네…대만증시도 개인투자자 ‘빚투’ 열풍,2026-06-24 08:29:54,rate_cash,2026-06-24
금리,"스페이스X, 250억 달러 규모 첫 선순위 담보부 채권 발행 완료",2026-06-24 05:55:55,rate_cash,2026-06-24
금리,반도체 너무 올랐나...기술주 투매에 나스닥 2.2% 급락 [월가월부],2026-06-24 05:51:37,rate_cash,2026-06-24
금리,"비저 홈즈 USA, 4억 달러 규모 선순위 채권 발행 완료",2026-06-24 05:20:43,rate_cash,2026-06-24
금리,“들어갈 집 아니면 팔라” … 세금 엄포로 집값이 잡힐까,2026-06-24 05:20:00,rate_cash,2026-06-24
금리,"잭 인 더 박스, 5억 달러 채권 발행..부채 상환 및 재무구조 개선",2026-06-24 05:04:02,rate_cash,2026-06-24
금리,"국내 은행권 연합체 ‘유니카’, 유럽 금융권과 스테이블코인 국제거래 검증 착수",2026-06-24 04:00:00,rate_cash,2026-06-24
금리,"“환율 1500원, IMF 또 오나?” … 1997년 변양호 보고서가 말한 진짜 위험",2026-06-24 04:00:00,rate_cash,2026-06-24
금리,"지에프엘 인바이런멘탈, 7억5000만 달러 선순위 담보부 채권 발행",2026-06-23 19:54:59,rate_cash,2026-06-23
금리,[매일경제TV] 美 개인소비지출 가격지수 전망 분석,2026-06-23 17:38:23,rate_cash,2026-06-23
금리,"""실물자산에 뭉칫돈 … 변동성 방어 매력적""",2026-06-23 17:25:53,rate_cash,2026-06-23
금리,사내대출 손본다지만 … DSR 반영 '산 넘어 산',2026-06-23 17:10:52,rate_cash,2026-06-23
금리,"1천억 회사채 발행하는 호텔롯데, 수요예측서 6200억 확보",2026-06-23 16:49:42,rate_cash,2026-06-23
금리,대출 규제에 갈린 정비사업…한강벨트는 웃을때 서울 외곽은 운다 [기자 24시],2026-06-23 16:28:43,rate_cash,2026-06-23
금리,"‘검은 화요일’ 코스피, 10% 급락한 8203 마감…코스닥 7.9%↓",2026-06-23 15:37:14,rate_cash,2026-06-23
금리,반도체 극한 쏠림의 결말? … 닷컴버블 돌아보면 미래가 보인다,2026-06-23 15:06:28,rate_cash,2026-06-23
금리,[속보] 코스피 8%대 폭락에 서킷브레이커 발동…올들어 4번째,2026-06-23 14:36:40,rate_cash,2026-06-23
금리,"KB국민은행, 주담대 한도 줄인다…모기지 신용보증·보험 가입 중단",2026-06-23 13:37:30,rate_cash,2026-06-23
금리,삼성 사내대출 겨냥한 금감원장…“마음 같아선 규제해야”,2026-06-23 11:29:13,rate_cash,2026-06-23
금리,"“신용카드 돌려주는 딸, 정신차린 줄”...연 24% 이자내며 ‘페이’ 쓰는 중국 MZ",2026-06-23 10:56:33,rate_cash,2026-06-23
금리,“홈플러스가 돈 떼먹어 망할 판입니다”…파산 위기 내몰린 납품중기,2026-06-23 10:46:51,rate_cash,2026-06-23
금리,"“살 사람은 다 샀다”…스페이스X, 하루 만에 615조원 증발",2026-06-23 10:39:08,rate_cash,2026-06-23
금리,“안 들면 손해” 청년미래적금 뭐길래…경쟁 나선 은행들,2026-06-23 10:11:43,rate_cash,2026-06-23
금리,삼전닉스 성과급·주가 상승 ‘더블효과’에…집값·임금 상승 기대도 높아,2026-06-23 08:33:19,rate_cash,2026-06-23
금리,"“NH증권, 견조한 실적에 고배당…증권주 부진 속 투자매력 상승”",2026-06-23 08:11:49,rate_cash,2026-06-23
금리,삼전닉스 언제 팔까요 묻거든…“내년 12월 달력을 보게하라”는데,2026-06-23 05:58:22,rate_cash,2026-06-23
금리,"스페이스X 16% 급락, 알파벳 5% 하락에 뉴욕증시 혼조...“시장 극도로 고평가” [월가월부]",2026-06-23 05:34:51,rate_cash,2026-06-23
금리,"렌딩클럽, 해픈뱅크로 브랜드 전환·나스닥 종목명 HAPN 변경",2026-06-23 05:16:18,rate_cash,2026-06-23
금리,10년 장기 호황 이끈 美 금리 거장 떠나다,2026-06-22 23:08:46,rate_cash,2026-06-22
금리,"지에프엘 인바이런멘탈, 7억5000만 달러 선순위 채권 발행",2026-06-22 21:35:47,rate_cash,2026-06-22
금리,"튜터 페리니, 4억 달러 채권 발행..고금리 부채 상환",2026-06-22 20:50:54,rate_cash,2026-06-22
금리,목표 PER 12배 상향! 하반기 돋보일 백화점 ‘최선호주’는,2026-06-22 20:25:18,rate_cash,2026-06-22
금리,인사 실패에 지선 참패까지…집권 2년만에 사임한 英총리,2026-06-22 20:06:51,rate_cash,2026-06-22
금리,“사내대출도 DSR적용 필요”…대출 우회로까지 막겠다는 금감원장,2026-06-22 19:34:48,rate_cash,2026-06-22
금리,"바이오세레스 크롭 솔루션즈, 3분기 매출 3940만 달러..전년비 23% 감소",2026-06-22 19:17:09,rate_cash,2026-06-22
금리,“이 불장에 운용사가 적자?”…10곳중 4곳은 고개 못든다는데,2026-06-22 19:00:00,rate_cash,2026-06-22
금리,1만피 수문장 MSCI…韓 증시 신흥시장 취급 벗어날까 [동여의도 위클리],2026-06-22 18:30:36,rate_cash,2026-06-22
금리,英 스타머 총리 사임 … 고물가에 민심 잃고 지선 참패로 결정타,2026-06-22 17:52:14,rate_cash,2026-06-22
금리,"국내 주식투자자 절반 ""올 코스피 1만 넘을것""",2026-06-22 17:46:15,rate_cash,2026-06-22
금리,"모건스탠리 ""반도체發 수출 호황, 내년말까지 간다""",2026-06-22 17:46:14,rate_cash,2026-06-22
금리,'청년미래적금' 출시…은행 쟁탈전 뜨겁다,2026-06-22 17:30:22,rate_cash,2026-06-22
금리,월급빼고 다 오르는 시대 … 생활비 절약 카드가 대세,2026-06-22 17:04:57,rate_cash,2026-06-22
금리,[기자24시] 강북개발 막는 대출규제 역설,2026-06-22 16:59:21,rate_cash,2026-06-22
금리,삼전닉스 성과급·사내대출 ‘53조원’ 풀린다고?…‘셔세권’ 집값 비상,2026-06-22 14:54:37,rate_cash,2026-06-22
금리,"제주은행, 장기 연체채권 소각·서민금융 확대로 포용금융 강화",2026-06-22 14:41:26,rate_cash,2026-06-22
금리,"박홍근 장관 “반도체 세수, 미래에 쏟는다”… 5대 구조난제 해결 ‘정조준’",2026-06-22 14:37:30,rate_cash,2026-06-22
금리,“금값 떨어진 지금이 사모을 때”…부자아빠도 증권가도 찬스라는데,2026-06-22 14:34:48,rate_cash,2026-06-22
금리,“삼전닉스 돈잔치에 우린 죽어나갑니다”…고액 성과급에 물가 상승 ‘뻔한 수순’,2026-06-22 14:02:27,rate_cash,2026-06-22
금리,“서울 떠나는 청년은 이자 싸게 준다”…저금리 신용대출 쏟아내는 은행권,2026-06-22 09:33:17,rate_cash,2026-06-22
금리,"“여기서 더 올라갈까?”…9000 밟은 코스피, 반도체 실적·미 물가가 변수",2026-06-22 08:20:38,rate_cash,2026-06-22
금리,“3000억 화끈하게 태웁니다” … 방화범에 박수치는 개미들,2026-06-22 05:00:00,rate_cash,2026-06-22
금리,“최대 19.4% 이자 상품” … 35세 알바생도 국세청 소득 잡히면 신청해야,2026-06-22 05:00:00,rate_cash,2026-06-22
금리,“신축은 집 안 보고 산다”…고도제한 풀리는 ‘서울의 룰’,2026-06-22 04:00:00,rate_cash,2026-06-22
금리,1만피 수문장 MSCI … 韓 증시 신흥시장 취급 벗어날까,2026-06-22 04:00:00,rate_cash,2026-06-22
금리,[단독] “잔인하다” 지적에 이자 낮췄지만…원금 빨리 갚으라는 ‘잔인해진’ 대출,2026-06-21 17:54:56,rate_cash,2026-06-21
금리,공사비 1600만원 육박 … 분양가 도미노 인상 예고,2026-06-21 17:51:34,rate_cash,2026-06-21
금리,[단독] “여기서 금리까지 올리면 끝나”...주담대 차주 37% 신용대출도 받아,2026-06-21 17:46:38,rate_cash,2026-06-21
금리,월가 부동산 거물·1200조 운용 큰손 … 글로벌 머니무브 대해부,2026-06-21 17:44:21,rate_cash,2026-06-21
금리,"주담대 차주 37% ""신용대출까지 받아""… 한은 금리 인상땐 이자부담 '직격탄'",2026-06-21 17:37:40,rate_cash,2026-06-21
금리,"“반도체, 더 갑니까?”…개미들 피 말릴 운명의 16시간 [불앤베어 위클리]",2026-06-21 17:34:55,rate_cash,2026-06-21
금리,'19% 금리효과 누리세요' 청년미래적금 22일 출시,2026-06-21 17:32:12,rate_cash,2026-06-21
금리,"우리금융 ""생산·포용금융 총 90조로 확대""",2026-06-21 17:32:10,rate_cash,2026-06-21
금리,[단독] 서민정책대출 금리 내려도 공급 줄어든 까닭은,2026-06-21 17:32:09,rate_cash,2026-06-21
금리,[단독] 평당 1600만원 ‘역대 최고’ 공사비…여의도부터 줄줄이 인상 예고,2026-06-21 17:28:53,rate_cash,2026-06-21
금리,"""반갑다, 금리 상승"" 보험株 역대급 랠리",2026-06-21 17:25:02,rate_cash,2026-06-21
금리,"“빚투 막는다더니, 왜 더 늘어?”…5대 은행 가계대출 두달새 6조 넘게 증가",2026-06-21 16:19:13,rate_cash,2026-06-21
금리,빚투·주담대 쌍끌이에…5대 은행 가계대출 두달새 6조↑,2026-06-21 15:36:44,rate_cash,2026-06-21
금리,‘19.4% 금리효과’ 청년미래적금 내일 출시…은행권 이벤트도 개시,2026-06-21 15:36:13,rate_cash,2026-06-21
금리,"“반도체, 더 갑니까?” … 개미들 피 말릴 운명의 16시간",2026-06-21 14:09:01,rate_cash,2026-06-21
금리,"김용범 “반도체로 번 돈, 부동산 흡수 안 돼...보유·양도세 조정 필요”",2026-06-21 13:21:11,rate_cash,2026-06-21
금리,50조 풀린다는데…부동산 흔드는 반도체 호황,2026-06-21 13:08:21,rate_cash,2026-06-21
금리,“미장 50%·국장 30%가 실패 없는 공식”…나머지 20%는 어디에 넣죠? [여의도란도란],2026-06-21 09:41:57,rate_cash,2026-06-21
금리,"“연 19.4%? 주식 안해도 되네요”…다음주부터 ‘딱 2주’, 역대급 적금에 청년 주목",2026-06-21 09:31:00,rate_cash,2026-06-21
금리,김용범 “호황에 부동산 심리 꿈틀할 수도…보유·양도세 조정 필요”,2026-06-20 14:04:58,rate_cash,2026-06-20
금리,“갈 집도 없는데 전세금·금리 다 뛰었다”…‘2+2’ 끝난 세입자의 한숨,2026-06-20 09:05:41,rate_cash,2026-06-20
금리,동양화가 데뷔한 현대차 사장…“시속100km의 삶 접자 내가 보였죠”,2026-06-20 08:41:38,rate_cash,2026-06-20
금리,“내 집값 올리는데 안 찍나” … 서울시장 만드는 결정적 변수,2026-06-20 05:00:00,rate_cash,2026-06-20
금리,"""시속 100㎞로 40년 달린 인생 … 붓 잡은후 비로소 나를 알게돼""",2026-06-19 17:56:31,rate_cash,2026-06-19
금리,증시 호황에 이익 늘자 … 보험사 건전성 지표 개선,2026-06-19 17:36:54,rate_cash,2026-06-19
금리,4대銀 기술신용대출 30조 급감 … 기업은행은 되레 30조 늘렸다,2026-06-19 17:36:53,rate_cash,2026-06-19
금리,"출가한 아들이 자고간다고 하자 어머니가 한 말…“스님, 견성하셨습니까” [이향휘의 쉼표]",2026-06-19 17:28:40,rate_cash,2026-06-19
금리,미 연준은 금리를 언제 올릴까…워시 의장이 연준 개편 꺼낸 까닭은 [케빈 워시 첫 FOMC 분석],2026-06-19 17:27:11,rate_cash,2026-06-19
금리,전쟁 끝났는데 환율 1500원대 지속…“매파 연준·달러 수요 겹쳐 약세”,2026-06-19 17:05:24,rate_cash,2026-06-19
금리,"이지스운용 “상업용 부동산 사모대출 시장, 年31~45조 규모 달해”",2026-06-19 16:03:38,rate_cash,2026-06-19
금리,SEC 혁신 면제 임박...토큰화 주식 시대 본격 열린다[엠블록레터],2026-06-19 15:34:03,rate_cash,2026-06-19
금리,유럽·일본 이어 미국까지…금리 ‘매파의 시대’ 오나,2026-06-19 15:01:42,rate_cash,2026-06-19
금리,카드론 막히고 조달비용 뛰고…카드업계 ‘새 먹거리’ 찾기 총력전,2026-06-19 14:58:08,rate_cash,2026-06-19
금리,"[단독] “조감도랑 너무 딴판” 조롱받던 디아드 청담, 1121억에 팔렸다",2026-06-19 14:53:34,rate_cash,2026-06-19
금리,비트코인 제친 삼성전자…글로벌 시총 12위 ‘우뚝’,2026-06-19 14:49:15,rate_cash,2026-06-19
금리,신·변종 사금융과 전쟁 나선 정부…대부업법 적용 범위 넓힌다,2026-06-19 11:42:47,rate_cash,2026-06-19
금리,"“3중 역세권”… 두산건설, ‘두산위브 트리니뷰 구명역’ 24일 무순위 청약",2026-06-19 11:10:38,rate_cash,2026-06-19
금리,"롯데건설, 1분기 영업익 13배 증가…재무 안정 속도",2026-06-19 10:43:45,rate_cash,2026-06-19
금리,미 연준은 금리를 언제 올릴까 … 워시 의장이 연준 개편 꺼낸 까닭은,2026-06-19 09:19:26,rate_cash,2026-06-19
금리,"“옆에선 9천피 축포, 내 코스닥 레버리지는”…천스닥 잔혹사 대체 왜",2026-06-19 09:17:55,rate_cash,2026-06-19
금리,반도체 랠리 재개에…3대 지수 강세 마감 [뉴욕증시],2026-06-19 09:13:32,rate_cash,2026-06-19
금리,"매경이 전하는 세상의 지식 (매-세-지, 6월 19일)",2026-06-19 07:00:00,rate_cash,2026-06-19
금리,믿었던 자산배분이 같은 방향으로 쏠렸다면 … 지도를 바꿔보자,2026-06-19 06:00:00,rate_cash,2026-06-19
금리,"서드 코스트 뱅크셰어스, 시리즈A 전환우선주 분기 배당 17.06달러 지급",2026-06-19 05:50:32,rate_cash,2026-06-19
금리,"매뉴라이프 파이낸셜, 20억 달러 규모 자본증권 이자율 5.883%로 재설정",2026-06-19 05:35:51,rate_cash,2026-06-19
금리,"그레이스톤 하우징 임팩트 인베스터, 2025년 스케줄 K-3 공개",2026-06-19 05:35:11,rate_cash,2026-06-19
금리,"출가한 아들이 자고 간다고 하자 어머니가 한 말 … “스님, 견성하셨습니까”",2026-06-19 05:30:00,rate_cash,2026-06-19
금리,정부 환율대책 ‘약발’이 안 먹히는 까닭,2026-06-19 05:00:00,rate_cash,2026-06-19
금리,“스페이스X? 너무 비싸 한 주도 안 산다” … 가치평가 대가의 일침,2026-06-19 04:05:00,rate_cash,2026-06-19
금리,“강남 20분인데 재개발 빌라가 3억대?” … 1만가구 뉴타운 꿈꾸는 신림동,2026-06-19 04:00:00,rate_cash,2026-06-19
금리,“언제쯤 100만원 회복할까”…금리 인상 신호에 지지부진 금값,2026-06-18 21:29:53,rate_cash,2026-06-18
금리,"캠든 내셔널, 1분기 EPS 5.36달러로 전년비 39.6% 급증",2026-06-18 21:08:09,rate_cash,2026-06-18
금리,달러 비싸 미국 주식 못 산다고?…환율 1500원시대 달라진 투자셈법 [데이터로 읽는 자산시장],2026-06-18 20:13:35,rate_cash,2026-06-18
금리,“젠슨 황이 61조 들고도 못 산 회사”…‘AI 월드컵 4강’ 뚫고 우승할 승자 [플러스 관심종목],2026-06-18 20:13:04,rate_cash,2026-06-18
금리,"[뉴스&분석] 금리공포도 이겼다, 사상첫 9천피",2026-06-18 17:56:52,rate_cash,2026-06-18
금리,"건산연 ""수도권 집값 올해 4.5% 오른다""",2026-06-18 17:54:13,rate_cash,2026-06-18
금리,"""금융시장에 과도한 영향 주지 않게"" 워시, 포워드가이던스·점도표 폐지",2026-06-18 17:52:29,rate_cash,2026-06-18
금리,美긴축 전망에 … 한은 내달 금리인상 무게,2026-06-18 17:52:29,rate_cash,2026-06-18
금리,"워시 ""인플레 고통 없애겠다"" … 시장예상 깨고 '매파 본색'",2026-06-18 17:52:28,rate_cash,2026-06-18
금리,상승 109개 vs 하락 791개 … 극단적 반도체 쏠림,2026-06-18 17:48:25,rate_cash,2026-06-18
금리,"예상밖 물가 안정에 … 영란은행, 금리동결 '유력'",2026-06-18 17:41:26,rate_cash,2026-06-18
금리,[단독] 온라인 대환대출 고작 800건 … 소상공인 외면에 실적 미미,2026-06-18 17:29:43,rate_cash,2026-06-18
금리,"""삼전닉스 열풍 덕에 금융선진화""",2026-06-18 17:05:48,rate_cash,2026-06-18
금리,“금리 인하 어림 없다”…‘워시 연준’ 첫 FOMC서 매파 본색,2026-06-18 16:26:41,rate_cash,2026-06-18
금리,빠르게 줄고있는 전세…중산층 '자산축적 사다리'도 흔들 [이인화의 건축 길라잡이],2026-06-18 16:10:55,rate_cash,2026-06-18
금리,"100세 시대 투자법…AI·반도체주로 '공격', 고배당주로 '방어' [지갑을 불려드립니다]",2026-06-18 16:07:48,rate_cash,2026-06-18
금리,월 최대 8만2500포인트 혜택 누려봐요,2026-06-18 16:07:47,rate_cash,2026-06-18
금리,"“환율 1400원대 복귀, 물건너가나”…워시 체제 첫 FOMC, 외환시장 영향은",2026-06-18 15:53:57,rate_cash,2026-06-18
금리,"우리투자증권, 예금자보호 1년 정기예금 금리 0.4%p 인상",2026-06-18 15:43:24,rate_cash,2026-06-18
금리,[속보] 코스피 9000 시대 개막…2.3% 상승 9063 마감,2026-06-18 15:37:55,rate_cash,2026-06-18
금리,[단독] 금융위는 안전하다는데…사모대출 30%가 보험사 5곳에 몰렸다,2026-06-18 15:23:12,rate_cash,2026-06-18
금리,‘연 4.5%’ 예금으로 머니무브 막을 수 있을까,2026-06-18 14:52:40,rate_cash,2026-06-18
금리,"“여보, 우리만 가만히 있나”…연금 시장 뒤흔든 ‘공격적 투자’ 열풍 왜?",2026-06-18 14:37:22,rate_cash,2026-06-18
금리,1조4천억 묘도 LNG허브…여수산단 경쟁력 회복 승부수,2026-06-18 14:25:16,rate_cash,2026-06-18
금리,"“공포 부추기던 AI 거품론, 다 노이즈였다” … ‘달리던 말’ 더 달린다",2026-06-18 13:01:00,rate_cash,2026-06-18
금리,극단적 공포심리에 난리난 ‘비트코인’…美 금리인상 신호에 2% 하락,2026-06-18 11:11:19,rate_cash,2026-06-18
금리,롤러코스터 장세 이제 끝?…증권가 “1만피 간다”,2026-06-18 10:58:46,rate_cash,2026-06-18
금리,연준 연내 금리인상 시사에 비트코인 6.4만弗 하락 [매일코인],2026-06-18 10:12:03,rate_cash,2026-06-18
금리,“이 정도면 넣을 만하네”…연 4.5% 예금 쏟아지자 100조 몰린 곳,2026-06-18 09:23:10,rate_cash,2026-06-18
금리,연내 금리 인상 기대감에…3대 지수 일제히 하락 [뉴욕증시],2026-06-18 09:17:18,rate_cash,2026-06-18
금리,주식투자 달인도 “이것만은 피해라”…아찔한 레버리지 베팅 [황인혁칼럼],2026-06-18 08:43:41,rate_cash,2026-06-18
금리,"아이엠골드, 신용한도 8억5000만 달러 확대·만기 2030년 연장",2026-06-18 06:02:47,rate_cash,2026-06-18
금리,인하서 인상으로 바뀐 연준…워시 “물가안정 의지 강력” [월가월부],2026-06-18 05:36:38,rate_cash,2026-06-18
금리,“끝까지 버티면 38% 더 받는다” … 계모임 닮은 ‘톤틴연금’의 비밀,2026-06-18 05:00:00,rate_cash,2026-06-18
금리,연준 확 바꾸는 워시…포워드가이던스 폐지·점도표 거부,2026-06-18 04:40:23,rate_cash,2026-06-18
금리,"세이프홀드, 2.3억 달러 30년 만기 무담보채권 발행…장기 부채 부담 우려",2026-06-18 04:10:42,rate_cash,2026-06-18
금리,달러 비싸서 미국 주식 못 산다고? … 환율 1500원 시대 달라진 투자 셈법,2026-06-18 04:00:00,rate_cash,2026-06-18
금리,"[속보] 워시 연준 금리 동결...석달전엔 인하, 이젠 인상 예고",2026-06-18 03:12:48,rate_cash,2026-06-18
금리,[속보] 연준 4연속 금리동결...케빈 워시 데뷔서 만장일치,2026-06-18 03:01:37,rate_cash,2026-06-18
금리,"서던 코퍼, 12억5000만 달러 규모 무담보채권 발행",2026-06-18 01:29:41,rate_cash,2026-06-18
금리,"“그때 안 사길 잘했다”…고점서 미끄러진 金값, 골드바도 인기 급감",2026-06-17 22:18:50,rate_cash,2026-06-17
금리,"고서머 바이오, 전환사채 90.5% 교환 완료..재무구조 개선",2026-06-17 21:02:53,rate_cash,2026-06-17
금리,"“전쟁 끝, 1만피 도전 시작”…종전 이후 판 바뀌는 투자 지도 [美-이란 종전 진단]",2026-06-17 20:17:03,rate_cash,2026-06-17
금리,"카맥스, 1분기 매출 80억 달러..전년비 6.2% 증가",2026-06-17 19:55:52,rate_cash,2026-06-17
금리,"네오제노믹스, 2억7500만 달러 전환사채 발행..기존 채무 상환",2026-06-17 19:07:41,rate_cash,2026-06-17
금리,"선 라이프 파이낸셜, 7억5000만 달러 규모 후순위채권 발행",2026-06-17 19:04:30,rate_cash,2026-06-17
금리,핵동결·이스라엘·레바논 … 종전 후 투자자가 챙겨 볼 세가지,2026-06-17 18:38:14,rate_cash,2026-06-17
금리,"800억 회사채 발행 세아제강,수요예측서 2400억 확보",2026-06-17 18:15:55,rate_cash,2026-06-17
금리,"中인민은행, 금리 기준 바꾼다",2026-06-17 17:59:34,rate_cash,2026-06-17
금리,고금리 회사채값 급락 … 겁 먹은 '채권 개미',2026-06-17 17:53:27,rate_cash,2026-06-17
금리,"""금리상승 헤지투자 수요 잡자"" 은행 변동금리부채권 발행 급증",2026-06-17 17:53:26,rate_cash,2026-06-17
금리,전쟁 끝나도 물가 3% 경고한 한은…정부 돈풀기도 신중해야 [사설],2026-06-17 17:48:19,rate_cash,2026-06-17
금리,"[황인혁칼럼] 레버리지 충격, 버틸 자신 있는가",2026-06-17 17:43:18,rate_cash,2026-06-17
금리,金값 하락에 투심도 꺾여…골드바 판매 반토막,2026-06-17 17:38:25,rate_cash,2026-06-17
금리,“젠슨 황이 61조 들고도 못 산 회사” … ‘AI 월드컵 4강’ 뚫고 우승할 승자,2026-06-17 17:31:25,rate_cash,2026-06-17
금리,국토부 'PF 마중물' 1조원 푼다,2026-06-17 17:23:48,rate_cash,2026-06-17
금리,공실 건물 호스텔로 리모델링 … '죽은 건물 살리기' 세미나,2026-06-17 17:23:47,rate_cash,2026-06-17
금리,CEO가 움직여야 수익성 극대화 … 운영 혁신이 경쟁력 좌우,2026-06-17 16:13:08,rate_cash,2026-06-17
금리,"[속보] 코스피, 1.58%↑ 8864 마감…종가기준 사상 최고치",2026-06-17 15:47:44,rate_cash,2026-06-17
금리,"“저신용자, 실제 위험보다 금리 지나치게 높다”...학계서도 커지는 금융기본권 목소리",2026-06-17 15:47:22,rate_cash,2026-06-17
금리,분당·판교 직장인 주목! e편한세상분당퍼스트빌리지 청약전 필수 체크 사항 [분양나우(牛)],2026-06-17 15:24:54,rate_cash,2026-06-17
금리,[속보] 한은 총재 “빅스텝 거론될 땐 시장 어려웠다…오늘과는 대조”,2026-06-17 15:06:44,rate_cash,2026-06-17
금리,증시 변동성 경고등 켠 금감원…“빚투·레버리지 투자 피해 우려”,2026-06-17 14:59:27,rate_cash,2026-06-17
금리,“마통 뚫으러 새벽부터 오픈런했는데”…‘그림의 떡’된 신용대출,2026-06-17 14:53:34,rate_cash,2026-06-17
금리,"“전쟁 끝, 1만피 도전 시작” … 종전 이후 판 바뀌는 투자 지도",2026-06-17 14:51:52,rate_cash,2026-06-17
금리,“금리 올리면 제 주식은요?” 금융사 면접 단골 질문의 정답은 [경제교육 현장르포],2026-06-17 14:46:13,rate_cash,2026-06-17
금리,빚투 차단 나선다…신용대출 조이는 인터넷은행,2026-06-17 10:32:53,rate_cash,2026-06-17
금리,‘AI발 M&A 슈퍼사이클’…올해만 벌써 3900조 넘어,2026-06-17 10:29:47,rate_cash,2026-06-17
금리,"900점도 15%…현금서비스 금리, 신용등급 안 가렸다",2026-06-17 10:12:50,rate_cash,2026-06-17
금리,코스피 FOMC 앞두고 숨고르기 출발…장 초반 8600선 등락,2026-06-17 09:34:22,rate_cash,2026-06-17
금리,"[美공시]앨리슨 트랜스미션 홀딩스, 2031년 만기 5억 800만 달러 규모 기간 대출의 금리 재조정 성공 발표",2026-06-17 09:16:14,rate_cash,2026-06-17
금리,"[美공시]세이프홀드, 2056년 만기 구조화 선순위 무담보 채권 2억 2,500만 달러 규모 사모 발행 발표",2026-06-17 09:15:07,rate_cash,2026-06-17
금리,‘워시 첫 FOMC’ 앞두고 혼조 마감…다우지수는 최고치 [뉴욕증시],2026-06-17 09:08:50,rate_cash,2026-06-17
금리,"매경이 전하는 세상의 지식 (매-세-지, 6월 17일)",2026-06-17 07:00:00,rate_cash,2026-06-17
금리,스페이스X 상장 3일만에 아마존 제쳤다...기술주 약세에 나스닥은 숨고르기 [월가월부],2026-06-17 06:34:52,rate_cash,2026-06-17
금리,"이큅먼트셰어닷컴, 13억5000만 달러 선순위 담보부 채권 발행 확정",2026-06-17 06:28:43,rate_cash,2026-06-17
금리,"캘리포니아 리소시즈, 5억5천만 달러 채권 발행..금리 부담 1%p 경감",2026-06-17 06:14:52,rate_cash,2026-06-17
금리,"세이프홀드, 2.3억 달러 규모 30년 만기 무담보채권 발행",2026-06-17 05:41:51,rate_cash,2026-06-17
금리,"그레이스톤 하우징 임팩트 인베스터스, 분기 배당 주당 0.14달러 결정",2026-06-17 05:31:50,rate_cash,2026-06-17
금리,"앨리슨 트랜스미션 홀딩스, 5억 달러 대출 금리 0.25%p 인하",2026-06-17 05:16:10,rate_cash,2026-06-17
금리,"YY 그룹 홀딩, 2천만 달러 ATM 공모 완료..AI·로보틱스 투자 확대",2026-06-17 05:14:59,rate_cash,2026-06-17
금리,"캐나디안 임페리얼 뱅크, 40억 달러 규모 선순위 담보부 회사채 발행",2026-06-17 03:15:57,rate_cash,2026-06-17
금리,"버켄스탁 홀딩, 9억 유로 규모 채권 발행..금리 부담 0.75%p 경감",2026-06-17 01:25:52,rate_cash,2026-06-17
금리,"퓨어사이클 테크놀러지스, 전환사채 발행에 따른 주식 희석 우려로 급락",2026-06-16 23:13:20,rate_cash,2026-06-16
금리,"캘리포니아 리소시즈, 5.5억 달러 규모 2035년 만기 선순위채 발행",2026-06-16 21:26:45,rate_cash,2026-06-16
금리,가짜회사 세우고 고객돈 1800억원으로 ‘돈놀이’…회장님·회계사 ‘딱 걸렸다’,2026-06-16 21:22:13,rate_cash,2026-06-16
금리,"엔화값 충격 없어 시장은 안도 … 日, 하반기 또 금리인상 시사",2026-06-16 17:55:05,rate_cash,2026-06-16
금리,"""금리 오르고 환율도 안정""…금융株 신고가",2026-06-16 17:48:14,rate_cash,2026-06-16
금리,인뱅도 신용대출 확 조인다 … 한도 줄이고 금리도 올려,2026-06-16 17:47:49,rate_cash,2026-06-16
금리,'초저금리 日' 막 내리다…31년만에 기준금리 1%,2026-06-16 17:46:32,rate_cash,2026-06-16
금리,6.8억원에 전세 살던 金과장 전세 사라지면 월세 267만원,2026-06-16 17:45:53,rate_cash,2026-06-16
금리,"이주비 대출 양극화에 … 강남 재건축 수월, 강북은 쩔쩔",2026-06-16 17:45:53,rate_cash,2026-06-16
금리,"이주비 대출 확대 건의한 서울시, 도심 공급확대 위한 고육책 [사설]",2026-06-16 17:29:23,rate_cash,2026-06-16
금리,[매일경제TV] 워시의 첫 FOMC … 서학개미 대응은,2026-06-16 17:08:27,rate_cash,2026-06-16
금리,“반도체 기업 돈 넘치고 개미들 실탄 쌓아놓고”…통화량 한달새 25조 증가,2026-06-16 16:33:02,rate_cash,2026-06-16
금리,“이번 FOMC서 금리인하 언급 사라질 것 … 연내 인상 가능성 커져”,2026-06-16 16:19:07,rate_cash,2026-06-16
금리,"코스피, 8700선 탈환…종전 훈풍에 외국인·기관 순매수",2026-06-16 16:05:45,rate_cash,2026-06-16
금리,총저축률·투자율 역대급 괴리… 반도체 호황에도 ‘돈 가뭄’,2026-06-16 15:35:35,rate_cash,2026-06-16
금리,"“나랏빚 이자만 연 41조 전망”…부채 증가 속도, 수입보다 2배 빨라",2026-06-16 15:34:56,rate_cash,2026-06-16
금리,초저금리 시대 끝내는 일본 … ‘엔캐리 청산’이 기우인 까닭,2026-06-16 15:27:58,rate_cash,2026-06-16
금리,"건설주택포럼, ‘건설업 위기 돌파구는 인공지능 전환’ 세미나 개최",2026-06-16 15:24:42,rate_cash,2026-06-16
금리,인플레이션 우려에 결국…기준금리 인상 단행한 日銀,2026-06-16 15:05:30,rate_cash,2026-06-16
금리,한국 버거킹 매각 3년 만에 재시동,2026-06-16 14:58:08,rate_cash,2026-06-16
금리,"“연준, 올해 금리 3번 올리고 내년 원상복귀”…PGIM의 파격 전망",2026-06-16 13:35:42,rate_cash,2026-06-16
금리,"“주식으로 번 돈, 부동산으로 올 때 됐다”…주택사업자에 서울 시장전망 물어보니",2026-06-16 13:32:47,rate_cash,2026-06-16
금리,빅테크 독립선언에도 ‘엔비디아 독재’ 끄덕없다…추론칩서도 넘사벽,2026-06-16 13:22:23,rate_cash,2026-06-16
금리,"[속보] 일본은행, 6개월만 기준금리 1%로 인상…31년만 최고",2026-06-16 12:32:38,rate_cash,2026-06-16
금리,“고유가 지원금 특수 톡톡”…편의점 러브콜 받는 단지 내 상가 보니,2026-06-16 11:16:33,rate_cash,2026-06-16
금리,신현송號 타고 달라지는 한은…‘물가안정·결제 혁신’ 집중,2026-06-16 10:58:12,rate_cash,2026-06-16
금리,"화우-한경협 ‘전환기 대한민국, 기업의 과제와 기회’ 세미나 개최",2026-06-16 10:38:10,rate_cash,2026-06-16
금리,‘9000피’ 재도전…종전 훈풍에 코스피 8700선 회복,2026-06-16 09:44:52,rate_cash,2026-06-16
금리,“삼전닉스 매도버튼 손 떼세요”…금리소음 잦아들면 진가 나온다는데 [오늘 나온 보고서],2026-06-16 08:54:33,rate_cash,2026-06-16
금리,"담보 확실한 곳만…중기대출 늘렸다는 은행, 우량기업만 반겼다",2026-06-16 08:02:31,rate_cash,2026-06-16
금리,"“전쟁 끝나면 오른다며” 미자, 건설주 투자했다가 수천만원 손실",2026-06-16 07:42:10,rate_cash,2026-06-16
금리,"퓨어사이클 테크놀러지스, 2억8800만 달러 전환사채 발행..기존 고금리 채무 상환",2026-06-16 06:25:51,rate_cash,2026-06-16
금리,"뱅크 오브 몬트리올, 10억 달러 규모 중기 채권 조기상환",2026-06-16 06:12:50,rate_cash,2026-06-16
금리,"OGE 에너지, 6억5000만 달러 규모 신용계약 갱신",2026-06-16 05:34:49,rate_cash,2026-06-16
금리,"쿠시먼 앤 웨이크필드, 전환대출 12억 달러 증액·금리 50bp 인하",2026-06-16 05:14:57,rate_cash,2026-06-16
금리,"RBB 뱅코프, 2500만 달러 자사주 매입 및 4000만 달러 후순위채 상환",2026-06-16 01:39:53,rate_cash,2026-06-16
금리,"하이 타이드, BMO와 4천만 캐나다달러 신규 신용시설 확보",2026-06-15 22:15:59,rate_cash,2026-06-15
금리,"씨드릴, 6억 달러 규모 2034년 만기 채권 발행..고금리 채권 조기상환",2026-06-15 20:58:55,rate_cash,2026-06-15
금리,"잭 인 더 박스, 5억 달러 규모 7.62% 선순위채권 발행..고금리 부채 차환",2026-06-15 20:35:35,rate_cash,2026-06-15
금리,"밴드위스, 2억7500만 달러 규모 2032년 만기 전환사채 발행",2026-06-15 19:47:02,rate_cash,2026-06-15
금리,“아파트 상승률 0.3% 넘으면 정부가 움직인다”…폭등 뒤 폭락의 공식 [부동산 손자병법],2026-06-15 19:23:07,rate_cash,2026-06-15
금리,"버켄스탁 홀딩, 9억 유로 규모 2033년 만기 선순위 채권 발행",2026-06-15 19:09:50,rate_cash,2026-06-15
금리,원화 반등에도 여전히 1500원대 … 이번주 연준 FOMC가 또 고비,2026-06-15 17:49:59,rate_cash,2026-06-15
금리,종전 합의에 항공·건설株 급반등 … 반도체도 더 탄력받나,2026-06-15 17:49:58,rate_cash,2026-06-15
금리,"""유가 하락에도 高물가 불안 지속""… 韓성장률은 소폭 오를듯",2026-06-15 17:48:26,rate_cash,2026-06-15
금리,"韓 태양광 발전원가, 국제 평균의 2배",2026-06-15 17:43:20,rate_cash,2026-06-15
금리,인플레 우려 여전 … 각국 통화정책 '딜레마',2026-06-15 17:42:47,rate_cash,2026-06-15
금리,주담대 변동금리 2.9% … 1년4개월만 최고치 경신,2026-06-15 17:33:48,rate_cash,2026-06-15
금리,中企대출 늘었지만…담보·우량차주에 쏠려,2026-06-15 17:33:47,rate_cash,2026-06-15
금리,"“대출금리 또 오른다”…5월 코픽스 또 올라, 2개월 연속 상승",2026-06-15 17:31:00,rate_cash,2026-06-15
금리,‘금리 최대 19%’ 청년미래적금 출시 눈앞…가입하려면?,2026-06-15 16:58:12,rate_cash,2026-06-15
금리,“대출 못 받아도 강남 간다”…강남권 거래 절반은 20억원 이상,2026-06-15 15:47:46,rate_cash,2026-06-15
금리,"[속보] 코스피, 5.2% 급등 8500선 회복",2026-06-15 15:36:36,rate_cash,2026-06-15
금리,주담대 변동금리 또 오른다…두 달째 상승세,2026-06-15 15:29:03,rate_cash,2026-06-15
금리,“FOMC 앞두고 전쟁 끝”…주목할 수혜주·피해주는?,2026-06-15 14:57:04,rate_cash,2026-06-15
금리,"“외국인 매도폭탄 버틴 코스피, 대단하네”…5월 주식자금 순유출 48조 ‘역대 최대’",2026-06-15 14:37:02,rate_cash,2026-06-15
금리,"“은퇴하고 시작한 장사, 이자 내기도 힘드네”…빚 못갚는 사장님 60대만 늘었다",2026-06-15 13:22:34,rate_cash,2026-06-15
금리,"‘철강 한파’ 길어진다…포스코홀딩스 눈높이 낮춘 증권가 [오늘, 이 종목]",2026-06-15 12:33:47,rate_cash,2026-06-15
금리,부산 고용우수 15개사 선정… 최근 3년 869명 고용 창출,2026-06-15 10:39:41,rate_cash,2026-06-15
금리,"5월 전국 아파트 매매 거래, 3억 미만 줄고 6억 이상 비중 확대",2026-06-15 10:02:05,rate_cash,2026-06-15
금리,역대급 실적에도 눈높이 낮췄다…고려아연 목표가 하향 이유는 [오늘 나온 보고서],2026-06-15 09:18:49,rate_cash,2026-06-15
금리,다들 종전 축포 와중에…POSCO홀딩스 목표주가 54만 → 48만원,2026-06-15 08:59:18,rate_cash,2026-06-15
금리,오늘은 급등·내일은 폭락…AI주 투자자 마음 편히 해줄 ETF는 [이번주 찜할 ETF],2026-06-15 06:06:19,rate_cash,2026-06-15
금리,“아파트 상승률 0.3% 넘으면 정부가 움직인다” … 폭등 뒤 폭락의 공식,2026-06-15 05:00:00,rate_cash,2026-06-15
금리,‘양날의 검’ 레버리지 ... 투자 전 이것부터 반드시 확인해야,2026-06-15 04:00:00,rate_cash,2026-06-15
금리,"일본은행 31년 만의 기준금리 1%, 이번 주 엔화를 봐야 하는 이유",2026-06-15 04:00:00,rate_cash,2026-06-15
금리,“소문에 사서 뉴스에 팔라” 학술적으로 증명?…이번주 FOMC 대응법 [너드의 투자법],2026-06-14 18:52:02,rate_cash,2026-06-14
금리,"李, 정청래에 간접경고 … 靑참모진도 ""당 쪼개자는거냐"" 부글",2026-06-14 17:50:59,rate_cash,2026-06-14
금리,"초고액예금 썰물에…은행, 자산관리 안간힘",2026-06-14 17:45:54,rate_cash,2026-06-14
금리,변동장 이길 피난처 … '위대한 투자자' 특별강연서 한눈에,2026-06-14 17:17:59,rate_cash,2026-06-14
금리,"""투자 한파로 얼어붙은 K바이오 구하겠다""",2026-06-14 16:59:57,rate_cash,2026-06-14
금리,유통·IT·레저 손잡은 금융권 … 고객 라이프스타일 파고든다,2026-06-14 16:14:59,rate_cash,2026-06-14
금리,"KB국민은행, 편의점부터 코인까지…'임베디드 금융' 최강자로 떠올라",2026-06-14 16:14:33,rate_cash,2026-06-14
금리,"신한은행, N페이비즈·올리브영·11번가 … 기업들과 전방위 금융 협업",2026-06-14 16:14:32,rate_cash,2026-06-14
금리,"""ESG 금융, 에너지 산업에 초점 … 기업 해외진출 동반자 될것""",2026-06-14 16:14:16,rate_cash,2026-06-14
금리,"NH농협은행, 당근 부동산 직거래도 안심송금 … 생활밀착 플랫폼 '맞손'",2026-06-14 16:11:29,rate_cash,2026-06-14
금리,“소문에 사서 뉴스에 팔라” 학술적으로 증명? ... 이번주 FOMC 대응법,2026-06-14 13:46:38,rate_cash,2026-06-14
금리,"“나도 갈아타야 하나”…도약계좌 vs 미래적금, 뭐가 더 유리할까 [캥거루족 탈출기㉒]",2026-06-14 13:16:46,rate_cash,2026-06-14
금리,은행 예금금리 다시 3%대로…머니무브에도 정기예금은 증가세,2026-06-14 11:37:44,rate_cash,2026-06-14
금리,"“종전 사인 한다며?”…월요일 기다리는 개미들, 코스피 9000 재도전",2026-06-14 10:31:02,rate_cash,2026-06-14
금리,"“내 주식만 안 올라, 어쩌나”…‘8천피 시대’ 신저가 종목 속출했다",2026-06-14 09:24:09,rate_cash,2026-06-14
금리,“청년보다 아빠들이 더 급했다”…햇살론 이용자 절반이 4050,2026-06-14 09:06:55,rate_cash,2026-06-14
금리,"서울자가 김부장, 무주택으로 돌아왔다…소설 탈을 쓴 부동산 과외 [Book]",2026-06-14 06:25:51,rate_cash,2026-06-14
금리,"“아직도 주식을 안 해?”...돈에 대한 불안함, 누군가에겐 비즈니스 먹잇감 [Book]",2026-06-14 06:05:23,rate_cash,2026-06-14
금리,오늘은 급등·내일은 폭락…AI주 투자자 마음 편히 해줄 ETF는,2026-06-14 04:50:00,rate_cash,2026-06-14
금리,"“기름값 얼마나 한다고, 마음껏 밟아”…다시 뜨는 경차의 이유있는 자신감 [Car]",2026-06-13 17:13:51,rate_cash,2026-06-13
금리,종전 기대에 스페이스X 흥행까지…뉴욕증시 동반 상승,2026-06-13 09:52:30,rate_cash,2026-06-13
금리,"‘빚투’에 신용대출 1.6조 급증…시중은행 가계대출, 이달 들어 2.8조 ‘쑥’",2026-06-13 09:31:50,rate_cash,2026-06-13
금리,"아머 레지던셜 REIT, 포트폴리오 222억 달러·배당수익률 16.8% 공개",2026-06-13 05:20:01,rate_cash,2026-06-13
금리,"인베스코 모기지 캐피탈, 6월 배당 주당 0.12달러 결정..7월 15일 지급",2026-06-13 05:19:51,rate_cash,2026-06-13
금리,"뉴텍 비즈니스 서비스, 분기 배당 주당 0.19달러 결정",2026-06-12 22:04:03,rate_cash,2026-06-12
금리,"코스피 거래대금 4배 폭증…증권사, 한 분기 만에 작년 순익 절반 벌어",2026-06-12 22:00:33,rate_cash,2026-06-12
금리,억대 연봉 벌어도 마통 한도 5000만원까지…신용대출 확 조인다,2026-06-12 21:40:14,rate_cash,2026-06-12
금리,"신현송 ""늦지않게 금리 올려야""… 변수는 고용",2026-06-12 18:02:41,rate_cash,2026-06-12
금리,OK저축銀 금리 인상… 정기예금 최고 年4%,2026-06-12 18:02:40,rate_cash,2026-06-12
금리,당국 경고 하루만에…신용대출 빙하기 왔다,2026-06-12 18:02:39,rate_cash,2026-06-12
금리,외국투자자 한달여만에 컴백 … 반도체 투톱 2조 '폭풍 쇼핑',2026-06-12 17:55:29,rate_cash,2026-06-12
금리,"증권사, 1분기에 작년 전체순익 절반 벌었다",2026-06-12 17:53:09,rate_cash,2026-06-12
금리,큰손도 개미도 스페이스X로 몰려 … 美국채·금값까지 흔들렸다,2026-06-12 17:46:42,rate_cash,2026-06-12
금리,다들 주식으로 돈 버는데 … 그 불안은 정말 내것일까?,2026-06-12 17:08:14,rate_cash,2026-06-12
금리,"수십억 연봉자도 신용대출 1억…은행권, ‘빚투’ 제동",2026-06-12 16:31:11,rate_cash,2026-06-12
금리,40년 저금리 시대는 끝났다 [신간],2026-06-12 16:08:08,rate_cash,2026-06-12
금리,"월가 품에 안긴 비트코인, 왜 더 흔들리나 [홍익희의 비트코인 이야기]",2026-06-12 16:05:36,rate_cash,2026-06-12
금리,노무라證 “반도체 사이클 이제 시작…방산·車도 증시 주도”,2026-06-12 16:04:54,rate_cash,2026-06-12
금리,한은 총재 “늦지 않게 금리 인상”…부동산·빚투 경고,2026-06-12 16:01:18,rate_cash,2026-06-12
금리,“물가 잡는 게 우선” 한은 금리 인상 예고… 통화긴축 시계 빨라진다,2026-06-12 15:52:32,rate_cash,2026-06-12
금리,주담대 금리 8%·마통 7% 눈앞…영끌·빚투족 비상 [호모 집피엔스],2026-06-12 15:46:34,rate_cash,2026-06-12
금리,조마조마한 빅테크 ‘레드퀸’ 레이스,2026-06-12 15:25:36,rate_cash,2026-06-12
금리,“바닥 아니다” vs “연말 10만달러”…비트코인 저점은 어디?,2026-06-12 15:21:08,rate_cash,2026-06-12
금리,롤러코스피 증시…올라탈까 내릴까,2026-06-12 15:15:55,rate_cash,2026-06-12
금리,코스피 1만1000 간다는 노무라...“반도체 슈퍼사이클 이제 막 시작됐다”,2026-06-12 14:50:06,rate_cash,2026-06-12
금리,"“마통 뚫어보려 했는데, 포기했습니다”…금융권 줄줄이 대출 조이기",2026-06-12 14:41:11,rate_cash,2026-06-12
금리,추락하는 원화…고환율 미스터리,2026-06-12 14:26:08,rate_cash,2026-06-12
금리,"“빈곤 아동만 450만명, 무료 아침급식 긴급 도입”…다시 드리운 ‘영국병’ 그림자 [기자24시]",2026-06-12 14:23:54,rate_cash,2026-06-12
금리,‘금 불패’ 믿음 흔들...“눈높이 낮춰라”,2026-06-12 14:18:53,rate_cash,2026-06-12
금리,"非아파트 공급 늘리는 정부, 왜? [김경민의 부동산NOW]",2026-06-12 14:13:46,rate_cash,2026-06-12
금리,안전자산 금의 굴욕…스페이스X·오픈AI에 밀렸다,2026-06-12 14:08:26,rate_cash,2026-06-12
금리,"고금리·공실 직격탄…하정우 손절, 이해인 “삼성전자 살걸” [스테크]",2026-06-12 14:06:20,rate_cash,2026-06-12
금리,“돈 필요한 직장인은 어쩌라고”…‘마통 5000 일괄제한’에 실수요자 비상,2026-06-12 12:45:44,rate_cash,2026-06-12
금리,지옥에서 돌아왔다…태양광의 재발견 [스페셜 리포트],2026-06-12 11:27:07,rate_cash,2026-06-12
금리,여전한 공급난에 “연말까지 집값 상승”,2026-06-12 10:41:20,rate_cash,2026-06-12
금리,[속보] 한은 총재 “집값 상승 기대 높아졌다…늦지 않게 금리 인상”,2026-06-12 10:05:46,rate_cash,2026-06-12
금리,“역대급 돈잔치 시작됐다”…분기 순익 2조 전망에 주주환원 ‘끝판왕’ 등극한 금융주는 [오늘 나온 보고서],2026-06-12 09:32:24,rate_cash,2026-06-12
금리,"OK저축은행, 정기예금 금리 ‘연 4.0%’로 인상",2026-06-12 09:00:44,rate_cash,2026-06-12
금리,"[美공시]레드우드 트러스트, 2026년 2분기 보통주 및 우선주 배당금 발표",2026-06-12 08:50:14,rate_cash,2026-06-12
금리,"“KB금융, 홍콩 ELS 악재 걷히고 실적은 역대 최대 예상”…목표가↑",2026-06-12 08:27:54,rate_cash,2026-06-12
현금확보,"복스 로열티, i-80 골드 스트림 자산 4,800만 달러 매각..장부가 2배 수익 실현",2026.06.26 23:10,rate_cash,2026-06-26
현금확보,"Z스퀘어드, 현금 없이 150MW급 AI 데이터센터 확보…AI 인프라 경쟁력 주목",2026.06.26 22:00,rate_cash,2026-06-26
현금확보,"아이오니어, 美육군과 보론 처리시설 임대계약 체결",2026.06.26 21:49,rate_cash,2026-06-26
현금확보,"아이콘, 7월 31일 주총 개최…이사 10명 선임 및 20% 신주발행 의결",2026.06.26 21:09,rate_cash,2026-06-26
현금확보,"Z 스퀘어드, 500만 달러 규모 파라독스 데이터 인수..150MW급 AI 데이터센터 확보",2026.06.26 19:06,rate_cash,2026-06-26
현금확보,메리츠 “1000억 DIP는 전단채 회수 가능성 높이기 위한 한계선”,2026.06.26 17:06,rate_cash,2026-06-26
현금확보,"리가켐바이오, 5000억 투자 유치…국민성장펀드 헬스케어 직접투자 1호",2026.06.26 08:08,rate_cash,2026-06-26
현금확보,"AEON ACQUISITION I CORP, 순자산 적자 380만 달러..12개월 내 사업 결합 필수",2026.06.26 06:22,rate_cash,2026-06-26
현금확보,"OMS 에너지 테크놀로지스, 2026년 영업현금흐름 5410만 달러로 역대 최대",2026.06.26 06:18,rate_cash,2026-06-26
현금확보,"베네피션트, 텍사스 은행과 담보관리 서비스 첫 계약 체결",2026.06.26 06:14,rate_cash,2026-06-26
현금확보,"리갠드 파머슈티컬스, 6억2500만 달러 전환사채 발행..XOMA 인수 재원 확보",2026.06.26 06:02,rate_cash,2026-06-26
현금확보,"다임 커뮤니티 뱅크셰어스, 분기 배당 주당 0.25달러 선언",2026.06.26 05:33,rate_cash,2026-06-26
현금확보,"디지털 커런시 엑스 테크놀로지, 7억 달러 유상증자..비트코인·이더리움으로 납입",2026.06.26 05:32,rate_cash,2026-06-26
현금확보,"퀀텀, 4분기 매출 7800만 달러..전년비 27% 증가",2026.06.26 05:24,rate_cash,2026-06-26
현금확보,"와이어하우저, 2030년까지 EBITDA 15억달러 추가 목표 제시",2026.06.26 05:23,rate_cash,2026-06-26
현금확보,"페덱스 프레이트 홀딩, 4분기 매출 24억 달러..영업이익 67% 급감",2026.06.26 05:17,rate_cash,2026-06-26
현금확보,"아메리칸 아웃도어 브랜즈, 2026회계연도 매출 1억9,053만 달러..전년비 14% 감소",2026.06.26 05:08,rate_cash,2026-06-26
현금확보,"퍼블릭 스토리지, 30억 달러 신용한도 확보..재무 유연성 대폭 강화",2026.06.26 05:07,rate_cash,2026-06-26
현금확보,"오큘리스 홀딩, 프리보세그터·라이카민리맙 핵심 임상전략 발표",2026-06-26 05:03:10,rate_cash,2026-06-26
현금확보,재개발 입주권이 17억 … 이문동 재개발 지금 사도 남는게 있을까,2026-06-26 04:05:00,rate_cash,2026-06-26
현금확보,“‘연 30%’ 역대급 수익률” … 연금 ‘노후 격차’ 막는 5가지 방법,2026-06-26 04:00:00,rate_cash,2026-06-26
현금확보,"T 스탬프(IDAI), 551만 달러 단기 대출 조달..현금 확보력 강조",2026-06-26 02:49:48,rate_cash,2026-06-26
현금확보,"사이빈, 5,000만 달러 자금 조달..주요우울장애 임상3상 완성 목표",2026-06-26 00:06:56,rate_cash,2026-06-26
현금확보,"클리어워터 애널리틱스 홀딩스, 84억 달러 규모 비상장 인수 완료",2026-06-25 23:18:55,rate_cash,2026-06-25
현금확보,"하트테스트래버러토리즈, 포티튜드 마이닝과 합병 계약 체결로 급등",2026-06-25 23:12:04,rate_cash,2026-06-25
현금확보,"커스텀엔터테인먼트, 비디오 솔루션 부문 매각으로 라이브 엔터테인먼트 집중 선언",2026-06-25 22:30:53,rate_cash,2026-06-25
현금확보,"재규어 헬스, Series O 우선주 보통주 전환 완료..1주당 3.209주 비율",2026-06-25 22:18:02,rate_cash,2026-06-25
현금확보,"스타우드 프로퍼티 트러스트, 5억 달러 규모 2029년 만기 선순위 채권 사모 발행",2026-06-25 22:16:52,rate_cash,2026-06-25
현금확보,"지프리크루터, 2억9500만 달러 부채 2억3000만에 매입..6500만 달러 할인",2026-06-25 22:05:02,rate_cash,2026-06-25
현금확보,"존 윌리 앤 손, 33년 연속 배당 인상..분기배당 0.36달러",2026-06-25 22:00:52,rate_cash,2026-06-25
현금확보,"하이브 블록체인 테크놀러지스, 1억 달러 규모 교환사채 발행 계획",2026-06-25 21:57:52,rate_cash,2026-06-25
현금확보,"H.B. 풀러, 2분기 조정 EPS 1.41달러..전년비 19%↑",2026-06-25 21:32:40,rate_cash,2026-06-25
현금확보,"LAUNCH TWO ACQUISITION CORP, 원자력 기업 뉴큐브와 합병..기업가치 5.8억 달러",2026-06-25 21:28:50,rate_cash,2026-06-25
현금확보,"바이오테크네, 머크KGaA에 113억 달러에 인수..주당 36% 프리미엄",2026-06-25 21:22:59,rate_cash,2026-06-25
현금확보,"아틀란틱 인터내셔널, 1분기 매출 143% 급증..Circle8 인수 효과",2026-06-25 21:21:39,rate_cash,2026-06-25
현금확보,"나녹스, 1분기 매출 54% 증가한 430만 달러..순손실 1,427만 달러",2026-06-25 21:07:28,rate_cash,2026-06-25
현금확보,"어큐어티 브랜즈, 3분기 순매출 12억 달러·EPS 4.56달러로 46% 급증",2026-06-25 20:30:47,rate_cash,2026-06-25
현금확보,"블랙베리, 9년 만에 영업 현금흐름 플러스 전환…매출·EBITDA 동반 급증",2026-06-25 20:21:06,rate_cash,2026-06-25
현금확보,"하이브 블록체인 테크놀러지스, 스웨덴 기업과 25MW HPC 시설 10년 임대 계약 체결",2026-06-25 20:20:46,rate_cash,2026-06-25
현금확보,"블랙베리, 1분기 매출 1억5290만 달러..전년비 26% 증가",2026-06-25 20:14:56,rate_cash,2026-06-25
현금확보,"AMC 엔터테인먼트 홀딩스, 2억 달러 공모로 부채상환·연 770만 달러 이자비용 절감",2026-06-25 20:06:55,rate_cash,2026-06-25
현금확보,"트립닷컴 그룹, 1분기 매출 24억 달러..전년비 17% 증가",2026-06-25 19:52:44,rate_cash,2026-06-25
현금확보,"바이오테크네, 머크KGaA에 주당 73달러 인수 합의… 36% 프리미엄에 주주가치 급등",2026-06-25 19:40:54,rate_cash,2026-06-25
현금확보,"워딩턴 스틸, 4분기 매출 9억2920만 달러..전년비 12%↑ 영업손실 5760만 달러 전환",2026-06-25 19:33:24,rate_cash,2026-06-25
현금확보,"마이크론 이익률 85%, 빅테크 다 제쳐 … ""슈퍼甲 메모리 질주""",2026-06-25 17:41:55,rate_cash,2026-06-25
현금확보,비트코인 6만달러 지킬 수 있을까…‘디지털 金’ 명성 어디로,2026-06-25 14:17:59,rate_cash,2026-06-25
현금확보,"미국투자이민 EB-5, 9월 30일 전 가장 먼저 봐야 할 ‘자금 출처’",2026-06-25 11:11:00,rate_cash,2026-06-25
현금확보,"에이프릴바이오, TKG태광·IMM인베서 3468억 투자 유치",2026-06-25 10:53:16,rate_cash,2026-06-25
현금확보,"콜로니 뱅코프, 퍼스트 릴라이언스 1억6300만 달러에 인수",2026-06-25 06:03:06,rate_cash,2026-06-25
현금확보,"글로벌 십 리즈, 4억1300만 달러 규모 신조선 5척 계약 체결",2026-06-25 05:36:54,rate_cash,2026-06-25
현금확보,"제프리스 파이낸셜, 2분기 매출 23억 달러·EPS 155% 급증",2026-06-25 05:22:03,rate_cash,2026-06-25
현금확보,"메소드 일렉트로닉스, 4분기 매출 2억9800만 달러..전년비 15.9% 증가",2026-06-25 05:19:13,rate_cash,2026-06-25
현금확보,"컴퍼스 디버시파이드 홀딩스, 루가노 파산 절차 합의로 현금 회수 가속화",2026-06-25 05:18:53,rate_cash,2026-06-25
현금확보,"에이디씨 테라퓨틱스, 인력 17% 감축 구조조정 발표에 투자 심리 위축",2026-06-25 04:41:41,rate_cash,2026-06-25
현금확보,"타이탄마이닝, 4위 아연 생산업체 목표 발표에도 수치 가이던스 부재로 시장 외면",2026-06-24 23:02:35,rate_cash,2026-06-24
현금확보,"케이시스 제너럴 스토어스, 향후 3년간 8~10% EBITDA 성장 목표 제시",2026-06-24 22:24:03,rate_cash,2026-06-24
현금확보,"체크캡, 2025년 매출 23억 달러..전년比 48배 급증",2026-06-24 22:18:03,rate_cash,2026-06-24
현금확보,"에이디씨 테라퓨틱스, 인력 17% 감축..연 1천만 달러 비용 절감",2026-06-24 22:04:42,rate_cash,2026-06-24
현금확보,"닥트로닉스, 4분기 EPS 0.17달러 흑자전환··연간 매출 11% 성장",2026-06-24 20:45:59,rate_cash,2026-06-24
현금확보,"랭크원 컴퓨팅, 줌카로 테크니컬 컨설팅 300만 달러에 인수",2026-06-24 20:24:58,rate_cash,2026-06-24
현금확보,"케모센트릭스, 아질리티 로보틱스 합병으로 미국 증시 유일 순수 휴머노이드 로봇 기업 등극",2026-06-24 20:10:38,rate_cash,2026-06-24
현금확보,"크라운 크래프트, 4분기 흑자전환·매출총이익률 22.9%로 개선",2026-06-24 20:07:57,rate_cash,2026-06-24
현금확보,"케모센트릭스, 아질리티 로보틱스와 25억 달러 규모 합병 추진",2026-06-24 20:03:07,rate_cash,2026-06-24
현금확보,"머니히어로, 1분기 매출 1650만 달러..전년비 15% 증가",2026-06-24 19:11:56,rate_cash,2026-06-24
현금확보,"오리온 디지털, 연례 주총서 이사 전원·감사 재임 승인",2026-06-24 19:05:56,rate_cash,2026-06-24
현금확보,"콤스톡 마이닝, 레거시 광산 자산 4500만 달러에 매각",2026-06-24 19:04:56,rate_cash,2026-06-24
현금확보,"엘도라도 골드, 주총서 전 이사진 선임·스쿠리 금광 생산 임박",2026-06-24 19:04:35,rate_cash,2026-06-24
현금확보,"올라 마이닝, 이큅녹스와 합병 주총 7월 22일 개최..연 190만온스 금 생산 기대",2026-06-24 19:03:15,rate_cash,2026-06-24
현금확보,"에퀴녹스 골드, 오를라 마이닝 합병 주총 7월 22일 개최..연 110만온스 생산 목표",2026-06-24 19:02:35,rate_cash,2026-06-24
현금확보,"SNS 다음 먹거리 찾는 저커버그…베팅 앱 개발, AI 안경 출시",2026-06-24 14:39:17,rate_cash,2026-06-24
현금확보,“美 3000억원 받는 CEO 12명”…‘문샷 보상’에 천문학적 연봉,2026-06-24 10:44:12,rate_cash,2026-06-24
현금확보,"[美공시]텍사스 퍼시픽 랜드, 대규모 발전 프로젝트의 토지 및 수자원 솔루션 제공을 위해 셰브론과 협약 체결",2026-06-24 08:25:41,rate_cash,2026-06-24
현금확보,"[美공시]ASP 아이소토프, 남아프리카공화국 버지니아 가스 프로젝트의 헬륨 공급에 관한 첫 번째 ‘테이크-오어-페이(Take-or-Pay)’ 계약 체결 발표",2026-06-24 08:25:41,rate_cash,2026-06-24
현금확보,"형식적 RBA를 넘어, 설명 가능한 위험평가로 [화우 자금세탁방지인사이트]",2026-06-24 07:00:00,rate_cash,2026-06-24
현금확보,"하트 테스트 래버러토리즈, 포티튜드와 합병 계약 체결",2026-06-24 06:17:49,rate_cash,2026-06-24
현금확보,"유로드라이, 2026년 매출 7005만 달러 전망..전년비 34% 증가",2026-06-24 06:16:59,rate_cash,2026-06-24
현금확보,"웨스트포트 퓨얼 시스템즈, 1천만 달러 규모 직접 공모 단행",2026-06-24 05:56:55,rate_cash,2026-06-24
현금확보,"페덱스, 4분기 실적 개선에도 EPS 가이던스 시장 기대치 하회로 약세",2026-06-24 05:50:55,rate_cash,2026-06-24
현금확보,"애쉬포드 호스피탈러티 트러스트, 오스틴 힐튼 가든 인 2640만 달러 매각",2026-06-24 05:30:54,rate_cash,2026-06-24
현금확보,"게임스탑, CEO 성과보상 철회..이베이 인수 집중",2026-06-24 05:25:24,rate_cash,2026-06-24
현금확보,"밀로즈 프로퍼티스, 분기 배당 1억2790만 달러 지급",2026-06-24 05:22:53,rate_cash,2026-06-24
현금확보,"텍사스 퍼시픽 랜드 트러스트, 셰브런과 대규모 토지·염수 공급 계약 체결",2026-06-24 05:17:53,rate_cash,2026-06-24
현금확보,"투 하버스 인베스터즈, 주당 12달러 인수안 승인 권고..주총 7월 2일 개최",2026-06-24 05:12:52,rate_cash,2026-06-24
현금확보,"페덱스, 4분기 매출액 250억 달러..전년비 13% 증가",2026-06-24 05:09:42,rate_cash,2026-06-24
현금확보,"메탈라 로열티 & 스트리밍, 주주총회서 이사진 재선임 및 신임 이사 선임 완료",2026-06-24 05:07:02,rate_cash,2026-06-24
현금확보,"페라리, 마케팅·상업 총괄에 BMW 이탈리아 출신 실베스트레 선임",2026-06-24 02:12:49,rate_cash,2026-06-24
현금확보,"퍼플 바이오테크, 2027년 상반기 IM1240 임상시험 개시 계획 발표",2026-06-23 22:30:55,rate_cash,2026-06-23
현금확보,"발라드 파워 시스템즈, 영국 제오퓨어 4억달러 인수..수소 생태계 수직 통합",2026-06-23 22:19:55,rate_cash,2026-06-23
현금확보,"킴벨 로열티 파트너스, 퍼미안 분지 광물권 1억4590만 달러 인수",2026-06-23 22:18:05,rate_cash,2026-06-23
현금확보,"퀀텀 컴퓨팅, NHanced 인수 완료..7,310만 달러 투입해 제조역량 확대",2026-06-23 21:58:04,rate_cash,2026-06-23
현금확보,"오디세이 테라퓨틱스, 3개 파이프라인 임상 진행·4.6억달러 현금 보유",2026-06-23 21:48:14,rate_cash,2026-06-23
현금확보,"ESS 테크, 나트륨이온 배터리 개발 가속화..10억달러 규모 초기 수요 확보",2026-06-23 21:38:53,rate_cash,2026-06-23
현금확보,"바운드리스 바이오, Serapha Bio와 합병·2.3억 달러 투자 유치",2026-06-23 21:32:13,rate_cash,2026-06-23
현금확보,"코세라, 우데미 인수 후 2027년 매출 14.9억~15.2억 달러 전망",2026-06-23 21:05:02,rate_cash,2026-06-23
현금확보,주식 샀더니 무료맥주·항공권 할인까지…주주 챙겨주는 日 [특파원 인사이트],2026-06-23 20:54:44,rate_cash,2026-06-23
현금확보,"AMC 엔터테인먼트 홀딩스, 2억 달러 규모 보통주 공모 가격 확정",2026-06-23 20:39:01,rate_cash,2026-06-23
현금확보,"액센츄어, 자사주 매입 20억 달러 증액..총 75억 달러 규모",2026-06-23 20:06:49,rate_cash,2026-06-23
현금확보,"메탈라 로열티 & 스트리밍, 2026 자산 핸드북 공개..100개 로열티 포트폴리오 강조",2026-06-23 20:02:59,rate_cash,2026-06-23
현금확보,"퍼스트 캐시, 英 램스덴스홀딩스 2억730만 파운드 인수 합의",2026-06-23 20:01:49,rate_cash,2026-06-23
현금확보,"파라마운트 골드 네바다, 슬리퍼 골드 프로젝트 NPV 4억 달러·IRR 45% 평가",2026-06-23 19:39:59,rate_cash,2026-06-23
현금확보,"스키나 리소시스, 주총서 이사 재선임·인센티브 플랜 99% 찬성 승인",2026-06-23 19:31:59,rate_cash,2026-06-23
현금확보,"크리티컬메탈스, 손실 개선에도 매출 '0'…탐사 단계 한계가 발목 잡다",2026-06-23 19:11:08,rate_cash,2026-06-23
현금확보,"로빈후드 마켓츠, 20억 달러 전환사채 발행·3억 달러 자사주 매입",2026-06-23 19:06:57,rate_cash,2026-06-23
현금확보,"데이터 I/O, 900만 달러 규모 투자 유치 완료",2026-06-23 19:04:47,rate_cash,2026-06-23
현금확보,"크리티컬 메탈스, 2025 회계연도 순손실 9,679만 호주달러..전년비 56% 개선",2026-06-23 19:02:57,rate_cash,2026-06-23
현금확보,"""상품 발굴·수출까지 한번에""…홈쇼핑과 손잡은 中企 날았다",2026-06-23 16:01:49,rate_cash,2026-06-23
현금확보,"DL에너지, 국내외 발전사업 호조에 신용등급 ‘A+’ 상향",2026-06-23 14:12:47,rate_cash,2026-06-23
현금확보,美빅테크 연봉·日철밥통 고용 다달라고?…양손에 떡 쥐려다 다놓친다 [매경포럼],2026-06-23 09:41:05,rate_cash,2026-06-23
현금확보,"티안시 인터내셔널, 3분기 매출 431만 달러·흑자전환",2026-06-23 06:17:01,rate_cash,2026-06-23
현금확보,"스카이 쿼리, 네바다주 포어랜드 정유공장 7월 재가동..서부 공급망 핵심 자산화",2026-06-23 06:16:11,rate_cash,2026-06-23
현금확보,"테크프리시전, 2026 회계연도 4분기 매출 808만 달러..영업손실 81% 축소",2026-06-23 05:23:58,rate_cash,2026-06-23
현금확보,"타워 세미컨덕터, 임원 보상정책 대폭 상향..CEO 보너스 한도 225%로",2026-06-23 04:02:26,rate_cash,2026-06-23
현금확보,주식 샀더니 무료맥주·항공권 할인까지 … 주주 챙겨주는 日,2026-06-23 04:00:00,rate_cash,2026-06-23
현금확보,"실버코프 메탈스, 키르기스스탄 광산 개발에 1억9630만 달러 투자",2026-06-23 02:09:14,rate_cash,2026-06-23
현금확보,"에니스, 1분기 매출 9860만 달러..전년비 1.4% 증가",2026-06-22 23:07:52,rate_cash,2026-06-22
현금확보,"퍼스트 마제스틱 실버, 델 토로 은광산 인수 완료..최대 6천만 달러 추가 지급 조건",2026-06-22 23:05:02,rate_cash,2026-06-22
현금확보,"비트마인 이머전, 이더리움 전체 공급량 4.7% 보유…스테이킹으로 연 2억6800만 달러 수익 구조 확보",2026-06-22 23:00:52,rate_cash,2026-06-22
현금확보,"비트마인 이머전 테크놀로지, ETH 567만개 보유..전체 공급량 4.7%",2026-06-22 21:47:07,rate_cash,2026-06-22
현금확보,"케이블 원, 최대 14억 달러 규모 대출채권 교환 거래 개시",2026-06-22 21:38:57,rate_cash,2026-06-22
현금확보,"워크스포트, 5월 매출총이익률 35% 달성..2년새 24%p 개선",2026-06-22 21:04:05,rate_cash,2026-06-22
현금확보,"애모, 4분기 매출 1390만 달러..조정 EBITDA 167% 급증",2026-06-22 21:02:54,rate_cash,2026-06-22
현금확보,"아르코사, CRH에 85억 달러 인수 합의..주당 150달러",2026-06-22 20:23:03,rate_cash,2026-06-22
현금확보,"애브비, 아포지 테라퓨틱스 109억 달러 인수",2026-06-22 20:13:13,rate_cash,2026-06-22
현금확보,"호크아이360, 1분기 매출 4980만 달러..전년비 117% 급증",2026-06-22 20:09:52,rate_cash,2026-06-22
현금확보,"씨알에이치, 아코사 85억 달러 인수..북미 최대 인프라 기업 도약",2026-06-22 20:04:52,rate_cash,2026-06-22
현금확보,"노보닉스, 유상증자로 1억2933만주 발행..총 발행주식 9억9156만주로 확대",2026-06-22 19:57:51,rate_cash,2026-06-22
현금확보,"유나이티드 마이크로일렉트로닉스, 노바텍 지분 매각으로 재무 유연성 확보",2026-06-22 19:20:40,rate_cash,2026-06-22
현금확보,"MDA 스페이스, 블루캐년테크놀로지 6억2000만 달러 인수",2026-06-22 19:18:59,rate_cash,2026-06-22
현금확보,"유나이티드 마이크로일렉트로닉스, 노바텍 지분 처분으로 1,680억원 확보",2026-06-22 19:17:39,rate_cash,2026-06-22
현금확보,[매경포럼] 양손에 떡을 쥘 순 없다,2026-06-22 16:59:22,rate_cash,2026-06-22
현금확보,“눈앞의 경찰보다 범인 말을 더 믿더라”…제주 보이스피싱 절반 줄인 비결,2026-06-20 18:56:14,rate_cash,2026-06-20
현금확보,“2030년 가장 매력적인 완성차로”…폭스바겐그룹 8대 전략 제시,2026-06-19 12:30:14,rate_cash,2026-06-19
현금확보,[매경경영지원본부 칼럼] 민관공동기술사업화R&D(구매연계·상생협력)를 주목해야 하는 이유,2026-06-19 09:37:53,rate_cash,2026-06-19
현금확보,"비트마인 이머전 테크놀로지스, 우선주 주당 0.11달러 배당 결정",2026-06-19 06:00:03,rate_cash,2026-06-19
현금확보,"BCB 뱅코프, 보통주·우선주 분기 배당 전면 중단",2026-06-19 05:59:03,rate_cash,2026-06-19
현금확보,"모닝스타, 분기 배당 0.5달러 유지..7월 31일 지급",2026-06-19 05:20:51,rate_cash,2026-06-19
현금확보,"AMPERCAP ACQUISITION CO, IPO 완료로 1억2500만 달러 조달..21개월내 사업결합 추진",2026-06-19 05:17:00,rate_cash,2026-06-19
현금확보,“중국판 하이닉스가 온다” … 675조원 中 메모리 공룡의 야심,2026-06-19 04:00:00,rate_cash,2026-06-19
현금확보,"트리니티 바이오테크, 1분기 매출 1080만 달러..전년비 43%↑",2026-06-19 03:22:18,rate_cash,2026-06-19
현금확보,"드래곤플라이, Pwise 인수 완료..최대 7,525만 달러 규모",2026-06-19 00:24:55,rate_cash,2026-06-19
현금확보,"히말라야 시핑, 이사회 의장 20만 주 선매수 계약 체결",2026-06-19 00:15:35,rate_cash,2026-06-19
현금확보,"에이트코 홀딩스, 총 4억7200만 달러 자산 보유..OpenAI·월드코인 투자",2026-06-18 22:42:12,rate_cash,2026-06-18
현금확보,"루다 테크놀로지 그룹, AI 데이터센터 기업 지분 55% 인수..총 94만 달러 규모",2026-06-18 22:03:02,rate_cash,2026-06-18
현금확보,"야누스 헨더슨 그룹, 비상장 전환 규제 승인 완료..주당 52달러에 매각",2026-06-18 21:45:51,rate_cash,2026-06-18
현금확보,"온다스 홀딩스, 사이버호크 1억2500만 달러 인수..AI 인프라 시장 진출",2026-06-18 21:41:01,rate_cash,2026-06-18
현금확보,"드날리 테라퓨틱스, 희귀 소아병 우선심사권 1억9500만 달러 매각",2026-06-18 21:03:58,rate_cash,2026-06-18
현금확보,"그레이스 테라퓨틱스, 2026 회계연도 순손실 779만 달러..전년비 19% 감소",2026-06-18 21:03:08,rate_cash,2026-06-18
현금확보,"그레이엄, 2027 회계연도 매출 17.9% 증가·2억8900만 달러 전망",2026-06-18 21:02:18,rate_cash,2026-06-18
현금확보,"IM 카나비스, 유럽 사업부 매각으로 1050만 캐나다달러 부채 경감",2026-06-18 20:58:58,rate_cash,2026-06-18
현금확보,"톨그래스 에너지, 1천만 달러 자사주 매입 승인..최대주주 2년 매도금지 약정",2026-06-18 20:47:48,rate_cash,2026-06-18
현금확보,"시카고 아틀란틱 리얼 이스테이트 파이낸스, 시카고 아틀란틱 BDC와 합병 계약 체결",2026-06-18 20:33:07,rate_cash,2026-06-18
현금확보,"엘리멘털 알투스 로열티즈, 2026 로열티 자산 핸드북 발간·웹사이트 개편",2026-06-18 20:13:26,rate_cash,2026-06-18
현금확보,넷마블 구로사옥 ‘지타워’ 7000억원에 매각 완료,2026-06-18 15:43:45,rate_cash,2026-06-18
현금확보,"한컴, 한컴인스페이스 매각...“319억 재원 글로벌 사업 확대 활용”",2026-06-18 15:01:22,rate_cash,2026-06-18
현금확보,"“500만원 줄게, 이름 빌려줘”…노숙인 명의로 대포통장 947개 만든 일당",2026-06-18 11:07:30,rate_cash,2026-06-18
현금확보,"망해가던 日 자판기산업,‘덕질’ 덕에 살아났다",2026-06-18 10:30:26,rate_cash,2026-06-18
현금확보,2조원대 골프존카운티부터 잭니클라우스·우정힐스 등… 골프장 M&A 시장 활기,2026-06-18 09:40:04,rate_cash,2026-06-18
현금확보,"오디세이 테라퓨틱스, 1분기 순손실 3830만 달러..OD-001 임상서 27% 관해율 달성",2026-06-18 05:47:16,rate_cash,2026-06-18
현금확보,"로지스틱 프로퍼티스 오브 더 아메리카스, 페루 물류단지 1.45억 달러 매각..멕시코 투자 재배분",2026-06-18 05:15:14,rate_cash,2026-06-18
현금확보,"앱셀레라 바이오로직스, 재즈파마와 7.9억 달러 규모 항체 개발 계약 체결",2026-06-18 01:39:51,rate_cash,2026-06-18
현금확보,"링커스 인더스트리스, 태국 LPW 지분 29% 인수..총 지분율 49%로 확대",2026-06-17 22:33:58,rate_cash,2026-06-17
현금확보,"하모닉, 비디오 사업부 1억4500만 달러 매각..순수 광대역 기업 전환",2026-06-17 22:06:56,rate_cash,2026-06-17
현금확보,"버라이즌, 사모채 교환 완료..재무구조 유연성 강화",2026-06-17 21:09:04,rate_cash,2026-06-17
현금확보,"17 에듀케이션 & 테크놀러지 그룹, 1분기 매출 359% 급증·1440만 달러",2026-06-17 19:09:11,rate_cash,2026-06-17
현금확보,"OCEAN CAPITAL ACQUISITION CORP, 총자산 1.15억 달러..사업결합 시한 임박",2026-06-17 19:05:50,rate_cash,2026-06-17
현금확보,"에코페트롤, S&P 신용등급 BB- 유지..안정적 전망 확인",2026-06-17 19:05:20,rate_cash,2026-06-17
현금확보,"내츄럴 가스 서비스, 플랫록 컴프레션 1.2억 달러 인수..압축기 용량 13% 확대",2026-06-17 19:02:09,rate_cash,2026-06-17
현금확보,한양증권 “JTBC 관련 채권 내년 2월까지 전액 회수”,2026-06-17 16:22:46,rate_cash,2026-06-17
현금확보,"월풀, 9억 달러 규모 채권 조기 매수..재무구조 개선 추진",2026-06-17 06:27:53,rate_cash,2026-06-17
현금확보,"재규어 우라늄, 1분기 순손실 1,987만 달러..탐사 초기 단계",2026-06-17 06:22:03,rate_cash,2026-06-17
현금확보,"트랜스오션, 노르웨이·호주서 1억8500만 달러 시추계약 수주",2026-06-17 06:08:52,rate_cash,2026-06-17
현금확보,"애쉬포드 호스피탈러티 트러스트, 1분기 순손실 6370만 달러..전년비 10% 개선",2026-06-17 05:42:01,rate_cash,2026-06-17
현금확보,"아치 캐피탈 그룹, 자회사 채권 4.2억 달러 조기 매입 완료",2026-06-17 05:10:49,rate_cash,2026-06-17
현금확보,1주택자로 살아남기 … 단 한 번 갈아탄다면 ‘여기’,2026-06-17 04:00:00,rate_cash,2026-06-17
현금확보,"오퍼스 제네틱스, 5개 IRD 임상 프로그램 진행계획 발표",2026-06-17 01:08:02,rate_cash,2026-06-17
현금확보,"비스타젠 테라퓨틱스, 매출 162% 급증·핵심 신약 3상 임상 결과 6월 공개 앞두고 급등",2026-06-17 00:52:02,rate_cash,2026-06-17
현금확보,"컴스톡 리소스, 피나클 가스 27% 지분 6억 달러 매각..재무구조 개선",2026-06-16 23:56:01,rate_cash,2026-06-16
현금확보,"넷스트리츠, 1분기 순이익 235% 급증·571만 달러 기록",2026-06-16 23:34:51,rate_cash,2026-06-16
현금확보,12조원 손실에도 ‘마이웨이’…비트코인 32개 팔고 1587개 사들인 ‘이 기업’,2026-06-16 23:04:33,rate_cash,2026-06-16
현금확보,"얌브랜드, 피자헛 사업부 27억 달러 매각..40억 달러 자사주 매입",2026-06-16 22:04:07,rate_cash,2026-06-16
현금확보,"시뮬레이션 플러스, 알타리스에 3억7500만 달러 인수 합의",2026-06-16 22:01:47,rate_cash,2026-06-16
현금확보,"케네디 윌슨 홀딩스, 페어팩스 주도 인수 완료..주당 10.9달러 현금화",2026-06-16 21:58:46,rate_cash,2026-06-16
현금확보,"얌 차이나 홀딩스, 피자헛 중국 브랜드 12억 달러 인수",2026-06-16 21:22:55,rate_cash,2026-06-16
현금확보,"옵파이, 2025년 조정순이익 1억4000만 달러..전년비 69% 급증",2026-06-16 20:15:52,rate_cash,2026-06-16
현금확보,"올린, 헌츠맨과 동등 합병..북미 최대 120억 달러 화학기업 탄생",2026-06-16 19:48:01,rate_cash,2026-06-16
현금확보,"헌츠맨, 올린과 120억 달러 규모 동등 합병..연 4억 달러 시너지 창출",2026-06-16 19:28:00,rate_cash,2026-06-16
현금확보,"프레스티지 컨슈머 헬스케어, Breathe Right 브랜드 10억 달러에 인수 완료",2026-06-16 19:17:50,rate_cash,2026-06-16
현금확보,"파이서브, 총 27억5000만 달러 규모 채권 조기 상환 추진",2026-06-16 19:05:29,rate_cash,2026-06-16
현금확보,"칩플레이션 직격탄 맞은 셋톱박스…KT, 협력사에 145억 긴급 지원",2026-06-16 15:17:24,rate_cash,2026-06-16
현금확보,7월부터 ‘중복상장’ 금지…알짜 자회사 품은 지주사 재평가 본격화 기대,2026-06-16 09:39:14,rate_cash,2026-06-16
현금확보,"골드 로열티, 네바다 REN 프로젝트 로열티 지분 확대..625만 달러 투입",2026-06-16 06:15:01,rate_cash,2026-06-16
현금확보,"제다우, DFESA 지분 100% 인수로 자가발전 용량 86% 확대",2026-06-16 06:08:50,rate_cash,2026-06-16
현금확보,"렌엑스 엔터프라이즈, 700만 달러 부채 우선주 전환..보통주 희석 없이 재무구조 개선",2026-06-16 06:02:00,rate_cash,2026-06-16
현금확보,"하이 타이드, 2분기 매출 1억7,930만 달러..전년비 30% 증가",2026-06-16 05:48:09,rate_cash,2026-06-16
현금확보,"비스타젠 테라퓨틱스, 2026회계연도 매출 162% 급증..핵심 3상 임상 결과 6월 공개",2026-06-16 05:36:59,rate_cash,2026-06-16
현금확보,"아센드라 헬스, 2029·2030년 채권 99% 이상 교환 참여..재무구조 개선",2026-06-16 05:18:18,rate_cash,2026-06-16
현금확보,"어댑티브 바이오테크놀로지스, 2억5000만 달러 전환사채 발행 추진",2026-06-16 05:17:47,rate_cash,2026-06-16
현금확보,"도모, 1분기 매출 7,940만 달러..전략적 인수 협상 진행 중",2026-06-16 05:13:57,rate_cash,2026-06-16
현금확보,"데이브&버스터스 엔터테인먼트, 1분기 매출 5.6억 달러·EPS 0.16달러",2026-06-16 05:09:56,rate_cash,2026-06-16
현금확보,"젠커 인더스트리즈, 2분기 매출 34억달러·전년비 11.6%↓",2026-06-16 05:06:56,rate_cash,2026-06-16
현금확보,챗GPT·제미나이 싸움 구경하는 애플 … 진짜 노림수는 ‘AI 통행세’,2026-06-16 05:00:00,rate_cash,2026-06-16
현금확보,"엔진홀딩스, 주력 파이프라인 임상서 54% 완전반응률 달성…2028년 매출 353억 달러 전망",2026-06-15 22:31:40,rate_cash,2026-06-15
현금확보,"엘리시오 테라퓨틱스, 췌장암 2상 임상서 R0 환자군 DFS 35% 개선",2026-06-15 22:23:10,rate_cash,2026-06-15
현금확보,"콘텍스트 테라퓨틱스, 고형암 T세포 치료제 임상 1a서 긍정적 결과",2026-06-15 22:21:10,rate_cash,2026-06-15
현금확보,"엔진 홀딩스, 2분기 순손실 3023만 달러..주력 파이프라인 54% 완전반응률 달성",2026-06-15 22:17:09,rate_cash,2026-06-15
현금확보,"하이 타이드, 온타리오 소매점 4곳 774만 달러 인수",2026-06-15 22:10:59,rate_cash,2026-06-15
현금확보,"컴테크 커뮤니케이션, 위성통신 사업부 1억5750만 달러 매각..공공안전 사업 집중",2026-06-15 21:54:18,rate_cash,2026-06-15
현금확보,"내츄럴 가스 서비스, 플랫록 1억2000만 달러 인수..텍사스 거점 확장",2026-06-15 21:52:58,rate_cash,2026-06-15
현금확보,"비트마인 이머전 테크놀로지스, 이더리움 보유 562만개..전체 공급량 4.66%",2026-06-15 21:47:18,rate_cash,2026-06-15
현금확보,"뉴모라 테라퓨틱스, 우울증 치료제 3상 실패로 개발 중단",2026-06-15 21:16:57,rate_cash,2026-06-15
현금확보,"컴테크 커뮤니케이션, 3분기 매출 1억600만 달러..S&S 사업 1억5750만 달러 매각",2026-06-15 21:04:36,rate_cash,2026-06-15
현금확보,"로쿠, FOX에 220억 달러에 인수..주당 160달러 프리미엄 제시",2026-06-15 20:50:25,rate_cash,2026-06-15
현금확보,"나노 디멘션, 인피니트 에피제네틱스 인수..기업가치 9억 달러",2026-06-15 20:49:55,rate_cash,2026-06-15
현금확보,"B. 라일리 파이낸셜, SpaceX 간접지분 가치 7040만 달러 평가",2026-06-15 20:42:15,rate_cash,2026-06-15
현금확보,"폭스, 로쿠 220억 달러 인수..미국 3위 TV 사업자 도약",2026-06-15 20:15:04,rate_cash,2026-06-15
현금확보,"시나이 이뮤노테라퓨틱스, 1분기 357만 달러 흑자전환..Recipharm 인수효과",2026-06-15 19:50:03,rate_cash,2026-06-15
현금확보,"파워플리트, 4분기 매출 1억1450만 달러..전년비 11% 증가",2026-06-15 19:29:02,rate_cash,2026-06-15
현금확보,"트리플플래그프레셔스메탈스, 레이븐스우드 금광 스트림 인수로 주목",2026-06-15 19:21:52,rate_cash,2026-06-15
현금확보,"질렛 새틀라이트 네트웍스, 컴테크 위성사업부 1.6억 달러 인수",2026-06-15 19:13:31,rate_cash,2026-06-15
현금확보,"실버코프 메탈스, 은 매장량 20% 증가..1억온스 확보",2026-06-15 19:07:18,rate_cash,2026-06-15
현금확보,창사 최대 위기 맞은 JTBC…중앙그룹 회생 신청에 홍정도 “진심으로 사죄”,2026-06-15 16:43:07,rate_cash,2026-06-15
현금확보,"한국전력공사, 괌 에너지 전환 이끈다…25년간 3조2천억 안정적 수익도 챙겨",2026-06-15 15:59:15,rate_cash,2026-06-15
현금확보,"한투그룹, 글로벌자산담보부금융 시장 진출…‘캐년 ABF 파트너스’ 지분 투자",2026-06-15 11:15:15,rate_cash,2026-06-15
현금확보,이란 내부 강온파 충돌 … 협정 서명해도 핵협상 '산넘어 산',2026-06-14 17:44:30,rate_cash,2026-06-14
현금확보,"“여름휴가, 제값 주고 가면 바보?”…항공권 할인받는 카드 꿀팁은",2026-06-14 15:30:49,rate_cash,2026-06-14
현금확보,미국 안방 사로잡은 ‘댕댕이 월드컵’…LG전자가 ‘TV 플랫폼’에 사활 거는 이유,2026-06-13 23:02:12,rate_cash,2026-06-13
현금확보,"FUTURECORP SPACE ACQUISITION 1, 2억3천만 달러 IPO 완료..24개월내 인수합병 목표",2026-06-13 06:28:54,rate_cash,2026-06-13
현금확보,"엔리븐 테라퓨틱스, 공모 규모 확대해 4억 달러 조달",2026-06-13 05:57:52,rate_cash,2026-06-13
현금확보,"애쉬포드 호스피탈러티 트러스트, 1분기 순손실 7,050만 달러..호텔 매각으로 재무구조 개선",2026-06-13 05:20:31,rate_cash,2026-06-13
현금확보,"솔리드 파워, 2026년 매출 72% 급감 전망..EPS 적자 지속",2026-06-13 05:13:01,rate_cash,2026-06-13
현금확보,광적으로 벌고 쏘고 쓴다 … 인류멸종 막겠다는 스페이스X,2026-06-13 05:00:00,rate_cash,2026-06-13
현금확보,"웨스턴 가스 파트너스, 브라조스 딜라웨어 II 16억 달러 인수 완료",2026-06-13 03:44:59,rate_cash,2026-06-13
현금확보,"스페이스X, 상장 첫날 30% 급등…기업가치 2조달러 돌파",2026-06-13 02:53:36,rate_cash,2026-06-13
현금확보,"어스파이어 바이오파마 홀딩스, 듀라 DCS 3천만 달러 인수..연매출 2억 달러 규모",2026-06-12 23:28:15,rate_cash,2026-06-12
현금확보,"그라프 글로벌, 프로농구리그 BIG3와 합병..기업가치 2.9억 달러",2026-06-12 22:24:04,rate_cash,2026-06-12
현금확보,"트리플 플래그 프레셔스 메탈스, 4억4000만 달러 금 스트림 계약 체결",2026-06-12 22:16:24,rate_cash,2026-06-12
현금확보,"유니퍼스트, 킨타스 인수안 주주 99% 찬성으로 승인",2026-06-12 21:16:02,rate_cash,2026-06-12
현금확보,"로켓파마슈티컬스, PRV 매각으로 2028년까지 운영 자금 확보",2026-06-12 20:41:12,rate_cash,2026-06-12
현금확보,"로켓 파마슈티컬스, PRV 1억8000만 달러 매각..현금 3억2260만 달러 확보",2026-06-12 20:13:00,rate_cash,2026-06-12
현금확보,"우드사이드 에너지 그룹, 브라우즈 지분 10.67% 취득..2.25억 달러 투자",2026-06-12 19:05:18,rate_cash,2026-06-12
현금확보,"이노베이티브 인더스트리얼 프로퍼티즈, 2.5억 달러 규모 2029년 만기 교환사채 발행",2026-06-12 06:18:42,rate_cash,2026-06-12
현금확보,"레이저 포토닉스, 1분기 매출 900만 달러..전년比 61% 급감",2026-06-12 06:18:12,rate_cash,2026-06-12
현금확보,"AC 이뮨, 2025년 순손실 7,044만 달러..비용 80% 절감 성공",2026-06-12 05:55:51,rate_cash,2026-06-12
현금확보,"제지, 3분기 순이익 401% 급증..디지털 구독 32% 성장",2026-06-12 05:18:59,rate_cash,2026-06-12
현금확보,"이튼, 모빌리티 그룹 다나와 합병 분사…11억 달러 현금 확보 및 고수익 사업 집중 전환",2026-06-12 04:43:37,rate_cash,2026-06-12
현금확보,"“정말 부럽다, 이런 부부” ... 국민연금 年6648만원, 우리도 가능?",2026-06-12 04:00:00,rate_cash,2026-06-12
현금확보,"서울 내 집, 아직 10억으로 됩니다 … 임장러들 몰리는 ‘불대갈’",2026-06-12 04:00:00,rate_cash,2026-06-12
현금확보,“우주 로켓 회사인줄 알았더니 AI 제국” … 스페이스X의 진짜 정체,2026-06-12 04:00:00,rate_cash,2026-06-12
현금확보,"페로비알, 중간배당 4억 유로 지급..주당 0.56유로",2026-06-12 01:08:02,rate_cash,2026-06-12
현금확보,"드래곤플라이, 스킵 다이나믹스 인수로 고정익 드론 기술 확보…NATO·인도-태평양 방위 수요 정조준",2026-06-11 23:40:40,rate_cash,2026-06-11
현금확보,"드래곤플라이, 스킵 다이나믹스 인수 완료..고정익 드론 역량 강화",2026-06-11 23:33:00,rate_cash,2026-06-11
현금확보,"트리플 플래그 프레셔스 메탈스, 2026년 골드 생산 가이던스 상향..10만~11만 GEOs",2026-06-11 23:07:10,rate_cash,2026-06-11
현금확보,"브로드컴, 25억 달러 규모 채권 조기 상환 입찰 개시",2026-06-11 22:08:48,rate_cash,2026-06-11
현금확보,"에이트코 홀딩스, 총 자산 4억달러 규모..OpenAI·Worldcoin 집중 투자",2026-06-11 21:46:57,rate_cash,2026-06-11
현금확보,"킴코 리얼티, 5억 달러 규모 교환가능 채권 발행",2026-06-11 21:42:37,rate_cash,2026-06-11
현금확보,"베라 브래들리, 1분기 매출 7.8% 증가·영업손실 74% 축소",2026-06-11 21:04:54,rate_cash,2026-06-11
현금확보,"드리븐 브랜즈 홀딩스, 1분기 매출 4억8440만 달러…전년비 8% 성장",2026-06-11 20:19:53,rate_cash,2026-06-11
현금확보,"맥그로 힐, 2026회계연도 매출 21억 달러·흑자전환 달성",2026-06-11 20:17:03,rate_cash,2026-06-11
현금확보,"AMC 엔터테인먼트 홀딩스, 1억5000만 달러 ATM 주식발행 완료",2026-06-11 19:54:51,rate_cash,2026-06-11
현금확보,"이튼, 모빌리티 그룹 다나와 합병 분사··11억 달러 현금 확보",2026-06-11 19:41:51,rate_cash,2026-06-11
현금확보,"아메리카스 실버, 은·금 인도 의무 주식 발행으로 종료..1,060만주 발행",2026-06-11 19:34:50,rate_cash,2026-06-11
현금확보,"호커 퍼니쳐, 1분기 영업이익 160만 달러 흑자전환..매출총이익률 29.6%",2026-06-11 19:07:20,rate_cash,2026-06-11
현금확보,"프레시디오 프로덕션, 3.5억 달러 ABS 재융자로 금리 1.84%p 인하",2026-06-11 19:03:59,rate_cash,2026-06-11
현금확보,"“미술품만 있는 줄 알았는데, 이번엔 돼지” … 석달에 13% ‘한돈 재테크’ 비밀",2026-06-11 16:48:29,rate_cash,2026-06-11
현금확보,"네이버, AI팩토리 가동땐 연 20조 신규매출 [한국주식 원포인트 레슨]",2026-06-11 16:11:56,rate_cash,2026-06-11
현금확보,"현대건설, 공정거래 협약 체결 및 협력사 상생지원 체계 강화",2026-06-11 15:31:43,rate_cash,2026-06-11
현금확보,"미래에셋, ‘반도체TOP10커버드콜액티브’ 6월 분배금 주당 215원 지급",2026-06-11 14:23:48,rate_cash,2026-06-11
현금확보,"경북경찰청, 관급자재 납품 비리 안동시청 전 비서관 구속",2026-06-11 14:07:44,rate_cash,2026-06-11
현금확보,"스페이스X, 투자적격 신용등급 확보…개인투자자들 ‘머스크 베팅’ 광풍",2026-06-11 13:50:13,rate_cash,2026-06-11
현금확보,[AI Trend Map] IPO ‘챗GPT vs 클로드’ 하반기 상장 채비,2026-06-11 11:21:12,rate_cash,2026-06-11
현금확보,"[MK시그널] 옵시디안 에너지 매도신호 포착, 수익률 76.3% 달성",2026-06-11 10:42:13,rate_cash,2026-06-11
현금확보,"FACTORIAL ENERGY INC, 1분기 순손실 858만 달러..전년비 85.7% 개선",2026-06-11 06:31:11,rate_cash,2026-06-11
현금확보,"이볼루션페트롤리엄, 3분기 EBITDA 310만 달러 달성·로열티 인수 전략 호평",2026-06-11 06:30:51,rate_cash,2026-06-11
현금확보,"서밋 미드스트림, 더블 E 파이프라인 용량 50% 확대..2.4Bcf/d로 증설",2026-06-11 06:08:10,rate_cash,2026-06-11
현금확보,"노스 아메리칸 컨스트럭션 그룹, 2억 달러 규모 7% 선순위 무담보채권 발행",2026-06-11 06:07:20,rate_cash,2026-06-11
현금확보,"안테릭스, 4분기 매출 19억6000만 달러..전년비 41% 급증",2026-06-11 05:48:10,rate_cash,2026-06-11
현금확보,"이페리온엑스, 타이탄 프로젝트 NPV 8억달러·IRR 39% 확정",2026-06-11 05:48:10,rate_cash,2026-06-11
현금확보,"에슬론 메디컬, 2026회계연도 순손실 46.5% 감축..715만 달러 기록",2026-06-11 05:18:17,rate_cash,2026-06-11
현금확보,“AI 한다더니 실적 왜 그대로” … 기업 10곳 중 9곳 빠진 ‘파일럿 함정’,2026-06-11 05:00:00,rate_cash,2026-06-11
현금확보,"KEYSTONE ACQUISITION CORP, IPO로 2.9억 달러 조달·사업결합 추진",2026-06-11 04:09:55,rate_cash,2026-06-11
현금확보,"뉴웰리스, 600만 달러 규모 공모 완료..워런트 중심 구조",2026-06-10 22:11:58,rate_cash,2026-06-10
현금확보,"루멘 테크놀러지스, Qwest 구채권 8억9700만 달러 교환 완료",2026-06-10 21:57:57,rate_cash,2026-06-10
현금확보,"메소블라스트, 2026년 3분기 매출 640% 급증 전망··Ryoncil 1억 달러 돌파",2026-06-10 21:53:07,rate_cash,2026-06-10
현금확보,"FTAC에메랄드, 비트코인 매각으로 부채 전액 상환·2천5백만 달러 현금 확보",2026-06-10 21:50:37,rate_cash,2026-06-10
현금확보,"FTAC 에메랄드 애퀴지션, 2천만 달러 부채 상환·2천5백만 달러 현금 확보",2026-06-10 21:26:56,rate_cash,2026-06-10
현금확보,"서보메드, 1,050만 달러 자금 조달..치매 치료제 3상 진입 추진",2026-06-10 20:43:45,rate_cash,2026-06-10
현금확보,"인카넥스 헬스케어, 호주 R&D 세금 인센티브로 604만 호주달러 환급",2026-06-10 20:32:55,rate_cash,2026-06-10
현금확보,"코어몰딩테크놀러지스, 볼보 신규 계약·멕시코 공장 확장으로 급등",2026-06-10 20:11:44,rate_cash,2026-06-10
현금확보,"츄이, 1분기 매출 34억 달러·주당순이익 0.23달러..전년비 각각 8%·53% 증가",2026-06-10 20:05:52,rate_cash,2026-06-10
현금확보,"치타 모바일, 1분기 로보틱스 매출 176% 급증..AI 전환 가속",2026-06-10 19:24:01,rate_cash,2026-06-10
현금확보,"브룩필드 리뉴어블 파트너스, 우선주 시리즈 19·20 신설..배당률 최대 5.75%",2026-06-10 19:08:01,rate_cash,2026-06-10
현금확보,"토요타 모터, 2027년 매출 3300억 달러 전망··EPS 5% 감소 예상",2026-06-10 19:06:21,rate_cash,2026-06-10
현금확보,"키엘 인프라스트럭처, 4억5800만 달러 전환사채 발행 완료",2026-06-10 19:04:10,rate_cash,2026-06-10
현금확보,"마젠타테라퓨틱스, 12억 달러 현금 확보에도 임상 타임라인 불확실성에 주가 약세",2026-06-10 18:30:39,rate_cash,2026-06-10
현금확보,[단독] 집팔아 ‘삼전닉스’ 들어간 야수들…생각보다 훨씬 더 많았다,2026-06-10 17:56:07,rate_cash,2026-06-10
현금확보,"[미국 주식 돋보기] 암치료제 개발 뉴베일런트, GSK 품으로",2026-06-10 17:52:56,rate_cash,2026-06-10
현금확보,코스피 확 뛰어든 큰손들 … 집까지 팔아 삼전닉스 베팅,2026-06-10 17:52:14,rate_cash,2026-06-10
현금확보,삼전 노조도 접었는데 카카오에서는…창사 이래 첫 파업 시작,2026-06-10 11:06:22,rate_cash,2026-06-10
현금확보,"GSK의 16조원 베팅…미국 암 치료제 개발사 뉴베일런트, 사상 최고가",2026-06-10 10:08:44,rate_cash,2026-06-10
현금확보,"어플라이드 디지털, 210MW AI 팩토리 계약 체결..15년간 52억 달러 수익",2026-06-10 06:33:03,rate_cash,2026-06-10
현금확보,"싸이큐리온, Secuvant 인수 완료..Panoptic 플랫폼 확보로 사이버보안 역량 강화",2026-06-10 06:30:13,rate_cash,2026-06-10
현금확보,"아이콘 에너지, 1Q26 매출 139% 급증·영업익 흑자전환",2026-06-10 06:02:32,rate_cash,2026-06-10
현금확보,"브룩필드 애셋 매니지먼트, 미쓰비시와 4억 유로 규모 재생에너지 합작법인 설립",2026-06-10 05:32:00,rate_cash,2026-06-10
현금확보,"레이크랜드인더스트리즈, 영업이익 흑자전환·EBITDA 80% 개선으로 급등",2026-06-10 05:31:10,rate_cash,2026-06-10
현금확보,"레이크랜드 인더스트리즈, 1분기 매출 4740만 달러·영업이익 흑자전환",2026-06-10 05:24:29,rate_cash,2026-06-10
현금확보,"바크, 4분기 매출 8660만 달러..전년비 25% 감소",2026-06-10 05:13:29,rate_cash,2026-06-10
현금확보,“국장 돈 빠져나가는 소리가 들린다”…오픈AI까지 ‘돈 흡수’ 시동,2026-06-09 22:24:03,rate_cash,2026-06-09
현금확보,"PLDT, 우선주 분기 배당 2437만 페소 선언",2026-06-09 22:19:50,rate_cash,2026-06-09
현금확보,"스털링 컨스트럭션, 스톤 리지 인수로 태평양 북서부 진출",2026-06-09 22:08:00,rate_cash,2026-06-09
현금확보,"퓨전 퓨얼 그린, 로열 우라늄 인수 주총 승인..우라늄 로열티 사업 진출",2026-06-09 21:31:58,rate_cash,2026-06-09
현금확보,"J.M. 스머커, 4분기 매출 23억 달러·조정 EPS 2.77달러..전년비 6%·20% 증가",2026-06-09 20:08:04,rate_cash,2026-06-09
현금확보,오픈AI도 나스닥 상장 절차 스타트 … 앤스로픽과 'AI 자금' 쟁탈전,2026-06-09 17:44:54,rate_cash,2026-06-09
현금확보,‘머스크표 블랙홀’ 스페이스X 상장…삼전닉스 주가 향방은?,2026-06-09 14:49:58,rate_cash,2026-06-09
현금확보,"네이버 주주 드디어 빛보나...엔비디아 손 잡자 목표가 45만원 [오늘, 이 종목]",2026-06-09 13:42:47,rate_cash,2026-06-09
현금확보,"‘1.7조弗 몸값’ 스페이스X, 12일 나스닥 간다…내 삼전닉스 주가엔 어떤 영향?",2026-06-09 09:13:03,rate_cash,2026-06-09
현금확보,"[美공시]마마스 크리에이션, 2027 회계연도 1분기 매출 50% 증가…매출 5,280만 달러, 순이익 210만 달러 달성",2026-06-09 08:43:41,rate_cash,2026-06-09
현금확보,"열흘 만에 30% 폭등…‘내수용’ 꼬리표 뗀 네이버, 목표가 곧바로 40만원",2026-06-09 08:26:18,rate_cash,2026-06-09
현금확보,앤스로픽 이어 오픈AI도 IPO 신청서 제출…월가 역대급 ‘쩐의 전쟁’,2026-06-09 07:07:20,rate_cash,2026-06-09
현금확보,"코어 몰딩 테크놀러지스, 1분기 조정 EBITDA 3,087만 달러 기록",2026-06-09 06:12:56,rate_cash,2026-06-09
현금확보,"스텔스가스, 2026 회계연도 1분기 매출 4280만 달러··순이익 24% 증가",2026-06-09 05:32:54,rate_cash,2026-06-09
현금확보,"셀큐이티, 4억 달러 전환사채 공모..옥스퍼드 대출 전액 상환",2026-06-09 05:12:52,rate_cash,2026-06-09
현금확보,"클라임 바이오, 2021년 주식인센티브 플랜 공개..522만주 규모",2026-06-09 05:09:52,rate_cash,2026-06-09
현금확보,"베일 리조트, 3분기 순이익 19% 감소·연간 가이던스 하향",2026-06-09 05:08:42,rate_cash,2026-06-09
현금확보,"AIR GLOBAL PLC, 나스닥 상장 후 1억6039만주 발행..500만주는 반환 가능",2026-06-08 23:05:05,rate_cash,2026-06-08
현금확보,"잭 인 더 박스, 1억1000만 달러 채권 조기상환..부채감축 가속화",2026-06-08 22:58:54,rate_cash,2026-06-08
현금확보,"스탠다드바이오툴즈, 트리라인과 합병 발표 후 기존 주주 지분 희석 우려로 급락",2026-06-08 22:43:24,rate_cash,2026-06-08
현금확보,"기획처 “재정지출, 뼈를 깎는 구조조정”…교육교부금·기초연금도 건든다",2026-06-08 22:19:34,rate_cash,2026-06-08
현금확보,"비트마인 이머전 테크놀로지, ETH 554만 토큰 보유..총 자산 96억 달러",2026-06-08 21:47:02,rate_cash,2026-06-08
현금확보,"PATRIOT ACQUISITION CORP, IPO 후속 증자로 신탁계정 1억7,588만 달러 확보",2026-06-08 21:43:51,rate_cash,2026-06-08
현금확보,"스탠다드 바이오툴즈, 트리라인과 합병..9억 달러 현금 확보",2026-06-08 21:34:01,rate_cash,2026-06-08
현금확보,"비보스 테라퓨틱스, 최대 450만 달러 채무 지분전환 계약 체결",2026-06-08 21:31:51,rate_cash,2026-06-08
현금확보,"이항 홀딩스, 3천만 달러 자사주 매입 프로그램 승인",2026-06-08 21:19:00,rate_cash,2026-06-08
현금확보,"바이오카디아, 워런트 행사로 440만 달러 조달..일본 PMDA 승인까지 유동성 확보",2026-06-08 21:01:59,rate_cash,2026-06-08
현금확보,"모토카 파트 오브 아메리카, 4분기 매출 2억1230만 달러·9.9%↑..순익 흑자전환",2026-06-08 21:00:09,rate_cash,2026-06-08
현금확보,"그레이엄, 2026 회계연도 매출 17% 증가·2억4530만 달러 달성",2026-06-08 20:14:27,rate_cash,2026-06-08
현금확보,"시포트 테라퓨틱스, 1분기 순손실 2540만 달러..R&D 투자 2배 확대",2026-06-08 20:13:47,rate_cash,2026-06-08
현금확보,"덜루스 홀딩스, 1분기 조정 EBITDA 흑자 전환..264만 달러 기록",2026-06-08 20:08:46,rate_cash,2026-06-08
현금확보,"BGSF, 1분기 매출 2090만 달러..조정 EPS 0.03달러 기록",2026-06-08 19:02:03,rate_cash,2026-06-08
현금확보,"금리쇼크·外人이탈 '패닉'… 실적이 버팀목, 대형주 분할매수를",2026-06-08 17:50:24,rate_cash,2026-06-08
현금확보,"휴온스글로벌, 주주환원 카드...합병신주 26만주 일반주주에 현물배당",2026-06-08 14:57:24,rate_cash,2026-06-08
현금확보,"윤상현 “고환율 환차익, 나눠주기보다 AI 투자로 돌려야”",2026-06-08 14:44:44,rate_cash,2026-06-08
현금확보,"이란 동결자금 쟁점 급부상 … 트럼프 ""합의 시간 더 걸려""",2026-06-07 18:00:59,rate_cash,2026-06-07
유동성,"아듀로 클린 테크놀로지스, 사모증자로 656만 달러 조달해 운영자금 확보",2026.06.26 23:11,rate_cash,2026-06-26
유동성,"헤사이 그룹, 주식 8대1 액면분할·자사주 매입 권한 승인",2026.06.26 21:31,rate_cash,2026-06-26
유동성,"롄허 소웰 인터내셔널 그룹, 16대1 주식병합 단행..나스닥 상장 유지 전략",2026.06.26 20:06,rate_cash,2026-06-26
유동성,"데프섹 테크놀로지스, 250만 캐나다달러 규모 공모..운영자본 확충",2026.06.26 19:05,rate_cash,2026-06-26
유동성,"디파이 테크놀로지스, 주주총회 위임장 제출 마감일 6월 28일로 연장",2026.06.26 19:02,rate_cash,2026-06-26
유동성,"메가박스중앙 회생 신청에...영진위, 영화계 피해 접수 받는다",2026.06.26 18:29,rate_cash,2026-06-26
유동성,"뉴 파운드 골드, 주주총회서 이사 6명 선출·마켓메이커 계약 체결",2026.06.26 06:08,rate_cash,2026-06-26
유동성,文정부때 서울 집값 너무 올랐다고?…지금이 더 올랐습니다,2026.06.26 05:56,rate_cash,2026-06-26
유동성,"밀레니엄 그룹 인터내셔널 홀딩스, 상반기 매출 23% 감소·330만 달러 적자",2026.06.26 05:31,rate_cash,2026-06-26
유동성,"에너플렉스, 8억 달러 신용시설 만기 2029년까지 연장",2026.06.26 05:16,rate_cash,2026-06-26
유동성,"메가 매트릭스, 최대 20대 1 주식병합 승인··거버넌스 강화",2026.06.26 05:03,rate_cash,2026-06-26
유동성,"SUI 그룹 홀딩스, 블루핀과 대출 400만 SUI 확대·매출배분 11%로 상향",2026.06.25 21:56,rate_cash,2026-06-25
유동성,"트릴러 그룹, SpaceX 지분 할인가 인수..전략적 재무자산 확보",2026.06.25 21:32,rate_cash,2026-06-25
유동성,"커머셜 메탈스, 3분기 순이익 1억7302만 달러..전년비 108% 급증",2026.06.25 21:20,rate_cash,2026-06-25
유동성,"AMPERCAP ACQUISITION CO, 6월 29일부터 보통주·권리 분리 거래 개시",2026.06.25 21:17,rate_cash,2026-06-25
유동성,"피트니 보우스, 3억5000만 달러 선순위 채권 전액 상환..재무구조 개선",2026.06.25 21:13,rate_cash,2026-06-25
유동성,"BGC 그룹, 2분기 매출·세전 조정 이익 전망 유지",2026-06-25 21:09:59,rate_cash,2026-06-25
유동성,"허츠글로벌, 현재가보다 낮은 공모가에 3700만주 추가 발행…희석 우려 확산",2026-06-25 20:21:46,rate_cash,2026-06-25
유동성,"허츠 글로벌 홀딩스, 3700만주 공모로 유동성 확보..주당 2.70달러",2026-06-25 20:02:45,rate_cash,2026-06-25
유동성,"아덱스 테라퓨틱스, 1분기 순손실 171만 스위스프랑..7월말까지 자금 충분",2026-06-25 19:14:43,rate_cash,2026-06-25
유동성,서울 아파트 72주째 '트리플 강세',2026-06-25 18:02:24,rate_cash,2026-06-25
유동성,"""급여 반납합니다"" 파라타항공 비상경영",2026-06-25 17:56:09,rate_cash,2026-06-25
유동성,"[단독] “대표는 100%, 직원은 20% 임금 삭감”...출범 1년만에 코너 몰린 LCC",2026-06-25 17:24:18,rate_cash,2026-06-25
유동성,"서울 25개구 중 20곳, 5년전 집값 전고점 뚫었다",2026-06-25 17:20:56,rate_cash,2026-06-25
유동성,“햄버거집에서 알바해야돼”…밈주식 개미 결집에 웬디스 25% 급등,2026-06-25 16:10:16,rate_cash,2026-06-25
유동성,"고물가 시대, 종신보험도 '실속' 있게 준비 [보험 200% 활용법]",2026-06-25 16:08:40,rate_cash,2026-06-25
유동성,"피규어 “메가뱅크가 독식하던 대출시장, 블록체인으로 전과정 민주화할 것” [매일코인]",2026-06-25 15:23:59,rate_cash,2026-06-25
유동성,"[속보] SK하이닉스, ADR 기대감에 14% 급등…시총 1위 탈환",2026-06-25 14:52:44,rate_cash,2026-06-25
유동성,"SRx 헬스 솔루션스, 60대1 주식병합 7월 6일 시행",2026-06-25 06:24:56,rate_cash,2026-06-25
유동성,"아폴로믹스, 나스닥 최소 시총 미달로 상장폐지 경고",2026-06-25 06:12:56,rate_cash,2026-06-25
유동성,"패시지 바이오, 리믹스 테라퓨틱스와 합병..1억 달러 투자 유치",2026-06-25 05:18:32,rate_cash,2026-06-25
유동성,"밀러놀, 2026년 4분기 매출 10억4200만 달러..전년비 4.4% 증가",2026-06-25 05:15:12,rate_cash,2026-06-25
유동성,"제이피모간체이스, 분기 배당 10% 인상·500억 달러 자사주 매입 승인",2026-06-25 05:07:52,rate_cash,2026-06-25
유동성,“AI 버블? 아직 시작도 안 했다” … 주식·부동산 고수들이 찍은 하반기 승부처,2026-06-25 04:00:00,rate_cash,2026-06-25
유동성,"윌리스리스파이낸셜, 주주총회서 3대1 주식분할 압도적 승인",2026-06-25 01:20:48,rate_cash,2026-06-25
유동성,"아디텍스트, 나스닥 상장폐지 결정..25일부터 거래 중단",2026-06-25 00:38:58,rate_cash,2026-06-25
유동성,"업스타트홀딩스, 뉴버거와 6억 달러 대출 협약 갱신…매출 35% 성장 전망",2026-06-25 00:01:17,rate_cash,2026-06-25
유동성,"엔리벡스 테라퓨틱스, RAIN 토큰 게이트 거래소 상장",2026-06-24 21:04:10,rate_cash,2026-06-24
유동성,"이글록 랜드, 2026년 1분기 매출 최대 3611만 달러 전망",2026-06-24 19:05:16,rate_cash,2026-06-24
유동성,환율 불안한데 … MSCI 선진국지수 또 불발,2026-06-24 18:03:55,rate_cash,2026-06-24
유동성,국힘·경실련 “李 정부 부동산 정책 우려”…김용범 “닥치고 지어야”,2026-06-24 14:29:44,rate_cash,2026-06-24
유동성,"韓 증시, MSCI 선진국지수 편입 또 불발…내년 재도전",2026-06-24 10:52:56,rate_cash,2026-06-24
유동성,"“한국 빼고 누가 원화 써”...한국 증시, MSCI지수 편입 또 불발",2026-06-24 08:07:28,rate_cash,2026-06-24
유동성,"한국 증시, MSCI 선진지수 관찰대상국 등재 또 불발…이유가?",2026-06-24 08:01:56,rate_cash,2026-06-24
유동성,"더 루비콘 프로젝트, 25대1 역주식병합 실시..나스닥 상장요건 충족",2026-06-24 06:32:49,rate_cash,2026-06-24
유동성,"더 루비콘 프로젝트, 1대250 역주식분할 승인 위한 임시 주총 7월 9일 개최",2026-06-24 06:31:59,rate_cash,2026-06-24
유동성,"윌리스 리스 파이낸셜, 3대1 주식분할 주총 승인..7월 20일 효력 발생",2026-06-24 06:09:56,rate_cash,2026-06-24
유동성,"스마트 파워, 10:1 역분할 단행..나스닥 상장 유지 사투",2026-06-24 06:01:55,rate_cash,2026-06-24
유동성,"CEA 인더스트리즈, 2026회계연도 순이익 1억1520만 달러 기록",2026-06-24 05:41:55,rate_cash,2026-06-24
유동성,"스마트 디지털 그룹, 나스닥 상장폐지 결정 통지..항소 검토 중",2026-06-24 05:33:04,rate_cash,2026-06-24
유동성,"KB 홈, 2분기 매출 11억 달러..전년비 27% 감소",2026-06-24 05:19:03,rate_cash,2026-06-24
유동성,"QMMM 홀딩스, 나스닥 상장폐지 결정..20-F 보고서 미제출",2026-06-24 03:27:00,rate_cash,2026-06-24
유동성,"블랙 타이탄, 암호화폐 결제 인프라 성장 전망..광범위 채택은 불확실",2026-06-23 21:56:54,rate_cash,2026-06-23
유동성,"“오늘 주식 팔면 내일 입금돼야”…주식결제주기 단축, 10월 로드맵",2026-06-23 21:45:36,rate_cash,2026-06-23
유동성,"어로트 커뮤니케이션, 최대 4000만 달러 자사주 매입 프로그램 승인",2026-06-23 19:06:27,rate_cash,2026-06-23
유동성,910P 빠진 코스피… 하루 낙폭 사상최대,2026-06-23 18:04:40,rate_cash,2026-06-23
유동성,"李 '주식 대금지급 단축' 주문에 금융위 ""10월 개편 로드맵 공개""",2026-06-23 18:00:32,rate_cash,2026-06-23
유동성,[김선걸칼럼] 신기루 같은 지표가 쏟아질 때,2026-06-23 17:25:31,rate_cash,2026-06-23
유동성,"오늘 주식 팔면 내일 입금…금융위, 결제주기 단축 로드맵 10월 공개",2026-06-23 16:41:27,rate_cash,2026-06-23
유동성,“오늘 주식 팔면 내일 입금”…결제주기 단축 방안 올해 10월 나온다,2026-06-23 10:48:04,rate_cash,2026-06-23
유동성,"[美공시]애모 뮤니션스, 4분기 및 2026 회계연도 견실한 실적 발표… 상당한 성장과 수익성 개선 강조",2026-06-23 08:44:50,rate_cash,2026-06-23
유동성,"서보메드, 1000만 달러 규모 유상증자 완료",2026-06-23 05:14:58,rate_cash,2026-06-23
유동성,"獨기업 인수, 허페이시 결단 ... 창신메모리를 만든 역사적 순간들",2026-06-23 05:00:00,rate_cash,2026-06-23
유동성,"세이블오프쇼어, 엑손모빌 대출 만기 연장에도 신규 자금 조달 불확실성에 하락",2026-06-22 22:52:11,rate_cash,2026-06-22
유동성,"엔리벡스 테라퓨틱스, RAIN 토큰 11억4천만 달러 보유..주당 NAV 4.67달러",2026-06-22 21:51:57,rate_cash,2026-06-22
유동성,"세이블 오프쇼어, 엑손 모빌과 대출 만기 연장..최대 7.8억 달러 신규 조달 추진",2026-06-22 21:07:55,rate_cash,2026-06-22
유동성,"CH4 내추럴 솔루션스, 22일 보통주·워런트 분리 거래 개시",2026-06-22 21:04:45,rate_cash,2026-06-22
유동성,"팀쉐어스와의 SPAC 합병 주주 승인, 다음 주 나스닥 상장 완료 예정",2026-06-22 20:40:33,rate_cash,2026-06-22
유동성,"LIVE OAK ACQUISITION CORP V, 팀쉐어스 합병 승인·다음주 완료",2026-06-22 19:21:10,rate_cash,2026-06-22
유동성,"RTB 디지털, AI 기반 실시간 온체인 결제 플랫폼 공식 출시",2026-06-22 19:16:59,rate_cash,2026-06-22
유동성,"QUANTUM LEAP ACQUISITION CORP, 6월 23일부터 보통주·워런트 분리 거래 개시",2026-06-22 19:05:38,rate_cash,2026-06-22
유동성,정은보 거래소 이사장 “스테이블코인 도입 논의 진척돼야”,2026-06-22 16:52:05,rate_cash,2026-06-22
유동성,iM증권 “내년까지 반도체 호황 계속”…‘삼전닉스’ 목표가 20%대↑,2026-06-22 08:45:07,rate_cash,2026-06-22
유동성,“반도체 이번주에도 또 오르나”…하이닉스·마이크론이 전할 소식은,2026-06-22 06:00:47,rate_cash,2026-06-22
유동성,하닉·마이크론까지 … '반도체 빅위크' 온다,2026-06-21 17:25:00,rate_cash,2026-06-21
유동성,"MBK-메리츠 벼랑끝 대치, 사줄 곳 찾을까…홈플러스 운명의 2주 돌입 [M&A복덕방]",2026-06-20 13:07:45,rate_cash,2026-06-20
유동성,폐장도 규칙도 없는 금융 온다 … 한국에 필요한건 상상력,2026-06-20 06:00:00,rate_cash,2026-06-20
유동성,"거래소, 프리마켓 도입 내년 말로 미뤄…애프터마켓은 9월 시행",2026-06-19 16:18:57,rate_cash,2026-06-19
유동성,"아침 7시 시작 거래소 프리마켓, 내년 말로 연기…애프터마켓은 9월 14일 시행",2026-06-19 16:04:50,rate_cash,2026-06-19
유동성,"“파트너사 유동성 개선”…롯데건설, 하나은행·신용보증기금과 ‘상생 금융지원’ 협약 체결",2026-06-19 09:01:01,rate_cash,2026-06-19
유동성,"이타우 유니방코 홀딩스, ESC 리스크 통합관리 체계 강화..배당률 14%",2026-06-19 06:31:55,rate_cash,2026-06-19
유동성,"블록체인 디지털 인프라스트럭처, 유상증자로 6,325만 달러 조달 완료",2026-06-19 06:03:04,rate_cash,2026-06-19
유동성,"티안시 인터내셔널, 공모통해 490만 달러 조달..주당 0.81달러 확정",2026-06-19 05:51:23,rate_cash,2026-06-19
유동성,"브라이트뷰 홀딩스, 선순위 대출 만기 2033년까지 4년 연장",2026-06-19 05:20:00,rate_cash,2026-06-19
유동성,"포어프런트테크홀딩스인수, 단위증권 분리거래 6월 22일 개시",2026-06-19 05:20:00,rate_cash,2026-06-19
유동성,"밍텅 인터내셔널, 직접공모로 296만 달러 조달..워런트 동시 발행",2026-06-19 05:16:50,rate_cash,2026-06-19
유동성,"K 웨이브 미디어, 나스닥 시총 요건 미달 통지..180일 유예기간 부여",2026-06-19 05:10:10,rate_cash,2026-06-19
유동성,"KEYSTONE ACQUISITION CORP, 22일부터 주식·워런트 별도 거래 개시",2026-06-19 01:20:06,rate_cash,2026-06-19
유동성,"제타 네트워크 그룹, 2025년 하반기 매출 1,690만 달러·주당 170달러 적자",2026-06-19 00:14:55,rate_cash,2026-06-19
유동성,"콘두잇 파마슈티컬스, 630만 달러 부채 전액 상환…재무구조 대폭 개선",2026-06-18 21:51:11,rate_cash,2026-06-18
유동성,"오스틴 테크놀러지 그룹, 1분기 매출 17% 감소..손실폭은 13% 축소",2026-06-18 21:23:10,rate_cash,2026-06-18
유동성,"솔AI, ADS 비율 1대100→1대700 변경..7월 6일 시행",2026-06-18 19:44:45,rate_cash,2026-06-18
유동성,"금감원, 단일종목 레버리지 소비자경보…“하루 최대 60% 손실”",2026-06-18 18:40:33,rate_cash,2026-06-18
유동성,"""스페이스X, 우주투자 대중화 문 열었다""",2026-06-18 17:42:18,rate_cash,2026-06-18
유동성,코스피 9000시대 개막 … 과열·쏠림 경계도 늦춰선 안 된다 [사설],2026-06-18 17:25:45,rate_cash,2026-06-18
유동성,삼전닉스 담았는데 -36.9%?…‘단일종목 레버리지’ 경고장 날린 금감원,2026-06-18 16:56:51,rate_cash,2026-06-18
유동성,"블룸버그 “삼성전자·하이닉스·스페이스X, 기업가치 평가 의미 없어졌다”",2026-06-18 10:56:08,rate_cash,2026-06-18
유동성,“프장서 돈벌고 기분좋게 하루 시작”…장외거래 비중 45% 넘었다,2026-06-18 06:23:41,rate_cash,2026-06-18
유동성,"COLLECTIVE ACQUISITION CORP II, 초과배정옵션 행사로 3,300만 달러 추가 조달",2026-06-18 05:32:15,rate_cash,2026-06-18
유동성,"킬로이 리얼티, 12억5000만 달러 신용한도 확대..만기 2030년까지 연장",2026-06-18 05:24:55,rate_cash,2026-06-18
유동성,"이큅먼트셰어, 13.5억 달러 채권 발행으로 재무구조 개선 기대감 부각",2026-06-18 01:00:40,rate_cash,2026-06-18
유동성,"지니어스 그룹, 자사주 2,660만주 소각..유통주식 22% 축소",2026-06-17 22:16:47,rate_cash,2026-06-17
유동성,"웨어러블 디바이시스, 3대1 역주식병합 단행..나스닥 상장 유지 목적",2026-06-17 22:11:46,rate_cash,2026-06-17
유동성,"J-스타 홀딩, 나스닥 최소 주가 미달로 상장폐지 통보",2026-06-17 22:01:56,rate_cash,2026-06-17
유동성,"아스트로노바, 아클라인에 2억7200만 달러 인수 합의",2026-06-17 21:43:55,rate_cash,2026-06-17
유동성,"엘리멘털 알투스 로열티즈, 러셀 2000·3000 및 S&P/TSX 골드지수 편입",2026-06-17 20:11:52,rate_cash,2026-06-17
유동성,"미래에셋證, 3천억 자사주 매입후 전량소각",2026-06-17 19:56:52,rate_cash,2026-06-17
유동성,"GENERAL CATALYST GLOBAL RESILIENCE MERGER CORP, 6월 22일부터 보통주·워런트 분리 거래 개시",2026-06-17 19:01:49,rate_cash,2026-06-17
유동성,"한양證 ""재무건전성 문제없어""",2026-06-17 17:53:27,rate_cash,2026-06-17
유동성,"MSCI 선진국 편입 임박?…“韓, 관찰대상국 등재 가능성 높아”",2026-06-17 17:07:29,rate_cash,2026-06-17
유동성,美비자벽에 좌절한 해외인재…100명만 데려와도 K과학 살아난다,2026-06-17 16:56:52,rate_cash,2026-06-17
유동성,국힘 김종양 “추경 등 통화량 확대가 집값 올리는 마귀…유동성 팽창 억제정책 시급”,2026-06-17 15:20:51,rate_cash,2026-06-17
유동성,투자의 경계를 넓히는 STO와 조각투자의 미래[엠블록레터],2026-06-17 14:38:42,rate_cash,2026-06-17
유동성,JTBC 디폴트에 불안 확산…서울마라톤 측 “차질 없다”,2026-06-17 11:14:48,rate_cash,2026-06-17
유동성,진옥동 직접 홍보 나선 ‘신한 슈퍼쏠’…은행·증권 경계 허문다,2026-06-17 10:44:31,rate_cash,2026-06-17
유동성,"“MSCI 편입, 다들 호재라 믿지만”…외국인 자금 오히려 8조 빠진다는데",2026-06-17 09:25:59,rate_cash,2026-06-17
유동성,"트라이던트 디지털 테크 홀딩스, ADS 계약 종료·240대1 주식병합 단행",2026-06-17 06:12:02,rate_cash,2026-06-17
유동성,"콘두잇 파마슈티컬스, 630만 달러 기존 부채 전액 상환..신규 대출 146만 달러 체결",2026-06-17 06:01:51,rate_cash,2026-06-17
유동성,"캔달 M 벤처, 16대1 주식병합 추진..나스닥 상장유지 사수",2026-06-17 05:32:50,rate_cash,2026-06-17
유동성,"이큅먼트셰어, 10억 달러 채권 발행으로 재무 유연성 강화…매출 22% 성장 전망",2026-06-17 05:00:48,rate_cash,2026-06-17
유동성,"아야 골드 앤 실버, VanEck 금광업주 ETF 편입..글로벌 투자자 유입 기대",2026-06-16 22:47:48,rate_cash,2026-06-16
유동성,"세이블오프쇼어, 10억 달러 신규 담보대출 개시…시장은 부채 부담에 주목",2026-06-16 22:43:08,rate_cash,2026-06-16
유동성,"매출 113% 급증에도 영업손실 확대…옥신, 수익성 우려에 약세",2026-06-16 22:42:18,rate_cash,2026-06-16
유동성,"옥신, 1분기 매출 1.6억 달러..전년비 113% 급증",2026-06-16 22:02:07,rate_cash,2026-06-16
유동성,"아센드라헬스, 채권 99% 교환 참여 성공…재무구조 개선 기대감 부각",2026-06-16 21:51:16,rate_cash,2026-06-16
유동성,"이큅먼트셰어닷컴, 10억5000만 달러 규모 후순위 담보부 채권 발행",2026-06-16 21:21:05,rate_cash,2026-06-16
유동성,"화천 AI 파킹 매니지먼트, 승인자본 3.8억 달러 증액·최대 4000대1 주식병합 추진",2026-06-16 21:18:54,rate_cash,2026-06-16
유동성,"존 마샬 뱅코프, 1분기 순이익 610만 달러..7분기 연속 성장",2026-06-16 21:04:04,rate_cash,2026-06-16
유동성,"빈스 홀딩, 1분기 매출 6400만 달러·전년비 10.5% 성장",2026-06-16 20:04:51,rate_cash,2026-06-16
유동성,"세이블 오프쇼어, 10억 달러 규모 신규 담보대출 개시",2026-06-16 19:54:51,rate_cash,2026-06-16
유동성,"포워드 인더스트리즈, 스카이AI에 20% 프리미엄 인수 제안",2026-06-16 19:04:17,rate_cash,2026-06-16
유동성,“체크카드 만들어서 뭐하나”…불황일수록 개인 소비자들 외면,2026-06-16 08:26:59,rate_cash,2026-06-16
유동성,“2부리그 낙인 찍힐라”…코스닥승강제 유예 요구한 벤처업계,2026-06-16 08:03:43,rate_cash,2026-06-16
유동성,“비싸게 사고 싸게 팔고 있었다”...하루 50건씩 터지는 ETF ‘괴리율 공포’,2026-06-16 06:09:20,rate_cash,2026-06-16
유동성,"헬스케어 트라이앵글, 전환사채 통해 360만 달러 조달",2026-06-16 06:02:10,rate_cash,2026-06-16
유동성,"애플 호스피탈리티 리츠, 1분기 매출 3억3700만 달러..전년비 4.3% 증가",2026-06-16 05:18:58,rate_cash,2026-06-16
유동성,"제라시 홀딩스, 4분기 매출액 4290만 달러..전년비 47% 급증",2026-06-16 05:08:36,rate_cash,2026-06-16
유동성,"처칠캐피털12, 17일부터 보통주·워런트 분리 거래 개시",2026-06-16 05:08:06,rate_cash,2026-06-16
유동성,"NIP그룹, ADS 역병합 단행 속 적자 지속 전망에 투자자 이탈",2026-06-16 00:40:42,rate_cash,2026-06-16
유동성,"아카디아 바이오사이언스, 412만 달러 규모 사모 유상증자 단행",2026-06-16 00:33:52,rate_cash,2026-06-16
유동성,"펑셔널브랜즈, 나스닥 상장폐지 확정…16일부터 거래정지",2026-06-15 21:21:17,rate_cash,2026-06-15
유동성,"라마코 리소시즈, 2분기 주당 배당 0.1369달러 주식배당 결정",2026-06-15 21:02:06,rate_cash,2026-06-15
유동성,"펑셔널 브랜즈, 나스닥 상장폐지 확정..16일 거래정지",2026-06-15 21:01:46,rate_cash,2026-06-15
유동성,"NIP 그룹, ADS 비율 1대30 역병합 단행..7월 6일 발효",2026-06-15 19:41:52,rate_cash,2026-06-15
유동성,‘양날의 검’ 레버리지...투자 전 이것부터 반드시 확인해야 [목대균의 글로벌 인사이트],2026-06-15 19:22:35,rate_cash,2026-06-15
유동성,"테크크리에이트 그룹, NYSE American 상장폐지 절차 개시..거래 중단",2026-06-15 19:05:58,rate_cash,2026-06-15
유동성,"솔리드파워, BMW·SK On 협업과 2028년 대규모 매출 반등 기대에 주목",2026-06-15 17:50:47,rate_cash,2026-06-15
유동성,코스닥 시장 나누는 '세그먼트' 유예를,2026-06-15 17:13:56,rate_cash,2026-06-15
유동성,김종철 방미통위원장 “구글·애플 인앱결제 과징금 조만간 공식화”,2026-06-15 15:49:22,rate_cash,2026-06-15
유동성,"[속보] ‘유동성 위기’ JTBC, 법원에 회생절차 개시 신청",2026-06-15 14:42:27,rate_cash,2026-06-15
유동성,대형IPO 뜻밖의 수혜…“자선단체로 수백억달러 흘러”,2026-06-15 10:31:53,rate_cash,2026-06-15
유동성,"LG디스플레이, `2Q26 일시적 실적 부진 예상` 증권사 발표에 강세",2026-06-15 10:18:23,rate_cash,2026-06-15
유동성,"“외국인 국장 탈출, 이제 힘들 것”…돌아올 수 밖에 없는 강력 시그널은 [오늘 나온 보고서]",2026-06-15 08:59:08,rate_cash,2026-06-15
유동성,“삼전닉스 담았다가 심장병 걸릴뻔”…중형주 대신 담으니 ‘안심’,2026-06-15 07:20:15,rate_cash,2026-06-15
유동성,“국장 장투할거야? 난 치고 빠질래”…삼전닉스 대신 2배 ETF 갔다,2026-06-14 21:41:14,rate_cash,2026-06-14
유동성,삼전닉스 직접 투자 줄고 레버리지 ETF 베팅 늘어,2026-06-14 17:36:47,rate_cash,2026-06-14
유동성,AI株 요동치자 … 유통·방산株로 '방어벽',2026-06-14 17:36:46,rate_cash,2026-06-14
유동성,“강남 집 전세 놓고 전세대출 받은 집주인들”…다음 규제 대상 1순위?,2026-06-14 16:55:11,rate_cash,2026-06-14
유동성,"퍼펙트모먼트, NYSE 아메리칸 상장폐지·OTCQB 이전 발표에 급락",2026-06-13 06:40:44,rate_cash,2026-06-13
유동성,"퍼펙트 모먼트, NYSE 아메리칸 상장폐지·OTCQB로 이전",2026-06-13 06:30:34,rate_cash,2026-06-13
유동성,"XORTX 테라퓨틱스, TSX벤처 상장폐지..나스닥 단일 상장 전환",2026-06-13 06:01:53,rate_cash,2026-06-13
유동성,"비트마인 이머전 테크놀로지스, 9.5% 시리즈A 우선주 배당 개시",2026-06-13 05:47:22,rate_cash,2026-06-13
유동성,"IRENIC ACQUISITION CORP, 18일부터 보통주·워런트 분리 거래 개시",2026-06-13 05:18:21,rate_cash,2026-06-13
유동성,"FB 뱅코프, 3번째 자사주 매입 프로그램 승인..발행주식 10% 규모",2026-06-13 05:15:51,rate_cash,2026-06-13
유동성,"DHT 홀딩스, 한화오션과 VLCC 신조선 계약 체결.. 2028년 인도",2026-06-13 05:09:50,rate_cash,2026-06-13
유동성,"클리어마인드 메디슨, 100만 달러 규모 전환사채 추가 발행..전환가 하한 1.875달러",2026-06-13 05:02:50,rate_cash,2026-06-13
유동성,"하이퍼스케일데이터, 요크빌과 선지급 계약 체결…주식 전환 조건에 지분 희석 우려 부각",2026-06-13 01:10:47,rate_cash,2026-06-13
유동성,"“모든 수단 동원해 해결할 것”…JTBC, 206억 규모 채무불이행",2026-06-12 22:59:41,rate_cash,2026-06-12
유동성,"커프리나홀딩스, 나스닥 최소 호가 요건 재충족으로 상장폐지 위기 해소",2026-06-12 22:20:34,rate_cash,2026-06-12
유동성,"커프리나 홀딩스, 나스닥 최소 호가 요건 재충족..상장 유지",2026-06-12 22:01:43,rate_cash,2026-06-12
유동성,"유나이티드 커뮤니티 뱅크스, 장비금융 사업부 19억 달러 매각",2026-06-12 20:37:11,rate_cash,2026-06-12
유동성,"플러터 엔터테인먼트, 런던증권거래소 상장폐지..NYSE 단독 상장",2026-06-12 19:04:58,rate_cash,2026-06-12
유동성,"시게이트 테크놀러지 홀딩스, 교환사채 1억5천만 달러 조기 상환",2026-06-12 19:03:58,rate_cash,2026-06-12
유동성,지수ETF 축으로 AI·반도체ETF 더하면 '주린이 황금밸런스',2026-06-12 17:03:51,rate_cash,2026-06-12
유동성,정비사업 탄력…4년간 31만가구 착공,2026-06-12 11:11:10,rate_cash,2026-06-12
유동성,"DSRV, 금융권 수준 자금세탁방지 시스템 도입",2026-06-12 10:55:17,rate_cash,2026-06-12
유동성,"DWF “리테일·상장효과, 韓 시장에 집중하는 이유” [매일코인]",2026-06-12 09:28:53,rate_cash,2026-06-12
유동성,“스페이스X 가즈아? 적정주가 63달러”…공모가 절반 후려친 까닭은,2026-06-12 09:27:22,rate_cash,2026-06-12
유동성,"‘샀다, 팔았다’ 개미들 덕분에 돈방석 앉은 증권사...1분기 순익 4.3조 ‘사상최대’",2026-06-12 07:35:25,rate_cash,2026-06-12
유동성,"하이퍼스케일 데이터, 요크빌과 1,596만 달러 선지급 계약 체결",2026-06-12 05:32:00,rate_cash,2026-06-12
유동성,"비트제로 홀딩스, 나스닥 상장 승인..미국 자본시장 본격 진출",2026-06-12 01:19:52,rate_cash,2026-06-12
유동성,"AMC엔터테인먼트, 1억 달러대 자본 조달 성공과 5월 역대 최고 흥행 실적으로 주목받다",2026-06-11 22:50:39,rate_cash,2026-06-11
유동성,"라파엘 홀딩스, 3분기 순손실 420만 달러..전년비 12% 개선",2026-06-11 20:57:34,rate_cash,2026-06-11
유동성,"웰체인지 홀딩스, 클래스B 의결권 100배·주식 400대1 병합 추진",2026-06-11 20:02:02,rate_cash,2026-06-11
유동성,"COPLEY ACQUISITION CORP, Ignite Proteomics와 1억5000만 달러 규모 합병 계약 체결",2026-06-11 19:06:29,rate_cash,2026-06-11
유동성,“인프라 통합하고 킬러자산 키워라”…K-STO·조각투자 성공 방정식,2026-06-11 18:10:00,rate_cash,2026-06-11
유동성,AI가 메모리 산업 체질 바꿔 … 사이클 휘둘리지 않아,2026-06-11 17:49:07,rate_cash,2026-06-11
유동성,美·日선 주식·채권 토큰화 … 韓도 '금가분리' 철폐를,2026-06-11 17:49:07,rate_cash,2026-06-11
유동성,'공실 리스크'에 꼬마빌딩 낙찰가율 50% 밑으로 뚝…입지 최우선 고려를,2026-06-11 16:04:08,rate_cash,2026-06-11
유동성,"팩토리얼에너지, 순손실 대폭 개선에 나스닥 상장까지…투자자 관심 집중",2026-06-11 07:30:32,rate_cash,2026-06-11
유동성,"로켓컴퍼니즈, 고금리 채권 발행으로 이자비용 부담 확대",2026-06-11 04:31:55,rate_cash,2026-06-11
유동성,"앨리전트트래블, 채권 발행 규모 확대와 2026년 적자 전환 우려에 약세",2026-06-11 00:21:42,rate_cash,2026-06-11
유동성,"한화솔루션 유증, 3회정정 끝 통과",2026-06-10 22:41:45,rate_cash,2026-06-10
유동성,"한화솔루션 1.7조 유상증자, 세 차례 정정 끝 금감원 문턱 넘어",2026-06-10 22:19:42,rate_cash,2026-06-10
유동성,14년만에 외국환은행 고강도 검사…환율안정 시그널 넘어 ‘액션’,2026-06-10 22:16:31,rate_cash,2026-06-10
유동성,"AI 파이낸셜, WLFI 토큰 3억8000만 달러 보유..유동성 1억8000만 달러 확보",2026-06-10 21:31:46,rate_cash,2026-06-10
유동성,"CID 홀드코, 500만 달러 투자 유치·600만 달러 사업매각 추진",2026-06-10 21:12:56,rate_cash,2026-06-10
유동성,"바젤메디컬그룹, 나스닥 상장폐지 위기 속 12대 1 역주식병합 단행",2026-06-10 20:20:45,rate_cash,2026-06-10
유동성,"위안바오, 1분기 매출 1억9,080만 달러..35.6% 증가",2026-06-10 20:02:02,rate_cash,2026-06-10
유동성,"바젤 메디컬 그룹, 12대 1 역주식병합 단행..나스닥 상장 유지 위해",2026-06-10 20:01:52,rate_cash,2026-06-10
유동성,"2천억 긴급운영자금 지원 요청 … MBK, 홈플러스 1천억 연대보증",2026-06-10 19:25:45,rate_cash,2026-06-10
유동성,"DDC 엔터프라이즈, 클래스B 의결권 10배 확대..창업자 지배력 강화",2026-06-10 19:07:01,rate_cash,2026-06-10
유동성,"로켓 컴퍼니즈, 15억 달러 선순위 채권 발행··기존 부채 상환",2026-06-10 19:05:50,rate_cash,2026-06-10
유동성,"포워드 인더스트리즈, 브레라 홀딩스 인수 제안 거절당해",2026-06-10 19:05:30,rate_cash,2026-06-10
유동성,"앨리전트 트래블 컴퍼니, 2031년 만기 선순위 담보부 채권 6억5000만 달러 발행",2026-06-10 19:04:20,rate_cash,2026-06-10
유동성,정부 '환율 방어' 총력 … 국정원도 단속 나서,2026-06-10 17:50:50,rate_cash,2026-06-10
유동성,스페이스X 조기 편입이 주가 뻥튀기…‘되먹임 고리’ 경고,2026-06-10 16:18:46,rate_cash,2026-06-10
유동성,세아홀딩스 300억 공개매수 ‘2.7대 1’ 흥행,2026-06-10 14:22:31,rate_cash,2026-06-10
유동성,李 대통령 말대로 전세의 종말?…서울 아파트 월세 비중 절반 넘어,2026-06-10 10:57:11,rate_cash,2026-06-10
유동성,“전세 사라질 운명” 李 말이 현실로 …서울 아파트 월세비중 50% 넘겨,2026-06-10 10:57:08,rate_cash,2026-06-10
유동성,"BMW파이낸셜서비스코리아, 신용등급 ‘A+→AA-’로 1단계 상향",2026-06-10 10:40:26,rate_cash,2026-06-10
유동성,"IM 카나비스, 1,727만주 재판매 등록신고서 제출",2026-06-10 06:30:33,rate_cash,2026-06-10
유동성,"인베스코, 5월 AUM 2조4539억 달러..전월비 4.9% 증가",2026-06-10 05:22:49,rate_cash,2026-06-10
유동성,"선라이즈 뉴 에너지, 나스닥 최저가 요건 미달 통보..180일 유예",2026-06-10 05:06:48,rate_cash,2026-06-10
유동성,"넥세라 테크놀로지스, 자회사 포트 테크놀로지 나스닥 상장 승인",2026-06-10 05:03:28,rate_cash,2026-06-10
유동성,"애퍼처, 10일부터 Class A 보통주·권리 분리 거래 개시",2026-06-10 01:17:54,rate_cash,2026-06-10
유동성,"크레디콥, 피치 신용등급 BBB+로 상향..재무건전성 강화",2026-06-09 22:34:11,rate_cash,2026-06-09
유동성,"중차오, 자본금 2천만→100억 달러 증자·주식병합 주총 상정",2026-06-09 22:24:41,rate_cash,2026-06-09
유동성,"멜코 리조트&엔터테인먼트, 신용대출 217억 홍콩달러로 확대·만기 2031년 연장",2026-06-09 21:45:49,rate_cash,2026-06-09
유동성,"그로우허브, 나스닥 상장폐지 결정 통보..청문회 신청 예정",2026-06-09 21:02:57,rate_cash,2026-06-09
유동성,"디자이너 브랜즈, 1Q26 매출 6억9635만 달러·EPS 흑자 전환",2026-06-09 19:51:34,rate_cash,2026-06-09
유동성,주가 저평가 돼있단 ‘한샘’...분기배당·500억 자사주 매입 등 주주환원 강화키로,2026-06-09 19:05:53,rate_cash,2026-06-09
유동성,"REAL ASSET ACQUISITION CORP, IQM과 합병 승인..6월 25일 주총 예정",2026-06-09 19:03:12,rate_cash,2026-06-09
유동성,가격왜곡 하이닉스 레버리지… 이러다가 투자유의종목 될라,2026-06-09 17:57:55,rate_cash,2026-06-09
유동성,관악·동대문 구축 12억 …'외곽 키맞추기'에 더 높아진 내집 문턱,2026-06-09 17:51:30,rate_cash,2026-06-09
유동성,AI 에이전트가 알아서 결제하는 시대…“첫 타깃은 1.3조 선불결제 시장”,2026-06-09 16:07:24,rate_cash,2026-06-09
유동성,"“주가 8% 떨어졌는데 레버리지는 50% 급등?”…하이닉스 레버리지 ETF 3종, 투자유의종목 적출",2026-06-09 13:34:55,rate_cash,2026-06-09
유동성,“이러니 국장서 돈이 빠지죠”…스페이스X·엔스로픽 이어 오픈AI도 상장절차 돌입,2026-06-09 08:43:34,rate_cash,2026-06-09
유동성,"리퀴디아 테크놀러지스, S&P 스몰캡 600 지수 편입..6월 22일 적용",2026-06-09 05:34:04,rate_cash,2026-06-09
유동성,"피너클 파이낸셜 파트너스, 2분기 조정 매출 12억4천만 달러 전망",2026-06-09 05:33:04,rate_cash,2026-06-09
유동성,"페더럴 애그리컬처럴 모기지, 자크 캐러핀터 신임 CEO 7월 1일 취임",2026-06-09 05:26:53,rate_cash,2026-06-09
유동성,"오션 파워 테크놀러지스, 1,000만 달러 규모 직접공모 체결",2026-06-08 22:04:53,rate_cash,2026-06-08
유동성,"로지스틱 프로퍼티스 오브 더 아메리카스, 뉴욕 스몰캡 컨퍼런스서 투자자 미팅 진행",2026-06-08 21:49:52,rate_cash,2026-06-08
유동성,"오션퍼스트 파이낸셜, 다가구 대출 14억 달러 매각..상업용 부동산 리스크 축소",2026-06-08 21:03:00,rate_cash,2026-06-08
유동성,"스튜디오 시티 인터내셔널 홀딩스, 7% 선순위 담보부 채권 1억5400만 달러 조기 상환 완료",2026-06-08 19:03:53,rate_cash,2026-06-08
유동성,"아레스 캐피탈, 10억 달러 규모 기업어음 프로그램 신설",2026-06-08 19:02:53,rate_cash,2026-06-08
유동성,단일종목 레버리지 질렀다가 … 한숨 커진 개미들,2026-06-08 17:53:25,rate_cash,2026-06-08
유동성,외환당국·국민연금 합동작전…원화값 '불안한 방어',2026-06-08 17:48:40,rate_cash,2026-06-08
유동성,"홈플러스, 지난해 1조원대 순손실 냈다",2026-06-08 16:57:39,rate_cash,2026-06-08
유동성,"한투운용 ‘닉스레버리지’, 주가 급락날 동시호가때 50% 폭등 사고",2026-06-08 16:34:10,rate_cash,2026-06-08
유동성,“반도체 수출액 역대 최고치 경신”…‘이 동네’ 아파트 매매 거래도 후끈,2026-06-08 16:18:59,rate_cash,2026-06-08
유동성,“삼전닉스 내일은 오르겠죠?”…묻지말고 ‘이것’ 보라는데,2026-06-08 09:00:01,rate_cash,2026-06-08
유동성,"“이번주 주식창, 나는 안볼란다”…고환율·스페이스X 상장·네 마녀의 날 겹쳐",2026-06-08 08:37:09,rate_cash,2026-06-08
유동성,월가서 유명한 증시 ‘사계절’ 이론 … 코스피는 어디쯤이죠?,2026-06-08 05:00:00,rate_cash,2026-06-08
유동성,美금리공포에 반도체 차익실현 韓증시도 '유동성 부족' 먹구름,2026-06-07 18:00:17,rate_cash,2026-06-07
유동성,"위풍당당 리테일 머니, 빛과 그림자",2026-06-05 10:35:01,rate_cash,2026-06-05
예금,외화예금 늘어도 환율 고공행진…달러 곳간 쌓는 기업,2026.06.26 15:35,rate_cash,2026-06-26
예금,"스티펠 파이낸셜, 5월 고객자산 18% 증가..5,796억 달러 돌파",2026.06.26 05:17,rate_cash,2026-06-26
예금,6월 인사혁신처 수시 재산공개…최지영 전 국제경제관리관 272억 신고,2026.06.26 00:01,rate_cash,2026-06-26
예금,"""콧대 높은 사모대출 문턱, 토큰화로 낮출 것""",2026.06.25 17:21,rate_cash,2026-06-25
예금,"[속보] 대법, 김남국 ‘코인 의혹’ 제기 장예찬 상대 손배소 파기환송",2026.06.25 10:23,rate_cash,2026-06-25
예금,"“기업금융도 비대면 혁신”…케이뱅크, 중소법인 여신 시스템 구축 나서",2026.06.24 16:24,rate_cash,2026-06-24
예금,"웹케시, NH농협은행에 AI에이전트 기업뱅킹 조회 서비스 도입",2026.06.24 09:13,rate_cash,2026-06-24
예금,"브로드웨이 파이낸셜, 1Q 순이익 110만 달러 흑자전환",2026.06.24 05:00,rate_cash,2026-06-24
예금,보수적 퇴직연금 투자 DB형서도 수익률 갈린 이유는,2026.06.23 14:17,rate_cash,2026-06-23
예금,"50만명 확대 앞둔 예금토큰…제도는 논의 단계, 이용은 제한적",2026.06.23 10:52,rate_cash,2026-06-23
예금,"[단독] 예금토큰, 상용화 전제로 추진…은행권 “신규사업 수준” 부담호소",2026-06-22 13:48:46,rate_cash,2026-06-22
예금,"""리스크 큰 ELD 판매 제한""…선제적 소비자보호 나선 KB",2026-06-21 17:32:10,rate_cash,2026-06-21
예금,“중앙그룹 위기 확산”…JTBC 이어 중앙일보도 워크아웃 신청,2026-06-19 18:36:23,rate_cash,2026-06-19
예금,ELS 투자서 낸 김정혁 메리츠증권 파생상품팀장 [피플],2026-06-19 15:37:39,rate_cash,2026-06-19
예금,물려만 주면 끝일까? 자산승계의 마지막 단추 ‘임의후견’ [바른 상속·기업승계 리포트],2026-06-19 07:00:00,rate_cash,2026-06-19
예금,"브로드웨이 파이낸셜, 티나 케어우 CLO 겸 기업비서 신규 임명",2026-06-19 05:50:22,rate_cash,2026-06-19
예금,"뱅크 퍼스트 내셔널, 스티븐 E. 존슨 이사 은퇴 발표",2026-06-19 05:04:09,rate_cash,2026-06-19
예금,"SR 뱅코프, 분기 배당금 20% 인상..주당 0.06달러",2026-06-18 23:04:43,rate_cash,2026-06-18
예금,"파케 뱅코프, 주당 0.20달러 현금배당 발표..7월 17일 지급",2026-06-18 21:46:41,rate_cash,2026-06-18
예금,공공기관 추가 지방이전도 본격 추진,2026-06-18 17:53:00,rate_cash,2026-06-18
예금,부동산 출자 늘리는 연기금…저평가 상업용 부동산 노려,2026-06-18 17:45:01,rate_cash,2026-06-18
예금,"흩어진 상속예금, 은행 1곳에서 한꺼번에 받는다",2026-06-18 17:29:44,rate_cash,2026-06-18
예금,‘단일종목 ETF’도 예금?…“고위공직자는 백지신탁해야”,2026-06-18 15:33:38,rate_cash,2026-06-18
예금,"“주총 안 가고 클릭 한 번으로”…예탁원, 전자투표 활성화 박차",2026-06-18 07:46:36,rate_cash,2026-06-18
예금,"이억원 ""포용금융으로 제도개혁"" … 신용평가·대출시스템 새판 짠다",2026-06-17 17:38:26,rate_cash,2026-06-17
예금,“결국 반도체가 끌어올렸다” … 밸류업 효과는 환상? 하반기 진짜 확인할 팩트는 [자이앤트 썰],2026-06-17 17:05:27,rate_cash,2026-06-17
예금,"“돈맥경화 옛말, 돈줄 뚫린다”…9년만에 최고치 찍은 ‘이것’ 뭐길래",2026-06-17 10:17:04,rate_cash,2026-06-17
예금,"“빚투 개미, 도대체 얼마나 많길래”…돈 빌려, 대출해주는 증권사들",2026-06-17 09:04:12,rate_cash,2026-06-17
예금,"인디펜던트 뱅크, 1분기 EPS 1.68달러·순이익 7990만 달러..전년比 각각 61%, 80% 급증",2026-06-17 05:09:09,rate_cash,2026-06-17
예금,[매경이코노미스트] 전세는 사라져야 하는가,2026-06-15 17:09:52,rate_cash,2026-06-15
예금,"“로또라는데 되겠나, 차라리 깨서 굴려”…청약통장 가입자 2600만명 붕괴",2026-06-15 16:52:58,rate_cash,2026-06-15
예금,"폰스 파이낸셜 그룹, 2025년 EPS 1.21달러..전년비 163% 급증",2026-06-13 00:28:56,rate_cash,2026-06-13
예금,"이자벨라 뱅크, 그랜드 리버 커머스 5,460만 달러에 인수",2026-06-12 22:19:04,rate_cash,2026-06-12
예금,"똑같이 일했는데, 노후 레벨 달라졌다…DC형 택했더니 22% 수익",2026-06-12 06:08:43,rate_cash,2026-06-12
예금,"플래그스타 파이낸셜, 2026년 주총서 4개 안건 전부 가결",2026-06-12 05:05:48,rate_cash,2026-06-12
예금,"[속보] ECB, 3년만에 금리 인상…예금금리 0.25％p↑",2026-06-11 21:20:03,rate_cash,2026-06-11
예금,분할도 병합도 안돼 … 황제·동전ETF 넘칠판,2026-06-11 17:55:06,rate_cash,2026-06-11
예금,"유럽, 3년만에 금리 올렸다 … 전세계 긴축 '도미노'",2026-06-11 17:54:52,rate_cash,2026-06-11
예금,ETF에 엇갈린 퇴직연금 수익률 DB형 한자릿수 … DC 20% 넘어,2026-06-11 17:53:47,rate_cash,2026-06-11
예금,"한성숙, 재산 250억 신고…주택 2채·테슬라 애플 주식 등 보유",2026-06-11 17:42:35,rate_cash,2026-06-11
예금,“‘빚투’ 광풍 이 정도였나”…5월 가계대출 9조3000억 급증 ‘역대급’,2026-06-11 16:32:58,rate_cash,2026-06-11
예금,"“달러 사둘걸, 후회했는데…지금이라도 들어가면 늦을까”",2026-06-11 15:44:42,rate_cash,2026-06-11
예금,공공기관 342개 중 128개는 서울에… 수도권 비중 47.4%,2026-06-11 14:34:44,rate_cash,2026-06-11
예금,"매경이 전하는 세상의 지식 (매-세-지, 6월 11일)",2026-06-11 07:00:00,rate_cash,2026-06-11
예금,"버사뱅크, CEO 영국 의회 역사 프로젝트 출판 기념식서 혁신 리더십 인정받아",2026-06-11 04:37:45,rate_cash,2026-06-11
예금,"ING 그룹, 9개국 4,100만 고객 대상 구독형 은행 모델 출시",2026-06-10 19:06:51,rate_cash,2026-06-10
예금,증시 과열에 … 올 은행채 발행 110조 '역대최대',2026-06-10 17:55:15,rate_cash,2026-06-10
예금,“역대급 수출로 달러 벌어놓고 왜?” … 원화값 추락 진짜 이유 [고환율 긴급 점검①],2026-06-10 14:15:51,rate_cash,2026-06-10
예금,"40대 1인당 빚 1억2360만원 ‘역대 최대’…가계부채, 상호금융으로 이동 가속",2026-06-10 11:06:59,rate_cash,2026-06-10
예금,"피프스 써드 뱅코프, 2분기 순이자수익 22억 달러 전망",2026-06-10 05:32:10,rate_cash,2026-06-10
예금,"엔터프라이즈 파이낸셜 서비스, 1분기 순이익 4940만 달러·EPS 1.30달러 기록",2026-06-09 22:00:10,rate_cash,2026-06-09
예금,"금감원, 은행·보험·증권 소집 ""달러예금 마케팅 자제하라""",2026-06-09 17:51:46,rate_cash,2026-06-09
예금,디지털자산기본법 입법 지연 불구 금융사들 선점 나선 이유는[엠블록레터],2026-06-09 16:10:20,rate_cash,2026-06-09
예금,"헌팅턴 뱅크셰어스, 1분기 매출 26억 달러..전년비 18% 증가",2026-06-09 05:08:31,rate_cash,2026-06-09
예금,당국 '점포유지' 압박에…출장소만 늘린 은행,2026-06-08 17:45:42,rate_cash,2026-06-08
예금,1분기 산업대출 35.6조원 폭증,2026-06-08 17:38:39,rate_cash,2026-06-08
예금,3200억달러 시장 열린다…원화 스테이블코인 놓고 금융권 각축전,2026-06-08 11:24:10,rate_cash,2026-06-08
예금,"‘우대조건 직접 선택’…부산은행, 최고 연리 3.4% 예금 특판",2026-06-08 10:54:36,rate_cash,2026-06-08
예금,수출·서학개미 호재에…달러예금 다시 '쑥',2026-06-07 17:41:08,rate_cash,2026-06-07
mmf,[단독] 미술품 넘어 회사채·펀드까지…증권사 10곳 중 9곳 토큰증권 참전,2026.06.21 15:37,rate_cash,2026-06-21
CD금리,“역대급 수출로 달러 벌어놓고 왜?” … 원화값 추락 진짜 이유 [이슈 플러스],2026-06-11 18:19:57,rate_cash,2026-06-11
CD금리,롤러코스터 장세에도 ‘빚투’는 여전…삼전닉스에 몰빵,2026-06-11 16:59:01,rate_cash,2026-06-11
CD금리,하락 사이클 진입?…美 국채 금리 급등에 추락하는 금·은,2026-06-11 14:59:48,rate_cash,2026-06-11
CD금리,“반도체 피크아웃?” VS “조정 기회”…증권가가 바라보는 삼전·닉스 전망은,2026-06-11 08:52:07,rate_cash,2026-06-11
CD금리,4년간 ‘디플레’ 중국 생산자물가도 들썩…연내 美금리 인상 전망 높아져,2026-06-10 22:36:35,rate_cash,2026-06-10
CD금리,폭락장 속 나홀로 상승세 ‘이 종목’ 산다 [주식 초고수는 지금],2026-06-10 15:22:45,rate_cash,2026-06-10
CD금리,3분기 100조원 번다는 삼전 샀지만…하이닉스는 팔아 [주식 초고수는 지금],2026-06-10 11:25:41,rate_cash,2026-06-10
CD금리,10% 성장률인데 왜 힘들까 … 물가위주 성장으로 양극화 더 커져,2026-06-10 05:00:00,rate_cash,2026-06-10
CD금리,"“본전 못 찾으면 안해”…정부, 2천억달러 대미투자 원칙 마련",2026-06-09 16:07:55,rate_cash,2026-06-09
CD금리,“체류형 소비 중심지 부상”…호수공원 품은 상업시설 어딘가 보니,2026-06-09 11:58:41,rate_cash,2026-06-09
CD금리,"신한銀, 기초연금 수령자에 0.1% 초저금리 대출상품 출시",2026-06-08 10:14:19,rate_cash,2026-06-08
CD금리,"“생활비 빠듯한데 주식은 무슨, 희망은 로또뿐”…저소득층 복권소비 급증",2026-06-08 09:38:36,rate_cash,2026-06-08
CD금리,“밥먹고 잠만 자도 월급 43% 증발”…고물가에 저소득층 살림 더 팍팍,2026-06-08 06:06:38,rate_cash,2026-06-08
CD금리,"AI 열풍, 금리 움직일까 … 새 연준의장의 첫 FOMC에 쏠린 눈",2026-06-08 04:00:00,rate_cash,2026-06-08
CD금리,환율 1560원도 넘어 … “금융위기도 아닌데 도대체 왜 이래”,2026-06-07 15:08:58,rate_cash,2026-06-07
CD금리,“아리팍·원베일리 성공 전에 사실은”…‘재건축의 신’ 만든 두 번의 실패 [달인열전],2026-06-04 00:12:55,rate_cash,2026-06-04
cp,부채로 몸집 불리는 증권사…회사채 발행액 중 20% 차지,2026.06.25 17:21,rate_cash,2026-06-25
cp,"“아내 때렸다”…신고한 뒤 숨진 70대 남성, 무슨 일이",2026.06.25 15:30,rate_cash,2026-06-25
cp,"‘최우수산’ 영케이, 순식간에 납치됐다",2026.06.25 10:40,rate_cash,2026-06-25
cp,“도파민 터지는 뷔페”...주헌·찰스엔터 자신한 ‘연애실험실’ [현장 LIVE],2026.06.23 14:03,rate_cash,2026-06-23
cp,"[포토] ‘연애실험실’, 강유민 PD",2026.06.23 13:30,rate_cash,2026-06-23
cp,"[포토] 찰스엔터, ‘연프’ 리액션 장인",2026.06.23 13:28,rate_cash,2026-06-23
cp,"[포토] 몬스타엑스 주헌, 훈훈한 비율",2026.06.23 13:26,rate_cash,2026-06-23
cp,"[포토] ‘연애실험실’, 이진주 CP",2026.06.23 13:24,rate_cash,2026-06-23
cp,"[포토] 리얼 연애 예능, ‘연애실험실’로 오세요",2026.06.23 13:17,rate_cash,2026-06-23
cp,‘식스센스’ PD 법정 공방 중인데…새 시즌 선보인다,2026.06.23 11:38,rate_cash,2026-06-23
cp,"김희철, ‘아는 형님’ 휴식기 중 ‘연애전쟁’ 합류…“사실 욕먹어야 될 짓”",2026.06.23 11:07,rate_cash,2026-06-23
cp,‘연애전쟁’ 이효리 “서로 할퀴는 연애 했다…헤어지는 것도 방법”,2026.06.23 10:57,rate_cash,2026-06-23
cp,"이찬진 ""삼전닉스 레버리지 ETF 막았어야""",2026.06.22 17:30,rate_cash,2026-06-22
cp,"새로운 체제로 시작하는 유럽 남자 핸드볼 챔피언스리그 2026/27 시즌, 27개 클럽 참가 신청",2026.06.22 09:43,rate_cash,2026-06-22
cp,"중앙일보, 한양증권 CP 조기상환 요청에 “만기 전 개별상환 어려워”",2026.06.18 21:39,rate_cash,2026-06-18
cp,6만 관중부터 미각 마을까지…‘취사병’ 속 ‘취랄씬’ 탄생의 비밀,2026.06.17 14:43,rate_cash,2026-06-17
cp,"나신평 “JTBC 등 중앙그룹 5개사, 금융권 신용공여 8000억”",2026.06.16 16:12,rate_cash,2026-06-16
cp,"페드로 포로, 토트넘과 4년 재계약 임박",2026.06.13 21:41,rate_cash,2026-06-13
cp,공정거래 컴플라이언스 어렵지만 꼭 필요한 일 [BKL 공정거래리포트],2026-06-12 07:00:00,rate_cash,2026-06-12
cp,"4천억 회사채 발행 나선 KB증권, 수요예측서 1.2조 확보",2026-06-08 18:09:17,rate_cash,2026-06-08
cp,"씨그린그룹, 불모지서 일군 블루오션… 종합 해운물류기업 순항",2026-06-08 16:04:51,rate_cash,2026-06-08
