keyword,제목,날짜,sector,date
2차전지,“여기까지 올라오니 1만피가 저기 보이네”…6월 쉬어가도 천장 열려있다,2026.06.06 07:24,tech_future,2026-06-06
2차전지,EU '탈중국 공급망' 에 … K배터리株 반사이익,2026.06.05 17:51,tech_future,2026-06-05
2차전지,“중국산 배터리 빈자리는 한국이”…부활 날갯짓하는 K배터리,2026.06.05 09:19,tech_future,2026-06-05
2차전지,"특징주, 빛샘전자-통신장비 테마 상승세에 8.34% ↑",2026.06.04 09:28,tech_future,2026-06-04
2차전지,"특징주, 파워넷-2차전지(LFP/리튬인산철) 테마 상승세에 6.59% ↑",2026.06.04 09:26,tech_future,2026-06-04
2차전지,"특징주, SFA반도체-시스템반도체 테마 상승세에 7.37% ↑",2026.06.04 09:26,tech_future,2026-06-04
2차전지,"특징주, 소프트센-2차전지(LFP/리튬인산철) 테마 상승세에 17.78% ↑",2026.06.04 09:26,tech_future,2026-06-04
2차전지,"특징주, 롯데쇼핑-백화점 테마 상승세에 5.19% ↑",2026.06.04 09:26,tech_future,2026-06-04
2차전지,대형 반도체주 쏠림에 … 코스닥 빚투도 주춤,2026.06.03 20:30,tech_future,2026-06-03
2차전지,[Part 2 | INTERVIEW] 주식 투자 늘린 슈퍼리치들 “반도체·AI 다음 투자처 어디?”,2026.06.02 15:36,tech_future,2026-06-02
2차전지,"""큰놈만 오른다""…대형주 33% 뛸때 소형주 14% 하락",2026.06.01 17:48,tech_future,2026-06-01
2차전지,달리는 말에 올라타자…LG 그룹 계열사 ‘줍줍’ [주식 초고수는 지금],2026.06.01 10:54,tech_future,2026-06-01
반도체,할인액만큼 온누리상품권 … 삼성전자의 새로운 상생모델 [사설],5분 전,tech_future,2026-06-26
반도체,"OECD ""韓 잠재성장률 계속 하락""… 반도체 착시에 대한 경고 [사설]",5분 전,tech_future,2026-06-26
반도체,새 총리 후보에 한성숙 … 민심 듣고 균형 잡는 책임총리 되길 [사설],5분 전,tech_future,2026-06-26
반도체,[매일경제TV] 지방선거 이후 주도주는,34분 전,tech_future,2026-06-26
반도체,“무엇이든 케이블 하나로 다 연결”…이스라엘 미래차의 진화,2시간 전,tech_future,2026-06-26
반도체,파주 AIDC 1동 벌써 완판…LGU+ “2030년 수주 5조”,2시간 전,tech_future,2026-06-26
반도체,"2030 ‘영끌’ 동탄으로 몰렸다…삼전닉스 성과급에 늘어난 유동성, 부동산으로",3시간 전,tech_future,2026-06-26
반도체,"“다른 곳도 많은데 왜?”…최태원·젠슨황 7번째 공개 데이트, 또 깐부치킨",4시간 전,tech_future,2026-06-26
반도체,PC방에서 누구 만났나…두산 시구보다 더 눈길 쓰는 젠슨황 동선,4시간 전,tech_future,2026-06-26
반도체,"“황형, 정말 한식 좋아하시네요”…삼겹살·치맥 이어 삼계탕 맛집 찾은 젠슨 황",5시간 전,tech_future,2026-06-26
반도체,“삼전·하닉보다 더 올랐다며?”…개미들 검색 1위 오른 또 하나의 ‘삼전’,5시간 전,tech_future,2026-06-26
반도체,삼전닉스·KB금융 말고 다 바뀌었대…코스피 상위 10위 격변,6시간 전,tech_future,2026-06-26
반도체,"“이번 월요일엔 계좌 못 볼 것 같네요”…美 반도체 폭락, 코스피에도 ‘전운’",6시간 전,tech_future,2026-06-26
반도체,"삼성·하이닉스, 2분기 또 ‘돈방석’…영업이익 150조 예상된다는데",7시간 전,tech_future,2026-06-26
반도체,"“더 간다” VS “조정장 온다”…“코스피 만이천피 간다” 파격 전망도, 변수는",8시간 전,tech_future,2026-06-26
반도체,"“삼전닉스 엄빠들, 부가부 정도는 끌어야지”…반도체 벨트 명품 유모차 불티",9시간 전,tech_future,2026-06-26
반도체,삼성이 ‘전국민 성과급’ 쏜다…구매액 20% 온누리상품권으로 환급,10시간 전,tech_future,2026-06-26
반도체,“연봉 1억이라더니 월급은 670만원?” … AI가 계산한 유리지갑의 비밀,12시간 전,tech_future,2026-06-26
반도체,“나라곳간 걱정 잠시 접어둬”…반도체 호황에 초과세수 최대 70조,21시간 전,tech_future,2026-06-26
반도체,"젠슨 황, 韓 예능서 터진 ‘흥’... 유재석과 ‘브로맨스’(유퀴즈)",21시간 전,tech_future,2026-06-26
반도체,美반도체 지수 5일 하루에만 10% 폭락.. 삼전닉스 괜찮을까,2026-06-06 16:21:25,tech_future,2026-06-06
반도체,"“너만 혼자 거지될래?”…예금 깨고 나온 돈, 우주항공·AI ETF로 향한다",2026-06-06 15:26:19,tech_future,2026-06-06
반도체,"“돈 퍼부어 코스피만 올리면 되나”…안철수, 이 대통령에 ‘환율 대책 TF’ 요구",2026-06-06 15:01:06,tech_future,2026-06-06
반도체,서울 아파트 전세 상승률 작년 6배…경기권은 반도체 경기 호황에 ‘들썩’,2026-06-06 13:27:32,tech_future,2026-06-06
반도체,월가 퀀트 출신이 만든 RWA 플랫폼 ‘베리에이셔널’…“올 여름 일반 공개”,2026-06-06 12:14:09,tech_future,2026-06-06
반도체,"“이재명 대통령, 진보층에 중도·온건 보수층까지 흡수”…日언론이 평가한 1년",2026-06-06 11:10:21,tech_future,2026-06-06
반도체,"‘막판 대역전’ 오세훈, 사상 첫 5선 서울시장 새역사 썼다 [이번주인공]",2026-06-06 10:04:19,tech_future,2026-06-06
반도체,제대로 된 싱크탱크가 없다…정부 출연 국책연구기관 ‘S등급’ 전멸,2026-06-06 08:51:15,tech_future,2026-06-06
반도체,“반도체 힘든데 설마 K배터리까지?”…일본 ‘조립식공장’에 긴장,2026-06-06 07:41:33,tech_future,2026-06-06
반도체,"매경이 전하는 세상의 지식 (매-세-지, 6월 6일)",2026-06-06 07:00:00,tech_future,2026-06-06
반도체,“코스피 구해줄 건 형밖에 없어”…젠슨 황 동선추적 사이트 떴다,2026-06-06 06:43:55,tech_future,2026-06-06
반도체,"“코스피 로봇 대장주, 다들 아시죠?”...‘현대차 이름표’ 단 ETF 봇물",2026-06-06 06:14:32,tech_future,2026-06-06
반도체,“수익률 40%라더니 겨우 원금 회복?” … 변액보험 통장 열어보고 ‘깜짝’,2026-06-06 05:00:00,tech_future,2026-06-06
반도체,전부 반도체에 올인할 때 … 버핏 후계자는 ‘여기’ 베팅했다,2026-06-06 05:00:00,tech_future,2026-06-06
반도체,"버터플라이네트워크, 매출 50% 성장 목표 제시에도 수익성 불투명 우려로 급락",2026-06-06 04:51:22,tech_future,2026-06-06
반도체,“미사일 떨어진 자리에 돈 몰린다” … 전쟁 끝나면 열릴 ‘26조 시장’,2026-06-06 04:00:00,tech_future,2026-06-06
반도체,"브로드컴, AI 반도체 매출 두 배 넘게 급증했는데도 주가는 왜 빠졌나",2026-06-06 00:31:38,tech_future,2026-06-06
반도체,"""韓에 선물로 엔비디아 4개사업 가져와""",2026-06-05 23:21:43,tech_future,2026-06-05
반도체,"위스키 인터내셔널 홀딩, 자회사 WISeSat 나스닥 상장 위한 SEC 수정 등록서류 제출",2026-06-05 22:13:54,tech_future,2026-06-05
반도체,"최태원이 말아준 소맥, 젠슨 황은 깻잎쌈…고깃집서 ‘K-회동’ [현장]",2026-06-05 20:14:17,tech_future,2026-06-05
반도체,최태원·구광모·이해진과 ‘삼소 회동’…젠슨 황 “아주 많은 비즈니스 가져왔다” [영상],2026-06-05 19:27:45,tech_future,2026-06-05
반도체,"유나이티드 마이크로일렉트로닉스, 5월 매출 229억 대만달러..전년비 18% 증가",2026-06-05 19:10:31,tech_future,2026-06-05
반도체,원화값 1555원까지 밀려 … 외국인 주식 팔고 수출기업은 환전 늦춰,2026-06-05 17:58:22,tech_future,2026-06-05
반도체,美브로드컴이 불지핀 반도체株 단기 고점론 … 삼전닉스 숨고르기,2026-06-05 17:58:22,tech_future,2026-06-05
반도체,"""젠슨황 오는곳마다 주가 뜨네"" … '동선 추적 사이트' 인기몰이",2026-06-05 17:55:35,tech_future,2026-06-05
반도체,'영업익 N%' 역습 … 중기는 등골 휜다,2026-06-05 17:52:52,tech_future,2026-06-05
반도체,스페이스X 상장 前 … 자금 블랙홀 현실로,2026-06-05 17:52:51,tech_future,2026-06-05
반도체,현대차 '이름표' 달린 ETF도 쏟아진다,2026-06-05 17:51:42,tech_future,2026-06-05
반도체,국책硏 'S등급' 전멸 … KDI 등 12곳은 B등급,2026-06-05 17:46:21,tech_future,2026-06-05
반도체,한·세르비아 CEPA 체결 반도체·가전 관세 철폐,2026-06-05 17:46:20,tech_future,2026-06-05
반도체,4월 경상수지 283억달러 '역대 2위',2026-06-05 17:46:18,tech_future,2026-06-05
반도체,"""직원들이 삼전닉스 얘기만…"" 박탈감 커지는 中企",2026-06-05 17:45:50,tech_future,2026-06-05
반도체,"""스페이스X 상장땐 빅테크서 950억弗 이탈""…K반도체株도 비상",2026-06-05 17:45:19,tech_future,2026-06-05
반도체,'5조 사회환원 약속' 삼성 통크게 쏜다,2026-06-05 17:36:57,tech_future,2026-06-05
반도체,개각 임박…포용적 국정운영 뒷받침할 인선을 [사설],2026-06-05 17:24:10,tech_future,2026-06-05
반도체,젠슨황 만나는 K-제조업 '피지컬 AI' 퍼스트무버로 [사설],2026-06-05 17:24:10,tech_future,2026-06-05
반도체,[필동정담] K자 양극화,2026-06-05 17:24:09,tech_future,2026-06-05
반도체,노동장관 “초과이익 분배는 재투자…협력사와 나눠야”,2026-06-05 17:20:02,tech_future,2026-06-05
반도체,7개월 만에 한국을 다시 찾은 젠슨 황 엔비디아 CEO,2026-06-05 17:07:45,tech_future,2026-06-05
반도체,“반도체 벨트 뜨겁네”...동탄 집값 상승률 1위 [호모 집피엔스],2026-06-05 17:02:16,tech_future,2026-06-05
반도체,서울 보다 매섭다…삼전닉스 ‘셔세권’ 집값 들썩,2026-06-05 16:56:52,tech_future,2026-06-05
반도체,‘불기둥’ 뿜고 숨고르기…희비 엇갈린 소부장株,2026-06-05 16:52:02,tech_future,2026-06-05
반도체,고환율에 희비 갈린 산업계…‘반도체·조선’ 웃고 ‘항공·석화’ 울상,2026-06-05 16:23:53,tech_future,2026-06-05
반도체,15억짜리 그래픽카드 나왔다…젠슨 황·페이커 무슨 짓 했길래,2026-06-05 16:20:40,tech_future,2026-06-05
반도체,"美, 안보에 민감한 연구 규제했더니 경쟁력 줄었다",2026-06-05 16:19:28,tech_future,2026-06-05
반도체,반도체 떼돈 벌어도 금융위기급 고환율…어디까지 오를까,2026-06-05 16:11:06,tech_future,2026-06-05
반도체,"“한국의 일론 머스크 키울 것” DGIST, 전주기 AI 인재 양성안 발표",2026-06-05 16:07:55,tech_future,2026-06-05
반도체,‘검은 금요일’ 코스피 5%대 급락해 8160 마감…코스닥도 4.5% 내려,2026-06-05 15:54:33,tech_future,2026-06-05
반도체,[김미림의 HR스토리] 연구하고 개발하며 창작하는 인공지능(AI) 전문가 이제현 실장,2026-06-05 15:50:35,tech_future,2026-06-05
반도체,방한날 줄하락한 젠슨황 수혜株 …초고수는 종일 집중매수 [주식 초고수는 지금],2026-06-05 15:45:54,tech_future,2026-06-05
반도체,발칸반도 첫 경제동맹… 한-세르비아 CEPA 전격 타결,2026-06-05 15:19:44,tech_future,2026-06-05
반도체,ADR 뭐기에…‘美 상장 티켓’ 떠오르나,2026-06-05 15:10:46,tech_future,2026-06-05
반도체,"이번엔 ‘삼소 회동’…젠슨 황, 홍대서 최태원·구광모 만난다",2026-06-05 15:08:09,tech_future,2026-06-05
반도체,“고점에 올라탔는데 어쩌죠”…삼성전기·LG이노텍 ‘급브레이크’,2026-06-05 15:03:29,tech_future,2026-06-05
반도체,"“구매액 20%, 상품권으로 드려요”…삼성전자, 4000억 통큰 보답",2026-06-05 15:00:00,tech_future,2026-06-05
반도체,집안싸움에 무너진 삼전 최대노조…‘과반 노조’ 지위 상실,2026-06-05 14:49:54,tech_future,2026-06-05
반도체,2030 관심사는 ‘반도체·주식’…고공행진 코스피 탄 트렌드 [알고리즘 Up&Down],2026-06-05 14:41:20,tech_future,2026-06-05
반도체,‘커다란 칩’ 앞세워 반도체 상식 뒤집다 [미장 보석주],2026-06-05 14:30:22,tech_future,2026-06-05
반도체,‘금리 인상’ 정해진 미래…영끌·빚투족 비상,2026-06-05 14:12:23,tech_future,2026-06-05
반도체,삼전닉스 무섭게 추격한다...낸드 존재감 키우는 中,2026-06-05 14:11:10,tech_future,2026-06-05
반도체,[속보] 젠슨 황 “한국에 몇가지 깜짝 선물 준비돼 있어”,2026-06-05 13:51:12,tech_future,2026-06-05
반도체,"삼일PwC, 신임 대표·부대표 인사...AI·글로벌 전문가 전진배치",2026-06-05 13:50:09,tech_future,2026-06-05
반도체,"“2670조 스페이스X 상장, 어디서 사냐고요?” … 우주 ETF 3종 투자법",2026-06-05 13:40:37,tech_future,2026-06-05
반도체,"“지금이 돈 벌 기회라고”…공매도에 사상 최대 자금 몰려, 주요 종목보니",2026-06-05 12:52:05,tech_future,2026-06-05
반도체,"삼성전기, `기판도 깐부다` 증권사 발표에 강세",2026-06-05 11:32:51,tech_future,2026-06-05
반도체,"‘몸이 열 개라도 부족하겠네’…젠슨 황, 오늘 방한해 ‘AI·자율주행·로봇’ 초밀착 행보",2026-06-05 11:27:20,tech_future,2026-06-05
반도체,"깐부치킨 이어 이번엔 ‘형님’…젠슨 황, 오늘 밤 홍대서 삼겹살에 소주 마신다",2026-06-05 11:23:36,tech_future,2026-06-05
반도체,"흔들리는 SK하이닉스·네이버, 초고수는 담았다[주식 초고수는 지금]",2026-06-05 11:16:12,tech_future,2026-06-05
반도체,만년 저평가 뚫고 불기둥…LG의 시간이 왔다 [스페셜 리포트],2026-06-05 11:03:05,tech_future,2026-06-05
반도체,머니무브 가속…모험자본 마중물로,2026-06-05 10:35:01,tech_future,2026-06-05
반도체,개인 자금 모아 초대형 IB 실탄으로,2026-06-05 10:31:48,tech_future,2026-06-05
반도체,[MK 골든크로스 돌파종목 : 현대백화점(069960) & 팸텍(271830)],2026-06-05 10:16:24,tech_future,2026-06-05
반도체,"[MK시그널] 한솔테크닉스, 반도체 부품 시장 진출 및 중장기 실적 성장 기대감 등에 주가 상승세, MK시그널 추천 후 상승률 15.18%",2026-06-05 10:16:04,tech_future,2026-06-05
반도체,"7개월 만에 한국 방문 젠슨 황, 첫 일정은 PC방…누구 만나길래",2026-06-05 09:56:09,tech_future,2026-06-05
반도체,"“휴전도 했는데 왜?” … 1550원 뛰어넘은 환율, 공포 키우는 3가지 변수",2026-06-05 09:52:46,tech_future,2026-06-05
반도체,[MK 부동산단신] 동수원 사거리코너 건물 ‘통’ 임대,2026-06-05 09:35:21,tech_future,2026-06-05
반도체,“지방선거 끝났다고 계좌가 시퍼렇네요”…코스피 ‘패닉셀링’ 5%대 급락,2026-06-05 09:33:22,tech_future,2026-06-05
반도체,‘검은 금요일’ 코스피 5%대 급락…반도체 투톱 ‘휘청’,2026-06-05 09:27:51,tech_future,2026-06-05
반도체,구윤철 “금융·외환시장 변동성 확대…각별히 경각심 갖고 대응중”,2026-06-05 09:27:39,tech_future,2026-06-05
반도체,‘브로드컴 쇼크’에 혼조 마감…다우 1.7%↑·나스닥 0.1%↓[뉴욕증시],2026-06-05 09:21:33,tech_future,2026-06-05
반도체,"5거래일간 104→153→110만원…LG이노텍, 증권가는 “200만원 간다” [오늘 나온 보고서]",2026-06-05 09:18:49,tech_future,2026-06-05
반도체,“고점에 물렸는데 어떡하죠”…삼성전기 21%·LG이노텍 35% 급락,2026-06-05 08:55:00,tech_future,2026-06-05
반도체,"18년전 서울대서 나온 ‘대박’ 예언…젠슨 황 “CPU 성능 한계, GPU로 극복”",2026-06-05 08:47:19,tech_future,2026-06-05
반도체,"“LG화학, ‘화학·배터리’ 양날개 달고 몸값 쑥”…목표가↑",2026-06-05 08:26:04,tech_future,2026-06-05
반도체,[속보] 4월 경상수지 282.9억 달러 ‘흑자’…반도체 호조에 36개월 연속 흑자,2026-06-05 08:01:08,tech_future,2026-06-05
반도체,홍대입구 난리나겠네…젠슨황 오늘 재계 총수들과 ‘삼겹살 소주 회동’,2026-06-05 07:58:56,tech_future,2026-06-05
반도체,"젠슨 황, 칩 대신에 ‘공’ 잡는다…두산베어스 경기서 시구, 타자는?",2026-06-05 07:42:40,tech_future,2026-06-05
반도체,“우주의 기운 모여든 제2의 반도체 ” … K뷰티 신화 만든 3개 축,2026-06-05 05:00:00,tech_future,2026-06-05
반도체,"암테크시스템즈, 반도체 패키징 사업 확대 자금 조달…2026년 흑자전환 전망",2026-06-05 04:50:55,tech_future,2026-06-05
반도체,“20년 걸린다더니 2년내 승부 본다고?” … 이미 시작된 양자컴 전쟁,2026-06-05 04:00:00,tech_future,2026-06-05
반도체,정부 구두개입에도…원화값 1540원대 급락,2026-06-04 23:17:38,tech_future,2026-06-04
반도체,"정의선·최태원·구광모·이해진과 삼겹살에 소주?…젠슨 황, 내일 오후 1시 입국",2026-06-04 22:17:09,tech_future,2026-06-04
반도체,"U.S. 에너지, 빅스카이인더스트리얼로 사명 변경..헬륨·탄소관리 집중",2026-06-04 20:02:11,tech_future,2026-06-04
반도체,“젠슨 황 깐부들도 파랗게 질렸는데”…상한가 찍은 종목 뭐길래,2026-06-04 19:31:16,tech_future,2026-06-04
반도체,“삼전닉스 너무 올랐나”…반도체 넘어 증권주가 반등할 수 있다는데,2026-06-04 19:12:42,tech_future,2026-06-04
반도체,"이페리온엑스, Titan 프로젝트 DFS 완료..세후 NPV 8억달러·IRR 39%",2026-06-04 19:05:09,tech_future,2026-06-04
반도체,"'젠슨황株' 급락한 날, 코스닥은 날았다",2026-06-04 18:05:29,tech_future,2026-06-04
반도체,신한운용 '삼전닉스+α ETF' 순자산 5조,2026-06-04 18:05:29,tech_future,2026-06-04
반도체,"[단독] LG, 엔비디아 블랙월 GPU 1만장 도입",2026-06-04 18:04:54,tech_future,2026-06-04
반도체,"LG이노텍, 반도체기판 베트남공장 증설 MOU",2026-06-04 17:55:05,tech_future,2026-06-04
반도체,최태원 AI반도체 광폭 행보 … TSMC 회장과 대만서 회동,2026-06-04 17:55:04,tech_future,2026-06-04
반도체,"K-AI 반도체, 실증 넘어 수출까지",2026-06-04 17:51:54,tech_future,2026-06-04
반도체,“삼전닉스 놓쳤다면 이 종목” … 1년새 180% 뛴 ‘반도체 설거지’ 기업 [반도체플러스],2026-06-04 17:41:26,tech_future,2026-06-04
반도체,환율 어느새 1540원대까지 …'성공의 비용' 인식 안이하다 [사설],2026-06-04 17:36:04,tech_future,2026-06-04
반도체,[매경데스크] 청년을 중소기업 'AI 전사'로,2026-06-04 17:36:02,tech_future,2026-06-04
반도체,젠슨황 던진 공…박정원이 친다,2026-06-04 17:30:46,tech_future,2026-06-04
반도체,“주식으로 좀 벌어서 하나 샀어”…명품 매장 불티나자 백화점주 ‘신고가’,2026-06-04 17:29:49,tech_future,2026-06-04
반도체,‘경제부총리’에서 ‘대구시장’으로…추경호 당선인 “대구 경제 대혁신 추진”,2026-06-04 17:12:51,tech_future,2026-06-04
반도체,“반도체 공급 부족 오래 간다”…자신감 넘치는 TSMC,2026-06-04 17:05:18,tech_future,2026-06-04
반도체,[매경의 창] 이재용 회장이 사과할 일이었나?,2026-06-04 16:49:17,tech_future,2026-06-04
반도체,구관이 명관…삼전닉스전기 트리오 ‘줍줍’ [주식 초고수는 지금],2026-06-04 16:13:17,tech_future,2026-06-04
반도체,이상일 용인시장 당선자 “저의 재선은 반도체산단 흔들림없는 추진 시민명령”,2026-06-04 16:09:14,tech_future,2026-06-04
반도체,ETF 샀는데 왜 불안할까…답은 '현금흐름'에 있다 [지갑을 불려드립니다],2026-06-04 16:07:01,tech_future,2026-06-04
반도체,"'첨단 반도체 기판' 삼성전기, 삼전닉스 제치고 검색 1위로 [빅데이터로 본 재테크]",2026-06-04 16:05:40,tech_future,2026-06-04
반도체,K패션 '피스피스스튜디오' 8일 코스닥 노크 [위클리 마켓],2026-06-04 16:05:39,tech_future,2026-06-04
반도체,반도체 동맹 직접 챙기는 최태원…폭스콘 류양웨이 회장과도 회동,2026-06-04 15:28:43,tech_future,2026-06-04
반도체,‘젠슨 황 효과’ 이번엔 삼겹살·소주?…유통업계 기대감 고조,2026-06-04 15:28:42,tech_future,2026-06-04
반도체,첫 일정으로 KENTECH 찾는 민형배…총장 선임도 관심,2026-06-04 15:00:53,tech_future,2026-06-04
반도체,"“AI 산업, 더 빠른 HBM 더 큰 GPU보다 오케스트레이션 주목”",2026-06-04 14:32:58,tech_future,2026-06-04
반도체,"한미반도체, 컴퓨텍스 2026 첫 참가…글로벌 AI 공급망 정조준",2026-06-04 14:30:38,tech_future,2026-06-04
반도체,"[속보] 젠슨 황, 내일 오후 김포공항 통해 입국한다",2026-06-04 14:25:29,tech_future,2026-06-04
반도체,시스코 “AI 투자 멈추면 멸종”[시스코 라이브 2026],2026-06-04 14:18:19,tech_future,2026-06-04
반도체,[홍장원 특파원의 월스트리트 인사이트] 장기금리 상승의 역습에도 시장 관심이 여전히 반도체·AI인 이유,2026-06-04 14:18:08,tech_future,2026-06-04
반도체,[속보]동탄 집값 나홀로 질주…서울 숨고르기에도 0.60% 급등,2026-06-04 14:00:00,tech_future,2026-06-04
반도체,‘필라델피아반도체3배’ 팔고 ‘삼전닉스2배’ 살래,2026-06-04 13:55:04,tech_future,2026-06-04
반도체,“올해만 583% 급등”…일학개미 1픽은 ‘키옥시아’,2026-06-04 13:52:32,tech_future,2026-06-04
반도체,“日 자동차 7개 다 합해도 삼전닉스 10분의 1”…韓기업 순익 18년만에 日 추월,2026-06-04 11:45:06,tech_future,2026-06-04
반도체,"“삼성전자, 몇억 벌 수 있었는데”…박정수, 주식 투자 실패담 고백",2026-06-04 11:38:00,tech_future,2026-06-04
반도체,"커니 AI.X, 제조업 ‘AI 두뇌’ 만든다…전담 조직 신설",2026-06-04 11:18:01,tech_future,2026-06-04
반도체,"6억원 vs 600만원…삼성전자 ‘성과급 전쟁’ 뒤 남은 박탈감, 해법은 [기자24시]",2026-06-04 10:58:02,tech_future,2026-06-04
반도체,무너지는 비트코인…6월에만 14% 폭락 [매일코인],2026-06-04 10:47:10,tech_future,2026-06-04
반도체,“코스피 1만2000”…골드만삭스 “단기 조정은 매수 기회”,2026-06-04 10:26:40,tech_future,2026-06-04
반도체,삼전닉스 다음 타자는 바로 나?…반도체 소부장주 장 초반 강세 [매경 자이앤트],2026-06-04 10:21:32,tech_future,2026-06-04
반도체,중동위기에 주목받는 LNG…K조선 담았다 [주식 초고수는 지금],2026-06-04 10:15:37,tech_future,2026-06-04
반도체,“이러다 젠슨 황 사생팬 나오겠네”…동선 추적 사이트 5만명 돌파,2026-06-04 09:51:41,tech_future,2026-06-04
반도체,"[MK시그널] ISC, AI 반도체 테스트 소켓 및 HBM 시장 성장 기대감 등에 주가 상승세... MK시그널 추천 후 상승률 25.75% 기록",2026-06-04 09:42:12,tech_future,2026-06-04
반도체,"특징주, 코아스-DMZ 평화공원 테마 상승세에 9.55% ↑",2026-06-04 09:28:19,tech_future,2026-06-04
반도체,"특징주, 하나마이크론-시스템반도체 테마 상승세에 5.8% ↑",2026-06-04 09:28:08,tech_future,2026-06-04
반도체,"특징주, LB세미콘-시스템반도체 테마 상승세에 5.23% ↑",2026-06-04 09:27:58,tech_future,2026-06-04
반도체,"특징주, 티씨케이-반도체 재료/부품 테마 상승세에 7.77% ↑",2026-06-04 09:27:58,tech_future,2026-06-04
반도체,"특징주, 인텍플러스-반도체 기판(FC-BGA/PCB/MLB 등) 테마 상승세에 5.08% ↑",2026-06-04 09:27:58,tech_future,2026-06-04
반도체,"특징주, 미코-온실가스(탄소배출권)/탄소 포집·활용 테마 상승세에 5.17% ↑",2026-06-04 09:27:48,tech_future,2026-06-04
반도체,"특징주, 코위버-5G 테마 상승세에 6.48% ↑",2026-06-04 09:27:48,tech_future,2026-06-04
반도체,"특징주, 리노공업-시스템반도체 테마 상승세에 5.93% ↑",2026-06-04 09:27:48,tech_future,2026-06-04
반도체,"특징주, 케이엔솔-코로나19(음압병실/음압구급차) 테마 상승세에 6.94% ↑",2026-06-04 09:27:38,tech_future,2026-06-04
반도체,"특징주, 프로텍-LED장비 테마 상승세에 7.73% ↑",2026-06-04 09:27:38,tech_future,2026-06-04
반도체,"특징주, 에스에프에이-반도체 장비 테마 상승세에 2.92% ↑",2026-06-04 09:27:38,tech_future,2026-06-04
반도체,"특징주, KX하이텍-반도체 재료/부품 테마 상승세에 10.56% ↑",2026-06-04 09:27:28,tech_future,2026-06-04
반도체,"특징주, 코아시아-시스템반도체 테마 상승세에 5.47% ↑",2026-06-04 09:27:17,tech_future,2026-06-04
반도체,"특징주, 이오테크닉스-HBM(고대역폭메모리) 테마 상승세에 8.45% ↑",2026-06-04 09:27:07,tech_future,2026-06-04
반도체,"특징주, 한미반도체-시스템반도체 테마 상승세에 5.44% ↑",2026-06-04 09:27:07,tech_future,2026-06-04
반도체,"특징주, 주성엔지니어링-LED장비 테마 상승세에 13.0% ↑",2026-06-04 09:26:57,tech_future,2026-06-04
반도체,"특징주, 삼지전자-5G 테마 상승세에 6.28% ↑",2026-06-04 09:26:57,tech_future,2026-06-04
반도체,"특징주, 심텍홀딩스-반도체 기판(FC-BGA/PCB/MLB 등) 테마 상승세에 6.37% ↑",2026-06-04 09:26:47,tech_future,2026-06-04
반도체,"특징주, 에이치엠넥스-반도체 장비 테마 상승세에 12.08% ↑",2026-06-04 09:26:46,tech_future,2026-06-04
반도체,"특징주, 위지트-반도체 재료/부품 테마 상승세에 5.0% ↑",2026-06-04 09:26:36,tech_future,2026-06-04
반도체,"특징주, 엠케이전자-소캠(SOCAMM) 테마 상승세에 6.16% ↑",2026-06-04 09:26:36,tech_future,2026-06-04
반도체,"특징주, 피에스케이홀딩스-HBM(고대역폭메모리) 테마 상승세에 17.1% ↑",2026-06-04 09:26:26,tech_future,2026-06-04
반도체,"특징주, 에스에이엠티-반도체 재료/부품 테마 상승세에 4.24% ↑",2026-06-04 09:26:26,tech_future,2026-06-04
반도체,"특징주, 미래산업-반도체 장비 테마 상승세에 7.89% ↑",2026-06-04 09:26:16,tech_future,2026-06-04
반도체,"특징주, SKC-유리 기판 테마 상승세에 6.63% ↑",2026-06-04 09:26:06,tech_future,2026-06-04
반도체,"특징주, 한솔케미칼-반도체 재료/부품 테마 상승세에 5.8% ↑",2026-06-04 09:26:06,tech_future,2026-06-04
반도체,"특징주, 동진쎄미켐-日 수출 규제 테마 상승세에 10.81% ↑",2026-06-04 09:25:45,tech_future,2026-06-04
반도체,"특징주, 디아이-시스템반도체 테마 상승세에 6.37% ↑",2026-06-04 09:25:35,tech_future,2026-06-04
반도체,“시장 조정은 매수 기회”…코스피 목표치 ‘1만 피’ 훌쩍 뛰어넘는 전망 잇따라,2026-06-04 09:24:34,tech_future,2026-06-04
반도체,중동 긴장 재고조…3대 지수 동반 하락 [뉴욕증시],2026-06-04 09:20:08,tech_future,2026-06-04
반도체,"李정부 2년차, 리콴유의 예언 [김세형칼럼]",2026-06-04 09:01:52,tech_future,2026-06-04
반도체,"“비 내린다, 주식 들어가세요”…이 나라에선 미신 아닌 공식입니다 [오늘 나온 보고서]",2026-06-04 08:45:37,tech_future,2026-06-04
반도체,"“우리도 깐부”…최태원 회장, TSMC 웨이저자 회장과 대만서 회동",2026-06-04 08:39:00,tech_future,2026-06-04
반도체,"[美공시]브로드컴, 2026 회계연도 2분기 매출 48% 증가로 사상 최대 실적 달성 및 분기 배당금 발표",2026-06-04 08:37:44,tech_future,2026-06-04
반도체,"“그만 징징대고 퇴사해” 조롱댓글…반도체 대기업 신입, 신상 파묘 당해",2026-06-04 08:34:06,tech_future,2026-06-04
반도체,“엔비디아♥네이버” “차기 1조 달러 기업”…젠슨 황 한마디에 뛰는 주가,2026-06-04 08:30:05,tech_future,2026-06-04
반도체,서학개미도 “돈 벌려면 국장”…SOXL 팔고 삼전닉스 2배로 ‘귀화’,2026-06-04 08:05:50,tech_future,2026-06-04
반도체,일본 경제성장률 깎은 OECD…한국은 1.7→2.6% 상향했다,2026-06-04 06:25:37,tech_future,2026-06-04
반도체,"재계 총수 만나고 예능 출연에 잠실 시구까지…한국 오는 젠슨 황, 광폭행보",2026-06-04 05:46:49,tech_future,2026-06-04
반도체,“AI데이터센터 우리 없으면 못짓습니다”…전기차 갈아타는 이 업종,2026-06-04 05:45:48,tech_future,2026-06-04
반도체,"암테크 시스템즈, 신규 공모 추진..반도체 패키징 사업 확대 자금 조달",2026-06-04 05:33:50,tech_future,2026-06-04
반도체,“삼전닉스 지금 들어가기엔 늦었죠”…전력·네트워크·로봇 돈 몰린다,2026-06-04 05:23:50,tech_future,2026-06-04
반도체,"브로드컴, 2분기 매출 222억 달러·전년비 48% 증가",2026-06-04 05:22:49,tech_future,2026-06-04
반도체,“코스닥 죽쑨다? 하반기에 봅시다”…ETF들의 ‘근거있는 자신감’,2026-06-04 05:20:39,tech_future,2026-06-04
반도체,“9천피 눈앞인데 내 계좌는 미지근” … 선거후 봐야 할 ‘증시 3대 변수’,2026-06-04 05:00:00,tech_future,2026-06-04
반도체,“삼전닉스 놓쳤다면 이 종목” … 1년새 180% 뛴 ‘반도체 설거지’ 기업,2026-06-04 05:00:00,tech_future,2026-06-04
반도체,“젠슨 황 물들어오는데 파업”…레미콘 멈추면 삼전닉스 공장도 차질,2026-06-04 03:54:56,tech_future,2026-06-04
반도체,"일본도 “반도체 가즈아”…시총 169위였던 키옥시아, 1년만에 2위로",2026-06-04 03:54:34,tech_future,2026-06-04
반도체,"경기 추미애, 첫 女광역단체장 … 박찬대, 4년만에 인천 탈환",2026-06-04 01:55:03,tech_future,2026-06-04
반도체,이변없는 경북 … 이철우 3선 고지,2026-06-03 23:58:59,tech_future,2026-06-03
반도체,양향자 “민심은 언제나 옳다…추미애 후보에게 축하 전해”,2026-06-03 23:43:41,tech_future,2026-06-03
반도체,"나비타스반도체, 엔비디아와 800V 랙 아키텍처 공동 개발 발표로 급등",2026-06-03 23:12:02,tech_future,2026-06-03
반도체,학생수 줄어드는데 …교육교부금 10년새 2배,2026-06-03 21:27:23,tech_future,2026-06-03
반도체,"USA 레어 어스, CHIPS 프로그램 통해 최대 16억 달러 자금 확보",2026-06-03 21:24:56,tech_future,2026-06-03
반도체,"日도 AI 열풍 … 키옥시아 시총, 한때 도요타 제쳐",2026-06-03 20:49:04,tech_future,2026-06-03
반도체,"OECD, 올해 韓성장률 1.7% → 2.6% 상향",2026-06-03 20:44:57,tech_future,2026-06-03
반도체,"전력으로, 로봇으로 … AI 투자 전방위 확산",2026-06-03 20:31:47,tech_future,2026-06-03
반도체,'美반도체 3배' 팔아치운 서학개미,2026-06-03 20:30:15,tech_future,2026-06-03
반도체,"""코스피 1만2000까지 상승할것"" 한달만에 또 올린 골드만삭스",2026-06-03 20:30:14,tech_future,2026-06-03
반도체,"[김세형칼럼] 李정부 2년차, 리콴유의 예언",2026-06-03 20:19:39,tech_future,2026-06-03
반도체,[기자24시] 지금 삼성전자에 필요한 일,2026-06-03 20:19:38,tech_future,2026-06-03
반도체,삼성전자 글로벌 시총 '톱10'… 상상을 현실로 만들었다 [사설],2026-06-03 20:14:11,tech_future,2026-06-03
반도체,레미콘 운송조합 8일 파업 … 수도권 반도체팹 공사 비상,2026-06-03 20:12:39,tech_future,2026-06-03
반도체,"""AI 데이터센터 잡아라""… 동박3사 속도전",2026-06-03 19:50:21,tech_future,2026-06-03
반도체,"""AI 메모리 부족, 데이터 이동거리 줄여 해결""",2026-06-03 19:50:20,tech_future,2026-06-03
반도체,"900조원 글로벌 시장에 한 획 그었다 … K뷰티, 메가 브랜드 키워야 100년 간다",2026-06-03 19:17:03,tech_future,2026-06-03
반도체,"유나이티드마이크로일렉트로닉스, 160억 대만달러 전환사채 발행에 주식 희석 우려 부각",2026-06-03 19:11:00,tech_future,2026-06-03
반도체,“AI 데이터센터 메모리 사용량 확 줄일 것”... 韓팹리스 엑시나 인터뷰,2026-06-03 19:10:28,tech_future,2026-06-03
반도체,"유나이티드 마이크로일렉트로닉스, 160억 대만달러 규모 무보증 전환사채 발행 결의",2026-06-03 19:07:10,tech_future,2026-06-03
반도체,"“1.7%→2.6%”…OECD, 올해 韓 경제성장률 상향 전망",2026-06-03 16:20:04,tech_future,2026-06-03
반도체,‘만이천피’ 예언한 골드만삭스…“이것도 보수적 전망”이라는데,2026-06-03 15:56:26,tech_future,2026-06-03
반도체,"“그 동네 셔틀 가나요?”…‘반도체 머니’ 넘치는 동탄, 부동산 실검도 싹쓸이",2026-06-03 15:00:48,tech_future,2026-06-03
반도체,"젠슨 황, 한국 AI 스타트업들도 만난다...업스테이지 참석 예정",2026-06-03 14:50:32,tech_future,2026-06-03
반도체,‘코스피 리딩방장’ 젠슨 황 덕에…로봇주 올해에만 155% 질주했다,2026-06-03 14:21:06,tech_future,2026-06-03
반도체,"“韓 반도체 의존, 사우디 석유보다 심해”…‘초과세수 샴페인’ 경고한 거시경제통",2026-06-03 13:31:26,tech_future,2026-06-03
반도체,“젠슨 황 온다” 로봇주 150% 급등…하반기 글로벌 호재 대기,2026-06-03 12:09:17,tech_future,2026-06-03
반도체,“스페이스X 사려고 삼전닉스 던졌다고?”…외국인 매도폭탄 한 발 더 남았다,2026-06-03 10:58:00,tech_future,2026-06-03
반도체,"“테슬라 긴장해”…삼성전자, 메타 제치고 세계 시총 10위",2026-06-03 10:38:05,tech_future,2026-06-03
반도체,"“올해에만 20회 발동”…‘사이드카’ 금융위기 이후 최다, 이유가",2026-06-03 10:20:27,tech_future,2026-06-03
반도체,코스피 랠리 속 증권주 뒷걸음질…주도주 쏠림·금리 변동성 탓,2026-06-03 10:01:26,tech_future,2026-06-03
반도체,한날한시 ‘AI 직원’ 꺼낸 MS·오픈AI…‘챗GPT 동맹’ 깨고 경쟁자로,2026-06-03 09:32:33,tech_future,2026-06-03
반도체,젠슨 황 방한…‘누구’와 ‘어디’서 만나 ‘무슨’ 대화 나눌까,2026-06-03 08:53:54,tech_future,2026-06-03
반도체,[르포] “초등학교 걸어서 3분? 맹모 마음 녹인다”…천안 ‘백석시그니처 자이’ 가보니,2026-06-03 07:51:08,tech_future,2026-06-03
반도체,AI랠리에 美증시 최고가 행진...젠슨황 효과에 마벨 33%[월가월부],2026-06-03 06:08:29,tech_future,2026-06-03
반도체,“선거 테마주? 삼전닉스나 더 사라”…깐부株 앞에 존재감 실종,2026-06-03 05:55:36,tech_future,2026-06-03
반도체,"PC 시대 윈도처럼…MS, ‘AI 에이전트 OS’ 정조준 [MS 빌드]",2026-06-03 05:10:22,tech_future,2026-06-03
반도체,"USA 레어 어스, 사우스캐롤라이나 12억 달러 희토류 공장 건설",2026-06-02 22:15:56,tech_future,2026-06-02
반도체,‘슈퍼사이클’ 올라탄 낸드…삼성전자 1위·中 YMTC 맹추격,2026-06-02 20:22:00,tech_future,2026-06-02
반도체,"불닭 반도체, 진짜 반도체엔 안되네…삼양식품 9거래일째 급락",2026-06-02 20:13:13,tech_future,2026-06-02
반도체,"솔AI, 싱가포르 AI 노드 기업 NEURALAND 51% 지분 인수 완료",2026-06-02 19:46:58,tech_future,2026-06-02
반도체,"시퀀스 커뮤니케이션즈, 19년 근속 데보라 초아트 CFO 은퇴·노먼 브로트 승계",2026-06-02 19:12:57,tech_future,2026-06-02
반도체,"고레로보틱스, ‘엔비디아 GTC 타이페이 2026’ 스타트업 데이 무대 올라",2026-06-02 18:30:05,tech_future,2026-06-02
반도체,"젠슨 황 ""HBM 더 많이 만들어달라""",2026-06-02 17:56:22,tech_future,2026-06-02
반도체,"삼성, HBM5 세계 첫 공개 … 하이닉스 ""생산능력 전속력 확대""",2026-06-02 17:56:21,tech_future,2026-06-02
반도체,중국판 삼전닉스 등판 예고…창신·양쯔메모리 올해 상장 [특파원 인사이트],2026-06-02 17:54:02,tech_future,2026-06-02
반도체,"구글, 120조원 유상증자 … AI '쩐의 전쟁' 계속된다",2026-06-02 17:53:43,tech_future,2026-06-02
반도체,"최태원 ""2030년까지 메모리 부족 … 하이닉스 생산능력 5년 내 2배로""",2026-06-02 17:53:42,tech_future,2026-06-02
반도체,"판 커지는 AI 베팅 … 4대 빅테크, 올 '1천조원' 쏟아붓는다",2026-06-02 17:53:10,tech_future,2026-06-02
반도체,1조달러 상장 레이스 … 오픈AI에 선수 친 앤스로픽,2026-06-02 17:53:09,tech_future,2026-06-02
반도체,선거테마주 시들…'젠슨황 깐부株' 살래요,2026-06-02 17:51:18,tech_future,2026-06-02
반도체,"""반도체, 축복이지만 리스크도 커졌다 … 구조개혁 잊지말라""",2026-06-02 17:47:12,tech_future,2026-06-02
반도체,'원화 약세=경제 위기' 공식 흔들린 3가지 이유,2026-06-02 17:46:27,tech_future,2026-06-02
반도체,"[매일경제TV] 6월 증시, 반도체 독주 이어질까",2026-06-02 17:46:15,tech_future,2026-06-02
반도체,[손현덕칼럼] 삼전닉스의 블랙스완,2026-06-02 17:36:30,tech_future,2026-06-02
반도체,"'반도체 셔세권' 집값 뛰자 與후보도 ""재산세 완화""",2026-06-02 17:29:32,tech_future,2026-06-02
반도체,삼전닉스 EUV 도입…최대 25일 빨라진다,2026-06-02 17:01:43,tech_future,2026-06-02
반도체,"“수상한 숫자 20, 닷컴버블과 닮았네”…월가가 주목한 거품 붕괴 신호",2026-06-02 16:49:29,tech_future,2026-06-02
반도체,거버넌스포럼 “삼성전자 반도체 성과급 주주가치 훼손 소지있어”,2026-06-02 16:44:57,tech_future,2026-06-02
반도체,"“메모리 부족 2030년까지 지속, 생산능력 2배 확대”…최태원의 자신감",2026-06-02 16:43:42,tech_future,2026-06-02
반도체,원화값 1510원에도 정부가 느긋한 이유… “반도체 호황이 환율 공포 눌렀다?”,2026-06-02 16:35:07,tech_future,2026-06-02
반도체,‘시총 2000조’ 삼성전자 오르자…지분 보유한 삼성생명도 상승 [매경 자이앤트],2026-06-02 16:25:31,tech_future,2026-06-02
반도체,‘반도체 쏠림’ 우려에도…증권가 “코스피 상승세 이어질 것”,2026-06-02 16:24:07,tech_future,2026-06-02
반도체,"“형, 한국·대만, 어디가 더 특별해요?”질문에…젠슨황 내놓은 대답이",2026-06-02 16:21:05,tech_future,2026-06-02
반도체,"경과원, ‘2026 중소기업 동향 보고서’ 발간…“양적 성장 넘어 질적 전환 필요”",2026-06-02 15:59:38,tech_future,2026-06-02
반도체,“오르는 종목만 오르네”…코스피 9000 바라보고 있지만 쏠림은 심해져,2026-06-02 15:48:01,tech_future,2026-06-02
반도체,"신 아메리칸 드림 실현…22개 한국기업, 텍사스 산업시찰 나선다",2026-06-02 15:45:08,tech_future,2026-06-02
반도체,코스피 질주에 불붙은 빚투…신용잔고 첫 38조원 돌파,2026-06-02 15:38:10,tech_future,2026-06-02
반도체,"무기제조 현장 “스쳐도 중상”… 김영훈 장관, 한화에어로 엄정 조사 지시",2026-06-02 15:15:56,tech_future,2026-06-02
반도체,"“삼전닉스 ‘불기둥’ 대단하네”…한국 증시, 인도 시총 제치고 세계 6위",2026-06-02 15:02:21,tech_future,2026-06-02
빅테크,“구글이 먼저 전기 사갔다”…핵융합 발전소 상용화 성큼,10시간 전,tech_future,2026-06-26
빅테크,젠슨 황 ‘삼소 회동’ 2차는 홍대 ‘수노래방’…전형적인 K-회식 코스,2026.06.05 20:44,tech_future,2026-06-05
빅테크,영생 연구·화성 정복 작전…과학의 탈을 쓴 권력전쟁,2026.06.05 16:53,tech_future,2026-06-05
빅테크,죽음마저 혁신하려는 실리콘밸리 [신간],2026.06.05 16:48,tech_future,2026-06-05
빅테크,신입이 사라지는 시대…다음 전문가는 어디서 나오나 [신간],2026.06.05 16:47,tech_future,2026-06-05
빅테크,"실적 좋은데 카카오는 날 수 없다, 왜?",2026.06.05 15:04,tech_future,2026-06-05
빅테크,"“SNS 전면 금지, 청소년 정신건강 개선 근거 없다”… 오히려 역효과 우려",2026.06.05 10:24,tech_future,2026-06-05
빅테크,"“언제 반등할 수 있을까”…비트코인, 시가 총액 5위→14위로 추락",2026.06.04 22:41,tech_future,2026-06-04
빅테크,"""전기 없어요""… 美데이터센터 절반 첫삽도 못 떠",2026-06-04 17:42:43,tech_future,2026-06-04
빅테크,공장 기계 데이터 분석…장비 이상땐 즉각 감지,2026-06-04 17:32:10,tech_future,2026-06-04
빅테크,“AI 투자 더 해야”…알파벳 20년만에 130조 유상증자,2026-06-04 14:32:16,tech_future,2026-06-04
빅테크,"앤트로픽 ‘미토스’에 쏠린 눈, 27년 묵은 버그도 찾아냈다… 산업의 판을 바꿀까",2026-06-04 10:51:09,tech_future,2026-06-04
빅테크,유재석 만나고 프로야구 시구까지…젠슨황이 한국 찾은 이유,2026-06-03 21:05:52,tech_future,2026-06-03
빅테크,수학자들 “AI 능력 과신하지 말라... 냉정하게 평가해야”,2026-06-03 19:29:59,tech_future,2026-06-03
빅테크,"매경이 전하는 세상의 지식 (매-세-지, 6월 3일)",2026-06-03 07:00:00,tech_future,2026-06-03
빅테크,트럼프 따라하는 유럽 … 불법체류자 추방 확대,2026-06-02 17:53:59,tech_future,2026-06-02
빅테크,기술유출 차단 나선 中 … 대외투자 문턱 높인다,2026-06-02 17:53:59,tech_future,2026-06-02
빅테크,"""AI는 저널리즘 위에 세워졌다 … 수익도 뉴스룸으로 흘러와야""",2026-06-02 17:46:13,tech_future,2026-06-02
빅테크,“상품 판매도 추천도 전부 AI가”…AI 에이전트 커머스 시대 도래,2026-06-02 16:28:12,tech_future,2026-06-02
빅테크,"[Part 2] 반도체 쏠림 韓 증시, 버블인가 | ‘삼전닉스’가 코스피 절반을 차지 반도체 투톱에 기댄 랠리 어디까지?",2026-06-02 14:27:28,tech_future,2026-06-02
빅테크,"요즘 로봇 투자 난리인데…젠슨황, 중국 ‘이 기업’과 손잡았다고?",2026-06-02 14:05:27,tech_future,2026-06-02
빅테크,"“겉보기엔 그냥 안경인데”…AI 글래스, 패션업계 새 격전지로",2026-06-02 10:12:56,tech_future,2026-06-02
빅테크,"매경이 전하는 세상의 지식 (매-세-지, 6월 2일)",2026-06-02 07:00:00,tech_future,2026-06-02
빅테크,메모리 한상자 수출하면 도심 아파트 한채 값 번다…수출 신기록 달성,2026-06-02 06:04:30,tech_future,2026-06-02
빅테크,중국판 삼전닉스 등판 예고 … 창신·양쯔메모리 올해 상장,2026-06-02 04:00:00,tech_future,2026-06-02
빅테크,반도체의 힘! 韓수출 월간신기록,2026-06-01 18:03:15,tech_future,2026-06-01
빅테크,1경원 AI 데이터센터 시장 잡아라 … 전력·냉각업체도 가세,2026-06-01 18:02:41,tech_future,2026-06-01
빅테크,"""내가 ETF 3위""… '국장파' KB vs '美장파' 한투 접전",2026-06-01 18:02:16,tech_future,2026-06-01
빅테크,1년새 7배 뛴 메모리값…韓수출 '서프라이즈',2026-06-01 17:58:35,tech_future,2026-06-01
빅테크,배당금 25배 올린 엔비디아 미국 증시 배당 지형 바꿨다,2026-06-01 17:55:25,tech_future,2026-06-01
빅테크,[충무로에서] 대공황으로 끝맺은 1920년대 증시 광풍,2026-06-01 17:33:53,tech_future,2026-06-01
빅테크,"""진화하는 현대戰, AI를 확보하라"" 실리콘밸리 달군 K 방산·인프라",2026-06-01 16:18:28,tech_future,2026-06-01
빅테크,“반도체주 쓸어담았다”…서학개미 1픽은 마이크론,2026-06-01 15:12:51,tech_future,2026-06-01
빅테크,"AI 패권 경쟁, 서울서 맞붙는다…글로벌 기술강국 집결",2026-06-01 15:06:48,tech_future,2026-06-01
빅테크,"AI가 바꾸는 산업지도…기업들, 에너지 찾아 ‘골드러시’",2026-06-01 14:42:44,tech_future,2026-06-01
빅테크,"차지호 “AI 쓰나미 온다…청년 실업, 부동산보다 더 큰 문제 될 것” [요즘여의섬]",2026-06-01 14:37:56,tech_future,2026-06-01
빅테크,젠슨 황 방한 또다른 수혜주…네이버 연일 급등 [매경 자이앤트],2026-06-01 14:21:39,tech_future,2026-06-01
빅테크,화웨이 1년 R&D 예산을 내부 성과급으로 쓰는 삼성 [논설실 Pick],2026-06-01 12:41:36,tech_future,2026-06-01
빅테크,"파수 AI, 미국 법인 ‘심볼로직’ 공식 출범",2026-06-01 09:50:24,tech_future,2026-06-01
빅테크,"삼전닉스, 이젠 진짜 늦은거죠?”… 가격 보단 ‘칩 사이클’ 알아야",2026-06-01 05:00:00,tech_future,2026-06-01
빅테크,800% 올랐는데 3배 더? … 마이크론 진격에 코스피 웃는 까닭,2026-06-01 04:00:00,tech_future,2026-06-01
빅테크,분기 손실만 7조 내는 기업이 … 2600조짜리로 평가받는 이유,2026-06-01 04:00:00,tech_future,2026-06-01
AI 인프라,23개국 2만4000명 동시 출격… 포스코 ‘글로벌 나눔 위크’ 시동,2시간 전,tech_future,2026-06-26
AI 인프라,상장 앞둔 스페이스X 호재 나왔다…구글에 47조원 GPU임대,2026.06.06 10:17,tech_future,2026-06-06
AI 인프라,"캘리버코스, CFO 제이드 르웅 사임·마이클 로살레스 임시 CFO 임명",2026.06.06 06:27,tech_future,2026-06-06
AI 인프라,"리졸브 AI, 1분기 매출 6000만 달러..연간 가이던스 3.6억 달러 재확인",2026.06.06 06:21,tech_future,2026-06-06
AI 인프라,"라로사홀딩스, 순손실 확대·계속기업 우려에 시장 충격",2026.06.06 06:10,tech_future,2026-06-06
AI 인프라,"하워드 휴즈, 밴티지 그룹 21억 달러 인수 완료..다각화 지주사 전환",2026.06.06 06:03,tech_future,2026-06-06
AI 인프라,"아르코사, 2026년 가이던스 상향..조정 EBITDA 5.5~5.9억 달러",2026.06.06 05:49,tech_future,2026-06-06
AI 인프라,"라 로사 홀딩스, 2025회계연도 매출 17% 증가·6850만 달러..순손실 3041만 달러",2026.06.06 05:48,tech_future,2026-06-06
AI 인프라,"비트마인 이머전 테크놀로지스, 9.5% 배당률 우선주 발행으로 2.7억 달러 조달",2026.06.06 05:32,tech_future,2026-06-06
AI 인프라,"SKK 홀딩스, 6월 22일 임시 주총 개최..주요 안건 결의 예정",2026.06.06 04:46,tech_future,2026-06-06
AI 인프라,"메타, 1450억 달러 AI 투자에 주식 발행 검토 소식…주주 희석 우려 확대",2026.06.06 03:41,tech_future,2026-06-06
AI 인프라,"알파톤 캐피털, 연간 매출 2300만 달러..GPU 인프라 확장",2026.06.06 02:42,tech_future,2026-06-06
AI 인프라,"1차 삼소·2차 치맥 …""GO 코리아·SK·LG·네이버!"" 외친 젠슨 황",2026.06.05 23:21,tech_future,2026-06-05
AI 인프라,"Z스퀘어드, 5000만 달러 에쿼티 계약으로 AI 인프라 100메가와트 확보 나서",2026-06-05 23:03:16,tech_future,2026-06-05
AI 인프라,"애바 테크놀러지스, 1억 달러 보통주 공모 추진에 주가 급락",2026-06-05 22:44:36,tech_future,2026-06-05
AI 인프라,"넥스트NRG, 5월 매출 41% 급증..9.3백만 달러 달성",2026-06-05 22:16:44,tech_future,2026-06-05
AI 인프라,"JD닷컴, 2026년 연례 주주총회 6월 29일 개최",2026-06-05 22:09:53,tech_future,2026-06-05
AI 인프라,"바이오넥서스 진 랩, 중국-말레이시아 바이오협력 포럼 참여..ASEAN 정밀의료 허브 구축 전략 발표",2026-06-05 22:02:03,tech_future,2026-06-05
AI 인프라,"LGL 그룹, 신주인수권부 증자로 4520만 달러 조달..방위기술 강화",2026-06-05 21:57:43,tech_future,2026-06-05
AI 인프라,"키엘 인프라스트럭처, 4억 달러 전환사채 발행..데이터센터 확장 자금 확보",2026-06-05 21:44:52,tech_future,2026-06-05
AI 인프라,"헛 8, 352MW 데이터센터 건설에 43억 달러 채권 발행",2026-06-05 20:37:54,tech_future,2026-06-05
AI 인프라,"세레즈 테라퓨틱스, 네슬레와 2,500만 달러 계약·운영 자금 2027년 1분기까지 확보",2026-06-05 20:06:53,tech_future,2026-06-05
AI 인프라,"에퀴닉스, REIT 공급 부족 수혜 속 AI 인프라 수요 확대로 급등",2026-06-05 19:50:52,tech_future,2026-06-05
AI 인프라,"iQS텔, 울트라넷 51% 지분 인수..연매출 1억3000만 달러 추가",2026-06-05 19:03:10,tech_future,2026-06-05
AI 인프라,"PC방서 페이커 만난 젠슨 황 …""PC게임 없인 지금의 엔비디아 없어""",2026-06-05 17:54:23,tech_future,2026-06-05
AI 인프라,[G-브리핑] ‘칠대죄:Origin’ 영웅 ‘멀린’ 등 추가 업데이트,2026-06-05 17:14:43,tech_future,2026-06-05
AI 인프라,"엔비디아 젠슨 황, PC방서 페이커 만났다...“한국은 e스포츠 발상지”",2026-06-05 16:06:42,tech_future,2026-06-05
AI 인프라,클릭의 종말? 검색창이 ‘명령창’ 됐다 [AI 딥다이브],2026-06-05 15:13:55,tech_future,2026-06-05
AI 인프라,인텔리빅스 창립 26주년… “상장과 함께 K-AI 대표기업 도약” 선포,2026-06-05 15:13:22,tech_future,2026-06-05
AI 인프라,성적표 어떻길래…첩첩산중 신한라이프,2026-06-05 15:09:15,tech_future,2026-06-05
AI 인프라,서울 아파트 분양가 1년 새 28%↑…분양가 상한제 단지 주목,2026-06-05 14:51:18,tech_future,2026-06-05
AI 인프라,팔 생각하고 온라인 쇼핑몰 만든다?,2026-06-05 14:39:43,tech_future,2026-06-05
AI 인프라,"브라운백, 서울대·미란오커피아카데미와 ‘커피 관능 데이터 정량화’ 산학 공동연구",2026-06-05 14:28:37,tech_future,2026-06-05
AI 인프라,배터리 반등은 전기차 덕분?…나도 있다,2026-06-05 14:28:07,tech_future,2026-06-05
AI 인프라,"부산항만공사, 부산항에 특화된 로봇·피지컬 AI 만든다",2026-06-05 10:53:06,tech_future,2026-06-05
AI 인프라,"[MK시그널] 전기 및 가스 기업 퍼시픽 가스 & 일렉트릭, 매수신호 발생",2026-06-05 10:15:53,tech_future,2026-06-05
AI 인프라,"[美공시]콘크리트 펌핑 홀딩스, 2026 회계연도 2분기 실적 발표…매출 14% 증가, 영업이익 46% 증가",2026-06-05 08:40:39,tech_future,2026-06-05
AI 인프라,"[美공시]알파벳 C, AI 인프라 강화를 위해 800억 달러 규모의 자본 조달 계획 및 버크셔 해서웨이로부터 100억 달러 투자 유치 발표",2026-06-05 08:39:19,tech_future,2026-06-05
AI 인프라,"애바 테크놀러지스, 1억 달러 규모 보통주 후속 공모 추진",2026-06-05 06:24:45,tech_future,2026-06-05
AI 인프라,"스텔로직, 30년 경력 윌리엄슨 예비역 중장 독립이사 영입",2026-06-05 06:17:54,tech_future,2026-06-05
AI 인프라,"스페이스X “AI 데이터센터, 결국 우주로 간다…우린 우주 AI인프라 기업”",2026-06-05 06:16:18,tech_future,2026-06-05
AI 인프라,"키엘 인프라스트럭처, 3.5억 달러 규모 전환사채 발행 추진",2026-06-05 06:13:04,tech_future,2026-06-05
AI 인프라,"알파벳A(구글), 800억 달러 자본 조달..AI 인프라 투자 확대",2026-06-05 06:09:04,tech_future,2026-06-05
AI 인프라,"데이터볼트 AI, 20억 달러 규모 구조화 금융 계약 체결",2026-06-05 06:08:04,tech_future,2026-06-05
AI 인프라,"핑거모션, 캐나다 서부 AI 컴퓨트 인프라 개발 위해 BFE솔루션과 MOU 체결",2026-06-05 06:03:53,tech_future,2026-06-05
AI 인프라,"아르간, 1분기 매출 50%·EPS 102% 급증… 데이터센터 수요 확대로 성장 모멘텀 강화",2026-06-05 05:51:03,tech_future,2026-06-05
AI 인프라,"피피엘 코퍼레이션, 연 2억7500만 달러 배전 요금 인상 승인",2026-06-05 05:23:58,tech_future,2026-06-05
AI 인프라,"실스크, 스위스 Wecan Group 다수 지분 확보..650만 달러 투자",2026-06-05 05:17:07,tech_future,2026-06-05
AI 인프라,"아르간, 1Q 매출 2억9095만 달러로 50% 급증..EPS 3.24달러",2026-06-05 05:13:36,tech_future,2026-06-05
AI 인프라,"클라임 글로벌 솔루션스, 7월 7일 나스닥서 투자자 데이 개최",2026-06-05 05:07:56,tech_future,2026-06-05
AI 인프라,"Z 스퀘어드, AI 인프라 확장 위해 5000만 달러 에쿼티 계약 체결",2026-06-05 05:03:45,tech_future,2026-06-05
AI 인프라,"비트마인이머전, 3억 달러 우선주 발행으로 이더리움 매입·스테이킹 인프라 확장 선언",2026-06-05 04:30:54,tech_future,2026-06-05
AI 인프라,"AI 인프라로 사업 전환 선언한 솔라뱅크, 단기 실적 불확실성에 투자자 반응 엇갈려",2026-06-04 22:53:19,tech_future,2026-06-04
AI 인프라,"아이파워, 100만 달러 AI 인프라 투자 발표에도 시장 실망감 확산",2026-06-04 22:52:19,tech_future,2026-06-04
AI 인프라,"“국민 여러분, 전기 아껴쓰세요”…쌍팔년도 정책 들고나온 EU",2026-06-04 22:40:20,tech_future,2026-06-04
AI 인프라,"아이파워, AI 인프라 투자 위해 USDai 100만 달러 매입",2026-06-04 22:21:48,tech_future,2026-06-04
AI 인프라,"AMC 로보틱스, 에트로니엄 AI 전략 투자로 로봇 개발 가속화",2026-06-04 22:16:47,tech_future,2026-06-04
AI 인프라,"슈퍼 X AI 테크놀로지, 덴버에 첫 북미 AI 추론 허브 출범",2026-06-04 22:06:57,tech_future,2026-06-04
AI 인프라,"에이트코 홀딩스, 총자산 4.4억 달러..오픈AI 지분 9천만 달러 보유",2026-06-04 21:47:05,tech_future,2026-06-04
AI 인프라,"넷캐피탈, 레즈맥 모기지 자산 500만 달러 인수 추진",2026-06-04 21:38:55,tech_future,2026-06-04
AI 인프라,"클래스오버 홀딩스, 1대10 역분할 단행..나스닥 상장 유지",2026-06-04 21:31:54,tech_future,2026-06-04
AI 인프라,"소피아 제네틱스, MSK와 AI 정밀종양학 합작법인 설립",2026-06-04 21:28:54,tech_future,2026-06-04
AI 인프라,"비욘드스프링, 7월 1일부 새 대표 선임..DUBLIN-4 임상 완수 집중",2026-06-04 20:32:02,tech_future,2026-06-04
AI 인프라,"솔라뱅크, AI 컴퓨트 인프라로 사업영역 확대..티커 PBK로 변경",2026-06-04 20:11:51,tech_future,2026-06-04
AI 인프라,NYSE 손잡고 코인원에 800억 투자…스타 쉬 OKX 창업자 “韓 가장 성숙한 디지털자산시장”,2026-06-04 20:09:00,tech_future,2026-06-04
AI 인프라,"시에나, 2분기 매출 15억7000만 달러·전년비 40%↑",2026-06-04 20:07:21,tech_future,2026-06-04
AI 인프라,"클릭 홀딩스, 3분기 매출 7300만 홍콩달러..전년비 73% 급증",2026-06-04 20:01:50,tech_future,2026-06-04
AI 인프라,"이페리온엑스, 타이탄 프로젝트 타당성 조사 완료..2028년 매출 1.3억 달러 전망",2026-06-04 19:06:19,tech_future,2026-06-04
AI 인프라,"트랜스알타, 10억 달러에 318MW 가스발전소 인수..3.5억 달러 자사주 공모",2026-06-04 19:04:39,tech_future,2026-06-04
AI 인프라,"실버 보우 마이닝, 뷰트 광산 탐사 강화..은 4,920만 온스 자원 확보",2026-06-04 19:03:29,tech_future,2026-06-04
AI 인프라,"핑거모션, 구체적 재무 계획 없는 AI 엣지 컴퓨팅 확장 발표에 투자자 불안 고조",2026-06-04 18:50:38,tech_future,2026-06-04
AI 인프라,[알립니다] '위대한 투자자'가 들려주는 재테크 비법,2026-06-04 18:06:48,tech_future,2026-06-04
AI 인프라,"박현주 회장 ""킬러 ETF로 시장 새 기준 만들것""",2026-06-04 18:05:30,tech_future,2026-06-04
AI 인프라,메타도 기업용 AI 선보여 MS·앤스로픽에 '도전장',2026-06-04 17:51:56,tech_future,2026-06-04
AI 인프라,대체투자 강자 브룩필드운용 국내 임대주택시장 진출 타진,2026-06-04 17:29:13,tech_future,2026-06-04
AI 인프라,"AI로 병원서류 조작해 1.5억 꿀꺽...당국, 보험사기 방지 TF 출범",2026-06-04 15:32:26,tech_future,2026-06-04
AI 인프라,"“상장하자마자 시총이 무려”…스페이스X, IPO 기업가치 2680조원으로",2026-06-04 15:11:53,tech_future,2026-06-04
AI 인프라,"KT, 금융 AX 파트너 선언…클린존·AI GPU로 맞춤 공략",2026-06-04 15:04:32,tech_future,2026-06-04
AI 인프라,박현주 회장 “‘킬러 ETF’로 시장 기준 바꿀 것”,2026-06-04 14:57:30,tech_future,2026-06-04
AI 인프라,"韓전선기업, 연이은 수주 낭보...美·英 전력망에 초고압 전선 공급",2026-06-04 14:26:21,tech_future,2026-06-04
AI 인프라,"AI 에이전트 경쟁, 성능에서 신뢰로[시스코 라이브 2026]",2026-06-04 14:21:12,tech_future,2026-06-04
AI 인프라,브룩필드 “韓 주거 시장 큰 관심… 규제 변화에 주목”,2026-06-04 12:01:00,tech_future,2026-06-04
AI 인프라,한투·코인원·OKX·컴투스 ‘4자 연합’ 출범…“글로벌 종합 금융 플랫폼될 것”,2026-06-04 11:42:13,tech_future,2026-06-04
AI 인프라,기업가치 더 높여잡았다…1조7800억달러 스페이스X,2026-06-04 11:04:18,tech_future,2026-06-04
AI 인프라,척 로빈스 “AI 핵심은 네트워크…시스코가 인프라 만든다”[시스코 라이브 2026],2026-06-04 10:54:13,tech_future,2026-06-04
AI 인프라,"PEF 케이스톤 품에 안겼더니…‘핌즈’, 이커머스 필수 인프라로 도약",2026-06-04 09:20:33,tech_future,2026-06-04
AI 인프라,챗GPT·제미나이는 환경파괴 주범…탄소 배출·물 부족 점점 빨라진다,2026-06-04 09:09:53,tech_future,2026-06-04
AI 인프라,"포스뱅크, ‘컴퓨텍스 2026’ 참가... 자율주행 서빙 로봇 ‘팀봇’ 앞세워 글로벌 시장 공략",2026-06-04 09:01:51,tech_future,2026-06-04
AI 인프라,"타오위브, 물리AI 기업 마나코 투자로 북미 상용화 권리 확보…AI 인프라 사업 확장",2026-06-04 06:50:43,tech_future,2026-06-04
AI 인프라,"셀룰레리티, 릭 곤잘레스 최고상업책임자 신규 임명",2026-06-04 06:23:52,tech_future,2026-06-04
AI 인프라,"핑거모션, 모듈형 AI 엣지 컴퓨팅 인프라 확장 전략 발표",2026-06-04 06:17:02,tech_future,2026-06-04
AI 인프라,"스톤릿지, 스콧 험프리 신임 CFO 선임..25년 경력 재무전문가",2026-06-04 06:11:32,tech_future,2026-06-04
AI 인프라,"스피어 3D, 카테드라 비트코인 인수 완료..53MW 데이터 인프라 확보",2026-06-04 06:11:02,tech_future,2026-06-04
AI 인프라,"페더럴 애그리컬처럴 모기지, 시리즈 I 우선주 배당 주당 0.28달러 발표",2026-06-04 05:28:49,tech_future,2026-06-04
AI 인프라,"타오위브, 물리AI 마나코에 100만달러 투자..북미 상용화 권리 확보",2026-06-04 05:12:58,tech_future,2026-06-04
AI 인프라,"빅 디지털 에너지, AI·HPC 인프라 중심 전략 전환..752MW 개발 파이프라인 구축",2026-06-04 05:08:37,tech_future,2026-06-04
AI 인프라,"아르셀로미탈, 2026년 매출 667억 달러 전망..EPS 22% 성장",2026-06-04 04:15:47,tech_future,2026-06-04
AI 인프라,"ATN 인터내셔널, 타워 사업 매각으로 2억6800만 달러 확보",2026-06-04 04:00:46,tech_future,2026-06-04
AI 인프라,"루안윈 에다이 테크놀로지, AI 문서 플랫폼 '코그니 AI' 확장..173만 달러 계약 확보",2026-06-04 02:01:54,tech_future,2026-06-04
AI 인프라,"글림프스그룹, 미 해군 4년 공동개발 결실…SpatialCore 플랫폼으로 물리적 AI 인프라 시장 진출",2026-06-04 00:43:13,tech_future,2026-06-04
AI 인프라,"터보에너지, 나스닥 상장폐지 위기 벗어나…주주지분 244% 확대",2026-06-03 23:11:41,tech_future,2026-06-03
AI 인프라,"리치테크 로보틱스, 2120만 달러 창고 인수에도 2028년까지 적자 지속 전망 부담",2026-06-03 22:41:30,tech_future,2026-06-03
AI 인프라,"DAQO 뉴 에너지, AI 데이터센터 에너지솔루션 사업 진출··60억 위안 투자",2026-06-03 22:12:49,tech_future,2026-06-03
AI 인프라,"글림프스 그룹, SpatialCore 플랫폼 공개..물리적 AI 인프라 사업 본격화",2026-06-03 21:46:48,tech_future,2026-06-03
AI 인프라,"솔 스트래티지스, 후디니 스왑 1,800만 달러 인수 완료",2026-06-03 21:34:57,tech_future,2026-06-03
AI 인프라,"로켓원, 美육군 예비역 대장 자문위원 영입",2026-06-03 21:28:56,tech_future,2026-06-03
AI 인프라,"터보 에너지, 나스닥 자본요건 충족…주주지분 648만 달러 확보",2026-06-03 21:16:56,tech_future,2026-06-03
AI 인프라,"엔비디아 차세대 플랫폼에 3500만 달러 베팅…디지파워X, AI 데이터센터 구축 본격화",2026-06-03 21:11:16,tech_future,2026-06-03
AI 인프라,"리치테크 로보틱스, 라스베이거스 창고시설 2120만 달러 인수..AI·로봇 인프라 확장",2026-06-03 21:02:55,tech_future,2026-06-03
AI 인프라,"디지 파워 X, 엔비디아 차세대 베라 루빈 플랫폼에 3500만 달러 투자",2026-06-03 21:02:05,tech_future,2026-06-03
AI 인프라,"아이렌, 호주에 아태 최대 규모 800MW 데이터센터 건설 계약 체결",2026-06-03 21:00:55,tech_future,2026-06-03
AI 인프라,"오북 홀딩스, 오하이오주 라이선스 확보..미 42개주 결제망 확장",2026-06-03 20:35:04,tech_future,2026-06-03
AI 인프라,"솔라뱅크, 뉴욕 버팔로 태양광 프로젝트서 최대 157만 달러 인센티브 확보",2026-06-03 20:11:53,tech_future,2026-06-03
AI 인프라,"BW LPG, 인도 CPIL 지분 8.5% 완전 매각..인프라 투자 철수",2026-06-03 20:09:53,tech_future,2026-06-03
AI 인프라,"에이컴, 분기 배당 주당 0.31달러 유지..7월 17일 지급",2026-06-03 20:04:42,tech_future,2026-06-03
AI 인프라,"버티브 홀딩스, 주당 0.0625달러 분기 배당 결정",2026-06-03 19:37:41,tech_future,2026-06-03
AI 인프라,"하프니아, 주당 0.29달러 분기 배당 지급..배당락 거래 시작",2026-06-03 19:16:51,tech_future,2026-06-03
AI 인프라,해킹 괴물 미토스 접근권 얻었다…과기부·삼전닉스 ‘글래스윙 프로젝트’ 전격 합류,2026-06-03 13:26:04,tech_future,2026-06-03
AI 인프라,세상에서 가장 강력하고 위험한 AI…한국에도 상륙한다는데,2026-06-03 10:39:52,tech_future,2026-06-03
AI 인프라,"쇼피파이, 자사주 매입 한도 50억 달러로 30억 달러 증액",2026-06-03 06:04:02,tech_future,2026-06-03
AI 인프라,"오시스코 디벨롭먼트, 키스 맥케이 비상임이사 선임·사명 변경 추진",2026-06-03 06:02:02,tech_future,2026-06-03
AI 인프라,"리버티 글로벌, 2026년 2분기 실적 7월 24일 발표 예정",2026-06-03 05:23:39,tech_future,2026-06-03
AI 인프라,"로켓원, AI 나노자성 분야 권위자 반디오파다야 박사 기술 자문 대표로 영입",2026-06-03 05:18:39,tech_future,2026-06-03
AI 인프라,"퍼페추얼스닷컴, 신규 플랫폼 출시 2주 만에 거래량 45억 달러 돌파",2026-06-03 05:12:28,tech_future,2026-06-03
AI 인프라,"엑스트, 1분기 EPS 0.02달러 흑자전환·자사주 1억4000만 달러 매입",2026-06-03 05:09:28,tech_future,2026-06-03
AI 인프라,"구글 800억 달러 AI 투자 확대, 핵심 공급업체 셀레스티카 주목",2026-06-03 04:20:46,tech_future,2026-06-03
AI 인프라,"VCI글로벌, 인도네시아 24만 헥타르 산림자산 인수로 탄소크레딧 시장 진출 선언",2026-06-03 01:51:02,tech_future,2026-06-03
AI 인프라,"VCI 글로벌, 인도네시아 24만 헥타르 산림자산 지배지분 인수",2026-06-03 01:40:52,tech_future,2026-06-03
AI 인프라,"시스코시스템즈, AI 데이터센터 네트워크 장비 핵심 수혜주로 재조명",2026-06-02 23:52:30,tech_future,2026-06-02
AI 인프라,"브레인, 클리어뱅크 손잡고 3조 달러 주거 서비스 시장 공략 나서",2026-06-02 22:42:27,tech_future,2026-06-02
AI 인프라,"LQR하우스, AI 중개사 퓨전파이브 지배지분 확보…실적 개선 기대감 급부상",2026-06-02 22:20:56,tech_future,2026-06-02
AI 인프라,"얼라이언스 런드리 홀딩스, 국제부문 COO 교체..밥 캘버 신규 임명",2026-06-02 22:20:26,tech_future,2026-06-02
AI 인프라,"LQR 하우스, AI 중개사 퓨전파이브 추가 30% 지분 3900만 달러 인수",2026-06-02 22:14:06,tech_future,2026-06-02
AI 인프라,"브로드컴, 엣지 AI 브로드밴드 포트폴리오 공개…차세대 연결 기술 시장 선점 나서",2026-06-02 21:41:44,tech_future,2026-06-02
AI 인프라,"브레인, 클리어뱅크 기반 임베디드 뱅킹 인프라 배치..3조달러 주거서비스 시장 공략",2026-06-02 21:37:34,tech_future,2026-06-02
AI 인프라,"유라이프 그룹, 중국 직업교육 5대 전략 발표..2029년 시장 2,950억 달러 전망",2026-06-02 21:35:13,tech_future,2026-06-02
AI 인프라,"올레녹스, 5월 비트코인 18.6 BTC 생산..CS디지털 인수 후 첫 실적",2026-06-02 21:33:33,tech_future,2026-06-02
AI 인프라,"에코 웨이브 파워 글로벌, 엔비디아 GTC서 파도에너지 기술 2번째 소개",2026-06-02 21:32:03,tech_future,2026-06-02
AI 인프라,"클래스오버 홀딩스, 디지털 자산 국고전략 하이퍼리퀴드 중심으로 전환",2026-06-02 21:16:42,tech_future,2026-06-02
AI 인프라,"유니시스, 2026년 매출 19억 달러 전망..AI 통합 중장기 성장 전략 제시",2026-06-02 21:07:01,tech_future,2026-06-02
AI 인프라,"하이브 블록체인 테크놀러지, 2026년 매출 3억 달러..전년비 158% 급증",2026-06-02 19:24:58,tech_future,2026-06-02
AI 인프라,"테크크리에이트 그룹, 이사회 개편 단행..CTO 사내이사 승진",2026-06-02 19:12:47,tech_future,2026-06-02
AI 인프라,"캉고, 1분기 비트코인 채굴 매출 9840만 달러..감가상각 영향 순손실 2억6105만 달러",2026-06-02 19:11:17,tech_future,2026-06-02
AI 인프라,"TXNM 에너지, 28억 달러 규모 요금 합의안 제출..ROE 9.65% 유지",2026-06-02 19:03:55,tech_future,2026-06-02
AI 인프라,"브룩필드, 시리즈24 우선주 배당률 5.432%로 재설정",2026-06-02 19:03:35,tech_future,2026-06-02
AI 인프라,"제네락홀딩스, 대형 데이터센터 백업전력 글로벌 공급계약 체결로 급부상",2026-06-02 19:00:34,tech_future,2026-06-02
AI 인프라,"클린테크·AI 통합 인프라·부동산…이도, 3개사 인적분할해 역량 강화",2026-06-02 17:29:33,tech_future,2026-06-02
AI 인프라,"네이버, 엔비디아와 AI 팩토리 사업",2026-06-02 17:01:44,tech_future,2026-06-02
AI 인프라,"마크로젠, 송도에 AI 유전체 허브 구축…정밀의료 승부수 띄운다",2026-06-02 16:40:50,tech_future,2026-06-02
AI 인프라,‘몇% 개선’의 함정…한국피부과학연구원이 말하는 화장품 효능의 기준 [글로벌 K뷰티 콘퍼런스],2026-06-02 15:56:31,tech_future,2026-06-02
AI 인프라,올해 NDC 화두는 ‘AI’…개발·사업 전반 실제 사례 공유,2026-06-02 14:56:45,tech_future,2026-06-02
AI 인프라,"부동산·인프라 평가사 GRESB, 데이터센터 투자 심사 가이드라인 업계 최초 출시",2026-06-02 14:52:09,tech_future,2026-06-02
AI 인프라,"‘AI 황제’ 젠슨 황, 국민MC 유재석 만난다",2026-06-02 14:32:52,tech_future,2026-06-02
AI 인프라,‘삼쏘회동’ 전에 도장찍은 네이버♥엔비디아…AI 팩토리 함께 만든다,2026-06-02 13:43:40,tech_future,2026-06-02
AI 인프라,“AI 주도권 잡겠다”…120조 유상증자 나선 알파벳,2026-06-02 11:38:12,tech_future,2026-06-02
AI 인프라,"M83 자회사 피앤티링크, 네이버클라우드향 500억 규모 AI 서버 공급 개시",2026-06-02 11:19:00,tech_future,2026-06-02
AI 인프라,［기고］지정학적 리스크 프리미엄/문정빈 고려대 경영대학 교수,2026-06-02 10:50:25,tech_future,2026-06-02
AI 인프라,"학원도 디지털화…에듀싱크, ‘클래스보드 아카데미’ 출시",2026-06-02 10:14:51,tech_future,2026-06-02
AI 인프라,"쿠콘, 글로벌 AI 에이전트 재단 ‘AAIF’ 합류",2026-06-02 09:36:28,tech_future,2026-06-02
AI 인프라,오픈AI에 선수 친 앤스로픽…기업가치 1320조원 깜짝 상장,2026-06-02 09:34:10,tech_future,2026-06-02
AI 인프라,"[美공시]""Summit Midstream Corp, 첫 3,500만 달러 규모의 자사주 매입 프로그램 발표""",2026-06-02 08:44:15,tech_future,2026-06-02
AI 인프라,"“어깨동무하고 스마일”…최태원과 벌써 세번째 회동 젠슨황, 이번주 방한",2026-06-02 08:28:37,tech_future,2026-06-02
AI 인프라,"[단독] 젠슨 황, 하닉 옆 앉고 LG와 포옹…대만식 치맥으로 ‘제2 깐부 회동’",2026-06-02 08:26:23,tech_future,2026-06-02
AI 인프라,"앤스로픽, 오픈AI보다 먼저 IPO 신청… ‘1조달러 AI 전쟁’ 선점 나섰다",2026-06-02 07:23:55,tech_future,2026-06-02
AI 인프라,"타이탄 애퀴지션, 오픈페이드와 11억 달러 규모 합병",2026-06-02 06:17:59,tech_future,2026-06-02
AI 인프라,"마이크로칩테크놀러지, 데이터센터 매출 65% 급증·EPS 684% 상승 전망",2026-06-02 06:11:08,tech_future,2026-06-02
AI 인프라,"메탈스 로열티, 메사비 철광석 프로젝트 로열티권 1억3250만 달러 인수",2026-06-02 06:06:58,tech_future,2026-06-02
AI 인프라,5월 서학개미가 가장 많이 산 ETF…이름 생소한데 담은 종목은 ‘익숙’,2026-06-02 06:04:52,tech_future,2026-06-02
AI 인프라,"블록체인 디지털 인프라스트럭처, CLT-01 데이터센터 전력용량 65MW로 확대",2026-06-02 05:58:47,tech_future,2026-06-02
AI 인프라,"슈퍼마이크로, 엔비디아 최신 AI CPU 서버 공급업체 선정… AI 인프라 핵심 파트너 입지 굳혀",2026-06-02 05:41:07,tech_future,2026-06-02
AI 인프라,"펭귄솔루션스, 2026 회계연도 EPS 전망 상향…AI 인프라 성장세 주목",2026-06-02 05:40:47,tech_future,2026-06-02
AI 인프라,"서밋 미드스트림, 3,500만 달러 규모 첫 자사주 매입 프로그램 승인",2026-06-02 05:35:46,tech_future,2026-06-02
AI 인프라,"WEC 에너지, 2026년 EPS 5.59달러 전망..375억 달러 대규모 투자 계획",2026-06-02 05:21:25,tech_future,2026-06-02
AI 인프라,"펭귄 솔루션스, 2026 회계연도 실적 전망 상향..EPS 1.075달러 예상",2026-06-02 05:20:04,tech_future,2026-06-02
AI 인프라,"어레이 디지털 인프라스트럭처, 버라이즌에 스펙트럼 자산 매각..주당 11달러 특별배당",2026-06-02 05:19:24,tech_future,2026-06-02
AI 인프라,"랜트로닉, 3,000만 달러 규모 유상증자 단행..주당 7.20달러 확정",2026-06-02 05:18:24,tech_future,2026-06-02
AI 인프라,"솔AI, 싱가포르 AI노드 기업 네우랄랜드 지분 51% 인수",2026-06-02 05:18:14,tech_future,2026-06-02
AI 인프라,"큐트렉스 퀀텀, 포춘500대 기업서 첨단 전자제조 시스템 수주",2026-06-02 05:12:53,tech_future,2026-06-02
AI 인프라,"휴렛 패커드 엔터프라이즈, 2분기 매출 107억 달러..전년비 40% 급증",2026-06-02 05:12:23,tech_future,2026-06-02
AI 인프라,"크레도 테크놀러지, 4분기 매출 4억3700만 달러·전년비 157% 급증",2026-06-02 05:11:03,tech_future,2026-06-02
AI 인프라,"뉴저지 리소시즈, 26~27년 겨울 요금 8.9% 인하..고객당 연 158달러 절감",2026-06-02 05:07:02,tech_future,2026-06-02
AI 인프라,"카메코, 시가라크 광산 지분 57%로 확대..1억1600만 캐나다달러 인수",2026-06-02 05:06:51,tech_future,2026-06-02
AI 인프라,"큐트렉스 퀀텀, 1천만 달러 규모 사모 발행 완료..양자 하드웨어 전환 가속",2026-06-02 05:05:01,tech_future,2026-06-02
AI 인프라,"HALL CHADWICK ACQUISITION CORP, 희귀금속 재활용 REEcycle과 4억 달러 합병",2026-06-02 02:11:59,tech_future,2026-06-02
AI 인프라,"마벨테크놀로지, 업계 최초 AI 인프라용 102.4Tbps 스위치 칩 출시로 주목",2026-06-02 01:41:18,tech_future,2026-06-02
AI 인프라,"오라클, 엔비디아 차세대 Vera CPU 핵심 파트너 선정…AI 인프라 경쟁력 강화",2026-06-02 00:21:47,tech_future,2026-06-02
AI 인프라,"팬 아메리칸 실버, 캐나다 팀민스 광산 확장에 1억4600만 달러 투자",2026-06-02 00:01:26,tech_future,2026-06-02
AI 인프라,"브레라 홀딩스, 나스닥 최저주가 요건 재충족..상장 유지",2026-06-01 22:58:53,tech_future,2026-06-01
AI 인프라,한국 딜로이트 2026년 정기 임원 승진 발표…17명 파트너 승진,2026-06-01 22:38:48,tech_future,2026-06-01
AI 인프라,"CPS 테크놀러지스, 960만 달러 규모 직접 공모 단행",2026-06-01 22:37:52,tech_future,2026-06-01
AI 인프라,‘2026 EY 세계 최우수 기업가상’ 美 AI 인프라 기업 아스테라 랩스 공동 창업자 3인,2026-06-01 22:27:23,tech_future,2026-06-01
AI 인프라,"라이트웨이브 로직, AI 데이터센터 전력 인프라 사업 전환 발표",2026-06-01 21:57:29,tech_future,2026-06-01
AI 인프라,"리 오토, 5월 차량 인도 3만3350대..Li L8 출시 임박",2026-06-01 21:55:49,tech_future,2026-06-01
AI 인프라,"SKYAI INC, 사명 변경·홍콩 거점으로 신흥시장 금융 플랫폼 본격화",2026-06-01 21:17:27,tech_future,2026-06-01
AI 인프라,"소니다 시니어 리빙, 안톤 니코데무스 최고운영책임자 임명",2026-06-01 21:10:46,tech_future,2026-06-01
AI 인프라,"앰버 내셔널 홀딩, 주요 주주 AGL 보유 지분 기존 주주에 비례 배분 완료",2026-06-01 21:01:55,tech_future,2026-06-01
AI 인프라,"솔라뱅크, AI 컴퓨트 인프라·모듈러 데이터센터 진출로 시장 주목",2026-06-01 20:30:34,tech_future,2026-06-01
AI 인프라,"솔라뱅크, AI 컴퓨트 인프라·모듈러 데이터센터로 사업 확장",2026-06-01 20:17:03,tech_future,2026-06-01
AI 인프라,"카마다, FDA 승인 광견병 검사실 개소..운영 효율성 강화",2026-06-01 20:02:02,tech_future,2026-06-01
AI 인프라,"골드만삭스, ‘웨스트 스트리트 인프라스트럭처 파트너스 5호’ 1차 클로징",2026-06-01 20:01:00,tech_future,2026-06-01
AI 인프라,"아메리카스 실버, 코살라 드릴링서 은 함량 기존 자원 대비 5배 확인",2026-06-01 19:36:01,tech_future,2026-06-01
AI 인프라,"퍼스펙티브 테라퓨틱스, 212Pb 기반 방사성 의약품 임상 순조..고형암 치료 혁신 가속",2026-06-01 19:31:50,tech_future,2026-06-01
AI 인프라,"코어위브, 엔비디아 차세대 Vera CPU 공식 파트너 선정…AI 인프라 입지 강화",2026-06-01 19:21:30,tech_future,2026-06-01
AI 인프라,"케논 홀딩스, 1Q26 매출 3억1700만 달러..전년비 73% 급증",2026-06-01 19:08:29,tech_future,2026-06-01
AI 인프라,"“기업가치 제대로 평가받겠다”…이도, 인적분할 승부수",2026-06-01 18:52:24,tech_future,2026-06-01
AI 인프라,"마이크론, 시총 1조 달러 클럽 합류… HBM 수요 폭증이 이끈 역사적 랠리",2026-06-01 18:40:45,tech_future,2026-06-01
AI 인프라,"승부사 손정의…위워크 실패 딛고, 오픈AI로 대역전극",2026-06-01 18:03:17,tech_future,2026-06-01
AI 인프라,"""AI 에이전트 빅뱅 올것""… 고성능 메모리 수요도 폭증 전망",2026-06-01 18:02:47,tech_future,2026-06-01
AI 인프라,서학개미도 메모리 '올인' ETF순매수 1위 라운드힐,2026-06-01 18:02:18,tech_future,2026-06-01
AI 인프라,반도체 호황에…은행 기업예금 37조 급증,2026-06-01 17:54:43,tech_future,2026-06-01
AI 인프라,"日, 美 AI프로젝트에 5억달러 '통큰 투자'",2026-06-01 17:48:34,tech_future,2026-06-01
AI 인프라,CXL 기반 메모리 반도체 시대 연다...엑시나 2000억원 투자 유치,2026-06-01 17:45:08,tech_future,2026-06-01
AI 인프라,현대차그룹 '건설 R&D' 통합 수소·SMR·스마트건설 속도,2026-06-01 17:41:59,tech_future,2026-06-01
AI 인프라,"[단독] 불장에 불어난 현금, 은행에 넣는다…기업 뭉칫돈 한달새 37조 몰려",2026-06-01 17:23:14,tech_future,2026-06-01
AI 인프라,PC두뇌까지 만드는 엔비디아 … 졸면 죽는 반도체 경쟁 [사설],2026-06-01 17:16:37,tech_future,2026-06-01
AI 인프라,[매경이코노미스트] 반도체 초호황의 역설,2026-06-01 17:16:36,tech_future,2026-06-01
AI 인프라,"대한전선, 해남 태양광 전력망 구축 따내",2026-06-01 16:24:22,tech_future,2026-06-01
AI 인프라,"""한식 로봇, 美 공항까지 점령 … K푸드 전성기는 이제 시작""",2026-06-01 16:18:28,tech_future,2026-06-01
AI 인프라,"""K팝·K뷰티 온라인 위조품, AI가 1분만에 잡아내죠""",2026-06-01 16:05:25,tech_future,2026-06-01
AI 인프라,AI시대 비즈니스 성과 내려면 … 흩어진 데이터 통합이 우선,2026-06-01 16:04:37,tech_future,2026-06-01
AI 인프라,"크로커스, 민맥스 인수로 ‘SST·고전력 전력변환’ 역량 강화",2026-06-01 15:53:25,tech_future,2026-06-01
AI 인프라,"넥써쓰, 크로쓰 메인넷 2.0 ‘브레이크포인트’ 가동",2026-06-01 15:48:47,tech_future,2026-06-01
AI 인프라,"시즐, 리벨리온 손잡고 제조업 특화 AI 인프라 확장",2026-06-01 15:02:37,tech_future,2026-06-01
AI 인프라,스페이스X 상장 코앞… 국내외 주식시장도 들썩,2026-06-01 15:00:15,tech_future,2026-06-01
AI 인프라,전기·가스 납부 이력으로 신용점수 올린다...에너지 마이데이터 활용 초읽기,2026-06-01 14:58:18,tech_future,2026-06-01
AI 인프라,"지능화되는 SK하이닉스 반도체 팹...SKT, 엔비디아와 ‘제조 피지컬 AI’ 협력성과 공개",2026-06-01 14:54:17,tech_future,2026-06-01
전기차,"“밑도 끝도 없이 가격이 오르네”…뿔난 美 소비자들, 새 차 안 사고 만다",4시간 전,tech_future,2026-06-26
전기차,“선박 전기차 화재 대형사고 이어진다”…제주서 민관 합동훈련,2026.06.05 17:51,tech_future,2026-06-05
전기차,"[포토] 韓공략 나선 지커, 프리미엄 중형 전기차 '7X' 출시",2026.06.05 17:37,tech_future,2026-06-05
전기차,BMW도 수소 파워트레인 양산…판 커진 수소車경쟁,2026.06.05 17:36,tech_future,2026-06-05
전기차,"세상에 없던 '조만장자' 머스크, 첫 주인공 된다",2026.06.05 17:15,tech_future,2026-06-05
전기차,전기차 2만6000대 배터리 규모…고려아연 호주 초대형 에너지 사업 닻 올린다,2026.06.05 17:05,tech_future,2026-06-05
전기차,1회 충전 628㎞…전기 슈퍼 쿠페 ‘스펙터 II’ 공개,2026.06.05 16:56,tech_future,2026-06-05
전기차,"테슬라 모델Y, 쏘렌토 제치고 첫 국내 판매 1위",2026.06.05 15:54,tech_future,2026-06-05
전기차,“기름값 너무 비싸요”…전기차 인기 뜨겁다,2026.06.05 14:18,tech_future,2026-06-05
전기차,"프리딕션, 전기차 운용 AI 플랫폼 ‘EView’ 베타 서비스 출시",2026.06.05 14:05,tech_future,2026-06-05
전기차,"폴스타, ‘2026 스웨덴 데이’서 폴스타4 디자인 경험 제공",2026.06.05 11:14,tech_future,2026-06-05
전기차,환경의 날 맞은 이재명 대통령 “기후행동 함께 해달라”,2026-06-05 10:12:59,tech_future,2026-06-05
전기차,"일렉트라 배터리, 북미 유일 코발트 정제소 건설 계약 잇따라 체결",2026-06-04 23:01:29,tech_future,2026-06-04
전기차,"일렉트라 배터리 머티리얼즈, 코발트 정제소 건설에 1,240만 달러 계약 체결",2026-06-04 20:16:51,tech_future,2026-06-04
전기차,"오리온 에너지 시스템즈, 4분기 매출 2570만 달러·전년比 23%↑",2026-06-04 20:02:00,tech_future,2026-06-04
전기차,전기차 제조 세계1위 中 BYD AI휴머노이드 경쟁 참전 선언,2026-06-04 17:42:45,tech_future,2026-06-04
전기차,"""저녁엔 절전해주세요"" AI발 전력수요 급증에 EU, 일반가정에 호소",2026-06-04 17:42:43,tech_future,2026-06-04
전기차,작년 온실가스 배출량 6400톤 줄인 롯데칠성,2026-06-04 17:30:47,tech_future,2026-06-04
전기차,"현대차그룹, 美서 ‘올해의 자동차 회사’ 선정",2026-06-04 14:26:11,tech_future,2026-06-04
전기차,"LS, `LS전선 실적 성장과 지주회사 재평가` 증권사 발표에 강세",2026-06-04 13:05:52,tech_future,2026-06-04
전기차,수입차 3대 중 1대는 테슬라…중국산 전기차 존재감 커져,2026-06-04 12:33:12,tech_future,2026-06-04
전기차,[MK 골든크로스 돌파종목 : 한국앤컴퍼니(000240) & 이브이첨단소재(131400),2026-06-04 09:38:48,tech_future,2026-06-04
전기차,"3년 연속 ‘세계 올해의 차’ 저력…현대차그룹, 미국 ‘오토테크’ 최고상",2026-06-04 09:19:07,tech_future,2026-06-04
전기차,"로터스 테크놀로지, 지리홀딩 CFO 조 쿼안장 신임 이사회 의장 선임",2026-06-04 06:26:53,tech_future,2026-06-04
전기차,"차지포인트 홀딩스, 1분기 매출 1억180만 달러..전년비 4% 증가",2026-06-04 05:11:18,tech_future,2026-06-04
전기차,"IRON HORSE ACQUISITION II CORP, 일렉트라AI 인수 통해 배터리관리 플랫폼 확장",2026-06-02 22:33:07,tech_future,2026-06-02
전기차,"""기름값 너무 비싸요"" 37개국 전기차 판매 줄줄이 신기록 경신",2026-06-02 17:54:00,tech_future,2026-06-02
전기차,[Part 3] 실물자산 투자 로드맵 | 성장세 여전한 금·반등 나선 은 장신구서 투자 자산으로,2026-06-02 16:33:56,tech_future,2026-06-02
전기차,KGM 무쏘 출시 5달만 1만 대 돌파...국산 픽업 시장 독주,2026-06-02 14:14:02,tech_future,2026-06-02
전기차,"한국앤컴퍼니그룹, 태안 테스트트랙서 ‘임직원 드라이빙 데이’ 개최",2026-06-02 11:06:44,tech_future,2026-06-02
전기차,"‘K-픽업’ 무쏘, 누적 판매 ‘1만대’ 돌파…“국내 시장 점유율은 86%”",2026-06-02 10:15:14,tech_future,2026-06-02
전기차,[Up&Down] BYD 전기車 약진 韓 진출 11개월 만에 1만 대 클럽,2026-06-02 09:19:21,tech_future,2026-06-02
전기차,"“벤츠, 너 떨고 있니”…‘한국인 소울세단’ 신형 그랜저, 내릴 때도 뿌듯해 [세상만車]",2026-06-02 06:45:00,tech_future,2026-06-02
전기차,"샤오펑, 5월 차량 인도 3만2158대..전월비 4% 증가",2026-06-01 21:34:48,tech_future,2026-06-01
전기차,"XCHG, 알비나 일야소브 공동대표 신규 선임",2026-06-01 20:32:14,tech_future,2026-06-01
전기차,“예전엔 중국차 곧 터진다고 조롱했는데”…일본차 추월해 판매 3위,2026-06-01 19:56:47,tech_future,2026-06-01
전기차,"니오, 5월 차량 인도 62% 급증..누적 114만대 돌파",2026-06-01 19:09:29,tech_future,2026-06-01
전기차,中 '초가성비' 나트륨배터리로 패권 굳힌다,2026-06-01 17:48:35,tech_future,2026-06-01
전기차,"""日 비켜"" 中수입차 한국 판매량 3위 질주",2026-06-01 17:33:47,tech_future,2026-06-01
전기차,"‘해외 판매 성장’ 기아, 5월 27만7715대 판매…전년比 2.7%↑",2026-06-01 16:19:56,tech_future,2026-06-01
전기차,"아이티엠반도체, 배터리 열폭주 지연 기술 개발 추진...정부 과제 참여",2026-06-01 16:15:22,tech_future,2026-06-01
전기차,"""게임 세계관·캐릭터 체험하자"" 오프라인 팝업 전성시대",2026-06-01 16:05:25,tech_future,2026-06-01
전기차,“테슬라가 하드캐리”…온라인쇼핑거래액 두 달 연속 두자릿수 상승,2026-06-01 14:48:11,tech_future,2026-06-01
전기차,“국산 부품만으론 버티기 쉽지 않아”…현대차 공급망 딜레마 묘책은 [기자24시],2026-06-01 14:15:20,tech_future,2026-06-01
전기차,"“전기차 화재, 이렇게 대응하세요”…BMW, 서울 소방대원 40명 교육",2026-06-01 10:10:39,tech_future,2026-06-01
전기차,"“렉서스·도요타 다 합쳐도 BYD 하나 못 이겼다”…중국차, 일본차 첫 추월",2026-06-01 09:33:05,tech_future,2026-06-01
2차전지,"""기관이 쓸어담는다"" … 코스닥 소부장株 '나홀로 랠리'",2026.06.26 17:46,tech_future,2026-06-26
2차전지,"[단독] 삼성, 10년간 1000조 투자",2026.06.26 03:00,tech_future,2026-06-26
2차전지,"잠수함 연료전지·로봇관절… 車부품사 ""신사업만이 살길""",2026.06.25 17:56,tech_future,2026-06-25
2차전지,반도체 검사장비 '글로벌 최강자' 노린다,2026.06.24 17:56,tech_future,2026-06-24
2차전지,"코스피 8200선 후퇴…국민연금, 닷새간 1조5000억원 매도 지속",2026.06.23 17:14,tech_future,2026-06-23
2차전지,"국내 주식투자자 절반 ""올 코스피 1만 넘을것""",2026.06.22 17:46,tech_future,2026-06-22
2차전지,"경북, 국민성장펀드로 첨단산업 승부수…11개 핵심 프로젝트 가동",2026.06.22 16:07,tech_future,2026-06-22
2차전지,"""PF사업 마중물""…경북도 '투자금융주식회사' 추진",2026.06.22 16:07,tech_future,2026-06-22
2차전지,진격의 반도체 소부장 … 코스닥 시총 20위권내 대거 진입,2026.06.21 17:45,tech_future,2026-06-21
2차전지,"특징주, 삼성SDI-2차전지(생산) 테마 상승세에 5.56% ↑",2026.06.19 09:23,tech_future,2026-06-19
2차전지,"“옆에선 9천피 축포, 내 코스닥 레버리지는”…천스닥 잔혹사 대체 왜",2026.06.19 09:17,tech_future,2026-06-19
2차전지,엇갈린 반도체 투심…초고수는 하이닉스 팔고 삼성전자 샀다 [주식 초고수],2026.06.18 15:18,tech_future,2026-06-18
2차전지,전기차 캐즘에 빠진 ‘삼성SDI·현대모비스’ 줍줍…‘신고가 랠리’ 삼성전기·SK하이닉스는 차익실현 [주식 초고수는 지금],2026.06.18 10:11,tech_future,2026-06-18
2차전지,[매경이코노미스트] 쏠림의 시대 넘어 균형의 경영으로,2026.06.17 17:48,tech_future,2026-06-17
2차전지,6만전자 쓸어담은 ‘한국의 버핏’…향후 10년은 금반지 시대 [한국의 위대한 투자자],2026.06.16 17:58,tech_future,2026-06-16
2차전지,마이스터고 6곳 신규 지정 … 2년간 학교당 50억원 지원,2026.06.16 17:56,tech_future,2026-06-16
2차전지,6만전자 쓸어담은 ‘한국의 버핏’ … 향후 10년은 금반지 시대,2026.06.16 04:00,tech_future,2026-06-16
2차전지,"‘철강 한파’ 길어진다…포스코홀딩스 눈높이 낮춘 증권가 [오늘, 이 종목]",2026.06.15 12:33,tech_future,2026-06-15
2차전지,"특징주, 삼성SDI-2차전지(전고체) 테마 상승세에 5.75% ↑",2026.06.15 09:47,tech_future,2026-06-15
2차전지,"특징주, 티웨이홀딩스-항공/저가항공사 테마 상승세에 5.02% ↑",2026.06.15 09:46,tech_future,2026-06-15
2차전지,500조 ETF 시장 해외까지…코스콤 ETF CHECK 영문서비스 추진,2026-06-14 18:26:34,tech_future,2026-06-14
2차전지,"""반도체 소부장이 대세""… 코스닥 액티브 ETF '분주'",2026-06-14 17:36:46,tech_future,2026-06-14
2차전지,“AI 특수에 가스까지 품귀”…후성 주가 일주일새 63% 쑥 [이주의 Bull기둥],2026-06-13 12:49:13,tech_future,2026-06-13
2차전지,조마조마한 빅테크 ‘레드퀸’ 레이스,2026-06-12 15:25:36,tech_future,2026-06-12
2차전지,"특징주, TCC스틸-2차전지(소재/부품) 테마 상승세에 3.86% ↑",2026-06-12 09:48:18,tech_future,2026-06-12
2차전지,"특징주, KG케미칼-2차전지(소재/부품) 테마 상승세에 2.07% ↑",2026-06-12 09:47:26,tech_future,2026-06-12
2차전지,"특징주, 액스비스-2차전지 테마 상승세에 1.34% ↑",2026-06-12 09:47:16,tech_future,2026-06-12
2차전지,"포스코, 반도체·배터리 ‘산업동맥’ 된다…고순도희귀가스 생산 채비",2026-06-10 22:45:57,tech_future,2026-06-10
2차전지,전력 인프라株 슈퍼사이클 어디까지 … AI 데이터센터+전력망 교체로 수요 폭증,2026-06-10 18:12:18,tech_future,2026-06-10
2차전지,'주가조작' 前기재부 차관보 구속기소,2026-06-10 17:50:58,tech_future,2026-06-10
2차전지,"포스코, 반도체용 '희귀 가스' 책임진다",2026-06-10 17:31:45,tech_future,2026-06-10
2차전지,"“대통령님, 그래도 나라 빚 먼저 갚아야 합니다” [기자24시]",2026-06-10 14:51:07,tech_future,2026-06-10
2차전지,"""에너지인프라·데이터센터…韓서 AI 투자 확대""",2026-06-09 17:49:07,tech_future,2026-06-09
2차전지,[기자24시] 그래도 국채는 갚아야 합니다,2026-06-09 17:29:56,tech_future,2026-06-09
2차전지,[스마트 산업강국 함께 하는 제조혁신 4.0] 데이터로 공정 관리하고 품질문제 사전대응 … 불량률 33% '뚝',2026-06-09 17:22:55,tech_future,2026-06-09
2차전지,"""스마트공장 구축은 설비교체 넘어 사람을 바꾸는 일이죠""",2026-06-09 17:22:54,tech_future,2026-06-09
2차전지,"특징주, 송원산업-日 수출 규제 테마 상승세에 5.04% ↑",2026-06-09 10:17:46,tech_future,2026-06-09
2차전지,치솟는 핵심광물 가격에 폐배터리 재활용 본격화,2026-06-08 17:38:39,tech_future,2026-06-08
2차전지,"TCC스틸, 고성능 니켈도금 강판… 전기차 심장 책임진다",2026-06-08 16:04:52,tech_future,2026-06-08
2차전지,"삼구아이앤씨, 빌딩관리·반도체 생산 숨은 조력자",2026-06-08 16:04:50,tech_future,2026-06-08
반도체,"데이터센터 소통 문제 해결한 자, 주가가 폭등할 것이다 [이승우의 반도체 오디세이]",2026.06.26 22:08,tech_future,2026-06-26
반도체,"아이오니어, 美육군과 보론 처리시설 임대계약 체결",2026.06.26 21:49,tech_future,2026-06-26
반도체,"주요 외신 “삼성전자·SK하이닉스, 글로벌 반도체주 핵심 변수됐다”",2026.06.26 21:42,tech_future,2026-06-26
반도체,‘-9.99%→3.26%→5.42%→-5.81%’…현기증 나는 韓 증시 널뛰기 왜?,2026.06.26 21:41,tech_future,2026-06-26
반도체,"“40년 업계 경력, 이런 일 처음”...메모리 대란에 애플도 백기 들었다",2026.06.26 20:36,tech_future,2026-06-26
반도체,[Buzz Buzz] ‘황제급’ 직장인 계급도 생겼다!,2026.06.26 18:47,tech_future,2026-06-26
반도체,일한의원연맹 회장 만난 李 “가깝고도 가까운 사이 되길”,2026.06.26 18:19,tech_future,2026-06-26
반도체,삼성전자·전력거래소 MOU … 친환경전력 사용 실적 인증,2026.06.26 17:52,tech_future,2026-06-26
반도체,"통큰 지방투자 예고한 靑 ""숫자들 매우 커서 낯설것""",2026.06.26 17:51,tech_future,2026-06-26
반도체,'호남 반도체 투자' 때린 오세훈·한동훈,2026.06.26 17:51,tech_future,2026-06-26
반도체,"한미반도체, AI 시스템반도체용 FC 본더 3.5 출시",2026.06.26 17:49,tech_future,2026-06-26
반도체,AI투자 감소 우려 … 코스피 이번엔 '냉탕',2026.06.26 17:46,tech_future,2026-06-26
반도체,[단독] 사상최대 초과세수 투입해 10대 랜드마크사업 키운다,2026.06.26 17:45,tech_future,2026-06-26
반도체,한국판 '패트리엇 테크' 신호탄,2026.06.26 17:45,tech_future,2026-06-26
반도체,"코스피, 툭하면 서킷브레이커",2026.06.26 17:45,tech_future,2026-06-26
반도체,"[단독] ""제2의 반도체 키워라""… 제조AX 집중육성",2026.06.26 17:44,tech_future,2026-06-26
반도체,일한의원연맹 회장 만난 이재명 대통령,2026.06.26 17:24,tech_future,2026-06-26
반도체,"李 ""드론·로봇이 안보 열쇠""… 최정예 방산벤처 50개 키운다",2026.06.26 17:24,tech_future,2026-06-26
반도체,"이재명 대통령, “혁신기술, 국가안보 성패 가를 핵심열쇠”",2026.06.26 17:23,tech_future,2026-06-26
반도체,"""AI투자가 인플레 원인"" 美 연준도 경고 나섰다",2026-06-26 17:19:55,tech_future,2026-06-26
반도체,반도체 호황에도 싸늘해진 기업 체감경기 [사설],2026-06-26 17:19:03,tech_future,2026-06-26
반도체,"대한변리사회 80주년...국회 여야 “소송대리권, 비밀유지권 법안 약속”",2026-06-26 17:09:04,tech_future,2026-06-26
반도체,“삼전닉스 들어선다”…호남 건설株 ‘불기둥’,2026-06-26 16:54:53,tech_future,2026-06-26
반도체,할 수만 있다면…정책에 ‘입김’을 넣어라 [신간],2026-06-26 16:17:33,tech_future,2026-06-26
반도체,대전·세종·청주가 결정하는 한국의 미래 [신간],2026-06-26 16:16:42,tech_future,2026-06-26
반도체,지정학 넘어 지경학 시대 [신간],2026-06-26 16:16:07,tech_future,2026-06-26
반도체,"“차라리 반도체 주식 살걸”…비트코인, 9000만원도 위태",2026-06-26 16:03:34,tech_future,2026-06-26
반도체,‘메가 프로젝트’ 예고한 김용범…“숫자 너무 커 낯설 것”,2026-06-26 15:58:40,tech_future,2026-06-26
반도체,‘호남 반도체 투자계획’ 총공세…정점식 “국가 경쟁력 갉아먹는 부작용”,2026-06-26 15:53:49,tech_future,2026-06-26
반도체,[속보] 코스피 또 출렁…5.8% 급락한 8411 마감,2026-06-26 15:38:28,tech_future,2026-06-26
반도체,"‘로봇 모듈화’ 브릴스, 코스닥 상장 예심 승인",2026-06-26 15:32:34,tech_future,2026-06-26
반도체,하락장은 삼전닉스 줍줍 기회…하이브·HD현대일렉은 매도나서 [주식 초고수는 지금],2026-06-26 15:32:23,tech_future,2026-06-26
반도체,‘삼전닉스 호남 투자설’에... 국힘 “정치가 기업 발목 잡는다”,2026-06-26 14:23:26,tech_future,2026-06-26
반도체,"李 대통령, 삼성·SK와 연쇄 회동…충청·호남 반도체 투자 임박",2026-06-26 13:59:28,tech_future,2026-06-26
반도체,"하이닉스, 나스닥100 편입되나…삼전 ADR설도 ‘솔솔’",2026-06-26 13:49:58,tech_future,2026-06-26
반도체,"‘검은 금요일’ 코스피, 반도체 ‘투톱’ 급락 마감",2026-06-26 11:28:52,tech_future,2026-06-26
반도체,이기려고 한 경기 맞습니까 [편집장 레터],2026-06-26 11:11:53,tech_future,2026-06-26
반도체,지방 투자 주도하는 靑…김용범 “지역별 릴레이 보고회 열것”,2026-06-26 11:03:59,tech_future,2026-06-26
반도체,경북도 ‘그래핀·전자유리·온디바이스 AI’로 산업혁신 기반 구축,2026-06-26 10:58:16,tech_future,2026-06-26
반도체,하루만에 고꾸라졌지만…“그래도 믿을 건 삼전닉스뿐” [주식 초고수는 지금],2026-06-26 10:40:11,tech_future,2026-06-26
반도체,국민의힘-반도체 민간 전문가 정책 간담회,2026-06-26 10:27:21,tech_future,2026-06-26
반도체,"“숫자 낯설 것”…김용범, 이 대통령 보고회서 반도체 등 ‘대형투자 발표’ 예고",2026-06-26 10:23:30,tech_future,2026-06-26
반도체,"[MK시그널] LG이노텍, AI 반도체 기판 사업 성장성 부각 등에 주가 상승세... MK시그널 추천 후 상승률 7.74% 기록",2026-06-26 09:41:48,tech_future,2026-06-26
반도체,젠슨 황 방한 뒤 가려진 ‘소프트웨어 적자’…한국이 놓친 마지막 퍼즐은 [기자24시],2026-06-26 09:41:08,tech_future,2026-06-26
반도체,메모리 가격 부담에 기술주 약세...혼조 마감 [뉴욕증시],2026-06-26 09:34:17,tech_future,2026-06-26
반도체,"“황제주 탈락한 LG이노텍, 200만원 간다”[오늘 나온 보고서]",2026-06-26 09:20:17,tech_future,2026-06-26
반도체,"케이피엠테크, 감자 마무리 후 거래 재개…기업가치 제고 집중",2026-06-26 09:00:12,tech_future,2026-06-26
반도체,"반도체 사이클 동행…KB증권 “LG이노텍, 목표주가 200만원” 유지",2026-06-26 08:50:43,tech_future,2026-06-26
반도체,"[美공시]“Archimedes Tech SPAC Partners II Co, 삼성SDI와 손잡고 미국 내 획기적인 배터리 셀 생산 시설 가동”",2026-06-26 08:37:47,tech_future,2026-06-26
반도체,"구천피 코앞 코스피, 1만5천 파격 전망 나오는데…코스닥은 900선 아래로",2026-06-26 08:19:01,tech_future,2026-06-26
반도체,하이닉스·이노베이션 이어 SK텔레콤까지…이곳에 무려 7400억 베팅했다,2026-06-26 07:31:55,tech_future,2026-06-26
반도체,"애플 CEO “업계 40년, 이런 건 처음”...맥북·아이패드 ‘비상식적’ 가격인상",2026-06-26 07:20:20,tech_future,2026-06-26
반도체,"매경이 전하는 세상의 지식 (매-세-지, 6월 26일)",2026-06-26 07:00:00,tech_future,2026-06-26
반도체,"로켓원, 나스닥 최저가 요건 충족·상장 적격성 회복",2026-06-26 06:13:46,tech_future,2026-06-26
반도체,“이쯤되면 진심” “개미 털어먹기”…1만5천피 부르짖는 모건 왜,2026-06-26 05:56:12,tech_future,2026-06-26
반도체,"마벨 테크놀러지 그룹, 분기 배당 주당 0.06달러 지급",2026-06-26 05:45:44,tech_future,2026-06-26
반도체,“테슬라도 돈 안된다며 퇴출” … 승자만 담아 올해 64% 오른 ETF,2026-06-26 04:05:00,tech_future,2026-06-26
반도체,“GPU만 늘린다고 될 일 아니다” … AI 데이터센터 좌우할 ‘빛의 경제학’,2026-06-26 04:00:00,tech_future,2026-06-26
반도체,"마이크론 호실적에 PCE 안도감까지...뉴욕증시, 일제히 상승 출발",2026-06-25 23:08:39,tech_future,2026-06-25
반도체,"AI·반도체 업종 동반 반등, 루멘텀홀딩스 강세",2026-06-25 22:42:04,tech_future,2026-06-25
반도체,풍력·해저케이블·반도체에 3700억원 투입하는 국민성장펀드,2026-06-25 22:39:47,tech_future,2026-06-25
반도체,영주 SK스페셜티 ‘가스 누출’ 오인 소동…알고보니 수증기,2026-06-25 21:09:37,tech_future,2026-06-25
반도체,"기그캐피털8, 5억7500만 달러 규모 양자기술 플랫폼 합병 추진",2026-06-25 19:14:03,tech_future,2026-06-25
반도체,"IBM, 0.7나노 반도체 기술 첫 공개",2026-06-25 19:00:00,tech_future,2026-06-25
반도체,“반도체發 호황 내년 말까지 간다”… 코스피 1만500P 부른 글로벌 IB 명가,2026-06-25 18:42:47,tech_future,2026-06-25
반도체,"“재생에너지 인프라 구축” 국민성장펀드, 풍력발전 등 3700억 투자",2026-06-25 18:28:08,tech_future,2026-06-25
반도체,신입 월급 450만원·이직률 0.5%…SK하이닉스 ‘꿈의 직장’ 입증,2026-06-25 18:23:47,tech_future,2026-06-25
반도체,"“한국, 발사체 더 쏴야”...우주청, 자체발사능력에 ‘올인’",2026-06-25 18:04:39,tech_future,2026-06-25
반도체,[뉴스&분석] 아시아의 '7마리 龍' AI 품고…증시 평정,2026-06-25 18:02:24,tech_future,2026-06-25
반도체,"장동혁, 선관위 특검하자는데 … 쇄신파는 ""지도부 총사퇴하라""",2026-06-25 17:58:52,tech_future,2026-06-25
반도체,"""반도체 초과세수 100조로 AI국부펀드 조성을""",2026-06-25 17:58:52,tech_future,2026-06-25
반도체,"李대통령, 내달1일 文과 회동 … 여권통합 나서나",2026-06-25 17:58:51,tech_future,2026-06-25
반도체,中이 못따라올 '스페셜티 화학'으로 체질개선 시급,2026-06-25 17:56:07,tech_future,2026-06-25
반도체,삼성 반도체·SK AI·LG OLED…대기업 50곳 '청년 인재' 키운다,2026-06-25 17:56:01,tech_future,2026-06-25
반도체,"삼성 내려오자 인구 2배 뛴 아산 … ""기업이 최고의 일자리 대책""",2026-06-25 17:56:00,tech_future,2026-06-25
반도체,CT·MRI 수가 낮춰 연 2.6조 절감…지역·필수의료에 3.6조 투입,2026-06-25 17:51:31,tech_future,2026-06-25
반도체,"조선대, 광주 반도체 인재 키운다",2026-06-25 17:50:33,tech_future,2026-06-25
반도체,삼전닉스 올라탄 지주·계열사…덩달아 랠리,2026-06-25 17:50:09,tech_future,2026-06-25
반도체,"JP모건 ""코스피 1만5천 간다""",2026-06-25 17:50:08,tech_future,2026-06-25
반도체,美 M7 시총 올해 300조 증발할때 … 亞 A7 시총은 5200조 늘었다,2026-06-25 17:48:42,tech_future,2026-06-25
반도체,"美개미, 삼전닉스 ETF 쓸어담자…삼성전기 담은 ETF 美출격 준비",2026-06-25 17:48:42,tech_future,2026-06-25
반도체,“삼전닉스 믿고 계약 취소했는데”…동탄 집주인들 당황한 이유,2026-06-25 17:48:37,tech_future,2026-06-25
반도체,반도체만 독주하는 韓·대만…호황 지표 뒤엔 양극화 그늘,2026-06-25 17:44:54,tech_future,2026-06-25
반도체,투자 다변화 나선 일학개미…무라타·아지노모토 담았다,2026-06-25 17:43:45,tech_future,2026-06-25
반도체,삼전닉스 주가변동성 우려…주식위클리옵션 상장 연기,2026-06-25 17:43:44,tech_future,2026-06-25
반도체,"마이크론 이익률 85%, 빅테크 다 제쳐 … ""슈퍼甲 메모리 질주""",2026-06-25 17:41:55,tech_future,2026-06-25
반도체,'클러스터' 인프라 최소 50% 정부지원 … 비수도권 우대,2026-06-25 17:41:54,tech_future,2026-06-25
반도체,"하이닉스, 나스닥100 연내편입 유력 … 삼성전자도 美에 ADR 상장설 솔솔",2026-06-25 17:41:54,tech_future,2026-06-25
반도체,'닥치고 공급' 靑 정책실장 … 재건축·재개발 활성화 약속 지켜야 [사설],2026-06-25 17:37:11,tech_future,2026-06-25
반도체,[매일경제TV] 마이크론 실적에…한풀 꺾인 'AI 거품론',2026-06-25 17:26:41,tech_future,2026-06-25
반도체,반도체 특수에 미술 시장도 훈풍 부나,2026-06-25 17:26:40,tech_future,2026-06-25
반도체,[기자24시] '소프트웨어 적자' 대책 서둘러야,2026-06-25 17:21:07,tech_future,2026-06-25
반도체,"오픈AI, 첫 자체 AI칩 '할라피뇨' 공개",2026-06-25 17:10:30,tech_future,2026-06-25
반도체,최태원 이어 이재용까지 ‘연쇄 회동’…호남에 ‘전공정 팹’ 들어설까,2026-06-25 17:03:17,tech_future,2026-06-25
반도체,“1만5천피’ 간다”…조정 때 주워담으라는 JP모건,2026-06-25 17:00:39,tech_future,2026-06-25
반도체,“국부펀드로 月 62만원 배당”…반도체 초과세수 이렇게?,2026-06-25 16:57:08,tech_future,2026-06-25
반도체,구미시 “반도체 팹 유치 위해 산단용지 평당 1000원 제공”,2026-06-25 16:50:30,tech_future,2026-06-25
반도체,"“믿고 있었습니다, 마이크론”…반도체 우려 꺾이자 코스피 5.4% 급등",2026-06-25 16:34:57,tech_future,2026-06-25
반도체,"돌아온 장동혁, 대여공세 집중했지만…소장파는 다시 “지도부 총사퇴”",2026-06-25 16:22:28,tech_future,2026-06-25
반도체,[단독] “취임 직후 두번이나”...국회의장 ‘경제계 밀착’ 이례적 평가,2026-06-25 16:20:30,tech_future,2026-06-25
반도체,반도체 클러스터 ‘비용 최소 50%’ 국비로…비수도권에 우선 지원,2026-06-25 16:16:04,tech_future,2026-06-25
반도체,"민주, 반도체 초과세수 활용 토론회…“AI투자하는 국민배당형 국부펀드 만들자” 제안도",2026-06-25 16:10:37,tech_future,2026-06-25
반도체,"'삼닉' 아닌 '닉전'시대?…하이닉스, 삼전 제치고 검색 1위로 [빅데이터로 본 재테크]",2026-06-25 16:10:01,tech_future,2026-06-25
반도체,호남 반도체 투자설에…국힘 TK 의원 집단반발 “삼성 팔 비틀기 말라”,2026-06-25 16:02:22,tech_future,2026-06-25
반도체,“평당 1천원에 공장 부지 제공합니다”…반도체 팹 유치 위해 파격제안한 도시,2026-06-25 16:00:50,tech_future,2026-06-25
반도체,반도체 특수로 미술시장도 훈풍 부나…‘화랑미술제 in 수원’ 가 보니,2026-06-25 15:48:44,tech_future,2026-06-25
반도체,"코트라, 미국서 피지컬 AI 슈퍼커넥트 개최... “한국 제조 경쟁력이 피지컬 AI 시대 핵심”",2026-06-25 15:42:06,tech_future,2026-06-25
반도체,"[속보] SK하이닉스, ADR 기대감에 14% 급등…시총 1위 탈환",2026-06-25 14:52:44,tech_future,2026-06-25
반도체,"‘자율비행 드론’ 니어스랩, 코스닥 상장예비심사 승인",2026-06-25 14:34:40,tech_future,2026-06-25
반도체,50% 급등한 ‘중국판 나스닥’…中 증시 ‘과창판’ 뜬다,2026-06-25 14:11:16,tech_future,2026-06-25
반도체,[속보]동탄 상승폭 줄었지만…성남·수원 영통까지 셔세권 온기,2026-06-25 14:01:45,tech_future,2026-06-25
반도체,장동혁 “국민은 ‘이재명 하명 합수본’ 안믿어…국힘 추천 특검만 진실 밝힐 것”,2026-06-25 11:06:07,tech_future,2026-06-25
반도체,지방서도 반도체 인력 키운다…조선대 ‘반도체광공학과’ 신설,2026-06-25 11:01:19,tech_future,2026-06-25
반도체,"“하이닉스 얼마나 더 오를까”...ADR 상장에 ‘활활’ [오늘, 이 종목]",2026-06-25 10:58:26,tech_future,2026-06-25
반도체,"SK하이닉스, `ADR(American Depositary Receipts) 발행을 위한 유상 증자` 증권사 발표에 강세",2026-06-25 10:31:06,tech_future,2026-06-25
반도체,"“반도체가 다 하드캐리하네”…한경연, 올해 성장률 2.7% 전망",2026-06-25 10:26:06,tech_future,2026-06-25
반도체,"특징주, 시노펙스-PCB 테마 상승세에 7.74% ↑",2026-06-25 09:36:03,tech_future,2026-06-25
반도체,"특징주, SKC-유리 기판 테마 상승세에 5.15% ↑",2026-06-25 09:35:42,tech_future,2026-06-25
반도체,"특징주, 뉴인텍-태양광에너지 테마 상승세에 26.89% ↑",2026-06-25 09:35:42,tech_future,2026-06-25
반도체,"특징주, 디아이-반도체 장비 테마 상승세에 5.45% ↑",2026-06-25 09:35:12,tech_future,2026-06-25
반도체,"특징주, 세미티에스-반도체 장비 테마 상승세에 13.41% ↑",2026-06-25 09:35:01,tech_future,2026-06-25
반도체,"특징주, SK하이닉스-소캠(SOCAMM) 테마 상승세에 9.95% ↑",2026-06-25 09:34:31,tech_future,2026-06-25
반도체,스페이스X 가치는 돈보다 혁신...왜 우리는 ‘머스크 보유국’이 못되나 [이은아 칼럼],2026-06-25 09:22:52,tech_future,2026-06-25
반도체,[속보] 마이크론 훈풍에 ‘삼전닉스’ 질주…코스피 5% 급등에 매수 사이드카,2026-06-25 09:19:36,tech_future,2026-06-25
반도체,"특징주, 케이씨텍-HBM(고대역폭메모리) 테마 상승세에 4.0% ↑",2026-06-25 09:15:20,tech_future,2026-06-25
반도체,"특징주, 비나텍-고체산화물 연료전지(SOFC) 테마 상승세에 2.91% ↑",2026-06-25 09:15:10,tech_future,2026-06-25
반도체,"특징주, 코세스-고체산화물 연료전지(SOFC) 테마 상승세에 4.9% ↑",2026-06-25 09:15:10,tech_future,2026-06-25
반도체,"특징주, 테크윙-HBM(고대역폭메모리) 테마 상승세에 8.82% ↑",2026-06-25 09:15:00,tech_future,2026-06-25
반도체,"특징주, 덕산하이메탈-반도체 기판(FC-BGA/PCB/MLB 등) 테마 상승세에 5.69% ↑",2026-06-25 09:15:00,tech_future,2026-06-25
반도체,"특징주, 제주반도체-온디바이스 AI 테마 상승세에 7.79% ↑",2026-06-25 09:15:00,tech_future,2026-06-25
반도체,"특징주, 텔레칩스-온디바이스 AI 테마 상승세에 1.11% ↑",2026-06-25 09:14:50,tech_future,2026-06-25
반도체,"특징주, 에스티아이-HBM(고대역폭메모리) 테마 상승세에 4.38% ↑",2026-06-25 09:14:50,tech_future,2026-06-25
반도체,"특징주, 피에스케이홀딩스-HBM(고대역폭메모리) 테마 상승세에 5.02% ↑",2026-06-25 09:14:39,tech_future,2026-06-25
반도체,"특징주, 심텍홀딩스-반도체 기판(FC-BGA/PCB/MLB 등) 테마 상승세에 6.76% ↑",2026-06-25 09:14:39,tech_future,2026-06-25
반도체,"특징주, 롯데쇼핑-백화점 테마 상승세에 2.95% ↑",2026-06-25 09:14:39,tech_future,2026-06-25
반도체,"특징주, LG이노텍-반도체 기판(FC-BGA/PCB/MLB 등) 테마 상승세에 5.12% ↑",2026-06-25 09:14:29,tech_future,2026-06-25
반도체,"특징주, 코리아써키트-CXL(컴퓨트익스프레스링크) 테마 상승세에 5.38% ↑",2026-06-25 09:14:29,tech_future,2026-06-25
반도체,"특징주, 이수페타시스-반도체 기판(FC-BGA/PCB/MLB 등) 테마 상승세에 5.78% ↑",2026-06-25 09:14:19,tech_future,2026-06-25
반도체,"특징주, 삼화콘덴서-MLCC 테마 상승세에 6.18% ↑",2026-06-25 09:14:09,tech_future,2026-06-25
반도체,코스피 장중 한때 9000선 회복…5%대 상승한 8930 마감,2026-06-25 09:13:41,tech_future,2026-06-25
반도체,기술주 약세에 숨 고르기…3대 지수 혼조 마감 [뉴욕증시],2026-06-25 09:07:07,tech_future,2026-06-25
반도체,"“KCC, 실적·자산가치·주주환원 대비 저평가”",2026-06-25 08:22:39,tech_future,2026-06-25
반도체,AI 거품론 잠재운 마이크론 ‘역대급 실적’…삼전·닉스 실적 기대감 ‘쑥’,2026-06-25 08:20:02,tech_future,2026-06-25
반도체,모델 경쟁을 넘어 인프라 경쟁으로: 인공지능 데이터센터의 전략적 의미 [지평 테크레이더],2026-06-25 07:00:00,tech_future,2026-06-25
반도체,"매경이 전하는 세상의 지식 (매-세-지, 6월 25일)",2026-06-25 07:00:00,tech_future,2026-06-25
반도체,"램리서치, 2026년 EPS 35% 성장·AI 반도체 수요 확대로 급등",2026-06-25 06:01:05,tech_future,2026-06-25
반도체,“트럼프 시대 역행하면 망합니다…한·일 함께 ‘脫중국’ 모색해야”,2026-06-25 06:01:00,tech_future,2026-06-25
반도체,"“주변에 AI 안 쓰는 사람 있나”…거품론 잠재운 마이크론, 매출 4배 급증",2026-06-25 05:34:26,tech_future,2026-06-25
반도체,“AI 버블? 아직 시작도 안 했다” … 주식·부동산 고수들이 찍은 하반기 승부처,2026-06-25 04:00:00,tech_future,2026-06-25
반도체,"시게이트테크놀러지, 반도체 업황 불안과 마이크론 실적 발표 앞두고 약세",2026-06-25 02:10:39,tech_future,2026-06-25
반도체,“삼전닉스 샀나요? 절대 팔지 마세요”…1.8조 자산운용가의 뼈 있는 한마디,2026-06-24 21:19:06,tech_future,2026-06-24
반도체,"“중국 패널 쓴 건 軍납품 받지마”…美정부 불호령, K디스플레이엔 청신호",2026-06-24 20:08:19,tech_future,2026-06-24
반도체,“팔 줄 몰라 못 판다더니”…김문수 SK하이닉스 주식 100배 오른 사연,2026-06-24 20:04:38,tech_future,2026-06-24
반도체,"SK하이닉스, 청주 낸드팹 증설 검토",2026-06-24 19:52:51,tech_future,2026-06-24
반도체,"“중국산 로봇은 안보 위협”…러트닉 美 상무장관, 추가 규제 카드 만지작",2026-06-24 19:42:33,tech_future,2026-06-24
반도체,"“반도체마저 정치 제물로”…국힘, ‘삼전닉스’ 호남 투자설 직격",2026-06-24 19:29:26,tech_future,2026-06-24
반도체,반도체 극한 쏠림의 결말?…닷컴버블 돌아보면 미래가 보인다[머니닥터 긴급 진단],2026-06-24 18:34:47,tech_future,2026-06-24
반도체,“무서워서 계좌 안봤는데 삼전 10% 뭐예요?”…마이크론 우려도 이긴 호재,2026-06-24 18:32:23,tech_future,2026-06-24
반도체,"거액 성과급 달라는 노조에 칼빼든 정부, 주총 결의 의무화로 제동",2026-06-24 18:17:31,tech_future,2026-06-24
반도체,[뉴스&분석] 지역 넘어 國運이 걸린 '광주 팹',2026-06-24 18:07:55,tech_future,2026-06-24
반도체,[단독] 자녀세액공제 10만원 받던 저소득층 … 보조금 전환땐 55만원,2026-06-24 18:07:49,tech_future,2026-06-24
반도체,평택·용인 속도전 돌입한 삼전닉스 '광주 팹' 이르면 2030년대 초 첫삽,2026-06-24 18:07:43,tech_future,2026-06-24
반도체,"野 ""기업 투자에 정치개입, 최악 관치경제"" 비판",2026-06-24 18:07:42,tech_future,2026-06-24
반도체,250만평 광주 軍공항·빛그린산단 거론 … 전력·용수확보가 관건,2026-06-24 18:07:42,tech_future,2026-06-24
반도체,"김용범 ""닥치고 아파트 지어야…주택공급 특단 방안 논의할 때""",2026-06-24 18:07:08,tech_future,2026-06-24
반도체,"""용인 반도체, 호남 이전 아냐 … 제2 클러스터 짓는 것""",2026-06-24 18:07:07,tech_future,2026-06-24
반도체,"""中패널 쓰면 美군사용 납품불가""…K디스플레이 특수",2026-06-24 18:04:50,tech_future,2026-06-24
반도체,"美 GPU 수출 통제 뚫고… 中, 슈퍼컴퓨터 왕좌 '등극'",2026-06-24 18:04:42,tech_future,2026-06-24
반도체,"""휴머노이드 1만대 4년내 제조현장에… 부품 국산화가 필수""",2026-06-24 18:03:58,tech_future,2026-06-24
반도체,"""마이크론 실적 확인부터""…코스피 3% 반등",2026-06-24 17:56:38,tech_future,2026-06-24
반도체,하이닉스 나스닥 ADR 45조규모로 내달 상장,2026-06-24 17:56:38,tech_future,2026-06-24
반도체,"일본, 90년대부터 석화 자율 구조조정 … 美기업은 첨단소재로 사업 전환",2026-06-24 17:55:31,tech_future,2026-06-24
반도체,이름은 신재생 ETF … 내용물은 삼전닉스,2026-06-24 17:52:52,tech_future,2026-06-24
반도체,항셍 지고 과창판 뜨고 中 증시도 반도체 쏠림,2026-06-24 17:52:51,tech_future,2026-06-24
반도체,"[기고] K제조업 10년 먹거리, 텍사스에 묻혀 있다",2026-06-24 17:48:32,tech_future,2026-06-24
반도체,"[이은아칼럼] 생큐, 일론 머스크",2026-06-24 17:48:31,tech_future,2026-06-24
반도체,"삼성전자, 3년간 자사주 90조원 사들인다…‘역대 최대’",2026-06-24 17:23:42,tech_future,2026-06-24
반도체,"하닉 시총 역전 후 코스피 폭락…“버블 초입 아냐, 단기 패닉셀일 뿐”",2026-06-24 17:21:03,tech_future,2026-06-24
반도체,"호남에 반도체 클러스터, 전력·용수 인프라가 우선이다 [사설]",2026-06-24 17:06:54,tech_future,2026-06-24
반도체,현기증 나는 증시 변동성…비이성적 과열 점검할 때다 [사설],2026-06-24 17:06:54,tech_future,2026-06-24
반도체,[속보] SK하이닉스 내달 10일 미국 ADR 상장 추진…최대 45조 유상증자,2026-06-24 16:58:30,tech_future,2026-06-24
반도체,“코스피 10% 급락이요? 지금이 기회”…美반도체주 급락에도 3% 반등 성공,2026-06-24 16:24:08,tech_future,2026-06-24
반도체,"""교통·주거·일자리·균형발전 … 경기도민, 변화 몸으로 느낄 것""",2026-06-24 16:02:18,tech_future,2026-06-24
반도체,"새 당선인, 인수위 띄우고 공약 밑그림…재선은 쉼없는 '속도전'",2026-06-24 16:01:56,tech_future,2026-06-24
반도체,강원에 반도체 설계·테스트 연구·교육 거점 만든다,2026-06-24 16:01:23,tech_future,2026-06-24
반도체,"‘삼성맨’ 이현이 남편, 수억대 성과급 받는다…“충성충성”",2026-06-24 15:48:18,tech_future,2026-06-24
반도체,"“코스피 추세 하락 아냐”…모건스탠리, ‘1만500’ 반전 전망, 이유가?",2026-06-24 15:37:32,tech_future,2026-06-24
반도체,삼정KPMG 윤학섭 세무자문 대표 부회장 승진,2026-06-24 15:35:27,tech_future,2026-06-24
반도체,다음은 팹리스와 전력주다…AI 밸류체인 주목 [주식 초고수는 지금],2026-06-24 15:13:48,tech_future,2026-06-24
반도체,"“SK하이닉스, 내릴 때 사야 한다”⋯반도체 업황 더 좋아진다는 증권가 [오늘, 이 종목]",2026-06-24 15:09:32,tech_future,2026-06-24
반도체,"우주 중력 활용해 약 만들고, 경수형 열공급 SMR 개발...41대1 경쟁률 뚫은 연구과제 살펴보니",2026-06-24 15:03:35,tech_future,2026-06-24
반도체,"경기중기청, 초격차 스타트업 50개사 선정…글로벌 유니콘 육성 박차",2026-06-24 14:43:03,tech_future,2026-06-24
반도체,"메모리반도체 2배 레버리지, 오늘 미국서 상장…티커는 ‘RAM’",2026-06-24 14:42:12,tech_future,2026-06-24
반도체,"한투운용 ‘고배당주Plus커버드콜액티브’, 상장 후 첫 분배금 지급",2026-06-24 14:31:16,tech_future,2026-06-24
반도체,"한화운용, ‘PLUS 글로벌HBM반도체’ 순자산 2조 돌파",2026-06-24 14:23:50,tech_future,2026-06-24
반도체,국힘 “반도체도 호남 표 계산에 동원하나…기업 팔목 비틀기 중단하라”,2026-06-24 14:08:55,tech_future,2026-06-24
반도체,"“위약금? 그까짓 거 내고 말지”…계약파기하는 집주인들, 왜?",2026-06-24 13:39:09,tech_future,2026-06-24
반도체,"아모레퍼시픽 목표가 하향…수급 언제 돌아올까 [오늘, 이 종목]",2026-06-24 13:38:38,tech_future,2026-06-24
반도체,“뭘 사도 오른다”…대만 개미들도 ‘빚투’,2026-06-24 13:36:47,tech_future,2026-06-24
반도체,어쨌든 AI·반도체…부자들의 주식 포트폴리오 열어보니,2026-06-24 13:35:37,tech_future,2026-06-24
반도체,‘HBM 완판’ 마이크론 호실적 예고…삼전·닉스 성적 기대감 ‘쑥’,2026-06-24 13:34:16,tech_future,2026-06-24
반도체,이상일 용인특례시장 “삼성 최고위층 ‘용인반도체 지방 안간다’ 확답”,2026-06-24 12:35:29,tech_future,2026-06-24
반도체,올해 동탄서만 351건 계약 취소…가계약금 2배 물고 웃돈 얹어 다시 판다,2026-06-24 11:06:29,tech_future,2026-06-24
반도체,"특징주, 케이바이오랩스-코로나19(치료제/백신 개발 등) 테마 상승세에 6.13% ↑",2026-06-24 10:54:36,tech_future,2026-06-24
반도체,올해 한미과학행사에 엔비디아 공동창업자 온다,2026-06-24 10:52:29,tech_future,2026-06-24
반도체,김용범 “용인 반도체 클러스터 지방이전 아냐…제2클러스터 추가하는 것”,2026-06-24 10:51:21,tech_future,2026-06-24
반도체,“꼬리가 몸통 흔든다”…증시 흔드는 레버리지 ETF의 그늘,2026-06-24 10:50:50,tech_future,2026-06-24
반도체,전닉 팔고 난 뒤 뭐 살까 살펴보니…‘글로벌 K콘텐츠’ 중심 종목 줍줍 [주식 초고수는 지금],2026-06-24 10:41:10,tech_future,2026-06-24
반도체,"엔비디아 없이 美 압도했다...‘CPU100%’ 中 슈퍼컴퓨터, 세계 1위 탈환",2026-06-24 10:23:12,tech_future,2026-06-24
반도체,"특징주, 삼성전자-반도체 생산 테마 상승세에 7.9% ↑",2026-06-24 09:58:13,tech_future,2026-06-24
반도체,"[MK시그널] ISC, AI 반도체 시장 성장에 따른 테스트 소켓 수요 확대 등에 주가 상승세... MK시그널 추천 후 상승률 25.75% 기록",2026-06-24 09:44:38,tech_future,2026-06-24
반도체,"“남들 패닉때 난 줍줍하지”…‘역대급 폭락’ 코스피, 하루 만에 3%대 반등",2026-06-24 09:39:29,tech_future,2026-06-24
반도체,"ISC, 증권사 목표가 상향에 강세…5.57%",2026-06-24 09:23:42,tech_future,2026-06-24
반도체,"특징주, SK하이닉스-반도체 생산 테마 상승세에 5.05% ↑",2026-06-24 09:14:12,tech_future,2026-06-24
반도체,“반도체만 보고 경기 살아난 줄 착각”…기업 경기전망 4개월째 기준선 밑돌아,2026-06-24 09:10:32,tech_future,2026-06-24
반도체,반도체주 매도세에 동반 하락…나스닥 2.2%↓[뉴욕증시],2026-06-24 09:00:33,tech_future,2026-06-24
반도체,이 나라 ‘몰빵’도 한국 못지 않네…대만증시도 개인투자자 ‘빚투’ 열풍,2026-06-24 08:29:54,tech_future,2026-06-24
반도체,“정말 드러누워서라도 말려야 했어”…하락 쇼크 더큰 삼전닉스 ‘나락 베팅’,2026-06-24 08:27:20,tech_future,2026-06-24
반도체,"“수급만 돌아오면 반등”…아모레퍼시픽, 2분기 호실적 전망에도 목표가↓",2026-06-24 08:23:00,tech_future,2026-06-24
반도체,"한국 증시, MSCI 선진지수 관찰대상국 등재 또 불발…이유가?",2026-06-24 08:01:56,tech_future,2026-06-24
반도체,"세레브라스, 매출 92% 급증에도 주가는 시간외 10% 급락",2026-06-24 07:43:19,tech_future,2026-06-24
반도체,"삼성, AI폰 초격차 이끌 신무기 개발…성능 끌어올릴 낸드 스펙 봤더니",2026-06-24 06:00:34,tech_future,2026-06-24
반도체,"100억 이상 자산가들, 삼전닉스 보다 더 산 종목이 있었네",2026-06-24 05:57:18,tech_future,2026-06-24
반도체,반도체 너무 올랐나...기술주 투매에 나스닥 2.2% 급락 [월가월부],2026-06-24 05:51:37,tech_future,2026-06-24
반도체,“들어갈 집 아니면 팔라” … 세금 엄포로 집값이 잡힐까,2026-06-24 05:20:00,tech_future,2026-06-24
반도체,"올인 퓨처테크 얼라이언스, 경영진 전면 교체..AI 전략 강화",2026-06-24 02:40:49,tech_future,2026-06-24
반도체,"삼전닉스, 호남·충청에 반도체 팹 세운다 … 수백조 투자 전망",2026-06-23 23:03:18,tech_future,2026-06-23
반도체,"로마 그린 파이낸스, NXTGrid에 1500만 달러 투자..AI 전력 인프라 확보",2026-06-23 22:46:56,tech_future,2026-06-23
반도체,"퀀텀 컴퓨팅, NHanced 인수 완료..7,310만 달러 투입해 제조역량 확대",2026-06-23 21:58:04,tech_future,2026-06-23
반도체,삼전보다 더 올랐다…앞으로 더 간다는 ‘제2의 반도체’ [플러스 관심종목],2026-06-23 19:44:33,tech_future,2026-06-23
반도체,"단 하루에 610조 증발했다…‘자금 블랙홀’ 스페이스X, 무슨 발표했길래",2026-06-23 18:53:15,tech_future,2026-06-23
반도체,'쉬었음 청년' 65만명 … 그들도 일하고 싶다,2026-06-23 18:04:41,tech_future,2026-06-23
반도체,삼성 HBM4 매출 첫 10억弗 돌파,2026-06-23 18:04:39,tech_future,2026-06-23
반도체,반도체 덕에 실적 '훨훨' … 기업 매출 13.5% 늘어,2026-06-23 17:59:58,tech_future,2026-06-23
반도체,"LG화학, R&D에 15조원 투자 … 반도체·로봇소재 신사업 확장",2026-06-23 17:59:32,tech_future,2026-06-23
반도체,"삼성, AI폰 초격차 이끌 '신무기 낸드' 개발",2026-06-23 17:59:31,tech_future,2026-06-23
반도체,"李대통령 ""청년 기회의 사다리 확대해야""",2026-06-23 17:56:45,tech_future,2026-06-23
반도체,일을 포기하게 만든 사회 … 구조적 원인 네 가지,2026-06-23 17:56:44,tech_future,2026-06-23
반도체,대규모 회사채 발행에…스페이스X 16% 급락,2026-06-23 17:53:48,tech_future,2026-06-23
반도체,AI인프라 투자 확대 수혜 … 슈퍼마이크로컴 '불기둥',2026-06-23 17:53:47,tech_future,2026-06-23
반도체,슈퍼리치가 담은 국내주식은 현대차·하이닉스·삼전 順,2026-06-23 17:53:45,tech_future,2026-06-23
반도체,"""반도체시장 급속 성장 새 생산단지 투자 필요""",2026-06-23 17:50:32,tech_future,2026-06-23
반도체,"빅테크發 칩주문 폭증 … 삼성 ""HBM4E 시장도 선점할 것""",2026-06-23 17:50:32,tech_future,2026-06-23
반도체,메모리 성과급이 불러온 박탈감… 시스템·파운드리 인재 이탈 우려,2026-06-23 17:50:31,tech_future,2026-06-23
반도체,[매일경제TV] 美 개인소비지출 가격지수 전망 분석,2026-06-23 17:38:23,tech_future,2026-06-23
반도체,[글로벌포커스] 안보 맡길 '국가대표 AI' 서둘러야,2026-06-23 17:37:29,tech_future,2026-06-23
반도체,"TSMC, 일본 구마모토 공장 지하수 고갈 우려…생산 차질 리스크 부각",2026-06-23 17:34:26,tech_future,2026-06-23
반도체,[김선걸칼럼] 신기루 같은 지표가 쏟아질 때,2026-06-23 17:25:31,tech_future,2026-06-23
반도체,"수도권도 구인난인데…삼성전자·SK하이닉스, ‘호남 공장 추진설’에 ‘술렁’",2026-06-23 17:00:10,tech_future,2026-06-23
반도체,반도체 호황 따라 “대학 대신 특성화고”…졸업생 30%가 대기업,2026-06-23 16:15:29,tech_future,2026-06-23
반도체,“초호황 삼전닉스도 피할 수 없나”…내년 하반기 공급 과잉 직면 가능성,2026-06-23 15:59:16,tech_future,2026-06-23
반도체,“삼전닉스만 잘 나가는 게 아니었어”…기업들 성장성·수익성 좋아졌다,2026-06-23 15:58:21,tech_future,2026-06-23
반도체,“대학 갈 돈·시간 아끼고 ‘삼전닉스’ 취업도 직행”…특성화고 관심 폭발,2026-06-23 15:57:11,tech_future,2026-06-23
반도체,“이거 길음동 월세 맞아?” … 국평 보증금 5억에 180만원 [부동산 손품노트],2026-06-23 15:53:18,tech_future,2026-06-23
반도체,"‘검은 화요일’ 코스피, 10% 급락한 8203 마감…코스닥 7.9%↓",2026-06-23 15:37:14,tech_future,2026-06-23
반도체,코스피 시총 1위는 내줬지만…저가 매수세 몰리는 SK하이닉스 [주식 초고수는 지금],2026-06-23 15:21:22,tech_future,2026-06-23
반도체,李 대통령 “석유 최고가격제 유지하고 좀 낮춰야”,2026-06-23 15:13:59,tech_future,2026-06-23
반도체,정장선 평택시장 “평택은 세계적 도시와 어깨를 나란히 할때”,2026-06-23 15:08:44,tech_future,2026-06-23
반도체,반도체 극한 쏠림의 결말? … 닷컴버블 돌아보면 미래가 보인다,2026-06-23 15:06:28,tech_future,2026-06-23
반도체,"이재용 삼성전자 회장, 천안 HBM 생산현장 방문...2023년 이후 3년만",2026-06-23 14:56:07,tech_future,2026-06-23
반도체,"“하이닉스 시총, 삼전 넘으면 증시 추락”…증권사 보고서 ‘성지순례’ 왔습니다",2026-06-23 14:42:34,tech_future,2026-06-23
반도체,[속보] 코스피 8%대 폭락에 서킷브레이커 발동…올들어 4번째,2026-06-23 14:36:40,tech_future,2026-06-23
반도체,불과 2주만에 ‘3억’ 올렸다…삼전 성과급 소식에 동탄 아파트 야단법석,2026-06-23 14:36:00,tech_future,2026-06-23
반도체,이상일 용인특례시장 “반도체입지 공론화 결정 세계 어디에도 없어”,2026-06-23 14:08:36,tech_future,2026-06-23
반도체,美 싱크탱크도 극찬한 고려아연 제련 역량…핵심광물 공급망 주도,2026-06-23 14:05:25,tech_future,2026-06-23
반도체,역대급 폭락 ‘검은 화요일’…코스피 10%·코스닥8%↓,2026-06-23 14:04:53,tech_future,2026-06-23
반도체,오창 방사광가속기 공식 이름은 ‘한국새빛가속기’,2026-06-23 14:03:51,tech_future,2026-06-23
반도체,"“K-반도체 벨트 수혜 기대감”…SM그룹 건설부문, ‘안성 우방아이유쉘 에스티지’ 입주 조건 보니",2026-06-23 14:01:51,tech_future,2026-06-23
반도체,"“민원도 AI가 척척”…삼성SDS, 공공 AX 전면에 내세웠다",2026-06-23 13:07:49,tech_future,2026-06-23
반도체,"이 대통령 “역대급 성과급도 청년에겐 남일…소외감, 뼈아프게 받아들여야”",2026-06-23 10:56:21,tech_future,2026-06-23
반도체,"李 “역대급 성과급·코스피에도 청년 소외감, 뼈아프게 받아들여야”",2026-06-23 10:36:18,tech_future,2026-06-23
반도체,타임폴리오 ‘TIME 액티브 ETF’ 순자산 10조 돌파…독립 운용사 최초,2026-06-23 10:27:56,tech_future,2026-06-23
반도체,새 시·도지사 AI 공약 보니…‘행정 혁신’ 넘어 지역 성장전략으로,2026-06-23 10:08:44,tech_future,2026-06-23
반도체,"[K-리쇼어링 성장 전략] 반도체 슈퍼사이클 올라탔다…원익큐엔씨, 선제적 투자로 ‘초격차’ 성장",2026-06-23 10:00:00,tech_future,2026-06-23
반도체,"[MK시그널] 두산, AI 반도체 소재 및 에너지 사업 가치 부각 등에 주가 상승세... MK시그널 추천 후 상승률 9.34% 기록",2026-06-23 09:41:35,tech_future,2026-06-23
반도체,[MK 골든크로스 돌파종목 : 성도이엔지(037350) & 키스트론(475430)],2026-06-23 09:38:22,tech_future,2026-06-23
반도체,"“내일부터 골목상권 북적이겠네”…삼성전자, 온누리상품권 지급 개시",2026-06-23 08:48:36,tech_future,2026-06-23
빅테크,"美 날아간 LS 부회장 ""전력·에너지 강자 될것""",2026.06.26 17:52,tech_future,2026-06-26
빅테크,AI사령관이 전황 좌우 … 순식간에 타깃 1000곳 초토화,2026.06.26 17:28,tech_future,2026-06-26
빅테크,이주의 새책,2026.06.26 16:35,tech_future,2026-06-26
빅테크,"중국, 미국 기업 줄제재 속 애플 공급망 리스크 확대",2026.06.25 22:52,tech_future,2026-06-25
빅테크,“AI·로봇 공장 ‘통째로’ 수출을”... 한국 살리는 AI전략은,2026.06.25 17:59,tech_future,2026-06-25
빅테크,“제미나이보다 좋다고?”…난리 났네 中 ‘즈푸 AI’,2026.06.25 16:59,tech_future,2026-06-25
빅테크,삼성전자 `재평가 국면의 시작` 증권사 발표에 강세…5.14%,2026.06.25 09:23,tech_future,2026-06-25
빅테크,"“AI 도입 비용부터 낮춘다”…KT, AX 체험·현장 검증으로 B2B 공략",2026-06-25 09:00:34,tech_future,2026-06-25
빅테크,“삼성전자 재평가는 이제 시작…2분기 영업익 90조 추정” 목표가↑,2026-06-25 08:21:02,tech_future,2026-06-25
빅테크,“배그 원툴 잊어라” 크래프톤의 신사업…거물 CEO와 회동했다는데,2026-06-25 07:26:10,tech_future,2026-06-25
빅테크,"[단독] ""제조 현장 AI 전환 더 빠르게"" 현대차 내부서 팩토리OS 제안",2026-06-24 23:00:45,tech_future,2026-06-24
빅테크,"中알리바바, 美전쟁부 상대 소송…""증거 없이 블랙리스트 등록시켜""",2026-06-24 18:04:43,tech_future,2026-06-24
빅테크,'AI 기업' 선언 크래프톤 AWS와 피지컬 AI 동맹,2026-06-24 18:04:35,tech_future,2026-06-24
빅테크,“AI 에이전트가 읽지 못하는 데이터 난무”...팰런티어가 ‘온톨로지’로 뚫은 AX의 벽,2026-06-24 16:09:55,tech_future,2026-06-24
빅테크,오픈AI·구글과 나란히 선 니어스랩…‘피지컬 AI’로 코스닥 드론 1호 정조준,2026-06-24 16:04:30,tech_future,2026-06-24
빅테크,"김창한 크래프톤 대표, AWS CEO 만났다···글로벌 AI 협력 확대",2026-06-24 10:15:52,tech_future,2026-06-24
빅테크,“어? 애플 주가 왜이래?”… 영국서 6조짜리 집단소송 당했다는데,2026-06-24 09:54:37,tech_future,2026-06-24
빅테크,"의료 AI 키워라 … 정부, 데이터 빗장 푼다",2026-06-23 17:04:51,tech_future,2026-06-23
빅테크,"부산모빌리티쇼, 육해공 모빌리티 총출동 ‘도심형 축제’로",2026-06-23 09:54:53,tech_future,2026-06-23
빅테크,美빅테크 연봉·日철밥통 고용 다달라고?…양손에 떡 쥐려다 다놓친다 [매경포럼],2026-06-23 09:41:05,tech_future,2026-06-23
빅테크,"“백색가전, 이제 보너스 개념”...‘뜨거운 감자’ LG전자, 단숨에 목표가 2배 [오늘 나온 보고서]",2026-06-23 09:10:18,tech_future,2026-06-23
빅테크,어린이 수만명 식중독에 대통령 화났다…급식사업 비리잡는 AI 감시관,2026-06-23 07:18:36,tech_future,2026-06-23
빅테크,"스페이스X 16% 급락, 알파벳 5% 하락에 뉴욕증시 혼조...“시장 극도로 고평가” [월가월부]",2026-06-23 05:34:51,tech_future,2026-06-23
빅테크,"中, 美 기업 10곳에 수출 통제",2026-06-22 17:52:16,tech_future,2026-06-22
빅테크,"[특파원칼럼] 中 반도체 굴기, 이미 시작됐다",2026-06-22 17:38:18,tech_future,2026-06-22
빅테크,SK의 큰 그림 … 반도체부터 에너지까지 'AI 생태계' 하나로,2026-06-22 17:36:00,tech_future,2026-06-22
빅테크,[단독] “순혈주의가 밥 먹여주나”...빅테크 인재 빨아들이는 현대차그룹,2026-06-22 17:30:09,tech_future,2026-06-22
빅테크,[매경포럼] 양손에 떡을 쥘 순 없다,2026-06-22 16:59:22,tech_future,2026-06-22
빅테크,‘제2의 딥시크’…중국 오픈소스 AI ‘GLM-5.2’에 실리콘밸리 들썩,2026-06-22 13:40:45,tech_future,2026-06-22
빅테크,iM증권 “내년까지 반도체 호황 계속”…‘삼전닉스’ 목표가 20%대↑,2026-06-22 08:45:07,tech_future,2026-06-22
빅테크,AI·우주·휴머노이드 … 미지의 세계 밝힐 딥테크 리더 집결,2026-06-21 17:43:15,tech_future,2026-06-21
빅테크,트럼프 노골적 인텔 밀어주기에…파운드리 2위 삼성 고심도 커져,2026-06-21 17:42:33,tech_future,2026-06-21
빅테크,"""함께 일할 AI 구합니다""… AI 에이전트 채용 '붐'",2026-06-21 17:31:51,tech_future,2026-06-21
빅테크,"AI 직원이 사고치면 누가 책임지나? ""계약서에 책임 범위 명확히 해둬야""",2026-06-21 17:31:51,tech_future,2026-06-21
빅테크,AI 빅테크 인재전쟁…노벨화학상 받은 구글 직원 앤트로픽으로,2026-06-21 11:11:00,tech_future,2026-06-21
빅테크,머스크 스페이스X 화려한 나스닥 데뷔…M7 대신 망고스·팹10 시대로,2026-06-20 10:36:11,tech_future,2026-06-20
빅테크,"“40살까지 모은 7억, 1년만에 모두 잃었다”…20만 유명 유튜버, 뭘했길래",2026-06-20 07:28:55,tech_future,2026-06-20
빅테크,"[딥 머니 토크] ""스페이스X 주가 과열"" … 美가치평가 대가의 경고",2026-06-19 17:40:27,tech_future,2026-06-19
빅테크,"인텔의 하이닉스 CEO 영입, 해외서 탐내는 K반도체 인재들 [사설]",2026-06-19 17:29:42,tech_future,2026-06-19
빅테크,스파이크플레이션·토큰맥싱·아이작 [This Week 경제용어],2026-06-19 16:50:32,tech_future,2026-06-19
빅테크,“다음 따따블 누구?”…공모주 시장에 줄 선 새내기들,2026-06-19 13:34:06,tech_future,2026-06-19
빅테크,"한투운용 ‘글로벌반도체TOP4Plus’, 첫 10만원 돌파…국내 반도체 ETF 중 최단기",2026-06-19 10:12:05,tech_future,2026-06-19
빅테크,“스페이스X? 너무 비싸 한 주도 안 산다” … 가치평가 대가의 일침,2026-06-19 04:05:00,tech_future,2026-06-19
빅테크,“중국판 하이닉스가 온다” … 675조원 中 메모리 공룡의 야심,2026-06-19 04:00:00,tech_future,2026-06-19
빅테크,"“AI 국제동맹 만듭시다, 중국은 빼고”…G7정상에 운띄운 빅테크들",2026-06-18 23:56:23,tech_future,2026-06-18
빅테크,"K반도체 장비, 머스크 테라팹 생태계 입성",2026-06-18 17:58:00,tech_future,2026-06-18
빅테크,하이닉스도 샘플 전달 … HBM4E 개발 '속도전',2026-06-18 17:56:53,tech_future,2026-06-18
빅테크,"월가 ""이젠 망고스 뜬다""",2026-06-18 17:48:25,tech_future,2026-06-18
빅테크,"엔비디아·테슬라 이어 애플 칩까지… 트럼프 ""인텔이 미국에서 제조할것""",2026-06-18 17:38:16,tech_future,2026-06-18
빅테크,"아이폰 얼마나 비싸질까…애플 “메모리 가격, 더는 감당 못해”",2026-06-18 16:06:43,tech_future,2026-06-18
빅테크,아이폰도 값 오르나…애플 “메모리 대란에 가격인상 불가피”,2026-06-18 12:53:08,tech_future,2026-06-18
빅테크,"약 먹었더니 위암 확률 ‘절반’으로 뚝…한미, AI 지도로 암세포 전 단계서 막는다",2026-06-18 12:43:31,tech_future,2026-06-18
빅테크,‘삼전닉스’ 수익률 별 거 아니다...700% 급등한 이 종목,2026-06-18 11:08:45,tech_future,2026-06-18
빅테크,롤러코스터 장세 이제 끝?…증권가 “1만피 간다”,2026-06-18 10:58:46,tech_future,2026-06-18
빅테크,AI시대 SK하이닉스의 '학력제한 전면 철폐' 주목한다 [사설],2026-06-17 17:48:18,tech_future,2026-06-17
빅테크,"LS, 美 데이터센터 배전 수주 … 싱가포르엔 초고압 전력망도",2026-06-17 17:39:10,tech_future,2026-06-17
빅테크,“젠슨 황이 61조 들고도 못 산 회사” … ‘AI 월드컵 4강’ 뚫고 우승할 승자,2026-06-17 17:31:25,tech_future,2026-06-17
빅테크,“결국 반도체가 끌어올렸다” … 밸류업 효과는 환상? 하반기 진짜 확인할 팩트는 [자이앤트 썰],2026-06-17 17:05:27,tech_future,2026-06-17
빅테크,빅테크가 점령한 한국 AI시장 … 인프라 자립에 국가경쟁력 달려,2026-06-17 16:12:42,tech_future,2026-06-17
빅테크,"“어느 하나만 잘해선 안 된다”…IITP 홍진배 원장, ‘AX 2.0 풀스택’ 패키지 경쟁력 강조",2026-06-17 16:01:06,tech_future,2026-06-17
빅테크,"“전쟁 끝, 1만피 도전 시작” … 종전 이후 판 바뀌는 투자 지도",2026-06-17 14:51:52,tech_future,2026-06-17
빅테크,육해공 모빌리티 기업 총집합… 2026 부산모빌리티쇼 개최,2026-06-17 14:17:07,tech_future,2026-06-17
빅테크,"AI팩토리, 한국의 창해유주(滄海遺珠) [손현덕칼럼]",2026-06-17 09:07:48,tech_future,2026-06-17
빅테크,"영국, 16세미만 SNS 금지 … 게임·라이브 채팅도 제한",2026-06-16 17:42:40,tech_future,2026-06-16
빅테크,"[손현덕칼럼] AI팩토리, 한국의 창해유주",2026-06-16 17:23:46,tech_future,2026-06-16
빅테크,총저축률·투자율 역대급 괴리… 반도체 호황에도 ‘돈 가뭄’,2026-06-16 15:35:35,tech_future,2026-06-16
빅테크,美풍력발전 규제 해소 기대…씨에스윈드 30% 급등 [매경 자이앤트],2026-06-16 14:57:17,tech_future,2026-06-16
빅테크,"가온전선, 美 생산법인 두배 증설...현지 공급 강화",2026-06-16 14:01:59,tech_future,2026-06-16
빅테크,"경과원, 글로벌 빅테크와 손잡고 AI 인재 키운다…전문인력 60명 모집",2026-06-16 13:30:04,tech_future,2026-06-16
빅테크,빅테크 독립선언에도 ‘엔비디아 독재’ 끄덕없다…추론칩서도 넘사벽,2026-06-16 13:22:23,tech_future,2026-06-16
빅테크,[단독]보스턴다이내믹스 주주 바뀌나...소프트뱅크 지분 이달말 매각 가능성,2026-06-16 11:18:12,tech_future,2026-06-16
빅테크,"“이익 정점인가, 시작인가” 삼성·하이닉스 AI가 바꾼 메모리 공식",2026-06-16 10:26:48,tech_future,2026-06-16
빅테크,챗GPT·제미나이 싸움 구경하는 애플 … 진짜 노림수는 ‘AI 통행세’,2026-06-16 05:00:00,tech_future,2026-06-16
빅테크,"코닝, 빅테크와 '고정비 보장' 계약 체결…AI 인프라 수혜 안정성 확보",2026-06-16 04:20:45,tech_future,2026-06-16
빅테크,사상 최대 IPO에도 안무너진 월가…‘더 넓어진 장’에 주목하라 [불앤베어 위클리],2026-06-15 19:23:29,tech_future,2026-06-15
빅테크,"더 적은 전력으로 더 많은 연산 … AI칩, 인간 뇌신경 닮아간다",2026-06-15 17:46:20,tech_future,2026-06-15
빅테크,"""AI, 10년내 인간보다 1만배 똑똑해"" 손정의가 쏘아올린 ASI 쩐의 전쟁",2026-06-15 17:46:19,tech_future,2026-06-15
빅테크,‘양날의 검’ 레버리지 ... 투자 전 이것부터 반드시 확인해야,2026-06-15 04:00:00,tech_future,2026-06-15
빅테크,사상 최대 IPO에도 안무너진 월가 … ‘더 넓어진 장’에 주목하라,2026-06-15 04:00:00,tech_future,2026-06-15
빅테크,"[단독] 삼성, 에너지TF 구성…AI·반도체 성패 쥔 ‘전력’서 새 먹거리",2026-06-14 18:18:41,tech_future,2026-06-14
빅테크,"삼성, AI 데이터센터로 에너지 新모델 … 세계시장 진출 발판",2026-06-14 17:41:06,tech_future,2026-06-14
빅테크,삼성 에너지 사업 '재시동' 건다,2026-06-14 17:26:57,tech_future,2026-06-14
빅테크,'구원투수' ESS·휴머노이드 등판 … K배터리株 다시 뛴다,2026-06-14 17:17:59,tech_future,2026-06-14
빅테크,"NH농협은행, 당근 부동산 직거래도 안심송금 … 생활밀착 플랫폼 '맞손'",2026-06-14 16:11:29,tech_future,2026-06-14
빅테크,“1조원 받아도 명함 못 내민다” … 천조국 연봉킹들의 세계,2026-06-13 04:00:00,tech_future,2026-06-13
빅테크,"日증시도 반도체가 접수…키옥시아, 도요타 제치고 시총 1위",2026-06-12 22:30:41,tech_future,2026-06-12
빅테크,삼성전자 파운드리에 또 빅테크 러브콜 … 구글 AI칩 수주 유력,2026-06-12 17:55:30,tech_future,2026-06-12
빅테크,"日, 美 SMR에 100조원 투자 …'원전 동맹' 속도",2026-06-12 17:40:05,tech_future,2026-06-12
빅테크,"반도체 붐에 … 키옥시아, 日 시총 1위 등극",2026-06-12 17:40:03,tech_future,2026-06-12
빅테크,배터리ETF 은근슬쩍 50% 쑥 … AI발 훈풍 계속 받을까,2026-06-12 17:27:46,tech_future,2026-06-12
빅테크,룰루레몬 주가 반 토막에도 산다…마이클 버리의 역발상,2026-06-12 17:06:57,tech_future,2026-06-12
빅테크,올해 500% 넘게 올랐어도 믿을건 삼성전기 [주식 초고수는 지금],2026-06-12 15:31:27,tech_future,2026-06-12
빅테크,1조 인수 거절…큰 그림 그린 ‘토종 AI 전사’ [CEO 라운지],2026-06-12 14:46:02,tech_future,2026-06-12
빅테크,젠슨 황 ‘쇼타임’ 이후…재계 총수가 달라졌다 [스페셜리포트],2026-06-12 11:37:24,tech_future,2026-06-12
빅테크,지옥에서 돌아왔다…태양광의 재발견 [스페셜 리포트],2026-06-12 11:27:07,tech_future,2026-06-12
빅테크,AI 추론칩 최대 수혜주는 리노공업 [주식 초고수는 지금],2026-06-12 11:19:10,tech_future,2026-06-12
빅테크,나없으면 반도체 수출 어쩔…뛰는 유가 위에 나는 대한항공,2026-06-12 09:36:26,tech_future,2026-06-12
빅테크,창고 취급받던 ‘메모리의 반란’ … AI 시대 반도체 권력이동,2026-06-12 04:00:00,tech_future,2026-06-12
빅테크,"마이크론, 뉴욕 500억 달러 메가팹 착공…미국 메모리 자립화 선두 주자로 급부상",2026-06-12 02:41:34,tech_future,2026-06-12
빅테크,AI가 메모리 산업 체질 바꿔 … 사이클 휘둘리지 않아,2026-06-11 17:49:07,tech_future,2026-06-11
빅테크,“AI 열풍 안 끝난다” TSMC 말 맞았나…월간 최대 매출,2026-06-11 16:57:19,tech_future,2026-06-11
빅테크,[AI Trend Map] 오픈클로에서 ‘츠위안’까지 중국 AI 에이전트 생태계의 명과 암,2026-06-11 16:04:49,tech_future,2026-06-11
빅테크,‘FDE’ 키우는 구글…韓에도 ‘현장 부대’ 꾸린다,2026-06-11 14:29:06,tech_future,2026-06-11
빅테크,테라파워와 차세대 SMR ‘맞손’ SK이노…JP모간 “재평가 기회”,2026-06-11 14:21:53,tech_future,2026-06-11
빅테크,“AI 투자 사이클 꺾이지 않았다”...TSMC 월매출 20조원 돌파 ‘사상 최대’,2026-06-11 12:21:48,tech_future,2026-06-11
빅테크,"리얼월드, 글로벌 로봇 AI ‘RLDX-1’ 투어 서울서 성료",2026-06-11 11:56:27,tech_future,2026-06-11
빅테크,[AI Trend Map] IPO ‘챗GPT vs 클로드’ 하반기 상장 채비,2026-06-11 11:21:12,tech_future,2026-06-11
빅테크,CXMT 상장에도 끄떡없다는데…‘53만전자’ 간다고?,2026-06-11 10:52:26,tech_future,2026-06-11
빅테크,"“눈치 안보고 회사서 AI 맘대로 쓴다”…삼성전자, AX 본격화",2026-06-11 09:51:40,tech_future,2026-06-11
빅테크,"한국 찾는 샘 올트먼, 기업 강연한다…대상은 삼성전자 임직원",2026-06-11 09:34:47,tech_future,2026-06-11
빅테크,"주가는 쉬었지만 수주는 쉬지 않았습니다…유안타증권, LS일렉트릭 목표가 30만원 제시",2026-06-11 09:30:17,tech_future,2026-06-11
빅테크,"메모리 다음은 '반도체 기판'…LG이노텍, 2조원 공격 투자",2026-06-10 17:55:14,tech_future,2026-06-10
빅테크,"HBM·메모리 이어 기판도 품귀 … 빅테크 ""돈 댈테니 물량 달라""",2026-06-10 17:53:31,tech_future,2026-06-10
빅테크,"""中메모리 CXMT 상장땐 오히려 삼전 돋보일것""",2026-06-10 17:50:33,tech_future,2026-06-10
빅테크,샌프란시스코 주민투표서 '과도한 CEO 보수세' 부결,2026-06-10 17:48:11,tech_future,2026-06-10
빅테크,산업별 AX 전쟁 … 휴머노이드·AI 팩토리 총출동,2026-06-10 17:14:51,tech_future,2026-06-10
빅테크,"美 ‘솔라허브’ 완공한 한화큐셀, 7월부터 양산...현지 공략 본격화",2026-06-10 14:21:23,tech_future,2026-06-10
빅테크,“역대급 수출로 달러 벌어놓고 왜?” … 원화값 추락 진짜 이유 [고환율 긴급 점검①],2026-06-10 14:15:51,tech_future,2026-06-10
빅테크,“이거 놔두면 수능 난리납니다”…토익시험서 ‘AI글라스’ 커닝시도 첫 적발,2026-06-10 10:23:58,tech_future,2026-06-10
빅테크,“중국 라이벌 상장은 오히려 삼전 돋보일 기회…영업익 100조 간다” [오늘 나온 보고서],2026-06-10 08:46:45,tech_future,2026-06-10
빅테크,"“中 CXMT 상장, 삼성전자엔 악재 아닌 호재…재평가 신호탄”",2026-06-10 08:32:19,tech_future,2026-06-10
빅테크,"빅테크 매일 연락오고, 월수당 천만원 직원도…광케이블공장 무슨일이",2026-06-10 06:04:00,tech_future,2026-06-10
빅테크,“중국 AI 왜 써?” 하더니 사용량 1위…‘99% 할인’ 앞에는 국경없다,2026-06-10 06:02:29,tech_future,2026-06-10
빅테크,“우리도 AI 에이전트 도입” … 이런 회사 10곳 중 1곳만 제대로 쓴다,2026-06-10 05:00:00,tech_future,2026-06-10
빅테크,"“오늘 밤 가장 핫한 과자, 맞네”...8배 넘게 팔린 HBM칩 등 ‘젠슨 황’ 특수",2026-06-09 20:17:16,tech_future,2026-06-09
빅테크,中 빅테크 제재 나서는 美 … 군사지원 기업 188곳 지정,2026-06-09 17:59:16,tech_future,2026-06-09
빅테크,"가온전선, 美AI기업에 버스덕트 공급",2026-06-09 17:43:53,tech_future,2026-06-09
빅테크,"""토큰값 너무 부담"" 가성비 中 AI에 몰린다",2026-06-09 17:11:39,tech_future,2026-06-09
빅테크,AI 특수에 광케이블 수요 폭주 … 공장 24시간 가동,2026-06-09 16:36:53,tech_future,2026-06-09
빅테크,‘머스크표 블랙홀’ 스페이스X 상장…삼전닉스 주가 향방은?,2026-06-09 14:49:58,tech_future,2026-06-09
빅테크,"SK하이닉스, `수요 가속 국면 진입` 증권사 발표에 강세",2026-06-09 11:43:18,tech_future,2026-06-09
빅테크,"다시 불붙는 반도체주…SK하이닉스, 소부장 함께 뛴다 [매경 자이앤트]",2026-06-09 10:55:54,tech_future,2026-06-09
빅테크,"‘1.7조弗 몸값’ 스페이스X, 12일 나스닥 간다…내 삼전닉스 주가엔 어떤 영향?",2026-06-09 09:13:03,tech_future,2026-06-09
빅테크,“이러니 국장서 돈이 빠지죠”…스페이스X·엔스로픽 이어 오픈AI도 상장절차 돌입,2026-06-09 08:43:34,tech_future,2026-06-09
빅테크,"“15억원짜리 만찬은 가면서”…美의원, 청문회 출석 요청에 젠슨 황이 한 말",2026-06-09 07:53:39,tech_future,2026-06-09
빅테크,"마이크론 10%, 반도체주 반등...美 증시 하락 만회 [월가월부]",2026-06-09 05:52:40,tech_future,2026-06-09
빅테크,"“AI 투자도 인플레 자극, 내년 금리인상 가능” … 월가 채권 거물의 경고",2026-06-09 04:00:00,tech_future,2026-06-09
빅테크,"루멘텀홀딩스, AI·반도체 산업 호조 속 매출·EPS 급성장 전망",2026-06-09 00:21:07,tech_future,2026-06-09
빅테크,“실적은 A+인데 왜?” … 韓美 증시 흔든 브로드컴 담아도 될까,2026-06-08 17:57:22,tech_future,2026-06-08
빅테크,"[미국 주식 돋보기] '젠슨황 픽' 마벨, S&P500지수 들어간다",2026-06-08 17:53:24,tech_future,2026-06-08
빅테크,‘가치평가 대가’ 다모다란 “스페이스X 상장가 26%는 거품”,2026-06-08 15:21:49,tech_future,2026-06-08
빅테크,"SKT, 엔비디아와 AI 데이터센터 판 키운다...“아시아 최대 인프라 될 것”",2026-06-08 13:17:35,tech_future,2026-06-08
빅테크,"에너지 정책 전환 따라 원전 건설주 주목, 수혜 종목 제한적…ETF로 분산투자",2026-06-08 10:48:22,tech_future,2026-06-08
빅테크,"“연일 시퍼런 장, 절반은 이것 때문?”…국민연금도 기다린다는 초대형 IPO",2026-06-08 06:25:02,tech_future,2026-06-08
빅테크,美금리공포에 반도체 차익실현 韓증시도 '유동성 부족' 먹구름,2026-06-07 18:00:17,tech_future,2026-06-07
빅테크,구글 이어 메타도 100조원대 유증 카드 만지작,2026-06-07 17:36:10,tech_future,2026-06-07
빅테크,"스페이스X 역대급 상장 임박 …""우주 ETF 올라타세요""",2026-06-07 17:18:44,tech_future,2026-06-07
빅테크,환율 1560원도 넘어 … “금융위기도 아닌데 도대체 왜 이래”,2026-06-07 15:08:58,tech_future,2026-06-07
빅테크,만년 저평가 뚫고 불기둥…LG의 시간이 왔다 [스페셜리포트],2026-06-05 11:03:05,tech_future,2026-06-05
AI 인프라,"에코웨이브파워, 400만 달러 직접 공모 발표…기존 주주 지분 희석 우려 부각",2026.06.26 22:42,tech_future,2026-06-26
AI 인프라,"에코 웨이브 파워 글로벌, 400만 달러 자금 조달..AI 인프라 확장",2026.06.26 22:31,tech_future,2026-06-26
AI 인프라,"CM 라이프 사이언스 2, 엘로이 에어와 합병..기업가치 10억 달러",2026.06.26 22:13,tech_future,2026-06-26
AI 인프라,"세이버원 2014, 비전웨이브와 700만 달러 전략적 제휴 완료",2026.06.26 22:11,tech_future,2026-06-26
AI 인프라,주식·원자재·비상장주까지 무기한 선물의 무한 확장...한국은?[엠블록레터],2026.06.26 22:11,tech_future,2026-06-26
AI 인프라,"서던 코퍼, 티아 마리아 광산 개발 위해 12억5000만 달러 채권 발행",2026.06.26 22:10,tech_future,2026-06-26
AI 인프라,"Z스퀘어드, 현금 없이 150MW급 AI 데이터센터 확보…AI 인프라 경쟁력 주목",2026.06.26 22:00,tech_future,2026-06-26
AI 인프라,"파워뱅크, 미국 국방부로부터 295만 달러 규모 태양광 프로젝트 수주",2026.06.26 20:12,tech_future,2026-06-26
AI 인프라,"에드트랜, 클라우드·AI 전문가 애니 델산토 독립이사 선임",2026.06.26 20:03,tech_future,2026-06-26
AI 인프라,"Z 스퀘어드, 500만 달러 규모 파라독스 데이터 인수..150MW급 AI 데이터센터 확보",2026.06.26 19:06,tech_future,2026-06-26
AI 인프라,"스타우드 프로퍼티 트러스트, 5억 달러 규모 무담보 선순위 채권 발행",2026.06.26 19:04,tech_future,2026-06-26
AI 인프라,"'AI 강자' 네이버·SKT·엔씨 ""K팰런티어 될 것""",2026.06.26 17:28,tech_future,2026-06-26
AI 인프라,“우리나라도 하늘 나는 택시 시대 성큼”…한국판 CES 현장 가보니,2026.06.26 17:27,tech_future,2026-06-26
AI 인프라,"“이자장사 한계 왔다”…인뱅, 자동차금융부터 코인까지 눈독",2026.06.26 14:33,tech_future,2026-06-26
AI 인프라,"네이버 검색, AI에이전트로 진화했다",2026.06.26 13:54,tech_future,2026-06-26
AI 인프라,"카카오, kt 클라우드와 안전한 AI 생태계 만든다",2026-06-26 10:54:00,tech_future,2026-06-26
AI 인프라,"카카오, 4대 과기원과 손잡고 지역 청소년 창업가 키운다",2026-06-26 10:50:16,tech_future,2026-06-26
AI 인프라,"NHN이 구축한 GPU 클러스터, 韓 최고 슈퍼컴·글로벌 20위 등극",2026-06-26 10:48:30,tech_future,2026-06-26
AI 인프라,"한국인 장 건강을 지켜온 50년…hy 중앙연구소, 대한민국 발효유 역사를 쓰다",2026-06-26 10:24:55,tech_future,2026-06-26
AI 인프라,"동양, 글로벌 VC 펀드 투자 성과…스페이스X·오픈AI 효과에 평가차익 확대",2026-06-26 10:00:45,tech_future,2026-06-26
AI 인프라,“AI가 도시도 다시 설계한다”…스마트시티 넘어 ‘AI시티’ 시대 온다,2026-06-26 09:27:39,tech_future,2026-06-26
AI 인프라,"“스페이스X 급락에 IPO시장 신뢰 바닥”...‘1조달러’ 외친 오픈AI, 상장 미루나",2026-06-26 09:21:08,tech_future,2026-06-26
AI 인프라,"[美공시]BitGo Holdings Inc, 미래 성장을 위한 핵심 분야에 집중하기 위해 직원 수를 약 15% 감축한다고 발표",2026-06-26 08:37:17,tech_future,2026-06-26
AI 인프라,"릴라이언스 글로벌 그룹, AI 전략 강화 위한 CTO·COO 임명",2026-06-26 06:26:47,tech_future,2026-06-26
AI 인프라,"비트고 홀딩스, 인력 15% 감축..AI·결제 등 핵심 사업 집중",2026-06-26 06:22:47,tech_future,2026-06-26
AI 인프라,"아크록, 모힛 싱 신임 CFO 선임..25년 이상 에너지업계 경력",2026-06-26 06:17:56,tech_future,2026-06-26
AI 인프라,"아르키메데스 테크 스팩 파트너스 II, 삼성SDI와 3GWh 배터리 공장 건설 파트너십 체결",2026-06-26 06:12:55,tech_future,2026-06-26
AI 인프라,"타이탄 마이닝, 미 육군과 첫 군사시설 내 흑연 정제 공장 계약 체결",2026-06-26 06:01:55,tech_future,2026-06-26
AI 인프라,"온 세미컨덕터, 시냅틱스 70억 달러 인수..물리 AI 시장 진출",2026-06-26 05:56:55,tech_future,2026-06-26
AI 인프라,"코어앤메인, 7억5000만 달러 선순위 채권 발행..기존 부채 상환 및 성장 투자",2026-06-26 05:53:55,tech_future,2026-06-26
AI 인프라,"마라톤 페이턴트 그룹, 1분기 순손실 126억 달러..전년비 65% 악화",2026-06-26 05:44:54,tech_future,2026-06-26
AI 인프라,"클라임 글로벌 솔루션스, 35년 경력 벤처캐피털 전문가 피터 벨 이사 선임",2026-06-26 05:35:03,tech_future,2026-06-26
AI 인프라,"디지털 커런시 엑스 테크놀로지, 7억 달러 유상증자..비트코인·이더리움으로 납입",2026-06-26 05:32:33,tech_future,2026-06-26
AI 인프라,"퀀텀, 4분기 매출 7800만 달러..전년비 27% 증가",2026-06-26 05:24:22,tech_future,2026-06-26
AI 인프라,"와이즈그룹, 2026 회계연도 매출 19% 증가한 25억 달러 기록",2026-06-26 05:10:00,tech_future,2026-06-26
AI 인프라,"비전 마린 테크놀러지스, 노티컬 벤처스 창립자 로저 무어 은퇴..통합 완료",2026-06-25 22:39:03,tech_future,2026-06-25
AI 인프라,"스타우드 프로퍼티 트러스트, 5억 달러 규모 2029년 만기 선순위 채권 사모 발행",2026-06-25 22:16:52,tech_future,2026-06-25
AI 인프라,"알타 글로벌 그룹, MixedMartialArts.com 재출시..맥그리거 복귀 맞춰 팬 생태계 확대",2026-06-25 21:46:51,tech_future,2026-06-25
AI 인프라,"민트, 홍콩 YAS와 AI·로보틱스 보험 합작법인 설립",2026-06-25 21:29:50,tech_future,2026-06-25
AI 인프라,"LAUNCH TWO ACQUISITION CORP, 원자력 기업 뉴큐브와 합병..기업가치 5.8억 달러",2026-06-25 21:28:50,tech_future,2026-06-25
AI 인프라,"하이브 블록체인, 스웨덴 기업과 25MW HPC 시설 10년 장기 임대 계약 체결",2026-06-25 20:30:37,tech_future,2026-06-25
AI 인프라,"하이브 블록체인 테크놀러지스, 스웨덴 기업과 25MW HPC 시설 10년 임대 계약 체결",2026-06-25 20:20:46,tech_future,2026-06-25
AI 인프라,"파워뱅크, 뉴욕주 7MW급 태양광 프로젝트 상업운전 개시",2026-06-25 20:12:06,tech_future,2026-06-25
AI 인프라,"골드마이닝, 무부채에 현금 1.9억 달러 보유..주요 프로젝트 경제성 입증",2026-06-25 20:03:55,tech_future,2026-06-25
AI 인프라,"GS, 강원에 AI 데이터센터",2026-06-25 19:40:51,tech_future,2026-06-25
AI 인프라,"FLASH SPORTS & MEDIA, 글로벌 T20 크리켓 리그 네트워크 전략 발표",2026-06-25 19:03:02,tech_future,2026-06-25
AI 인프라,'부산 핀테크 허브' 입주기업 초고속 성장,2026-06-25 17:50:32,tech_future,2026-06-25
AI 인프라,"레몬헬스케어, 일반 청약서 증거금 3.8조원 모아",2026-06-25 17:34:18,tech_future,2026-06-25
AI 인프라,"""조직문화·평가까지 AI 맞춤으로 바꿔야""",2026-06-25 17:10:29,tech_future,2026-06-25
AI 인프라,AI마케팅 솔루션 '매드업' 내달 1일 코스닥 입성 [위클리 마켓],2026-06-25 16:10:02,tech_future,2026-06-25
AI 인프라,"‘24시간 잠들지 않는 고객센터’ 빗썸, 2026 KSQI 가상자산 부문 1위 선정",2026-06-25 15:57:13,tech_future,2026-06-25
AI 인프라,삼전닉스 몰빵에서 전력·엔터·배터리로 분산투자 전환[주식 초고수는 지금],2026-06-25 15:32:46,tech_future,2026-06-25
AI 인프라,“첨단영상산업 도시 도약”… 영화도시 춘천 발전포럼,2026-06-25 15:17:10,tech_future,2026-06-25
AI 인프라,"‘신상마켓’ 딜리셔스, 코스닥 상장 본격화",2026-06-25 13:29:02,tech_future,2026-06-25
AI 인프라,“AI 크레딧 시장 위험 누적… 옥석가리기 필수”,2026-06-25 13:05:45,tech_future,2026-06-25
AI 인프라,변동성 장세 엇갈린 행보…BUY 삼성 SELL SK [주식 초고수는 지금],2026-06-25 10:49:33,tech_future,2026-06-25
AI 인프라,"“왕숙신도시 인접한 분상제 단지”…서한, ‘남양주 진접 서한이다음’ 7월 공급",2026-06-25 10:18:48,tech_future,2026-06-25
AI 인프라,"[MK시그널] 주롱 홀딩 매도신호 포착, 수익률 225% 달성",2026-06-25 10:04:36,tech_future,2026-06-25
AI 인프라,"유베이스 그룹, 뉴빌리티와 로봇 운영 서비스 나선다",2026-06-25 09:22:31,tech_future,2026-06-25
AI 인프라,"CEA 인더스트리즈, YZi Labs와 협력..이사 3명 신규 선임",2026-06-25 06:32:27,tech_future,2026-06-25
AI 인프라,"블루 문 메탈스, Nussir 프로젝트 EPC 계약 체결·전면 허가 완료",2026-06-25 06:29:57,tech_future,2026-06-25
AI 인프라,"브룩필드 인프라스트럭쳐, 주주총회서 9명 이사 전원 선출..최고 99.88% 찬성",2026-06-25 06:03:46,tech_future,2026-06-25
AI 인프라,"하이퍼스케일 데이터, 20MW 규모 AI 컴퓨팅 계약 체결..최대 30억달러",2026-06-25 05:33:14,tech_future,2026-06-25
AI 인프라,"메소드 일렉트로닉스, 4분기 매출 2억9800만 달러..전년비 15.9% 증가",2026-06-25 05:19:13,tech_future,2026-06-25
AI 인프라,"KULR 테크놀러지 그룹, 2026년 매출 597% 급증 전망",2026-06-25 05:18:02,tech_future,2026-06-25
AI 인프라,"터보에너지, 유럽 15개 산업시설에 AI 에너지 저장 인프라 대규모 구축 완료",2026-06-25 04:41:21,tech_future,2026-06-25
AI 인프라,"퀄컴, Modular 인수 발표 후 비용 부담·매출 감소 우려로 주가 약세",2026-06-25 04:21:30,tech_future,2026-06-25
AI 인프라,"터보 에너지, 유럽 15개 산업시설에 366MWh AI 에너지 저장 인프라 구축 완료",2026-06-24 23:38:46,tech_future,2026-06-24
AI 인프라,"마시모 그룹, FST 인수 철회·최대 400만 달러 자체 기술 개발 집중",2026-06-24 22:21:53,tech_future,2026-06-24
AI 인프라,"넥스트보트, APEX 인수 60일 만에 15척 판매·월 9만달러 비용절감 성과",2026-06-24 22:20:43,tech_future,2026-06-24
AI 인프라,"넥스트보트, APEX 인수 후 60일 만에 15척 판매·월 9만달러 비용절감",2026-06-24 22:19:53,tech_future,2026-06-24
AI 인프라,"AMC 로보틱스, 베트남 6,150㎡ 제조시설 확보..2026년 하반기 가동",2026-06-24 22:04:02,tech_future,2026-06-24
AI 인프라,"젯AI, flyExclusive 인수 승인 위해 주총 7월 2일 재연기",2026-06-24 21:42:32,tech_future,2026-06-24
AI 인프라,"커머셜 메탈스, 247번째 연속 분기 배당 0.20달러 결정",2026-06-24 21:42:01,tech_future,2026-06-24
AI 인프라,"서브 로보틱스, 안드레아스 리버 이사 신규 선임",2026-06-24 21:37:01,tech_future,2026-06-24
AI 인프라,"에코 웨이브 파워 글로벌, NVIDIA와 AI 기반 파력발전 협력",2026-06-24 21:28:00,tech_future,2026-06-24
AI 인프라,"노바골드 리소시즈, 2분기 순손실 2,550만 달러..돈린 골드 BFS 작업 순조",2026-06-24 21:03:00,tech_future,2026-06-24
AI 인프라,"퓨얼셀 에너지, 최대 380MW 데이터센터 전력공급 계약 체결",2026-06-24 20:13:08,tech_future,2026-06-24
AI 인프라,"오리온 디지털, 연례 주총서 이사 전원·감사 재임 승인",2026-06-24 19:05:56,tech_future,2026-06-24
AI 인프라,"이글록 랜드, 2026년 1분기 매출 최대 3611만 달러 전망",2026-06-24 19:05:16,tech_future,2026-06-24
AI 인프라,"손정의 ""소뱅이 AI로봇 세계 1위될 것""",2026-06-24 18:04:41,tech_future,2026-06-24
AI 인프라,"""美 진출 K스타트업에 '길잡이' VC 될것""",2026-06-24 18:04:36,tech_future,2026-06-24
AI 인프라,"“AI 고객센터 문턱 낮춘다”…LG유플러스, 블룸AI와 중소기업 공략",2026-06-24 14:44:36,tech_future,2026-06-24
AI 인프라,"네이버클라우드, 독일 지멘스 손잡고 제조 AX 시장 공략",2026-06-24 14:41:14,tech_future,2026-06-24
AI 인프라,구글 검색 흔들리나...AI 경쟁 심화·AI 거부 움직임 ‘이중 압박’,2026-06-24 14:36:04,tech_future,2026-06-24
AI 인프라,"“AI 솔루션 성공적 실증”…중부발전, 지능형 누수관리시스템 ‘윈윈 아너스’ 선정",2026-06-24 13:43:42,tech_future,2026-06-24
AI 인프라,"수원특례시, ‘인공지능 선도도시’ 도약…중앙부처 공모사업 7개 선정",2026-06-24 11:20:17,tech_future,2026-06-24
AI 인프라,"대구, ‘AI 봉제자율제조센터’ 구축…섬유산업 AX 전환 본격화",2026-06-24 11:08:12,tech_future,2026-06-24
AI 인프라,"엑스큐어, 양자보안 범위 확대…국가 핵심 인프라 보안 사업화 가속",2026-06-24 08:59:22,tech_future,2026-06-24
AI 인프라,"3D 모델 제작기간 4주에서 3분으로···NC AI, 바르코 3D 2.0 공개",2026-06-24 08:54:18,tech_future,2026-06-24
AI 인프라,"[美공시]텍사스 퍼시픽 랜드, 대규모 발전 프로젝트의 토지 및 수자원 솔루션 제공을 위해 셰브론과 협약 체결",2026-06-24 08:25:41,tech_future,2026-06-24
AI 인프라,"하트 테스트 래버러토리즈, 포티튜드와 합병 계약 체결",2026-06-24 06:17:49,tech_future,2026-06-24
AI 인프라,"옵시디안 에너지, 신디케이트 신용공여 한도 2억7500만 달러로 확대",2026-06-24 06:06:46,tech_future,2026-06-24
AI 인프라,"칼마인 푸드, 이사회 10명 확대·독립이사 2명 신규 선임",2026-06-24 05:57:45,tech_future,2026-06-24
AI 인프라,"스페이스X, 250억 달러 규모 첫 선순위 담보부 채권 발행 완료",2026-06-24 05:55:55,tech_future,2026-06-24
AI 인프라,"세레브라스 시스템즈, 1분기 매출 1억9130만 달러..전년비 92% 급증",2026-06-24 05:44:55,tech_future,2026-06-24
AI 인프라,"블랙스톤, 2분기 중간 실현 수익 5억 달러 초과 전망",2026-06-24 05:24:54,tech_future,2026-06-24
AI 인프라,"텍사스 퍼시픽 랜드 트러스트, 셰브런과 대규모 토지·염수 공급 계약 체결",2026-06-24 05:17:53,tech_future,2026-06-24
AI 인프라,"세이프 프로 그룹, 美 방산업체 통해 130만 달러 규모 AI 위협탐지 계약 수주",2026-06-24 05:02:01,tech_future,2026-06-24
AI 인프라,"코어위브, 대형 스토리지 계약 체결에도 적자 지속 우려로 약세",2026-06-24 03:50:50,tech_future,2026-06-24
AI 인프라,"BTQ TECHNOLOGIES CORP, 포스트 양자 암호화 분야 미국 전략 고문 임명",2026-06-24 00:35:58,tech_future,2026-06-24
AI 인프라,"로마 그린 파이낸스, NXTGrid에 1500만 달러 투자로 AI 전력 인프라 선점 나서",2026-06-24 00:31:28,tech_future,2026-06-24
AI 인프라,"알라모스 골드, 2분기 생산량 13만 온스로 12% 하향..지진·정전 영향",2026-06-23 22:13:55,tech_future,2026-06-23
AI 인프라,"패러데이 퓨처 인텔리전트, 미국 최초 전신 휴머노이드 로봇 공개",2026-06-23 22:08:15,tech_future,2026-06-23
AI 인프라,"블랙 타이탄, 암호화폐 결제 인프라 성장 전망..광범위 채택은 불확실",2026-06-23 21:56:54,tech_future,2026-06-23
AI 인프라,"백블레이즈, CoreWeave와 5년간 3억3500만 달러 초대형 저장 계약 체결",2026-06-23 21:51:24,tech_future,2026-06-23
AI 인프라,"ESS 테크, 나트륨이온 배터리 개발 가속화..10억달러 규모 초기 수요 확보",2026-06-23 21:38:53,tech_future,2026-06-23
AI 인프라,"하트 테스트 래버러토리즈, 디지털 자산 채굴기업 포티튜드와 합병 발표",2026-06-23 21:35:53,tech_future,2026-06-23
AI 인프라,"유라이프 그룹, 중국 AI 인력솔루션 기업과 전략적 제휴",2026-06-23 21:33:13,tech_future,2026-06-23
AI 인프라,"백블레이즈, CoreWeave와 5년간 3억3500만 달러 저장 계약 체결",2026-06-23 21:30:03,tech_future,2026-06-23
AI 인프라,"LM 펀딩 아메리카, AI-HPC 전환으로 연매출 최대 5천만 달러 기대",2026-06-23 21:19:02,tech_future,2026-06-23
AI 인프라,"파크 하 바이오로지컬 테크놀로, 클라우드 팩토리와 AI 기반 뷰티 생태계 구축",2026-06-23 21:02:12,tech_future,2026-06-23
AI 인프라,"트리니티 바이오테크, AI 데이터센터용 액체냉각 기술 시장 진출",2026-06-23 20:41:51,tech_future,2026-06-23
AI 인프라,"아이오니어, KIND·현대엔지니어링과 리튬-붕소 프로젝트 투자 LOI 체결",2026-06-23 20:41:41,tech_future,2026-06-23
AI 인프라,"아이오니어, KIND·현대엔지니어링과 투자 LOI 체결..리튬-붕소 프로젝트 가속",2026-06-23 20:40:01,tech_future,2026-06-23
AI 인프라,"아르마타 파마슈티컬스, 美 국방부서 250만 달러 추가 확보",2026-06-23 20:13:00,tech_future,2026-06-23
AI 인프라,"자인 그룹, 1분기 순매출 57% 급감·적자 전환",2026-06-23 19:12:58,tech_future,2026-06-23
AI 인프라,美 AI인프라 공략 나선 日기업…데이터센터·발전소 동시 건설,2026-06-23 17:57:08,tech_future,2026-06-23
AI 인프라,"""실물자산에 뭉칫돈 … 변동성 방어 매력적""",2026-06-23 17:25:53,tech_future,2026-06-23
AI 인프라,"""민원 처리도 AI가"" 삼성SDS, 공공 AX 공략",2026-06-23 17:04:52,tech_future,2026-06-23
AI 인프라,"SKT, 본업 개선에 AI 날개…목표가 14만원 [오늘, 이 종목]",2026-06-23 16:58:19,tech_future,2026-06-23
AI 인프라,"오늘 주식 팔면 내일 입금…금융위, 결제주기 단축 로드맵 10월 공개",2026-06-23 16:41:27,tech_future,2026-06-23
AI 인프라,"“AI 아우르는 토탈 솔루션 지원”…에이수스, 韓 커머셜 비즈니스 전략·신제품 공개",2026-06-23 16:38:46,tech_future,2026-06-23
AI 인프라,"고령화시대, 질병 치료 넘어 움직임 유지가 중요 [기고]",2026-06-23 16:27:46,tech_future,2026-06-23
AI 인프라,서류 한 장 떼려다 하루 연차 날리는 미국 관공서 현실 [홍키자의 美쿡],2026-06-23 16:26:42,tech_future,2026-06-23
AI 인프라,아부다비에 첫 ‘한국기업 전용 산업협력 플랫폼’,2026-06-23 15:37:25,tech_future,2026-06-23
AI 인프라,게임산업의 새 해답 찾는다…‘블록체인 웹3 게임 컨퍼런스’ 개최,2026-06-23 11:05:03,tech_future,2026-06-23
AI 인프라,"건국대 총장이 부산 입시설명회 찾은 이유는…“수도권대, 지방대 개념 없애고 특성화해야”",2026-06-23 10:49:56,tech_future,2026-06-23
AI 인프라,“오늘 주식 팔면 내일 입금”…결제주기 단축 방안 올해 10월 나온다,2026-06-23 10:48:04,tech_future,2026-06-23
AI 인프라,"LS, `예상보다 빠른 LS전선의 성장 속도` 증권사 발표에 강세",2026-06-23 09:56:51,tech_future,2026-06-23
AI 인프라,"“미국 에너지시장 경쟁력 강화”…남부발전, 엑손모빌과 대미투자 위한 업무협약 체결",2026-06-23 09:25:39,tech_future,2026-06-23
AI 인프라,"[美공시]하이브 블록체인 테크놀로지스., Bell AI Fabric과 Cohere를 위한 2억 2천만 달러 규모의 획기적인 국가 차원 AI GPU 계약 체결",2026-06-23 08:38:59,tech_future,2026-06-23
AI 인프라,송파구 종합 1위·수영구 매력도 1위…관광도시 경쟁력 순위 보니,2026-06-23 08:33:09,tech_future,2026-06-23
AI 인프라,"스카이 쿼리, 네바다주 포어랜드 정유공장 7월 재가동..서부 공급망 핵심 자산화",2026-06-23 06:16:11,tech_future,2026-06-23
AI 인프라,"브룩필드, 시리즈 24 우선주 전환 무산..최소요건 미달",2026-06-23 06:01:50,tech_future,2026-06-23
AI 인프라,"토요, 미 휴스턴에 3억5700만 달러 규모 1.5GW HJT 태양전지 공장 건설",2026-06-23 05:43:00,tech_future,2026-06-23
AI 인프라,"하이브 블록체인 테크놀러지, 2.2억 달러 규모 AI GPU 클라우드 계약 체결",2026-06-23 05:41:40,tech_future,2026-06-23
AI 인프라,"가디언 파마시 서비시스, 2026년 7월 경영진 승계..COO·CFO 교체",2026-06-23 05:37:59,tech_future,2026-06-23
AI 인프라,"TD 시넥스, 더글라스 브리트 이사 선임..이사회 11명 확대",2026-06-23 05:18:58,tech_future,2026-06-23
AI 인프라,"AXT, 트레이시 리우 신규 이사 선임··이사회 5명 확대",2026-06-23 05:11:37,tech_future,2026-06-23
AI 인프라,"타워 세미컨덕터, 임원 보상정책 대폭 상향..CEO 보너스 한도 225%로",2026-06-23 04:02:26,tech_future,2026-06-23
AI 인프라,"아르셀로미탈, AWS와 AI·클라우드 기반 글로벌 제조 혁신 협력",2026-06-23 03:37:45,tech_future,2026-06-23
AI 인프라,"인텔, SpaceX 네오클라우드 사업 확대로 중장기 성장 수혜 주목",2026-06-23 03:00:35,tech_future,2026-06-23
AI 인프라,"델테크놀러지스, 엔비디아 최신 GPU 탑재 AI 서버 공개…2027년 EPS 99% 증가 전망",2026-06-23 00:20:43,tech_future,2026-06-23
AI 인프라,"크레도테크놀러지, SpaceX 컴퓨팅 인프라 확장으로 광학통신 수혜 기대",2026-06-22 22:42:40,tech_future,2026-06-22
AI 인프라,"디지털 리얼티 트러스트, 14억 달러 규모 3건 전략 인수 단행",2026-06-22 22:20:28,tech_future,2026-06-22
AI 인프라,"엔리벡스 테라퓨틱스, RAIN 토큰 11억4천만 달러 보유..주당 NAV 4.67달러",2026-06-22 21:51:57,tech_future,2026-06-22
AI 인프라,"비트푸푸, 최대 500만 달러 자사주 매입 프로그램 승인",2026-06-22 21:17:16,tech_future,2026-06-22
AI 인프라,"캐스톨마리타임, 3750만 달러에 친환경 캄사맥스 벌크선 인수",2026-06-22 21:16:36,tech_future,2026-06-22
AI 인프라,"부즈 앨런 해밀턴 홀딩, 울트라 I&C 미션 솔루션즈 7억2000만 달러에 인수",2026-06-22 21:08:35,tech_future,2026-06-22
AI 인프라,"스페이스X, 선순위 무보증채권 발행..교량대출 상환용",2026-06-22 21:07:55,tech_future,2026-06-22
AI 인프라,"CH4 내추럴 솔루션스, 22일 보통주·워런트 분리 거래 개시",2026-06-22 21:04:45,tech_future,2026-06-22
AI 인프라,"루안윈 에다이 테크놀로지, 스마트 캠퍼스 누적 매출 950만 달러 돌파",2026-06-22 21:02:04,tech_future,2026-06-22
AI 인프라,"퀀텀 이모션, 연례 주총서 전 안건 승인..양자보안 상업화 가속",2026-06-22 21:01:44,tech_future,2026-06-22
AI 인프라,"아르코사, CRH에 85억 달러 인수 합의..주당 150달러",2026-06-22 20:23:03,tech_future,2026-06-22
AI 인프라,"파워뱅크, 뉴욕주 태양광 발전소 3곳 4.48MW 상업 가동",2026-06-22 20:12:02,tech_future,2026-06-22
AI 인프라,"씨알에이치, 아코사 85억 달러 인수..북미 최대 인프라 기업 도약",2026-06-22 20:04:52,tech_future,2026-06-22
AI 인프라,"PLDT, 자회사 디지털인프라 REIT 242억페소 규모 IPO 추진",2026-06-22 19:18:19,tech_future,2026-06-22
AI 인프라,"이카엑스 홀딩스, 플라이미 소프트웨어 사업 2.7억 달러 인수",2026-06-22 19:17:09,tech_future,2026-06-22
AI 인프라,"RTB 디지털, AI 기반 실시간 온체인 결제 플랫폼 공식 출시",2026-06-22 19:16:59,tech_future,2026-06-22
AI 인프라,"SK, 초대형 AI 데이터센터 전국 5곳에 구축",2026-06-22 17:47:09,tech_future,2026-06-22
AI 인프라,"SK바이오팜, 인실리코와 중추신경계 AI신약 개발 맞손",2026-06-22 16:59:04,tech_future,2026-06-22
AI 인프라,"""경북은 이제 제조업 주도 경제에서 AX경제로 확장중""",2026-06-22 16:07:06,tech_future,2026-06-22
AI 인프라,"'경제혁신 1년'…경북, 첨단산업·AI·관광 삼각편대로 난다",2026-06-22 16:06:39,tech_future,2026-06-22
AI 인프라,‘코인 대통령’ 트럼프 취임 이후 ‘美 코인’이 더 하락 [매일코인],2026-06-22 15:47:06,tech_future,2026-06-22
AI 인프라,"박홍근 장관 “반도체 세수, 미래에 쏟는다”… 5대 구조난제 해결 ‘정조준’",2026-06-22 14:37:30,tech_future,2026-06-22
AI 인프라,"“실패도 괜찮아!” 청소년 기업가정신 축제, ‘아산 유스프러너’ 데모데이가 주목받는 이유",2026-06-22 10:32:02,tech_future,2026-06-22
AI 인프라,"“엔비디아와 손잡았다”…협력 기대감에 LG전자 ‘불기둥’ [오늘, 이 종목]",2026-06-22 10:21:33,tech_future,2026-06-22
AI 인프라,전자·디스플레이·이노텍 다 잘 나간다…구광모의 ‘원LG’ 전략 재조명,2026-06-22 06:01:38,tech_future,2026-06-22
AI 인프라,“신축은 집 안 보고 산다”…고도제한 풀리는 ‘서울의 룰’,2026-06-22 04:00:00,tech_future,2026-06-22
AI 인프라,"다카이치, 피지컬AI·데이터센터 등에 3500조원 투자",2026-06-21 17:52:03,tech_future,2026-06-21
AI 인프라,[기고] 기본소득보다 기본AI가 먼저,2026-06-21 17:47:58,tech_future,2026-06-21
AI 인프라,반도체 인프라 '전력·냉각·클린룸株'도 주목,2026-06-21 17:45:28,tech_future,2026-06-21
AI 인프라,월가 부동산 거물·1200조 운용 큰손 … 글로벌 머니무브 대해부,2026-06-21 17:44:21,tech_future,2026-06-21
AI 인프라,"“반도체, 더 갑니까?”…개미들 피 말릴 운명의 16시간 [불앤베어 위클리]",2026-06-21 17:34:55,tech_future,2026-06-21
AI 인프라,네이버 'AI탭' 효과 톡톡 … 검색 점유율 66%로 쑥,2026-06-21 17:32:03,tech_future,2026-06-21
AI 인프라,"엔비디아 본사 가는 현신균, RX 속도전",2026-06-21 17:32:02,tech_future,2026-06-21
AI 인프라,"AI 다음은 양자보안…KT, 미래 네트워크 청사진 꺼냈다",2026-06-21 15:17:44,tech_future,2026-06-21
AI 인프라,"AX 인재 부족 해법은 교육…SKT, ‘알레프’로 청년 키운다",2026-06-21 15:16:23,tech_future,2026-06-21
AI 인프라,"“반도체, 더 갑니까?” … 개미들 피 말릴 운명의 16시간",2026-06-21 14:09:01,tech_future,2026-06-21
AI 인프라,“생중계·게임·팟캐스트 모두 넷플릭스에서 즐기세요” [비바테크 2026],2026-06-21 14:05:10,tech_future,2026-06-21
AI 인프라,“미장 50%·국장 30%가 실패 없는 공식”…나머지 20%는 어디에 넣죠? [여의도란도란],2026-06-21 09:41:57,tech_future,2026-06-21
AI 인프라,“챗GPT 창 하나에 회사가 통째로”…시스코 ‘AI 시대의 윈도’ 야심 [MTR],2026-06-20 19:59:10,tech_future,2026-06-20
AI 인프라,“아시아 핵심 시장은 한국입니다”…‘매출 8.3조’ 기업이 콕 짚은 이유,2026-06-20 18:04:21,tech_future,2026-06-20
AI 인프라,“전기는 있는데 사람이 없다”…해남·광주 ‘AI 벨트’가 못 푼 마지막 숙제,2026-06-20 17:16:35,tech_future,2026-06-20
AI 인프라,김용범 “호황에 부동산 심리 꿈틀할 수도…보유·양도세 조정 필요”,2026-06-20 14:04:58,tech_future,2026-06-20
AI 인프라,개전 ‘60초’ 만에 이란 전쟁지휘부 초토화 … 전쟁 속도 바꾼 AI 참모,2026-06-20 05:00:00,tech_future,2026-06-20
AI 인프라,"신한운용 반도체ETF, 석달만에 자산 7조",2026-06-19 17:46:38,tech_future,2026-06-19
AI 인프라,관세 우려 걷히자 … OCI·한화 美 태양광 사업 볕든다,2026-06-19 17:44:25,tech_future,2026-06-19
AI 인프라,"인도 모디, 美 AI 패권에 일침 ""기술은 모두를 포용할때 발전""",2026-06-19 17:40:28,tech_future,2026-06-19
AI 인프라,"""의식주 산업 제품인증, 세계시장에 도전""",2026-06-19 17:28:45,tech_future,2026-06-19
AI 인프라,폭스콘 회장 “1GW AI팩토리 건설비용 71조원.. 전기요금만 年2조원”,2026-06-19 17:06:46,tech_future,2026-06-19
AI 인프라,"서울, 스타트업 생태계 글로벌 9위 도시로 꼽혀",2026-06-19 16:39:40,tech_future,2026-06-19
AI 인프라,"공급망 위기 겪은 정부, ‘포스트 중동’ 승부수… 하반기 조기경보 시범운영",2026-06-19 14:39:17,tech_future,2026-06-19
AI 인프라,"[G-브리핑] ‘R2’, 오픈 리부트 서버 초기화 진행",2026-06-19 12:15:00,tech_future,2026-06-19
AI 인프라,“몇년째 돈 빠져나가는데 몰랐네”…정기구독 한번에 조회·관리한다,2026-06-19 11:54:00,tech_future,2026-06-19
AI 인프라,"켜지 않아도 열린다… 마임하임, ‘터치 없는 스마트폰’ 시대 열었다",2026-06-19 11:19:53,tech_future,2026-06-19
AI 인프라,현실에서 작동하는 로봇 시대 성큼...민관 합동 ‘피지컬 AI 얼라이언스 2기’ 출범,2026-06-19 11:09:23,tech_future,2026-06-19
AI 인프라,"“AI로 그룹 혁신 가속”…롯데이노베이트, 전사 AX 실행력 강화 중심에",2026-06-19 11:01:51,tech_future,2026-06-19
AI 인프라,"“제조 AX 실행력 높인다” LG CNS, 두산과 AI·로봇·데이터센터 전방위 협력",2026-06-19 10:58:26,tech_future,2026-06-19
AI 인프라,"“MLCC 최대 수혜주는 접니다”…삼성전기, 52주 신고가 경신",2026-06-19 09:49:36,tech_future,2026-06-19
AI 인프라,"콤스톡 홀딩, 전 블랙스톤 부동산 전문가 허쉬 이사 선임",2026-06-19 06:10:44,tech_future,2026-06-19
AI 인프라,"비바코, 바켄 원유 공급계약 체결..연 1억1500만 달러 매출 확보",2026-06-19 06:09:24,tech_future,2026-06-19
AI 인프라,"블록체인 디지털 인프라스트럭처, 유상증자로 6,325만 달러 조달 완료",2026-06-19 06:03:04,tech_future,2026-06-19
AI 인프라,"비트마인 이머전 테크놀로지스, 우선주 주당 0.11달러 배당 결정",2026-06-19 06:00:03,tech_future,2026-06-19
AI 인프라,"오포툰 파이낸셜, 션 로우슬 신임 CRO 임명",2026-06-19 05:35:21,tech_future,2026-06-19
AI 인프라,"엔브이니 그룹, 2차 AI 프라이즈 대회 개최..전사 AI 역량 강화",2026-06-19 05:10:30,tech_future,2026-06-19
AI 인프라,"빗디어 테크놀러지스, 5월 비트코인 생산 921개..전년비 370% 급증",2026-06-19 05:03:09,tech_future,2026-06-19
AI 인프라,"라이트웨이브 로직, 노매드 인수 앞두고 650만 달러 선대출 단행",2026-06-19 05:01:49,tech_future,2026-06-19
AI 인프라,"TSMC, 2026년 매출 1,635억 달러·EPS 53% 급증 전망…AI 수요가 성장 이끈다",2026-06-19 01:30:46,tech_future,2026-06-19
AI 인프라,"KEYSTONE ACQUISITION CORP, 22일부터 주식·워런트 별도 거래 개시",2026-06-19 01:20:06,tech_future,2026-06-19
AI 인프라,"루다테크놀로지, AI 데이터센터 기업 지분 인수로 사업 다각화 본격화",2026-06-19 00:01:44,tech_future,2026-06-19
전기차,"파워뱅크, 미국 국방부로부터 태양광 프로젝트 수주…연방 정부 첫 계약 체결",2026.06.26 20:30,tech_future,2026-06-26
전기차,"현대차 올라 탄 네이버, 지도·브라우저 싣는다",2026.06.26 17:52,tech_future,2026-06-26
전기차,"현대차, 8세대 아반떼 공개 … AI도 품었다",2026.06.26 17:52,tech_future,2026-06-26
전기차,BYD 돌풍...렉서스 제치고 수입차 4위 차지,2026.06.26 15:03,tech_future,2026-06-26
전기차,"남쪽으로 향한 전동화 무게 중심, 2026 부산모빌리티쇼 ―세계 최초 공개된 8세대 아반떼에 시선 집중",2026.06.26 14:34,tech_future,2026-06-26
전기차,"이래도 진짜 안살래?…3750만원이면 ‘싼값 아닌 헐값’, 중국 BYD 가격파괴 [카슐랭]",2026.06.26 14:02,tech_future,2026-06-26
전기차,"“BYD 첫 하이브리드”…BYD, ‘씨라이언6 DM-i’ 국내 공개",2026.06.26 11:48,tech_future,2026-06-26
전기차,"BMW그룹코리아, ‘BMW 7시리즈 네로 루쏘 에디션’ 부산서 최초 공개",2026.06.26 11:36,tech_future,2026-06-26
전기차,"“순찰차·통학차도 되는 패밀리카 PV5”…기아, 부산서 PBV 확장성 제시",2026.06.26 11:16,tech_future,2026-06-26
전기차,"“그랜저급 사양까지, 이건 하극상”…6년만에 확 바뀐 신형 아반떼 살펴보니",2026.06.26 10:54,tech_future,2026-06-26
전기차,“중국 냄새만 나도 나가라”...美 불호령에 졸지에 짐 싸는 전기차 회사,2026.06.26 10:05,tech_future,2026-06-26
전기차,"“레드닷 3관왕”…한국타이어, 본상으로 제품 디자인 경쟁력 입증",2026.06.26 09:18,tech_future,2026-06-26
전기차,"제네시스 따위가 포람페급? 비웃다 감격…국뽕 아닌 국력, 기적 아닌 실력 [세상만車]",2026.06.26 06:45,tech_future,2026-06-26
전기차,"블랙베리, 1분기 매출 1억5290만 달러..전년비 26% 증가",2026.06.25 20:14,tech_future,2026-06-25
전기차,"“슈퍼카·튜닝카 200대 집결”…한국타이어, 인천서 ‘카밋’ 연다",2026-06-25 14:27:15,tech_future,2026-06-25
전기차,[신간]중고차 수출 처음부터 끝까지…시장 분석과 실무 담은 바이블,2026-06-25 11:39:02,tech_future,2026-06-25
전기차,"현대차 60년 협력사, 이젠 로봇다리 만든다…로보틱스 공급망 ‘진화’",2026-06-25 07:24:55,tech_future,2026-06-25
전기차,年 80조원 세금감면 전면 대수술…전기차 감면·외국인 특례 손본다,2026-06-24 18:07:49,tech_future,2026-06-24
전기차,"현대차 노조도 ""순이익 N% 성과급 달라"" 파업 초읽기",2026-06-24 18:04:53,tech_future,2026-06-24
전기차,70년 車부품사의 새로운 도전 … '피지컬AI' 로봇 다리 만든다,2026-06-24 18:03:58,tech_future,2026-06-24
전기차,"트럼프시대, 한일 협력 필수 … 에너지 확보부터 힘 합쳐라",2026-06-24 17:16:30,tech_future,2026-06-24
전기차,"피엔티, 구미에 1500억원 투자 ‘LFP 양극재, 배터리셀’ 공장 준공",2026-06-24 16:48:24,tech_future,2026-06-24
전기차,"BMW그룹코리아, iX3·한정판 7시리즈 등 ‘13종’ 부산모빌리티쇼 출격",2026-06-24 10:27:14,tech_future,2026-06-24
전기차,"“교통약자 이동권 신장”…기아, 지장협에 ‘PV5 WAV’ 기증",2026-06-24 09:11:09,tech_future,2026-06-24
전기차,"차이나 백 에너지 테크놀러, 케이맨 제도 법인 이전 완료..비용 절감 목표",2026-06-24 05:31:54,tech_future,2026-06-24
전기차,BYD·지리 캐나다 현지 생산 공식화… 테슬라 독점 쿼터 균열 시작되나,2026-06-24 00:32:08,tech_future,2026-06-24
전기차,"내연 → 전기차 부품 전환, 중진공 덕에 거뜬했죠",2026-06-23 16:27:45,tech_future,2026-06-23
전기차,"벅차오르는 ‘끝판 감동’ 선사…뱅앤올룹슨-제네시스 마그마, 고성능·럭셔리로 통했다",2026-06-23 16:22:19,tech_future,2026-06-23
전기차,"미국 도로 30년째 누더기, 도미노피자가 포트홀 메웠다?[홍키자의 美쿡]",2026-06-23 16:21:38,tech_future,2026-06-23
전기차,배터리 캐즘 터널 끝 보이나 수주 취소 후폭풍 딛고 ESS 신시장 개척,2026-06-23 10:41:41,tech_future,2026-06-23
전기차,"한국타이어 ‘아이온 레이스’, 고온다습한 ‘포뮬러E 산야 E-프리’ 지원",2026-06-23 10:17:50,tech_future,2026-06-23
전기차,"“한국도 좋은車 만들었구나” 울컥…‘제네시스 5대 구입’ 97년생, 다음차도 역시?",2026-06-23 06:45:00,tech_future,2026-06-23
전기차,"獨기업 인수, 허페이시 결단 ... 창신메모리를 만든 역사적 순간들",2026-06-23 05:00:00,tech_future,2026-06-23
전기차,3열이 가장 빛난다…패밀리카 '끝판왕',2026-06-22 16:06:08,tech_future,2026-06-22
전기차,고정관념 깬 파격 외관…실내서 드러난 반전매력,2026-06-22 16:06:08,tech_future,2026-06-22
전기차,가속페달 밟는 순간 경쾌한 질주…운전 재미 극대화한 전기 SUV,2026-06-22 16:06:07,tech_future,2026-06-22
전기차,"BMW 5시리즈, 올 첫 '1만대 클럽' [車이슈 톺아보기]",2026-06-22 16:05:52,tech_future,2026-06-22
전기차,"여름, 오지 반갑다…근육질 오프로더들 ""나를 넘어봐""",2026-06-22 16:05:40,tech_future,2026-06-22
전기차,[Tour List] 올여름 여행지 선택 기준?…지속가능한 여행 떠나기,2026-06-22 15:34:16,tech_future,2026-06-22
전기차,"[단독] 예금토큰, 상용화 전제로 추진…은행권 “신규사업 수준” 부담호소",2026-06-22 13:48:46,tech_future,2026-06-22
전기차,"""전기차보다 ESS""… K배터리 전략 바뀐다",2026-06-21 18:00:20,tech_future,2026-06-21
전기차,아세안 전기차 시장 뜬다 … 현대차도 현지화,2026-06-21 17:52:59,tech_future,2026-06-21
전기차,"중국, 일본에 갈륨 다시 판다…첨단소재 '선별적 수출 허용'",2026-06-21 17:52:03,tech_future,2026-06-21
전기차,[장경덕칼럼] 자카르타에서 한국을 본다,2026-06-21 17:47:58,tech_future,2026-06-21
전기차,“널뛰는 기름값 짜증나서 그만 타려고요”…14억 인구대국도 전기차 열풍,2026-06-21 09:37:17,tech_future,2026-06-21
전기차,[단독] “주식해서 차 바꾸려 했는데”…6월 지나면 143만원 비싸집니다,2026-06-19 17:49:27,tech_future,2026-06-19
전기차,"""가장 핫한 신기술 뭘까"" 부산에 미래차 뜬다",2026-06-19 17:44:26,tech_future,2026-06-19
전기차,車 개소세 인하 종료 … 稅부담 최대 143만원,2026-06-19 17:36:55,tech_future,2026-06-19
전기차,"현대캐피탈, 전기차금융 확대 … 리스·렌트료 할인 혜택 제공",2026-06-19 17:36:54,tech_future,2026-06-19
전기차,“2030년 가장 매력적인 완성차로”…폭스바겐그룹 8대 전략 제시,2026-06-19 12:30:14,tech_future,2026-06-19
전기차,"LG에너지솔루션, `1~5월 국내 EV 판매 +122% YoY 급등은 긍정적` 증권사 발표에 강세",2026-06-19 09:50:21,tech_future,2026-06-19
전기차,"밍텅 인터내셔널, 직접공모로 296만 달러 조달..워런트 동시 발행",2026-06-19 05:16:50,tech_future,2026-06-19
전기차,"카맥스, 1분기 매출 10%·EPS 15% 동반 성장… 호실적에 시장 주목",2026-06-19 00:12:35,tech_future,2026-06-19
전기차,‘머스크 왕국’의 탄생…스페이스X와 테슬라 합친다고?,2026-06-18 17:58:58,tech_future,2026-06-18
전기차,[포토] 더 새로워진 BMW SAV 전기차,2026-06-18 17:58:03,tech_future,2026-06-18
전기차,"“K-기술 자립화 앞당긴다”…고려아연, 산학연과 정부 과제 수행",2026-06-18 16:28:53,tech_future,2026-06-18
전기차,“엔비디아 뛰어넘나”…테슬라·스페이스X ‘4조 달러’ 메가 합병설 부상,2026-06-18 10:20:49,tech_future,2026-06-18
전기차,"“10분 충전에 250km 달려”…BMW, 최대 611km 주행 ‘iX3’ 출시",2026-06-18 09:40:44,tech_future,2026-06-18
전기차,"한국타이어, 영국 EV 전비 대회 ‘런던-브라이튼 EV 랠리’ 후원",2026-06-18 09:19:41,tech_future,2026-06-18
전기차,“로봇 공장 8월부터 본격 가동”…현대차·기아 하반기 랠리 예고 [오늘 나온 보고서],2026-06-18 09:07:28,tech_future,2026-06-18
전기차,‘귀족만의 장난감’을 중산층 집까지 끌고 온 남자 … 포드 신화의 탄생,2026-06-18 05:02:00,tech_future,2026-06-18
전기차,"원전 더 지을수 있는 넓은 땅 강점 … 영덕 주민들 ""지역 활력 기대""",2026-06-17 20:17:33,tech_future,2026-06-17
전기차,"토요타 모터, 이사회 재편·신임 대표이사 선임 단행",2026-06-17 19:48:51,tech_future,2026-06-17
전기차,"기아, 55년만에 버스 사업서 손뗀다",2026-06-17 19:30:35,tech_future,2026-06-17
전기차,"토요타 모터, 2026년 거버넌스 보고서 공개..감사위원회 신설",2026-06-17 19:06:30,tech_future,2026-06-17
전기차,"전기차 돌풍, 하이브리드로도…BYD,‘DM-i’로 승부수",2026-06-17 17:38:21,tech_future,2026-06-17
전기차,‘xAI’ 한계 인정한 머스크…600억달러 승부수 던졌다,2026-06-17 16:32:00,tech_future,2026-06-17
전기차,"[Test-Drive] 르노, 필랑트 | 탁월한 성능, 충만한 옵션",2026-06-17 14:07:57,tech_future,2026-06-17
전기차,금호타이어 “분진·소음 걱정 마세요”…함평 신공장 주민설명회,2026-06-17 14:03:34,tech_future,2026-06-17
전기차,"한국타이어, 7년 만에 ‘포뮬러E’ 복귀한 ‘산야 E-프리’ 타이어 지원",2026-06-17 10:34:04,tech_future,2026-06-17
전기차,[이승훈 특파원의 일본열도 통신] 中 공세 맞선 日 제조업 ‘연합작전’으로 돌파구,2026-06-17 09:47:17,tech_future,2026-06-17
전기차,"기아 PV5, 영국서 ‘최고의 대형차’ 선정…“PBV 상품성 글로벌 입증”",2026-06-17 09:14:57,tech_future,2026-06-17
전기차,"“미국 신차, 가격 보면 못 산다”…현대차그룹 ‘가성비’ 하이브리드 불티",2026-06-17 07:42:38,tech_future,2026-06-17
전기차,엑손모빌→애플→엔비디아 … 세계시총 1위 이제 우주서 나온다,2026-06-17 04:00:00,tech_future,2026-06-17
전기차,"발라드 파워 시스템즈, 15MW 연료전지 시스템 수주..26억 원 규모",2026-06-16 19:26:00,tech_future,2026-06-16
전기차,美 누적 판매 150만대 초읽기 … 현대차그룹 하이브리드 질주,2026-06-16 17:56:07,tech_future,2026-06-16
전기차,"국가핵심기술, 해외 자회사로 수출 쉬워진다",2026-06-16 17:35:27,tech_future,2026-06-16
전기차,"“고유가 함께 극복해요”…중부발전, 복지시설 3곳에 전기차 지원",2026-06-16 16:04:03,tech_future,2026-06-16
전기차,"르노코리아, 亞최대 스타트업행사 출격...미래차 공개",2026-06-16 14:04:36,tech_future,2026-06-16
전기차,"도요타, 올 뉴 RAV4 출시...하이브리드 강화",2026-06-16 13:48:04,tech_future,2026-06-16
전기차,"“451km 달리는 쿠페형 전기 SUV”…폭스바겐, ID.5 국내 인도 개시",2026-06-16 11:38:46,tech_future,2026-06-16
전기차,中배터리 공급망 장악 속 고려아연 ‘콕 집은’ 美싱크탱크 보고서,2026-06-16 11:30:48,tech_future,2026-06-16
전기차,"콘티넨탈타이어, 세계 20위권 전기차 제조사 중 17개사가 선택",2026-06-16 09:30:09,tech_future,2026-06-16
전기차,"르노코리아, 차 안의 AI 비서 ‘AI 오케스트레이터’ 공개",2026-06-16 09:21:26,tech_future,2026-06-16
전기차,"“과학 교실이 움직인다”…BMW재단, 호남 분교에 ‘모바일 캠퍼스’ 보내",2026-06-16 09:14:56,tech_future,2026-06-16
전기차,"다우치, UAW 노조와 4년 단체협약 체결..쓰리 리버스 공장 정상화",2026-06-16 05:42:49,tech_future,2026-06-16
전기차,“여름휴가 전 패밀리카 살까”…6월 중고차 시세 4% 하락,2026-06-15 11:52:53,tech_future,2026-06-15
전기차,"HL만도, 증권사 목표가 상향에 강세…10.62%",2026-06-15 11:25:44,tech_future,2026-06-15
전기차,"한수원 ‘2026 모두의 안심카’ 공모, 복지시설 차량 지원 넓힌다",2026-06-15 10:43:34,tech_future,2026-06-15
전기차,"[MK시그널] ST 마이크로일렉트로닉스, 수익률 170% 돌파",2026-06-15 10:11:05,tech_future,2026-06-15
전기차,브라질 하늘서 헬기 2대 충돌…미국 팝스타 포함 전원 사망,2026-06-15 10:10:22,tech_future,2026-06-15
전기차,"현대차, 전기차 ‘360일 구독’ 상품 출시…“아이오닉5 N 월 139만원”",2026-06-15 10:05:03,tech_future,2026-06-15
전기차,"KGM, 여름철 차량 점검 서비스…전국 328개 네트워크서 시행",2026-06-15 09:55:37,tech_future,2026-06-15
전기차,"“전기차로 솜사탕도 만들고”…현대차, 전기차 활용 ‘EVer-land’ 개최",2026-06-15 09:49:48,tech_future,2026-06-15
전기차,"“현대차가 감히? 절대 못해” 깔봤는데…정의선 승부수, 세계가 또 놀랐다 [최기성의 허브車]",2026-06-15 07:45:01,tech_future,2026-06-15
전기차,세계최초 '조만장자' 오른 머스크… 대규모 AI데이터센터부터 건설,2026-06-14 17:47:33,tech_future,2026-06-14
전기차,'조만장자' 일론 머스크의 차원이 다른 혁신 [사설],2026-06-14 17:01:54,tech_future,2026-06-14
전기차,"""ESG 금융, 에너지 산업에 초점 … 기업 해외진출 동반자 될것""",2026-06-14 16:14:16,tech_future,2026-06-14
전기차,"신한카드, 벤츠 고객 겨냥해 주유·여행 특화혜택",2026-06-14 16:11:01,tech_future,2026-06-14
전기차,사방천지가 사막인데 모래 수입?…수백억 쓰고도 부족하다는데,2026-06-14 09:21:43,tech_future,2026-06-14
전기차,“아무리 출렁거려도 결국 갈 주식”…‘엄지척’ 리포트 쏟아지는 삼성전기,2026-06-14 06:42:53,tech_future,2026-06-14
전기차,"“기름값 얼마나 한다고, 마음껏 밟아”…다시 뜨는 경차의 이유있는 자신감 [Car]",2026-06-13 17:13:51,tech_future,2026-06-13
전기차,“주말 낮에 충전했더니 더 싸네”…이용 건수 9% 늘었다,2026-06-13 15:07:08,tech_future,2026-06-13
전기차,"“너는 다 계획이 있었구나”…제네시스, 르망 24시 발판삼아 유럽 전역 공략",2026-06-13 08:50:11,tech_future,2026-06-13
전기차,"매경이 전하는 세상의 지식 (매-세-지, 6월 13일)",2026-06-13 07:00:00,tech_future,2026-06-13
전기차,"로터스 테크놀로지, 2026년 1·3분기 실적발표 중단..Lotus UK 인수 집중",2026-06-13 06:01:53,tech_future,2026-06-13
전기차,"솔리드 파워, 2026년 매출 72% 급감 전망..EPS 적자 지속",2026-06-13 05:13:01,tech_future,2026-06-13
전기차,"스페이스X 상장 첫날…일부 플랫폼 마비, 경쟁사 주가는 줄줄이 하락",2026-06-13 03:31:17,tech_future,2026-06-13
전기차,"LG엔솔 ""메이저 로봇社와 거래 다 뚫어""",2026-06-12 18:02:52,tech_future,2026-06-12
전기차,[뉴스&분석] 머스크의 꿈에 450조 베팅 … 新골드러시,2026-06-12 17:53:28,tech_future,2026-06-12
전기차,"AI 전쟁의 숨은 승자, 전력 인프라에 있다 … 전력·에너지 전문가가 찍은 국내외 최선호주",2026-06-12 17:31:00,tech_future,2026-06-12
전기차,말론 브란도가 남긴 타히티의 숨은 보석 [서현정의 월드 베스트 호텔],2026-06-12 16:03:32,tech_future,2026-06-12
전기차,"“금 5돈 드립니다”…월드컵 마케팅 나선 車업계, 조건 봤더니",2026-06-12 13:47:54,tech_future,2026-06-12
전기차,지금까지 인류상 단 한번도 없었다…머스크가 세울 놀라운 기록,2026-06-12 11:20:11,tech_future,2026-06-12
전기차,"특징주, 채비-전기차_충전 테마 상승세에 1.65% ↑",2026-06-12 09:47:16,tech_future,2026-06-12
전기차,"현대차·기아, 월드컵 캠페인 확대…한강 체험부터 글로벌 팬 행사까지",2026-06-12 09:10:18,tech_future,2026-06-12
전기차,"노보닉스, 파나소닉에 북미산 합성흑연 양극재 첫 대량생산 샘플 공급",2026-06-11 20:30:53,tech_future,2026-06-11
전기차,"포스코·현대차, 차세대 전기강판 개발 나선다",2026-06-11 17:27:20,tech_future,2026-06-11
전기차,전기차 분리막 시장 커졌지만…中 90% 독식·韓 역성장 ‘비상’,2026-06-11 17:19:13,tech_future,2026-06-11
전기차,"전세계 목재 전문가들, 현대리바트 ‘스마트워크센터’ 찾는다",2026-06-11 16:48:51,tech_future,2026-06-11
전기차,변동성 장세서도 'AI낙관론' 꿋꿋… 삼성전기 2주째 뜨거워 [빅데이터로 본 재테크],2026-06-11 16:11:57,tech_future,2026-06-11
전기차,"‘친환경차 경량 부품’ 유림테크, 3분기 코스닥 상장 예심 청구한다",2026-06-11 15:05:22,tech_future,2026-06-11
전기차,"“7000만원대 플래그십”…볼보 ES90, 플래그십 전기차 시장 출사표",2026-06-11 09:58:41,tech_future,2026-06-11
전기차,"[美공시]Cartesian Growth Corp III, 2026년 3월 31일 종료 분기의 미감사 요약 연결 재무제표 및 주석 발표",2026-06-11 08:38:30,tech_future,2026-06-11
전기차,"FACTORIAL ENERGY INC, 1분기 순손실 858만 달러..전년비 85.7% 개선",2026-06-11 06:31:11,tech_future,2026-06-11
전기차,"밍텅 인터내셔널, 226만 달러 규모 직접 공모 완료",2026-06-11 05:42:30,tech_future,2026-06-11
전기차,“한국서 판매 1위 찍었는데” … 테슬라 오너 살 떨리게 만드는 청구서 정체,2026-06-11 05:00:00,tech_future,2026-06-11
전기차,4%대로 올라선 美 소비자물가 …'3년 디플레' 中도 생산물가 들썩,2026-06-10 22:55:36,tech_future,2026-06-10
전기차,4년간 ‘디플레’ 중국 생산자물가도 들썩…연내 美금리 인상 전망 높아져,2026-06-10 22:36:35,tech_future,2026-06-10
전기차,전기차 60만대분 양극재 본격 생산,2026-06-10 17:39:49,tech_future,2026-06-10
전기차,"""대체육이 이끄는 식품혁명 …'발효 종주국' 한국에 기회""",2026-06-10 17:21:26,tech_future,2026-06-10
전기차,“한강서 치맥 대신 논알콜맥주”…월드컵 응원전 펼치는 ‘한강플플’,2026-06-10 14:44:19,tech_future,2026-06-10
전기차,"디에스엠, 현대트랜시스와 차세대 ‘파워 회전 시트 메커니즘’ 공급 본격화",2026-06-10 13:50:58,tech_future,2026-06-10
전기차,"삼성물산, 화재 안전 기술 3종 개발…‘안전한 래미안’ 만든다",2026-06-10 13:48:15,tech_future,2026-06-10
전기차,에코프로 헝가리 공장 양산 돌입…전기차 60만대 분량 양극재 생산 가능,2026-06-10 10:34:58,tech_future,2026-06-10
전기차,[코스포와 함께하는 스타트업 생존방정식] 해줌 | “누구나 에너지 프로슈머가 되는 세상 해줌으로 원스톱 서비스”,2026-06-10 10:11:16,tech_future,2026-06-10
전기차,“최대 200만원 가격 인하”…2027년형 폴스타4 6690만원부터 출시,2026-06-10 09:48:16,tech_future,2026-06-10
전기차,"GM, 전기차를 전력망 자원으로…재난 정전 대응 기술 확장",2026-06-10 09:36:37,tech_future,2026-06-10
전기차,"“더 안전한 단지 조성”…삼성물산, ‘스마트 충전함’ 개발·도입",2026-06-10 08:52:25,tech_future,2026-06-10
전기차,물가 다 오르는데 아이오닉5는 내린다…최대 160만원 가격인하,2026-06-10 06:02:08,tech_future,2026-06-10
전기차,"니오, 美국방부 중국군 기업 지정 반박..법적 대응 예고",2026-06-09 19:11:53,tech_future,2026-06-09
전기차,"노보닉스, CFO 교체..이사회 의장 론 에드먼즈 임시 CFO 선임",2026-06-09 19:10:43,tech_future,2026-06-09
전기차,정부 '균형발전' 드라이브에 … 지방투자 시야 넓히는 삼전닉스,2026-06-09 17:58:26,tech_future,2026-06-09
전기차,“페인트칠 잘하면 에어컨 효과 납니다”...온도 최대 9도까지 낮춘다는데,2026-06-09 17:46:45,tech_future,2026-06-09
전기차,"특징주, SK네트웍스-전기차_충전 테마 상승세에 7.75% ↑",2026-06-09 10:16:14,tech_future,2026-06-09
전기차,"특징주, 채비-전기차_충전 테마 상승세에 5.5% ↑",2026-06-09 10:15:43,tech_future,2026-06-09
전기차,"특징주, 에임드바이오-면역항암제 테마 상승세에 5.57% ↑",2026-06-09 10:15:33,tech_future,2026-06-09
전기차,"특징주, 기아-전기차_충전 테마 상승세에 6.27% ↑",2026-06-09 10:14:52,tech_future,2026-06-09
전기차,"“모던 트림 160만원 인하”…현대차, ‘2027 아이오닉5’ 출시",2026-06-09 09:01:51,tech_future,2026-06-09
전기차,"“얼마나 좋아! ‘별’ 많아 좋아”…벤츠 삼각별에 대환장, 한국서 대환영 [최기성의 허브車]",2026-06-09 07:07:00,tech_future,2026-06-09
전기차,"솔리디온 테크놀로지, 3,500만 달러 사모 발행…주식 희석 우려에 급락",2026-06-08 22:43:04,tech_future,2026-06-08
전기차,"솔리디온 테크놀로지, 사모 발행으로 3,500만 달러 조달..2028년까지 운영자금 확보",2026-06-08 22:01:02,tech_future,2026-06-08
전기차,"빈패스트오토, 순손실 대폭 확대…수익성 악화에 투자자 우려 커져",2026-06-08 21:21:41,tech_future,2026-06-08
전기차,동에 번쩍 서에 번쩍 ‘황길동’…새 깐부 멤버 된 기업총수들 누구,2026-06-08 21:15:54,tech_future,2026-06-08
전기차,"빈패스트 오토, 1분기 매출 9억2070만 달러..전년비 41.7%↑",2026-06-08 20:33:58,tech_future,2026-06-08
전기차,젠슨 황 현대차그룹 양재 사옥,2026-06-08 16:09:50,tech_future,2026-06-08
전기차,기름값 겁난다…소형차 질주본능 꿈틀,2026-06-08 16:05:23,tech_future,2026-06-08
전기차,"폴스타, 국내 프리미엄 전기차 도전장…544마력 내뿜는 고성능 SUV로 승부",2026-06-08 16:05:02,tech_future,2026-06-08
전기차,"영산그룹, 車 반제품 이어 부품생산… 동유럽 넘어 서남아 공략",2026-06-08 16:04:58,tech_future,2026-06-08
전기차,"“원격의료·주차로봇 시대 열려”…경총, 10대 규제 대못 뽑았다",2026-06-08 14:09:12,tech_future,2026-06-08
전기차,"세종시, 전기차 민간 보급 2차 사업 조기 추진",2026-06-08 10:31:49,tech_future,2026-06-08
전기차,"""수출대금 달러로"" 조선·방산 웃고… ""외화부채 많아서"" 항공·정유 울고",2026-06-07 17:46:47,tech_future,2026-06-07
